time_ps,kappa_avg
0.005,0
0.01,0.99797642
0.015,0.951118098
0.02,0.868306128
0.025,1.210579051
0.03,1.222027361
0.035,1.039918475
0.04,1.206860431
0.045,1.159163
0.05,0.824967109
0.055,1.04681396
0.06,1.443903954
0.065,1.184436804
0.07,1.02901603
0.075,1.574969154
0.08,1.820575164
0.085,1.465082496
0.09,1.427555311
0.095,1.621305377
0.1,1.495431372
0.105,1.536390592
0.11,1.773598554
0.115,1.461488935
0.12,1.084169548
0.125,1.439454684
0.13,1.719456828
0.135,1.350371235
0.14,1.285326778
0.145,1.708071624
0.15,1.702094064
0.155,1.475280063
0.16,1.612544333
0.165,1.609150584
0.17,1.374727319
0.175,1.537958585
0.18,1.663560321
0.185,1.167140509
0.19,0.967856918
0.195,1.500737201
0.2,1.696147287
0.205,1.380410797
0.21,1.434670744
0.215,1.644592032
0.22,1.492825829
0.225,1.500971045
0.23,1.698753418
0.235,1.454576002
0.24,1.221442035
0.245,1.548840336
0.25,1.61418014
0.255,1.15445505
0.26,1.178025163
0.265,1.653009631
0.27,1.641833803
0.275,1.399286511
0.28,1.504151623
0.285,1.513384034
0.29,1.404285232
0.295,1.691981354
0.3,1.854255767
0.305,1.439248418
0.31,1.312777744
0.315,1.730908283
0.32,1.750819196
0.325,1.443553081
0.33,1.610519005
0.335,1.867202565
0.34,1.736016709
0.345,1.737868803
0.35,1.91301265
0.355,1.773128006
0.36,1.726254592
0.365,2.057752657
0.37,1.983007312
0.375,1.493014353
0.38,1.548622519
0.385,1.947019408
0.39,1.877556533
0.395,1.737108222
0.4,1.941913352
0.405,1.986721489
0.41,1.886038454
0.415,2.090333978
0.42,2.178872593
0.425,1.892618266
0.43,1.949044338
0.435,2.279908114
0.44,2.067240481
0.445,1.691661685
0.45,1.903201817
0.455,2.172821408
0.46,2.038005721
0.465,2.00173407
0.47,2.065544297
0.475,1.883201976
0.48,1.914277887
0.485,2.282295628
0.49,2.239263028
0.495,1.903027382
0.5,2.059272335
0.505,2.334535429
0.51,2.108626634
0.515,1.94288684
0.52,2.153150078
0.525,2.162590181
0.53,2.011003469
0.535,2.106336729
0.54,2.090798157
0.545,1.895776787
0.55,2.107847094
0.555,2.433223299
0.56,2.161526618
0.565,1.817963449
0.57,2.006650243
0.575,2.138604765
0.58,1.946438229
0.585,1.953221842
0.59,2.06036648
0.595,1.924766869
0.6,1.958089208
0.605,2.213390058
0.61,2.113729848
0.615,1.926889406
0.62,2.19908597
0.625,2.359913803
0.63,1.990236443
0.635,1.81235362
0.64,2.038853711
0.645,2.079691361
0.65,2.000372893
0.655,2.112242539
0.66,2.058336212
0.665,1.881355601
0.67,2.111840489
0.675,2.371057661
0.68,2.139710853
0.685,2.001626417
0.69,2.292299778
0.695,2.336046185
0.7,2.056039526
0.705,2.064961256
0.71,2.208640557
0.715,2.132272205
0.72,2.178033371
0.725,2.313886833
0.73,2.129576906
0.735,2.042830964
0.74,2.454797673
0.745,2.665087129
0.75,2.371384584
0.755,2.294181269
0.76,2.49863865
0.765,2.441378974
0.77,2.326507889
0.775,2.442210687
0.78,2.403370442
0.785,2.26252217
0.79,2.435723798
0.795,2.566393775
0.8,2.351843253
0.805,2.393039621
0.81,2.771573501
0.815,2.760939326
0.82,2.449625882
0.825,2.460148716
0.83,2.585374308
0.835,2.51645777
0.84,2.559530053
0.845,2.618964125
0.85,2.379041378
0.855,2.274733208
0.86,2.555217476
0.865,2.589335103
0.87,2.313428866
0.875,2.386937702
0.88,2.642511951
0.885,2.531350224
0.89,2.372184392
0.895,2.470944518
0.9,2.471927278
0.905,2.411466826
0.91,2.54996454
0.915,2.508870853
0.92,2.189105268
0.925,2.232072177
0.93,2.586391845
0.935,2.55763985
0.94,2.332746434
0.945,2.431370836
0.95,2.534487875
0.955,2.413108936
0.96,2.430568249
0.965,2.500119342
0.97,2.343363813
0.975,2.315184645
0.98,2.519066063
0.985,2.429009962
0.99,2.194203891
0.995,2.39627721
1,2.695988461
1.005,2.574372456
1.01,2.410236873
1.015,2.476215199
1.02,2.460028644
1.025,2.44030486
1.03,2.606026124
1.035,2.587288754
1.04,2.351273478
1.045,2.430513788
1.05,2.666516389
1.055,2.543971052
1.06,2.399380673
1.065,2.60670462
1.07,2.725390169
1.075,2.576643138
1.08,2.55972929
1.085,2.629298903
1.09,2.584704487
1.095,2.694783348
1.1,2.888827404
1.105,2.718620599
1.11,2.484169735
1.115,2.677480936
1.12,2.888569409
1.125,2.739708506
1.13,2.652212298
1.135,2.76805662
1.14,2.746087782
1.145,2.697308426
1.15,2.802113299
1.155,2.767453676
1.16,2.635124569
1.165,2.777459455
1.17,2.90469686
1.175,2.66182636
1.18,2.523707627
1.185,2.771185675
1.19,2.896105906
1.195,2.767135692
1.2,2.740218333
1.205,2.745559836
1.21,2.658526155
1.215,2.748079953
1.22,2.90674946
1.225,2.76654756
1.23,2.63054204
1.235,2.812010788
1.24,2.881145147
1.245,2.668122908
1.25,2.654408574
1.255,2.84415021
1.26,2.838069986
1.265,2.74955988
1.27,2.763005872
1.275,2.692039633
1.28,2.649466151
1.285,2.866617902
1.29,2.957311834
1.295,2.696688677
1.3,2.593976059
1.305,2.795749655
1.31,2.827924132
1.315,2.696966373
1.32,2.736457452
1.325,2.781589007
1.33,2.699336999
1.335,2.738797435
1.34,2.799214903
1.345,2.662544735
1.35,2.642883367
1.355,2.85692132
1.36,2.829955733
1.365,2.557423289
1.37,2.566888719
1.375,2.779425479
1.38,2.805964137
1.385,2.774562655
1.39,2.810055113
1.395,2.729338307
1.4,2.687239477
1.405,2.866766677
1.41,2.915645099
1.415,2.724498574
1.42,2.735867477
1.425,2.92520824
1.43,2.857255476
1.435,2.699964259
1.44,2.788926202
1.445,2.903284281
1.45,2.87802244
1.455,2.902020737
1.46,2.885549015
1.465,2.736705153
1.47,2.788278046
1.475,3.040163718
1.48,3.026661629
1.485,2.824707609
1.49,2.87467154
1.495,3.012376054
1.5,2.95044858
1.505,2.912634273
1.51,2.992498129
1.515,2.969208445
1.52,2.946284695
1.525,3.042994814
1.53,3.002393375
1.535,2.866867798
1.54,3.000439425
1.545,3.197624539
1.55,3.056939095
1.555,2.855308882
1.56,2.917497637
1.565,3.005448382
1.57,2.996083698
1.575,3.045894397
1.58,3.032019236
1.585,2.900828565
1.59,2.946644705
1.595,3.117466983
1.6,3.04286191
1.605,2.89959523
1.61,3.012591073
1.615,3.096816965
1.62,2.935174896
1.625,2.841693968
1.63,2.919466361
1.635,2.942581016
1.64,2.964363758
1.645,3.02679789
1.65,2.917007493
1.655,2.769089485
1.66,2.907699973
1.665,3.080703303
1.67,2.963978413
1.675,2.847756872
1.68,2.937892455
1.685,2.962706635
1.69,2.883124894
1.695,2.909348355
1.7,2.936409323
1.705,2.888654585
1.71,2.951037969
1.715,3.020948616
1.72,2.880768076
1.725,2.808054938
1.73,3.009923595
1.735,3.117480284
1.74,2.962346482
1.745,2.874190145
1.75,2.92431445
1.755,2.931103694
1.76,2.971577189
1.765,3.052798067
1.77,2.985965638
1.775,2.906477322
1.78,3.03593754
1.785,3.119274381
1.79,2.993365193
1.795,2.982334106
1.8,3.149266477
1.805,3.156297302
1.81,3.023306213
1.815,3.003507218
1.82,3.033491872
1.825,3.055981445
1.83,3.170911841
1.835,3.215842278
1.84,3.044560171
1.845,2.976943241
1.85,3.152273134
1.855,3.219076594
1.86,3.100792033
1.865,3.090403996
1.87,3.159531021
1.875,3.120927903
1.88,3.094441356
1.885,3.132977031
1.89,3.101211115
1.895,3.097681176
1.9,3.212942584
1.905,3.195767973
1.91,3.020174785
1.915,3.033550004
1.92,3.220309473
1.925,3.23876117
1.93,3.12932554
1.935,3.101301253
1.94,3.086768629
1.945,3.065922425
1.95,3.137806612
1.955,3.161357296
1.96,3.051196625
1.965,3.052272364
1.97,3.181259552
1.975,3.154573055
1.98,3.039353229
1.985,3.11073909
1.99,3.231409388
1.995,3.190377057
2,3.109646359
2.005,3.069127578
2.01,3.018882464
2.015,3.067453603
2.02,3.209003803
2.025,3.176962887
2.03,3.016007504
2.035,3.041114896
2.04,3.173988845
2.045,3.149502491
2.05,3.087211616
2.055,3.132735495
2.06,3.14436852
2.065,3.095283231
2.07,3.099661758
2.075,3.080751854
2.08,3.024471076
2.085,3.106935269
2.09,3.224725593
2.095,3.128681589
2.1,2.988399321
2.105,3.070756071
2.11,3.203634348
2.115,3.198465772
2.12,3.168451134
2.125,3.154030785
2.13,3.103004705
2.135,3.123299899
2.14,3.207930667
2.145,3.168829651
2.15,3.086807997
2.155,3.163726471
2.16,3.241784145
2.165,3.151150213
2.17,3.102692081
2.175,3.210427832
2.18,3.289382103
2.185,3.278937125
2.19,3.258635723
2.195,3.191533896
2.2,3.138263342
2.205,3.242241966
2.21,3.349303176
2.215,3.260729642
2.22,3.165983838
2.225,3.239412097
2.23,3.292634199
2.235,3.242929989
2.24,3.246242671
2.245,3.296528218
2.25,3.291580063
2.255,3.296189428
2.26,3.301594772
2.265,3.219791816
2.27,3.19618919
2.275,3.339059166
2.28,3.40337741
2.285,3.267219196
2.29,3.18761639
2.295,3.262742088
2.3,3.317320736
2.305,3.322785725
2.31,3.338401035
2.315,3.29622524
2.32,3.244785306
2.325,3.301409055
2.33,3.339185325
2.335,3.249053851
2.34,3.222928322
2.345,3.319841044
2.35,3.312408917
2.355,3.193647508
2.36,3.176480292
2.365,3.25381187
2.37,3.299651535
2.375,3.327820169
2.38,3.304503126
2.385,3.19409047
2.39,3.16368281
2.395,3.27902102
2.4,3.310776446
2.405,3.201600135
2.41,3.170491846
2.415,3.229518091
2.42,3.219736727
2.425,3.185410733
2.43,3.216650035
2.435,3.241397875
2.44,3.257527253
2.445,3.300711185
2.45,3.264614919
2.455,3.157229272
2.46,3.191989744
2.465,3.337877991
2.47,3.341922683
2.475,3.232259479
2.48,3.208681071
2.485,3.248640559
2.49,3.269048959
2.495,3.309058736
2.5,3.325497516
2.505,3.27530119
2.51,3.282683876
2.515,3.363472237
2.52,3.345313958
2.525,3.270236693
2.53,3.326136316
2.535,3.420644447
2.54,3.373236556
2.545,3.281671364
2.55,3.27624218
2.555,3.310580444
2.56,3.368090172
2.565,3.433663366
2.57,3.395665956
2.575,3.294171594
2.58,3.325065595
2.585,3.43399549
2.59,3.424500199
2.595,3.361082073
2.6,3.384511882
2.605,3.410029856
2.61,3.370079286
2.615,3.352096894
2.62,3.362985206
2.625,3.370913223
2.63,3.422181393
2.635,3.461799021
2.64,3.371991594
2.645,3.278020337
2.65,3.349240819
2.655,3.452027056
2.66,3.420371697
2.665,3.351177754
2.67,3.337560358
2.675,3.336210222
2.68,3.35669257
2.685,3.399498241
2.69,3.38085768
2.695,3.339232512
2.7,3.386968085
2.705,3.425640354
2.71,3.348885854
2.715,3.301707916
2.72,3.379974199
2.725,3.429338282
2.73,3.373764095
2.735,3.312058236
2.74,3.282957524
2.745,3.291517523
2.75,3.372560113
2.755,3.433474738
2.76,3.366322192
2.765,3.303275334
2.77,3.366447267
2.775,3.421656102
2.78,3.378003681
2.785,3.356889513
2.79,3.388112981
2.795,3.378438852
2.8,3.339313862
2.805,3.317892232
2.81,3.295956322
2.815,3.318420971
2.82,3.414211193
2.825,3.438235648
2.83,3.335554855
2.835,3.289578896
2.84,3.377601153
2.845,3.443364111
2.85,3.425642838
2.855,3.399395423
2.86,3.377833499
2.865,3.363718328
2.87,3.395556172
2.875,3.416305994
2.88,3.376626972
2.885,3.379669531
2.89,3.449618365
2.895,3.44478741
2.9,3.364744753
2.905,3.37113591
2.91,3.458953628
2.915,3.500076538
2.92,3.478637614
2.925,3.433889155
2.93,3.382496052
2.935,3.397979474
2.94,3.485315777
2.945,3.50089513
2.95,3.422672484
2.955,3.406192729
2.96,3.467687688
2.965,3.475375687
2.97,3.44476484
2.975,3.462699619
2.98,3.493442715
2.985,3.490626619
2.99,3.477696274
2.995,3.438432798
3,3.395072833
3.005,3.447685962
3.01,3.549774716
3.015,3.536008249
3.02,3.437877832
3.025,3.423787902
3.03,3.481292808
3.035,3.505897823
3.04,3.500309839
3.045,3.485211364
3.05,3.448916018
3.055,3.441333579
3.06,3.469189426
3.065,3.451209918
3.07,3.41371112
3.075,3.458653802
3.08,3.518349346
3.085,3.471443623
3.09,3.397197565
3.095,3.409755592
3.1,3.467006171
3.105,3.497916946
3.11,3.490361905
3.115,3.427044303
3.12,3.361111592
3.125,3.390512844
3.13,3.458382278
3.135,3.436851877
3.14,3.380480221
3.145,3.397851954
3.15,3.430262788
3.155,3.412197615
3.16,3.402777859
3.165,3.43240801
3.17,3.460012825
3.175,3.481853519
3.18,3.473326083
3.185,3.403843109
3.19,3.363224639
3.195,3.438717451
3.2,3.516072203
3.205,3.477211973
3.21,3.412109845
3.215,3.417560307
3.22,3.45223685
3.225,3.477765914
3.23,3.499834055
3.235,3.492876571
3.24,3.477331111
3.245,3.503119015
3.25,3.520264395
3.255,3.476363135
3.26,3.465945004
3.265,3.540365613
3.27,3.579704783
3.275,3.523958146
3.28,3.469627116
3.285,3.477607024
3.29,3.519835407
3.295,3.569949876
3.3,3.577865502
3.305,3.518351039
3.31,3.481102636
3.315,3.53161776
3.32,3.572595451
3.325,3.542484685
3.33,3.526311111
3.335,3.55576226
3.34,3.558592113
3.345,3.528451918
3.35,3.518212817
3.355,3.531001239
3.36,3.564534097
3.365,3.603787414
3.37,3.577737556
3.375,3.488499185
3.38,3.468454905
3.385,3.546098816
3.39,3.589741287
3.395,3.55130534
3.4,3.51434521
3.405,3.511584378
3.41,3.521594374
3.415,3.545370886
3.42,3.557446125
3.425,3.537861922
3.43,3.536235132
3.435,3.562071314
3.44,3.534271371
3.445,3.469818449
3.45,3.47921136
3.455,3.548474943
3.46,3.563918175
3.465,3.515956302
3.47,3.473073586
3.475,3.466436123
3.48,3.506601129
3.485,3.565017132
3.49,3.56333171
3.495,3.506272903
3.5,3.49761598
3.505,3.539257308
3.51,3.540998178
3.515,3.510042504
3.52,3.51735585
3.525,3.5407952
3.53,3.532206813
3.535,3.507116682
3.54,3.488511192
3.545,3.496790969
3.55,3.556110078
3.555,3.612014316
3.56,3.576305756
3.565,3.503135962
3.57,3.509395961
3.575,3.57226369
3.58,3.593864691
3.585,3.573840405
3.59,3.552607491
3.595,3.538506017
3.6,3.544406849
3.605,3.565311182
3.61,3.562882091
3.615,3.556143303
3.62,3.592960968
3.625,3.618601754
3.63,3.570429415
3.635,3.520647583
3.64,3.553478625
3.645,3.61549814
3.65,3.630942316
3.655,3.601220914
3.66,3.558183613
3.665,3.543279232
3.67,3.588930058
3.675,3.640066318
3.68,3.622576401
3.685,3.584492746
3.69,3.598258324
3.695,3.621774684
3.7,3.602674003
3.705,3.587884269
3.71,3.608566838
3.715,3.629330938
3.72,3.625694271
3.725,3.598542001
3.73,3.560768839
3.735,3.567644204
3.74,3.638344698
3.745,3.679759765
3.75,3.631767103
3.755,3.576601343
3.76,3.58796617
3.765,3.62045382
3.77,3.628497118
3.775,3.618075591
3.78,3.596975177
3.785,3.580088701
3.79,3.587421969
3.795,3.588198778
3.8,3.566510212
3.805,3.579609311
3.81,3.634650215
3.815,3.642115158
3.82,3.580001303
3.825,3.540498205
3.83,3.563791056
3.835,3.605451888
3.84,3.622852553
3.845,3.59814714
3.85,3.544647686
3.855,3.529414965
3.86,3.573986481
3.865,3.601163193
3.87,3.57658764
3.875,3.566589582
3.88,3.590429994
3.885,3.589712726
3.89,3.563967415
3.895,3.560674463
3.9,3.584222176
3.905,3.60918342
3.91,3.615810489
3.915,3.578686546
3.92,3.528507543
3.925,3.544899736
3.93,3.617398905
3.935,3.643514407
3.94,3.604063385
3.945,3.577593229
3.95,3.59180004
3.955,3.615879582
3.96,3.632692037
3.965,3.635482301
3.97,3.62303693
3.975,3.623863592
3.98,3.63426226
3.985,3.614780925
3.99,3.590943853
3.995,3.627439143
4,3.687315246
4.005,3.685060744
4.01,3.635201021
4.015,3.608325624
4.02,3.625670551
4.025,3.666213027
4.03,3.694699344
4.035,3.67092474
4.04,3.623400564
4.045,3.622931662
4.05,3.657422126
4.055,3.658679399
4.06,3.642423059
4.065,3.658887767
4.07,3.680107979
4.075,3.66580745
4.08,3.639616064
4.085,3.634012967
4.09,3.652293222
4.095,3.688429866
4.1,3.698872582
4.105,3.647098863
4.11,3.592680249
4.115,3.615013093
4.12,3.670526198
4.125,3.67609355
4.13,3.645069001
4.135,3.628544946
4.14,3.629335862
4.145,3.637843993
4.15,3.649187279
4.155,3.645527919
4.16,3.638838098
4.165,3.64980947
4.17,3.645736355
4.175,3.600103509
4.18,3.575839556
4.185,3.617808294
4.19,3.664984189
4.195,3.655860855
4.2,3.61398305
4.205,3.585677197
4.21,3.594065208
4.215,3.636048839
4.22,3.661143594
4.225,3.633785699
4.23,3.60158569
4.235,3.612588448
4.24,3.626165951
4.245,3.611668716
4.25,3.609586002
4.255,3.637832839
4.26,3.654662142
4.265,3.641624725
4.27,3.617870147
4.275,3.605438454
4.28,3.630609312
4.285,3.68267996
4.29,3.692979863
4.295,3.639227421
4.3,3.602962688
4.305,3.630489468
4.31,3.666788488
4.315,3.668078281
4.32,3.657085997
4.325,3.650302504
4.33,3.649449331
4.335,3.660336626
4.34,3.668305952
4.345,3.664957811
4.35,3.679411426
4.355,3.709359522
4.36,3.695742375
4.365,3.641962878
4.37,3.626653739
4.375,3.670719991
4.38,3.710551343
4.385,3.708252927
4.39,3.677250612
4.395,3.649685275
4.4,3.659639851
4.405,3.701619528
4.41,3.719723248
4.415,3.697319279
4.42,3.686255401
4.425,3.698053271
4.43,3.69187692
4.435,3.670593764
4.44,3.676592271
4.445,3.704324018
4.45,3.719338728
4.455,3.706620993
4.46,3.67249181
4.465,3.650997083
4.47,3.682209823
4.475,3.735004648
4.48,3.733627421
4.485,3.686409572
4.49,3.666076567
4.495,3.685399975
4.5,3.701259432
4.505,3.702129284
4.51,3.695328599
4.515,3.684741261
4.52,3.681648266
4.525,3.684092793
4.53,3.671179214
4.535,3.662526517
4.54,3.693108095
4.545,3.723764468
4.55,3.696617078
4.555,3.643228455
4.56,3.633141249
4.565,3.664604043
4.57,3.695099672
4.575,3.697033194
4.58,3.667688416
4.585,3.63750715
4.59,3.648338474
4.595,3.681228436
4.6,3.685309743
4.605,3.672094014
4.61,3.679356242
4.615,3.687375516
4.62,3.665849674
4.625,3.643120309
4.63,3.651665934
4.635,3.6822174
4.64,3.705329373
4.645,3.697099474
4.65,3.658032766
4.655,3.640091813
4.66,3.67970178
4.665,3.72709104
4.67,3.723392107
4.675,3.692428509
4.68,3.682978212
4.685,3.692015722
4.69,3.701483119
4.695,3.706462675
4.7,3.705536695
4.705,3.705465052
4.71,3.7147893
4.715,3.711426053
4.72,3.688869801
4.725,3.692332334
4.73,3.738964232
4.735,3.768905671
4.74,3.743521527
4.745,3.705098674
4.75,3.698454688
4.755,3.723182451
4.76,3.754084444
4.765,3.759851718
4.77,3.729778908
4.775,3.706597643
4.78,3.720817246
4.785,3.738246247
4.79,3.732272512
4.795,3.734432216
4.8,3.755648797
4.805,3.757354552
4.81,3.729862113
4.815,3.706423496
4.82,3.710101082
4.825,3.737482152
4.83,3.764694849
4.835,3.75136487
4.84,3.703585829
4.845,3.684723614
4.85,3.71820407
4.855,3.748211978
4.86,3.73966701
4.865,3.720093025
4.87,3.712329507
4.875,3.710947758
4.88,3.711513634
4.885,3.711096039
4.89,3.708987207
4.895,3.718445101
4.9,3.728337837
4.905,3.708115888
4.91,3.674031653
4.915,3.68157468
4.92,3.725910193
4.925,3.747614783
4.93,3.726115576
4.935,3.693042411
4.94,3.681074594
4.945,3.70066885
4.95,3.731449607
4.955,3.732885866
4.96,3.707436038
4.965,3.698250691
4.97,3.711409081
4.975,3.712117901
4.98,3.706302418
4.985,3.723974849
4.99,3.751031026
4.995,3.752324885
5,3.728667705
5.005,3.704880792
5.01,3.705199664
5.015,3.739309207
5.02,3.771408051
5.025,3.755851823
5.03,3.713822657
5.035,3.707622738
5.04,3.737274199
5.045,3.757759121
5.05,3.758022362
5.055,3.755579881
5.06,3.753985509
5.065,3.752582953
5.07,3.751328028
5.075,3.746050159
5.08,3.74888914
5.085,3.770969912
5.09,3.782623258
5.095,3.75280695
5.1,3.718809415
5.105,3.729756085
5.11,3.769211023
5.115,3.788882285
5.12,3.775885774
5.125,3.748548244
5.13,3.736250446
5.135,3.755225919
5.14,3.779720271
5.145,3.776443338
5.15,3.760631904
5.155,3.761677606
5.16,3.762562402
5.165,3.746829943
5.17,3.739702693
5.175,3.760872999
5.18,3.7868904
5.185,3.790880696
5.19,3.767778874
5.195,3.736397322
5.2,3.734510377
5.205,3.77165374
5.21,3.798047371
5.215,3.775696346
5.22,3.741147407
5.225,3.736552657
5.23,3.750352182
5.235,3.758516144
5.24,3.762479019
5.245,3.763481177
5.25,3.761845386
5.255,3.759739414
5.26,3.749833611
5.265,3.73454408
5.27,3.742339741
5.275,3.773889456
5.28,3.780042852
5.285,3.744475238
5.29,3.713459916
5.295,3.722276271
5.3,3.751244265
5.305,3.76924781
5.31,3.761140839
5.315,3.736804095
5.32,3.727375229
5.325,3.745038647
5.33,3.759410706
5.335,3.753817788
5.34,3.752486412
5.345,3.760892487
5.35,3.753706575
5.355,3.730865124
5.36,3.724706699
5.365,3.745520443
5.37,3.774815812
5.375,3.785467778
5.38,3.762912128
5.385,3.730032108
5.39,3.733613302
5.395,3.771975919
5.4,3.792163009
5.405,3.77544814
5.41,3.755367112
5.415,3.752310012
5.42,3.755876306
5.425,3.762363954
5.43,3.771152423
5.435,3.779695972
5.44,3.789209934
5.445,3.792778421
5.45,3.775595207
5.455,3.758308523
5.46,3.777176553
5.465,3.814163031
5.47,3.818148929
5.475,3.787392251
5.48,3.764016883
5.485,3.768711811
5.49,3.792526789
5.495,3.811788681
5.5,3.806281454
5.505,3.78567455
5.51,3.782905335
5.515,3.796126191
5.52,3.797806464
5.525,3.793268332
5.53,3.80459157
5.535,3.815906896
5.54,3.801200313
5.545,3.774166493
5.55,3.762456248
5.555,3.7763357
5.56,3.804180221
5.565,3.81510637
5.57,3.787789596
5.575,3.755549252
5.58,3.762316528
5.585,3.792910285
5.59,3.803600803
5.595,3.792648823
5.6,3.781351999
5.605,3.772616328
5.61,3.765657073
5.615,3.763340278
5.62,3.76478427
5.625,3.773035571
5.63,3.789114052
5.635,3.788198674
5.64,3.759489161
5.645,3.741375814
5.65,3.765245105
5.655,3.798951286
5.66,3.801773631
5.665,3.779266798
5.67,3.758349249
5.675,3.757218427
5.68,3.776723246
5.685,3.794721291
5.69,3.788980664
5.695,3.776973217
5.7,3.780798987
5.705,3.785570994
5.71,3.777334439
5.715,3.779453967
5.72,3.801852131
5.725,3.816708149
5.73,3.805443938
5.735,3.781804631
5.74,3.769165912
5.745,3.784029811
5.75,3.818282261
5.755,3.8310795
5.76,3.806257375
5.765,3.783285036
5.77,3.794227551
5.775,3.815939574
5.78,3.824070885
5.785,3.824015139
5.79,3.821536886
5.795,3.814298427
5.8,3.806415257
5.805,3.800078911
5.81,3.797963021
5.815,3.813740035
5.82,3.837966544
5.825,3.834278136
5.83,3.801694771
5.835,3.788451945
5.84,3.812106977
5.845,3.839839738
5.85,3.844699893
5.855,3.829644017
5.86,3.809374819
5.865,3.804382019
5.87,3.819577802
5.875,3.829268106
5.88,3.82180204
5.885,3.81885086
5.89,3.825476114
5.895,3.817780161
5.9,3.801734658
5.905,3.806638441
5.91,3.830772208
5.915,3.844991282
5.92,3.836335872
5.925,3.811443226
5.93,3.792203871
5.935,3.804037725
5.94,3.834092862
5.945,3.838942273
5.95,3.81305992
5.955,3.795966321
5.96,3.801321506
5.965,3.810518171
5.97,3.81625859
5.975,3.823343593
5.98,3.826044913
5.985,3.822070638
5.99,3.81279507
5.995,3.797442003
6,3.791376341
6.005,3.812515274
6.01,3.837663219
6.015,3.827565234
6.02,3.795606522
6.025,3.784404298
6.03,3.801669487
6.035,3.823094372
6.04,3.83167259
6.045,3.821127809
6.05,3.803113132
6.055,3.800535176
6.06,3.811515586
6.065,3.813517017
6.07,3.810677002
6.075,3.821280375
6.08,3.829563761
6.085,3.815677235
6.09,3.798664758
6.095,3.805327154
6.1,3.827813013
6.105,3.84513694
6.11,3.842003859
6.115,3.817848186
6.12,3.799320384
6.125,3.814269936
6.13,3.842352404
6.135,3.844905097
6.14,3.828960682
6.145,3.822773884
6.15,3.826174918
6.155,3.828449941
6.16,3.835673099
6.165,3.847987456
6.17,3.85769076
6.175,3.860380929
6.18,3.850536039
6.185,3.829255816
6.19,3.823855458
6.195,3.849679974
6.2,3.872835333
6.205,3.861276355
6.21,3.834260167
6.215,3.825126791
6.22,3.836915334
6.225,3.857016047
6.23,3.868835325
6.235,3.862635225
6.24,3.850785094
6.245,3.85094406
6.25,3.852642561
6.255,3.845536497
6.26,3.847093677
6.265,3.862780569
6.27,3.865678402
6.275,3.844844991
6.28,3.824925611
6.285,3.824827477
6.29,3.842634025
6.295,3.861901126
6.3,3.859946389
6.305,3.833757341
6.31,3.81752938
6.315,3.831518418
6.32,3.849154505
6.325,3.84666687
6.33,3.837361718
6.335,3.832771421
6.34,3.825760418
6.345,3.818678272
6.35,3.81971233
6.355,3.828151731
6.36,3.840117022
6.365,3.848216556
6.37,3.835601256
6.375,3.810300329
6.38,3.808146999
6.385,3.835968195
6.39,3.855912738
6.395,3.846658067
6.4,3.826928002
6.405,3.817698613
6.41,3.824311588
6.415,3.840650691
6.42,3.851612938
6.425,3.848642167
6.43,3.845673009
6.435,3.84803761
6.44,3.843046005
6.445,3.834711108
6.45,3.845038638
6.455,3.867663867
6.46,3.873460041
6.465,3.857141563
6.47,3.839079461
6.475,3.838032493
6.48,3.858083181
6.485,3.882028286
6.49,3.88131672
6.495,3.860464392
6.5,3.852460803
6.505,3.865273526
6.51,3.875485462
6.515,3.876566857
6.52,3.878023751
6.525,3.877208848
6.53,3.869547233
6.535,3.861773416
6.54,3.859739824
6.545,3.867187221
6.55,3.887082015
6.555,3.900210687
6.56,3.88486393
6.565,3.859385136
6.57,3.861063507
6.575,3.885028925
6.58,3.899158128
6.585,3.892912351
6.59,3.877148595
6.595,3.863744991
6.6,3.863419191
6.605,3.874216237
6.61,3.87963
6.615,3.878774511
6.62,3.882634988
6.625,3.883591014
6.63,3.868935268
6.635,3.857368107
6.64,3.869333011
6.645,3.89044388
6.65,3.894637558
6.655,3.878715089
6.66,3.857316538
6.665,3.850692848
6.67,3.867715521
6.675,3.886831828
6.68,3.882931617
6.685,3.866035963
6.69,3.861695148
6.695,3.867068331
6.7,3.869657215
6.705,3.872416046
6.71,3.878596679
6.715,3.880156059
6.72,3.873862868
6.725,3.862233197
6.73,3.852071017
6.735,3.858549655
6.74,3.882187006
6.745,3.893713631
6.75,3.874998046
6.755,3.853158797
6.76,3.855388864
6.765,3.873191007
6.77,3.886001292
6.775,3.886465714
6.78,3.874769032
6.785,3.862184877
6.79,3.861932179
6.795,3.867933393
6.8,3.869606615
6.805,3.875434187
6.81,3.88836917
6.815,3.886950982
6.82,3.867564327
6.825,3.857362071
6.83,3.870951112
6.835,3.890955909
6.84,3.89880167
6.845,3.888028641
6.85,3.867315927
6.855,3.86057742
6.86,3.877945821
6.865,3.89501292
6.87,3.892089799
6.875,3.884354222
6.88,3.884931925
6.885,3.885622645
6.89,3.883968988
6.895,3.889547555
6.9,3.89995739
6.905,3.906483323
6.91,3.903707439
6.915,3.88982784
6.92,3.875702374
6.925,3.88346246
6.93,3.909036493
6.935,3.918973147
6.94,3.903405293
6.945,3.88751022
6.95,3.889278636
6.955,3.902265662
6.96,3.915923406
6.965,3.919830628
6.97,3.911240289
6.975,3.902264573
6.98,3.900964313
6.985,3.898066803
6.99,3.895516876
6.995,3.906970868
7,3.921575966
7.005,3.915481769
7.01,3.894378402
7.015,3.88465976
7.02,3.893971637
7.025,3.912260789
7.03,3.923247493
7.035,3.913482555
7.04,3.89115207
7.045,3.884270224
7.05,3.896658387
7.055,3.904478225
7.06,3.900913043
7.065,3.899448467
7.07,3.899394792
7.075,3.892328581
7.08,3.886709539
7.085,3.890929542
7.09,3.901312326
7.095,3.910741978
7.1,3.910107975
7.105,3.892164784
7.11,3.874963133
7.115,3.883393116
7.12,3.906815944
7.125,3.913742291
7.13,3.901126958
7.135,3.889317928
7.14,3.887637615
7.145,3.895216624
7.15,3.906787323
7.155,3.912274454
7.16,3.908844573
7.165,3.906388978
7.17,3.903542787
7.175,3.89433144
7.18,3.891839755
7.185,3.908065033
7.19,3.924176537
7.195,3.918886035
7.2,3.901389148
7.205,3.891851662
7.21,3.899093443
7.215,3.918978396
7.22,3.933961514
7.225,3.92711103
7.23,3.911441154
7.235,3.909976175
7.24,3.918745629
7.245,3.921859178
7.25,3.923921669
7.255,3.930072813
7.26,3.929797641
7.265,3.920449831
7.27,3.913350663
7.275,3.915401974
7.28,3.926886995
7.285,3.943236119
7.29,3.945629459
7.295,3.926438362
7.3,3.910707322
7.305,3.920686717
7.31,3.939125577
7.315,3.943069918
7.32,3.935078241
7.325,3.925660909
7.33,3.920063594
7.335,3.923219207
7.34,3.932306423
7.345,3.936842146
7.35,3.938496431
7.355,3.940800575
7.36,3.934192325
7.365,3.91790721
7.37,3.914512381
7.375,3.930964557
7.38,3.944760936
7.385,3.939318949
7.39,3.922417757
7.395,3.909684371
7.4,3.912989984
7.405,3.931368236
7.41,3.944167512
7.415,3.938052515
7.42,3.92711653
7.425,3.926130135
7.43,3.926826733
7.435,3.925029566
7.44,3.929272136
7.445,3.937573187
7.45,3.937276677
7.455,3.927502499
7.46,3.916678456
7.465,3.913552751
7.47,3.926277016
7.475,3.946096324
7.48,3.948444528
7.485,3.929790554
7.49,3.918089795
7.495,3.926371754
7.5,3.938915193
7.505,3.942970583
7.51,3.940237371
7.515,3.932591646
7.52,3.925779202
7.525,3.92684785
7.53,3.931285441
7.535,3.935061673
7.54,3.943894824
7.545,3.952382402
7.55,3.94396921
7.555,3.926988799
7.56,3.926344581
7.565,3.943791993
7.57,3.957736032
7.575,3.956397049
7.58,3.942567064
7.585,3.928370763
7.59,3.929917439
7.595,3.946065152
7.6,3.95579196
7.605,3.951715034
7.61,3.94812713
7.615,3.948146965
7.62,3.944171594
7.625,3.941262906
7.63,3.949091201
7.635,3.959993807
7.64,3.962483003
7.645,3.954076349
7.65,3.939698376
7.655,3.933036834
7.66,3.946472458
7.665,3.966455831
7.67,3.967201951
7.675,3.951634334
7.68,3.94248764
7.685,3.94640167
7.69,3.953485418
7.695,3.958658161
7.7,3.958474042
7.705,3.952221566
7.71,3.946420411
7.715,3.943965844
7.72,3.941071788
7.725,3.943317276
7.73,3.956230171
7.735,3.964158394
7.74,3.952150727
7.745,3.933986088
7.75,3.931490429
7.755,3.943464011
7.76,3.955884293
7.765,3.956666133
7.77,3.943219548
7.775,3.928281249
7.78,3.928860911
7.785,3.939970596
7.79,3.944700014
7.795,3.943623025
7.8,3.944727307
7.805,3.942461949
7.81,3.932953875
7.815,3.928251978
7.82,3.935038672
7.825,3.94648268
7.83,3.952326161
7.835,3.945360968
7.84,3.927950294
7.845,3.92001109
7.85,3.933786388
7.855,3.951184517
7.86,3.951292474
7.865,3.94051566
7.87,3.934358808
7.875,3.934758186
7.88,3.939748912
7.885,3.946501125
7.89,3.949241479
7.895,3.947276589
7.9,3.945335529
7.905,3.940457615
7.91,3.933438207
7.915,3.937547594
7.92,3.954414712
7.925,3.962769631
7.93,3.951838983
7.935,3.937145754
7.94,3.934351767
7.945,3.944820855
7.95,3.959197852
7.955,3.96376432
7.96,3.953061033
7.965,3.94213556
7.97,3.943480035
7.975,3.949134602
7.98,3.951026045
7.985,3.954768791
7.99,3.95954263
7.995,3.955456653
8,3.944337604
8.005,3.938156067
8.01,3.943157795
8.015,3.956037941
8.02,3.966374754
8.025,3.960004194
8.03,3.941587213
8.035,3.93421545
8.04,3.945853538
8.045,3.95822697
8.05,3.958611957
8.055,3.952382098
8.06,3.946174889
8.065,3.942916457
8.07,3.944915106
8.075,3.949315133
8.08,3.951446893
8.085,3.953609007
8.09,3.953032476
8.095,3.942642193
8.1,3.930579325
8.105,3.934777446
8.11,3.950783674
8.115,3.957703698
8.12,3.949131388
8.125,3.936060662
8.13,3.930402499
8.135,3.937744463
8.14,3.951735301
8.145,3.955891429
8.15,3.947461577
8.155,3.94040533
8.16,3.940625063
8.165,3.940367333
8.17,3.941467667
8.175,3.949781903
8.18,3.957568275
8.185,3.954200915
8.19,3.943359569
8.195,3.935578159
8.2,3.938314228
8.205,3.953106856
8.21,3.96606665
8.215,3.960745019
8.22,3.944421655
8.225,3.939417051
8.23,3.948109858
8.235,3.95679171
8.24,3.959451605
8.245,3.957946914
8.25,3.95289453
8.255,3.948615736
8.26,3.948911853
8.265,3.950992133
8.27,3.955552336
8.275,3.963925766
8.28,3.966061942
8.285,3.953841346
8.29,3.942234381
8.295,3.947446663
8.3,3.962229991
8.305,3.969819019
8.31,3.965469895
8.315,3.954145898
8.32,3.947292564
8.325,3.954040697
8.33,3.966559664
8.335,3.970005148
8.34,3.965623431
8.345,3.963435489
8.35,3.960582291
8.355,3.954657468
8.36,3.95486403
8.365,3.964689172
8.37,3.97265707
8.375,3.970944032
8.38,3.961178745
8.385,3.950651199
8.39,3.951358204
8.395,3.966461425
8.4,3.978446615
8.405,3.971676094
8.41,3.957426387
8.415,3.952519788
8.42,3.956261657
8.425,3.960989141
8.43,3.965134785
8.435,3.9659592
8.44,3.962097513
8.445,3.957562949
8.45,3.954368689
8.455,3.952930902
8.46,3.959052902
8.465,3.970849895
8.47,3.971847334
8.475,3.957321702
8.48,3.944681498
8.485,3.947393647
8.49,3.958515723
8.495,3.966182441
8.5,3.9633996
8.505,3.952453368
8.51,3.945433405
8.515,3.950439538
8.52,3.958588836
8.525,3.960623106
8.53,3.960955032
8.535,3.961087105
8.54,3.954631598
8.545,3.944888942
8.55,3.94435277
8.555,3.953539838
8.56,3.963020343
8.565,3.964436425
8.57,3.954687325
8.575,3.941665958
8.58,3.942598176
8.585,3.958362511
8.59,3.968836127
8.595,3.964624521
8.6,3.956604458
8.605,3.953193994
8.61,3.952977092
8.615,3.956455468
8.62,3.962253018
8.625,3.965191736
8.63,3.964330857
8.635,3.9613542
8.64,3.954426397
8.645,3.950117143
8.65,3.959361598
8.655,3.974698544
8.66,3.976726348
8.665,3.964653737
8.67,3.955148398
8.675,3.956632176
8.68,3.965789257
8.685,3.974074377
8.69,3.972938488
8.695,3.963339281
8.7,3.958014105
8.705,3.96102941
8.71,3.964596858
8.715,3.967186989
8.72,3.972972347
8.725,3.975958857
8.73,3.968890622
8.735,3.958952091
8.74,3.956861619
8.745,3.964544481
8.75,3.975616561
8.755,3.979267655
8.76,3.968320544
8.765,3.954743795
8.77,3.955885166
8.775,3.968258665
8.78,3.975373102
8.785,3.973644635
8.79,3.968925262
8.795,3.963165595
8.8,3.959241806
8.805,3.960547903
8.81,3.964636031
8.815,3.96824773
8.82,3.971381217
8.825,3.968010914
8.83,3.956027203
8.835,3.949594344
8.84,3.959667242
8.845,3.973157678
8.85,3.973835322
8.855,3.964250731
8.86,3.955056684
8.865,3.952957989
8.87,3.959844315
8.875,3.968228083
8.88,3.967108598
8.885,3.960355104
8.89,3.95798611
8.895,3.958321113
8.9,3.956713001
8.905,3.960127083
8.91,3.970132604
8.915,3.974836365
8.92,3.968701223
8.925,3.959578566
8.93,3.956280521
8.935,3.962977393
8.94,3.97624301
8.945,3.981108557
8.95,3.970461878
8.955,3.958801947
8.96,3.960595381
8.965,3.969251034
8.97,3.975045758
8.975,3.977673837
8.98,3.977027492
8.985,3.97259215
8.99,3.969084558
8.995,3.969186435
9,3.971753424
9.005,3.978906984
9.01,3.986663275
9.015,3.982692146
9.02,3.968208348
9.025,3.962655485
9.03,3.972286761
9.035,3.98360029
9.04,3.986223034
9.045,3.980886868
9.05,3.972280909
9.055,3.969456182
9.06,3.976659577
9.065,3.983715551
9.07,3.983052518
9.075,3.981383575
9.08,3.982000069
9.085,3.977502153
9.09,3.971788747
9.095,3.97608459
9.1,3.98686359
9.105,3.991379375
9.11,3.986740624
9.115,3.977102716
9.12,3.970078264
9.125,3.975634096
9.13,3.989843778
9.135,3.99408872
9.14,3.983769324
9.145,3.975198793
9.15,3.97576536
9.155,3.978977884
9.16,3.982410389
9.165,3.987022529
9.17,3.987767377
9.175,3.983624693
9.18,3.97923261
9.185,3.975588404
9.19,3.975726523
9.195,3.985369595
9.2,3.99573049
9.205,3.990773505
9.21,3.976374711
9.215,3.97113352
9.22,3.977804285
9.225,3.986066903
9.23,3.989961365
9.235,3.986137786
9.24,3.977244422
9.245,3.974255911
9.25,3.979729983
9.255,3.983294202
9.26,3.983407
9.265,3.986769426
9.27,3.98746851
9.275,3.97883842
9.28,3.971294387
9.285,3.975435035
9.29,3.984649767
9.295,3.990307846
9.3,3.988663698
9.305,3.978815303
9.31,3.970593692
9.315,3.977476834
9.32,3.991401681
9.325,3.993481011
9.33,3.985723292
9.335,3.980830339
9.34,3.979003956
9.345,3.977596031
9.35,3.981218607
9.355,3.987303933
9.36,3.9890114
9.365,3.987171949
9.37,3.983326345
9.375,3.976581151
9.38,3.976498794
9.385,3.990339297
9.39,4.003067603
9.395,3.999245129
9.4,3.988229555
9.405,3.985045939
9.41,3.989456608
9.415,3.996973137
9.42,4.002843105
9.425,4.000496801
9.43,3.992766152
9.435,3.9908411
9.44,3.993386965
9.445,3.993386249
9.45,3.995860615
9.455,4.003807534
9.46,4.005255868
9.465,3.995754868
9.47,3.988442932
9.475,3.990750808
9.48,3.998465781
9.485,4.005724519
9.49,4.005224342
9.495,3.993575448
9.5,3.98454192
9.505,3.99025232
9.51,4.000148345
9.515,4.000976161
9.52,3.997492555
9.525,3.995111087
9.53,3.990495312
9.535,3.986895895
9.54,3.989607404
9.545,3.994501224
9.55,3.997238867
9.555,3.998260719
9.56,3.9924584
9.565,3.980922389
9.57,3.979507362
9.575,3.992733001
9.58,4.001950005
9.585,3.996953941
9.59,3.988095135
9.595,3.983439629
9.6,3.983951217
9.605,3.990589254
9.61,3.997620425
9.615,3.995957953
9.62,3.990721081
9.625,3.989688445
9.63,3.988229769
9.635,3.985169804
9.64,3.990361264
9.645,4.000734794
9.65,4.001587144
9.655,3.992856773
9.66,3.986215876
9.665,3.986589619
9.67,3.993304587
9.675,4.002669485
9.68,4.003283511
9.685,3.993040304
9.69,3.987181341
9.695,3.993380593
9.7,4.000324738
9.705,4.002402575
9.71,4.004167337
9.715,4.003825285
9.72,3.998257586
9.725,3.993679652
9.73,3.994638103
9.735,3.998396378
9.74,4.00438397
9.745,4.008058045
9.75,4.000766591
9.755,3.988299881
9.76,3.988035248
9.765,3.999449185
9.77,4.006597699
9.775,4.004186367
9.78,3.998174609
9.785,3.992485811
9.79,3.991491129
9.795,3.997562853
9.8,4.002959507
9.805,4.002593094
9.81,4.001437517
9.815,4.000077177
9.82,3.993317753
9.825,3.988259338
9.83,3.994347452
9.835,4.003791822
9.84,4.003931522
9.845,3.996458042
9.85,3.98888353
9.855,3.986363861
9.86,3.992924849
9.865,4.002638748
9.87,4.002619473
9.875,3.993787495
9.88,3.989668471
9.885,3.991882053
9.89,3.993525835
9.895,3.995616596
9.9,3.999854145
9.905,3.999739224
9.91,3.994107251
9.915,3.989070327
9.92,3.987363313
9.925,3.990790138
9.93,3.999665305
9.935,4.004356334
9.94,3.995863279
9.945,3.984525029
9.95,3.984519378
9.955,3.992371259
9.96,3.997499668
9.965,3.997748198
9.97,3.993550228
9.975,3.987348348
9.98,3.985733221
9.985,3.989644001
9.99,3.993116324
9.995,3.995767683
10,3.99931158
10.005,3.997040855
10.01,3.987526393
10.015,3.982391868
10.02,3.988231709
10.025,3.996415896
10.03,3.998552178
10.035,3.993492652
10.04,3.984810829
10.045,3.981249907
10.05,3.988119584
10.055,3.996293648
10.06,3.995567573
10.065,3.990767964
10.07,3.988994412
10.075,3.988364485
10.08,3.988193823
10.085,3.992577672
10.09,3.99873139
10.095,4.000678833
10.1,3.99781305
10.105,3.992473478
10.11,3.988474747
10.115,3.993042221
10.12,4.004781606
10.125,4.009553135
10.13,4.002137471
10.135,3.994391845
10.14,3.995190419
10.145,4.000931713
10.15,4.006935201
10.155,4.009618169
10.16,4.006362183
10.165,4.000781671
10.17,3.999048707
10.175,3.99966544
10.18,4.001135135
10.185,4.007116283
10.19,4.013763787
10.195,4.011092638
10.2,4.001399809
10.205,3.997186608
10.21,4.001872048
10.215,4.009461172
10.22,4.013111328
10.225,4.008696075
10.23,3.999189229
10.235,3.995601889
10.24,4.001074302
10.245,4.006006685
10.25,4.005517177
10.255,4.004147068
10.26,4.002352509
10.265,3.997570095
10.27,3.994418616
10.275,3.996790591
10.28,4.001583065
10.285,4.004579503
10.29,4.002973859
10.295,3.994905361
10.3,3.987820918
10.305,3.9919233
10.31,4.002123352
10.315,4.004271418
10.32,3.997157292
10.325,3.990235511
10.33,3.988032099
10.335,3.990708804
10.34,3.996444598
10.345,3.999472566
10.35,3.996633431
10.355,3.992945527
10.36,3.989955607
10.365,3.98583115
10.37,3.985761547
10.375,3.994170494
10.38,4.001798411
10.385,3.998895212
10.39,3.990623741
10.395,3.986807029
10.4,3.990537972
10.405,3.999168007
10.41,4.005493303
10.415,4.002038013
10.42,3.993873624
10.425,3.991985826
10.43,3.99621021
10.435,3.998953224
10.44,4.000329017
10.445,4.00253487
10.45,4.001669583
10.455,3.996899274
10.46,3.993924912
10.465,3.996154208
10.47,4.002277606
10.475,4.009381616
10.48,4.010226556
10.485,4.00198105
10.49,3.995099715
10.495,3.999405389
10.5,4.007867286
10.505,4.009910681
10.51,4.005900385
10.515,4.00071785
10.52,3.997608562
10.525,3.999344775
10.53,4.004446349
10.535,4.007522452
10.54,4.008306272
10.545,4.008390514
10.55,4.004822228
10.555,3.998083057
10.56,3.997893355
10.565,4.006714056
10.57,4.013914322
10.575,4.011939857
10.58,4.004503223
10.585,3.998693787
10.59,4.000047579
10.595,4.008561538
10.6,4.01477426
10.605,4.011818604
10.61,4.006072333
10.615,4.00561957
10.62,4.007500763
10.625,4.008910593
10.63,4.012614876
10.635,4.016792014
10.64,4.015896198
10.645,4.010810851
10.65,4.00593706
10.655,4.004528327
10.66,4.009652953
10.665,4.017770674
10.67,4.018258001
10.675,4.009477248
10.68,4.003800218
10.685,4.007847166
10.69,4.014796473
10.695,4.017534395
10.7,4.0157317
10.705,4.010984397
10.71,4.007096654
10.715,4.007636231
10.72,4.010392669
10.725,4.012577034
10.73,4.015514032
10.735,4.017198036
10.74,4.012013728
10.745,4.004086203
10.75,4.003531525
10.755,4.011101005
10.76,4.017776875
10.765,4.017253369
10.77,4.010005934
10.775,4.002485082
10.78,4.002937211
10.785,4.010647761
10.79,4.015516154
10.795,4.01355914
10.8,4.010586127
10.805,4.008866328
10.81,4.006684492
10.815,4.006330534
10.82,4.010322828
10.825,4.014741418
10.83,4.015271601
10.835,4.01099746
10.84,4.003961553
10.845,4.000528242
10.85,4.006571555
10.855,4.015787337
10.86,4.01621686
10.865,4.00927342
10.87,4.005536262
10.875,4.008428469
10.88,4.013913013
10.885,4.018605447
10.89,4.019406356
10.895,4.015982146
10.9,4.012977697
10.905,4.012946082
10.91,4.013590061
10.915,4.016307239
10.92,4.023060021
10.925,4.027096633
10.93,4.022334376
10.935,4.015106485
10.94,4.014859461
10.945,4.021033092
10.95,4.0276049
10.955,4.028663046
10.96,4.02221013
10.965,4.014651783
10.97,4.014875676
10.975,4.020901275
10.98,4.024306155
10.985,4.024090877
10.99,4.023295361
10.995,4.020441615
11,4.015471757
11.005,4.01375269
11.01,4.016979185
11.015,4.021970739
11.02,4.024768129
11.025,4.021731986
11.03,4.013608094
11.035,4.009900834
11.04,4.016152661
11.045,4.023847176
11.05,4.023726922
11.055,4.018387635
11.06,4.014493347
11.065,4.013957914
11.07,4.01705093
11.075,4.021346125
11.08,4.022376094
11.085,4.020040432
11.09,4.017960399
11.095,4.015363172
11.1,4.012362547
11.105,4.014742275
11.11,4.02269663
11.115,4.026490466
11.12,4.021624921
11.125,4.015321634
11.13,4.014255821
11.135,4.019131115
11.14,4.026314951
11.145,4.028721021
11.15,4.022627752
11.155,4.015495045
11.16,4.015100358
11.165,4.018491566
11.17,4.020478766
11.175,4.022564027
11.18,4.024373765
11.185,4.021845409
11.19,4.016937905
11.195,4.015619611
11.2,4.019420492
11.205,4.025802923
11.21,4.030961506
11.215,4.028808014
11.22,4.020212734
11.225,4.015928456
11.23,4.021068549
11.235,4.02731864
11.24,4.027659853
11.245,4.024336465
11.25,4.020970069
11.255,4.019521381
11.26,4.021751467
11.265,4.026076811
11.27,4.028419981
11.275,4.029057752
11.28,4.028504949
11.285,4.024502226
11.29,4.019683024
11.295,4.021655721
11.3,4.028954817
11.305,4.031933152
11.31,4.027492395
11.315,4.02102325
11.32,4.018282327
11.325,4.02192438
11.33,4.029256548
11.335,4.032380937
11.34,4.028500019
11.345,4.024282366
11.35,4.024430099
11.355,4.025757778
11.36,4.027624726
11.365,4.031833753
11.37,4.034889602
11.375,4.032246761
11.38,4.026440405
11.385,4.022852593
11.39,4.024160931
11.395,4.030609456
11.4,4.036992761
11.405,4.035670074
11.41,4.028248459
11.415,4.025156954
11.42,4.029425743
11.425,4.03444851
11.43,4.035668473
11.435,4.034047767
11.44,4.030623336
11.445,4.027360881
11.45,4.027108094
11.455,4.029095009
11.46,4.031546698
11.465,4.033988397
11.47,4.034235798
11.475,4.029219839
11.48,4.023406123
11.485,4.024495377
11.49,4.030978293
11.495,4.034248657
11.5,4.030785101
11.505,4.024294806
11.51,4.02028767
11.515,4.022209735
11.52,4.027781616
11.525,4.030325772
11.53,4.027705906
11.535,4.024069333
11.54,4.021823398
11.545,4.020306876
11.55,4.020772207
11.555,4.024866973
11.56,4.028470399
11.565,4.026922586
11.57,4.021149338
11.575,4.016148329
11.58,4.016385711
11.585,4.022408933
11.59,4.028233614
11.595,4.026986443
11.6,4.020985501
11.605,4.018112954
11.61,4.021093062
11.615,4.025698681
11.62,4.028848737
11.625,4.029668847
11.63,4.027979116
11.635,4.025089789
11.64,4.023316823
11.645,4.023940323
11.65,4.027083875
11.655,4.031440767
11.66,4.032450508
11.665,4.02766556
11.67,4.022469483
11.675,4.023878835
11.68,4.030308528
11.685,4.034488857
11.69,4.03269131
11.695,4.02752404
11.7,4.023754188
11.705,4.024325663
11.71,4.028021637
11.715,4.030689003
11.72,4.030411731
11.725,4.028652011
11.73,4.026326207
11.735,4.023747837
11.74,4.023665416
11.745,4.028017821
11.75,4.033065615
11.755,4.032604396
11.76,4.02669004
11.765,4.021069295
11.77,4.021023693
11.775,4.026115954
11.78,4.030911967
11.785,4.030165257
11.79,4.024614312
11.795,4.020569227
11.8,4.021147538
11.805,4.023974487
11.81,4.026295831
11.815,4.027928132
11.82,4.02749737
11.825,4.024124064
11.83,4.020363986
11.835,4.020114965
11.84,4.023997368
11.845,4.028868186
11.85,4.03017283
11.855,4.025669765
11.86,4.020032498
11.865,4.020071618
11.87,4.025809685
11.875,4.030336106
11.88,4.029885243
11.885,4.026763824
11.89,4.024239163
11.895,4.023908874
11.9,4.026087165
11.905,4.028950463
11.91,4.030346824
11.915,4.029886545
11.92,4.027631885
11.925,4.024169519
11.93,4.023364379
11.935,4.028515037
11.94,4.035192633
11.945,4.036435548
11.95,4.031959292
11.955,4.027763138
11.96,4.02791292
11.965,4.032445286
11.97,4.037539143
11.975,4.03814406
11.98,4.03419229
11.985,4.031019877
11.99,4.031206829
11.995,4.03246065
12,4.034493362
12.005,4.037697491
12.01,4.038877739
12.015,4.035326055
12.02,4.030698135
12.025,4.029496062
12.03,4.032350377
12.035,4.036898023
12.04,4.038724857
12.045,4.034525282
12.05,4.028139225
12.055,4.027321525
12.06,4.031980467
12.065,4.035484553
12.07,4.035238279
12.075,4.033527986
12.08,4.031094018
12.085,4.029117247
12.09,4.030110284
12.095,4.033164884
12.1,4.035137509
12.105,4.035353763
12.11,4.033099295
12.115,4.02793482
12.12,4.024996638
12.125,4.029032153
12.13,4.035280976
12.135,4.036227955
12.14,4.032211575
12.145,4.028094728
12.15,4.027131904
12.155,4.030204659
12.16,4.034864402
12.165,4.035717666
12.17,4.03230401
12.175,4.029128415
12.18,4.027740744
12.185,4.026998394
12.19,4.028598597
12.195,4.033093632
12.2,4.034935297
12.205,4.031547624
12.21,4.026932719
12.215,4.025303108
12.22,4.027746854
12.225,4.033116968
12.23,4.03627489
12.235,4.032765058
12.24,4.027061787
12.245,4.026317849
12.25,4.029517608
12.255,4.032021728
12.26,4.033506893
12.265,4.033776916
12.27,4.031492633
12.275,4.028844127
12.28,4.029209452
12.285,4.031672259
12.29,4.034554047
12.295,4.037031862
12.3,4.035888874
12.305,4.030313002
12.31,4.027336162
12.315,4.031430682
12.32,4.037102163
12.325,4.03832502
12.33,4.035696136
12.335,4.032110815
12.34,4.030125248
12.345,4.032652408
12.35,4.037665572
12.355,4.039844756
12.36,4.03864977
12.365,4.037012843
12.37,4.034599843
12.375,4.031853278
12.38,4.033110418
12.385,4.038106694
12.39,4.040508292
12.395,4.03793193
12.4,4.033766944
12.405,4.031252694
12.41,4.033016259
12.415,4.038553076
12.42,4.041993933
12.425,4.038996913
12.43,4.03420954
12.435,4.03295502
12.44,4.033963201
12.445,4.035681814
12.45,4.038280415
12.455,4.039579621
12.46,4.037505079
12.465,4.034817206
12.47,4.033997262
12.475,4.035033606
12.48,4.038298127
12.485,4.041795199
12.49,4.040154191
12.495,4.033963452
12.5,4.030887144
12.505,4.033673839
12.51,4.037519241
12.515,4.039017406
12.52,4.037807367
12.525,4.034133052
12.53,4.03154059
12.535,4.033366164
12.54,4.036949733
12.545,4.038693375
12.55,4.039565679
12.555,4.039077176
12.56,4.03513071
12.565,4.031014077
12.57,4.032321992
12.575,4.037009114
12.58,4.039304514
12.585,4.037828637
12.59,4.033687582
12.595,4.029776834
12.6,4.030729404
12.605,4.036545338
12.61,4.040107014
12.615,4.038485512
12.62,4.035943921
12.625,4.035062955
12.63,4.035052213
12.635,4.037247181
12.64,4.041659976
12.645,4.044046458
12.65,4.042779592
12.655,4.040293859
12.66,4.038297217
12.665,4.038381882
12.67,4.042804981
12.675,4.047861336
12.68,4.04731204
12.685,4.042828028
12.69,4.041165079
12.695,4.043579278
12.7,4.047360206
12.705,4.050599519
12.71,4.050811038
12.715,4.047376078
12.72,4.044756978
12.725,4.045811478
12.73,4.047926173
12.735,4.050100537
12.74,4.05302767
12.745,4.053386192
12.75,4.049008135
12.755,4.045345827
12.76,4.046609056
12.765,4.050418766
12.77,4.053369965
12.775,4.0536324
12.78,4.049740354
12.785,4.044944511
12.79,4.045553542
12.795,4.050497636
12.8,4.053319293
12.805,4.052842419
12.81,4.051906326
12.815,4.049829289
12.82,4.047597635
12.825,4.048759424
12.83,4.052366186
12.835,4.05427077
12.84,4.053931183
12.845,4.05227945
12.85,4.049120689
12.855,4.04839723
12.86,4.053432803
12.865,4.05893889
12.87,4.058619356
12.875,4.055012032
12.88,4.053031283
12.885,4.053290842
12.89,4.05581021
12.895,4.059921706
12.9,4.0613187
12.905,4.058787908
12.91,4.056690509
12.915,4.056825696
12.92,4.057508475
12.925,4.059736116
12.93,4.063530644
12.935,4.063840048
12.94,4.059562846
12.945,4.056285253
12.95,4.057199017
12.955,4.060265966
12.96,4.063836538
12.965,4.065162184
12.97,4.061569987
12.975,4.056820519
12.98,4.056699572
12.985,4.059861069
12.99,4.061829743
12.995,4.062691527
13,4.062459518
13.005,4.059546399
13.01,4.056434436
13.015,4.057350021
13.02,4.060563802
13.025,4.062632659
13.03,4.063116175
13.035,4.060992438
13.04,4.05646766
13.045,4.054821731
13.05,4.058728015
13.055,4.062584304
13.06,4.062078292
13.065,4.059492693
13.07,4.057068907
13.075,4.055377168
13.08,4.056889902
13.085,4.060959502
13.09,4.062730167
13.095,4.061276573
13.1,4.059757809
13.105,4.058648259
13.11,4.058069813
13.115,4.06071359
13.12,4.065169251
13.125,4.065779132
13.13,4.062183074
13.135,4.059201656
13.14,4.058732299
13.145,4.060318486
13.15,4.063529273
13.155,4.065368273
13.16,4.062586448
13.165,4.058813239
13.17,4.058779177
13.175,4.061211509
13.18,4.063768731
13.185,4.066409296
13.19,4.067314544
13.195,4.064278508
13.2,4.060748986
13.205,4.060459745
13.21,4.062691478
13.215,4.065446768
13.22,4.067435799
13.225,4.066415101
13.23,4.063021423
13.235,4.062455674
13.24,4.066033824
13.245,4.069433589
13.25,4.070093378
13.255,4.06899249
13.26,4.066616995
13.265,4.064343748
13.27,4.064964698
13.275,4.067963254
13.28,4.069855398
13.285,4.069828204
13.29,4.06869524
13.295,4.066468366
13.3,4.065239337
13.305,4.067978973
13.31,4.072284376
13.315,4.073205198
13.32,4.07066995
13.325,4.067921858
13.33,4.066926566
13.335,4.068687626
13.34,4.072905669
13.345,4.075660195
13.35,4.074372243
13.355,4.071746362
13.36,4.070792096
13.365,4.071086797
13.37,4.072700663
13.375,4.075521004
13.38,4.076316713
13.385,4.073300674
13.39,4.069717647
13.395,4.069063916
13.4,4.071084286
13.405,4.074540171
13.41,4.077218567
13.415,4.076510692
13.42,4.073340258
13.425,4.072365907
13.43,4.074742263
13.435,4.077231928
13.44,4.078097181
13.445,4.077221623
13.45,4.074217629
13.455,4.070686559
13.46,4.06995921
13.465,4.071883341
13.47,4.07387986
13.475,4.074378301
13.48,4.072651366
13.485,4.069009205
13.49,4.066581745
13.495,4.067872722
13.5,4.070887621
13.505,4.071717471
13.51,4.069553964
13.515,4.066166506
13.52,4.063802778
13.525,4.064341565
13.53,4.067071245
13.535,4.069045022
13.54,4.068350532
13.545,4.066040163
13.55,4.063696719
13.555,4.062754116
13.56,4.06439935
13.565,4.067851088
13.57,4.069789516
13.575,4.068252582
13.58,4.065023889
13.585,4.063048338
13.59,4.063968228
13.595,4.067096621
13.6,4.069657721
13.605,4.069045823
13.61,4.066605791
13.615,4.065696512
13.62,4.067411238
13.625,4.070543985
13.63,4.073623701
13.635,4.074879315
13.64,4.073330139
13.645,4.070613805
13.65,4.069329218
13.655,4.070312119
13.66,4.072698146
13.665,4.074637461
13.67,4.074054847
13.675,4.071423618
13.68,4.069913665
13.685,4.071784098
13.69,4.075338685
13.695,4.07747958
13.7,4.076655176
13.705,4.073987329
13.71,4.071938738
13.715,4.072261306
13.72,4.074699619
13.725,4.076984945
13.73,4.077491148
13.735,4.076014026
13.74,4.073723753
13.745,4.072490345
13.75,4.073860718
13.755,4.077002911
13.76,4.079250346
13.765,4.078477576
13.77,4.075425041
13.775,4.073131684
13.78,4.073692762
13.785,4.076239578
13.79,4.077856838
13.795,4.076769937
13.8,4.073458345
13.805,4.070294956
13.81,4.069464374
13.815,4.071315612
13.82,4.073997803
13.825,4.075312574
13.83,4.074383833
13.835,4.071859315
13.84,4.069910793
13.845,4.070638934
13.85,4.073581802
13.855,4.075765884
13.86,4.075093219
13.865,4.072270013
13.87,4.069931142
13.875,4.070122395
13.88,4.072605212
13.885,4.074863465
13.89,4.074668044
13.895,4.072426253
13.9,4.07040333
13.905,4.070173007
13.91,4.072055406
13.915,4.075117032
13.92,4.077021581
13.925,4.076221762
13.93,4.073462332
13.935,4.071032267
13.94,4.070773334
13.945,4.073072442
13.95,4.075464174
13.955,4.075264956
13.96,4.07278275
13.965,4.070684367
13.97,4.070831582
13.975,4.073081417
13.98,4.075918775
13.985,4.076805097
13.99,4.074975175
13.995,4.072640144
14,4.072390419
14.005,4.074315177
14.01,4.07715959
14.015,4.079261049
14.02,4.078944987
14.025,4.076154135
14.03,4.073773746
14.035,4.074311872
14.04,4.076818056
14.045,4.079109498
14.05,4.079707792
14.055,4.07828725
14.06,4.076205288
14.065,4.076326376
14.07,4.079032943
14.075,4.081569771
14.08,4.082032562
14.085,4.08084448
14.09,4.078669326
14.095,4.076709411
14.1,4.07718385
14.105,4.080216292
14.11,4.08273702
14.115,4.082650662
14.12,4.080940818
14.125,4.079086685
14.13,4.078812368
14.135,4.081426748
14.14,4.08483604
14.145,4.085253446
14.15,4.08308174
14.155,4.081276163
14.16,4.081218154
14.165,4.083179013
14.17,4.086647861
14.175,4.088726827
14.18,4.087330179
14.185,4.084582002
14.19,4.083146874
14.195,4.083636626
14.2,4.086013626
14.205,4.089275024
14.21,4.090372546
14.215,4.088403063
14.22,4.086387784
14.225,4.086653768
14.23,4.088399513
14.235,4.090442566
14.24,4.091595265
14.245,4.090290643
14.25,4.08755442
14.255,4.086827594
14.26,4.088754951
14.265,4.090976924
14.27,4.092531778
14.275,4.092871328
14.28,4.091089575
14.285,4.088875527
14.29,4.089530791
14.295,4.092436333
14.3,4.094404876
14.305,4.094704122
14.31,4.093787762
14.315,4.091764803
14.32,4.090941289
14.325,4.09354654
14.33,4.096977844
14.335,4.097807205
14.34,4.096585635
14.345,4.095193829
14.35,4.094063083
14.355,4.094711269
14.36,4.097736649
14.365,4.099922822
14.37,4.099026746
14.375,4.096908472
14.38,4.095609103
14.385,4.095439359
14.39,4.097519486
14.395,4.101483009
14.4,4.103715704
14.405,4.102687047
14.41,4.101295521
14.415,4.101545044
14.42,4.103253566
14.425,4.106196626
14.43,4.108768514
14.435,4.108249165
14.44,4.105710605
14.445,4.104885811
14.45,4.106293595
14.455,4.108497643
14.46,4.110863288
14.465,4.111886584
14.47,4.110057831
14.475,4.107704313
14.48,4.108030611
14.485,4.110398286
14.49,4.112730095
14.495,4.114444266
14.5,4.114381755
14.505,4.11225886
14.51,4.111185033
14.515,4.113252665
14.52,4.115906025
14.525,4.116623004
14.53,4.115888285
14.535,4.113760788
14.54,4.111074066
14.545,4.110908904
14.55,4.113799863
14.555,4.115990627
14.56,4.115858246
14.565,4.114753537
14.57,4.112955921
14.575,4.111511711
14.58,4.112925603
14.585,4.116108471
14.59,4.117004549
14.595,4.115557377
14.6,4.113943689
14.605,4.112742053
14.61,4.112718428
14.615,4.115012107
14.62,4.117377183
14.625,4.116702704
14.63,4.114345598
14.635,4.112998764
14.64,4.113089133
14.645,4.114762758
14.65,4.117819425
14.655,4.11951236
14.66,4.118065205
14.665,4.115927082
14.67,4.115685097
14.675,4.116639202
14.68,4.118285814
14.685,4.120019242
14.69,4.119601241
14.695,4.117173294
14.7,4.116032842
14.705,4.117518046
14.71,4.120046704
14.715,4.122465782
14.72,4.12360419
14.725,4.122210358
14.73,4.11989994
14.735,4.119960685
14.74,4.122201382
14.745,4.124255261
14.75,4.125057557
14.755,4.124181897
14.76,4.121542049
14.765,4.119829457
14.77,4.121491703
14.775,4.124283269
14.78,4.125709849
14.785,4.125998717
14.79,4.125312589
14.795,4.123875444
14.8,4.124143106
14.805,4.126962607
14.81,4.129396566
14.815,4.129519892
14.82,4.128465002
14.825,4.126703271
14.83,4.125137874
14.835,4.126118206
14.84,4.128820874
14.845,4.129740109
14.85,4.128356177
14.855,4.126970094
14.86,4.126021945
14.865,4.125927988
14.87,4.127828726
14.875,4.129896718
14.88,4.129410253
14.885,4.127635033
14.89,4.126800362
14.895,4.126877233
14.9,4.12800174
14.905,4.130476437
14.91,4.131639084
14.915,4.129715864
14.92,4.127444608
14.925,4.126858508
14.93,4.127901169
14.935,4.130370243
14.94,4.132919061
14.945,4.132488726
14.95,4.12925985
14.955,4.127226782
14.96,4.127644698
14.965,4.128646223
14.97,4.129637469
14.975,4.129947012
14.98,4.12787139
14.985,4.12538372
14.99,4.126074244
14.995,4.128960071
15,4.131298488
15.005,4.132961182
15.01,4.132897007
15.015,4.129844125
15.02,4.127033618
15.025,4.127611434
15.03,4.129314894
15.035,4.12958572
15.04,4.129245956
15.045,4.12824766
15.05,4.126235479
15.055,4.126214097
15.06,4.129197641
15.065,4.131147475
15.07,4.130780825
15.075,4.130278567
15.08,4.129614222
15.085,4.128465462
15.09,4.129561788
15.095,4.132674054
15.1,4.133578007
15.105,4.131997283
15.11,4.130729004
15.115,4.12990763
15.12,4.129815496
15.125,4.132571007
15.13,4.135919432
15.135,4.135578378
15.14,4.133193023
15.145,4.13246246
15.15,4.132545006
15.155,4.133131369
15.16,4.135429751
15.165,4.136929113
15.17,4.135122605
15.175,4.133026876
15.18,4.133428077
15.185,4.134378585
15.19,4.135796329
15.195,4.138684591
15.2,4.139490657
15.205,4.136675721
15.21,4.134973374
15.215,4.136211402
15.22,4.137429261
15.225,4.138337309
15.23,4.139287993
15.235,4.137528985
15.24,4.134136166
15.245,4.134091036
15.25,4.136602546
15.255,4.137656147
15.26,4.137840902
15.265,4.138150908
15.27,4.136374425
15.275,4.133980176
15.28,4.134862121
15.285,4.13704998
15.29,4.136932918
15.295,4.136030298
15.3,4.13512508
15.305,4.132843004
15.31,4.13206995
15.315,4.135279396
15.32,4.138071279
15.325,4.1371711
15.33,4.135843762
15.335,4.13529548
15.34,4.134100556
15.345,4.13448656
15.35,4.137412862
15.355,4.138417124
15.36,4.136398227
15.365,4.135247876
15.37,4.134925644
15.375,4.134126207
15.38,4.135814069
15.385,4.139835549
15.39,4.140786111
15.395,4.138595552
15.4,4.137680978
15.405,4.137796022
15.41,4.13768664
15.415,4.139373657
15.42,4.140907453
15.425,4.138379957
15.43,4.135051064
15.435,4.13515564
15.44,4.136214117
15.445,4.136556805
15.45,4.138309441
15.455,4.139564079
15.46,4.137720336
15.465,4.136348986
15.47,4.138277897
15.475,4.140227121
15.48,4.141200662
15.485,4.142665211
15.49,4.142031459
15.495,4.138466612
15.5,4.137344819
15.505,4.140017339
15.51,4.141493221
15.515,4.141250277
15.52,4.141244913
15.525,4.139786274
15.53,4.137676111
15.535,4.139381326
15.54,4.14299294
15.545,4.143422627
15.55,4.142243054
15.555,4.141812055
15.56,4.139734459
15.565,4.137536567
15.57,4.139542612
15.575,4.142595107
15.58,4.142298239
15.585,4.141253838
15.59,4.141169015
15.595,4.139852481
15.6,4.139772337
15.605,4.143346846
15.61,4.145409826
15.615,4.143166032
15.62,4.141335369
15.625,4.141041515
15.63,4.139684097
15.635,4.139528112
15.64,4.141750936
15.645,4.141620404
15.65,4.138743953
15.655,4.138008311
15.66,4.138635056
15.665,4.138041258
15.67,4.139002591
15.675,4.141360441
15.68,4.139683217
15.685,4.135491723
15.69,4.134596703
15.695,4.135412553
15.7,4.135078387
15.705,4.13582964
15.71,4.136579501
15.715,4.133803307
15.72,4.131735022
15.725,4.134335898
15.73,4.137104268
15.735,4.137462781
15.74,4.138506419
15.745,4.138765521
15.75,4.135782996
15.755,4.134253016
15.76,4.136543592
15.765,4.137859248
15.77,4.137231986
15.775,4.137573735
15.78,4.136449787
15.785,4.133154728
15.79,4.133517396
15.795,4.137586395
15.8,4.138931324
15.805,4.137997857
15.81,4.138353579
15.815,4.13775797
15.82,4.136047942
15.825,4.137754353
15.83,4.140680585
15.835,4.139456192
15.84,4.137213255
15.845,4.137316379
15.85,4.136596233
15.855,4.135944758
15.86,4.139369032
15.865,4.142452895
15.87,4.140822349
15.875,4.139306324
15.88,4.140387365
15.885,4.140385408
15.89,4.140634495
15.895,4.143482242
15.9,4.143720741
15.905,4.139719417
15.91,4.13798029
15.915,4.139468932
15.92,4.139558397
15.925,4.140089307
15.93,4.142738322
15.935,4.142376341
15.94,4.139139573
15.945,4.139329972
15.95,4.14177098
15.955,4.142166856
15.96,4.143211197
15.965,4.145062748
15.97,4.142691528
15.975,4.138737339
15.98,4.139344655
15.985,4.141467086
15.99,4.141314902
15.995,4.141692932
16,4.141924914
16.005,4.138685533
16.01,4.136525546
16.015,4.139349083
16.02,4.141582597
16.025,4.140499764
16.03,4.140291862
16.035,4.140121406
16.04,4.137423452
16.045,4.136926477
16.05,4.140190247
16.055,4.140823706
16.06,4.13851651
16.065,4.138366623
16.07,4.138104193
16.075,4.136020392
16.08,4.13734564
16.085,4.141348209
16.09,4.14115434
16.095,4.138392429
16.1,4.138139796
16.105,4.137593131
16.11,4.136020813
16.115,4.13795182
16.12,4.140705442
16.125,4.13846821
16.13,4.135596832
16.135,4.136737081
16.14,4.13764344
16.145,4.13776101
16.15,4.141106085
16.155,4.143428496
16.16,4.140279985
16.165,4.137887452
16.17,4.139437902
16.175,4.139830804
16.18,4.139662339
16.185,4.142294698
16.19,4.14283499
16.195,4.139434524
16.2,4.139055036
16.205,4.142343097
16.21,4.143258499
16.215,4.143280082
16.22,4.144902558
16.225,4.143517031
16.23,4.139960777
16.235,4.141023285
16.24,4.144296679
16.245,4.144246147
16.25,4.144402286
16.255,4.146225669
16.26,4.144827482
16.265,4.142513469
16.27,4.145171813
16.275,4.148461326
16.28,4.147933761
16.285,4.147925781
16.29,4.148800572
16.295,4.146418873
16.3,4.145097406
16.305,4.148685426
16.31,4.150235154
16.315,4.146972253
16.32,4.145205637
16.325,4.145276985
16.33,4.143521157
16.335,4.144255074
16.34,4.148866014
16.345,4.149823326
16.35,4.147042171
16.355,4.14732495
16.36,4.148624921
16.365,4.147514476
16.37,4.149104339
16.375,4.153109599
16.38,4.152082965
16.385,4.148145802
16.39,4.14791119
16.395,4.148215737
16.4,4.146872354
16.405,4.148752244
16.41,4.151630443
16.415,4.149184993
16.42,4.146186617
16.425,4.148084138
16.43,4.149610156
16.435,4.148919423
16.44,4.150757213
16.445,4.152112611
16.45,4.148692527
16.455,4.146813949
16.46,4.149541221
16.465,4.150794508
16.47,4.150231323
16.475,4.1520066
16.48,4.152108334
16.485,4.148393478
16.49,4.148114789
16.495,4.151836485
16.5,4.152343964
16.505,4.150863153
16.51,4.15157379
16.515,4.150340137
16.52,4.14715603
16.525,4.148873458
16.53,4.153096984
16.535,4.152935421
16.54,4.152087396
16.545,4.153905359
16.55,4.153397707
16.555,4.15165672
16.56,4.154858018
16.565,4.158589165
16.57,4.156887286
16.575,4.15517394
16.58,4.155982612
16.585,4.154695478
16.59,4.154032018
16.595,4.15826389
16.6,4.1607359
16.605,4.157801138
16.61,4.156380284
16.615,4.157417516
16.62,4.156023724
16.625,4.15562923
16.63,4.158736858
16.635,4.158554648
16.64,4.154607979
16.645,4.154355523
16.65,4.156747122
16.655,4.15674971
16.66,4.158015015
16.665,4.16151017
16.67,4.160866701
16.675,4.157789683
16.68,4.158884596
16.685,4.160883591
16.69,4.159870067
16.695,4.159976834
16.7,4.160924297
16.705,4.157900804
16.71,4.15476918
16.715,4.156769654
16.72,4.158890438
16.725,4.15830764
16.73,4.1589782
16.735,4.159271911
16.74,4.156019326
16.745,4.154635615
16.75,4.157941255
16.755,4.159414605
16.76,4.157661789
16.765,4.157304748
16.77,4.156429271
16.775,4.153089946
16.78,4.153015724
16.785,4.156489698
16.79,4.156699563
16.795,4.154629764
16.8,4.15486499
16.805,4.154287931
16.81,4.152300162
16.815,4.154265686
16.82,4.157865405
16.825,4.156976044
16.83,4.154747311
16.835,4.155231069
16.84,4.154870063
16.845,4.153883789
16.85,4.156424321
16.855,4.158670251
16.86,4.156404808
16.865,4.154754887
16.87,4.156082944
16.875,4.156012774
16.88,4.155744814
16.885,4.15857171
16.89,4.159445988
16.895,4.155970548
16.9,4.154449137
16.905,4.155858334
16.91,4.156080552
16.915,4.156711223
16.92,4.158809028
16.925,4.157398526
16.93,4.15346534
16.935,4.153635613
16.94,4.156366864
16.945,4.15689443
16.95,4.157722517
16.955,4.159382608
16.96,4.157873854
16.965,4.155767738
16.97,4.157657748
16.975,4.159918881
16.98,4.159379259
16.985,4.159657232
16.99,4.159926962
16.995,4.156787407
17,4.154934973
17.005,4.157900991
17.01,4.160059286
17.015,4.159306792
17.02,4.159668981
17.025,4.15982613
17.03,4.157848394
17.035,4.158662212
17.04,4.162720745
17.045,4.163621861
17.05,4.16191318
17.055,4.162074189
17.06,4.161695388
17.065,4.159361949
17.07,4.160087488
17.075,4.163056176
17.08,4.162524397
17.085,4.160642996
17.09,4.161368921
17.095,4.16155579
17.1,4.161016379
17.105,4.163579056
17.11,4.165434433
17.115,4.162201812
17.12,4.159175288
17.125,4.15988141
17.13,4.159916746
17.135,4.159542508
17.14,4.161888106
17.145,4.162919706
17.15,4.16020573
17.155,4.159319838
17.16,4.161202547
17.165,4.161338795
17.17,4.16169799
17.175,4.164222117
17.18,4.16390603
17.185,4.160584674
17.19,4.160621155
17.195,4.162987337
17.2,4.163057748
17.205,4.163010433
17.21,4.163764901
17.215,4.161339344
17.22,4.158426752
17.225,4.160464177
17.23,4.163373501
17.235,4.163292288
17.24,4.164158755
17.245,4.165710738
17.25,4.163488577
17.255,4.161423539
17.26,4.163640676
17.265,4.164924772
17.27,4.162944842
17.275,4.162316353
17.28,4.162013907
17.285,4.159446802
17.29,4.159575755
17.295,4.163529135
17.3,4.164557064
17.305,4.162576618
17.31,4.163081037
17.315,4.163837198
17.32,4.162523035
17.325,4.163909998
17.33,4.167344402
17.335,4.166551353
17.34,4.163879735
17.345,4.164022691
17.35,4.163584322
17.355,4.161936176
17.36,4.164110846
17.365,4.167165363
17.37,4.165287089
17.375,4.163035757
17.38,4.164508764
17.385,4.165292035
17.39,4.164949973
17.395,4.167049817
17.4,4.167600117
17.405,4.163696309
17.41,4.161646322
17.415,4.163208546
17.42,4.162885666
17.425,4.162108806
17.43,4.16437837
17.435,4.164799221
17.44,4.161799069
17.445,4.161713442
17.45,4.164169588
17.455,4.163832527
17.46,4.163255474
17.465,4.164193434
17.47,4.161685652
17.475,4.157683456
17.48,4.158904019
17.485,4.161777697
17.49,4.160735981
17.495,4.159877038
17.5,4.160910868
17.505,4.159119893
17.51,4.157085611
17.515,4.159563426
17.52,4.161175149
17.525,4.158808031
17.53,4.158044457
17.535,4.158421206
17.54,4.155288724
17.545,4.153451296
17.55,4.156644344
17.555,4.157880264
17.56,4.155340967
17.565,4.15525554
17.57,4.156488361
17.575,4.155610527
17.58,4.157129684
17.585,4.161051122
17.59,4.160289309
17.595,4.156720278
17.6,4.156799444
17.605,4.156835369
17.61,4.154139014
17.615,4.154924571
17.62,4.158331088
17.625,4.157293691
17.63,4.154950754
17.635,4.156483856
17.64,4.157323296
17.645,4.156269831
17.65,4.158346612
17.655,4.159889101
17.66,4.15584722
17.665,4.153006877
17.67,4.155211954
17.675,4.155943811
17.68,4.154748334
17.685,4.156418721
17.69,4.156886685
17.695,4.153232304
17.7,4.15227952
17.705,4.154730984
17.71,4.154121951
17.715,4.152761586
17.72,4.154669281
17.725,4.154042186
17.73,4.150049257
17.735,4.150654305
17.74,4.154549867
17.745,4.154447252
17.75,4.153405219
17.755,4.15468352
17.76,4.153301463
17.765,4.150914856
17.77,4.153631675
17.775,4.156383652
17.78,4.15372902
17.785,4.151803458
17.79,4.152483678
17.795,4.149981076
17.8,4.147187347
17.805,4.149550038
17.81,4.151369287
17.815,4.149216581
17.82,4.149069996
17.825,4.150651543
17.83,4.149037991
17.835,4.148585464
17.84,4.15218481
17.845,4.152123879
17.85,4.147588239
17.855,4.146302514
17.86,4.146830119
17.865,4.144522975
17.87,4.144228483
17.875,4.147034088
17.88,4.145817864
17.885,4.142604541
17.89,4.143874658
17.895,4.145276312
17.9,4.143626921
17.905,4.144940857
17.91,4.147587334
17.915,4.144617936
17.92,4.140745215
17.925,4.141976359
17.93,4.142678518
17.935,4.140779047
17.94,4.141736546
17.945,4.142661507
17.95,4.139106708
17.955,4.137615993
17.96,4.140976806
17.965,4.141790318
17.97,4.140122075
17.975,4.141496673
17.98,4.141748334
17.985,4.137770328
17.99,4.136968536
17.995,4.139948301
18,4.139488041
18.005,4.137512796
18.01,4.138460484
18.015,4.13765973
18.02,4.134674553
18.025,4.136505547
18.03,4.1403385
18.035,4.139381415
18.04,4.138034279
18.045,4.139846707
18.05,4.139284896
18.055,4.137373437
18.06,4.139926518
18.065,4.142460175
18.07,4.140318472
18.075,4.139635106
18.08,4.141594406
18.085,4.140372441
18.09,4.139296354
18.095,4.142733466
18.1,4.143953338
18.105,4.140288814
18.11,4.139467169
18.115,4.141207355
18.12,4.139976116
18.125,4.139857338
18.13,4.143064407
18.135,4.142571735
18.14,4.138887154
18.145,4.139418703
18.15,4.14133871
18.155,4.140027018
18.16,4.140666691
18.165,4.143564363
18.17,4.141642296
18.175,4.138020734
18.18,4.13944142
18.185,4.141060588
18.19,4.13917254
18.195,4.139160562
18.2,4.139815259
18.205,4.135807721
18.21,4.13288592
18.215,4.135798072
18.22,4.13740066
18.225,4.135928921
18.23,4.137416089
18.235,4.138990224
18.24,4.136308627
18.245,4.135612844
18.25,4.138968959
18.255,4.138809158
18.26,4.13596395
18.265,4.13616849
18.27,4.135383485
18.275,4.131615257
18.28,4.132135092
18.285,4.136154422
18.29,4.135770321
18.295,4.134032722
18.3,4.136046721
18.305,4.136576592
18.31,4.134932209
18.315,4.137532829
18.32,4.140606128
18.325,4.137943432
18.33,4.135623047
18.335,4.136952091
18.34,4.135510252
18.345,4.132892745
18.35,4.135312762
18.355,4.137086696
18.36,4.13375119
18.365,4.132852662
18.37,4.135688306
18.375,4.135401424
18.38,4.134703053
18.385,4.137726372
18.39,4.137475139
18.395,4.132424261
18.4,4.131318676
18.405,4.132976172
18.41,4.131013481
18.415,4.130257897
18.42,4.133642707
18.425,4.133539694
18.43,4.130334597
18.435,4.131941292
18.44,4.134718713
18.445,4.133174156
18.45,4.132838136
18.455,4.134548476
18.46,4.131526977
18.465,4.127977126
18.47,4.130939068
18.475,4.133789274
18.48,4.131720496
18.485,4.131465864
18.49,4.13290079
18.495,4.129949567
18.5,4.12787684
18.505,4.130907156
18.51,4.131277065
18.515,4.127869603
18.52,4.128152711
18.525,4.129268205
18.53,4.126183251
18.535,4.125875203
18.54,4.130169339
18.545,4.130201052
18.55,4.127111206
18.555,4.128179134
18.56,4.129288151
18.565,4.126966119
18.57,4.127991726
18.575,4.131306156
18.58,4.128992821
18.585,4.125395042
18.59,4.12664653
18.595,4.126609268
18.6,4.123607316
18.605,4.125433603
18.61,4.129181873
18.615,4.127355345
18.62,4.125690439
18.625,4.128597988
18.63,4.129130733
18.635,4.127692981
18.64,4.130602493
18.645,4.132066902
18.65,4.127329678
18.655,4.125198645
18.66,4.128196526
18.665,4.12792231
18.67,4.126132379
18.675,4.12865654
18.68,4.129486601
18.685,4.126064813
18.69,4.1262805
18.695,4.129373267
18.7,4.128270437
18.705,4.127300515
18.71,4.130076069
18.715,4.129229614
18.72,4.125108495
18.725,4.12645306
18.73,4.129873483
18.735,4.128199506
18.74,4.126447635
18.745,4.127417474
18.75,4.125462541
18.755,4.123143484
18.76,4.126419045
18.765,4.128929519
18.77,4.126265589
18.775,4.125782081
18.78,4.127996447
18.785,4.126190199
18.79,4.124364035
18.795,4.127576316
18.8,4.128878838
18.805,4.125902607
18.81,4.125913989
18.815,4.127420404
18.82,4.125273302
18.825,4.125132194
18.83,4.128950534
18.835,4.128172011
18.84,4.123757553
18.845,4.124162833
18.85,4.125550421
18.855,4.122939482
18.86,4.122462101
18.865,4.125003317
18.87,4.123302569
18.875,4.120198039
18.88,4.121652719
18.885,4.122086821
18.89,4.119392305
18.895,4.120475087
18.9,4.123161363
18.905,4.120180321
18.91,4.116896563
18.915,4.118800265
18.92,4.119308151
18.925,4.116733457
18.93,4.117009376
18.935,4.117201129
18.94,4.113359601
18.945,4.112614884
18.95,4.116733021
18.955,4.11752894
18.96,4.115934521
18.965,4.117961495
18.97,4.119042749
18.975,4.11593264
18.98,4.115585703
18.985,4.11807285
18.99,4.116562542
18.995,4.11400667
19,4.114620572
19.005,4.113462302
19.01,4.110709478
19.015,4.11306406
19.02,4.116834966
19.025,4.115454937
19.03,4.114180343
19.035,4.116346994
19.04,4.116090105
19.045,4.114294703
19.05,4.116380634
19.055,4.117664733
19.06,4.114462128
19.065,4.113221129
19.07,4.114689521
19.075,4.113096891
19.08,4.111993068
19.085,4.115699641
19.09,4.117218382
19.095,4.114421219
19.1,4.114910767
19.105,4.117976094
19.11,4.117704617
19.115,4.117741641
19.12,4.120514755
19.125,4.11968715
19.13,4.116393303
19.135,4.117664177
19.14,4.119941205
19.145,4.118563499
19.15,4.119286678
19.155,4.123091509
19.16,4.122865735
19.165,4.120548215
19.17,4.122206651
19.175,4.123830925
19.18,4.1222939
19.185,4.122618966
19.19,4.123716353
19.195,4.120581104
19.2,4.118372201
19.205,4.121411733
19.21,4.123205093
19.215,4.121785814
19.22,4.122924604
19.225,4.124492202
19.23,4.122387721
19.235,4.121900719
19.24,4.124722715
19.245,4.124501572
19.25,4.12201892
19.255,4.122694631
19.26,4.1230105
19.265,4.12078462
19.27,4.122140803
19.275,4.126043388
19.28,4.125341636
19.285,4.122881971
19.29,4.124021573
19.295,4.124518201
19.3,4.123110168
19.305,4.124911157
19.31,4.1271078
19.315,4.124955702
19.32,4.123900352
19.325,4.126531302
19.33,4.126642997
19.335,4.125023829
19.34,4.127435008
19.345,4.129832725
19.35,4.127624336
19.355,4.126511773
19.36,4.12851901
19.365,4.128472714
19.37,4.127967009
19.375,4.130323501
19.38,4.130319327
19.385,4.126710781
19.39,4.126663137
19.395,4.129451276
19.4,4.128693003
19.405,4.127434708
19.41,4.129180774
19.415,4.128868592
19.42,4.126110266
19.425,4.126829239
19.43,4.129035329
19.435,4.128370592
19.44,4.128755812
19.445,4.130789931
19.45,4.129173744
19.455,4.126689847
19.46,4.128897429
19.465,4.130926934
19.47,4.128687098
19.475,4.127244607
19.48,4.12761841
19.485,4.12576496
19.49,4.124487822
19.495,4.126730356
19.5,4.127306299
19.505,4.125435199
19.51,4.126232925
19.515,4.127591869
19.52,4.125512716
19.525,4.124844624
19.53,4.127860421
19.535,4.128176231
19.54,4.125530095
19.545,4.125253903
19.55,4.125601276
19.555,4.124209281
19.56,4.125160817
19.565,4.127616501
19.57,4.126062406
19.575,4.123780412
19.58,4.125760721
19.585,4.127074238
19.59,4.124901746
19.595,4.124701338
19.6,4.126294934
19.605,4.124835815
19.61,4.123078309
19.615,4.123854551
19.62,4.12331476
19.625,4.121809659
19.63,4.123325521
19.635,4.124331908
19.64,4.121265019
19.645,4.119744309
19.65,4.121809952
19.655,4.121672214
19.66,4.119244418
19.665,4.11866021
19.67,4.117623466
19.675,4.11451137
19.68,4.113700894
19.685,4.114680593
19.69,4.113204127
19.695,4.111986201
19.7,4.113707859
19.705,4.113501547
19.71,4.110633995
19.715,4.110843255
19.72,4.113082168
19.725,4.112196763
19.73,4.110148915
19.735,4.109351004
19.74,4.10732308
19.745,4.105666472
19.75,4.107314651
19.755,4.108223272
19.76,4.105906056
19.765,4.105418957
19.77,4.107651499
19.775,4.107605075
19.78,4.106429331
19.785,4.107620779
19.79,4.108068178
19.795,4.105963132
19.8,4.104767151
19.805,4.104160836
19.81,4.101769227
19.815,4.101162406
19.82,4.103568106
19.825,4.103537146
19.83,4.10108664
19.835,4.10155513
19.84,4.103721106
19.845,4.103578849
19.85,4.103297607
19.855,4.104057607
19.86,4.102756704
19.865,4.100629558
19.87,4.10066091
19.875,4.100172077
19.88,4.09791119
19.885,4.098035124
19.89,4.099953218
19.895,4.099197781
19.9,4.097860264
19.905,4.099539248
19.91,4.101466622
19.915,4.101663167
19.92,4.102370872
19.925,4.102581408
19.93,4.100672407
19.935,4.099986564
19.94,4.101336007
19.945,4.100524654
19.95,4.098152931
19.955,4.098301532
19.96,4.098963438
19.965,4.097419828
19.97,4.096939311
19.975,4.098803968
19.98,4.099662656
19.985,4.099477743
19.99,4.099892938
19.995,4.098952986
20,4.096928729
20.005,4.097496189
20.01,4.099051765
20.015,4.097367144
20.02,4.094793469
20.025,4.094593149
20.03,4.094569753
20.035,4.09382022
20.04,4.094432397
20.045,4.09508605
20.05,4.093841797
20.055,4.093369728
20.06,4.09408379
20.065,4.092985635
20.07,4.091599361
20.075,4.092739017
20.08,4.093559846
20.085,4.09162274
20.09,4.090191566
20.095,4.090585705
20.1,4.090599832
20.105,4.090639692
20.11,4.091676872
20.115,4.091667817
20.12,4.090626474
20.125,4.091440473
20.13,4.09295061
20.135,4.092362342
20.14,4.091801267
20.145,4.093083683
20.15,4.093199917
20.155,4.091495316
20.16,4.091032337
20.165,4.091778162
20.17,4.092146235
20.175,4.092930422
20.18,4.093703951
20.185,4.092839233
20.19,4.092511542
20.195,4.0948076
20.2,4.096551519
20.205,4.0957662
20.21,4.095217592
20.215,4.096069284
20.22,4.096382411
20.225,4.096451413
20.23,4.097536826
20.235,4.098143954
20.24,4.098154695
20.245,4.099188164
20.25,4.099742577
20.255,4.098333198
20.26,4.09785394
20.265,4.099504849
20.27,4.099819469
20.275,4.098046598
20.28,4.096875929
20.285,4.09653678
20.29,4.09593768
20.295,4.095919527
20.3,4.096161351
20.305,4.095114357
20.31,4.094219181
20.315,4.095173117
20.32,4.095953902
20.325,4.095129546
20.33,4.094868465
20.335,4.095381677
20.34,4.094553673
20.345,4.093010799
20.35,4.09250668
20.355,4.092467136
20.36,4.092483076
20.365,4.093208093
20.37,4.093442339
20.375,4.092393848
20.38,4.092313538
20.385,4.093855899
20.39,4.094332883
20.395,4.093152296
20.4,4.092335262
20.405,4.091964949
20.41,4.091072783
20.415,4.090572393
20.42,4.090887866
20.425,4.09101731
20.43,4.091468291
20.435,4.092650744
20.44,4.092584178
20.445,4.091206
20.45,4.091147247
20.455,4.092646183
20.46,4.093076198
20.465,4.092129302
20.47,4.091493721
20.475,4.091142764
20.48,4.090965019
20.485,4.091468815
20.49,4.091965265
20.495,4.091685388
20.5,4.0919025
20.505,4.093399928
20.51,4.094449415
20.515,4.09468824
20.52,4.095678036
20.525,4.096975233
20.53,4.096838683
20.535,4.095798254
20.54,4.095155953
20.545,4.09469687
20.55,4.094570911
20.555,4.095212198
20.56,4.095651423
20.565,4.095319853
20.57,4.095790555
20.575,4.097659579
20.58,4.099151479
20.585,4.099550186
20.59,4.099833305
20.595,4.099994225
20.6,4.099261486
20.605,4.098246485
20.61,4.097751408
20.615,4.09750155
20.62,4.097461868
20.625,4.097776184
20.63,4.09770481
20.635,4.097410865
20.64,4.098364106
20.645,4.100116201
20.65,4.100567784
20.655,4.099619259
20.66,4.098747638
20.665,4.09802215
20.67,4.097046748
20.675,4.096234588
20.68,4.095482139
20.685,4.094556903
20.69,4.094247581
20.695,4.094638141
20.7,4.094456693
20.705,4.093778661
20.71,4.09399252
20.715,4.094783019
20.72,4.094708359
20.725,4.093985734
20.73,4.093709379
20.735,4.093538437
20.74,4.093169156
20.745,4.093071069
20.75,4.092607311
20.755,4.091412552
20.76,4.09076773
20.765,4.091170578
20.77,4.091186857
20.775,4.09061948
20.78,4.090746945
20.785,4.091110086
20.79,4.090741921
20.795,4.090601929
20.8,4.091280649
20.805,4.09179032
20.81,4.091879115
20.815,4.091913688
20.82,4.091412331
20.825,4.0904734
20.83,4.090638301
20.835,4.091629212
20.84,4.091424049
20.845,4.090510572
20.85,4.090583788
20.855,4.091081683
20.86,4.090860216
20.865,4.090665638
20.87,4.090880047
20.875,4.090703429
20.88,4.090626598
20.885,4.090884081
20.89,4.090561719
20.895,4.089977038
20.9,4.090374773
20.905,4.091063399
20.91,4.09054554
20.915,4.089758512
20.92,4.089985977
20.925,4.090508838
20.93,4.090758771
20.935,4.090815518
20.94,4.090161116
20.945,4.089086408
20.95,4.089092485
20.955,4.089560907
20.96,4.088735315
20.965,4.087656246
20.97,4.08783637
20.975,4.087854289
20.98,4.086934814
20.985,4.086525197
20.99,4.086869745
20.995,4.087234689
21,4.08782372
21.005,4.088374481
21.01,4.087740486
21.015,4.086877661
21.02,4.087547472
21.025,4.088291392
21.03,4.087482493
21.035,4.086768124
21.04,4.087185956
21.045,4.08712652
21.05,4.086621671
21.055,4.087078495
21.06,4.087523822
21.065,4.087327685
21.07,4.087695858
21.075,4.087908545
21.08,4.086457399
21.085,4.085295948
21.09,4.085952638
21.095,4.08594779
21.1,4.084079861
21.105,4.082830447
21.11,4.083042161
21.115,4.083407988
21.12,4.084163042
21.125,4.085325366
21.13,4.085520931
21.135,4.085153543
21.14,4.085872303
21.145,4.08608496
21.15,4.08432472
21.155,4.083121399
21.16,4.083325447
21.165,4.082678848
21.17,4.08125285
21.175,4.080834776
21.18,4.080857843
21.185,4.080885046
21.19,4.082036109
21.195,4.082721635
21.2,4.081371488
21.205,4.080670821
21.21,4.081859308
21.215,4.082167803
21.22,4.081060118
21.225,4.081108764
21.23,4.081785356
21.235,4.081334685
21.24,4.081286167
21.245,4.082122467
21.25,4.082018461
21.255,4.082010767
21.26,4.083456242
21.265,4.083701788
21.27,4.081911421
21.275,4.081753114
21.28,4.083489551
21.285,4.083678325
21.29,4.083022102
21.295,4.083763375
21.3,4.084491803
21.305,4.084751974
21.31,4.086325589
21.315,4.087769977
21.32,4.087011954
21.325,4.086738139
21.33,4.088258228
21.335,4.088185703
21.34,4.086600219
21.345,4.086885999
21.35,4.087916484
21.355,4.087117855
21.36,4.086218563
21.365,4.086289113
21.37,4.085610995
21.375,4.085207637
21.38,4.086432327
21.385,4.086298673
21.39,4.0840884
21.395,4.083682398
21.4,4.08487171
21.405,4.084142546
21.41,4.082667131
21.415,4.082713287
21.42,4.08223438
21.425,4.080691664
21.43,4.080263878
21.435,4.079975429
21.44,4.078534972
21.445,4.078595066
21.45,4.080165276
21.455,4.079216551
21.46,4.076956494
21.465,4.077445733
21.47,4.078627531
21.475,4.077782303
21.48,4.077241009
21.485,4.07761788
21.49,4.076735295
21.495,4.076243845
21.5,4.077593643
21.505,4.077312126
21.51,4.075423049
21.515,4.075861572
21.52,4.07726548
21.525,4.076062566
21.53,4.075072188
21.535,4.077031696
21.54,4.078423795
21.545,4.078183621
21.55,4.078846559
21.555,4.079294494
21.56,4.078231952
21.565,4.078847594
21.57,4.081038623
21.575,4.080505652
21.58,4.078723768
21.585,4.079646558
21.59,4.081079202
21.595,4.080689605
21.6,4.081319755
21.605,4.083429601
21.61,4.084056625
21.615,4.08436569
21.62,4.085985877
21.625,4.086164858
21.63,4.085019554
21.635,4.086107345
21.64,4.087635772
21.645,4.086130709
21.65,4.084864542
21.655,4.086410194
21.66,4.087208397
21.665,4.086620454
21.67,4.087493512
21.675,4.088241957
21.68,4.087308121
21.685,4.087889326
21.69,4.089820336
21.695,4.089343463
21.7,4.088415678
21.705,4.090156666
21.71,4.091146682
21.715,4.089703982
21.72,4.089748325
21.725,4.091345912
21.73,4.091204189
21.735,4.090768037
21.74,4.091496766
21.745,4.090448884
21.75,4.088410334
21.755,4.089175491
21.76,4.090324423
21.765,4.088521995
21.77,4.087329996
21.775,4.088555655
21.78,4.088552032
21.785,4.08762386
21.79,4.088801818
21.795,4.089858772
21.8,4.088871877
21.805,4.088883445
21.81,4.089670579
21.815,4.088100528
21.82,4.086618061
21.825,4.087738529
21.83,4.087689017
21.835,4.085234034
21.84,4.084674453
21.845,4.085975649
21.85,4.085869735
21.855,4.086022407
21.86,4.087701671
21.865,4.087919837
21.87,4.087262562
21.875,4.08859575
21.88,4.089468379
21.885,4.088002014
21.89,4.087844577
21.895,4.089389589
21.9,4.088790247
21.905,4.087227036
21.91,4.087689436
21.915,4.088051453
21.92,4.087242941
21.925,4.087794204
21.93,4.088639064
21.935,4.087423003
21.94,4.087147213
21.945,4.089260379
21.95,4.089670457
21.955,4.088152282
21.96,4.088424236
21.965,4.089046982
21.97,4.087671905
21.975,4.087244713
21.98,4.088596565
21.985,4.088624553
21.99,4.088466615
21.995,4.090331353
22,4.091029435
22.005,4.089725598
22.01,4.090597926
22.015,4.092925419
22.02,4.092584959
22.025,4.091627708
22.03,4.092580223
22.035,4.092746597
22.04,4.092057606
22.045,4.093196254
22.05,4.094283609
22.055,4.093268736
22.06,4.093343593
22.065,4.095042748
22.07,4.094581086
22.075,4.093397194
22.08,4.094838724
22.085,4.096044114
22.09,4.094868551
22.095,4.094731289
22.1,4.095863365
22.105,4.095372651
22.11,4.095087838
22.115,4.096257579
22.12,4.095218817
22.125,4.092576433
22.13,4.092660746
22.135,4.093454097
22.14,4.091726315
22.145,4.090637815
22.15,4.091677331
22.155,4.091246365
22.16,4.08993847
22.165,4.090740574
22.17,4.091121051
22.175,4.089697483
22.18,4.090026157
22.185,4.091168413
22.19,4.089389169
22.195,4.087748497
22.2,4.089376256
22.205,4.090130007
22.21,4.088667848
22.215,4.088877546
22.22,4.089432607
22.225,4.087520765
22.23,4.086550222
22.235,4.087584618
22.24,4.08642116
22.245,4.084508283
22.25,4.085611484
22.255,4.086435896
22.26,4.084732649
22.265,4.084987503
22.27,4.08738066
22.275,4.087319072
22.28,4.086437883
22.285,4.087607857
22.29,4.087726939
22.295,4.086314127
22.3,4.087451495
22.305,4.089133124
22.31,4.087578082
22.315,4.086766341
22.32,4.088976525
22.325,4.089600739
22.33,4.0886819
22.335,4.090462486
22.34,4.092473153
22.345,4.09169409
22.35,4.091896267
22.355,4.093633634
22.36,4.092943872
22.365,4.091999296
22.37,4.093873529
22.375,4.094170565
22.38,4.091534367
22.385,4.091550874
22.39,4.093627652
22.395,4.092923641
22.4,4.092043171
22.405,4.093610327
22.41,4.093407711
22.415,4.091594761
22.42,4.092732462
22.425,4.093940957
22.43,4.091897301
22.435,4.091274035
22.44,4.093173939
22.445,4.092087743
22.45,4.089675654
22.455,4.090958134
22.46,4.092340792
22.465,4.090954697
22.47,4.091162693
22.475,4.092721033
22.48,4.091542296
22.485,4.09089525
22.49,4.093405327
22.495,4.093780513
22.5,4.091451861
22.505,4.092011806
22.51,4.093715069
22.515,4.092476873
22.52,4.092210596
22.525,4.094747581
22.53,4.094954123
22.535,4.093302801
22.54,4.094405977
22.545,4.095192448
22.55,4.093293605
22.555,4.093704275
22.56,4.095859867
22.565,4.094252803
22.57,4.092016093
22.575,4.093829028
22.58,4.095052651
22.585,4.093671913
22.59,4.09464419
22.595,4.096412743
22.6,4.094886407
22.605,4.094180942
22.61,4.096468883
22.615,4.096196417
22.62,4.093788616
22.625,4.094667899
22.63,4.095584564
22.635,4.092886383
22.64,4.091939517
22.645,4.094139227
22.65,4.093806526
22.655,4.092258592
22.66,4.093529329
22.665,4.093702523
22.67,4.091423234
22.675,4.092251592
22.68,4.094726706
22.685,4.093383778
22.69,4.092122128
22.695,4.094331431
22.7,4.094575291
22.705,4.092291832
22.71,4.093036236
22.715,4.094684565
22.72,4.092999423
22.725,4.092113204
22.73,4.093636173
22.735,4.0927385
22.74,4.091237435
22.745,4.093658141
22.75,4.095403643
22.755,4.093155286
22.76,4.092889313
22.765,4.095273726
22.77,4.094673588
22.775,4.093475304
22.78,4.095201572
22.785,4.095365742
22.79,4.09344301
22.795,4.094771035
22.8,4.096986598
22.805,4.095806674
22.81,4.096088682
22.815,4.099632142
22.82,4.099953744
22.825,4.097774569
22.83,4.099166622
22.835,4.101238347
22.84,4.100198382
22.845,4.100254942
22.85,4.101615472
22.855,4.099489418
22.86,4.097446259
22.865,4.099697508
22.87,4.100581894
22.875,4.098229335
22.88,4.098729382
22.885,4.100929105
22.89,4.099334511
22.895,4.097894545
22.9,4.100021658
22.905,4.100361646
22.91,4.098658786
22.915,4.099934341
22.92,4.101086104
22.925,4.098864313
22.93,4.099248398
22.935,4.10292724
22.94,4.102848146
22.945,4.100689439
22.95,4.102128481
22.955,4.103279466
22.96,4.101311572
22.965,4.101378102
22.97,4.103100001
22.975,4.101795059
22.98,4.100993812
22.985,4.103456285
22.99,4.103513151
22.995,4.1012629
23,4.103014552
23.005,4.105667938
23.01,4.103743571
23.015,4.102066441
23.02,4.103591928
23.025,4.10332213
23.03,4.101959131
23.035,4.103826057
23.04,4.104621186
23.045,4.102169319
23.05,4.102868937
23.055,4.106244471
23.06,4.105928675
23.065,4.105001113
23.07,4.108075363
23.075,4.109590369
23.08,4.107616579
23.085,4.108092539
23.09,4.1097852
23.095,4.10840392
23.1,4.107867172
23.105,4.10977359
23.11,4.108643679
23.115,4.106121626
23.12,4.10844116
23.125,4.111318347
23.13,4.109807383
23.135,4.109393016
23.14,4.111864314
23.145,4.11169046
23.15,4.110311317
23.155,4.111783096
23.16,4.111808455
23.165,4.10902879
23.17,4.109313632
23.175,4.110965888
23.18,4.10859674
23.185,4.107061618
23.19,4.110365078
23.195,4.112054676
23.2,4.110182526
23.205,4.110359547
23.21,4.111251067
23.215,4.109360064
23.22,4.108887086
23.225,4.110465638
23.23,4.108785726
23.235,4.10645698
23.24,4.108635674
23.245,4.110287229
23.25,4.10796091
23.255,4.107891368
23.26,4.110590208
23.265,4.110226294
23.27,4.108948029
23.275,4.110223925
23.28,4.10989276
23.285,4.107929949
23.29,4.109356309
23.295,4.110717312
23.3,4.107337601
23.305,4.105362087
23.31,4.107979707
23.315,4.108617456
23.32,4.106935957
23.325,4.108154978
23.33,4.109679828
23.335,4.108259046
23.34,4.108330385
23.345,4.110176523
23.35,4.108837075
23.355,4.107474236
23.36,4.109949265
23.365,4.110419607
23.37,4.107134827
23.375,4.107023707
23.38,4.10982929
23.385,4.109515687
23.39,4.108311218
23.395,4.109547486
23.4,4.109685643
23.405,4.109287249
23.41,4.112183295
23.415,4.114362792
23.42,4.112365563
23.425,4.112018442
23.43,4.114865171
23.435,4.114481654
23.44,4.111948792
23.445,4.11298544
23.45,4.114590382
23.455,4.113648152
23.46,4.113904778
23.465,4.115117422
23.47,4.114226847
23.475,4.115081303
23.48,4.119351445
23.485,4.120325097
23.49,4.117672072
23.495,4.118243876
23.5,4.120776099
23.505,4.120205484
23.51,4.119495452
23.515,4.120864374
23.52,4.120633332
23.525,4.120042503
23.53,4.122409572
23.535,4.123642383
23.54,4.122002536
23.545,4.123252373
23.55,4.126571746
23.555,4.125592157
23.56,4.122956996
23.565,4.123996061
23.57,4.125296314
23.575,4.124610891
23.58,4.125557221
23.585,4.126708478
23.59,4.125166482
23.595,4.125168827
23.6,4.127728242
23.605,4.12692972
23.61,4.123942919
23.615,4.124822396
23.62,4.126348267
23.625,4.123851529
23.63,4.121931011
23.635,4.122900704
23.64,4.122754466
23.645,4.122174973
23.65,4.123513024
23.655,4.123154282
23.66,4.121023955
23.665,4.122572156
23.67,4.125207739
23.675,4.123093738
23.68,4.120100053
23.685,4.1207322
23.69,4.120949959
23.695,4.119176253
23.7,4.118984868
23.705,4.119171702
23.71,4.117933606
23.715,4.1187045
23.72,4.120947009
23.725,4.119816232
23.73,4.118121894
23.735,4.120506782
23.74,4.122212973
23.745,4.119749839
23.75,4.11815348
23.755,4.118670636
23.76,4.117877723
23.765,4.117390167
23.77,4.118683333
23.775,4.118017345
23.78,4.116517761
23.785,4.118958504
23.79,4.121872995
23.795,4.120718476
23.8,4.120087652
23.805,4.122653633
23.81,4.123255612
23.815,4.121506994
23.82,4.1217056
23.825,4.12239548
23.83,4.121934008
23.835,4.123333967
23.84,4.125237055
23.845,4.124035707
23.85,4.123710462
23.855,4.127837972
23.86,4.130629813
23.865,4.129508915
23.87,4.129963783
23.875,4.132149213
23.88,4.132055443
23.885,4.131633555
23.89,4.132564805
23.895,4.131645991
23.9,4.130365071
23.905,4.13216782
23.91,4.132989708
23.915,4.130538153
23.92,4.130725373
23.925,4.134403084
23.93,4.135217365
23.935,4.133301706
23.94,4.132948334
23.945,4.132920579
23.95,4.132171033
23.955,4.133171283
23.96,4.13379418
23.965,4.131151733
23.97,4.129985431
23.975,4.132457746
23.98,4.132699425
23.985,4.13031079
23.99,4.130917141
23.995,4.133219877
24,4.132984812
24.005,4.132546275
24.01,4.133182923
24.015,4.132017224
24.02,4.131020515
24.025,4.132389639
24.03,4.131415058
24.035,4.127237256
24.04,4.126307037
24.045,4.128384496
24.05,4.127621711
24.055,4.12575734
24.06,4.126680076
24.065,4.12749712
24.07,4.126787188
24.075,4.127537117
24.08,4.128084995
24.085,4.126247022
24.09,4.126412797
24.095,4.129091731
24.1,4.12819204
24.105,4.125172908
24.11,4.126342364
24.115,4.129020696
24.12,4.128652899
24.125,4.128265199
24.13,4.12927849
24.135,4.129081703
24.14,4.129546709
24.145,4.132154538
24.15,4.132423175
24.155,4.130284827
24.16,4.131408425
24.165,4.133937572
24.17,4.132597212
24.175,4.130889066
24.18,4.13273652
24.185,4.13423432
24.19,4.134004228
24.195,4.134902631
24.2,4.135316533
24.205,4.134411051
24.21,4.136222631
24.215,4.139449218
24.22,4.138516519
24.225,4.136192864
24.23,4.13784184
24.235,4.139888918
24.24,4.138874706
24.245,4.138738122
24.25,4.140215901
24.255,4.140102489
24.26,4.140211497
24.265,4.141994839
24.27,4.141785151
24.275,4.140428593
24.28,4.142432239
24.285,4.144470655
24.29,4.142226199
24.295,4.140520916
24.3,4.142503642
24.305,4.143484482
24.31,4.142328927
24.315,4.142269178
24.32,4.141921182
24.325,4.140285582
24.33,4.140946186
24.335,4.142396445
24.34,4.14032239
24.345,4.13832135
24.35,4.140146894
24.355,4.140818148
24.36,4.137902747
24.365,4.136832246
24.37,4.13830132
24.375,4.13823018
24.38,4.137709178
24.385,4.138121079
24.39,4.136828146
24.395,4.135637151
24.4,4.138031743
24.405,4.13937364
24.41,4.136194144
24.415,4.134197125
24.42,4.135687085
24.425,4.135596928
24.43,4.133795709
24.435,4.133904207
24.44,4.134099348
24.445,4.132994203
24.45,4.13343868
24.455,4.134055619
24.46,4.132027145
24.465,4.131593322
24.47,4.134794364
24.475,4.135300917
24.48,4.132005153
24.485,4.13110988
24.49,4.132567985
24.495,4.132292838
24.5,4.131721418
24.505,4.132176923
24.51,4.131228469
24.515,4.130599946
24.52,4.132938455
24.525,4.133909501
24.53,4.131868828
24.535,4.132589554
24.54,4.136109325
24.545,4.136404065
24.55,4.134754871
24.555,4.135683249
24.56,4.13710998
24.565,4.137345214
24.57,4.13851232
24.575,4.139100904
24.58,4.137525994
24.585,4.138102488
24.59,4.141626279
24.595,4.142134437
24.6,4.140098991
24.605,4.141455836
24.61,4.144261452
24.615,4.144071879
24.62,4.143527649
24.625,4.144597305
24.63,4.14474448
24.635,4.145043429
24.64,4.146867191
24.645,4.14634106
24.65,4.143704129
24.655,4.144651032
24.66,4.147721378
24.665,4.146927581
24.67,4.144543745
24.675,4.144928233
24.68,4.145578288
24.685,4.145054228
24.69,4.14567636
24.695,4.14594047
24.7,4.144379386
24.705,4.144735896
24.71,4.146607458
24.715,4.144966966
24.72,4.14193749
24.725,4.14260609
24.73,4.143600997
24.735,4.140901559
24.74,4.138531063
24.745,4.138795341
24.75,4.138865233
24.755,4.139093841
24.76,4.140047872
24.765,4.138477679
24.77,4.1355916
24.775,4.136545398
24.78,4.138798706
24.785,4.137287931
24.79,4.135402931
24.795,4.136608126
24.8,4.137350165
24.805,4.136018695
24.81,4.135549299
24.815,4.135377508
24.82,4.134369598
24.825,4.135035524
24.83,4.135984483
24.835,4.133435752
24.84,4.130919908
24.845,4.13269556
24.85,4.134173524
24.855,4.131929308
24.86,4.130241384
24.865,4.130707013
24.87,4.13067355
24.875,4.13099372
24.88,4.132404646
24.885,4.132205681
24.89,4.131572603
24.895,4.133641343
24.9,4.134790763
24.905,4.131895885
24.91,4.130122756
24.915,4.132195638
24.92,4.133284952
24.925,4.13188366
24.93,4.131232213
24.935,4.131152881
24.94,4.13094894
24.945,4.132541003
24.95,4.133933444
24.955,4.132034642
24.96,4.130593136
24.965,4.132593163
24.97,4.133412982
24.975,4.131237421
24.98,4.130821103
24.985,4.132388624
24.99,4.132330305
24.995,4.131471123
25,4.131360172
25.005,4.130759384
25.01,4.130849719
25.015,4.133230932
25.02,4.133868356
25.025,4.131069276
25.03,4.130173116
25.035,4.132268374
25.04,4.132279122
25.045,4.129958928
25.05,4.128942627
25.055,4.12857167
25.06,4.127741426
25.065,4.128015669
25.07,4.127980645
25.075,4.126223374
25.08,4.12641637
25.085,4.129363019
25.09,4.129706823
25.095,4.127316036
25.1,4.127623122
25.105,4.129800294
25.11,4.129594569
25.115,4.128020963
25.12,4.126808999
25.125,4.125028174
25.13,4.124290683
25.135,4.125800783
25.14,4.125784972
25.145,4.123654792
25.15,4.124185343
25.155,4.12674784
25.16,4.12645455
25.165,4.12464842
25.17,4.125194536
25.175,4.126338855
25.18,4.126068406
25.185,4.125958967
25.19,4.125467893
25.195,4.124135655
25.2,4.125322689
25.205,4.12829377
25.21,4.127870879
25.215,4.125380097
25.22,4.126275312
25.225,4.129057582
25.23,4.12952991
25.235,4.129151147
25.24,4.129564495
25.245,4.129377528
25.25,4.129264151
25.255,4.129936385
25.26,4.12907723
25.265,4.127517716
25.27,4.129114908
25.275,4.131582006
25.28,4.130435626
25.285,4.128767789
25.29,4.130517503
25.295,4.132924462
25.3,4.133555596
25.305,4.133499421
25.31,4.132549693
25.315,4.131053006
25.32,4.131561307
25.325,4.132729423
25.33,4.130936998
25.335,4.128770424
25.34,4.130114229
25.345,4.13179534
25.35,4.130657451
25.355,4.129661363
25.36,4.130674748
25.365,4.131616665
25.37,4.132177873
25.375,4.132487473
25.38,4.130903075
25.385,4.12923259
25.39,4.130634727
25.395,4.132049344
25.4,4.129741998
25.405,4.12750052
25.41,4.128590379
25.415,4.129879371
25.42,4.129754098
25.425,4.130096908
25.43,4.130684444
25.435,4.130865008
25.44,4.131721863
25.445,4.131779969
25.45,4.129420521
25.455,4.128013449
25.46,4.129683626
25.465,4.130121878
25.47,4.127370192
25.475,4.125963103
25.48,4.12773387
25.485,4.129752677
25.49,4.130772238
25.495,4.130827709
25.5,4.129317661
25.505,4.128291867
25.51,4.12959836
25.515,4.129857412
25.52,4.127108552
25.525,4.125433129
25.53,4.126377358
25.535,4.126305063
25.54,4.124351302
25.545,4.123349161
25.55,4.123905351
25.555,4.12488725
25.56,4.125929739
25.565,4.125541663
25.57,4.123388908
25.575,4.123172132
25.58,4.125722585
25.585,4.126226
25.59,4.123632079
25.595,4.122362735
25.6,4.123204126
25.605,4.123489859
25.61,4.123405685
25.615,4.1238288
25.62,4.124244302
25.625,4.125438238
25.63,4.127476323
25.635,4.127667968
25.64,4.126178971
25.645,4.12691771
25.65,4.129520445
25.655,4.129573562
25.66,4.127046443
25.665,4.125754059
25.67,4.126655977
25.675,4.128485658
25.68,4.130406928
25.685,4.131066629
25.69,4.130443196
25.695,4.13115223
25.7,4.133219424
25.705,4.133192828
25.71,4.131389411
25.715,4.131683437
25.72,4.133370973
25.725,4.133119021
25.73,4.131531731
25.735,4.13081771
25.74,4.131474643
25.745,4.133320301
25.75,4.13504017
25.755,4.134289487
25.76,4.132542784
25.765,4.13366287
25.77,4.136330453
25.775,4.136413423
25.78,4.13436906
25.785,4.133275297
25.79,4.13328785
25.795,4.133072146
25.8,4.132525418
25.805,4.131529896
25.81,4.130932717
25.815,4.13209699
25.82,4.133229072
25.825,4.131763539
25.83,4.129878947
25.835,4.13085713
25.84,4.132627259
25.845,4.13183637
25.85,4.129554643
25.855,4.12817093
25.86,4.128114575
25.865,4.129198395
25.87,4.130230561
25.875,4.129673419
25.88,4.128963995
25.885,4.130450634
25.89,4.132280226
25.895,4.131666384
25.9,4.130716748
25.905,4.132072665
25.91,4.13380921
25.915,4.133562298
25.92,4.132081597
25.925,4.131054371
25.93,4.131801543
25.935,4.134179477
25.94,4.135528627
25.945,4.134092765
25.95,4.13288763
25.955,4.13479351
25.96,4.137370747
25.965,4.137867374
25.97,4.137403766
25.975,4.137760479
25.98,4.138385938
25.985,4.138361967
25.99,4.137581203
25.995,4.136396535
26,4.136565571
26.005,4.138583981
26.01,4.139597588
26.015,4.138143557
26.02,4.137351439
26.025,4.139449692
26.03,4.141896191
26.035,4.142083926
26.04,4.140573044
26.045,4.139046271
26.05,4.138712302
26.055,4.139544685
26.06,4.139699516
26.065,4.138493145
26.07,4.138286043
26.075,4.139977704
26.08,4.140873299
26.085,4.139937348
26.09,4.139854248
26.095,4.141576689
26.1,4.142961533
26.105,4.142469716
26.11,4.140575491
26.115,4.138808945
26.12,4.138758906
26.125,4.140091558
26.13,4.139897345
26.135,4.137580132
26.14,4.136401913
26.145,4.137553175
26.15,4.13849435
26.155,4.137894229
26.16,4.1373025
26.165,4.137591953
26.17,4.137882329
26.175,4.137355786
26.18,4.135584667
26.185,4.133602095
26.19,4.133610004
26.195,4.135030151
26.2,4.134686638
26.205,4.132311921
26.21,4.131465558
26.215,4.133578128
26.22,4.135828041
26.225,4.136235677
26.23,4.135451711
26.235,4.134810529
26.24,4.135239351
26.245,4.135946164
26.25,4.135187659
26.255,4.13330779
26.26,4.132841602
26.265,4.133847262
26.27,4.133482852
26.275,4.131802622
26.28,4.131760531
26.285,4.1339936
26.29,4.13609161
26.295,4.136347272
26.3,4.13518829
26.305,4.134342775
26.31,4.135492541
26.315,4.137655294
26.32,4.137870379
26.325,4.136320954
26.33,4.136116318
26.335,4.13760868
26.34,4.138334238
26.345,4.137708839
26.35,4.137610612
26.355,4.138824564
26.36,4.140212191
26.365,4.140442497
26.37,4.139167672
26.375,4.138298241
26.38,4.139742619
26.385,4.142029328
26.39,4.142101184
26.395,4.140287653
26.4,4.140124012
26.405,4.142318394
26.41,4.144184332
26.415,4.144196712
26.42,4.143390801
26.425,4.143449298
26.43,4.144578788
26.435,4.145456394
26.44,4.144887064
26.445,4.143881843
26.45,4.144497279
26.455,4.145769214
26.46,4.145005972
26.465,4.142817902
26.47,4.142422131
26.475,4.14449851
26.48,4.146364825
26.485,4.14587993
26.49,4.143666467
26.495,4.141970423
26.5,4.142333648
26.505,4.143293992
26.51,4.142307903
26.515,4.140169311
26.52,4.139614225
26.525,4.140581681
26.53,4.140514028
26.535,4.139164676
26.54,4.138569781
26.545,4.139474274
26.55,4.140521013
26.555,4.13983712
26.56,4.137730551
26.565,4.136713116
26.57,4.138288638
26.575,4.140270344
26.58,4.139477807
26.585,4.13672531
26.59,4.135576463
26.595,4.136736964
26.6,4.137769318
26.605,4.137151217
26.61,4.135905891
26.615,4.135778236
26.62,4.136751393
26.625,4.137220206
26.63,4.136352318
26.635,4.135893812
26.64,4.137516718
26.645,4.139228643
26.65,4.138536885
26.655,4.136487972
26.66,4.13647321
26.665,4.139344324
26.67,4.142100879
26.675,4.142584341
26.68,4.141503147
26.685,4.141294378
26.69,4.142963398
26.695,4.14465438
26.7,4.144627128
26.705,4.143906645
26.71,4.144761345
26.715,4.146474333
26.72,4.14680779
26.725,4.146318978
26.73,4.147157346
26.735,4.149550484
26.74,4.151420248
26.745,4.150863503
26.75,4.148701285
26.755,4.147903627
26.76,4.149655702
26.765,4.151381857
26.77,4.150364614
26.775,4.148036372
26.78,4.147470682
26.785,4.1486597
26.79,4.149330996
26.795,4.148599242
26.8,4.147779168
26.805,4.148000988
26.81,4.148776209
26.815,4.148462666
26.82,4.146857076
26.825,4.146475236
26.83,4.148370805
26.835,4.149720053
26.84,4.148100369
26.845,4.145343163
26.85,4.144703163
26.855,4.146368213
26.86,4.148008403
26.865,4.147878219
26.87,4.146388773
26.875,4.145751922
26.88,4.146967331
26.885,4.147972738
26.89,4.147404288
26.895,4.146990469
26.9,4.147995831
26.905,4.148722245
26.91,4.147858261
26.915,4.146742613
26.92,4.146940034
26.925,4.148660789
26.93,4.150320122
26.935,4.149909902
26.94,4.148022004
26.945,4.147965397
26.95,4.150737952
26.955,4.152982473
26.96,4.152742187
26.965,4.151989959
26.97,4.152313581
26.975,4.153086798
26.98,4.153492595
26.985,4.153370798
26.99,4.153188425
26.995,4.153932057
27,4.155100671
27.005,4.154580496
27.01,4.152763645
27.015,4.153089096
27.02,4.155821372
27.025,4.157137265
27.03,4.155885124
27.035,4.154550868
27.04,4.15474586
27.045,4.156195836
27.05,4.157898632
27.055,4.157920319
27.06,4.156242985
27.065,4.155933359
27.07,4.157531343
27.075,4.157998155
27.08,4.157018045
27.085,4.157481128
27.09,4.15908978
27.095,4.159345395
27.1,4.158436839
27.105,4.157854783
27.11,4.158293366
27.115,4.160320455
27.12,4.162783326
27.125,4.162540433
27.13,4.16013933
27.135,4.160047995
27.14,4.162506739
27.145,4.163382698
27.15,4.162236959
27.155,4.161573985
27.16,4.161277509
27.165,4.160765504
27.17,4.160839827
27.175,4.16077608
27.18,4.160040492
27.185,4.160594982
27.19,4.161736728
27.195,4.160037259
27.2,4.157365075
27.205,4.158098022
27.21,4.160435657
27.215,4.160489377
27.22,4.15940641
27.225,4.158877743
27.23,4.158339092
27.235,4.158936103
27.24,4.160925287
27.245,4.160920482
27.25,4.158953777
27.255,4.15912766
27.26,4.160463754
27.265,4.159271863
27.27,4.157842305
27.275,4.159239699
27.28,4.16049251
27.285,4.159340553
27.29,4.158159747
27.295,4.157458794
27.3,4.156786216
27.305,4.158414357
27.31,4.161123835
27.315,4.16019526
27.32,4.157374898
27.325,4.1579569
27.33,4.159669273
27.335,4.158669663
27.34,4.157687777
27.345,4.158122599
27.35,4.1572987
27.355,4.156084905
27.36,4.156475719
27.365,4.156170449
27.37,4.155232423
27.375,4.157171089
27.38,4.159366588
27.385,4.157444798
27.39,4.155448142
27.395,4.157470954
27.4,4.159520494
27.405,4.159176264
27.41,4.159139403
27.415,4.158943098
27.42,4.157462546
27.425,4.158034433
27.43,4.160661765
27.435,4.160915694
27.44,4.160256765
27.445,4.16232524
27.45,4.163611388
27.455,4.16184075
27.46,4.162032508
27.465,4.165243613
27.47,4.166363347
27.475,4.165441048
27.48,4.165316318
27.485,4.164153452
27.49,4.162615707
27.495,4.164572435
27.5,4.16687908
27.505,4.165011359
27.51,4.163435643
27.515,4.165311791
27.52,4.165654377
27.525,4.163762341
27.53,4.16426625
27.535,4.165420861
27.54,4.164079684
27.545,4.163288893
27.55,4.163754169
27.555,4.162382052
27.56,4.161699543
27.565,4.164512875
27.57,4.165276745
27.575,4.161740312
27.58,4.160389481
27.585,4.162505583
27.59,4.162920236
27.595,4.162325505
27.6,4.16339429
27.605,4.163011697
27.61,4.161096099
27.615,4.161910099
27.62,4.163043965
27.625,4.161160685
27.63,4.160748831
27.635,4.163125943
27.64,4.162498278
27.645,4.159837265
27.65,4.161096589
27.655,4.163899148
27.66,4.164068386
27.665,4.164196555
27.67,4.164533027
27.675,4.162090908
27.68,4.160377652
27.685,4.162373238
27.69,4.162803288
27.695,4.160127458
27.7,4.160041572
27.705,4.161761042
27.71,4.160446973
27.715,4.159513628
27.72,4.162045307
27.725,4.163278132
27.73,4.162216957
27.735,4.162457773
27.74,4.161789012
27.745,4.158821762
27.75,4.159252824
27.755,4.162721533
27.76,4.161962791
27.765,4.158761199
27.77,4.159336341
27.775,4.160860169
27.78,4.160121949
27.785,4.160814075
27.79,4.162598875
27.795,4.16148064
27.8,4.160585247
27.805,4.1623841
27.81,4.161869733
27.815,4.159343054
27.82,4.160657145
27.825,4.162429332
27.83,4.159041366
27.835,4.155735966
27.84,4.156984057
27.845,4.158260986
27.85,4.158591392
27.855,4.160683494
27.86,4.161054988
27.865,4.158420961
27.87,4.158737617
27.875,4.161359186
27.88,4.159837014
27.885,4.15699404
27.89,4.15800579
27.895,4.158107808
27.9,4.154936751
27.905,4.154375576
27.91,4.156223685
27.915,4.155864897
27.92,4.155554236
27.925,4.156435803
27.93,4.154061943
27.935,4.151061194
27.94,4.153499117
27.945,4.156494713
27.95,4.154419126
27.955,4.152658316
27.96,4.153872235
27.965,4.15327763
27.97,4.151950837
27.975,4.153550598
27.98,4.154319796
27.985,4.152755646
27.99,4.153656462
27.995,4.155315447
28,4.152979038
28.005,4.151486505
28.01,4.154459275
28.015,4.155219945
28.02,4.151816864
28.025,4.150798563
28.03,4.152157598
28.035,4.152017199
28.04,4.15307751
28.045,4.155471092
28.05,4.154316156
28.055,4.152261181
28.06,4.154479071
28.065,4.156262147
28.07,4.154264601
28.075,4.154382023
28.08,4.157160028
28.085,4.156603344
28.09,4.154597876
28.095,4.155726123
28.1,4.156868822
28.105,4.156944054
28.11,4.159399752
28.115,4.160888179
28.12,4.157755017
28.125,4.156459958
28.13,4.159807996
28.135,4.160707885
28.14,4.158497513
28.145,4.158750538
28.15,4.159548022
28.155,4.158024618
28.16,4.158362809
28.165,4.160553489
28.17,4.160024299
28.175,4.159436973
28.18,4.161827809
28.185,4.161914813
28.19,4.159108633
28.195,4.160353765
28.2,4.164217442
28.205,4.164110475
28.21,4.162483786
28.215,4.162896985
28.22,4.162004168
28.225,4.160560128
28.23,4.162589777
28.235,4.163802565
28.24,4.160994371
28.245,4.160407267
28.25,4.162766161
28.255,4.161806312
28.26,4.159715739
28.265,4.161573079
28.27,4.162748891
28.275,4.160224417
28.28,4.158760076
28.285,4.15838168
28.29,4.156153861
28.295,4.155728277
28.3,4.158105284
28.305,4.156844574
28.31,4.152818237
28.315,4.153067374
28.32,4.15509563
28.325,4.153691487
28.33,4.152685761
28.335,4.153813295
28.34,4.15242488
28.345,4.150147827
28.35,4.151024313
28.355,4.151241765
28.36,4.149340157
28.365,4.150511656
28.37,4.152664945
28.375,4.149968735
28.38,4.14732931
28.385,4.149898556
28.39,4.151935405
28.395,4.150812826
28.4,4.151092983
28.405,4.151327972
28.41,4.148856074
28.415,4.1488955
28.42,4.151902743
28.425,4.151226654
28.43,4.148982319
28.435,4.150807113
28.44,4.152251959
28.445,4.150295396
28.45,4.151102277
28.455,4.154735124
28.46,4.15480157
28.465,4.153413993
28.47,4.154287706
28.475,4.15336204
28.48,4.151221518
28.485,4.153461753
28.49,4.15618079
28.495,4.153741235
28.5,4.151973861
28.505,4.15451661
28.51,4.155045002
28.515,4.153662878
28.52,4.155713544
28.525,4.157402147
28.53,4.155280087
28.535,4.154910555
28.54,4.156634335
28.545,4.155072332
28.55,4.153938001
28.555,4.157090113
28.56,4.157459722
28.565,4.153302584
28.57,4.152811841
28.575,4.155616722
28.58,4.155647057
28.585,4.155966012
28.59,4.158765163
28.595,4.158127577
28.6,4.155171482
28.605,4.156259731
28.61,4.157236656
28.615,4.153950532
28.62,4.152859855
28.625,4.154750506
28.63,4.152544598
28.635,4.149043327
28.64,4.150746901
28.645,4.152595765
28.65,4.150759214
28.655,4.150850938
28.66,4.151800976
28.665,4.148710811
28.67,4.147263248
28.675,4.150912684
28.68,4.151455401
28.685,4.147857376
28.69,4.147991899
28.695,4.14940214
28.7,4.147045396
28.705,4.146722003
28.71,4.150414124
28.715,4.150796094
28.72,4.148705149
28.725,4.14975206
28.73,4.149679105
28.735,4.146321462
28.74,4.147075912
28.745,4.150643047
28.75,4.148768372
28.755,4.145686078
28.76,4.147936245
28.765,4.149625746
28.77,4.148235809
28.775,4.150044175
28.78,4.152518561
28.785,4.150079259
28.79,4.148742375
28.795,4.151542495
28.8,4.15123342
28.805,4.148966715
28.81,4.151454307
28.815,4.153497422
28.82,4.150063561
28.825,4.148786207
28.83,4.151702235
28.835,4.151514936
28.84,4.150266182
28.845,4.152757363
28.85,4.153134968
28.855,4.14968756
28.86,4.150724784
28.865,4.15458054
28.87,4.153413074
28.875,4.151927951
28.88,4.154518056
28.885,4.153890092
28.89,4.149970317
28.895,4.151109298
28.9,4.154158408
28.905,4.152986607
28.91,4.152625771
28.915,4.154771238
28.92,4.153050707
28.925,4.150754313
28.93,4.154187903
28.935,4.15635082
28.94,4.152605135
28.945,4.151067793
28.95,4.153045985
28.955,4.151533974
28.96,4.149774992
28.965,4.152532643
28.97,4.153194082
28.975,4.150219499
28.98,4.150799717
28.985,4.152490587
28.99,4.149839354
28.995,4.149079966
29,4.15281148
29.005,4.152304804
29.01,4.148014236
29.015,4.148202581
29.02,4.149774478
29.025,4.147957162
29.03,4.148231159
29.035,4.150586063
29.04,4.148177222
29.045,4.145243941
29.05,4.14792912
29.055,4.149499777
29.06,4.146803671
29.065,4.147491237
29.07,4.150144203
29.075,4.147553966
29.08,4.144921685
29.085,4.14750334
29.09,4.148886061
29.095,4.147830654
29.1,4.150304694
29.105,4.152201333
29.11,4.149169264
29.115,4.148970469
29.12,4.153353157
29.125,4.15357365
29.13,4.150936302
29.135,4.152448012
29.14,4.153489218
29.145,4.150604271
29.15,4.150922733
29.155,4.154363019
29.16,4.153963514
29.165,4.15317322
29.17,4.156052583
29.175,4.156168975
29.18,4.153652787
29.185,4.156680442
29.19,4.161398517
29.195,4.159790582
29.2,4.15717214
29.205,4.158219521
29.21,4.157643149
29.215,4.156387426
29.22,4.159232267
29.225,4.16073468
29.23,4.157411716
29.235,4.156972756
29.24,4.160004478
29.245,4.1588564
29.25,4.156893224
29.255,4.159604728
29.26,4.160329006
29.265,4.156288219
29.27,4.15503741
29.275,4.156328786
29.28,4.154866598
29.285,4.154848159
29.29,4.157878431
29.295,4.156639811
29.3,4.152710289
29.305,4.15423045
29.31,4.15713364
29.315,4.155357561
29.32,4.154754439
29.325,4.157089919
29.33,4.155349471
29.335,4.15187037
29.34,4.153008099
29.345,4.153917054
29.35,4.151857496
29.355,4.152710233
29.36,4.154446761
29.365,4.151070468
29.37,4.148683679
29.375,4.152384723
29.38,4.154215389
29.385,4.151574986
29.39,4.151486053
29.395,4.152478572
29.4,4.150246531
29.405,4.150011828
29.41,4.153129225
29.415,4.152524901
29.42,4.149972776
29.425,4.151634459
29.43,4.152261697
29.435,4.1486586
29.44,4.148684215
29.445,4.152628563
29.45,4.152218441
29.455,4.149561772
29.46,4.150273113
29.465,4.150362191
29.47,4.148971938
29.475,4.151728206
29.48,4.154542359
29.485,4.15138928
29.49,4.149406376
29.495,4.152618543
29.5,4.153575663
29.505,4.152052289
29.51,4.154606491
29.515,4.157371134
29.52,4.155554863
29.525,4.155229921
29.53,4.157895551
29.535,4.157622206
29.54,4.157293349
29.545,4.160913536
29.55,4.161464391
29.555,4.157380565
29.56,4.157606885
29.565,4.161597159
29.57,4.161559405
29.575,4.160725599
29.58,4.163373906
29.585,4.164017122
29.59,4.162405394
29.595,4.164367133
29.6,4.16643303
29.605,4.164409787
29.61,4.164539591
29.615,4.167720387
29.62,4.166092402
29.625,4.1624467
29.63,4.16459917
29.635,4.167751928
29.64,4.166491469
29.645,4.16558242
29.65,4.166087406
29.655,4.164130105
29.66,4.164017899
29.665,4.16815064
29.67,4.168673806
29.675,4.164821554
29.68,4.16468904
29.685,4.166416576
29.69,4.163753879
29.695,4.161510246
29.7,4.163116051
29.705,4.162515523
29.71,4.159527701
29.715,4.159434346
29.72,4.159257812
29.725,4.156914442
29.73,4.15839442
29.735,4.162176015
29.74,4.160285279
29.745,4.156167387
29.75,4.157153796
29.755,4.158573903
29.76,4.156660595
29.765,4.156438276
29.77,4.157257504
29.775,4.154987385
29.78,4.153998972
29.785,4.156524325
29.79,4.156330491
29.795,4.154371816
29.8,4.156938507
29.805,4.159394145
29.81,4.156276908
29.815,4.154307751
29.82,4.157201969
29.825,4.1587341
29.83,4.158190428
29.835,4.159262417
29.84,4.158962661
29.845,4.156728635
29.85,4.158588592
29.855,4.162521563
29.86,4.161511388
29.865,4.159677775
29.87,4.162162926
29.875,4.163522746
29.88,4.161466588
29.885,4.161897873
29.89,4.164283944
29.895,4.164028153
29.9,4.163943407
29.905,4.164930169
29.91,4.162826704
29.915,4.160969143
29.92,4.16480785
29.925,4.168419029
29.93,4.166251475
29.935,4.164381721
29.94,4.165816791
29.945,4.165864749
29.95,4.165289407
29.955,4.167009573
29.96,4.167282785
29.965,4.165377809
29.97,4.166254643
29.975,4.168159514
29.98,4.166968173
29.985,4.167363826
29.99,4.171525204
29.995,4.172376893
30,4.169127145
30.005,4.168470895
30.01,4.170057971
30.015,4.170042711
30.02,4.1702862
30.025,4.170822212
30.03,4.168202031
30.035,4.166073282
30.04,4.168603554
30.045,4.170243879
30.05,4.168148321
30.055,4.168040814
30.06,4.170482594
30.065,4.169910304
30.07,4.167744268
30.075,4.168034525
30.08,4.168288586
30.085,4.167533729
30.09,4.168054604
30.095,4.167225977
30.1,4.163322306
30.105,4.162360333
30.11,4.166001243
30.115,4.167527442
30.12,4.165723254
30.125,4.165532817
30.13,4.166424187
30.135,4.165989252
30.14,4.166578425
30.145,4.167853862
30.15,4.16679152
30.155,4.165817774
30.16,4.167104585
30.165,4.166679017
30.17,4.16448808
30.175,4.165933898
30.18,4.169510672
30.185,4.169689262
30.19,4.168011034
30.195,4.167757899
30.2,4.167777205
30.205,4.168139055
30.21,4.169949676
30.215,4.170054659
30.22,4.16744944
30.225,4.167062369
30.23,4.169414553
30.235,4.169731966
30.24,4.168858598
30.245,4.170476221
30.25,4.172036158
30.255,4.171162024
30.26,4.170601699
30.265,4.171340939
30.27,4.171846723
30.275,4.173226652
30.28,4.174900383
30.285,4.173011549
30.29,4.169497848
30.295,4.169783366
30.3,4.172295723
30.305,4.172206304
30.31,4.170828317
30.315,4.170608859
30.32,4.17055249
30.325,4.17105334
30.33,4.172802413
30.335,4.173435482
30.34,4.172743564
30.345,4.173607427
30.35,4.174572544
30.355,4.172539213
30.36,4.170569027
30.365,4.172254765
30.37,4.174948332
30.375,4.175678904
30.38,4.175481707
30.385,4.175092496
30.39,4.174937454
30.395,4.176663486
30.4,4.178674088
30.405,4.177681896
30.41,4.175309398
30.415,4.17499549
30.42,4.175175121
30.425,4.17379996
30.43,4.172965916
30.435,4.173550862
30.44,4.173583579
30.445,4.172747947
30.45,4.172166577
30.455,4.171683234
30.46,4.172202669
30.465,4.174479493
30.47,4.175317051
30.475,4.172546255
30.48,4.169576371
30.485,4.169304062
30.49,4.169734593
30.495,4.169176128
30.5,4.168308205
30.505,4.167368825
30.51,4.166531162
30.515,4.166753544
30.52,4.16711728
30.525,4.16645221
30.53,4.166455659
30.535,4.167716557
30.54,4.167471241
30.545,4.165126265
30.55,4.163818676
30.555,4.164682917
30.56,4.165959323
30.565,4.166377024
30.57,4.165452247
30.575,4.163767068
30.58,4.163592406
30.585,4.165434241
30.59,4.166475059
30.595,4.165759259
30.6,4.165526966
30.605,4.166164415
30.61,4.166293812
30.615,4.166126303
30.62,4.166434251
30.625,4.16696828
30.63,4.167372664
30.635,4.166985032
30.64,4.165038605
30.645,4.163196487
30.65,4.164025754
30.655,4.166598928
30.66,4.167807792
30.665,4.167206679
30.67,4.166450253
30.675,4.166229228
30.68,4.16651231
30.685,4.166867495
30.69,4.166490464
30.695,4.165700073
30.7,4.165830688
30.705,4.165937598
30.71,4.164725266
30.715,4.164108998
30.72,4.165319353
30.725,4.166184773
30.73,4.165149235
30.735,4.16350308
30.74,4.162708327
30.745,4.163429471
30.75,4.165559556
30.755,4.166967185
30.76,4.165986387
30.765,4.164814539
30.77,4.165548958
30.775,4.166303885
30.78,4.165606747
30.785,4.164894751
30.79,4.164473643
30.795,4.163492463
30.8,4.162626354
30.805,4.162184559
30.81,4.161352553
30.815,4.161453612
30.82,4.163061243
30.825,4.162999037
30.83,4.160478804
30.835,4.159157498
30.84,4.160184432
30.845,4.160721463
30.85,4.1601658
30.855,4.159637912
30.86,4.158504979
30.865,4.157252422
30.87,4.157639823
30.875,4.158346203
30.88,4.157772995
30.885,4.157930687
30.89,4.159026837
30.895,4.157947313
30.9,4.155552088
30.905,4.155647309
30.91,4.157057897
30.915,4.157002309
30.92,4.156374874
30.925,4.155652594
30.93,4.154461064
30.935,4.155051587
30.94,4.157780604
30.945,4.158503315
30.95,4.156759917
30.955,4.156516741
30.96,4.157527276
30.965,4.15690843
30.97,4.156190079
30.975,4.15729418
30.98,4.158124636
30.985,4.157935817
30.99,4.15823327
30.995,4.157848965
31,4.156848621
31.005,4.15855625
31.01,4.16147388
31.015,4.160645984
31.02,4.15794231
31.025,4.158071499
31.03,4.159390122
31.035,4.159530697
31.04,4.159937325
31.045,4.160136148
31.05,4.158596224
31.055,4.158007594
31.06,4.15929024
31.065,4.159005904
31.07,4.157806057
31.075,4.159228963
31.08,4.160767804
31.085,4.158892624
31.09,4.157301624
31.095,4.15866981
31.1,4.159826413
31.105,4.160000641
31.11,4.160540407
31.115,4.15934834
31.12,4.156675215
31.125,4.156875072
31.13,4.158601655
31.135,4.157169322
31.14,4.155080022
31.145,4.155942032
31.15,4.156503281
31.155,4.155171959
31.16,4.155489273
31.165,4.157097543
31.17,4.157149987
31.175,4.157074428
31.18,4.157077817
31.185,4.154534526
31.19,4.152419303
31.195,4.154741106
31.2,4.156861415
31.205,4.154791357
31.21,4.152973279
31.215,4.153806845
31.22,4.15401967
31.225,4.15403882
31.23,4.155581796
31.235,4.155472646
31.24,4.153812393
31.245,4.154616787
31.25,4.155823601
31.255,4.153950957
31.26,4.153283668
31.265,4.156046916
31.27,4.156301871
31.275,4.153007369
31.28,4.151494544
31.285,4.151926426
31.29,4.151933944
31.295,4.153325944
31.3,4.155088186
31.305,4.153310001
31.31,4.151292691
31.315,4.153473475
31.32,4.155155797
31.325,4.15306778
31.33,4.152403474
31.335,4.153769079
31.34,4.15257971
31.345,4.150644296
31.35,4.151139775
31.355,4.151426924
31.36,4.150974858
31.365,4.152562823
31.37,4.153004138
31.375,4.149794354
31.38,4.149011932
31.385,4.152604173
31.39,4.153995695
31.395,4.152186781
31.4,4.151994238
31.405,4.152557393
31.41,4.152000601
31.415,4.153285364
31.42,4.155604473
31.425,4.155105724
31.43,4.154594442
31.435,4.156705609
31.44,4.156514664
31.445,4.153291196
31.45,4.153409792
31.455,4.156154794
31.46,4.15528321
31.465,4.152498283
31.47,4.151559742
31.475,4.150554803
31.48,4.15031189
31.485,4.15309933
31.49,4.154265603
31.495,4.151157445
31.5,4.150144567
31.505,4.15256196
31.51,4.151943987
31.515,4.149280797
31.52,4.149708448
31.525,4.150501759
31.53,4.14880113
31.535,4.148390551
31.54,4.149414707
31.545,4.14881148
31.55,4.149619716
31.555,4.152638185
31.56,4.151690329
31.565,4.147200101
31.57,4.146801428
31.575,4.149349356
31.58,4.14876593
31.585,4.147365254
31.59,4.147920513
31.595,4.147466128
31.6,4.146540404
31.605,4.148201419
31.61,4.148989641
31.615,4.147073079
31.62,4.147606629
31.625,4.14987161
31.63,4.148083422
31.635,4.145220537
31.64,4.146953213
31.645,4.149335809
31.65,4.148442062
31.655,4.147396039
31.66,4.146687017
31.665,4.144657293
31.67,4.144942816
31.675,4.147991401
31.68,4.147602364
31.685,4.144809938
31.69,4.145905743
31.695,4.148351626
31.7,4.147338473
31.705,4.146601182
31.71,4.148472324
31.715,4.148623249
31.72,4.147246952
31.725,4.147445986
31.73,4.146952652
31.735,4.145588357
31.74,4.148037715
31.745,4.151713585
31.75,4.150136036
31.755,4.147204573
31.76,4.148673801
31.765,4.150544259
31.77,4.149810188
31.775,4.149997269
31.78,4.150626212
31.785,4.149086827
31.79,4.14875427
31.795,4.15049947
31.8,4.149731188
31.805,4.148234413
31.81,4.150746575
31.815,4.152698785
31.82,4.149828161
31.825,4.148018952
31.83,4.150153046
31.835,4.151342035
31.84,4.150809635
31.845,4.150877285
31.85,4.149389845
31.855,4.146974259
31.86,4.148333953
31.865,4.150847527
31.87,4.149229319
31.875,4.147282651
31.88,4.14896891
31.885,4.14944757
31.89,4.147120303
31.895,4.146979111
31.9,4.14860469
31.905,4.148532467
31.91,4.148492912
31.915,4.1489517
31.92,4.147029639
31.925,4.145849626
31.93,4.149135006
31.935,4.151378353
31.94,4.148695016
31.945,4.146655071
31.95,4.147768919
31.955,4.147778773
31.96,4.146995042
31.965,4.147809037
31.97,4.14778141
31.975,4.14672683
31.98,4.14812728
31.985,4.149844835
31.99,4.148414462
31.995,4.148274582
32,4.151556604
32.005,4.152225307
32.01,4.149189839
32.015,4.14824164
32.02,4.149771999
32.025,4.150540706
32.03,4.151592445
32.035,4.152649843
32.04,4.151148783
32.045,4.150227673
32.05,4.153066696
32.055,4.154968141
32.06,4.153328779
32.065,4.153187062
32.07,4.1552822
32.075,4.155025732
32.08,4.153537148
32.085,4.15427723
32.09,4.155231693
32.095,4.155309707
32.1,4.156357656
32.105,4.156100181
32.11,4.153206281
32.115,4.152841524
32.12,4.156352878
32.125,4.157550964
32.13,4.155508125
32.135,4.155034122
32.14,4.15580599
32.145,4.155321667
32.15,4.15516592
32.155,4.15566104
32.16,4.1545605
32.165,4.153544815
32.17,4.154431261
32.175,4.154051062
32.18,4.152077953
32.185,4.153232811
32.19,4.156543123
32.195,4.156551543
32.2,4.154329231
32.205,4.153363381
32.21,4.152725361
32.215,4.152013321
32.22,4.152345037
32.225,4.151267142
32.23,4.147617931
32.235,4.145752796
32.24,4.146512145
32.245,4.145657217
32.25,4.143635869
32.255,4.144032594
32.26,4.144973746
32.265,4.143664671
32.27,4.142215734
32.275,4.14201729
32.28,4.141713761
32.285,4.142074893
32.29,4.143140727
32.295,4.141563385
32.3,4.138139465
32.305,4.137634355
32.31,4.139380186
32.315,4.139269784
32.32,4.138228435
32.325,4.138559133
32.33,4.138741392
32.335,4.138321439
32.34,4.138724074
32.345,4.138866684
32.35,4.138050689
32.355,4.138195206
32.36,4.13849937
32.365,4.13631552
32.37,4.134181225
32.375,4.135480795
32.38,4.137434762
32.385,4.13692469
32.39,4.13563044
32.395,4.135148068
32.4,4.135077779
32.405,4.136167678
32.41,4.137875307
32.415,4.137524981
32.42,4.135798363
32.425,4.135758773
32.43,4.136396204
32.435,4.135331048
32.44,4.134483899
32.445,4.135412788
32.45,4.135715007
32.455,4.134538534
32.46,4.133985373
32.465,4.134508217
32.47,4.135737748
32.475,4.138320357
32.48,4.14045353
32.485,4.139559027
32.49,4.13784307
32.495,4.13847363
32.5,4.139511093
32.505,4.13876251
32.51,4.138228371
32.515,4.138897514
32.52,4.139068264
32.525,4.138907109
32.53,4.139500666
32.535,4.139877294
32.54,4.140149003
32.545,4.141280245
32.55,4.141140676
32.555,4.138497074
32.56,4.136654171
32.565,4.137625889
32.57,4.138513887
32.575,4.13755441
32.58,4.136621945
32.585,4.136295081
32.59,4.136027875
32.595,4.136339285
32.6,4.136610111
32.605,4.135309005
32.61,4.133759774
32.615,4.133652652
32.62,4.133136399
32.625,4.131414539
32.63,4.131207576
32.635,4.133035685
32.64,4.133901267
32.645,4.132823267
32.65,4.131449235
32.655,4.130705299
32.66,4.130964425
32.665,4.132310714
32.67,4.132818468
32.675,4.13111173
32.68,4.129789771
32.685,4.130761736
32.69,4.131692846
32.695,4.131379344
32.7,4.131683526
32.705,4.132724721
32.71,4.132840805
32.715,4.132391728
32.72,4.132634029
32.725,4.13343581
32.73,4.134885721
32.735,4.136655362
32.74,4.136455489
32.745,4.134094724
32.75,4.133168117
32.755,4.134822688
32.76,4.135896553
32.765,4.13508111
32.77,4.134449219
32.775,4.134741429
32.78,4.135300681
32.785,4.136269596
32.79,4.137383727
32.795,4.137952179
32.8,4.138898831
32.805,4.140550108
32.81,4.14064935
32.815,4.139337265
32.82,4.139990832
32.825,4.142709511
32.83,4.143920687
32.835,4.142777129
32.84,4.141446052
32.845,4.141101364
32.85,4.142073217
32.855,4.143993974
32.86,4.14467543
32.865,4.14328184
32.87,4.142461919
32.875,4.14329432
32.88,4.143158279
32.885,4.141595005
32.89,4.141248408
32.895,4.142089554
32.9,4.14183968
32.905,4.140729029
32.91,4.140199879
32.915,4.140594241
32.92,4.142162211
32.925,4.144234765
32.93,4.144242375
32.935,4.142039182
32.94,4.141335933
32.945,4.142754432
32.95,4.142934252
32.955,4.141396462
32.96,4.140504205
32.965,4.140338529
32.97,4.14002675
32.975,4.140107094
32.98,4.140198097
32.985,4.139719033
32.99,4.139857689
32.995,4.140580269
33,4.139315016
33.005,4.136826618
33.01,4.137077584
33.015,4.139378071
33.02,4.139916059
33.025,4.138538964
33.03,4.137273184
33.035,4.136408308
33.04,4.136444937
33.045,4.137373278
33.05,4.136879319
33.055,4.1350414
33.06,4.134915738
33.065,4.136354674
33.07,4.135982962
33.075,4.134311568
33.08,4.134261044
33.085,4.134772634
33.09,4.133650325
33.095,4.131697548
33.1,4.130118885
33.105,4.129289026
33.11,4.130538055
33.115,4.133042608
33.12,4.133165337
33.125,4.131261077
33.13,4.131430336
33.135,4.133209136
33.14,4.133149506
33.145,4.131953094
33.15,4.131530252
33.155,4.130897637
33.16,4.129855208
33.165,4.129675206
33.17,4.129484189
33.175,4.128943624
33.18,4.130186069
33.185,4.131855928
33.19,4.13059325
33.195,4.128631275
33.2,4.129879996
33.205,4.132307033
33.21,4.132383265
33.215,4.131358706
33.22,4.130603092
33.225,4.129721329
33.23,4.130086786
33.235,4.131584574
33.24,4.131386758
33.245,4.130306159
33.25,4.131691188
33.255,4.133835097
33.26,4.133555659
33.265,4.133170384
33.27,4.135072562
33.275,4.136768889
33.28,4.13672606
33.285,4.136312801
33.29,4.135479255
33.295,4.134751993
33.3,4.136319331
33.305,4.138413792
33.31,4.137182775
33.315,4.13506734
33.32,4.135895288
33.325,4.13701571
33.33,4.136115903
33.335,4.135753247
33.34,4.136423507
33.345,4.135880087
33.35,4.135107075
33.355,4.135056461
33.36,4.133894402
33.365,4.13293438
33.37,4.134564149
33.375,4.135452294
33.38,4.132748717
33.385,4.130727602
33.39,4.132071454
33.395,4.133206789
33.4,4.132839578
33.405,4.132912453
33.41,4.132756784
33.415,4.131851754
33.42,4.132487433
33.425,4.133476753
33.43,4.13199788
33.435,4.130981392
33.44,4.132856495
33.445,4.133386248
33.45,4.131114772
33.455,4.131012291
33.46,4.133512219
33.465,4.134746632
33.47,4.134784162
33.475,4.134594642
33.48,4.132876169
33.485,4.13158319
33.49,4.133468035
33.495,4.134628634
33.5,4.132314145
33.505,4.131438529
33.51,4.133784331
33.515,4.134750706
33.52,4.134055751
33.525,4.135087362
33.53,4.136200479
33.535,4.135740145
33.54,4.136028761
33.545,4.13614539
33.55,4.134228702
33.555,4.134130693
33.56,4.137350139
33.565,4.137990401
33.57,4.13517082
33.575,4.134861113
33.58,4.136828519
33.585,4.136715712
33.59,4.136145285
33.595,4.136743106
33.6,4.135938423
33.605,4.135092804
33.61,4.13680542
33.615,4.137316866
33.62,4.134964703
33.625,4.135178421
33.63,4.137742513
33.635,4.136459732
33.64,4.133141068
33.645,4.133505024
33.65,4.135290383
33.655,4.135413985
33.66,4.136136595
33.665,4.136237467
33.67,4.133687846
33.675,4.133175125
33.68,4.135900271
33.685,4.135359691
33.69,4.131803386
33.695,4.13175373
33.7,4.133254463
33.705,4.131298777
33.71,4.129327694
33.715,4.130211052
33.72,4.130161653
33.725,4.12928298
33.73,4.130159459
33.735,4.129305054
33.74,4.126236021
33.745,4.127342635
33.75,4.131034811
33.755,4.129598836
33.76,4.125886663
33.765,4.126314254
33.77,4.127475905
33.775,4.126409664
33.78,4.126677256
33.785,4.127291903
33.79,4.125646305
33.795,4.125907392
33.8,4.128810105
33.805,4.127931751
33.81,4.12475935
33.815,4.126281952
33.82,4.128841541
33.825,4.126539977
33.83,4.124303819
33.835,4.125742089
33.84,4.126386836
33.845,4.126112124
33.85,4.127605231
33.855,4.127094057
33.86,4.124077231
33.865,4.125186468
33.87,4.128455599
33.875,4.126605961
33.88,4.123957698
33.885,4.12637619
33.89,4.127971552
33.895,4.125451981
33.9,4.124590877
33.905,4.125642382
33.91,4.124972227
33.915,4.125716062
33.92,4.128077878
33.925,4.126086657
33.93,4.12290497
33.935,4.125916552
33.94,4.129502964
33.945,4.126822735
33.95,4.124205256
33.955,4.12543435
33.96,4.125071486
33.965,4.123534219
33.97,4.124461952
33.975,4.12408562
33.98,4.121660429
33.985,4.123171562
33.99,4.126130476
33.995,4.124088345
34,4.122669565
34.005,4.127042061
34.01,4.129471236
34.015,4.126620919
34.02,4.125469375
34.025,4.126411961
34.03,4.125491808
34.035,4.125958801
34.04,4.128189354
34.045,4.126396446
34.05,4.124136998
34.055,4.127796034
34.06,4.130848953
34.065,4.128044644
34.07,4.126880076
34.075,4.129754942
34.08,4.129380186
34.085,4.126485384
34.09,4.126121784
34.095,4.125166635
34.1,4.123048357
34.105,4.124929526
34.11,4.12690548
34.115,4.123278437
34.12,4.121270734
34.125,4.125670172
34.13,4.127935764
34.135,4.125654917
34.14,4.1261271
34.145,4.128273053
34.15,4.127444343
34.155,4.127491946
34.16,4.129113519
34.165,4.126949767
34.17,4.124705933
34.175,4.127582889
34.18,4.128422034
34.185,4.123895299
34.19,4.123157851
34.195,4.127282099
34.2,4.127864544
34.205,4.126049814
34.21,4.126933194
34.215,4.127073887
34.22,4.126076468
34.225,4.128624696
34.23,4.130310611
34.235,4.12646482
34.24,4.124727422
34.245,4.128425711
34.25,4.129172713
34.255,4.126578446
34.26,4.128019116
34.265,4.130665827
34.27,4.129636379
34.275,4.129658665
34.28,4.13140714
34.285,4.129945023
34.29,4.128993927
34.295,4.132368778
34.3,4.132666211
34.305,4.128110317
34.31,4.12814158
34.315,4.132091484
34.32,4.131608811
34.325,4.129693833
34.33,4.131280383
34.335,4.131789923
34.34,4.130827259
34.345,4.133000146
34.35,4.134028202
34.355,4.130700504
34.36,4.130547839
34.365,4.134014762
34.37,4.132097435
34.375,4.127347041
34.38,4.128090964
34.385,4.129955785
34.39,4.127856371
34.395,4.126858076
34.4,4.12719848
34.405,4.124585122
34.41,4.123822885
34.415,4.12747772
34.42,4.127425722
34.425,4.123383256
34.43,4.124098047
34.435,4.126800157
34.44,4.124110222
34.445,4.121514731
34.45,4.123314716
34.455,4.123226421
34.46,4.121117593
34.465,4.121881952
34.47,4.121675605
34.475,4.118607749
34.48,4.120020155
34.485,4.124284759
34.49,4.122276045
34.495,4.118162549
34.5,4.119656002
34.505,4.121142395
34.51,4.118760406
34.515,4.118635259
34.52,4.120210388
34.525,4.118646797
34.53,4.118525993
34.535,4.121932099
34.54,4.121554579
34.545,4.1189609
34.55,4.121865328
34.555,4.125032008
34.56,4.122052372
34.565,4.120176377
34.57,4.122976535
34.575,4.12326548
34.58,4.121457111
34.585,4.122524235
34.59,4.122120329
34.595,4.11912324
34.6,4.120804315
34.605,4.124597995
34.61,4.122766175
34.615,4.121156457
34.62,4.125440424
34.625,4.127448376
34.63,4.12458953
34.635,4.124637916
34.64,4.126313512
34.645,4.124422048
34.65,4.123657026
34.655,4.125225151
34.66,4.1226428
34.665,4.119864372
34.67,4.12391905
34.675,4.127164244
34.68,4.123810076
34.685,4.12239163
34.69,4.125146001
34.695,4.124434924
34.7,4.122297773
34.705,4.123768495
34.71,4.123520512
34.715,4.120569885
34.72,4.121686416
34.725,4.123553673
34.73,4.120248827
34.735,4.119044753
34.74,4.123670428
34.745,4.124590659
34.75,4.120963505
34.755,4.121416096
34.76,4.123381149
34.765,4.121572377
34.77,4.121073664
34.775,4.12228626
34.78,4.119084543
34.785,4.116119279
34.79,4.119192819
34.795,4.120248323
34.8,4.115900193
34.805,4.115744083
34.81,4.119488995
34.815,4.118447689
34.82,4.116237957
34.825,4.118199023
34.83,4.118522611
34.835,4.116305419
34.84,4.117570092
34.845,4.118075631
34.85,4.113514007
34.855,4.112465362
34.86,4.117043458
34.865,4.117111352
34.87,4.113714187
34.875,4.115581263
34.88,4.11830578
34.885,4.116482243
34.89,4.116159463
34.895,4.117958793
34.9,4.115898667
34.905,4.114601115
34.91,4.118223057
34.915,4.118472273
34.92,4.114394842
34.925,4.115758911
34.93,4.12002745
34.935,4.118247412
34.94,4.1155944
34.945,4.1176614
34.95,4.118170767
34.955,4.11671964
34.96,4.118853919
34.965,4.119631799
34.97,4.115538041
34.975,4.115243368
34.98,4.119079825
34.985,4.117366559
34.99,4.113593902
34.995,4.115935982
35,4.118365799
35.005,4.116177344
35.01,4.116433372
35.015,4.11934978
35.02,4.118656761
35.025,4.118270554
35.03,4.121067335
35.035,4.119205489
35.04,4.113972931
35.045,4.115343252
35.05,4.118908636
35.055,4.11654951
35.06,4.114754595
35.065,4.117892578
35.07,4.11884212
35.075,4.117736363
35.08,4.120106356
35.085,4.121091981
35.09,4.118130379
35.095,4.118905897
35.1,4.122057221
35.105,4.119113219
35.11,4.115384243
35.115,4.118034007
35.12,4.119592918
35.125,4.116212103
35.13,4.115522776
35.135,4.117005214
35.14,4.11517577
35.145,4.114563112
35.15,4.117130072
35.155,4.115725098
35.16,4.112405604
35.165,4.114806561
35.17,4.116849375
35.175,4.112562918
35.18,4.110283098
35.185,4.112897013
35.19,4.112399711
35.195,4.109962256
35.2,4.111304386
35.205,4.111986637
35.21,4.110373018
35.215,4.112784126
35.22,4.115692517
35.225,4.11208606
35.23,4.109247509
35.235,4.112816524
35.24,4.114057142
35.245,4.110466575
35.25,4.110226319
35.255,4.111778648
35.26,4.10985426
35.265,4.109506785
35.27,4.11162783
35.275,4.109821171
35.28,4.107659461
35.285,4.111008485
35.29,4.112720198
35.295,4.108618594
35.3,4.107573796
35.305,4.110869687
35.31,4.11016537
35.315,4.107628468
35.32,4.108666973
35.325,4.108635604
35.33,4.106647066
35.335,4.10857442
35.34,4.11048622
35.345,4.106967074
35.35,4.105681347
35.355,4.109896752
35.36,4.110357672
35.365,4.106881965
35.37,4.107497331
35.375,4.109125594
35.38,4.107079503
35.385,4.106643881
35.39,4.108559947
35.395,4.107103193
35.4,4.106310763
35.405,4.110371633
35.41,4.111243853
35.415,4.107075793
35.42,4.107043331
35.425,4.110078257
35.43,4.108279522
35.435,4.105573077
35.44,4.106617854
35.445,4.106016114
35.45,4.103744559
35.455,4.105333748
35.46,4.106366626
35.465,4.103287754
35.47,4.103747989
35.475,4.108094606
35.48,4.107108379
35.485,4.103236434
35.49,4.104679087
35.495,4.107003189
35.5,4.10555483
35.505,4.105407416
35.51,4.106224009
35.515,4.103357683
35.52,4.101699022
35.525,4.104562528
35.53,4.104191617
35.535,4.100042388
35.54,4.100701444
35.545,4.103412005
35.55,4.101380393
35.555,4.099904674
35.56,4.102355888
35.565,4.102584454
35.57,4.100877446
35.575,4.102030092
35.58,4.10172631
35.585,4.097845364
35.59,4.097882465
35.595,4.101026801
35.6,4.099074807
35.605,4.095871577
35.61,4.097983481
35.615,4.099847466
35.62,4.098118561
35.625,4.0985395
35.63,4.099955181
35.635,4.097737646
35.64,4.096970641
35.645,4.099413553
35.65,4.098254504
35.655,4.095197745
35.66,4.097401679
35.665,4.100151605
35.67,4.097684662
35.675,4.096569299
35.68,4.099415183
35.685,4.099899369
35.69,4.099244259
35.695,4.101373039
35.7,4.101324464
35.705,4.098261449
35.71,4.09933418
35.715,4.10229084
35.72,4.100087651
35.725,4.09788434
35.73,4.1005022
35.735,4.101287731
35.74,4.09876864
35.745,4.09908031
35.75,4.100148084
35.755,4.097981603
35.76,4.097518843
35.765,4.099407475
35.77,4.097404595
35.775,4.09472425
35.78,4.097432225
35.785,4.099557771
35.79,4.097155427
35.795,4.096850406
35.8,4.09940664
35.805,4.099042052
35.81,4.098349078
35.815,4.100589553
35.82,4.100156654
35.825,4.097069781
35.83,4.097611704
35.835,4.098874864
35.84,4.096109157
35.845,4.09510072
35.85,4.098268606
35.855,4.098488986
35.86,4.09585882
35.865,4.096520802
35.87,4.097549803
35.875,4.095865738
35.88,4.096400474
35.885,4.098327379
35.89,4.096298406
35.895,4.094329663
35.9,4.096805529
35.905,4.097286052
35.91,4.093871018
35.915,4.093602719
35.92,4.095354364
35.925,4.093831362
35.93,4.093044629
35.935,4.095349612
35.94,4.095253154
35.945,4.093764056
35.95,4.096015901
35.955,4.097303446
35.96,4.093971299
35.965,4.09297937
35.97,4.095295136
35.975,4.09394153
35.98,4.091030147
35.985,4.091958466
35.99,4.092357792
35.995,4.090299587
36,4.091542427
36.005,4.094208048
36.01,4.092624261
36.015,4.091300548
36.02,4.093474064
36.025,4.09311805
36.03,4.090598624
36.035,4.09217397
36.04,4.094512589
36.045,4.092485308
36.05,4.091317484
36.055,4.092777552
36.06,4.091471537
36.065,4.089625831
36.07,4.091750719
36.075,4.09272828
36.08,4.090080542
36.085,4.090501741
36.09,4.093416584
36.095,4.092470362
36.1,4.091171638
36.105,4.093419145
36.11,4.093528648
36.115,4.091008715
36.12,4.091812997
36.125,4.093428708
36.13,4.09159563
36.135,4.091384223
36.14,4.093973989
36.145,4.092937665
36.15,4.090448559
36.155,4.092384974
36.16,4.094007628
36.165,4.091797397
36.17,4.091550783
36.175,4.093213718
36.18,4.091351825
36.185,4.089716627
36.19,4.092292318
36.195,4.092887632
36.2,4.090514158
36.205,4.091519889
36.21,4.093566848
36.215,4.091662701
36.22,4.090773536
36.225,4.09347204
36.23,4.093279142
36.235,4.090746077
36.24,4.091737626
36.245,4.092694319
36.25,4.09031767
36.255,4.09063842
36.26,4.093480561
36.265,4.092384261
36.27,4.090590474
36.275,4.092860537
36.28,4.093780008
36.285,4.091608601
36.29,4.092648497
36.295,4.094840471
36.3,4.092615497
36.305,4.090654309
36.31,4.092129812
36.315,4.091307016
36.32,4.08886519
36.325,4.090562163
36.33,4.092153236
36.335,4.089594451
36.34,4.089326125
36.345,4.092365831
36.35,4.092136576
36.355,4.090672141
36.36,4.092542786
36.365,4.092645052
36.37,4.089278973
36.375,4.089386585
36.38,4.091535037
36.385,4.089980311
36.39,4.088960743
36.395,4.091455043
36.4,4.091290625
36.405,4.089067849
36.41,4.091193426
36.415,4.093744857
36.42,4.0918106
36.425,4.091111544
36.43,4.093223097
36.435,4.09175171
36.44,4.089188106
36.445,4.091152197
36.45,4.092538142
36.455,4.090174702
36.46,4.090522282
36.465,4.093010777
36.47,4.09158771
36.475,4.090584334
36.48,4.093765255
36.485,4.094377828
36.49,4.091559286
36.495,4.092024694
36.5,4.093213152
36.505,4.090676939
36.51,4.089936105
36.515,4.092864691
36.52,4.092640684
36.525,4.090892373
36.53,4.093689372
36.535,4.096030054
36.54,4.094306307
36.545,4.094982914
36.55,4.097699769
36.555,4.095613467
36.56,4.092420953
36.565,4.093423993
36.57,4.093267635
36.575,4.090770299
36.58,4.092310961
36.585,4.09490512
36.59,4.092999287
36.595,4.09211707
36.6,4.095411418
36.605,4.095781957
36.61,4.093308413
36.615,4.094246908
36.62,4.094753392
36.625,4.091144243
36.63,4.089944303
36.635,4.092035078
36.64,4.090655473
36.645,4.088773574
36.65,4.09115575
36.655,4.091683328
36.66,4.0884795
36.665,4.089119205
36.67,4.092033846
36.675,4.090247254
36.68,4.088278812
36.685,4.08997882
36.69,4.089281305
36.695,4.086416801
36.7,4.087850448
36.705,4.089682353
36.71,4.087256486
36.715,4.087086753
36.72,4.090547089
36.725,4.090311464
36.73,4.088567204
36.735,4.091206356
36.74,4.092984164
36.745,4.090598384
36.75,4.090642434
36.755,4.092889969
36.76,4.091555471
36.765,4.091003379
36.77,4.09447724
36.775,4.094727033
36.78,4.091439437
36.785,4.092399385
36.79,4.094811032
36.795,4.093024311
36.8,4.092526305
36.805,4.095465318
36.81,4.095011977
36.815,4.092865761
36.82,4.095132233
36.825,4.096837795
36.83,4.094882628
36.835,4.096026745
36.84,4.099382346
36.845,4.097594338
36.85,4.095114942
36.855,4.097613033
36.86,4.098835861
36.865,4.096662343
36.87,4.097609487
36.875,4.099610216
36.88,4.097436171
36.885,4.09669897
36.89,4.099944958
36.895,4.099772136
36.9,4.096889463
36.905,4.098176545
36.91,4.099125381
36.915,4.095487706
36.92,4.094660795
36.925,4.097661962
36.93,4.096814396
36.935,4.094544959
36.94,4.096335507
36.945,4.096658948
36.95,4.093783173
36.955,4.094958824
36.96,4.097810983
36.965,4.095435076
36.97,4.093306162
36.975,4.095759579
36.98,4.095687438
36.985,4.092540408
36.99,4.09359615
36.995,4.095274494
37,4.092382657
37.005,4.091316637
37.01,4.093693829
37.015,4.092683687
37.02,4.090993822
37.025,4.094346725
37.03,4.096057367
37.035,4.092623271
37.04,4.092110987
37.045,4.094568426
37.05,4.093005581
37.055,4.09140478
37.06,4.094116291
37.065,4.094452335
37.07,4.091452025
37.075,4.092649547
37.08,4.095337039
37.085,4.093412649
37.09,4.092822181
37.095,4.096034273
37.1,4.095202697
37.105,4.091748983
37.11,4.093431875
37.115,4.095635656
37.12,4.093430241
37.125,4.093234546
37.13,4.095642284
37.135,4.093961408
37.14,4.092163713
37.145,4.095382699
37.15,4.096468396
37.155,4.093510478
37.16,4.094223688
37.165,4.096852311
37.17,4.09487218
37.175,4.093649922
37.18,4.097309431
37.185,4.098676263
37.19,4.097087516
37.195,4.098936213
37.2,4.100600322
37.205,4.098426557
37.21,4.099191183
37.215,4.103174673
37.22,4.10207992
37.225,4.098542723
37.23,4.099807387
37.235,4.100915128
37.24,4.098645589
37.245,4.0994574
37.25,4.102578708
37.255,4.101525106
37.26,4.10051873
37.265,4.103530475
37.27,4.103914265
37.275,4.101342531
37.28,4.103148478
37.285,4.105541112
37.29,4.101966886
37.295,4.099465359
37.3,4.101900913
37.305,4.10223818
37.31,4.100880142
37.315,4.103447194
37.32,4.105019293
37.325,4.102478658
37.33,4.103130289
37.335,4.10632345
37.34,4.104451293
37.345,4.101789721
37.35,4.104119698
37.355,4.104615689
37.36,4.100987752
37.365,4.101031281
37.37,4.103623037
37.375,4.102344981
37.38,4.101532958
37.385,4.103797805
37.39,4.10277669
37.395,4.100223898
37.4,4.10317245
37.405,4.106183154
37.41,4.10342955
37.415,4.102320581
37.42,4.105229159
37.425,4.104720711
37.43,4.102676652
37.435,4.104749733
37.44,4.105864361
37.445,4.103829321
37.45,4.105185159
37.455,4.108049658
37.46,4.106049435
37.465,4.105108185
37.47,4.109376785
37.475,4.110378231
37.48,4.10678669
37.485,4.106717066
37.49,4.108646457
37.495,4.107395354
37.5,4.107853947
37.505,4.110961901
37.51,4.110004624
37.515,4.108202372
37.52,4.111990533
37.525,4.114893683
37.53,4.112750638
37.535,4.11339939
37.54,4.117094418
37.545,4.116031326
37.55,4.113277233
37.555,4.114789902
37.56,4.115589996
37.565,4.114122625
37.57,4.116131139
37.575,4.11813278
37.58,4.114863481
37.585,4.113725595
37.59,4.117976526
37.595,4.118638136
37.6,4.115489544
37.605,4.11652801
37.61,4.118473904
37.615,4.116368633
37.62,4.115899339
37.625,4.117994042
37.63,4.11669778
37.635,4.115211524
37.64,4.117936141
37.645,4.117716004
37.65,4.113026849
37.655,4.113008616
37.66,4.116470617
37.665,4.115056981
37.67,4.112291016
37.675,4.113482861
37.68,4.113589282
37.685,4.112105847
37.69,4.114451289
37.695,4.116297111
37.7,4.113100691
37.705,4.112396334
37.71,4.115834416
37.715,4.115093093
37.72,4.112170349
37.725,4.114562276
37.73,4.117283373
37.735,4.115416042
37.74,4.115201402
37.745,4.117275106
37.75,4.116404424
37.755,4.116409959
37.76,4.120225094
37.765,4.120125885
37.77,4.11593482
37.775,4.116797061
37.78,4.120301562
37.785,4.118854677
37.79,4.117379873
37.795,4.119888744
37.8,4.119897443
37.805,4.11761366
37.81,4.118982927
37.815,4.119973786
37.82,4.117285708
37.825,4.117678501
37.83,4.120856075
37.835,4.119072054
37.84,4.116060537
37.845,4.11920332
37.85,4.122471696
37.855,4.12100743
37.86,4.120603579
37.865,4.121745254
37.87,4.120020365
37.875,4.119559014
37.88,4.122750128
37.885,4.122493374
37.89,4.119541523
37.895,4.121502075
37.9,4.124664369
37.905,4.122806606
37.91,4.122042286
37.915,4.125572547
37.92,4.12666501
37.925,4.125362576
37.93,4.1265043
37.935,4.126788098
37.94,4.124773212
37.945,4.126894922
37.95,4.130986248
37.955,4.129318892
37.96,4.126388432
37.965,4.128535653
37.97,4.129877626
37.975,4.127551137
37.98,4.127772338
37.985,4.129662565
37.99,4.128050088
37.995,4.127131441
38,4.129169512
38.005,4.128256191
38.01,4.126207832
38.015,4.129046546
38.02,4.131065974
38.025,4.127067646
38.03,4.124870736
38.035,4.127336014
38.04,4.127717714
38.045,4.126452486
38.05,4.127736733
38.055,4.127707803
38.06,4.125610941
38.065,4.127426408
38.07,4.130663435
38.075,4.129057307
38.08,4.127488138
38.085,4.130124709
38.09,4.130046997
38.095,4.126369906
38.1,4.126380922
38.105,4.128774413
38.11,4.128253138
38.115,4.128080985
38.12,4.129303578
38.125,4.127444516
38.13,4.126062164
38.135,4.129799057
38.14,4.132011271
38.145,4.128809519
38.15,4.127482325
38.155,4.129328042
38.16,4.128510762
38.165,4.127209592
38.17,4.129121346
38.175,4.129591704
38.18,4.128068896
38.185,4.129480776
38.19,4.130701505
38.195,4.128023127
38.2,4.127879886
38.205,4.132093599
38.21,4.132691769
38.215,4.129797468
38.22,4.130251073
38.225,4.131942673
38.23,4.131152992
38.235,4.131940578
38.24,4.133855964
38.245,4.13215722
38.25,4.130614572
38.255,4.133170009
38.26,4.133757068
38.265,4.13099966
38.27,4.131927079
38.275,4.134759592
38.28,4.133213688
38.285,4.131134449
38.29,4.132665881
38.295,4.13325248
38.3,4.13248297
38.305,4.13404142
38.31,4.134160191
38.315,4.130628455
38.32,4.13058188
38.325,4.134507029
38.33,4.134543439
38.335,4.13212812
38.34,4.133227931
38.345,4.134214814
38.35,4.132062598
38.355,4.131844634
38.36,4.132931916
38.365,4.130746561
38.37,4.129035776
38.375,4.130309611
38.38,4.128826671
38.385,4.125611468
38.39,4.127568082
38.395,4.131031314
38.4,4.129734489
38.405,4.128273179
38.41,4.129707512
38.415,4.129397671
38.42,4.128555327
38.425,4.130726973
38.43,4.131168913
38.435,4.12799943
38.44,4.127972603
38.445,4.130465783
38.45,4.129118917
38.455,4.127655557
38.46,4.130847321
38.465,4.132604867
38.47,4.130564712
38.475,4.130726196
38.48,4.132216906
38.485,4.13114107
38.49,4.131298292
38.495,4.133820381
38.5,4.132448643
38.505,4.129270445
38.51,4.131042532
38.515,4.133601472
38.52,4.132021959
38.525,4.131631098
38.53,4.134069543
38.535,4.13348764
38.54,4.13181802
38.545,4.133784218
38.55,4.135035291
38.555,4.13352125
38.56,4.134539062
38.565,4.135832939
38.57,4.132182562
38.575,4.129430207
38.58,4.132117194
38.585,4.13333664
38.59,4.130871766
38.595,4.130626768
38.6,4.13150671
38.605,4.13018878
38.61,4.131025173
38.615,4.134350025
38.62,4.133781727
38.625,4.131407213
38.63,4.132748028
38.635,4.133357023
38.64,4.130144996
38.645,4.129879739
38.65,4.132758477
38.655,4.131934962
38.66,4.129736764
38.665,4.130983181
38.67,4.131679583
38.675,4.130773092
38.68,4.133309689
38.685,4.135732314
38.69,4.132861445
38.695,4.130899469
38.7,4.133369394
38.705,4.133342562
38.71,4.130758648
38.715,4.131789278
38.72,4.133483795
38.725,4.131502978
38.73,4.130873301
38.735,4.132976937
38.74,4.132412632
38.745,4.131650915
38.75,4.134219175
38.755,4.134061403
38.76,4.129317983
38.765,4.128055718
38.77,4.130382715
38.775,4.129317204
38.78,4.127429036
38.785,4.128785351
38.79,4.128614659
38.795,4.126477011
38.8,4.127645456
38.805,4.129162907
38.81,4.126907942
38.815,4.12612018
38.82,4.128234332
38.825,4.126430273
38.83,4.122576384
38.835,4.123622382
38.84,4.125854188
38.845,4.124210227
38.85,4.122940971
38.855,4.123158056
38.86,4.121198048
38.865,4.120363604
38.87,4.123361867
38.875,4.123709429
38.88,4.12017294
38.885,4.120163404
38.89,4.122226309
38.895,4.12048673
38.9,4.118766238
38.905,4.120641846
38.91,4.120734233
38.915,4.118665948
38.92,4.119523993
38.925,4.120791833
38.93,4.119647625
38.935,4.120871213
38.94,4.124013326
38.945,4.122288164
38.95,4.118590589
38.955,4.11943625
38.96,4.120900472
38.965,4.119068236
38.97,4.118798187
38.975,4.12034008
38.98,4.119407824
38.985,4.118965834
38.99,4.12164622
38.995,4.12244623
39,4.121316873
39.005,4.123683047
39.01,4.126071599
39.015,4.123398847
39.02,4.121040048
39.025,4.122559518
39.03,4.122748349
39.035,4.121053639
39.04,4.12108185
39.045,4.120595689
39.05,4.118350141
39.055,4.119488029
39.06,4.122737168
39.065,4.12177048
39.07,4.1197659
39.075,4.121431758
39.08,4.122116241
39.085,4.11956668
39.09,4.119125294
39.095,4.120389333
39.1,4.119044593
39.105,4.117449198
39.11,4.117528996
39.115,4.115819469
39.12,4.114423628
39.125,4.117445373
39.13,4.119697617
39.135,4.117069716
39.14,4.115223818
39.145,4.116893217
39.15,4.117167878
39.155,4.116365355
39.16,4.1173792
39.165,4.116975931
39.17,4.114337797
39.175,4.113997376
39.18,4.114578971
39.185,4.112331279
39.19,4.111440923
39.195,4.114247819
39.2,4.114627034
39.205,4.111738751
39.21,4.111469841
39.215,4.112873952
39.22,4.112243253
39.225,4.111696649
39.23,4.111763811
39.235,4.109199835
39.24,4.106932793
39.245,4.108459431
39.25,4.109174629
39.255,4.106962779
39.26,4.106908928
39.265,4.108875405
39.27,4.108034387
39.275,4.106509018
39.28,4.107643965
39.285,4.108467372
39.29,4.107826243
39.295,4.108190157
39.3,4.107102698
39.305,4.103416948
39.31,4.102527179
39.315,4.105100691
39.32,4.105166497
39.325,4.103029831
39.33,4.103271062
39.335,4.103875216
39.34,4.102819007
39.345,4.103207921
39.35,4.104377134
39.355,4.102664721
39.36,4.100704277
39.365,4.100677579
39.37,4.099036399
39.375,4.096445459
39.38,4.097714854
39.385,4.100178864
39.39,4.098899309
39.395,4.097110771
39.4,4.097651839
39.405,4.09778861
39.41,4.09764978
39.415,4.098975166
39.42,4.098423972
39.425,4.095307887
39.43,4.094754156
39.435,4.096201224
39.44,4.094713213
39.445,4.092817222
39.45,4.093798951
39.455,4.094125695
39.46,4.092604102
39.465,4.092766597
39.47,4.093935675
39.475,4.093745648
39.48,4.09467373
39.485,4.096272706
39.49,4.094490344
39.495,4.09191671
39.5,4.093313544
39.505,4.094948613
39.51,4.093332525
39.515,4.092203724
39.52,4.092595089
39.525,4.091532469
39.53,4.090736539
39.535,4.091936816
39.54,4.091639869
39.545,4.090311375
39.55,4.091487495
39.555,4.09235849
39.56,4.089801461
39.565,4.088835661
39.57,4.091645587
39.575,4.092912948
39.58,4.091779832
39.585,4.091614673
39.59,4.091347524
39.595,4.090401826
39.6,4.092010318
39.605,4.094442008
39.61,4.093518046
39.615,4.092356741
39.62,4.094209392
39.625,4.094557267
39.63,4.092406292
39.635,4.092666477
39.64,4.094337251
39.645,4.093326927
39.65,4.092141115
39.655,4.092880078
39.66,4.092807015
39.665,4.093127905
39.67,4.096093118
39.675,4.096938848
39.68,4.093751225
39.685,4.092888993
39.69,4.095073453
39.695,4.095172991
39.7,4.094048691
39.705,4.095057526
39.71,4.095497386
39.715,4.094647171
39.72,4.095910007
39.725,4.097073046
39.73,4.095725117
39.735,4.096319019
39.74,4.099510414
39.745,4.099095042
39.75,4.09609229
39.755,4.096602103
39.76,4.098765943
39.765,4.098651311
39.77,4.098797231
39.775,4.099429892
39.78,4.097897085
39.785,4.097445236
39.79,4.100340969
39.795,4.101225608
39.8,4.099248079
39.805,4.10028623
39.81,4.102766419
39.815,4.101394176
39.82,4.099535979
39.825,4.100909169
39.83,4.101447509
39.835,4.100239595
39.84,4.100260243
39.845,4.099418343
39.85,4.096997934
39.855,4.098447343
39.86,4.102652446
39.865,4.102614095
39.87,4.100616618
39.875,4.102228383
39.88,4.104229197
39.885,4.103603257
39.89,4.104211717
39.895,4.105395646
39.9,4.103857671
39.905,4.102907258
39.91,4.104285157
39.915,4.103549255
39.92,4.102194298
39.925,4.105471739
39.93,4.108843815
39.935,4.107065376
39.94,4.105357342
39.945,4.107190989
39.95,4.108035935
39.955,4.107858256
39.96,4.108871646
39.965,4.107684181
39.97,4.104460829
39.975,4.105015642
39.98,4.107159844
39.985,4.105202337
39.99,4.103576
39.995,4.106319586
40,4.107641728
40.005,4.105691702
40.01,4.10568509
40.015,4.106724329
40.02,4.105833791
40.025,4.106140205
40.03,4.107317237
40.035,4.104627741
40.04,4.101987875
40.045,4.104739553
40.05,4.107367251
40.055,4.105691366
40.06,4.105596252
40.065,4.108245476
40.07,4.108353571
40.075,4.107825039
40.08,4.109498998
40.085,4.109324018
40.09,4.10710545
40.095,4.107694195
40.1,4.107910241
40.105,4.104338207
40.11,4.103504808
40.115,4.107400348
40.12,4.1084442
40.125,4.106075207
40.13,4.106480459
40.135,4.108076355
40.14,4.108243282
40.145,4.110237007
40.15,4.112495516
40.155,4.110261033
40.16,4.10819456
40.165,4.110485928
40.17,4.110829985
40.175,4.107733711
40.18,4.108262766
40.185,4.111178928
40.19,4.110497875
40.195,4.109571425
40.2,4.111531098
40.205,4.112247067
40.21,4.112390959
40.215,4.115173492
40.22,4.115358925
40.225,4.110924937
40.23,4.109606675
40.235,4.11227353
40.24,4.111459681
40.245,4.108993085
40.25,4.110423504
40.255,4.11194447
40.26,4.111196761
40.265,4.112747066
40.27,4.115211957
40.275,4.114258905
40.28,4.114428482
40.285,4.117286957
40.29,4.116030563
40.295,4.112045721
40.3,4.113387035
40.305,4.11665619
40.31,4.115666951
40.315,4.114873942
40.32,4.116616355
40.325,4.116429253
40.33,4.116355114
40.335,4.120138906
40.34,4.121802408
40.345,4.119568875
40.35,4.120420865
40.355,4.122972612
40.36,4.120753948
40.365,4.118733197
40.37,4.122041894
40.375,4.124063591
40.38,4.122279317
40.385,4.122487778
40.39,4.12352554
40.395,4.12239155
40.4,4.123955631
40.405,4.127667652
40.41,4.126192963
40.415,4.122762573
40.42,4.124810179
40.425,4.127045914
40.43,4.124772067
40.435,4.124219581
40.44,4.126425854
40.445,4.125416813
40.45,4.123993577
40.455,4.125907463
40.46,4.126089513
40.465,4.124588015
40.47,4.127335269
40.475,4.130083462
40.48,4.126676794
40.485,4.124475971
40.49,4.12767838
40.495,4.128610613
40.5,4.126198232
40.505,4.126471197
40.51,4.126784183
40.515,4.124311468
40.52,4.124852874
40.525,4.127687255
40.53,4.126054889
40.535,4.12416551
40.54,4.127436925
40.545,4.1283009
40.55,4.124367982
40.555,4.124251754
40.56,4.127507241
40.565,4.127079995
40.57,4.125782213
40.575,4.126673689
40.58,4.1250644
40.585,4.123072479
40.59,4.12648235
40.595,4.129017097
40.6,4.1255147
40.605,4.124328691
40.61,4.127833138
40.615,4.12772236
40.62,4.125318055
40.625,4.12728612
40.63,4.128977322
40.635,4.127321962
40.64,4.128145374
40.645,4.13009997
40.65,4.128046188
40.655,4.128083459
40.66,4.133071055
40.665,4.133424016
40.67,4.128753087
40.675,4.128779864
40.68,4.131950122
40.685,4.131304021
40.69,4.130820759
40.695,4.132488772
40.7,4.130934654
40.705,4.129031997
40.71,4.132126135
40.715,4.133644553
40.72,4.130594076
40.725,4.131639097
40.73,4.135843548
40.735,4.134256313
40.74,4.130692777
40.745,4.132409472
40.75,4.134073164
40.755,4.132894365
40.76,4.133943128
40.765,4.13431647
40.77,4.13041186
40.775,4.129971338
40.78,4.134584501
40.785,4.134564026
40.79,4.131097708
40.795,4.132953945
40.8,4.135561789
40.805,4.132820038
40.81,4.131435822
40.815,4.133437683
40.82,4.132792501
40.825,4.131940404
40.83,4.134312736
40.835,4.133187896
40.84,4.128934683
40.845,4.131104897
40.85,4.136068067
40.855,4.134254478
40.86,4.131209617
40.865,4.133471758
40.87,4.134761951
40.875,4.133573235
40.88,4.135128885
40.885,4.135784021
40.89,4.132342881
40.895,4.132540502
40.9,4.136036949
40.905,4.133877903
40.91,4.130546919
40.915,4.134022301
40.92,4.136841588
40.925,4.133468683
40.93,4.13211226
40.935,4.134020096
40.94,4.133344337
40.945,4.133294124
40.95,4.135853934
40.955,4.13366153
40.96,4.128960138
40.965,4.131062649
40.97,4.134504665
40.975,4.131409959
40.98,4.129375251
40.985,4.132660616
40.99,4.133158387
40.995,4.130970884
41,4.132368544
41.005,4.133338143
41.01,4.131358076
41.015,4.132991599
41.02,4.135410206
41.025,4.131190507
41.03,4.127508958
41.035,4.131401238
41.04,4.133653392
41.045,4.130184974
41.05,4.129662854
41.055,4.131744881
41.06,4.130528743
41.065,4.130653425
41.07,4.133914124
41.075,4.132737634
41.08,4.13002515
41.085,4.133156356
41.09,4.135151327
41.095,4.130584472
41.1,4.129528016
41.105,4.134049588
41.11,4.134166219
41.115,4.131247356
41.12,4.132100649
41.125,4.132584624
41.13,4.131248402
41.135,4.134500045
41.14,4.137725434
41.145,4.133815066
41.15,4.13098129
41.155,4.134714937
41.16,4.135465769
41.165,4.131966737
41.17,4.133002164
41.175,4.135488075
41.18,4.133429628
41.185,4.132609777
41.19,4.134715701
41.195,4.133312948
41.2,4.132023392
41.205,4.136128274
41.21,4.137186441
41.215,4.132073577
41.22,4.131447256
41.225,4.13543361
41.23,4.134745146
41.235,4.132405992
41.24,4.134116962
41.245,4.13415158
41.25,4.132031384
41.255,4.134432923
41.26,4.136851511
41.265,4.133932434
41.27,4.133642461
41.275,4.137946575
41.28,4.136773512
41.285,4.132415599
41.29,4.13435731
41.295,4.137836219
41.3,4.136487932
41.305,4.136172748
41.31,4.137721942
41.315,4.135595902
41.32,4.134971186
41.325,4.139638874
41.33,4.14053766
41.335,4.136279329
41.34,4.136939531
41.345,4.140205088
41.35,4.137814112
41.355,4.135637056
41.36,4.138692136
41.365,4.139471477
41.37,4.137471379
41.375,4.139119436
41.38,4.140213816
41.385,4.13762829
41.39,4.139336543
41.395,4.14429356
41.4,4.142498346
41.405,4.138101159
41.41,4.1398925
41.415,4.141980848
41.42,4.139641629
41.425,4.13969777
41.43,4.1414916
41.435,4.139368283
41.44,4.138431739
41.445,4.141686006
41.45,4.141397934
41.455,4.138553733
41.46,4.141247881
41.465,4.144113986
41.47,4.140534686
41.475,4.138352268
41.48,4.141368592
41.485,4.141685009
41.49,4.139853222
41.495,4.141210368
41.5,4.141233745
41.505,4.138415177
41.51,4.140299363
41.515,4.144458988
41.52,4.142540047
41.525,4.140198041
41.53,4.143159374
41.535,4.143726276
41.54,4.139874292
41.545,4.140033725
41.55,4.142588011
41.555,4.141507313
41.56,4.141279648
41.565,4.14324588
41.57,4.141063109
41.575,4.138388853
41.58,4.14215754
41.585,4.145033818
41.59,4.141678043
41.595,4.140726471
41.6,4.144045617
41.605,4.14394049
41.61,4.142541814
41.615,4.144716897
41.62,4.145053715
41.625,4.142472418
41.63,4.143893891
41.635,4.145866257
41.64,4.14277065
41.645,4.141879172
41.65,4.146172493
41.655,4.146301877
41.66,4.142310706
41.665,4.143161393
41.67,4.145878334
41.675,4.145299646
41.68,4.146116999
41.685,4.148378581
41.69,4.146173268
41.695,4.144392562
41.7,4.148104328
41.705,4.149361414
41.71,4.145891105
41.715,4.14651216
41.72,4.149958334
41.725,4.148211964
41.73,4.145889156
41.735,4.14782757
41.74,4.148343663
41.745,4.14700163
41.75,4.148981462
41.755,4.149692884
41.76,4.145860587
41.765,4.146024623
41.77,4.150973242
41.775,4.15081799
41.78,4.147420194
41.785,4.148841084
41.79,4.150654827
41.795,4.148645466
41.8,4.148691231
41.805,4.150509061
41.81,4.148641245
41.815,4.147927416
41.82,4.15124243
41.825,4.15082284
41.83,4.147296801
41.835,4.149751579
41.84,4.153972871
41.845,4.151855786
41.85,4.149185916
41.855,4.150416513
41.86,4.149944679
41.865,4.148613683
41.87,4.150996421
41.875,4.151411497
41.88,4.147837357
41.885,4.148379821
41.89,4.152108566
41.895,4.150552164
41.9,4.148080746
41.905,4.151122468
41.91,4.152788616
41.915,4.149987798
41.92,4.149485904
41.925,4.150694539
41.93,4.1492571
41.935,4.149795832
41.94,4.152879089
41.945,4.151039464
41.95,4.147442452
41.955,4.150260238
41.96,4.153855718
41.965,4.152027264
41.97,4.151391732
41.975,4.154226395
41.98,4.153948967
41.985,4.152333231
41.99,4.153877339
41.995,4.153643791
42,4.151214301
42.005,4.153418379
42.01,4.156637559
42.015,4.154008375
42.02,4.152416639
42.025,4.15662547
42.03,4.158643568
42.035,4.15647536
42.04,4.156822707
42.045,4.15798138
42.05,4.156391908
42.055,4.156947329
42.06,4.159254401
42.065,4.157084949
42.07,4.15434774
42.075,4.157068066
42.08,4.158603609
42.085,4.155424117
42.09,4.155473681
42.095,4.159345527
42.1,4.159720211
42.105,4.158642294
42.11,4.160111059
42.115,4.159838473
42.12,4.158396471
42.125,4.160822003
42.13,4.162056783
42.135,4.157349179
42.14,4.154820713
42.145,4.157634992
42.15,4.158024324
42.155,4.156082529
42.16,4.157592563
42.165,4.159273364
42.17,4.158126903
42.175,4.158765215
42.18,4.160155452
42.185,4.157722143
42.19,4.156174675
42.195,4.158688254
42.2,4.158068028
42.205,4.153855212
42.21,4.154283005
42.215,4.157803843
42.22,4.157679638
42.225,4.156916761
42.23,4.158192783
42.235,4.157426012
42.24,4.156297813
42.245,4.158721236
42.25,4.159298781
42.255,4.155622923
42.26,4.15516585
42.265,4.157978703
42.27,4.156774415
42.275,4.154197483
42.28,4.156131869
42.285,4.158042352
42.29,4.157136768
42.295,4.157565948
42.3,4.158011271
42.305,4.155708079
42.31,4.155770674
42.315,4.15904331
42.32,4.158016003
42.325,4.1542734
42.33,4.155047899
42.335,4.157210254
42.34,4.1559684
42.345,4.155624899
42.35,4.15745599
42.355,4.157197966
42.36,4.156584712
42.365,4.158096695
42.37,4.157192632
42.375,4.154296135
42.38,4.155755233
42.385,4.158231791
42.39,4.155459843
42.395,4.152294838
42.4,4.153578368
42.405,4.154393071
42.41,4.153348488
42.415,4.154082387
42.42,4.154211632
42.425,4.152248571
42.43,4.153310409
42.435,4.155994535
42.44,4.154243032
42.445,4.151812977
42.45,4.153804118
42.455,4.154789478
42.46,4.151770453
42.465,4.150871289
42.47,4.152563299
42.475,4.152730348
42.48,4.153286597
42.485,4.155251578
42.49,4.154238577
42.495,4.152665678
42.5,4.15572483
42.505,4.158217674
42.51,4.15532678
42.515,4.153318372
42.52,4.154840672
42.525,4.15440458
42.53,4.15272996
42.535,4.153428328
42.54,4.153681417
42.545,4.152596235
42.55,4.154272988
42.555,4.155917752
42.56,4.15352121
42.565,4.152745532
42.57,4.156448848
42.575,4.15730768
42.58,4.154011482
42.585,4.153162357
42.59,4.153979347
42.595,4.152948441
42.6,4.153257227
42.605,4.154780825
42.61,4.15310324
42.615,4.151792498
42.62,4.154610393
42.625,4.155663811
42.63,4.152920343
42.635,4.153264667
42.64,4.15618001
42.645,4.155265141
42.65,4.152968529
42.655,4.153171246
42.66,4.152879474
42.665,4.152316986
42.67,4.154472074
42.675,4.154875689
42.68,4.15113943
42.685,4.15032339
42.69,4.153672375
42.695,4.153550697
42.7,4.15065421
42.705,4.150812818
42.71,4.151316547
42.715,4.149503477
42.72,4.149315459
42.725,4.150008579
42.73,4.147830747
42.735,4.146895715
42.74,4.148999709
42.745,4.147756139
42.75,4.143861709
42.755,4.144834701
42.76,4.148070197
42.765,4.147252984
42.77,4.145833905
42.775,4.146602145
42.78,4.145867584
42.785,4.144832432
42.79,4.146407978
42.795,4.145971474
42.8,4.142701339
42.805,4.143231547
42.81,4.146182231
42.815,4.144922816
42.82,4.142973444
42.825,4.145157299
42.83,4.146772177
42.835,4.145600409
42.84,4.14595052
42.845,4.146579475
42.85,4.145035346
42.855,4.145678589
42.86,4.14830785
42.865,4.146671661
42.87,4.143458133
42.875,4.145423031
42.88,4.147999145
42.885,4.146734106
42.89,4.146743877
42.895,4.149070192
42.9,4.149049961
42.905,4.148448882
42.91,4.149979875
42.915,4.149474024
42.92,4.147569332
42.925,4.149770625
42.93,4.152293183
42.935,4.149541194
42.94,4.147471429
42.945,4.150109664
42.95,4.151587337
42.955,4.150607061
42.96,4.151226833
42.965,4.15147719
42.97,4.149864801
42.975,4.150955201
42.98,4.153153825
42.985,4.15091102
42.99,4.148458605
42.995,4.150481604
43,4.151320875
43.005,4.148770755
43.01,4.148646576
43.015,4.150775033
43.02,4.150610202
43.025,4.150725016
43.03,4.152398482
43.035,4.151312846
43.04,4.149767001
43.045,4.152173117
43.05,4.153250785
43.055,4.149399894
43.06,4.14779138
43.065,4.150017249
43.07,4.149649684
43.075,4.147890732
43.08,4.149008293
43.085,4.149407798
43.09,4.147995142
43.095,4.149155692
43.1,4.150140663
43.105,4.147259892
43.11,4.146485756
43.115,4.14987244
43.12,4.149624792
43.125,4.14585105
43.13,4.145724771
43.135,4.147364301
43.14,4.146192831
43.145,4.14585105
43.15,4.146875694
43.155,4.144950296
43.16,4.143454804
43.165,4.146100426
43.17,4.14661597
43.175,4.143423924
43.18,4.144028759
43.185,4.147281155
43.19,4.146232907
43.195,4.144098584
43.2,4.145560226
43.205,4.146347803
43.21,4.145838378
43.215,4.147729181
43.22,4.148567535
43.225,4.146044788
43.23,4.146826145
43.235,4.150891757
43.24,4.150294696
43.245,4.147021326
43.25,4.14782335
43.255,4.14888038
43.26,4.146612386
43.265,4.14619061
43.27,4.147312382
43.275,4.145839547
43.28,4.145409066
43.285,4.148057211
43.29,4.147449471
43.295,4.144598965
43.3,4.146940563
43.305,4.150426256
43.31,4.148552338
43.315,4.146709134
43.32,4.148508314
43.325,4.148723152
43.33,4.147700542
43.335,4.149304571
43.34,4.149379365
43.345,4.146457721
43.35,4.147138696
43.355,4.149821416
43.36,4.147632243
43.365,4.145166374
43.37,4.148198317
43.375,4.150342232
43.38,4.148426619
43.385,4.14836434
43.39,4.149595451
43.395,4.148263225
43.4,4.14817739
43.405,4.150108611
43.41,4.148134704
43.415,4.14534223
43.42,4.148128961
43.425,4.15095322
43.43,4.148692296
43.435,4.147838019
43.44,4.150405549
43.445,4.15031741
43.45,4.148924507
43.455,4.150034489
43.46,4.14985646
43.465,4.148063437
43.47,4.150104637
43.475,4.152416048
43.48,4.149767294
43.485,4.148559493
43.49,4.152600103
43.495,4.15432847
43.5,4.152132315
43.505,4.152194012
43.51,4.153239057
43.515,4.152238658
43.52,4.153000167
43.525,4.15492393
43.53,4.152815955
43.535,4.151025196
43.54,4.15433672
43.545,4.155880604
43.55,4.152739146
43.555,4.152494494
43.56,4.155415501
43.565,4.155269991
43.57,4.154176278
43.575,4.155251276
43.58,4.15454066
43.585,4.152910082
43.59,4.154847642
43.595,4.155452318
43.6,4.151415428
43.605,4.150324604
43.61,4.154146987
43.615,4.154935478
43.62,4.153049687
43.625,4.154423053
43.63,4.156210258
43.635,4.155594574
43.64,4.156508746
43.645,4.157627563
43.65,4.155082213
43.655,4.154087527
43.66,4.157115689
43.665,4.156915778
43.67,4.153347964
43.675,4.154510599
43.68,4.158298623
43.685,4.158265327
43.69,4.157723002
43.695,4.15904184
43.7,4.158431954
43.705,4.157892497
43.71,4.160589415
43.715,4.160783282
43.72,4.157125945
43.725,4.157345376
43.73,4.16043795
43.735,4.15885594
43.74,4.156251477
43.745,4.158469241
43.75,4.160937258
43.755,4.160956477
43.76,4.162456686
43.765,4.163450055
43.77,4.161547277
43.775,4.162531437
43.78,4.166191301
43.785,4.164660223
43.79,4.160106265
43.795,4.160666706
43.8,4.162751331
43.805,4.161208143
43.81,4.160735629
43.815,4.16250002
43.82,4.162059505
43.825,4.162132711
43.83,4.164952054
43.835,4.164586847
43.84,4.161548335
43.845,4.163249822
43.85,4.166341393
43.855,4.163808545
43.86,4.161401321
43.865,4.16386418
43.87,4.165603603
43.875,4.165236714
43.88,4.166660876
43.885,4.167013132
43.89,4.164870775
43.895,4.166320616
43.9,4.169939878
43.905,4.168482843
43.91,4.166154547
43.915,4.169233308
43.92,4.171333377
43.925,4.168659507
43.93,4.167796268
43.935,4.169486608
43.94,4.169034582
43.945,4.16935754
43.95,4.171927066
43.955,4.171200731
43.96,4.169528563
43.965,4.173641432
43.97,4.177461383
43.975,4.174771524
43.98,4.172802715
43.985,4.175051777
43.99,4.174970732
43.995,4.172961818
44,4.173754097
44.005,4.173654231
44.01,4.171739571
44.015,4.173686709
44.02,4.176539
44.025,4.174007996
44.03,4.172393043
44.035,4.176402068
44.04,4.177750866
44.045,4.174263734
44.05,4.173827658
44.055,4.176014629
44.06,4.175886099
44.065,4.176607137
44.07,4.178602037
44.075,4.176668398
44.08,4.17442841
44.085,4.177668814
44.09,4.179829589
44.095,4.176679329
44.1,4.176155568
44.105,4.179587571
44.11,4.179347189
44.115,4.177095745
44.12,4.178106986
44.125,4.178437427
44.13,4.176947462
44.135,4.178566675
44.14,4.179976254
44.145,4.176806284
44.15,4.176294473
44.155,4.180977486
44.16,4.181834106
44.165,4.178290623
44.17,4.17824112
44.175,4.179708779
44.18,4.177868518
44.185,4.176889438
44.19,4.177514727
44.195,4.175202666
44.2,4.173721693
44.205,4.176747389
44.21,4.177041874
44.215,4.173243752
44.22,4.174026259
44.225,4.178288003
44.23,4.177819688
44.235,4.175439962
44.24,4.176261887
44.245,4.176544679
44.25,4.175732817
44.255,4.177398225
44.26,4.177620968
44.265,4.173814259
44.27,4.173410824
44.275,4.177240948
44.28,4.177022803
44.285,4.174213203
44.29,4.175940551
44.295,4.178504797
44.3,4.177507289
44.305,4.177416655
44.31,4.178658167
44.315,4.177544441
44.32,4.177536612
44.325,4.180311494
44.33,4.179214813
44.335,4.175268184
44.34,4.176591699
44.345,4.180367844
44.35,4.179606303
44.355,4.178310385
44.36,4.180222735
44.365,4.181149451
44.37,4.181025697
44.375,4.18282762
44.38,4.182994101
44.385,4.180505635
44.39,4.181543361
44.395,4.184462011
44.4,4.182639657
44.405,4.180064397
44.41,4.182726136
44.415,4.185444691
44.42,4.184516538
44.425,4.184482157
44.43,4.185287079
44.435,4.184609451
44.44,4.18574691
44.445,4.188168916
44.45,4.186136486
44.455,4.182800685
44.46,4.184721373
44.465,4.187243896
44.47,4.185207767
44.475,4.183965991
44.48,4.185698061
44.485,4.185780479
44.49,4.184888968
44.495,4.18552423
44.5,4.184614261
44.505,4.182880147
44.51,4.18514651
44.515,4.187353882
44.52,4.184417519
44.525,4.181991729
44.53,4.184040216
44.535,4.184873309
44.54,4.183015309
44.545,4.182768375
44.55,4.183258257
44.555,4.182751168
44.56,4.184230359
44.565,4.186080269
44.57,4.184090686
44.575,4.182615649
44.58,4.185279248
44.585,4.186034012
44.59,4.182835148
44.595,4.182283671
44.6,4.184589651
44.605,4.184991003
44.61,4.184702106
44.615,4.185285543
44.62,4.184059896
44.625,4.183165706
44.63,4.185850085
44.635,4.186783317
44.64,4.183201326
44.645,4.18191747
44.65,4.184359137
44.655,4.184234519
44.66,4.182252789
44.665,4.182760126
44.67,4.183410617
44.675,4.1829068
44.68,4.18422158
44.685,4.184810845
44.69,4.182356166
44.695,4.182447074
44.7,4.186260122
44.705,4.186558502
44.71,4.183457879
44.715,4.183390257
44.72,4.184854559
44.725,4.184168708
44.73,4.183761486
44.735,4.183965861
44.74,4.182087495
44.745,4.181158984
44.75,4.183015371
44.755,4.182360078
44.76,4.179216824
44.765,4.180163408
44.77,4.183178397
44.775,4.182106596
44.78,4.180133104
44.785,4.181093388
44.79,4.181836705
44.795,4.181872899
44.8,4.183341824
44.805,4.182969936
44.81,4.180266287
44.815,4.180908976
44.82,4.183631988
44.825,4.182202108
44.83,4.179693124
44.835,4.181356671
44.84,4.183089269
44.845,4.181790785
44.85,4.181428838
44.855,4.181976847
44.86,4.180987317
44.865,4.181636994
44.87,4.183515197
44.875,4.181358658
44.88,4.17811691
44.885,4.180115468
44.89,4.182631224
44.895,4.180243391
44.9,4.177949349
44.905,4.178610762
44.91,4.178542496
44.915,4.178385691
44.92,4.17998122
44.925,4.179459722
44.93,4.177322337
44.935,4.178875253
44.94,4.181153735
44.945,4.178937097
44.95,4.177525376
44.955,4.180622718
44.96,4.182023673
44.965,4.179995114
44.97,4.179351158
44.975,4.179381541
44.98,4.178367681
44.985,4.179666937
44.99,4.181554344
44.995,4.179462491
45,4.177783648
45.005,4.180895117
45.01,4.182707368
45.015,4.180534099
45.02,4.180295326
45.025,4.182233322
45.03,4.181769173
45.035,4.180826433
45.04,4.181409012
45.045,4.180341656
45.05,4.179410657
45.055,4.182081615
45.06,4.183129687
45.065,4.179471509
45.07,4.178403446
45.075,4.181784387
45.08,4.182577132
45.085,4.180810309
45.09,4.181075514
45.095,4.181261062
45.1,4.180503253
45.105,4.182194255
45.11,4.183608549
45.115,4.181296871
45.12,4.180762301
45.125,4.184341902
45.13,4.184607183
45.135,4.181303838
45.14,4.181687449
45.145,4.184288183
45.15,4.184273399
45.155,4.184337031
45.16,4.185356925
45.165,4.184058842
45.17,4.183622203
45.175,4.186772605
45.18,4.187209303
45.185,4.183395539
45.19,4.182890192
45.195,4.185236759
45.2,4.184139988
45.205,4.182104943
45.21,4.183136591
45.215,4.18358353
45.22,4.18281886
45.225,4.184305257
45.23,4.184788064
45.235,4.182158625
45.24,4.182331138
45.245,4.185110155
45.25,4.183161687
45.255,4.179058807
45.26,4.179569668
45.265,4.18116671
45.27,4.179843569
45.275,4.179350999
45.28,4.17958721
45.285,4.17755169
45.29,4.177367771
45.295,4.180313663
45.3,4.179771626
45.305,4.176853807
45.31,4.178673534
45.315,4.181595072
45.32,4.179663652
45.325,4.177899859
45.33,4.179865907
45.335,4.180570675
45.34,4.180092217
45.345,4.181361048
45.35,4.180632376
45.355,4.177748893
45.36,4.179418367
45.365,4.183282462
45.37,4.1818308
45.375,4.179341875
45.38,4.181263959
45.385,4.182410037
45.39,4.180546111
45.395,4.180673965
45.4,4.181661944
45.405,4.180122896
45.41,4.180066693
45.415,4.182101164
45.42,4.180534848
45.425,4.17837885
45.43,4.181509377
45.435,4.184031382
45.44,4.181182564
45.445,4.179569891
45.45,4.181230798
45.455,4.180825052
45.46,4.180017176
45.465,4.181607176
45.47,4.180919697
45.475,4.178145981
45.48,4.17936395
45.485,4.181291712
45.49,4.178741201
45.495,4.177640919
45.5,4.181273325
45.505,4.182358316
45.51,4.180101491
45.515,4.180738856
45.52,4.182155798
45.525,4.181335736
45.53,4.182249944
45.535,4.183775637
45.54,4.180789972
45.545,4.178174701
45.55,4.18097453
45.555,4.182379676
45.56,4.179338066
45.565,4.17907345
45.57,4.181741279
45.575,4.181463968
45.58,4.180994242
45.585,4.183211821
45.59,4.183517709
45.595,4.182630825
45.6,4.185373065
45.605,4.18706688
45.61,4.183974886
45.615,4.183344743
45.62,4.187099766
45.625,4.187524555
45.63,4.185071652
45.635,4.18580014
45.64,4.186936466
45.645,4.185998295
45.65,4.187472813
45.655,4.189879211
45.66,4.188286729
45.665,4.187334344
45.67,4.190296942
45.675,4.190490762
45.68,4.187360678
45.685,4.188248866
45.69,4.191035351
45.695,4.18974102
45.7,4.18807416
45.705,4.189006302
45.71,4.188554381
45.715,4.187888219
45.72,4.190418311
45.725,4.190889569
45.73,4.187551898
45.735,4.187717597
45.74,4.190958064
45.745,4.190046297
45.75,4.187784899
45.755,4.189302434
45.76,4.190030999
45.765,4.188005492
45.77,4.188117721
45.775,4.189140175
45.78,4.18740314
45.785,4.187363779
45.79,4.190115629
45.795,4.188950111
45.8,4.185487217
45.805,4.186839075
45.81,4.189412577
45.815,4.188122128
45.82,4.187222241
45.825,4.18834035
45.83,4.1873303
45.835,4.186325159
45.84,4.188493599
45.845,4.188843945
45.85,4.186417985
45.855,4.187159549
45.86,4.189258398
45.865,4.187003128
45.87,4.184882649
45.875,4.187249574
45.88,4.188749397
45.885,4.187574404
45.89,4.187939021
45.895,4.188273168
45.9,4.186290294
45.905,4.186472444
45.91,4.188736554
45.915,4.187397697
45.92,4.184816719
45.925,4.186367576
45.93,4.187882967
45.935,4.186049997
45.94,4.185966325
45.945,4.188170933
45.95,4.187957162
45.955,4.1872877
45.96,4.188571143
45.965,4.188182951
45.97,4.186988073
45.975,4.189441776
45.98,4.191869196
45.985,4.189883504
45.99,4.188645404
45.995,4.190876363
46,4.19172655
46.005,4.190710763
46.01,4.191399556
46.015,4.191651882
46.02,4.190106686
46.025,4.190867396
46.03,4.192793102
46.035,4.191416642
46.04,4.189958407
46.045,4.191731429
46.05,4.19189024
46.055,4.189316353
46.06,4.18925736
46.065,4.191236693
46.07,4.191149801
46.075,4.190906705
46.08,4.191836123
46.085,4.190775761
46.09,4.189416226
46.095,4.191268952
46.1,4.19266165
46.105,4.191048672
46.11,4.190843942
46.115,4.192565292
46.12,4.192053697
46.125,4.190915491
46.13,4.192486487
46.135,4.193634768
46.14,4.192967362
46.145,4.19365548
46.15,4.19445926
46.155,4.193130562
46.16,4.193353578
46.165,4.196129928
46.17,4.196328636
46.175,4.194173996
46.18,4.194447463
46.185,4.195638025
46.19,4.195001479
46.195,4.195058995
46.2,4.195916149
46.205,4.194948532
46.21,4.194083081
46.215,4.195557204
46.22,4.195868948
46.225,4.194390195
46.23,4.195476552
46.235,4.19752625
46.24,4.196499934
46.245,4.195075392
46.25,4.196036456
46.255,4.196484252
46.26,4.195976383
46.265,4.19667667
46.27,4.196481579
46.275,4.194400044
46.28,4.194145711
46.285,4.19580371
46.29,4.195613368
46.295,4.1948361
46.3,4.19613435
46.305,4.196721395
46.31,4.195468415
46.315,4.195878348
46.32,4.197705852
46.325,4.198098293
46.33,4.198284319
46.335,4.199394029
46.34,4.198907241
46.345,4.197610903
46.35,4.198555561
46.355,4.199578003
46.36,4.198188342
46.365,4.197596614
46.37,4.199017517
46.375,4.199309239
46.38,4.198967849
46.385,4.200045947
46.39,4.200778509
46.395,4.200135934
46.4,4.200405004
46.405,4.200662901
46.41,4.198932896
46.415,4.198154937
46.42,4.199968438
46.425,4.200791708
46.43,4.199696152
46.435,4.199847535
46.44,4.200952808
46.445,4.201032698
46.45,4.201405126
46.455,4.202074621
46.46,4.200654194
46.465,4.198989269
46.47,4.199442651
46.475,4.199580245
46.48,4.198247339
46.485,4.198222972
46.49,4.199442135
46.495,4.199085574
46.5,4.198169986
46.505,4.198716579
46.51,4.199256098
46.515,4.199384381
46.52,4.200410464
46.525,4.200533268
46.53,4.198586065
46.535,4.197575096
46.54,4.198369238
46.545,4.198039476
46.55,4.196881734
46.555,4.197045248
46.56,4.19748089
46.565,4.197118387
46.57,4.197314587
46.575,4.197937375
46.58,4.197691991
46.585,4.197780576
46.59,4.198454321
46.595,4.19769366
46.6,4.196345666
46.605,4.197218443
46.61,4.199021984
46.615,4.199198293
46.62,4.198782557
46.625,4.199081771
46.63,4.19933521
46.635,4.199548971
46.64,4.200297104
46.645,4.20031099
46.65,4.199533212
46.655,4.199752432
46.66,4.200289404
46.665,4.199187386
46.67,4.197893814
46.675,4.198310947
46.68,4.198862791
46.685,4.19846793
46.69,4.198221112
46.695,4.198325622
46.7,4.199048113
46.705,4.20110968
46.71,4.202921999
46.715,4.202515568
46.72,4.201321546
46.725,4.20148535
46.73,4.201854443
46.735,4.201312931
46.74,4.200802652
46.745,4.200653764
46.75,4.200447739
46.755,4.200770167
46.76,4.201598359
46.765,4.202069648
46.77,4.202952114
46.775,4.204748086
46.78,4.205622906
46.785,4.204546516
46.79,4.20367159
46.795,4.204247774
46.8,4.20510103
46.805,4.205520662
46.81,4.205743399
46.815,4.205742731
46.82,4.206248052
46.825,4.207735143
46.83,4.208519708
46.835,4.20797164
46.84,4.207920937
46.845,4.208595133
46.85,4.208350935
46.855,4.207484049
46.86,4.207482042
46.865,4.208490422
46.87,4.209771413
46.875,4.210695887
46.88,4.210457927
46.885,4.209509606
46.89,4.209834851
46.895,4.211457818
46.9,4.212161287
46.905,4.211491314
46.91,4.211070507
46.915,4.211258047
46.92,4.211555405
46.925,4.211946297
46.93,4.211913769
46.935,4.211441006
46.94,4.211464739
46.945,4.211456072
46.95,4.210477795
46.955,4.20962621
46.96,4.210382475
46.965,4.211642297
46.97,4.211556056
46.975,4.210824423
46.98,4.210446237
46.985,4.210571879
46.99,4.211382192
46.995,4.212022833
47,4.211132956
47.005,4.209802626
47.01,4.209888516
47.015,4.210332763
47.02,4.209644316
47.025,4.208950581
47.03,4.208989976
47.035,4.208828128
47.04,4.208605709
47.045,4.208804229
47.05,4.20909976
47.055,4.209917105
47.06,4.211798182
47.065,4.212977404
47.07,4.212187849
47.075,4.21159354
47.08,4.21268656
47.085,4.213771121
47.09,4.213967995
47.095,4.214135736
47.1,4.214293076
47.105,4.214367966
47.11,4.214776033
47.115,4.215038149
47.12,4.214350923
47.125,4.214165534
47.13,4.215129527
47.135,4.215019904
47.14,4.213490645
47.145,4.212919175
47.15,4.213643972
47.155,4.214067284
47.16,4.213970216
47.165,4.213302743
47.17,4.211817276
47.175,4.211027782
47.18,4.211754713
47.185,4.211870823
47.19,4.210705641
47.195,4.210543429
47.2,4.211470661
47.205,4.211222283
47.21,4.210483889
47.215,4.210683588
47.22,4.210573074
47.225,4.209664263
47.23,4.209002653
47.235,4.20802258
47.24,4.206654303
47.245,4.207133896
47.25,4.208783039
47.255,4.208464751
47.26,4.206947433
47.265,4.20723229
47.27,4.208303283
47.275,4.208426843
47.28,4.208748977
47.285,4.209272725
47.29,4.208852021
47.295,4.208839921
47.3,4.209996614
47.305,4.209907575
47.31,4.208878886
47.315,4.209485781
47.32,4.210173167
47.325,4.20846708
47.33,4.206505711
47.335,4.206443458
47.34,4.206846941
47.345,4.207266194
47.35,4.20839384
47.355,4.2086652
47.36,4.207941472
47.365,4.208766642
47.37,4.210181615
47.375,4.209423622
47.38,4.208380376
47.385,4.209153979
47.39,4.209259586
47.395,4.207894313
47.4,4.207582775
47.405,4.208208446
47.41,4.208275832
47.415,4.208986715
47.42,4.210067875
47.425,4.209223004
47.43,4.208407497
47.435,4.210439636
47.44,4.212452216
47.445,4.21159718
47.45,4.210696658
47.455,4.211112612
47.46,4.210762485
47.465,4.210231364
47.47,4.21094866
47.475,4.210980615
47.48,4.210077477
47.485,4.210716701
47.49,4.211627679
47.495,4.210652981
47.5,4.210568735
47.505,4.212692293
47.51,4.213100377
47.515,4.211212682
47.52,4.210428018
47.525,4.210558535
47.53,4.209969264
47.535,4.210145876
47.54,4.210974726
47.545,4.210244994
47.55,4.209745267
47.555,4.211574537
47.56,4.212545197
47.565,4.211152808
47.57,4.210863336
47.575,4.211908402
47.58,4.211156623
47.585,4.209813464
47.59,4.210006077
47.595,4.209857292
47.6,4.209487868
47.605,4.210728046
47.61,4.211160245
47.615,4.209121889
47.62,4.20847318
47.625,4.21023119
47.63,4.21035022
47.635,4.209087182
47.64,4.209471369
47.645,4.209964974
47.65,4.209109397
47.655,4.209331457
47.66,4.210315197
47.665,4.209734028
47.67,4.209564653
47.675,4.210953038
47.68,4.21056085
47.685,4.208835384
47.69,4.210121973
47.695,4.212992616
47.7,4.213399736
47.705,4.212873509
47.71,4.213325767
47.715,4.213014143
47.72,4.212530974
47.725,4.213374859
47.73,4.213103864
47.735,4.211069354
47.74,4.211024472
47.745,4.212768986
47.75,4.212687903
47.755,4.212342071
47.76,4.214334765
47.765,4.215771631
47.77,4.215136924
47.775,4.215185011
47.78,4.215839984
47.785,4.215658451
47.79,4.216554614
47.795,4.218645586
47.8,4.218290272
47.805,4.216688619
47.81,4.217703816
47.815,4.219159096
47.82,4.218460938
47.825,4.218315904
47.83,4.219753105
47.835,4.220159757
47.84,4.22026859
47.845,4.221717134
47.85,4.222210353
47.855,4.221729726
47.86,4.223276629
47.865,4.224672125
47.87,4.222825551
47.875,4.221264175
47.88,4.222552914
47.885,4.223470754
47.89,4.223042107
47.895,4.223561304
47.9,4.223874348
47.905,4.22280688
47.91,4.223087004
47.915,4.224452891
47.92,4.223664449
47.925,4.222397554
47.93,4.22342961
47.935,4.22382701
47.94,4.221942189
47.945,4.221581182
47.95,4.223033241
47.955,4.223137726
47.96,4.222805201
47.965,4.223320548
47.97,4.222793964
47.975,4.22221649
47.98,4.224099843
47.985,4.225382771
47.99,4.223519802
47.995,4.222298036
48,4.223307824
48.005,4.223109058
48.01,4.222013761
48.015,4.222592036
48.02,4.223061418
48.025,4.222278226
48.03,4.222544257
48.035,4.22314677
48.04,4.221917187
48.045,4.221599165
48.05,4.223544723
48.055,4.223731916
48.06,4.221650109
48.065,4.221267163
48.07,4.222420938
48.075,4.222438162
48.08,4.22256224
48.085,4.223445996
48.09,4.223073627
48.095,4.222983015
48.1,4.224906334
48.105,4.225513889
48.11,4.223897623
48.115,4.22391998
48.12,4.225283021
48.125,4.22424274
48.13,4.222525362
48.135,4.223180925
48.14,4.224308918
48.145,4.225236557
48.15,4.22731704
48.155,4.228490038
48.16,4.227436096
48.165,4.227839213
48.17,4.230319734
48.175,4.230697817
48.18,4.229539125
48.185,4.230236956
48.19,4.231172794
48.195,4.230701217
48.2,4.231090782
48.205,4.232260721
48.21,4.23198594
48.215,4.231986004
48.22,4.233386519
48.225,4.233015689
48.23,4.231480966
48.235,4.2327235
48.24,4.234726251
48.245,4.233707155
48.25,4.232193721
48.255,4.232498272
48.26,4.232396352
48.265,4.232137107
48.27,4.233425031
48.275,4.233861538
48.28,4.232965442
48.285,4.23441067
48.29,4.237104195
48.295,4.236772299
48.3,4.235561284
48.305,4.236673733
48.31,4.236897279
48.315,4.234787958
48.32,4.233770057
48.325,4.233593205
48.33,4.232706268
48.335,4.23364248
48.34,4.235856176
48.345,4.235226331
48.35,4.233612021
48.355,4.235184541
48.36,4.236920293
48.365,4.235556326
48.37,4.234513204
48.375,4.234755066
48.38,4.233401083
48.385,4.231943626
48.39,4.232285636
48.395,4.231463539
48.4,4.229577536
48.405,4.230466576
48.41,4.231672112
48.415,4.229576756
48.42,4.228373982
48.425,4.230819156
48.43,4.232348996
48.435,4.231782093
48.44,4.232196273
48.445,4.232165559
48.45,4.230300256
48.455,4.230201184
48.46,4.231463454
48.465,4.229882352
48.47,4.228153962
48.475,4.229985004
48.48,4.231306692
48.485,4.230277635
48.49,4.231458433
48.495,4.234164248
48.5,4.233874744
48.505,4.232715158
48.51,4.233126239
48.515,4.232152697
48.52,4.230883118
48.525,4.23297535
48.53,4.234790064
48.535,4.233020515
48.54,4.232956453
48.545,4.236164088
48.55,4.236940661
48.555,4.235825142
48.56,4.237154508
48.565,4.238335007
48.57,4.237280025
48.575,4.238131961
48.58,4.240068761
48.585,4.23879988
48.59,4.237887393
48.595,4.240390637
48.6,4.240599986
48.605,4.237576843
48.61,4.237605149
48.615,4.239584136
48.62,4.238965308
48.625,4.238887823
48.63,4.241133345
48.635,4.241014791
48.64,4.239696954
48.645,4.241504274
48.65,4.242428057
48.655,4.239564676
48.66,4.238791211
48.665,4.240806884
48.67,4.239640336
48.675,4.237539934
48.68,4.239379496
48.685,4.240751314
48.69,4.239128983
48.695,4.239269094
48.7,4.240163472
48.705,4.237959684
48.71,4.237032278
48.715,4.239551749
48.72,4.239032727
48.725,4.235675079
48.73,4.236135587
48.735,4.237922371
48.74,4.23598307
48.745,4.234946431
48.75,4.236966638
48.755,4.236515175
48.76,4.234782638
48.765,4.236215134
48.77,4.236820746
48.775,4.234538869
48.78,4.235404256
48.785,4.238271367
48.79,4.236327174
48.795,4.233304492
48.8,4.234758193
48.805,4.235680133
48.81,4.23365606
48.815,4.234074594
48.82,4.235523653
48.825,4.233600127
48.83,4.232967777
48.835,4.235634483
48.84,4.234951935
48.845,4.231865593
48.85,4.233044209
48.855,4.234592902
48.86,4.231694496
48.865,4.230377127
48.87,4.232940154
48.875,4.233194841
48.88,4.232125106
48.885,4.234071976
48.89,4.234590312
48.895,4.23184978
48.9,4.232165457
48.905,4.234413122
48.91,4.232240004
48.915,4.229939296
48.92,4.232298588
48.925,4.233107068
48.93,4.23075108
48.935,4.23173847
48.94,4.234287039
48.945,4.233276663
48.95,4.233006169
48.955,4.235258157
48.96,4.234117673
48.965,4.23184863
48.97,4.234430196
48.975,4.236219236
48.98,4.232519895
48.985,4.230487828
48.99,4.232187236
48.995,4.23125968
49,4.229408075
49.005,4.230996489
49.01,4.231444707
49.015,4.22927994
49.02,4.230646809
49.025,4.233151118
49.03,4.23079246
49.035,4.22894698
49.04,4.231340216
49.045,4.23099119
49.05,4.227083765
49.055,4.22692378
49.06,4.228658465
49.065,4.227449012
49.07,4.227518507
49.075,4.229680487
49.08,4.228245017
49.085,4.226089874
49.09,4.228760079
49.095,4.230189286
49.1,4.226591419
49.105,4.225440336
49.11,4.227481798
49.115,4.225800913
49.12,4.223013705
49.125,4.22405644
49.13,4.224099138
49.135,4.221941385
49.14,4.223030734
49.145,4.224469649
49.15,4.221702761
49.155,4.220987784
49.16,4.224780853
49.165,4.224986192
49.17,4.22165596
49.175,4.222001911
49.18,4.223528454
49.185,4.22163517
49.19,4.220944109
49.195,4.222187458
49.2,4.220026436
49.205,4.217901396
49.21,4.220241811
49.215,4.220876058
49.22,4.217709251
49.225,4.218469898
49.23,4.222016481
49.235,4.220873546
49.24,4.218536393
49.245,4.219950746
49.25,4.220412381
49.255,4.219161219
49.26,4.221075419
49.265,4.222483439
49.27,4.219918989
49.275,4.22021325
49.28,4.224469403
49.285,4.224530127
49.29,4.221670544
49.295,4.22286516
49.3,4.224048111
49.305,4.22142087
49.31,4.220774251
49.315,4.22240071
49.32,4.221106929
49.325,4.220128575
49.33,4.22275195
49.335,4.222669875
49.34,4.219608262
49.345,4.221167696
49.35,4.224580236
49.355,4.223012797
49.36,4.221088523
49.365,4.222978517
49.37,4.223187573
49.375,4.221538867
49.38,4.222890512
49.385,4.223723316
49.39,4.221261304
49.395,4.221615926
49.4,4.224324347
49.405,4.222343885
49.41,4.219440995
49.415,4.221808632
49.42,4.223727184
49.425,4.221375743
49.43,4.220748011
49.435,4.222037503
49.44,4.220627284
49.445,4.220082655
49.45,4.222288744
49.455,4.220897915
49.46,4.217164756
49.465,4.218441474
49.47,4.220616445
49.475,4.217652307
49.48,4.215645669
49.485,4.217416236
49.49,4.216651433
49.495,4.214141307
49.5,4.21495567
49.505,4.215422637
49.51,4.213608366
49.515,4.215231332
49.52,4.218157159
49.525,4.215811133
49.53,4.213218987
49.535,4.215960148
49.54,4.21742135
49.545,4.214978809
49.55,4.215285498
49.555,4.217327759
49.56,4.216170341
49.565,4.215852556
49.57,4.218122295
49.575,4.216909953
49.58,4.214296004
49.585,4.216396983
49.59,4.217927956
49.595,4.214591808
49.6,4.213796762
49.605,4.217334633
49.61,4.217657701
49.615,4.215920556
49.62,4.217097726
49.625,4.217338241
49.63,4.215377318
49.635,4.216753142
49.64,4.218874029
49.645,4.216119937
49.65,4.214640462
49.655,4.218414783
49.66,4.219748771
49.665,4.21720625
49.67,4.218066904
49.675,4.220357903
49.68,4.218732945
49.685,4.217613013
49.69,4.218519428
49.695,4.216302975
49.7,4.214143758
49.705,4.216873197
49.71,4.217813909
49.715,4.213833073
49.72,4.21310065
49.725,4.215885638
49.73,4.21479115
49.735,4.212341723
49.74,4.213353307
49.745,4.213165547
49.75,4.210658274
49.755,4.211397987
49.76,4.212430524
49.765,4.209388102
49.77,4.208326031
49.775,4.2110334
49.78,4.209534475
49.785,4.204960815
49.79,4.205215377
49.795,4.207032307
49.8,4.205267285
49.805,4.204518466
49.81,4.205932814
49.815,4.204573467
49.82,4.203495499
49.825,4.206246471
49.83,4.206293807
49.835,4.202224807
49.84,4.202174198
49.845,4.204781329
49.85,4.202778087
49.855,4.200461699
49.86,4.202737018
49.865,4.204120317
49.87,4.203043883
49.875,4.204228053
49.88,4.204873377
49.885,4.20211518
49.89,4.202293073
49.895,4.205653519
49.9,4.204444965
49.905,4.201191461
49.91,4.20292077
49.915,4.204968979
49.92,4.202943718
49.925,4.202459057
49.93,4.20407436
49.935,4.20303369
49.94,4.202469716
49.945,4.205036708
49.95,4.204910347
49.955,4.202496862
49.96,4.204802006
49.965,4.207901979
49.97,4.205164337
49.975,4.202507504
49.98,4.204461941
49.985,4.205114925
49.99,4.203789551
49.995,4.205073415
50,4.205826188
50.005,4.204071388
50.01,4.205503702
50.015,4.208762995
50.02,4.207088075
50.025,4.204868124
50.03,4.207795059
50.035,4.209446185
50.04,4.206620663
50.045,4.206276563
50.05,4.208555701
50.055,4.208238005
50.06,4.208082268
50.065,4.209631912
50.07,4.207846736
50.075,4.205304711
50.08,4.208077668
50.085,4.210542066
50.09,4.207361326
50.095,4.205697209
50.1,4.208431614
50.105,4.208699158
50.11,4.207016185
50.115,4.208195339
50.12,4.208702626
50.125,4.206929856
50.13,4.208113625
50.135,4.209751841
50.14,4.206674658
50.145,4.204980567
50.15,4.208648308
50.155,4.209685492
50.16,4.206222477
50.165,4.205973506
50.17,4.20795952
50.175,4.206911692
50.18,4.206329284
50.185,4.207586535
50.19,4.205653319
50.195,4.203496234
50.2,4.206116103
50.205,4.206960242
50.21,4.202658162
50.215,4.2015681
50.22,4.204436505
50.225,4.203299192
50.23,4.20013724
50.235,4.200581283
50.24,4.200951044
50.245,4.199858436
50.25,4.201821144
50.255,4.203444399
50.26,4.200415524
50.265,4.199535804
50.27,4.203262903
50.275,4.203336217
50.28,4.19991654
50.285,4.20057805
50.29,4.202725402
50.295,4.20122641
50.3,4.200607876
50.305,4.202222461
50.31,4.201287746
50.315,4.200762616
50.32,4.204030834
50.325,4.2042157
50.33,4.200011623
50.335,4.20039932
50.34,4.204146483
50.345,4.202995743
50.35,4.200492449
50.355,4.201930857
50.36,4.202569642
50.365,4.201336245
50.37,4.202747154
50.375,4.203328098
50.38,4.200126764
50.385,4.200205732
50.39,4.204186992
50.395,4.203463639
50.4,4.20004664
50.405,4.201811085
50.41,4.204032871
50.415,4.201476232
50.42,4.199843754
50.425,4.200614963
50.43,4.199182602
50.435,4.198717148
50.44,4.201793986
50.445,4.201520644
50.45,4.197956139
50.455,4.1994036
50.46,4.202973193
50.465,4.200829057
50.47,4.198047558
50.475,4.199701785
50.48,4.200027666
50.485,4.19791769
50.49,4.198190446
50.495,4.198056466
50.5,4.195256693
50.505,4.195853245
50.51,4.198731199
50.515,4.196157327
50.52,4.192330353
50.525,4.19465042
50.53,4.19737066
50.535,4.195505468
50.54,4.194915719
50.545,4.196420256
50.55,4.195281038
50.555,4.194791202
50.56,4.196997189
50.565,4.195869698
50.57,4.192755245
50.575,4.195084269
50.58,4.198524825
50.585,4.196638339
50.59,4.195702632
50.595,4.199570368
50.6,4.201409077
50.605,4.20027933
50.61,4.201248853
50.615,4.201776377
50.62,4.200124137
50.625,4.201759987
50.63,4.20477312
50.635,4.202581342
50.64,4.200488672
50.645,4.204343309
50.65,4.207121265
50.655,4.205381943
50.66,4.205978132
50.665,4.208960461
50.67,4.208968272
50.675,4.208745203
50.68,4.21050965
50.685,4.209610036
50.69,4.207981295
50.695,4.210923424
50.7,4.212984442
50.705,4.209591196
50.71,4.208136612
50.715,4.211504921
50.72,4.212721448
50.725,4.211633737
50.73,4.212813678
50.735,4.213613578
50.74,4.212417315
50.745,4.213448869
50.75,4.214678317
50.755,4.211708662
50.76,4.210195132
50.765,4.213709088
50.77,4.214766727
50.775,4.211633987
50.78,4.211626628
50.785,4.21410703
50.79,4.213951668
50.795,4.213470736
50.8,4.214030236
50.805,4.212127091
50.81,4.210288146
50.815,4.212513468
50.82,4.213236365
50.825,4.20982846
50.83,4.20945407
50.835,4.212770918
50.84,4.212784006
50.845,4.210768204
50.85,4.211816122
50.855,4.212926177
50.86,4.212171661
50.865,4.212771011
50.87,4.212650974
50.875,4.209416665
50.88,4.208655109
50.885,4.211782105
50.89,4.211444619
50.895,4.207836361
50.9,4.208142907
50.905,4.210584851
50.91,4.210062253
50.915,4.209392154
50.92,4.210194569
50.925,4.209277145
50.93,4.20867935
50.935,4.210289846
50.94,4.208987142
50.945,4.204633833
50.95,4.204427199
50.955,4.207173279
50.96,4.206072712
50.965,4.2037682
50.97,4.204851022
50.975,4.206090486
50.98,4.205998222
50.985,4.207205488
50.99,4.207396356
50.995,4.20511861
51,4.205451792
51.005,4.207842447
51.01,4.206171876
51.015,4.202917941
51.02,4.203893501
51.025,4.205781639
51.03,4.204769661
51.035,4.204519356
51.04,4.206104093
51.045,4.206767948
51.05,4.20813813
51.055,4.210510109
51.06,4.209190962
51.065,4.205943802
51.07,4.207091187
51.075,4.209626552
51.08,4.207807802
51.085,4.205563078
51.09,4.206704983
51.095,4.20744548
51.1,4.207004766
51.105,4.207985927
51.11,4.208261628
51.115,4.207099412
51.12,4.20859194
51.125,4.210874479
51.13,4.208662138
51.135,4.20624451
51.14,4.208515946
51.145,4.210217821
51.15,4.208157219
51.155,4.206900221
51.16,4.207619072
51.165,4.207660387
51.17,4.208586844
51.175,4.21029014
51.18,4.209015986
51.185,4.207461893
51.19,4.21020946
51.195,4.212622635
51.2,4.210265939
51.205,4.208311792
51.21,4.209777202
51.215,4.210469725
51.22,4.209670758
51.225,4.209791208
51.23,4.209287656
51.235,4.20869843
51.24,4.211166056
51.245,4.213393508
51.25,4.211428371
51.255,4.210235992
51.26,4.213280867
51.265,4.214948682
51.27,4.21309539
51.275,4.212224173
51.28,4.212366085
51.285,4.211441452
51.29,4.211486074
51.295,4.212218803
51.3,4.210801372
51.305,4.210240709
51.31,4.213353876
51.315,4.214823253
51.32,4.212670764
51.325,4.212863979
51.33,4.216215038
51.335,4.217461517
51.34,4.216808541
51.345,4.216597688
51.35,4.21534277
51.355,4.214242648
51.36,4.216005
51.365,4.217254813
51.37,4.215539739
51.375,4.216039988
51.38,4.21986997
51.385,4.221031717
51.39,4.219260111
51.395,4.219290581
51.4,4.220126919
51.405,4.219222734
51.41,4.218666095
51.415,4.218190858
51.42,4.216063351
51.425,4.215680056
51.43,4.218269983
51.435,4.218575255
51.44,4.216343892
51.445,4.217529403
51.45,4.221174359
51.455,4.222182042
51.46,4.221887299
51.465,4.222496783
51.47,4.222294073
51.475,4.221959012
51.48,4.22311537
51.485,4.222513056
51.49,4.219619566
51.495,4.219687483
51.5,4.222225872
51.505,4.221720728
51.51,4.219836525
51.515,4.22110988
51.52,4.223062051
51.525,4.223231935
51.53,4.223530098
51.535,4.223212127
51.54,4.220840301
51.545,4.21989442
51.55,4.220991128
51.555,4.219363338
51.56,4.216496256
51.565,4.217475231
51.57,4.219650949
51.575,4.218741553
51.58,4.217812142
51.585,4.219102789
51.59,4.219497919
51.595,4.218964136
51.6,4.219081971
51.605,4.217419606
51.61,4.214586365
51.615,4.215344231
51.62,4.217557291
51.625,4.215908313
51.63,4.213570239
51.635,4.215000804
51.64,4.2167112
51.645,4.216401167
51.65,4.216841971
51.655,4.217273107
51.66,4.21609476
51.665,4.216146787
51.67,4.217090424
51.675,4.215141385
51.68,4.212852687
51.685,4.214560953
51.69,4.216168868
51.695,4.214164529
51.7,4.21301341
51.705,4.214462634
51.71,4.215010024
51.715,4.214994926
51.72,4.216131013
51.725,4.215854598
51.73,4.214757841
51.735,4.216437231
51.74,4.217957351
51.745,4.215694016
51.75,4.214548211
51.755,4.217377453
51.76,4.218847171
51.765,4.217633416
51.77,4.217883556
51.775,4.219231006
51.78,4.219609075
51.785,4.220916523
51.79,4.222106847
51.795,4.219780764
51.8,4.217657919
51.805,4.219454901
51.81,4.220169435
51.815,4.217231959
51.82,4.216268993
51.825,4.21822802
51.83,4.218409347
51.835,4.217689553
51.84,4.218433383
51.845,4.218393298
51.85,4.217703441
51.855,4.218919395
51.86,4.218876251
51.865,4.215396125
51.87,4.21426003
51.875,4.217067522
51.88,4.21757052
51.885,4.215074549
51.89,4.214633839
51.895,4.215669631
51.9,4.215485916
51.905,4.216033246
51.91,4.216858439
51.915,4.215494896
51.92,4.21516853
51.925,4.21787572
51.93,4.217850636
51.935,4.214103736
51.94,4.213244659
51.945,4.215020833
51.95,4.214126158
51.955,4.212191907
51.96,4.212376857
51.965,4.212552871
51.97,4.212798316
51.975,4.214724899
51.98,4.214745844
51.985,4.211465121
51.99,4.210689945
51.995,4.212895778
52,4.21165993
52.005,4.208119858
52.01,4.20819607
52.015,4.210123937
52.02,4.210164612
52.025,4.210456195
52.03,4.211254342
52.035,4.21043548
52.04,4.210860458
52.045,4.213363058
52.05,4.212528861
52.055,4.208874007
52.06,4.209228703
52.065,4.212094005
52.07,4.211197339
52.075,4.208799229
52.08,4.20870256
52.085,4.208710494
52.09,4.208567216
52.095,4.21016558
52.1,4.210701867
52.105,4.209032121
52.11,4.210087178
52.115,4.213179764
52.12,4.212407315
52.125,4.209904199
52.13,4.211229826
52.135,4.213281257
52.14,4.21206796
52.145,4.210726366
52.15,4.210728693
52.155,4.210550305
52.16,4.212201472
52.165,4.215704272
52.17,4.216110182
52.175,4.214647972
52.18,4.216953672
52.185,4.220254471
52.19,4.219185502
52.195,4.217015222
52.2,4.217496914
52.205,4.217708493
52.21,4.21697155
52.215,4.217599916
52.22,4.217846336
52.225,4.217357543
52.23,4.220001008
52.235,4.223809657
52.24,4.223357931
52.245,4.221788474
52.25,4.224234379
52.255,4.22674616
52.26,4.225810472
52.265,4.225012868
52.27,4.225315014
52.275,4.224470893
52.28,4.224187521
52.285,4.22500107
52.29,4.223729341
52.295,4.222352054
52.3,4.225069799
52.305,4.227941355
52.31,4.226514703
52.315,4.225525887
52.32,4.227833987
52.325,4.229118257
52.33,4.228177875
52.335,4.227455888
52.34,4.226181755
52.345,4.22457195
52.35,4.225897958
52.355,4.227940902
52.36,4.226625215
52.365,4.225844962
52.37,4.229024583
52.375,4.230972492
52.38,4.229356786
52.385,4.228523639
52.39,4.228943058
52.395,4.228081498
52.4,4.227510091
52.405,4.227785667
52.41,4.226492078
52.415,4.226022873
52.42,4.229041828
52.425,4.230786029
52.43,4.228521777
52.435,4.227639511
52.44,4.229975973
52.445,4.230843336
52.45,4.229909369
52.455,4.229999728
52.46,4.229857053
52.465,4.22921819
52.47,4.230292708
52.475,4.230871901
52.48,4.22841891
52.485,4.227429784
52.49,4.230130858
52.495,4.231097584
52.5,4.22924123
52.505,4.229580204
52.51,4.231956463
52.515,4.232693276
52.52,4.232855517
52.525,4.233100797
52.53,4.231531583
52.535,4.230398534
52.54,4.232052036
52.545,4.232458318
52.55,4.23028091
52.555,4.230879642
52.56,4.234387409
52.565,4.235284154
52.57,4.233961115
52.575,4.234168155
52.58,4.234371627
52.585,4.233432031
52.59,4.23322449
52.595,4.232274162
52.6,4.229530773
52.605,4.229069716
52.61,4.231499204
52.615,4.231312159
52.62,4.228615654
52.625,4.228734019
52.63,4.230628933
52.635,4.23033521
52.64,4.229474194
52.645,4.229317907
52.65,4.227943819
52.655,4.226952072
52.66,4.228061685
52.665,4.227665873
52.67,4.225231765
52.675,4.225785437
52.68,4.228378932
52.685,4.227620106
52.69,4.225470543
52.695,4.226123564
52.7,4.227325959
52.705,4.227065263
52.71,4.227169687
52.715,4.226846273
52.72,4.224954797
52.725,4.224910122
52.73,4.226658136
52.735,4.225623394
52.74,4.223023602
52.745,4.223684987
52.75,4.225511561
52.755,4.224390104
52.76,4.223017165
52.765,4.223594923
52.77,4.223769076
52.775,4.223491697
52.78,4.224039442
52.785,4.223152795
52.79,4.221085008
52.795,4.222002615
52.8,4.224382691
52.805,4.223774619
52.81,4.222620869
52.815,4.224567986
52.82,4.226487792
52.825,4.226084853
52.83,4.22609335
52.835,4.226884146
52.84,4.226840438
52.845,4.227446438
52.85,4.228761854
52.855,4.227782732
52.86,4.226297698
52.865,4.228226547
52.87,4.230318031
52.875,4.228829921
52.88,4.227246927
52.885,4.228320663
52.89,4.229571934
52.895,4.230063921
52.9,4.230993717
52.905,4.231144449
52.91,4.230593461
52.915,4.231623338
52.92,4.232634162
52.925,4.23067557
52.93,4.228970139
52.935,4.230519173
52.94,4.231477651
52.945,4.229894219
52.95,4.229440857
52.955,4.231076778
52.96,4.232109817
52.965,4.232605474
52.97,4.232721787
52.975,4.230992714
52.98,4.229421119
52.985,4.230513361
52.99,4.231000724
52.995,4.228546898
53,4.227321967
53.005,4.2293324
53.01,4.230761057
53.015,4.230127893
53.02,4.22975726
53.025,4.229925925
53.03,4.230271435
53.035,4.231414616
53.04,4.23165141
53.045,4.229762983
53.05,4.229108691
53.055,4.231403487
53.06,4.232318726
53.065,4.229841105
53.07,4.228083047
53.075,4.228609939
53.08,4.228983676
53.085,4.228674562
53.09,4.228323417
53.095,4.227823453
53.1,4.228367846
53.105,4.230341222
53.11,4.230458112
53.115,4.228156032
53.12,4.22754994
53.125,4.229467799
53.13,4.229846486
53.135,4.228028041
53.14,4.22710254
53.145,4.227598141
53.15,4.228578642
53.155,4.22949757
53.16,4.228985312
53.165,4.227023267
53.17,4.226834763
53.175,4.228667133
53.18,4.228693228
53.185,4.226732199
53.19,4.226557574
53.195,4.228308344
53.2,4.229024573
53.205,4.228541607
53.21,4.22806653
53.215,4.227947112
53.22,4.228637772
53.225,4.229431379
53.23,4.228042963
53.235,4.225444596
53.24,4.225693252
53.245,4.227991186
53.25,4.227950676
53.255,4.225898864
53.26,4.22523371
53.265,4.226445437
53.27,4.227881599
53.275,4.228887634
53.28,4.228889705
53.285,4.228494578
53.29,4.22985161
53.295,4.231909385
53.3,4.231397904
53.305,4.229449074
53.31,4.229998915
53.315,4.232053838
53.32,4.232101267
53.325,4.23044664
53.33,4.229417794
53.335,4.229723982
53.34,4.231374172
53.345,4.23319225
53.35,4.233037736
53.355,4.232210848
53.36,4.233407264
53.365,4.234922929
53.37,4.233362232
53.375,4.230417543
53.38,4.22955507
53.385,4.230089533
53.39,4.229979033
53.395,4.229019776
53.4,4.227843432
53.405,4.227712114
53.41,4.229393815
53.415,4.230328809
53.42,4.228114815
53.425,4.225645838
53.43,4.226324181
53.435,4.227794808
53.44,4.226947973
53.445,4.225499925
53.45,4.225814867
53.455,4.227140619
53.46,4.22829647
53.465,4.228490797
53.47,4.227239258
53.475,4.226204313
53.48,4.22734698
53.485,4.22814001
53.49,4.226008451
53.495,4.224257187
53.5,4.225674757
53.505,4.227608303
53.51,4.227367722
53.515,4.226170587
53.52,4.225327119
53.525,4.225348657
53.53,4.226519931
53.535,4.226854971
53.54,4.2251715
53.545,4.224535436
53.55,4.226900441
53.555,4.22850083
53.56,4.226767818
53.565,4.224967613
53.57,4.225455931
53.575,4.226283574
53.58,4.225928118
53.585,4.224774337
53.59,4.223607349
53.595,4.223993263
53.6,4.226253659
53.605,4.227194895
53.61,4.225217591
53.615,4.224165812
53.62,4.226173428
53.625,4.227683987
53.63,4.226564553
53.635,4.225211473
53.64,4.225213106
53.645,4.226034006
53.65,4.226886638
53.655,4.22636421
53.66,4.224363812
53.665,4.22429634
53.67,4.22687108
53.675,4.227574047
53.68,4.225166507
53.685,4.224044797
53.69,4.225977293
53.695,4.227537419
53.7,4.226990049
53.705,4.225549737
53.71,4.224495823
53.715,4.224975365
53.72,4.226594068
53.725,4.226271709
53.73,4.223701051
53.735,4.223158623
53.74,4.225679677
53.745,4.226853945
53.75,4.225312755
53.755,4.224708355
53.76,4.226196046
53.765,4.227733908
53.77,4.228084327
53.775,4.226988215
53.78,4.22533246
53.785,4.225777104
53.79,4.228316073
53.795,4.228713199
53.8,4.226369197
53.805,4.226021577
53.81,4.228490233
53.815,4.22959447
53.82,4.228273256
53.825,4.227057758
53.83,4.227182764
53.835,4.228385246
53.84,4.229677275
53.845,4.228846517
53.85,4.226654867
53.855,4.22700812
53.86,4.229285311
53.865,4.22875138
53.87,4.225717648
53.875,4.224974268
53.88,4.227132776
53.885,4.228919508
53.89,4.228918387
53.895,4.227836853
53.9,4.226945886
53.905,4.22801458
53.91,4.229746825
53.915,4.228611757
53.92,4.225557137
53.925,4.22526625
53.93,4.227463716
53.935,4.227428743
53.94,4.225078678
53.945,4.224140047
53.95,4.22521781
53.955,4.226365603
53.96,4.226257694
53.965,4.224312406
53.97,4.222125269
53.975,4.222696793
53.98,4.224733505
53.985,4.22382899
53.99,4.22107881
53.995,4.221063613
54,4.223065229
54.005,4.223114756
54.01,4.221061269
54.015,4.21912335
54.02,4.218276231
54.025,4.218827238
54.03,4.219412919
54.035,4.217902268
54.04,4.216080476
54.045,4.217594014
54.05,4.220333985
54.055,4.219775721
54.06,4.217356005
54.065,4.217286754
54.07,4.219226062
54.075,4.220355571
54.08,4.220096095
54.085,4.219007027
54.09,4.218527308
54.095,4.220081825
54.1,4.221775202
54.105,4.220591651
54.11,4.21872124
54.115,4.219992228
54.12,4.222230544
54.125,4.221577212
54.13,4.219449168
54.135,4.21891268
54.14,4.219945492
54.145,4.220960763
54.15,4.220438947
54.155,4.217929282
54.16,4.216158397
54.165,4.217907946
54.17,4.220207969
54.175,4.219188894
54.18,4.217495927
54.185,4.218993999
54.19,4.2214936
54.195,4.221779559
54.2,4.220714445
54.205,4.219949397
54.21,4.220065862
54.215,4.221303709
54.22,4.221744056
54.225,4.219659532
54.23,4.218261794
54.235,4.220447287
54.24,4.222697063
54.245,4.221427765
54.25,4.219535592
54.255,4.22016394
54.26,4.221771735
54.265,4.222429892
54.27,4.221917882
54.275,4.220657674
54.28,4.220486827
54.285,4.222395534
54.29,4.223102912
54.295,4.220497296
54.3,4.218764109
54.305,4.220856358
54.31,4.222780314
54.315,4.221660524
54.32,4.220144099
54.325,4.220492926
54.33,4.221905446
54.335,4.223149725
54.34,4.222808091
54.345,4.220584872
54.35,4.219880446
54.355,4.222343988
54.36,4.223776994
54.365,4.221843996
54.37,4.220849986
54.375,4.223145187
54.38,4.225383901
54.385,4.225465509
54.39,4.224858288
54.395,4.224625337
54.4,4.225462664
54.405,4.227349325
54.41,4.22741596
54.415,4.224854129
54.42,4.224156717
54.425,4.227067469
54.43,4.228465072
54.435,4.226291965
54.44,4.224989301
54.445,4.226493516
54.45,4.228273348
54.455,4.229091579
54.46,4.228613341
54.465,4.226946611
54.47,4.22678867
54.475,4.228855462
54.48,4.228848259
54.485,4.22601288
54.49,4.225874887
54.495,4.229422425
54.5,4.231306316
54.505,4.230133408
54.51,4.22942099
54.515,4.230031719
54.52,4.231123609
54.525,4.23225724
54.53,4.231641677
54.535,4.229330532
54.54,4.229596545
54.545,4.232846898
54.55,4.233197695
54.555,4.230166607
54.56,4.229509814
54.565,4.23166517
54.57,4.232281418
54.575,4.231112536
54.58,4.230065956
54.585,4.229685203
54.59,4.231247174
54.595,4.234108152
54.6,4.234077789
54.605,4.231424974
54.61,4.232040521
54.615,4.235575661
54.62,4.235700543
54.625,4.232388072
54.63,4.230738561
54.635,4.231295679
54.64,4.231906609
54.645,4.232469895
54.65,4.232090812
54.655,4.230639778
54.66,4.231630391
54.665,4.234622766
54.67,4.234106014
54.675,4.230958016
54.68,4.231456824
54.685,4.234494226
54.69,4.234547277
54.695,4.232516663
54.7,4.231821313
54.705,4.232217009
54.71,4.233440281
54.715,4.235177725
54.72,4.234158034
54.725,4.231361984
54.73,4.232305227
54.735,4.235498801
54.74,4.234656858
54.745,4.231612278
54.75,4.232047877
54.755,4.234071679
54.76,4.234166703
54.765,4.233437494
54.77,4.232799784
54.775,4.232474919
54.78,4.234685465
54.785,4.237837696
54.79,4.236893903
54.795,4.234339236
54.8,4.236217238
54.805,4.239571945
54.81,4.238534343
54.815,4.235955039
54.82,4.235973904
54.825,4.236852482
54.83,4.237528538
54.835,4.238355864
54.84,4.237453925
54.845,4.236089375
54.85,4.238516725
54.855,4.241572108
54.86,4.239336405
54.865,4.236027413
54.87,4.237585123
54.875,4.240067893
54.88,4.239028246
54.885,4.237144177
54.89,4.23623498
54.895,4.235880254
54.9,4.237544017
54.905,4.239522026
54.91,4.237784288
54.915,4.235553965
54.92,4.238296486
54.925,4.241418765
54.93,4.239582503
54.935,4.237359684
54.94,4.238406406
54.945,4.238912686
54.95,4.237413357
54.955,4.236112362
54.96,4.234146461
54.965,4.232676264
54.97,4.235013542
54.975,4.237348213
54.98,4.234829069
54.985,4.232823727
54.99,4.236285099
54.995,4.239065204
55,4.237127355
55.005,4.235196189
55.01,4.23516625
55.015,4.235135027
55.02,4.236161553
55.025,4.237183144
55.03,4.234977457
55.035,4.233324728
55.04,4.236359671
55.045,4.237991682
55.05,4.234113629
55.055,4.231762459
55.06,4.234194458
55.065,4.235458148
55.07,4.234014735
55.075,4.232859835
55.08,4.231436285
55.085,4.230521871
55.09,4.232829822
55.095,4.234165555
55.1,4.230550147
55.105,4.22870476
55.11,4.23226299
55.115,4.233915742
55.12,4.231168513
55.125,4.230612695
55.13,4.232704466
55.135,4.233245884
55.14,4.233575414
55.145,4.233754494
55.15,4.231508395
55.155,4.230900257
55.16,4.234806255
55.165,4.235959765
55.17,4.231958322
55.175,4.231306647
55.18,4.235402926
55.185,4.236881739
55.19,4.235444715
55.195,4.235359037
55.2,4.235270182
55.205,4.234774135
55.21,4.236162185
55.215,4.235963586
55.22,4.232212733
55.225,4.231752889
55.23,4.235788239
55.235,4.235847592
55.24,4.231952812
55.245,4.232085703
55.25,4.234897586
55.255,4.234949878
55.26,4.234035579
55.265,4.233244498
55.27,4.230767603
55.275,4.230467196
55.28,4.233781073
55.285,4.233481942
55.29,4.229112156
55.295,4.229171447
55.3,4.232813639
55.305,4.232100408
55.31,4.229323029
55.315,4.229713874
55.32,4.230534141
55.325,4.230512711
55.33,4.231873725
55.335,4.231444714
55.34,4.228172726
55.345,4.22877356
55.35,4.232454338
55.355,4.23083198
55.36,4.226357077
55.365,4.22719355
55.37,4.229895349
55.375,4.229138708
55.38,4.228520625
55.385,4.229130293
55.39,4.228280086
55.395,4.228761576
55.4,4.231271278
55.405,4.229599741
55.41,4.225632231
55.415,4.227542903
55.42,4.231340468
55.425,4.229213577
55.43,4.226171188
55.435,4.22780481
55.44,4.229431382
55.445,4.229088637
55.45,4.229570178
55.455,4.228384194
55.46,4.225563131
55.465,4.227309721
55.47,4.231050946
55.475,4.228858803
55.48,4.225549246
55.485,4.228408256
55.49,4.231280504
55.495,4.229252612
55.5,4.227986214
55.505,4.228885577
55.51,4.228464532
55.515,4.229200779
55.52,4.231155296
55.525,4.228932729
55.53,4.226017724
55.535,4.229441791
55.54,4.233122163
55.545,4.230152877
55.55,4.227640907
55.555,4.230354106
55.56,4.232105807
55.565,4.231539404
55.57,4.232523986
55.575,4.232684453
55.58,4.23152137
55.585,4.234016031
55.59,4.236617597
55.595,4.233225187
55.6,4.230584865
55.605,4.23429296
55.61,4.236229715
55.615,4.232950948
55.62,4.231970655
55.625,4.234023081
55.63,4.234603852
55.635,4.23569542
55.64,4.237333238
55.645,4.235031754
55.65,4.232880896
55.655,4.236274734
55.66,4.237988788
55.665,4.233633685
55.67,4.232118773
55.675,4.236139191
55.68,4.23751631
55.685,4.235920037
55.69,4.236316036
55.695,4.236514266
55.7,4.235948829
55.705,4.238052944
55.71,4.238656147
55.715,4.233968223
55.72,4.232211333
55.725,4.236981612
55.73,4.238753482
55.735,4.235440076
55.74,4.235180197
55.745,4.237739025
55.75,4.237975374
55.755,4.238247981
55.76,4.239211119
55.765,4.237248048
55.77,4.236090965
55.775,4.239242004
55.78,4.239266503
55.785,4.234290883
55.79,4.233989425
55.795,4.238259962
55.8,4.238086434
55.805,4.235177836
55.81,4.235390708
55.815,4.235978794
55.82,4.235874474
55.825,4.237902131
55.83,4.237770679
55.835,4.233134768
55.84,4.232112291
55.845,4.235870352
55.85,4.235083215
55.855,4.230804325
55.86,4.231874213
55.865,4.23534838
55.87,4.235194345
55.875,4.234894504
55.88,4.235569084
55.885,4.234146239
55.89,4.234322568
55.895,4.237619594
55.9,4.236289027
55.905,4.231040295
55.91,4.23180768
55.915,4.236366576
55.92,4.235603483
55.925,4.233128554
55.93,4.234601765
55.935,4.23568128
55.94,4.235170428
55.945,4.236552101
55.95,4.236573778
55.955,4.233920739
55.96,4.235718313
55.965,4.240313117
55.97,4.238587534
55.975,4.234283676
55.98,4.235983349
55.985,4.238802761
55.99,4.236887211
55.995,4.235134162
56,4.235307544
56.005,4.234213708
56.01,4.234784432
56.015,4.237680242
56.02,4.236053817
56.025,4.231974982
56.03,4.233941545
56.035,4.237435009
56.04,4.2347621
56.045,4.231906396
56.05,4.234060139
56.055,4.235282104
56.06,4.233930392
56.065,4.233955712
56.07,4.232960539
56.075,4.230614853
56.08,4.232581688
56.085,4.235571963
56.09,4.232029562
56.095,4.228019239
56.1,4.230955892
56.105,4.233512378
56.11,4.230939794
56.115,4.229580727
56.12,4.230466598
56.125,4.229511853
56.13,4.229376273
56.135,4.230836983
56.14,4.228478477
56.145,4.225531936
56.15,4.228463893
56.155,4.230814071
56.16,4.226816434
56.165,4.224532718
56.17,4.227776437
56.175,4.229340908
56.18,4.228282845
56.185,4.228795446
56.19,4.228532741
56.195,4.227139534
56.2,4.229244932
56.205,4.231103841
56.21,4.227271653
56.215,4.224689271
56.22,4.228186371
56.225,4.229446131
56.23,4.225875808
56.235,4.225316962
56.24,4.227681594
56.245,4.227956071
56.25,4.228270049
56.255,4.229019051
56.26,4.226662181
56.265,4.225270511
56.27,4.228999633
56.275,4.230413559
56.28,4.226070962
56.285,4.224795881
56.29,4.228404681
56.295,4.229163134
56.3,4.227286928
56.305,4.227432999
56.31,4.227343585
56.315,4.226344269
56.32,4.22754534
56.325,4.227446062
56.33,4.223450171
56.335,4.222931609
56.34,4.227543987
56.345,4.228222365
56.35,4.224704151
56.355,4.225038226
56.36,4.227857709
56.365,4.22780739
56.37,4.22734256
56.375,4.22727975
56.38,4.224891292
56.385,4.224390344
56.39,4.227803147
56.395,4.22768262
56.4,4.223476888
56.405,4.224005287
56.41,4.227950059
56.415,4.227247674
56.42,4.224758042
56.425,4.225671593
56.43,4.226621011
56.435,4.22641441
56.44,4.227624575
56.445,4.226922163
56.45,4.223394078
56.455,4.224270386
56.46,4.228699656
56.465,4.227900584
56.47,4.22441628
56.475,4.225995562
56.48,4.228761408
56.485,4.227748297
56.49,4.226945175
56.495,4.227644771
56.5,4.227166725
56.505,4.228097869
56.51,4.230842665
56.515,4.229282575
56.52,4.225669589
56.525,4.228070993
56.53,4.232252185
56.535,4.230598865
56.54,4.228042052
56.545,4.229667949
56.55,4.231171568
56.555,4.231301686
56.56,4.232249186
56.565,4.231161299
56.57,4.228593536
56.575,4.230651381
56.58,4.234178356
56.585,4.231986975
56.59,4.22928954
56.595,4.232294246
56.6,4.234729877
56.605,4.232763087
56.61,4.232064775
56.615,4.233387857
56.62,4.233681892
56.625,4.235188418
56.63,4.237086108
56.635,4.234285188
56.64,4.230970446
56.645,4.233730125
56.65,4.236275467
56.655,4.232670676
56.66,4.230056304
56.665,4.232153304
56.67,4.233155841
56.675,4.232448133
56.68,4.233107212
56.685,4.232522726
56.69,4.231108616
56.695,4.233377703
56.7,4.234755756
56.705,4.230267289
56.71,4.227524978
56.715,4.231184726
56.72,4.232976758
56.725,4.230028788
56.73,4.228982617
56.735,4.230127489
56.74,4.230081804
56.745,4.230949939
56.75,4.231816558
56.755,4.228747183
56.76,4.226738445
56.765,4.230203866
56.77,4.231439795
56.775,4.227098415
56.78,4.225759525
56.785,4.228926649
56.79,4.229385616
56.795,4.227601513
56.8,4.227304314
56.805,4.226378408
56.81,4.225890347
56.815,4.228936613
56.82,4.229988606
56.825,4.225930903
56.83,4.225254862
56.835,4.230087399
56.84,4.231123185
56.845,4.227957039
56.85,4.227954671
56.855,4.229459475
56.86,4.22871632
56.865,4.228723636
56.87,4.228947454
56.875,4.226473404
56.88,4.226285201
56.885,4.230264518
56.89,4.229932709
56.895,4.22490417
56.9,4.224875652
56.905,4.228764113
56.91,4.22851779
56.915,4.226153225
56.92,4.225985572
56.925,4.225245119
56.93,4.22456127
56.935,4.22648815
56.94,4.225750883
56.945,4.221236879
56.95,4.221323823
56.955,4.225555998
56.96,4.22460982
56.965,4.220574788
56.97,4.221269964
56.975,4.223401461
56.98,4.222554583
56.985,4.221944835
56.99,4.221422221
56.995,4.219127648
57,4.219932948
57.005,4.223777413
57.01,4.222505917
57.015,4.218009344
57.02,4.21930609
57.025,4.222999596
57.03,4.221584082
57.035,4.21902535
57.04,4.219285535
57.045,4.218710629
57.05,4.217766026
57.055,4.218643501
57.06,4.217107525
57.065,4.213693048
57.07,4.215637743
57.075,4.219546173
57.08,4.216867687
57.085,4.212704829
57.09,4.214415776
57.095,4.216737461
57.1,4.215420502
57.105,4.214669372
57.11,4.214404877
57.115,4.212792692
57.12,4.213900175
57.125,4.21642929
57.13,4.213551272
57.135,4.209335726
57.14,4.211484699
57.145,4.214109468
57.15,4.211060476
57.155,4.208947363
57.16,4.210951761
57.165,4.211705796
57.17,4.211433176
57.175,4.212305324
57.18,4.210821747
57.185,4.208737962
57.19,4.211838989
57.195,4.21479789
57.2,4.211050781
57.205,4.20793418
57.21,4.211024261
57.215,4.213251672
57.22,4.211787942
57.225,4.211749676
57.23,4.212525764
57.235,4.211845183
57.24,4.212976076
57.245,4.214393428
57.25,4.211306498
57.255,4.209089028
57.26,4.212844911
57.265,4.214748055
57.27,4.210774971
57.275,4.20916449
57.28,4.21184585
57.285,4.212775207
57.29,4.212748026
57.295,4.213798568
57.3,4.212410366
57.305,4.210497623
57.31,4.212740808
57.315,4.21363576
57.32,4.209429616
57.325,4.208361407
57.33,4.21263551
57.335,4.213455944
57.34,4.21029586
57.345,4.209862884
57.35,4.210782274
57.355,4.21033465
57.36,4.211233977
57.365,4.211396167
57.37,4.207456993
57.375,4.205809834
57.38,4.209538902
57.385,4.209955282
57.39,4.205662175
57.395,4.205563307
57.4,4.208815079
57.405,4.208484027
57.41,4.207041626
57.415,4.207470806
57.42,4.206405104
57.425,4.205537779
57.43,4.207894678
57.435,4.207590519
57.44,4.20306839
57.445,4.203001253
57.45,4.207287779
57.455,4.20673167
57.46,4.203242845
57.465,4.203844944
57.47,4.205421097
57.475,4.20495802
57.48,4.205805802
57.485,4.206134817
57.49,4.203198134
57.495,4.20307133
57.5,4.206637021
57.505,4.205384285
57.51,4.200958791
57.515,4.20241176
57.52,4.206195957
57.525,4.205250245
57.53,4.203704332
57.535,4.204710615
57.54,4.204464613
57.545,4.204421383
57.55,4.206867813
57.555,4.206109919
57.56,4.202403127
57.565,4.204072529
57.57,4.208496835
57.575,4.20696175
57.58,4.203855592
57.585,4.20582798
57.59,4.207712646
57.595,4.206486201
57.6,4.20668587
57.605,4.207021325
57.61,4.205243942
57.615,4.206442085
57.62,4.209633605
57.625,4.20717569
57.63,4.203122995
57.635,4.205746277
57.64,4.209144487
57.645,4.206847789
57.65,4.204921266
57.655,4.206367302
57.66,4.206697063
57.665,4.207266438
57.67,4.209682531
57.675,4.20867305
57.68,4.205498885
57.685,4.207126734
57.69,4.209311615
57.695,4.20525483
57.7,4.201710143
57.705,4.204058457
57.71,4.205248019
57.715,4.202888184
57.72,4.202338618
57.725,4.202305863
57.73,4.200719975
57.735,4.201969756
57.74,4.203989713
57.745,4.200598105
57.75,4.197433556
57.755,4.200919952
57.76,4.203210785
57.765,4.199517744
57.77,4.197642116
57.775,4.199226629
57.78,4.198500534
57.785,4.197069957
57.79,4.197506708
57.795,4.195860109
57.8,4.194023012
57.805,4.197390386
57.81,4.19970311
57.815,4.195457991
57.82,4.193318756
57.825,4.197317153
57.83,4.198754052
57.835,4.196267945
57.84,4.196098218
57.845,4.196389539
57.85,4.194949992
57.855,4.196229355
57.86,4.197963493
57.865,4.194840473
57.87,4.193308214
57.875,4.197583651
57.88,4.198572949
57.885,4.194247884
57.89,4.194116774
57.895,4.197908416
57.9,4.198519795
57.905,4.198125467
57.91,4.199192718
57.915,4.19798178
57.92,4.197069172
57.925,4.200737084
57.93,4.202041586
57.935,4.197556052
57.94,4.196725107
57.945,4.200954698
57.95,4.200967534
57.955,4.197923464
57.96,4.198723768
57.965,4.200026695
57.97,4.198894907
57.975,4.199544173
57.98,4.199905568
57.985,4.196759149
57.99,4.196901238
57.995,4.201847479
58,4.201813945
58.005,4.19700056
58.01,4.197360022
58.015,4.200767741
58.02,4.199674476
58.025,4.197701611
58.03,4.197994361
58.035,4.196613016
58.04,4.195861508
58.045,4.198969386
58.05,4.199290673
58.055,4.195575008
58.06,4.19692658
58.065,4.20204465
58.07,4.201118361
58.075,4.197487564
58.08,4.198611446
58.085,4.200166106
58.09,4.199306594
58.095,4.199838347
58.1,4.199721776
58.105,4.196673724
58.11,4.197264246
58.115,4.201709275
58.12,4.200820436
58.125,4.196684558
58.13,4.198487443
58.135,4.202019111
58.14,4.200446199
58.145,4.199029705
58.15,4.200561587
58.155,4.200189915
58.16,4.199408254
58.165,4.200851992
58.17,4.198808293
58.175,4.194215166
58.18,4.195717773
58.185,4.199444838
58.19,4.196605152
58.195,4.192890513
58.2,4.194983441
58.205,4.196983347
58.21,4.196137514
58.215,4.197061475
58.22,4.197540488
58.225,4.195397516
58.23,4.196569761
58.235,4.199779961
58.24,4.197127076
58.245,4.193194017
58.25,4.196285021
58.255,4.199493139
58.26,4.1965459
58.265,4.194567132
58.27,4.196320851
58.275,4.196475338
58.28,4.196353735
58.285,4.197869658
58.29,4.195811233
58.295,4.192313928
58.3,4.194989075
58.305,4.198625145
58.31,4.195574777
58.315,4.192950478
58.32,4.196129381
58.325,4.197693945
58.33,4.195521286
58.335,4.195445803
58.34,4.195971464
58.345,4.194626325
58.35,4.196042269
58.355,4.198201588
58.36,4.194669377
58.365,4.191402274
58.37,4.194931726
58.375,4.19718821
58.38,4.193390178
58.385,4.191765307
58.39,4.193958063
58.395,4.194064559
58.4,4.194125673
58.405,4.196206377
58.41,4.195342053
58.415,4.193226846
58.42,4.195730143
58.425,4.197181644
58.43,4.192695147
58.435,4.190900087
58.44,4.194922207
58.445,4.195999284
58.45,4.193506433
58.455,4.194082121
58.46,4.195762077
58.465,4.195869013
58.47,4.198072586
58.475,4.19981354
58.48,4.196272019
58.485,4.194307745
58.49,4.198615679
58.495,4.200058249
58.5,4.196108552
58.505,4.19586006
58.51,4.199028208
58.515,4.198799934
58.52,4.197783246
58.525,4.198682499
58.53,4.197644079
58.535,4.197013803
58.54,4.200752405
58.545,4.202314912
58.55,4.198546569
58.555,4.198234456
58.56,4.202795204
58.565,4.203052598
58.57,4.199564549
58.575,4.199212484
58.58,4.199669435
58.585,4.19846309
58.59,4.199406177
58.595,4.200257582
58.6,4.197379919
58.605,4.197011215
58.61,4.201010078
58.615,4.200788373
58.62,4.196351491
58.625,4.1967449
58.63,4.199970603
58.635,4.199026973
58.64,4.197155928
58.645,4.197214427
58.65,4.196009786
58.655,4.195501344
58.66,4.19812589
58.665,4.197467928
58.67,4.192546014
58.675,4.192318664
58.68,4.196012004
58.685,4.19485553
58.69,4.191654727
58.695,4.192744729
58.7,4.193931619
58.705,4.192627748
58.71,4.19266827
58.715,4.192416681
58.72,4.189821544
58.725,4.190510956
58.73,4.194116452
58.735,4.192394284
58.74,4.187972363
58.745,4.189323187
58.75,4.192472648
58.755,4.190890895
58.76,4.188519093
58.765,4.188025877
58.77,4.186276652
58.775,4.185299769
58.78,4.186884817
58.785,4.185515438
58.79,4.18181514
58.795,4.18332152
58.8,4.186700195
58.805,4.184390306
58.81,4.181290871
58.815,4.182928805
58.82,4.184434864
58.825,4.1834155
58.83,4.183220852
58.835,4.182354207
58.84,4.180074938
58.845,4.181483908
58.85,4.184639185
58.855,4.182642658
58.86,4.179402235
58.865,4.181601705
58.87,4.183968016
58.875,4.18203283
58.88,4.18124148
58.885,4.183025166
58.89,4.183419165
58.895,4.183840362
58.9,4.185126358
58.905,4.183072512
58.91,4.180525044
58.915,4.183186623
58.92,4.185703426
58.925,4.182472999
58.93,4.180150457
58.935,4.182797368
58.94,4.184392995
58.945,4.183768101
58.95,4.184450425
58.955,4.184160472
58.96,4.182397833
58.965,4.183739054
58.97,4.185238908
58.975,4.181871304
58.98,4.179724484
58.985,4.183411024
58.99,4.185500713
58.995,4.182859241
59,4.182026
59.005,4.183755257
59.01,4.183883758
59.015,4.184113258
59.02,4.184729072
59.025,4.182140625
59.03,4.180139703
59.035,4.183320476
59.04,4.18515732
59.045,4.181766344
59.05,4.180576156
59.055,4.183282445
59.06,4.183320795
59.065,4.181196592
59.07,4.181065859
59.075,4.180558244
59.08,4.179409224
59.085,4.180972453
59.09,4.181418977
59.095,4.177398996
59.1,4.175971969
59.105,4.179715881
59.11,4.180276597
59.115,4.176812137
59.12,4.176550816
59.125,4.178170803
59.13,4.177471576
59.135,4.177528799
59.14,4.178420141
59.145,4.176393233
59.15,4.175337665
59.155,4.178103904
59.16,4.177764858
59.165,4.173455126
59.17,4.173769462
59.175,4.177608737
59.18,4.177146491
59.185,4.174899326
59.19,4.175632246
59.195,4.176367552
59.2,4.176583945
59.205,4.17898274
59.21,4.17922507
59.215,4.175207094
59.22,4.174752818
59.225,4.178590272
59.23,4.178126543
59.235,4.17472148
59.24,4.175804896
59.245,4.178013542
59.25,4.17684958
59.255,4.176668116
59.26,4.177782973
59.265,4.176601129
59.27,4.176825949
59.275,4.180094109
59.28,4.179525202
59.285,4.175748425
59.29,4.177045894
59.295,4.180684568
59.3,4.179254703
59.305,4.176763613
59.31,4.177416234
59.315,4.176915116
59.32,4.175533074
59.325,4.17683145
59.33,4.176982659
59.335,4.174363814
59.34,4.175526485
59.345,4.178955542
59.35,4.176944732
59.355,4.173789731
59.36,4.17606775
59.365,4.177966669
59.37,4.175401203
59.375,4.173771867
59.38,4.173591512
59.385,4.171476626
59.39,4.171149681
59.395,4.173441498
59.4,4.171628924
59.405,4.167915318
59.41,4.169744104
59.415,4.172542132
59.42,4.170034118
59.425,4.168230492
59.43,4.170547118
59.435,4.170839731
59.44,4.168969342
59.445,4.169171671
59.45,4.168248174
59.455,4.165374558
59.46,4.166394166
59.465,4.168364228
59.47,4.16471057
59.475,4.161284369
59.48,4.164001078
59.485,4.165979048
59.49,4.163925489
59.495,4.163811173
59.5,4.164806175
59.505,4.162993533
59.51,4.16244473
59.515,4.164176451
59.52,4.162600335
59.525,4.16032048
59.53,4.162880822
59.535,4.164366097
59.54,4.16070229
59.545,4.159557182
59.55,4.162851851
59.555,4.163436076
59.56,4.162008039
59.565,4.162982468
59.57,4.162969542
59.575,4.161430198
59.58,4.163287003
59.585,4.165089004
59.59,4.161867508
59.595,4.160080904
59.6,4.162998755
59.605,4.162835639
59.61,4.159124683
59.615,4.159423518
59.62,4.161851831
59.625,4.161186563
59.63,4.160809745
59.635,4.161552737
59.64,4.159301717
59.645,4.157747323
59.65,4.16077244
59.655,4.161258205
59.66,4.156631755
59.665,4.15567391
59.67,4.158799769
59.675,4.158375061
59.68,4.156456356
59.685,4.157538471
59.69,4.157611819
59.695,4.156078583
59.7,4.157563277
59.705,4.158561784
59.71,4.155525242
59.715,4.155083493
59.72,4.158493452
59.725,4.157426132
59.73,4.153156658
59.735,4.153642076
59.74,4.155908825
59.745,4.154937159
59.75,4.154522298
59.755,4.155304325
59.76,4.153634329
59.765,4.153294458
59.77,4.156861884
59.775,4.157287426
59.78,4.153771071
59.785,4.154194713
59.79,4.156728773
59.795,4.154475843
59.8,4.151554208
59.805,4.152639851
59.81,4.152828722
59.815,4.15141092
59.82,4.152421974
59.825,4.152591052
59.83,4.150135057
59.835,4.151516255
59.84,4.155574376
59.845,4.153952679
59.85,4.149834055
59.855,4.150895829
59.86,4.152764066
59.865,4.150817858
59.87,4.150029861
59.875,4.151006989
59.88,4.149790982
59.885,4.149529446
59.89,4.151669313
59.895,4.149999235
59.9,4.146247922
59.905,4.148336724
59.91,4.151805954
59.915,4.149575745
59.92,4.147253336
59.925,4.149059516
59.93,4.149907701
59.935,4.149227699
59.94,4.150432903
59.945,4.150087515
59.95,4.14721354
59.955,4.148230684
59.96,4.151321493
59.965,4.149459781
59.97,4.146968185
59.975,4.149457975
59.98,4.150975503
59.985,4.148316988
59.99,4.147470132
59.995,4.148715279
60,4.148067154
60.005,4.148265384
60.01,4.14996688
60.015,4.147997787
60.02,4.145517511
60.025,4.148580465
60.03,4.151246945
60.035,4.147893966
60.04,4.145339978
60.045,4.146912416
60.05,4.146543414
60.055,4.144556334
60.06,4.144743103
60.065,4.144265835
60.07,4.142769198
60.075,4.144781072
60.08,4.146700617
60.085,4.143265857
60.09,4.141222509
60.095,4.145013025
60.1,4.14669132
60.105,4.143590057
60.11,4.142521866
60.115,4.143572358
60.12,4.143073868
60.125,4.14348994
60.13,4.14453619
60.135,4.141906392
60.14,4.139540247
60.145,4.142334021
60.15,4.143968075
60.155,4.140720566
60.16,4.140061381
60.165,4.143431013
60.17,4.143943745
60.175,4.142258834
60.18,4.142407557
60.185,4.141789631
60.19,4.140404668
60.195,4.142082817
60.2,4.142625651
60.205,4.138626165
60.21,4.137254158
60.215,4.141196588
60.22,4.142575128
60.225,4.140416199
60.23,4.140941385
60.235,4.142451667
60.24,4.141475108
60.245,4.141128679
60.25,4.141478939
60.255,4.139571113
60.26,4.139349441
60.265,4.142698106
60.27,4.142469358
60.275,4.138093526
60.28,4.137778318
60.285,4.140665684
60.29,4.139889723
60.295,4.137549466
60.3,4.137502339
60.305,4.13732171
60.31,4.137339928
60.315,4.139662358
60.32,4.139804983
60.325,4.136316325
60.33,4.136318393
60.335,4.139734299
60.34,4.138799329
60.345,4.135499013
60.35,4.136434716
60.355,4.138787249
60.36,4.138727869
60.365,4.138977589
60.37,4.139318753
60.375,4.137850079
60.38,4.138698737
60.385,4.142111744
60.39,4.141220382
60.395,4.137352774
60.4,4.138158285
60.405,4.141022831
60.41,4.140179926
60.415,4.139014074
60.42,4.140258171
60.425,4.140529933
60.43,4.140362648
60.435,4.141615531
60.44,4.14045736
60.445,4.137537085
60.45,4.138880443
60.455,4.141841196
60.46,4.139736267
60.465,4.136650449
60.47,4.138226451
60.475,4.1400053
60.48,4.13920921
60.485,4.139156597
60.49,4.139122462
60.495,4.137897281
60.5,4.139406333
60.505,4.142512322
60.51,4.141345185
60.515,4.139287877
60.52,4.141912419
60.525,4.143823183
60.53,4.140817316
60.535,4.138723001
60.54,4.139719604
60.545,4.139848997
60.55,4.139875222
60.555,4.140910804
60.56,4.139495468
60.565,4.137644798
60.57,4.140691618
60.575,4.14353191
60.58,4.140410875
60.585,4.137600344
60.59,4.139380131
60.595,4.140287928
60.6,4.138665175
60.605,4.138596021
60.61,4.138714878
60.615,4.137686666
60.62,4.139140816
60.625,4.140859895
60.63,4.138247417
60.635,4.136471186
60.64,4.140098321
60.645,4.1423206
60.65,4.139803849
60.655,4.138967991
60.66,4.140806475
60.665,4.140887066
60.67,4.140735388
60.675,4.141362974
60.68,4.139376358
60.685,4.137560164
60.69,4.140078669
60.695,4.141319352
60.7,4.137786329
60.705,4.136728442
60.71,4.139996398
60.715,4.140426785
60.72,4.138108595
60.725,4.137874356
60.73,4.137995394
60.735,4.137320558
60.74,4.138653132
60.745,4.139398447
60.75,4.136534098
60.755,4.136318565
60.76,4.140966504
60.765,4.14217313
60.77,4.138877026
60.775,4.138518642
60.78,4.140459097
60.785,4.139899993
60.79,4.139369139
60.795,4.140087872
60.8,4.139015824
60.805,4.138863861
60.81,4.141991279
60.815,4.142067199
60.82,4.137976997
60.825,4.137931981
60.83,4.141579522
60.835,4.141218498
60.84,4.138509102
60.845,4.138713463
60.85,4.139177799
60.855,4.138959636
60.86,4.140817617
60.865,4.141449577
60.87,4.138641724
60.875,4.138449283
60.88,4.14155385
60.885,4.140510102
60.89,4.136778898
60.895,4.13765744
60.9,4.140153061
60.905,4.139522384
60.91,4.139005685
60.915,4.139653137
60.92,4.138810834
60.925,4.139041947
60.93,4.141664792
60.935,4.140650982
60.94,4.136905989
60.945,4.138029073
60.95,4.141417708
60.955,4.140228898
60.96,4.138213578
60.965,4.139723218
60.97,4.140584396
60.975,4.139916028
60.98,4.140827514
60.985,4.140650906
60.99,4.138545062
60.995,4.140183652
61,4.143431395
61.005,4.141348993
61.01,4.138203854
61.015,4.140438695
61.02,4.143003787
61.025,4.141562567
61.03,4.140598353
61.035,4.140871093
61.04,4.139844961
61.045,4.140363119
61.05,4.142575999
61.055,4.140944342
61.06,4.137837214
61.065,4.139762813
61.07,4.142170257
61.075,4.139557853
61.08,4.137741218
61.085,4.140097148
61.09,4.141439777
61.095,4.141062893
61.1,4.142019747
61.105,4.14184119
61.11,4.140615641
61.115,4.142969713
61.12,4.145304743
61.125,4.142160232
61.13,4.139412048
61.135,4.142148639
61.14,4.14400419
61.145,4.142428485
61.15,4.142711713
61.155,4.144484808
61.16,4.144740243
61.165,4.146075275
61.17,4.147947746
61.175,4.146179654
61.18,4.144732285
61.185,4.147871938
61.19,4.149215863
61.195,4.145488784
61.2,4.14421304
61.205,4.146916912
61.21,4.147460188
61.215,4.146528136
61.22,4.147137441
61.225,4.14683282
61.23,4.146476592
61.235,4.149650466
61.24,4.151752401
61.245,4.149144982
61.25,4.148713435
61.255,4.152760932
61.26,4.153551964
61.265,4.150574149
61.27,4.15058386
61.275,4.152318868
61.28,4.152334156
61.285,4.153336742
61.29,4.154367087
61.295,4.15235916
61.3,4.152204458
61.305,4.156307442
61.31,4.156896303
61.315,4.152606684
61.32,4.151657432
61.325,4.15366569
61.33,4.152642609
61.335,4.150779327
61.34,4.150957333
61.345,4.150231589
61.35,4.149680211
61.355,4.152014609
61.36,4.152420624
61.365,4.149273403
61.37,4.149794624
61.375,4.153634039
61.38,4.152664381
61.385,4.149058445
61.39,4.149430952
61.395,4.150845248
61.4,4.150200604
61.405,4.150477388
61.41,4.150257059
61.415,4.147315956
61.42,4.147288346
61.425,4.150912866
61.43,4.150401881
61.435,4.147131593
61.44,4.148930693
61.445,4.152441171
61.45,4.151491553
61.455,4.150150238
61.46,4.151149545
61.465,4.150856723
61.47,4.15062773
61.475,4.152471725
61.48,4.151331224
61.485,4.147694854
61.49,4.149356871
61.495,4.153695116
61.5,4.152551877
61.505,4.1499337
61.51,4.151599736
61.515,4.153000487
61.52,4.151859947
61.525,4.152190312
61.53,4.152398576
61.535,4.150528054
61.54,4.151439267
61.545,4.154343155
61.55,4.15236061
61.555,4.149098643
61.56,4.151836792
61.565,4.155137348
61.57,4.153413976
61.575,4.152235239
61.58,4.154156248
61.585,4.154853528
61.59,4.155595223
61.595,4.157732239
61.6,4.156387435
61.605,4.153166726
61.61,4.154743333
61.615,4.15700709
61.62,4.153997093
61.625,4.151971709
61.63,4.15510454
61.635,4.156836598
61.64,4.155554238
61.645,4.155980414
61.65,4.156404963
61.655,4.155213792
61.66,4.156409501
61.665,4.157745908
61.67,4.153663219
61.675,4.149803971
61.68,4.152067593
61.685,4.153564259
61.69,4.150167455
61.695,4.148689228
61.7,4.150428824
61.705,4.150282255
61.71,4.150015458
61.715,4.151157702
61.72,4.149665679
61.725,4.147840532
61.73,4.150593756
61.735,4.152111752
61.74,4.148035566
61.745,4.146057555
61.75,4.149024161
61.755,4.149575076
61.76,4.147179764
61.765,4.147012434
61.77,4.147303485
61.775,4.146725333
61.78,4.148760978
61.785,4.150648634
61.79,4.147923118
61.795,4.14641902
61.8,4.149687231
61.805,4.150124529
61.81,4.145949036
61.815,4.14498521
61.82,4.147204104
61.825,4.147115828
61.83,4.146548852
61.835,4.147178234
61.84,4.146237437
61.845,4.146206404
61.85,4.149793264
61.855,4.150453522
61.86,4.146187508
61.865,4.145361977
61.87,4.14883623
61.875,4.148977107
61.88,4.146656084
61.885,4.146990639
61.89,4.147559049
61.895,4.147062021
61.9,4.14853563
61.905,4.14926172
61.91,4.146760608
61.915,4.147064897
61.92,4.151029471
61.925,4.15085372
61.93,4.147477937
61.935,4.148530561
61.94,4.151729427
61.945,4.151632578
61.95,4.150844208
61.955,4.150911049
61.96,4.149781009
61.965,4.150156775
61.97,4.153374687
61.975,4.153613954
61.98,4.15060348
61.985,4.151368269
61.99,4.154544083
61.995,4.153472131
62,4.150940428
62.005,4.151443101
62.01,4.152051413
62.015,4.151585184
62.02,4.15241824
62.025,4.152339504
62.03,4.150489253
62.035,4.151930253
62.04,4.155225479
62.045,4.153702463
62.05,4.150055557
62.055,4.150659559
62.06,4.152266609
62.065,4.151091127
62.07,4.150405589
62.075,4.15095273
62.08,4.150422447
62.085,4.150729286
62.09,4.151969774
62.095,4.150015871
62.1,4.147338475
62.105,4.149216335
62.11,4.151268501
62.115,4.148454965
62.12,4.145778971
62.125,4.146836162
62.13,4.147779785
62.135,4.147689817
62.14,4.148258266
62.145,4.147221259
62.15,4.145431611
62.155,4.147233826
62.16,4.149477644
62.165,4.14728991
62.17,4.145334702
62.175,4.147425884
62.18,4.148467597
62.185,4.146562214
62.19,4.145888488
62.195,4.146441561
62.2,4.146175563
62.205,4.146836878
62.21,4.147297481
62.215,4.14462732
62.22,4.14308524
62.225,4.146234505
62.23,4.148213814
62.235,4.1457682
62.24,4.14451809
62.245,4.145870489
62.25,4.145862513
62.255,4.14513747
62.26,4.145285597
62.265,4.144182684
62.27,4.143348221
62.275,4.145397638
62.28,4.145989751
62.285,4.143010793
62.29,4.142411416
62.295,4.145264005
62.3,4.145580284
62.305,4.143611135
62.31,4.143663694
62.315,4.144357922
62.32,4.144285097
62.325,4.145680928
62.33,4.146426717
62.335,4.14413164
62.34,4.143535923
62.345,4.14623735
62.35,4.146071062
62.355,4.143231684
62.36,4.14393228
62.365,4.146278784
62.37,4.145666852
62.375,4.144715192
62.38,4.145147491
62.385,4.144559974
62.39,4.145036719
62.395,4.147577696
62.4,4.146922818
62.405,4.143196966
62.41,4.143444847
62.415,4.146719754
62.42,4.14646195
62.425,4.144779882
62.43,4.145539117
62.435,4.145680237
62.44,4.144573455
62.445,4.145263383
62.45,4.145135162
62.455,4.142697894
62.46,4.143132859
62.465,4.145855102
62.47,4.144340849
62.475,4.141301569
62.48,4.142526159
62.485,4.143899711
62.49,4.141823846
62.495,4.140412668
62.5,4.140295697
62.505,4.138512484
62.51,4.13801645
62.515,4.140161176
62.52,4.139601472
62.525,4.137114921
62.53,4.13883713
62.535,4.141259718
62.54,4.139008548
62.545,4.137218207
62.55,4.139135191
62.555,4.139521175
62.56,4.138224816
62.565,4.139052692
62.57,4.138900528
62.575,4.136900205
62.58,4.138501818
62.585,4.141546735
62.59,4.139467352
62.595,4.136954732
62.6,4.139560519
62.605,4.141386455
62.61,4.139728999
62.615,4.140335227
62.62,4.142574217
62.625,4.142182795
62.63,4.142553081
62.635,4.144679122
62.64,4.143465805
62.645,4.141407885
62.65,4.144211326
62.655,4.146362965
62.66,4.143170383
62.665,4.14187768
62.67,4.145126136
62.675,4.146395928
62.68,4.145885188
62.685,4.147402565
62.69,4.147465768
62.695,4.145589684
62.7,4.147258569
62.705,4.149560667
62.71,4.146825836
62.715,4.144830972
62.72,4.147518677
62.725,4.147818762
62.73,4.144461514
62.735,4.144357289
62.74,4.146105129
62.745,4.145271016
62.75,4.145668418
62.755,4.147946552
62.76,4.146973567
62.765,4.145871267
62.77,4.149227437
62.775,4.150261405
62.78,4.145808067
62.785,4.14403507
62.79,4.146137188
62.795,4.145031502
62.8,4.142928167
62.805,4.144785583
62.81,4.14618576
62.815,4.14554385
62.82,4.14728027
62.825,4.148388672
62.83,4.145101726
62.835,4.144132802
62.84,4.147575905
62.845,4.146956282
62.85,4.142696836
62.855,4.142768988
62.86,4.144681578
62.865,4.143593918
62.87,4.143504962
62.875,4.145032604
62.88,4.143475094
62.885,4.142427148
62.89,4.145681181
62.895,4.14648994
62.9,4.143352324
62.905,4.144241424
62.91,4.147865713
62.915,4.146790446
62.92,4.14453362
62.925,4.146083871
62.93,4.146991265
62.935,4.146193395
62.94,4.147811101
62.945,4.148606624
62.95,4.146087755
62.955,4.146899954
62.96,4.151264182
62.965,4.150874543
62.97,4.147546883
62.975,4.148584526
62.98,4.150005695
62.985,4.147742061
62.99,4.147112136
62.995,4.148549821
63,4.14764525
63.005,4.147728394
63.01,4.15085437
63.015,4.150568769
63.02,4.147565465
63.025,4.149515462
63.03,4.152829579
63.035,4.150446461
63.04,4.147718335
63.045,4.149163452
63.05,4.149597645
63.055,4.148709665
63.06,4.150643023
63.065,4.151770622
63.07,4.150187992
63.075,4.151888757
63.08,4.155429359
63.085,4.153809557
63.09,4.15154434
63.095,4.154789135
63.1,4.157292127
63.105,4.155174036
63.11,4.154365642
63.115,4.155636083
63.12,4.154967955
63.125,4.155513141
63.13,4.158012059
63.135,4.156589195
63.14,4.153881333
63.145,4.156737739
63.15,4.160137698
63.155,4.158227363
63.16,4.157159575
63.165,4.159512797
63.17,4.159340541
63.175,4.157668282
63.18,4.158686567
63.185,4.15873635
63.19,4.157082797
63.195,4.158817551
63.2,4.160810292
63.205,4.157642573
63.21,4.155687919
63.215,4.159218473
63.22,4.160635654
63.225,4.157877444
63.23,4.157349443
63.235,4.158236686
63.24,4.156872811
63.245,4.157169034
63.25,4.159097307
63.255,4.157293032
63.26,4.155241118
63.265,4.157875092
63.27,4.158573851
63.275,4.154281408
63.28,4.153179468
63.285,4.1560308
63.29,4.155789106
63.295,4.154217316
63.3,4.155562894
63.305,4.15586255
63.31,4.155149812
63.315,4.157820019
63.32,4.159380425
63.325,4.155708272
63.33,4.154377734
63.335,4.158081623
63.34,4.158737948
63.345,4.156521432
63.35,4.15808653
63.355,4.160514768
63.36,4.159798607
63.365,4.160186432
63.37,4.161222071
63.375,4.158878823
63.38,4.15783783
63.385,4.16128622
63.39,4.161791414
63.395,4.158241512
63.4,4.15921506
63.405,4.163430996
63.41,4.163770769
63.415,4.163144717
63.42,4.164754675
63.425,4.164414621
63.43,4.163309346
63.435,4.165741652
63.44,4.166869541
63.445,4.1639695
63.45,4.164464067
63.455,4.168170311
63.46,4.167179054
63.465,4.164323344
63.47,4.166289827
63.475,4.168607359
63.48,4.16770462
63.485,4.168355074
63.49,4.169761024
63.495,4.168380317
63.5,4.168976445
63.505,4.172929727
63.51,4.172226563
63.515,4.167692331
63.52,4.167741531
63.525,4.169534815
63.53,4.166978663
63.535,4.165227767
63.54,4.167519045
63.545,4.168399143
63.55,4.168461539
63.555,4.171179501
63.56,4.171760558
63.565,4.169121441
63.57,4.170552761
63.575,4.174172015
63.58,4.172130381
63.585,4.168870416
63.59,4.170802485
63.595,4.172560574
63.6,4.171420176
63.605,4.172136618
63.61,4.173250414
63.615,4.1716196
63.62,4.172094991
63.625,4.175320873
63.63,4.174614784
63.635,4.172381369
63.64,4.17502486
63.645,4.177331845
63.65,4.174299343
63.655,4.172280019
63.66,4.173889085
63.665,4.173987032
63.67,4.173646189
63.675,4.175615874
63.68,4.175351756
63.685,4.173264169
63.69,4.175809724
63.695,4.179366412
63.7,4.17744168
63.705,4.175354154
63.71,4.177548075
63.715,4.178092006
63.72,4.175987177
63.725,4.176517586
63.73,4.17771885
63.735,4.176908008
63.74,4.178231877
63.745,4.180756117
63.75,4.179154007
63.755,4.177592184
63.76,4.180829971
63.765,4.182422562
63.77,4.179042796
63.775,4.177469493
63.78,4.178731777
63.785,4.178246929
63.79,4.17799821
63.795,4.179666785
63.8,4.179110842
63.805,4.17765024
63.81,4.179896063
63.815,4.181680245
63.82,4.179215353
63.825,4.178689088
63.83,4.182168125
63.835,4.183021243
63.84,4.181220583
63.845,4.181767979
63.85,4.182820439
63.855,4.182366972
63.86,4.183844446
63.865,4.185353477
63.87,4.183194159
63.875,4.182488293
63.88,4.186098231
63.885,4.187492298
63.89,4.185573336
63.895,4.186615864
63.9,4.189012756
63.905,4.188323866
63.91,4.187652159
63.915,4.188366867
63.92,4.187207651
63.925,4.186495766
63.93,4.188775526
63.935,4.188984522
63.94,4.186100911
63.945,4.186979483
63.95,4.190923309
63.955,4.19118458
63.96,4.189599664
63.965,4.190085424
63.97,4.18985362
63.975,4.188367717
63.98,4.189208297
63.985,4.189754301
63.99,4.187510494
63.995,4.187408771
64,4.190053341
64.005,4.189415756
64.01,4.187117931
64.015,4.188780145
64.02,4.190924897
64.025,4.189752958
64.03,4.188903889
64.035,4.189289797
64.04,4.188196036
64.045,4.188448418
64.05,4.19115537
64.055,4.190824247
64.06,4.18786716
64.065,4.188639867
64.07,4.190910747
64.075,4.189749224
64.08,4.189018808
64.085,4.191187789
64.09,4.191967806
64.095,4.191263557
64.1,4.192259491
64.105,4.192231712
64.11,4.19046708
64.115,4.191633177
64.12,4.19396908
64.125,4.192103956
64.13,4.189758702
64.135,4.191859283
64.14,4.194024952
64.145,4.193577455
64.15,4.194294773
64.155,4.195401982
64.16,4.194160489
64.165,4.193991672
64.17,4.195705755
64.175,4.194688418
64.18,4.192675435
64.185,4.19442407
64.19,4.195684822
64.195,4.193045671
64.2,4.192050913
64.205,4.19439896
64.21,4.195136603
64.215,4.194812221
64.22,4.196045338
64.225,4.19561387
64.23,4.194108518
64.235,4.196119636
64.24,4.198522761
64.245,4.196364143
64.25,4.194182303
64.255,4.195347654
64.26,4.195003663
64.265,4.192767694
64.27,4.193252971
64.275,4.194851592
64.28,4.194752666
64.285,4.195781511
64.29,4.197477895
64.295,4.196137296
64.3,4.195009192
64.305,4.19736964
64.31,4.197743516
64.315,4.19412293
64.32,4.192862404
64.325,4.194860826
64.33,4.19548395
64.335,4.195883772
64.34,4.197764048
64.345,4.197830056
64.35,4.197095826
64.355,4.199218782
64.36,4.200651237
64.365,4.198616871
64.37,4.198392935
64.375,4.200887302
64.38,4.200501616
64.385,4.197992874
64.39,4.198018399
64.395,4.198613928
64.4,4.197790912
64.405,4.198356282
64.41,4.199108719
64.415,4.19737586
64.42,4.19707459
64.425,4.200278668
64.43,4.201320795
64.435,4.199447524
64.44,4.199899218
64.445,4.201389897
64.45,4.200105089
64.455,4.199025319
64.46,4.200050097
64.465,4.200180843
64.47,4.200368961
64.475,4.202856192
64.48,4.204034789
64.485,4.202999051
64.49,4.204937163
64.495,4.208608911
64.5,4.208357327
64.505,4.206255244
64.51,4.20658783
64.515,4.207083654
64.52,4.206597661
64.525,4.207722593
64.53,4.208460587
64.535,4.206699635
64.54,4.206426087
64.545,4.208232185
64.55,4.207545163
64.555,4.205952499
64.56,4.207823414
64.565,4.210033422
64.57,4.209129434
64.575,4.208502042
64.58,4.20912357
64.585,4.208611048
64.59,4.20859881
64.595,4.209988787
64.6,4.208926588
64.605,4.206226846
64.61,4.207125925
64.615,4.20959082
64.62,4.209179131
64.625,4.208747664
64.63,4.210663828
64.635,4.211196586
64.64,4.21013464
64.645,4.210323752
64.65,4.210106167
64.655,4.208896931
64.66,4.210165491
64.665,4.212077455
64.67,4.210507976
64.675,4.208951268
64.68,4.211006353
64.685,4.21252167
64.69,4.211252611
64.695,4.210639045
64.7,4.210554341
64.705,4.20912332
64.71,4.20871316
64.715,4.209927771
64.72,4.209153551
64.725,4.207879421
64.73,4.209194606
64.735,4.209503122
64.74,4.206757321
64.745,4.205831009
64.75,4.207855191
64.755,4.208293384
64.76,4.207666205
64.765,4.20835525
64.77,4.208333599
64.775,4.207952998
64.78,4.210163499
64.785,4.21160646
64.79,4.209141381
64.795,4.20750906
64.8,4.209069281
64.805,4.20905637
64.81,4.207315459
64.815,4.207987202
64.82,4.20923425
64.825,4.208767547
64.83,4.209052865
64.835,4.209799223
64.84,4.208182381
64.845,4.207332676
64.85,4.209389937
64.855,4.209336417
64.86,4.206308069
64.865,4.206083634
64.87,4.208208362
64.875,4.208162261
64.88,4.207478518
64.885,4.207914161
64.89,4.206964721
64.895,4.205437407
64.9,4.206271517
64.905,4.206477523
64.91,4.204281754
64.915,4.204211251
64.92,4.206480994
64.925,4.205784901
64.93,4.203609213
64.935,4.204508325
64.94,4.205848265
64.945,4.205207883
64.95,4.205299098
64.955,4.205308512
64.96,4.203263504
64.965,4.203325786
64.97,4.206276303
64.975,4.206518726
64.98,4.204276248
64.985,4.204814468
64.99,4.206261207
64.995,4.204933579
65,4.203998822
65.005,4.204985232
65.01,4.204750959
65.015,4.204127304
65.02,4.205189804
65.025,4.204601432
65.03,4.202298361
65.035,4.203356396
65.04,4.206099333
65.045,4.204862801
65.05,4.202415555
65.055,4.203197927
65.06,4.204472616
65.065,4.204613249
65.07,4.205903734
65.075,4.206582055
65.08,4.204794855
65.085,4.204664201
65.09,4.20651926
65.095,4.205626447
65.1,4.203688443
65.105,4.205359715
65.11,4.207273504
65.115,4.206012897
65.12,4.205437469
65.125,4.206996336
65.13,4.207652268
65.135,4.207989469
65.14,4.209067954
65.145,4.207719884
65.15,4.205176482
65.155,4.206252159
65.16,4.208523865
65.165,4.207607179
65.17,4.206795436
65.175,4.208625451
65.18,4.209395643
65.185,4.208647841
65.19,4.20940507
65.195,4.210112289
65.2,4.209476109
65.205,4.210220487
65.21,4.211196375
65.215,4.209110712
65.22,4.207373004
65.225,4.209749288
65.23,4.21164145
65.235,4.210276687
65.24,4.20958339
65.245,4.210246721
65.25,4.210008505
65.255,4.210799373
65.26,4.213034345
65.265,4.213170263
65.27,4.212382394
65.275,4.214022812
65.28,4.214992134
65.285,4.212940269
65.29,4.212493622
65.295,4.214615949
65.3,4.21484513
65.305,4.21359719
65.31,4.214097387
65.315,4.214679475
65.32,4.214805468
65.325,4.216887898
65.33,4.218478436
65.335,4.216587918
65.34,4.215355368
65.345,4.217371488
65.35,4.21810114
65.355,4.21666372
65.36,4.217105068
65.365,4.218451048
65.37,4.217861464
65.375,4.217675416
65.38,4.218495752
65.385,4.217776606
65.39,4.217543692
65.395,4.219785006
65.4,4.220062178
65.405,4.217480374
65.41,4.217398485
65.415,4.21965243
65.42,4.219679648
65.425,4.218684758
65.43,4.219121353
65.435,4.218674314
65.44,4.217765605
65.445,4.219228835
65.45,4.22062982
65.455,4.219659866
65.46,4.220206292
65.465,4.222564615
65.47,4.221723152
65.475,4.21910945
65.48,4.21935088
65.485,4.220135431
65.49,4.218713857
65.495,4.217882395
65.5,4.217662346
65.505,4.216070392
65.51,4.216083184
65.515,4.218901126
65.52,4.21945801
65.525,4.217539683
65.53,4.218307417
65.535,4.220247273
65.54,4.219276019
65.545,4.218319863
65.55,4.21955795
65.555,4.219514666
65.56,4.218383897
65.565,4.218770813
65.57,4.218375432
65.575,4.2161861
65.58,4.216669379
65.585,4.218887192
65.59,4.217624983
65.595,4.215375522
65.6,4.216773991
65.605,4.21846125
65.61,4.217677761
65.615,4.2175568
65.62,4.217610305
65.625,4.215564289
65.63,4.214438855
65.635,4.215460577
65.64,4.214324943
65.645,4.212183969
65.65,4.213622413
65.655,4.215745608
65.66,4.214388947
65.665,4.21329814
65.67,4.214993319
65.675,4.215579438
65.68,4.214899404
65.685,4.21532321
65.69,4.214572886
65.695,4.212327988
65.7,4.213185261
65.705,4.215523048
65.71,4.21436565
65.715,4.212633367
65.72,4.214052583
65.725,4.214719353
65.73,4.2130088
65.735,4.212865169
65.74,4.213938629
65.745,4.213591002
65.75,4.213800979
65.755,4.214991654
65.76,4.213629955
65.765,4.211769072
65.77,4.213552423
65.775,4.215370759
65.78,4.213351072
65.785,4.211386438
65.79,4.211729912
65.795,4.211317587
65.8,4.210470307
65.805,4.211481955
65.81,4.211825996
65.815,4.210466003
65.82,4.210881317
65.825,4.21190044
65.83,4.210359173
65.835,4.209324452
65.84,4.211550571
65.845,4.212824682
65.85,4.211472072
65.855,4.211314229
65.86,4.212558812
65.865,4.212916744
65.87,4.213360557
65.875,4.214011077
65.88,4.212422314
65.885,4.210511278
65.89,4.211581616
65.895,4.212727761
65.9,4.21117055
65.905,4.210645884
65.91,4.21237534
65.915,4.212759077
65.92,4.211982723
65.925,4.212314567
65.93,4.212428564
65.935,4.211982284
65.94,4.212974124
65.945,4.21356469
65.95,4.211717419
65.955,4.210881876
65.96,4.212933129
65.965,4.213789317
65.97,4.212414269
65.975,4.212016774
65.98,4.212578962
65.985,4.212451486
65.99,4.212900963
65.995,4.214077266
66,4.214012807
66.005,4.213863496
66.01,4.215198523
66.015,4.215364243
66.02,4.213411186
66.025,4.21321201
66.03,4.215142193
66.035,4.215666811
66.04,4.214910927
66.045,4.215398305
66.05,4.216370061
66.055,4.217282014
66.06,4.219025391
66.065,4.219928971
66.07,4.218710191
66.075,4.217978364
66.08,4.218874018
66.085,4.218528398
66.09,4.21708923
66.095,4.217430063
66.1,4.21881199
66.105,4.219026836
66.11,4.218921066
66.115,4.219234543
66.12,4.21927066
66.125,4.220013847
66.13,4.221625142
66.135,4.221418028
66.14,4.219684226
66.145,4.219857877
66.15,4.221573697
66.155,4.22175803
66.16,4.22078077
66.165,4.220777361
66.17,4.221127292
66.175,4.22130764
66.18,4.222062261
66.185,4.222527104
66.19,4.222208297
66.195,4.223145603
66.2,4.224776709
66.205,4.224151705
66.21,4.22224062
66.215,4.221916094
66.22,4.222312697
66.225,4.221367998
66.23,4.220179687
66.235,4.219683335
66.24,4.219653329
66.245,4.220791188
66.25,4.222779138
66.255,4.223238777
66.26,4.222330408
66.265,4.222575711
66.27,4.223026942
66.275,4.221385432
66.28,4.219278732
66.285,4.218920494
66.29,4.21900395
66.295,4.218580572
66.3,4.218344603
66.305,4.218256039
66.31,4.218319025
66.315,4.219667179
66.32,4.221158981
66.325,4.220512978
66.33,4.219120613
66.335,4.219410357
66.34,4.22038171
66.345,4.220151629
66.35,4.219592154
66.355,4.219450884
66.36,4.219131502
66.365,4.218854531
66.37,4.218969423
66.375,4.218586796
66.38,4.218550028
66.385,4.220261516
66.39,4.221904754
66.395,4.221145737
66.4,4.219971793
66.405,4.220600634
66.41,4.221328008
66.415,4.220863317
66.42,4.220024604
66.425,4.219402422
66.43,4.219116214
66.435,4.220174005
66.44,4.221815726
66.445,4.2222339
66.45,4.222279209
66.455,4.223730667
66.46,4.224739503
66.465,4.223406448
66.47,4.221907859
66.475,4.221878793
66.48,4.221960443
66.485,4.221234633
66.49,4.220516345
66.495,4.219554266
66.5,4.218665236
66.505,4.21928314
66.51,4.220473729
66.515,4.219990055
66.52,4.219187334
66.525,4.220184238
66.53,4.2212193
66.535,4.220516293
66.54,4.219875895
66.545,4.220176725
66.55,4.219656616
66.555,4.218456191
66.56,4.217479127
66.565,4.216343829
66.57,4.215775626
66.575,4.217190658
66.58,4.218502535
66.585,4.217432581
66.59,4.21644278
66.595,4.217740288
66.6,4.218891141
66.605,4.218096807
66.61,4.216966147
66.615,4.215981478
66.62,4.214738019
66.625,4.214412045
66.63,4.215132319
66.635,4.214807343
66.64,4.214323554
66.645,4.215547373
66.65,4.21622177
66.655,4.214535113
66.66,4.213586439
66.665,4.214785782
66.67,4.215189842
66.675,4.214278255
66.68,4.213723243
66.685,4.213202739
66.69,4.212535604
66.695,4.213430228
66.7,4.21451164
66.705,4.21323797
66.71,4.211924926
66.715,4.213333355
66.72,4.21447373
66.725,4.213442373
66.73,4.213521898
66.735,4.215028377
66.74,4.215092663
66.745,4.214364092
66.75,4.214091472
66.755,4.212738596
66.76,4.211362843
66.765,4.212384378
66.77,4.213121782
66.775,4.210766949
66.78,4.209173246
66.785,4.210781576
66.79,4.211740661
66.795,4.210779495
66.8,4.210816538
66.805,4.211145563
66.81,4.209922895
66.815,4.209508137
66.82,4.210105718
66.825,4.209230828
66.83,4.208881305
66.835,4.21123861
66.84,4.212141624
66.845,4.209888012
66.85,4.209347309
66.855,4.211501111
66.86,4.212069609
66.865,4.211186834
66.87,4.211173415
66.875,4.210432923
66.88,4.209316085
66.885,4.210521532
66.89,4.211666221
66.895,4.209685246
66.9,4.208483857
66.905,4.210298823
66.91,4.210462506
66.915,4.208311385
66.92,4.208457785
66.925,4.209911932
66.93,4.209251427
66.935,4.208558876
66.94,4.208779115
66.945,4.207361748
66.95,4.206114203
66.955,4.207569269
66.96,4.207414607
66.965,4.204039439
66.97,4.203215883
66.975,4.205603536
66.98,4.205984159
66.985,4.205141831
66.99,4.206321683
66.995,4.206992239
67,4.205887315
67.005,4.205945937
67.01,4.206039442
67.015,4.203893815
67.02,4.203669601
67.025,4.20654288
67.03,4.206661548
67.035,4.203988413
67.04,4.204604271
67.045,4.207185923
67.05,4.207292726
67.055,4.207033336
67.06,4.207654147
67.065,4.206334329
67.07,4.204896735
67.075,4.206306817
67.08,4.206349658
67.085,4.203525471
67.09,4.203216877
67.095,4.205062887
67.1,4.203410191
67.105,4.200861097
67.11,4.201991912
67.115,4.203409499
67.12,4.202980268
67.125,4.203680193
67.13,4.204306908
67.135,4.202781151
67.14,4.203249706
67.145,4.206157958
67.15,4.205367938
67.155,4.201892935
67.16,4.202067717
67.165,4.203501745
67.17,4.202154816
67.175,4.201556291
67.18,4.203225351
67.185,4.203277208
67.19,4.202993206
67.195,4.204892962
67.2,4.204913581
67.205,4.202447984
67.21,4.203090435
67.215,4.205420972
67.22,4.203452292
67.225,4.200710687
67.23,4.202001202
67.235,4.203108177
67.24,4.201837362
67.245,4.202133136
67.25,4.202654452
67.255,4.200822766
67.26,4.200834333
67.265,4.202932369
67.27,4.201464913
67.275,4.198765796
67.28,4.200617187
67.285,4.202562223
67.29,4.200033581
67.295,4.197870048
67.3,4.198534574
67.305,4.198006938
67.31,4.197196198
67.315,4.198208476
67.32,4.197071774
67.325,4.194315735
67.33,4.195845182
67.335,4.198779744
67.34,4.196961117
67.345,4.194857363
67.35,4.196431904
67.355,4.196326226
67.36,4.193653241
67.365,4.193513906
67.37,4.194100054
67.375,4.192594153
67.38,4.192834568
67.385,4.194548906
67.39,4.192712194
67.395,4.190973718
67.4,4.194196262
67.405,4.19624777
67.41,4.193499535
67.415,4.192222538
67.42,4.193858578
67.425,4.193464807
67.43,4.192860383
67.435,4.194312171
67.44,4.193604233
67.445,4.191491018
67.45,4.193189151
67.455,4.194978354
67.46,4.192230131
67.465,4.191297593
67.47,4.194904311
67.475,4.195737104
67.48,4.193318416
67.485,4.193622306
67.49,4.194475866
67.495,4.193161391
67.5,4.193756578
67.505,4.19535204
67.51,4.193149407
67.515,4.191917127
67.52,4.196038268
67.525,4.198456527
67.53,4.196516741
67.535,4.19732527
67.54,4.200399419
67.545,4.199735354
67.55,4.198380253
67.555,4.199379697
67.56,4.198704065
67.565,4.19743596
67.57,4.199950746
67.575,4.201266589
67.58,4.198187427
67.585,4.198280728
67.59,4.202807239
67.595,4.203604759
67.6,4.201230557
67.605,4.201873286
67.61,4.202702402
67.615,4.20123578
67.62,4.202061015
67.625,4.20382338
67.63,4.201819423
67.635,4.201088927
67.64,4.204582498
67.645,4.204944788
67.65,4.201909497
67.655,4.203444394
67.66,4.207334451
67.665,4.206756699
67.67,4.205578639
67.675,4.207037587
67.68,4.206580025
67.685,4.205147013
67.69,4.206740129
67.695,4.206274777
67.7,4.201630025
67.705,4.200802782
67.71,4.203918752
67.715,4.202895523
67.72,4.200167077
67.725,4.201994903
67.73,4.203797733
67.735,4.202438225
67.74,4.202565234
67.745,4.203051131
67.75,4.200166648
67.755,4.199212592
67.76,4.201973878
67.765,4.200824029
67.77,4.196619994
67.775,4.197704337
67.78,4.200811286
67.785,4.199581455
67.79,4.198622113
67.795,4.200249729
67.8,4.199339469
67.805,4.197676828
67.81,4.199578284
67.815,4.199826519
67.82,4.196939872
67.825,4.197884557
67.83,4.200925517
67.835,4.198580252
67.84,4.195468514
67.845,4.197654982
67.85,4.199361741
67.855,4.197705869
67.86,4.197869629
67.865,4.198588139
67.87,4.196576882
67.875,4.197125127
67.88,4.200711096
67.885,4.199878473
67.89,4.196768258
67.895,4.198845859
67.9,4.201415073
67.905,4.199341662
67.91,4.198806752
67.915,4.201725357
67.92,4.202229594
67.925,4.201723416
67.93,4.20366458
67.935,4.203508255
67.94,4.201029793
67.945,4.202557987
67.95,4.205000368
67.955,4.201712221
67.96,4.198592474
67.965,4.200910467
67.97,4.202188199
67.975,4.200169365
67.98,4.200426272
67.985,4.201298483
67.99,4.199450454
67.995,4.199507949
68,4.201532461
68.005,4.199496748
68.01,4.196862293
68.015,4.199409142
68.02,4.201040852
68.025,4.197893492
68.03,4.19665866
68.035,4.198718859
68.04,4.19843125
68.045,4.1975827
68.05,4.198988594
68.055,4.198225964
68.06,4.196136727
68.065,4.198442804
68.07,4.201283235
68.075,4.199128636
68.08,4.197757267
68.085,4.200273697
68.09,4.200264945
68.095,4.197718153
68.1,4.198377519
68.105,4.19976481
68.11,4.198823541
68.115,4.199647336
68.12,4.201634801
68.125,4.200196692
68.13,4.199393293
68.135,4.202812817
68.14,4.203719386
68.145,4.200158463
68.15,4.199356727
68.155,4.201396719
68.16,4.200866187
68.165,4.200303935
68.17,4.201743757
68.175,4.201032112
68.18,4.19949485
68.185,4.20164576
68.19,4.20318002
68.195,4.200813929
68.2,4.200976007
68.205,4.204560042
68.21,4.204709379
68.215,4.202550542
68.22,4.203586751
68.225,4.204757877
68.23,4.203802047
68.235,4.204487946
68.24,4.205283662
68.245,4.202643457
68.25,4.20158989
68.255,4.204729736
68.26,4.205455471
68.265,4.203349572
68.27,4.204717101
68.275,4.207438515
68.28,4.206511292
68.285,4.205579074
68.29,4.20656453
68.295,4.205663873
68.3,4.204545719
68.305,4.2063387
68.31,4.206535148
68.315,4.20396441
68.32,4.205045745
68.325,4.20892232
68.33,4.209045567
68.335,4.207705901
68.34,4.209122478
68.345,4.209595569
68.35,4.208104206
68.355,4.20877225
68.36,4.209610787
68.365,4.207509531
68.37,4.207085596
68.375,4.2093891
68.38,4.208778298
68.385,4.206762454
68.39,4.208782705
68.395,4.211014956
68.4,4.209285577
68.405,4.207952944
68.41,4.208373013
68.415,4.2072179
68.42,4.206395757
68.425,4.208073506
68.43,4.207276607
68.435,4.204049651
68.44,4.204754092
68.445,4.207318636
68.45,4.20629778
68.455,4.20509756
68.46,4.206972081
68.465,4.207436635
68.47,4.205977886
68.475,4.206332123
68.48,4.206291183
68.485,4.204034571
68.49,4.203932125
68.495,4.205565218
68.5,4.20387755
68.505,4.201608674
68.51,4.203537908
68.515,4.205536729
68.52,4.204579997
68.525,4.204847519
68.53,4.206371
68.535,4.205536236
68.54,4.204866476
68.545,4.206487012
68.55,4.206349649
68.555,4.205120792
68.56,4.20703053
68.565,4.208929332
68.57,4.207100012
68.575,4.206182341
68.58,4.208284418
68.585,4.208747581
68.59,4.207492633
68.595,4.207705238
68.6,4.20758085
68.605,4.20624209
68.61,4.207383286
68.615,4.209565605
68.62,4.208533177
68.625,4.207117894
68.63,4.208513624
68.635,4.208760503
68.64,4.206877303
68.645,4.207213169
68.65,4.208851454
68.655,4.208295777
68.66,4.207903083
68.665,4.209160605
68.67,4.20898773
68.675,4.208646488
68.68,4.210583079
68.685,4.211351538
68.69,4.209109058
68.695,4.208434079
68.7,4.210095438
68.705,4.210057263
68.71,4.209343996
68.715,4.210563335
68.72,4.211264494
68.725,4.210542347
68.73,4.211178667
68.735,4.212100773
68.74,4.21091141
68.745,4.210384417
68.75,4.211880942
68.755,4.21158709
68.76,4.209825305
68.765,4.210374395
68.77,4.212054377
68.775,4.212068206
68.78,4.21207129
68.785,4.212611332
68.79,4.211693092
68.795,4.211040957
68.8,4.212191017
68.805,4.212331716
68.81,4.211089342
68.815,4.211643288
68.82,4.212683702
68.825,4.21137654
68.83,4.210032098
68.835,4.210750438
68.84,4.211185303
68.845,4.210649984
68.85,4.210623841
68.855,4.210128631
68.86,4.209202837
68.865,4.210431413
68.87,4.212734912
68.875,4.21248641
68.88,4.211210587
68.885,4.211668978
68.89,4.212138609
68.895,4.211348682
68.9,4.211208071
68.905,4.211366597
68.91,4.210615083
68.915,4.210573919
68.92,4.211559161
68.925,4.211574882
68.93,4.211592206
68.935,4.213567812
68.94,4.214854981
68.945,4.213753503
68.95,4.213185539
68.955,4.214068395
68.96,4.2142776
68.965,4.21417593
68.97,4.214570046
68.975,4.21413144
68.98,4.213391402
68.985,4.214406817
68.99,4.215422225
68.995,4.214802085
69,4.215265167
69.005,4.217320057
69.01,4.218005686
69.015,4.217245427
69.02,4.217180725
69.025,4.217234244
69.03,4.217171914
69.035,4.218108797
69.04,4.218676017
69.045,4.217663981
69.05,4.217659883
69.055,4.219537682
69.06,4.220152023
69.065,4.219178161
69.07,4.219034743
69.075,4.219261452
69.08,4.218426806
69.085,4.218107412
69.09,4.218482353
69.095,4.218018815
69.1,4.218106262
69.105,4.219499942
69.11,4.219368179
69.115,4.217826678
69.12,4.21852487
69.125,4.220543216
69.13,4.220528613
69.135,4.219545508
69.14,4.219346669
69.145,4.218917907
69.15,4.218780905
69.155,4.219890313
69.16,4.220007499
69.165,4.218482893
69.17,4.21864977
69.175,4.220231162
69.18,4.219926853
69.185,4.219086123
69.19,4.219948371
69.195,4.220363954
69.2,4.219339732
69.205,4.219112835
69.21,4.219122215
69.215,4.218165519
69.22,4.218227712
69.225,4.219077066
69.23,4.217637105
69.235,4.215613416
69.24,4.216287197
69.245,4.217394483
69.25,4.216593774
69.255,4.216425334
69.26,4.217551358
69.265,4.21757864
69.27,4.217545245
69.275,4.2183798
69.28,4.217738108
69.285,4.216201733
69.29,4.217060919
69.295,4.218142626
69.3,4.216523539
69.305,4.21564776
69.31,4.217658417
69.315,4.219079184
69.32,4.219128204
69.325,4.220175881
69.33,4.220652353
69.335,4.219753279
69.34,4.220479893
69.345,4.222038023
69.35,4.221170738
69.355,4.220370203
69.36,4.22217483
69.365,4.22319335
69.37,4.222247993
69.375,4.222945349
69.38,4.224660647
69.385,4.224344914
69.39,4.223693021
69.395,4.224063686
69.4,4.223264654
69.405,4.222497996
69.41,4.224498493
69.415,4.22582626
69.42,4.224235906
69.425,4.223805273
69.43,4.225536343
69.435,4.22557538
69.44,4.22456654
69.445,4.225385787
69.45,4.225855415
69.455,4.225002682
69.46,4.225643162
69.465,4.22662613
69.47,4.225646782
69.475,4.225814294
69.48,4.228043597
69.485,4.228038611
69.49,4.226215916
69.495,4.227046991
69.5,4.228878646
69.505,4.22854788
69.51,4.228351574
69.515,4.228893006
69.52,4.227720175
69.525,4.226596327
69.53,4.22761877
69.535,4.227306895
69.54,4.225212543
69.545,4.225936558
69.55,4.228308243
69.555,4.227749245
69.56,4.226594489
69.565,4.227751979
69.57,4.228432356
69.575,4.228055657
69.58,4.229029091
69.585,4.229303453
69.59,4.227354701
69.595,4.227484076
69.6,4.230131193
69.605,4.230426841
69.61,4.229385161
69.615,4.230914856
69.62,4.232145723
69.625,4.231060922
69.63,4.231352151
69.635,4.233094424
69.64,4.233127817
69.645,4.233439678
69.65,4.235318298
69.655,4.235228833
69.66,4.234226232
69.665,4.236325446
69.67,4.23860055
69.675,4.236936992
69.68,4.235285642
69.685,4.23614812
69.69,4.236054858
69.695,4.235368391
69.7,4.236640637
69.705,4.23697542
69.71,4.235166511
69.715,4.235594138
69.72,4.237250491
69.725,4.235792732
69.73,4.234385347
69.735,4.236307983
69.74,4.23702514
69.745,4.234919886
69.75,4.234554527
69.755,4.235531562
69.76,4.234781045
69.765,4.235041485
69.77,4.236773964
69.775,4.235491403
69.78,4.233196033
69.785,4.234583225
69.79,4.235870614
69.795,4.233908869
69.8,4.233517592
69.805,4.2354838
69.81,4.235292538
69.815,4.234366095
69.82,4.235932478
69.825,4.23649556
69.83,4.235228715
69.835,4.236368317
69.84,4.237550791
69.845,4.234882557
69.85,4.23325919
69.855,4.23567762
69.86,4.236622679
69.865,4.235260516
69.87,4.235897047
69.875,4.236616916
69.88,4.234846321
69.885,4.234744634
69.89,4.236357371
69.895,4.234834212
69.9,4.232724672
69.905,4.23414643
69.91,4.234758506
69.915,4.232544747
69.92,4.233066377
69.925,4.235599548
69.93,4.234979345
69.935,4.233937259
69.94,4.235491054
69.945,4.235659821
69.95,4.234614911
69.955,4.236561499
69.96,4.238254297
69.965,4.236175525
69.97,4.235844315
69.975,4.238956535
69.98,4.23929561
69.985,4.237572515
69.99,4.238692175
69.995,4.239419284
70,4.237249008
70.005,4.237023692
70.01,4.23848337
70.015,4.23723813
70.02,4.236480452
70.025,4.239348234
70.03,4.24025766
70.035,4.238166915
70.04,4.239044714
70.045,4.241456221
70.05,4.240671098
70.055,4.240038772
70.06,4.241776586
70.065,4.2411117
70.07,4.2392858
70.075,4.241101644
70.08,4.242710812
70.085,4.240893662
70.09,4.240759853
70.095,4.242857623
70.1,4.241908262
70.105,4.240240648
70.11,4.242090903
70.115,4.2429285
70.12,4.240732684
70.125,4.240653749
70.13,4.241791312
70.135,4.240178176
70.14,4.239524682
70.145,4.24212196
70.15,4.242342765
70.155,4.240016378
70.16,4.240379742
70.165,4.241083134
70.17,4.238748154
70.175,4.237861298
70.18,4.239605339
70.185,4.238946199
70.19,4.237298613
70.195,4.238946957
70.2,4.240287412
70.205,4.239038842
70.21,4.240187085
70.215,4.242681116
70.22,4.241543788
70.225,4.24029622
70.23,4.242499009
70.235,4.243269048
70.24,4.241572232
70.245,4.242293839
70.25,4.243442116
70.255,4.241517556
70.26,4.240863068
70.265,4.242984468
70.27,4.24261048
70.275,4.240942499
70.28,4.242530141
70.285,4.243914516
70.29,4.242317209
70.295,4.242697986
70.3,4.245297218
70.305,4.24497675
70.31,4.2438604
70.315,4.245192471
70.32,4.245047401
70.325,4.242818205
70.33,4.243677642
70.335,4.246128093
70.34,4.24582526
70.345,4.246133749
70.35,4.24882245
70.355,4.248884944
70.36,4.247156014
70.365,4.248387333
70.37,4.249762752
70.375,4.247966257
70.38,4.247254349
70.385,4.248436243
70.39,4.247131187
70.395,4.246058301
70.4,4.248517966
70.405,4.249752125
70.41,4.248146893
70.415,4.248802758
70.42,4.250770747
70.425,4.249828526
70.43,4.249190389
70.435,4.251113358
70.44,4.250993621
70.445,4.249156229
70.45,4.250079109
70.455,4.251205571
70.46,4.249765739
70.465,4.249900979
70.47,4.252203726
70.475,4.251677416
70.48,4.250096544
70.485,4.251680135
70.49,4.252717875
70.495,4.251083238
70.5,4.251215348
70.505,4.252377459
70.51,4.250567104
70.515,4.248998922
70.52,4.250446409
70.525,4.250504091
70.53,4.248777015
70.535,4.249813239
70.54,4.251244474
70.545,4.249812097
70.55,4.249451445
70.555,4.25143419
70.56,4.251113723
70.565,4.249400288
70.57,4.250130594
70.575,4.250142832
70.58,4.247727764
70.585,4.247567314
70.59,4.249183981
70.595,4.247974042
70.6,4.246604831
70.605,4.247893511
70.61,4.247745801
70.615,4.245603073
70.62,4.246066593
70.625,4.247186481
70.63,4.24543536
70.635,4.24449666
70.64,4.245712795
70.645,4.244849301
70.65,4.243092717
70.655,4.244443802
70.66,4.245356357
70.665,4.243283772
70.67,4.24278038
70.675,4.24435235
70.68,4.243796367
70.685,4.243144968
70.69,4.245186985
70.695,4.245675862
70.7,4.24362267
70.705,4.243808593
70.71,4.245080485
70.715,4.24356637
70.72,4.242565328
70.725,4.244047738
70.73,4.243685213
70.735,4.241921867
70.74,4.242973417
70.745,4.244356316
70.75,4.243268012
70.755,4.243189599
70.76,4.244524825
70.765,4.243263403
70.77,4.241381958
70.775,4.242389807
70.78,4.242693225
70.785,4.240765939
70.79,4.240849562
70.795,4.242285053
70.8,4.241109627
70.805,4.240195912
70.81,4.242015908
70.815,4.242512826
70.82,4.24145608
70.825,4.242628372
70.83,4.243832483
70.835,4.242521637
70.84,4.242567582
70.845,4.244550053
70.85,4.244056347
70.855,4.242171119
70.86,4.242511816
70.865,4.242547832
70.87,4.241050195
70.875,4.241793572
70.88,4.243912625
70.885,4.243344344
70.89,4.242515985
70.895,4.243983459
70.9,4.243977417
70.905,4.242124556
70.91,4.242587784
70.915,4.243588375
70.92,4.241675237
70.925,4.240285293
70.93,4.241074022
70.935,4.240529074
70.94,4.239454425
70.945,4.24095618
70.95,4.241848051
70.955,4.23999632
70.96,4.239679462
70.965,4.241255432
70.97,4.240678406
70.975,4.239469121
70.98,4.240286483
70.985,4.239829899
70.99,4.237338291
70.995,4.236806125
71,4.237371573
71.005,4.235853214
71.01,4.235062857
71.015,4.236563844
71.02,4.236730023
71.025,4.235739702
71.03,4.236830111
71.035,4.237837352
71.04,4.23611811
71.045,4.234995401
71.05,4.235443789
71.055,4.23442205
71.06,4.233377149
71.065,4.234759161
71.07,4.23551291
71.075,4.234647203
71.08,4.235670187
71.085,4.237631622
71.09,4.236762859
71.095,4.235473784
71.1,4.236276638
71.105,4.236252507
71.11,4.2351016
71.115,4.235756747
71.12,4.23660953
71.125,4.23553578
71.13,4.235771536
71.135,4.237740185
71.14,4.237545723
71.145,4.236151896
71.15,4.237016486
71.155,4.237833929
71.16,4.236746434
71.165,4.236463522
71.17,4.236869117
71.175,4.23544611
71.18,4.234121562
71.185,4.234933796
71.19,4.234662234
71.195,4.232887331
71.2,4.23307948
71.205,4.234100483
71.21,4.233166746
71.215,4.232656602
71.22,4.233935114
71.225,4.233857904
71.23,4.232550731
71.235,4.232505658
71.24,4.232003598
71.245,4.229916646
71.25,4.229406412
71.255,4.230318306
71.26,4.229531112
71.265,4.228623452
71.27,4.230041606
71.275,4.231076506
71.28,4.230541535
71.285,4.231112055
71.29,4.232043799
71.295,4.231163952
71.3,4.230390202
71.305,4.230573875
71.31,4.229355904
71.315,4.227608426
71.32,4.228101133
71.325,4.228891573
71.33,4.227749822
71.335,4.227352452
71.34,4.228278836
71.345,4.228029962
71.35,4.2273158
71.355,4.227863728
71.36,4.227491888
71.365,4.225855301
71.37,4.225848917
71.375,4.226273052
71.38,4.224626783
71.385,4.223326954
71.39,4.224432938
71.395,4.225020284
71.4,4.224293767
71.405,4.224600478
71.41,4.22522939
71.415,4.224700669
71.42,4.224897575
71.425,4.22585769
71.43,4.224938689
71.435,4.22347022
71.44,4.223968499
71.445,4.224593393
71.45,4.223977421
71.455,4.224278539
71.46,4.225505603
71.465,4.22563534
71.47,4.22579572
71.475,4.227206057
71.48,4.22752763
71.485,4.226671069
71.49,4.226764089
71.495,4.226767623
71.5,4.225375974
71.505,4.224891222
71.51,4.226149695
71.515,4.226581067
71.52,4.226552184
71.525,4.227888515
71.53,4.229225588
71.535,4.229386339
71.54,4.230133375
71.545,4.231227448
71.55,4.230863992
71.555,4.230602947
71.56,4.231953683
71.565,4.232558109
71.57,4.231916515
71.575,4.232606239
71.58,4.233966675
71.585,4.234146969
71.59,4.234473905
71.595,4.235567882
71.6,4.235707418
71.605,4.235895599
71.61,4.237656736
71.615,4.238808892
71.62,4.238145296
71.625,4.238164819
71.63,4.239010862
71.635,4.238436174
71.64,4.237390031
71.645,4.237377916
71.65,4.237172729
71.655,4.23664773
71.66,4.237310003
71.665,4.23807678
71.67,4.237855736
71.675,4.238295609
71.68,4.239510774
71.685,4.239122305
71.69,4.237575465
71.695,4.237071265
71.7,4.236966096
71.705,4.236283859
71.71,4.236186681
71.715,4.236273701
71.72,4.235291016
71.725,4.234741342
71.73,4.235204567
71.735,4.234928383
71.74,4.234007989
71.745,4.234315824
71.75,4.234889863
71.755,4.234407247
71.76,4.234249441
71.765,4.234665201
71.77,4.234136769
71.775,4.233339616
71.78,4.233657622
71.785,4.233603928
71.79,4.233060535
71.795,4.234050992
71.8,4.235605523
71.805,4.235529172
71.81,4.235559512
71.815,4.23705998
71.82,4.23779191
71.825,4.237409401
71.83,4.237503934
71.835,4.237112837
71.84,4.235771612
71.845,4.235671067
71.85,4.236604088
71.855,4.236404547
71.86,4.236260224
71.865,4.237821158
71.87,4.238807472
71.875,4.238399376
71.88,4.238608939
71.885,4.239121065
71.89,4.238544358
71.895,4.238336085
71.9,4.239095211
71.905,4.238428852
71.91,4.236883885
71.915,4.23699708
71.92,4.237341849
71.925,4.236307854
71.93,4.236100084
71.935,4.237161654
71.94,4.237211261
71.945,4.236968411
71.95,4.238152493
71.955,4.238818892
71.96,4.238384537
71.965,4.239065472
71.97,4.239757745
71.975,4.238470305
71.98,4.237447316
71.985,4.238327644
71.99,4.238544828
71.995,4.238018665
72,4.23907021
72.005,4.240270613
72.01,4.239906379
72.015,4.240173026
72.02,4.241081033
72.025,4.239741897
72.03,4.237712363
72.035,4.237475234
72.04,4.236845139
72.045,4.234816998
72.05,4.234529877
72.055,4.235678637
72.06,4.235366447
72.065,4.235126937
72.07,4.236536453
72.075,4.236925142
72.08,4.236123398
72.085,4.236677493
72.09,4.237019905
72.095,4.235175828
72.1,4.23411746
72.105,4.234908615
72.11,4.234442131
72.115,4.233284905
72.12,4.233982954
72.125,4.234729452
72.13,4.234055829
72.135,4.234622047
72.14,4.236003
72.145,4.235372315
72.15,4.234725993
72.155,4.236052271
72.16,4.236262352
72.165,4.234766774
72.17,4.234784039
72.175,4.23539432
72.18,4.234330917
72.185,4.234101065
72.19,4.235837668
72.195,4.236363828
72.2,4.236348351
72.205,4.238285509
72.21,4.239763108
72.215,4.238841077
72.22,4.238422491
72.225,4.238695384
72.23,4.236737389
72.235,4.234836473
72.24,4.235807578
72.245,4.236570974
72.25,4.23583948
72.255,4.236830465
72.26,4.238537994
72.265,4.238204918
72.27,4.238243175
72.275,4.240015414
72.28,4.239836287
72.285,4.238127514
72.29,4.238514055
72.295,4.238847966
72.3,4.236912624
72.305,4.236192675
72.31,4.237291279
72.315,4.236599316
72.32,4.23538734
72.325,4.236431914
72.33,4.237068015
72.335,4.235997125
72.34,4.236682177
72.345,4.238134861
72.35,4.237269624
72.355,4.236747244
72.36,4.238365804
72.365,4.238337973
72.37,4.236483481
72.375,4.236685075
72.38,4.237251457
72.385,4.235919699
72.39,4.235838376
72.395,4.237427302
72.4,4.236929864
72.405,4.235573334
72.41,4.236111264
72.415,4.235491997
72.42,4.232590969
72.425,4.231588861
72.43,4.231987997
72.435,4.230185638
72.44,4.228448973
72.445,4.228960875
72.45,4.228704438
72.455,4.227597873
72.46,4.228843105
72.465,4.229937841
72.47,4.228279558
72.475,4.227666801
72.48,4.22886513
72.485,4.227711041
72.49,4.22572175
72.495,4.226564357
72.5,4.227421245
72.505,4.226318398
72.51,4.226644845
72.515,4.228053904
72.52,4.227212253
72.525,4.226846046
72.53,4.228954183
72.535,4.229291727
72.54,4.227512984
72.545,4.227949755
72.55,4.228948569
72.555,4.227463697
72.56,4.226713599
72.565,4.227921789
72.57,4.227290442
72.575,4.226065193
72.58,4.227627038
72.585,4.228647686
72.59,4.227652551
72.595,4.228658912
72.6,4.230771896
72.605,4.229690411
72.61,4.228213615
72.615,4.229256795
72.62,4.228738823
72.625,4.226285569
72.63,4.226043958
72.635,4.22638919
72.64,4.224659293
72.645,4.224533698
72.65,4.226643938
72.655,4.226400913
72.66,4.225250245
72.665,4.227216332
72.67,4.228649204
72.675,4.226876077
72.68,4.22650755
72.685,4.227868049
72.69,4.226991299
72.695,4.226355973
72.7,4.228129374
72.705,4.227710342
72.71,4.225156165
72.715,4.225595236
72.72,4.226761177
72.725,4.224733952
72.73,4.224046881
72.735,4.226606419
72.74,4.227379254
72.745,4.226831424
72.75,4.228884341
72.755,4.230118727
72.76,4.228523134
72.765,4.229178934
72.77,4.231426296
72.775,4.230241716
72.78,4.228895271
72.785,4.231292653
72.79,4.232409792
72.795,4.230883947
72.8,4.231770501
72.805,4.233462001
72.81,4.231762673
72.815,4.230550404
72.82,4.231492256
72.825,4.229749346
72.83,4.227295029
72.835,4.228975166
72.84,4.230630348
72.845,4.228796513
72.85,4.229035232
72.855,4.231868597
72.86,4.231439979
72.865,4.230017714
72.87,4.231563865
72.875,4.231482039
72.88,4.228900243
72.885,4.229490982
72.89,4.231041661
72.895,4.228694906
72.9,4.227472206
72.905,4.229864373
72.91,4.229427585
72.915,4.226950083
72.92,4.228281961
72.925,4.230031664
72.93,4.228616196
72.935,4.229129747
72.94,4.231443074
72.945,4.2298701
72.95,4.227761012
72.955,4.229711046
72.96,4.229776691
72.965,4.226073248
72.97,4.225773043
72.975,4.227864794
72.98,4.22671482
72.985,4.22619879
72.99,4.229339056
72.995,4.229855969
73,4.228037502
73.005,4.229688394
73.01,4.230918012
73.015,4.227850759
73.02,4.226980588
73.025,4.229692363
73.03,4.228839159
73.035,4.226659391
73.04,4.228869346
73.045,4.23031859
73.05,4.228286407
73.055,4.229127763
73.06,4.231705253
73.065,4.230105662
73.07,4.228831999
73.075,4.231534227
73.08,4.231380991
73.085,4.228266085
73.09,4.229446152
73.095,4.231500983
73.1,4.228850819
73.105,4.227459969
73.11,4.229725003
73.115,4.229084822
73.12,4.22720336
73.125,4.229423771
73.13,4.230320535
73.135,4.226892601
73.14,4.22682427
73.145,4.229356605
73.15,4.227201054
73.155,4.224673412
73.16,4.226909085
73.165,4.227333968
73.17,4.224457193
73.175,4.225653774
73.18,4.228102043
73.185,4.226066593
73.19,4.225422374
73.195,4.228247323
73.2,4.226795645
73.205,4.223181725
73.21,4.224699964
73.215,4.226255784
73.22,4.223201644
73.225,4.222791809
73.23,4.226063984
73.235,4.225439194
73.24,4.224210468
73.245,4.22754836
73.25,4.228692427
73.255,4.225978974
73.26,4.227205252
73.265,4.229980473
73.27,4.22760638
73.275,4.22622337
73.28,4.229775235
73.285,4.230262229
73.29,4.227988673
73.295,4.230159971
73.3,4.232283017
73.305,4.229550336
73.31,4.229329681
73.315,4.232553978
73.32,4.230992037
73.325,4.228443082
73.33,4.231525858
73.335,4.233014558
73.34,4.229709256
73.345,4.230323667
73.35,4.233566992
73.355,4.231600371
73.36,4.229576188
73.365,4.232022349
73.37,4.23158199
73.375,4.22847676
73.38,4.230792509
73.385,4.233695405
73.39,4.230873423
73.395,4.230155503
73.4,4.234112793
73.405,4.233574891
73.41,4.230359273
73.415,4.23210343
73.42,4.233073118
73.425,4.229591097
73.43,4.229682625
73.435,4.23243013
73.44,4.229659946
73.445,4.226921335
73.45,4.229994873
73.455,4.230231727
73.46,4.22589501
73.465,4.226438726
73.47,4.229011271
73.475,4.226464376
73.48,4.225491158
73.485,4.229120199
73.49,4.228847244
73.495,4.226201599
73.5,4.228640336
73.505,4.229884769
73.51,4.225367847
73.515,4.224451047
73.52,4.227974627
73.525,4.226505037
73.53,4.223731279
73.535,4.22636775
73.54,4.22742102
73.545,4.224455006
73.55,4.225562527
73.555,4.227959602
73.56,4.224882368
73.565,4.223783233
73.57,4.228268748
73.575,4.228752767
73.58,4.225666113
73.585,4.228355544
73.59,4.232092271
73.595,4.230045433
73.6,4.229249005
73.605,4.231650285
73.61,4.229423427
73.615,4.226438056
73.62,4.229258306
73.625,4.229980606
73.63,4.226105495
73.635,4.227173399
73.64,4.231252468
73.645,4.22925122
73.65,4.226740506
73.655,4.229415034
73.66,4.229477716
73.665,4.226127745
73.67,4.227267967
73.675,4.22881693
73.68,4.225345946
73.685,4.22491196
73.69,4.228973269
73.695,4.227670372
73.7,4.223980005
73.705,4.226457391
73.71,4.228480752
73.715,4.225533089
73.72,4.225816322
73.725,4.228928943
73.73,4.227082092
73.735,4.225253268
73.74,4.228183115
73.745,4.227728596
73.75,4.223937192
73.755,4.226063904
73.76,4.229517814
73.765,4.226836553
73.77,4.225783299
73.775,4.229756194
73.78,4.229954761
73.785,4.227548605
73.79,4.229697562
73.795,4.230491106
73.8,4.227011215
73.805,4.227951179
73.81,4.231495749
73.815,4.228635689
73.82,4.225430446
73.825,4.228676896
73.83,4.229537153
73.835,4.225715974
73.84,4.226223448
73.845,4.228669176
73.85,4.226304098
73.855,4.225502138
73.86,4.22837122
73.865,4.226374501
73.87,4.222373705
73.875,4.224811467
73.88,4.226756226
73.885,4.2224615
73.89,4.221286869
73.895,4.224401521
73.9,4.222910541
73.905,4.220713591
73.91,4.223789176
73.915,4.224552518
73.92,4.221531252
73.925,4.223220942
73.93,4.22569805
73.935,4.221840795
73.94,4.220191458
73.945,4.22460621
73.95,4.224903449
73.955,4.22125054
73.96,4.222823708
73.965,4.225180219
73.97,4.222891835
73.975,4.223697556
73.98,4.227442024
73.985,4.225600637
73.99,4.223529471
73.995,4.227862057
74,4.229227833
74.005,4.225013226
74.01,4.225918553
74.015,4.229863346
74.02,4.227781016
74.025,4.225922149
74.03,4.229006631
74.035,4.228702816
74.04,4.226224741
74.045,4.22955481
74.05,4.231865446
74.055,4.227450354
74.06,4.226928072
74.065,4.231771513
74.07,4.230710291
74.075,4.22730979
74.08,4.230457684
74.085,4.232777334
74.09,4.230003938
74.095,4.230916486
74.1,4.233581221
74.105,4.23030238
74.11,4.228779431
74.115,4.233669664
74.12,4.233904869
74.125,4.229827756
74.13,4.232829825
74.135,4.237817774
74.14,4.235901388
74.145,4.234871013
74.15,4.237989297
74.155,4.236522123
74.16,4.233761799
74.165,4.237184623
74.17,4.238297378
74.175,4.233486878
74.18,4.234294702
74.185,4.239131654
74.19,4.236704063
74.195,4.233222948
74.2,4.236831855
74.205,4.238192069
74.21,4.234691841
74.215,4.235814803
74.22,4.238001514
74.225,4.23467483
74.23,4.234727014
74.235,4.240152381
74.24,4.238937279
74.245,4.234416524
74.25,4.238105307
74.255,4.242311526
74.26,4.239224484
74.265,4.238895085
74.27,4.243082222
74.275,4.242087192
74.28,4.240638118
74.285,4.245067216
74.29,4.245510991
74.295,4.240699306
74.3,4.242831959
74.305,4.247333234
74.31,4.243102154
74.315,4.239253497
74.32,4.243240025
74.325,4.244340834
74.33,4.241217839
74.335,4.243350692
74.34,4.245384969
74.345,4.241406013
74.35,4.241591388
74.355,4.246363079
74.36,4.24389377
74.365,4.239643608
74.37,4.243800064
74.375,4.246405391
74.38,4.241615843
74.385,4.24130924
74.39,4.24551151
74.395,4.244164304
74.4,4.242653752
74.405,4.246109172
74.41,4.24486863
74.415,4.240210147
74.42,4.24344771
74.425,4.247559221
74.43,4.243019632
74.435,4.240686592
74.44,4.245752748
74.445,4.246143654
74.45,4.242734176
74.455,4.245213946
74.46,4.247408341
74.465,4.244540372
74.47,4.246154644
74.475,4.250501686
74.48,4.247200094
74.485,4.244282989
74.49,4.249692535
74.495,4.251339919
74.5,4.245619756
74.505,4.245546888
74.51,4.249701535
74.515,4.248388775
74.52,4.247859054
74.525,4.251799383
74.53,4.25041088
74.535,4.246664367
74.54,4.250486544
74.545,4.253133803
74.55,4.247539618
74.555,4.246056205
74.56,4.250991593
74.565,4.249766089
74.57,4.245390983
74.575,4.247208254
74.58,4.248278599
74.585,4.245108351
74.59,4.24677687
74.595,4.249440962
74.6,4.244476373
74.605,4.241543247
74.61,4.246726136
74.615,4.247223698
74.62,4.241606151
74.625,4.242158202
74.63,4.244884597
74.635,4.241408507
74.64,4.239548629
74.645,4.242202681
74.65,4.240209315
74.655,4.237521161
74.66,4.241687538
74.665,4.242848334
74.67,4.237217888
74.675,4.237852956
74.68,4.24380254
74.685,4.242369587
74.69,4.238504864
74.695,4.240604631
74.7,4.241005037
74.705,4.238035176
74.71,4.240119014
74.715,4.241991816
74.72,4.237235803
74.725,4.236354606
74.73,4.241848435
74.735,4.240935235
74.74,4.236076026
74.745,4.238773685
74.75,4.242269613
74.755,4.239138738
74.76,4.238200638
74.765,4.240694433
74.77,4.238639905
74.775,4.237422865
74.78,4.24196678
74.785,4.241820412
74.79,4.236177753
74.795,4.237752534
74.8,4.242772498
74.805,4.240440595
74.81,4.238100706
74.815,4.24174551
74.82,4.242250005
74.825,4.239496468
74.83,4.241573796
74.835,4.242512389
74.84,4.238167885
74.845,4.238927319
74.85,4.244064726
74.855,4.241749359
74.86,4.237617194
74.865,4.24163762
74.87,4.244974887
74.875,4.242061805
74.88,4.242089352
74.885,4.244492846
74.89,4.241942348
74.895,4.241112134
74.9,4.245300557
74.905,4.243929207
74.91,4.238725248
74.915,4.240980655
74.92,4.244317871
74.925,4.240272224
74.93,4.23875394
74.935,4.243542078
74.94,4.244028532
74.945,4.241565684
74.95,4.243445545
74.955,4.24321282
74.96,4.238829995
74.965,4.240267491
74.97,4.244105547
74.975,4.240018284
74.98,4.236446175
74.985,4.241122023
74.99,4.243302505
74.995,4.239905547
75,4.241106939
75.005,4.243988285
75.01,4.241527562
75.015,4.241256186
75.02,4.244712839
75.025,4.242382872
75.03,4.238824251
75.035,4.243152682
75.04,4.24588271
75.045,4.240864144
75.05,4.239820518
75.055,4.244472605
75.06,4.244148679
75.065,4.242226995
75.07,4.245041138
75.075,4.244864251
75.08,4.241059835
75.085,4.243056611
75.09,4.245766166
75.095,4.240921333
75.1,4.238460057
75.105,4.243002974
75.11,4.242485415
75.115,4.237244829
75.12,4.238285451
75.125,4.240823601
75.13,4.238275426
75.135,4.238352732
75.14,4.241050567
75.145,4.237693641
75.15,4.234874816
75.155,4.239806837
75.16,4.24128062
75.165,4.235479712
75.17,4.234712853
75.175,4.238099257
75.18,4.235514983
75.185,4.233009515
75.19,4.236345524
75.195,4.23689088
75.2,4.234551908
75.205,4.23751967
75.21,4.239281345
75.215,4.233948242
75.22,4.23267638
75.225,4.237289196
75.23,4.23538345
75.235,4.229856025
75.24,4.231385267
75.245,4.233466835
75.25,4.23086209
75.255,4.231822704
75.26,4.234926828
75.265,4.231865715
75.27,4.229788056
75.275,4.234133017
75.28,4.233776746
75.285,4.228106627
75.29,4.229171549
75.295,4.232830009
75.3,4.229101125
75.305,4.225640993
75.31,4.227672275
75.315,4.226740647
75.32,4.224208673
75.325,4.227275986
75.33,4.228277758
75.335,4.223328785
75.34,4.223923267
75.345,4.229393815
75.35,4.227563081
75.355,4.223333886
75.36,4.225890585
75.365,4.226950777
75.37,4.22252753
75.375,4.222108855
75.38,4.224154357
75.385,4.221196371
75.39,4.220395383
75.395,4.224683136
75.4,4.22324417
75.405,4.218178934
75.41,4.220846205
75.415,4.224623178
75.42,4.220548769
75.425,4.217663519
75.43,4.219951948
75.435,4.218768509
75.44,4.216531584
75.445,4.21974122
75.45,4.220340845
75.455,4.215772455
75.46,4.216716902
75.465,4.220936386
75.47,4.218154804
75.475,4.215214839
75.48,4.219388396
75.485,4.220876685
75.49,4.217031394
75.495,4.217413589
75.5,4.219531719
75.505,4.217079369
75.51,4.217232958
75.515,4.221146024
75.52,4.219063395
75.525,4.214934997
75.53,4.21835016
75.535,4.221465893
75.54,4.217795881
75.545,4.21694239
75.55,4.220476467
75.555,4.219221946
75.56,4.216696075
75.565,4.21908708
75.57,4.219115612
75.575,4.215839568
75.58,4.218127596
75.585,4.221408858
75.59,4.21739376
75.595,4.215085905
75.6,4.219857001
75.605,4.220922538
75.61,4.217267887
75.615,4.218119611
75.62,4.219615084
75.625,4.216416938
75.63,4.216258572
75.635,4.21951474
75.64,4.217651656
75.645,4.215293895
75.65,4.219349356
75.655,4.220814862
75.66,4.216292999
75.665,4.21675678
75.67,4.221272061
75.675,4.219933173
75.68,4.21709947
75.685,4.21846826
75.69,4.217475386
75.695,4.214667759
75.7,4.2175398
75.705,4.219942007
75.71,4.215532774
75.715,4.21404548
75.72,4.218347779
75.725,4.217921078
75.73,4.214369693
75.735,4.216456881
75.74,4.21853701
75.745,4.215728427
75.75,4.215593583
75.755,4.217963276
75.76,4.215793989
75.765,4.214498798
75.77,4.218598745
75.775,4.218657187
75.78,4.213890622
75.785,4.214879495
75.79,4.218888535
75.795,4.217059948
75.8,4.215161616
75.805,4.217531552
75.81,4.216727874
75.815,4.213886848
75.82,4.216032224
75.825,4.217428335
75.83,4.214035504
75.835,4.215074903
75.84,4.220020792
75.845,4.218415637
75.85,4.214576365
75.855,4.217325181
75.86,4.219715628
75.865,4.217079271
75.87,4.216813369
75.875,4.217941664
75.88,4.214662995
75.885,4.213345141
75.89,4.217086272
75.895,4.216453119
75.9,4.212391664
75.905,4.214666064
75.91,4.21823885
75.915,4.215435059
75.92,4.213966575
75.925,4.217535153
75.93,4.217988509
75.935,4.21603872
75.94,4.217635866
75.945,4.21748125
75.95,4.213872106
75.955,4.215315973
75.96,4.219098567
75.965,4.216065182
75.97,4.212338314
75.975,4.215657015
75.98,4.218000806
75.985,4.215694482
75.99,4.216104314
75.995,4.217625269
76,4.214983746
76.005,4.213831599
76.01,4.215798069
76.015,4.213224182
76.02,4.209293528
76.025,4.212103876
76.03,4.214684308
76.035,4.210763382
76.04,4.209185367
76.045,4.212487338
76.05,4.212570691
76.055,4.210831124
76.06,4.21230888
76.065,4.21194501
76.07,4.209304906
76.075,4.211818279
76.08,4.215581003
76.085,4.213223134
76.09,4.211659148
76.095,4.215792572
76.1,4.216864935
76.105,4.213378727
76.11,4.213559823
76.115,4.215517341
76.12,4.214177609
76.125,4.214333894
76.13,4.216259814
76.135,4.213905146
76.14,4.211817385
76.145,4.215965821
76.15,4.218135039
76.155,4.213917247
76.16,4.212504272
76.165,4.215059887
76.17,4.214073222
76.175,4.211970333
76.18,4.213418187
76.185,4.213299926
76.19,4.211177855
76.195,4.212536962
76.2,4.213122885
76.205,4.208600507
76.21,4.206938598
76.215,4.210608634
76.22,4.210111637
76.225,4.205964361
76.23,4.206376698
76.235,4.208675594
76.24,4.208200593
76.245,4.20874111
76.25,4.209677944
76.255,4.206398295
76.26,4.20439656
76.265,4.207685743
76.27,4.208057287
76.275,4.204042352
76.28,4.204476622
76.285,4.207931678
76.29,4.207032452
76.295,4.205457533
76.3,4.207221031
76.305,4.207454528
76.31,4.206614128
76.315,4.208843839
76.32,4.20915994
76.325,4.205253664
76.33,4.205406352
76.335,4.209400306
76.34,4.20831534
76.345,4.20464985
76.35,4.205635865
76.355,4.207122071
76.36,4.205629803
76.365,4.20612261
76.37,4.20756204
76.375,4.206075306
76.38,4.206271186
76.385,4.20951866
76.39,4.208119853
76.395,4.20359754
76.4,4.204781993
76.405,4.207817632
76.41,4.205781072
76.415,4.203786513
76.42,4.205207855
76.425,4.205272746
76.43,4.205114411
76.435,4.207678766
76.44,4.207500433
76.445,4.203792576
76.45,4.204385816
76.455,4.207138124
76.46,4.204460118
76.465,4.201267663
76.47,4.203479102
76.475,4.205079441
76.48,4.203439561
76.485,4.204076748
76.49,4.205479596
76.495,4.204353713
76.5,4.205458264
76.505,4.208163608
76.51,4.205379507
76.515,4.201156811
76.52,4.203061045
76.525,4.20545457
76.53,4.202907015
76.535,4.201855266
76.54,4.203944337
76.545,4.203581849
76.55,4.202873434
76.555,4.205080258
76.56,4.205241111
76.565,4.203460697
76.57,4.205988179
76.575,4.208463205
76.58,4.204811796
76.585,4.202098871
76.59,4.205026342
76.595,4.205977402
76.6,4.203357887
76.605,4.203202459
76.61,4.203435964
76.615,4.201477021
76.62,4.202435483
76.625,4.205300161
76.63,4.203470964
76.635,4.201329433
76.64,4.204352814
76.645,4.205352509
76.65,4.201224781
76.655,4.199952415
76.66,4.201855183
76.665,4.200411151
76.67,4.198063603
76.675,4.198303568
76.68,4.196870584
76.685,4.195045221
76.69,4.197936979
76.695,4.199877283
76.7,4.196017981
76.705,4.194303879
76.71,4.197852909
76.715,4.198371392
76.72,4.195947106
76.725,4.196756439
76.73,4.197545143
76.735,4.195433649
76.74,4.195504
76.745,4.196851713
76.75,4.194569775
76.755,4.193633414
76.76,4.197428836
76.765,4.19780406
76.77,4.193466317
76.775,4.19361526
76.78,4.196950025
76.785,4.196292846
76.79,4.194709375
76.795,4.195211354
76.8,4.193523644
76.805,4.191473594
76.81,4.19398976
76.815,4.1954123
76.82,4.192305125
76.825,4.192500858
76.83,4.19639323
76.835,4.195415291
76.84,4.191861745
76.845,4.1926493
76.85,4.19367226
76.855,4.191567913
76.86,4.191245238
76.865,4.191777789
76.87,4.189292098
76.875,4.189149728
76.88,4.193218093
76.885,4.193233681
76.89,4.189353012
76.895,4.190102381
76.9,4.192868019
76.905,4.191090502
76.91,4.18938884
76.915,4.190840711
76.92,4.189972983
76.925,4.188010893
76.93,4.189169646
76.935,4.188822407
76.94,4.185699962
76.945,4.187245534
76.95,4.191848127
76.955,4.190777503
76.96,4.187847254
76.965,4.189858144
76.97,4.191968496
76.975,4.190822364
76.98,4.190934875
76.985,4.191041775
76.99,4.187739222
76.995,4.186487364
77,4.18905395
77.005,4.188341715
77.01,4.185981061
77.015,4.18909493
77.02,4.192757312
77.025,4.190965219
77.03,4.189872705
77.035,4.19250512
77.04,4.192785471
77.045,4.191319512
77.05,4.191796936
77.055,4.190033645
77.06,4.185971482
77.065,4.186969106
77.07,4.190280361
77.075,4.188342625
77.08,4.186071336
77.085,4.188851809
77.09,4.190403191
77.095,4.188436543
77.1,4.188883682
77.105,4.190126225
77.11,4.188165601
77.115,4.187289567
77.12,4.188244434
77.125,4.185246125
77.13,4.181812036
77.135,4.184308479
77.14,4.186374364
77.145,4.183002406
77.15,4.181368953
77.155,4.183687862
77.16,4.183885429
77.165,4.183107753
77.17,4.184462164
77.175,4.183583559
77.18,4.180355564
77.185,4.180844341
77.19,4.181940706
77.195,4.178451405
77.2,4.176760759
77.205,4.180242607
77.21,4.181201767
77.215,4.178530887
77.22,4.178842042
77.225,4.180315865
77.23,4.179244454
77.235,4.179613302
77.24,4.180955421
77.245,4.178197152
77.25,4.17581427
77.255,4.178780645
77.26,4.180358504
77.265,4.177440929
77.27,4.177554655
77.275,4.180707213
77.28,4.180217436
77.285,4.178896757
77.29,4.180740893
77.295,4.181167709
77.3,4.179936765
77.305,4.181775287
77.31,4.182706401
77.315,4.179254536
77.32,4.178663809
77.325,4.182693335
77.33,4.182873469
77.335,4.17971158
77.34,4.18014607
77.345,4.181353985
77.35,4.179875191
77.355,4.180290087
77.36,4.182166803
77.365,4.180374806
77.37,4.178883117
77.375,4.181118545
77.38,4.180389958
77.385,4.176205932
77.39,4.176765972
77.395,4.179980865
77.4,4.178516669
77.405,4.176091772
77.41,4.176922127
77.415,4.176551396
77.42,4.175188407
77.425,4.177025497
77.43,4.17732084
77.435,4.173257266
77.44,4.172285301
77.445,4.175118968
77.45,4.173854998
77.455,4.170869431
77.46,4.172652854
77.465,4.174374512
77.47,4.172342691
77.475,4.172043409
77.48,4.173383423
77.485,4.171874271
77.49,4.171528308
77.495,4.174398934
77.5,4.1735116
77.505,4.169721249
77.51,4.171138705
77.515,4.174433
77.52,4.172850752
77.525,4.171254084
77.53,4.172915268
77.535,4.172263396
77.54,4.170132876
77.545,4.171458668
77.55,4.172363998
77.555,4.170412912
77.56,4.17157916
77.565,4.174511736
77.57,4.172191936
77.575,4.169416243
77.58,4.172335639
77.585,4.174484221
77.59,4.172136215
77.595,4.17151961
77.6,4.172763506
77.605,4.171568446
77.61,4.17176749
77.615,4.174679869
77.62,4.1736572
77.625,4.170455418
77.63,4.172186895
77.635,4.174204481
77.64,4.17110893
77.645,4.169632538
77.65,4.172654888
77.655,4.173283399
77.66,4.172024575
77.665,4.17375151
77.67,4.17477083
77.675,4.173524013
77.68,4.17561378
77.685,4.178742214
77.69,4.176544416
77.695,4.174506639
77.7,4.177850943
77.705,4.179473753
77.71,4.176746329
77.715,4.176614223
77.72,4.178335702
77.725,4.177037688
77.73,4.176614861
77.735,4.179062282
77.74,4.178851074
77.745,4.177712604
77.75,4.180900107
77.755,4.182556097
77.76,4.178653589
77.765,4.177119934
77.77,4.180011273
77.775,4.179750211
77.78,4.177162732
77.785,4.177470694
77.79,4.177434347
77.795,4.175638578
77.8,4.177045962
77.805,4.179053864
77.81,4.176459415
77.815,4.174926362
77.82,4.177838312
77.825,4.17764683
77.83,4.173519404
77.835,4.173220899
77.84,4.175129801
77.845,4.173765238
77.85,4.172539452
77.855,4.17335053
77.86,4.172163644
77.865,4.171557337
77.87,4.175305382
77.875,4.177033298
77.88,4.173902301
77.885,4.17376272
77.89,4.177113431
77.895,4.176526065
77.9,4.174122777
77.905,4.174728636
77.91,4.174383463
77.915,4.17193688
77.92,4.172385935
77.925,4.173406496
77.93,4.171203059
77.935,4.171194964
77.94,4.174612613
77.945,4.17384494
77.95,4.169983367
77.955,4.170711021
77.96,4.17295041
77.965,4.171259784
77.97,4.16991256
77.975,4.170565356
77.98,4.168834066
77.985,4.167294273
77.99,4.169462784
77.995,4.169858261
78,4.167372292
78.005,4.169005826
78.01,4.172723025
78.015,4.171292217
78.02,4.168779193
78.025,4.170443586
78.03,4.171400903
78.035,4.169760513
78.04,4.169907813
78.045,4.169735056
78.05,4.166885841
78.055,4.167214076
78.06,4.170720123
78.065,4.169936608
78.07,4.16696011
78.075,4.168393121
78.08,4.169941825
78.085,4.167642281
78.09,4.1669129
78.095,4.168429835
78.1,4.167524494
78.105,4.166807749
78.11,4.168719478
78.115,4.167947017
78.12,4.165006342
78.125,4.166607435
78.13,4.169253986
78.135,4.166767587
78.14,4.164730071
78.145,4.167084631
78.15,4.167951126
78.155,4.166582473
78.16,4.167449464
78.165,4.167569353
78.17,4.164888435
78.175,4.165266034
78.18,4.167863219
78.185,4.166126049
78.19,4.16414961
78.195,4.167048343
78.2,4.168504638
78.205,4.165664842
78.21,4.165410746
78.215,4.167781386
78.22,4.167386063
78.225,4.167274357
78.23,4.169446218
78.235,4.168506807
78.24,4.165867116
78.245,4.167746034
78.25,4.169542579
78.255,4.166134067
78.26,4.164421135
78.265,4.166983379
78.27,4.166502365
78.275,4.163941179
78.28,4.165046014
78.285,4.165969605
78.29,4.164389716
78.295,4.165578676
78.3,4.167774926
78.305,4.165448879
78.31,4.164107487
78.315,4.167926724
78.32,4.169137681
78.325,4.165911834
78.33,4.165941906
78.335,4.167822593
78.34,4.166050095
78.345,4.165194158
78.35,4.167234239
78.355,4.165864698
78.36,4.163013244
78.365,4.164677679
78.37,4.16549742
78.375,4.161983198
78.38,4.161879184
78.385,4.165384626
78.39,4.16414028
78.395,4.160911506
78.4,4.161972936
78.405,4.16258636
78.41,4.160540151
78.415,4.161595864
78.42,4.163260484
78.425,4.160148771
78.43,4.158586062
78.435,4.161945275
78.44,4.161895621
78.445,4.158011946
78.45,4.158659198
78.455,4.160455695
78.46,4.157206485
78.465,4.15514591
78.47,4.157140681
78.475,4.156620381
78.48,4.155151565
78.485,4.157829113
78.49,4.158515769
78.495,4.154771811
78.5,4.155230722
78.505,4.159056335
78.51,4.157521593
78.515,4.154421692
78.52,4.156028698
78.525,4.156513769
78.53,4.153652074
78.535,4.154181995
78.54,4.155884166
78.545,4.153269696
78.55,4.152429479
78.555,4.155402894
78.56,4.15382985
78.565,4.14978775
78.57,4.1519018
78.575,4.154805213
78.58,4.151969813
78.585,4.150437504
78.59,4.152828365
78.595,4.152261546
78.6,4.151099057
78.605,4.154145514
78.61,4.154869829
78.615,4.151464173
78.62,4.152286493
78.625,4.155446563
78.63,4.152914148
78.635,4.150506654
78.64,4.153814056
78.645,4.154826134
78.65,4.151707999
78.655,4.152239188
78.66,4.154094443
78.665,4.152030088
78.67,4.15203502
78.675,4.155231772
78.68,4.153391012
78.685,4.149785778
78.69,4.152644803
78.695,4.15530048
78.7,4.151932843
78.705,4.150812525
78.71,4.1536312
78.715,4.152727646
78.72,4.151046311
78.725,4.153805905
78.73,4.154393382
78.735,4.151470537
78.74,4.153102559
78.745,4.155945489
78.75,4.152782689
78.755,4.150757452
78.76,4.154732804
78.765,4.155817683
78.77,4.152831918
78.775,4.153648298
78.78,4.155204378
78.785,4.152857356
78.79,4.153017941
78.795,4.15612551
78.8,4.154283044
78.805,4.151182944
78.81,4.153783488
78.815,4.155034321
78.82,4.151233176
78.825,4.151222872
78.83,4.154717753
78.835,4.153129728
78.84,4.150350103
78.845,4.151790374
78.85,4.151158602
78.855,4.148207273
78.86,4.150234199
78.865,4.152593879
78.87,4.148746023
78.875,4.146817089
78.88,4.150320774
78.885,4.150069163
78.89,4.146676638
78.895,4.148134616
78.9,4.149760792
78.905,4.146826785
78.91,4.146619257
78.915,4.149445408
78.92,4.147964213
78.925,4.146425525
78.93,4.150005473
78.935,4.150457206
78.94,4.14578911
78.945,4.146031623
78.95,4.149530087
78.955,4.147661305
78.96,4.145228081
78.965,4.147072785
78.97,4.146455651
78.975,4.143577461
78.98,4.145677533
78.985,4.147920833
78.99,4.145085921
78.995,4.144998493
79,4.149017365
79.005,4.147811696
79.01,4.144154203
79.015,4.146170334
79.02,4.147972138
79.025,4.145113676
79.03,4.144907034
79.035,4.147286873
79.04,4.145517114
79.045,4.144723338
79.05,4.149101394
79.055,4.149981523
79.06,4.146541177
79.065,4.147948252
79.07,4.150954209
79.075,4.148001715
79.08,4.145825745
79.085,4.148498274
79.09,4.148100174
79.095,4.145406159
79.1,4.147229114
79.105,4.148495895
79.11,4.145764025
79.115,4.147216276
79.12,4.151833443
79.125,4.150182172
79.13,4.146859238
79.135,4.149427539
79.14,4.150841474
79.145,4.147448126
79.15,4.147167578
79.155,4.148732458
79.16,4.145777122
79.165,4.144230334
79.17,4.147455243
79.175,4.147112061
79.18,4.144165523
79.185,4.147107646
79.19,4.150024527
79.195,4.146382994
79.2,4.144864622
79.205,4.148597288
79.21,4.148791004
79.215,4.146663928
79.22,4.148806884
79.225,4.14965006
79.23,4.14691142
79.235,4.148506612
79.24,4.152066346
79.245,4.149342497
79.25,4.146563925
79.255,4.149971752
79.26,4.150967716
79.265,4.147420203
79.27,4.148060973
79.275,4.150586098
79.28,4.148433405
79.285,4.147416068
79.29,4.149870939
79.295,4.148193449
79.3,4.145439693
79.305,4.149293152
79.31,4.152396098
79.315,4.149109792
79.32,4.148960555
79.325,4.153466041
79.33,4.153141178
79.335,4.150727178
79.34,4.152608608
79.345,4.152709495
79.35,4.149135702
79.355,4.149913428
79.36,4.152291963
79.365,4.149369985
79.37,4.14844452
79.375,4.153199627
79.38,4.153451661
79.385,4.148888093
79.39,4.149661435
79.395,4.152465479
79.4,4.150591892
79.405,4.15016109
79.41,4.152568164
79.415,4.150516854
79.42,4.147953513
79.425,4.151538252
79.43,4.153170872
79.435,4.149210247
79.44,4.149729909
79.445,4.154136492
79.45,4.152961268
79.455,4.150759725
79.46,4.154025835
79.465,4.15539823
79.47,4.153079171
79.475,4.154535587
79.48,4.156165776
79.485,4.1525173
79.49,4.151709208
79.495,4.156055765
79.5,4.155297447
79.505,4.151326596
79.51,4.153690004
79.515,4.157031023
79.52,4.155007682
79.525,4.154871061
79.53,4.157760627
79.535,4.156152116
79.54,4.154106168
79.545,4.156801827
79.55,4.156162406
79.555,4.151133341
79.56,4.152034249
79.565,4.156102029
79.57,4.153664939
79.575,4.150688987
79.58,4.153374283
79.585,4.154128428
79.59,4.151828994
79.595,4.153622745
79.6,4.155180901
79.605,4.151566565
79.61,4.151354701
79.615,4.155475247
79.62,4.153914449
79.625,4.150214127
79.63,4.153232108
79.635,4.155854167
79.64,4.152577653
79.645,4.152020658
79.65,4.154918507
79.655,4.153910212
79.66,4.153119261
79.665,4.156509801
79.67,4.155913608
79.675,4.151587283
79.68,4.153410995
79.685,4.156999601
79.69,4.153802028
79.695,4.151275576
79.7,4.154491341
79.705,4.15501484
79.71,4.152812391
79.715,4.155139261
79.72,4.157311629
79.725,4.155215698
79.73,4.156220252
79.735,4.159690786
79.74,4.157126149
79.745,4.153918888
79.75,4.157567041
79.755,4.15955813
79.76,4.155658772
79.765,4.155036828
79.77,4.157610218
79.775,4.156211731
79.78,4.155531151
79.785,4.158882822
79.79,4.158522333
79.795,4.155673214
79.8,4.158700489
79.805,4.16177867
79.81,4.158161719
79.815,4.156792091
79.82,4.160860105
79.825,4.160649835
79.83,4.157081065
79.835,4.157863632
79.84,4.158490297
79.845,4.155955118
79.85,4.157447771
79.855,4.16079384
79.86,4.158196907
79.865,4.155884316
79.87,4.159598597
79.875,4.160306978
79.88,4.155592124
79.885,4.154977022
79.89,4.1570686
79.895,4.154759171
79.9,4.153246637
79.905,4.155903735
79.91,4.155541802
79.915,4.153544712
79.92,4.156625642
79.925,4.15825373
79.93,4.154077873
79.935,4.153662546
79.94,4.15817305
79.945,4.157792659
79.95,4.154651514
79.955,4.15620147
79.96,4.157326149
79.965,4.155171948
79.97,4.156355985
79.975,4.158641662
79.98,4.155885245
79.985,4.154627604
79.99,4.158445479
79.995,4.158211183
80,4.154111453
80.005,4.155644773
80.01,4.15921818
80.015,4.15761137
80.02,4.156369754
80.025,4.158223116
80.03,4.157036154
80.035,4.155178931
80.04,4.157999006
80.045,4.158725474
80.05,4.154601308
80.055,4.154954069
80.06,4.159166255
80.065,4.157755473
80.07,4.154490004
80.075,4.156171373
80.08,4.156714098
80.085,4.153715698
80.09,4.153791488
80.095,4.154763712
80.1,4.152002703
80.105,4.15204279
80.11,4.156243449
80.115,4.155491534
80.12,4.151752672
80.125,4.154066398
80.13,4.157517278
80.135,4.155642048
80.14,4.154738799
80.145,4.156798926
80.15,4.155938586
80.155,4.154841349
80.16,4.157496976
80.165,4.157573256
80.17,4.154233643
80.175,4.155682334
80.18,4.158915301
80.185,4.15612395
80.19,4.153563085
80.195,4.157033621
80.2,4.159177798
80.205,4.157771163
80.21,4.158871476
80.215,4.159935375
80.22,4.157707477
80.225,4.158398501
80.23,4.161626595
80.235,4.159438186
80.24,4.155943025
80.245,4.158828835
80.25,4.161322995
80.255,4.158325219
80.26,4.157629442
80.265,4.160396566
80.27,4.159736129
80.275,4.158381979
80.28,4.160085114
80.285,4.159065716
80.29,4.156022584
80.295,4.158167924
80.3,4.160398985
80.305,4.155909567
80.31,4.152651232
80.315,4.155272948
80.32,4.15547038
80.325,4.152364219
80.33,4.152724316
80.335,4.153645214
80.34,4.151680546
80.345,4.152445766
80.35,4.154869782
80.355,4.152069741
80.36,4.149328566
80.365,4.152371752
80.37,4.152833181
80.375,4.14747131
80.38,4.14557939
80.385,4.147756041
80.39,4.14681974
80.395,4.145368286
80.4,4.146537511
80.405,4.145007785
80.41,4.142333308
80.415,4.144715703
80.42,4.146278165
80.425,4.141880771
80.43,4.140066385
80.435,4.143381436
80.44,4.14296704
80.445,4.139514653
80.45,4.140079477
80.455,4.141200346
80.46,4.13957603
80.465,4.140107321
80.47,4.141234952
80.475,4.138066296
80.48,4.136752654
80.485,4.141067939
80.49,4.141880634
80.495,4.137502965
80.5,4.13735746
80.505,4.140355992
80.51,4.139430637
80.515,4.138190906
80.52,4.139601809
80.525,4.138697118
80.53,4.13709804
80.535,4.139680453
80.54,4.140618656
80.545,4.136891106
80.55,4.137126007
80.555,4.141420818
80.56,4.140268041
80.565,4.136162689
80.57,4.136840028
80.575,4.138137465
80.58,4.136640209
80.585,4.137134199
80.59,4.138059425
80.595,4.135305826
80.6,4.134863152
80.605,4.138762508
80.61,4.138490846
80.615,4.134513695
80.62,4.135531254
80.625,4.138459792
80.63,4.136320194
80.635,4.134014329
80.64,4.134842017
80.645,4.134092571
80.65,4.133050646
80.655,4.134944206
80.66,4.134362003
80.665,4.130433508
80.67,4.131523588
80.675,4.135956258
80.68,4.134750239
80.685,4.131739077
80.69,4.133493727
80.695,4.134979148
80.7,4.133475081
80.705,4.133855064
80.71,4.134443562
80.715,4.131920889
80.72,4.131948928
80.725,4.135015332
80.73,4.133487005
80.735,4.130360419
80.74,4.133529089
80.745,4.137466815
80.75,4.135871829
80.755,4.1348232
80.76,4.13701945
80.765,4.137232034
80.77,4.136860692
80.775,4.138747782
80.78,4.137769815
80.785,4.134431653
80.79,4.136078062
80.795,4.139348182
80.8,4.137107871
80.805,4.135156151
80.81,4.138673138
80.815,4.140672672
80.82,4.138762603
80.825,4.138641888
80.83,4.139233732
80.835,4.13790607
80.84,4.138870196
80.845,4.140794457
80.85,4.137506094
80.855,4.134046544
80.86,4.137085582
80.865,4.139614843
80.87,4.136827113
80.875,4.135816544
80.88,4.138082739
80.885,4.138146962
80.89,4.137770971
80.895,4.139115393
80.9,4.137851395
80.905,4.135649061
80.91,4.1380667
80.915,4.13978417
80.92,4.135899951
80.925,4.134613811
80.93,4.139088413
80.935,4.140987363
80.94,4.139416469
80.945,4.140404846
80.95,4.141886419
80.955,4.141466293
80.96,4.143364676
80.965,4.145154425
80.97,4.141681103
80.975,4.139205359
80.98,4.142360214
80.985,4.143110777
80.99,4.139364222
80.995,4.139599644
81,4.143105705
81.005,4.143277046
81.01,4.142956777
81.015,4.144669241
81.02,4.144272918
81.025,4.143589908
81.03,4.146716844
81.035,4.147378821
81.04,4.142538839
81.045,4.141208424
81.05,4.144662928
81.055,4.144201203
81.06,4.141056612
81.065,4.141733606
81.07,4.142920773
81.075,4.142214696
81.08,4.143695095
81.085,4.145071054
81.09,4.142626261
81.095,4.142466798
81.1,4.146314044
81.105,4.145447674
81.11,4.140564394
81.115,4.140680044
81.12,4.143269774
81.125,4.141823302
81.13,4.140349604
81.135,4.141127361
81.14,4.140111156
81.145,4.140030046
81.15,4.1437606
81.155,4.144214938
81.16,4.140366881
81.165,4.141239635
81.17,4.145078536
81.175,4.143257876
81.18,4.140168106
81.185,4.142130748
81.19,4.143851771
81.195,4.143160962
81.2,4.14461629
81.205,4.145628455
81.21,4.143698803
81.215,4.145364254
81.22,4.150126207
81.225,4.149120954
81.23,4.145564323
81.235,4.148008428
81.24,4.151205962
81.245,4.149249169
81.25,4.148094659
81.255,4.149470541
81.26,4.148572983
81.265,4.148089779
81.27,4.150564577
81.275,4.149645569
81.28,4.146366219
81.285,4.1491308
81.29,4.153158773
81.295,4.150095933
81.3,4.146697089
81.305,4.148950396
81.31,4.150017578
81.315,4.1483165
81.32,4.148875266
81.325,4.148833946
81.33,4.146442777
81.335,4.148198505
81.34,4.151885126
81.345,4.149466056
81.35,4.146641837
81.355,4.150350951
81.36,4.152556348
81.365,4.148679332
81.37,4.146838898
81.375,4.148316383
81.38,4.14769839
81.385,4.147927226
81.39,4.15026249
81.395,4.148656206
81.4,4.146257692
81.405,4.150329689
81.41,4.154132952
81.415,4.150938962
81.42,4.149595967
81.425,4.154021413
81.43,4.155611866
81.435,4.154035392
81.44,4.15483727
81.445,4.154576443
81.45,4.151901827
81.455,4.153039741
81.46,4.154649135
81.465,4.150523864
81.47,4.148523897
81.475,4.153836376
81.48,4.156355842
81.485,4.153186903
81.49,4.153526372
81.495,4.156532162
81.5,4.156166873
81.505,4.156207832
81.51,4.157692871
81.515,4.155002989
81.52,4.152620806
81.525,4.156373884
81.53,4.158046629
81.535,4.153621805
81.54,4.15303545
81.545,4.157290695
81.55,4.15709045
81.555,4.154338833
81.56,4.155037627
81.565,4.155288975
81.57,4.154278333
81.575,4.15682815
81.58,4.158270034
81.585,4.154173047
81.59,4.15344199
81.595,4.158861932
81.6,4.159717628
81.605,4.155951637
81.61,4.156991613
81.615,4.160029336
81.62,4.159247207
81.625,4.159406151
81.63,4.16089767
81.635,4.15866633
81.64,4.157820923
81.645,4.162057657
81.65,4.162158104
81.655,4.15707772
81.66,4.157987939
81.665,4.162903081
81.67,4.162304665
81.675,4.160375915
81.68,4.162603102
81.685,4.163703623
81.69,4.163562027
81.695,4.166740837
81.7,4.167441953
81.705,4.163023563
81.71,4.16311941
81.715,4.16771978
81.72,4.166295909
81.725,4.162342589
81.73,4.164957061
81.735,4.16834347
81.74,4.167161086
81.745,4.167382386
81.75,4.168735163
81.755,4.166694996
81.76,4.166932071
81.765,4.171133504
81.77,4.169942231
81.775,4.165267974
81.78,4.167562011
81.785,4.171908197
81.79,4.169741588
81.795,4.167816215
81.8,4.170533828
81.805,4.171102916
81.81,4.170524004
81.815,4.173238513
81.82,4.173494916
81.825,4.170405923
81.83,4.172665356
81.835,4.176659271
81.84,4.172649741
81.845,4.16792337
81.85,4.170683891
81.855,4.172448078
81.86,4.169217876
81.865,4.168700851
81.87,4.169821665
81.875,4.168012243
81.88,4.169157473
81.885,4.173462139
81.89,4.171627407
81.895,4.167623151
81.9,4.170855575
81.905,4.173587022
81.91,4.169070737
81.915,4.166975077
81.92,4.170269517
81.925,4.170364012
81.93,4.168989023
81.935,4.170927165
81.94,4.170181336
81.945,4.167203453
81.95,4.170512236
81.955,4.174556202
81.96,4.170548921
81.965,4.167687509
81.97,4.172198233
81.975,4.173822201
81.98,4.170734946
81.985,4.171678142
81.99,4.173803509
81.995,4.1720129
82,4.17265003
82.005,4.175505206
82.01,4.172739852
82.015,4.170289674
82.02,4.175190065
82.025,4.177513002
82.03,4.172618415
82.035,4.171717381
82.04,4.175672326
82.045,4.174915686
82.05,4.172803617
82.055,4.17419793
82.06,4.172934403
82.065,4.170204803
82.07,4.173830982
82.075,4.176898477
82.08,4.172510943
82.085,4.171241562
82.09,4.176250108
82.095,4.175830076
82.1,4.1708768
82.105,4.171487471
82.11,4.173424897
82.115,4.17161278
82.12,4.172396606
82.125,4.174406365
82.13,4.171023351
82.135,4.16972843
82.14,4.175532232
82.145,4.176896895
82.15,4.171768524
82.155,4.172363235
82.16,4.17705199
82.165,4.176044847
82.17,4.174293976
82.175,4.176617464
82.18,4.176230481
82.185,4.174423691
82.19,4.177554267
82.195,4.178714902
82.2,4.174287032
82.205,4.175328038
82.21,4.18194077
82.215,4.181681233
82.22,4.177612167
82.225,4.179428441
82.23,4.181451053
82.235,4.179345284
82.24,4.179964092
82.245,4.181555898
82.25,4.17814416
82.255,4.177303537
82.26,4.18197354
82.265,4.181210962
82.27,4.176194052
82.275,4.17853271
82.28,4.18316093
82.285,4.180621882
82.29,4.177987909
82.295,4.179789265
82.3,4.179331903
82.305,4.17848184
82.31,4.182062764
82.315,4.182098138
82.32,4.176762066
82.325,4.177317781
82.33,4.181745151
82.335,4.178646979
82.34,4.173670616
82.345,4.175551104
82.35,4.176667416
82.355,4.173391972
82.36,4.173420285
82.365,4.17459646
82.37,4.171835254
82.375,4.17222577
82.38,4.176323733
82.385,4.173950999
82.39,4.168964025
82.395,4.171916248
82.4,4.175551799
82.405,4.172159846
82.41,4.17017816
82.415,4.17239689
82.42,4.171441747
82.425,4.170083203
82.43,4.172642003
82.435,4.171723007
82.44,4.167480603
82.445,4.169731083
82.45,4.173869407
82.455,4.170529066
82.46,4.168026652
82.465,4.172716194
82.47,4.175047067
82.475,4.172758036
82.48,4.173446652
82.485,4.17439969
82.49,4.171773064
82.495,4.172307963
82.5,4.17493017
82.505,4.170997613
82.51,4.166712416
82.515,4.170655487
82.52,4.173633609
82.525,4.170189903
82.53,4.169931712
82.535,4.173476453
82.54,4.172664103
82.545,4.171270581
82.55,4.173167426
82.555,4.17156876
82.56,4.16832541
82.565,4.171445538
82.57,4.174070149
82.575,4.169136438
82.58,4.166803079
82.585,4.171336755
82.59,4.172186056
82.595,4.168974776
82.6,4.169873461
82.605,4.171031768
82.61,4.169040131
82.615,4.17050022
82.62,4.17316388
82.625,4.169724494
82.63,4.167272533
82.635,4.171544184
82.64,4.172368766
82.645,4.167381777
82.65,4.167198847
82.655,4.170704933
82.66,4.169785579
82.665,4.168745551
82.67,4.170699196
82.675,4.169471014
82.68,4.167493147
82.685,4.170808949
82.69,4.1719716
82.695,4.166631001
82.7,4.165479073
82.705,4.169732953
82.71,4.168863955
82.715,4.165221987
82.72,4.166625375
82.725,4.167808295
82.73,4.165576389
82.735,4.16626561
82.74,4.167297911
82.745,4.1635255
82.75,4.162794079
82.755,4.167557493
82.76,4.166996831
82.765,4.161855677
82.77,4.162979087
82.775,4.166792358
82.78,4.165520163
82.785,4.164786598
82.79,4.166896539
82.795,4.165733432
82.8,4.164577899
82.805,4.168225589
82.81,4.168828479
82.815,4.164432146
82.82,4.165449081
82.825,4.170001686
82.83,4.167749292
82.835,4.163904695
82.84,4.166108873
82.845,4.167911101
82.85,4.166743449
82.855,4.168327466
82.86,4.169623518
82.865,4.166885723
82.87,4.1677218
82.875,4.172397519
82.88,4.17070838
82.885,4.16578223
82.89,4.167399528
82.895,4.169982785
82.9,4.166946889
82.905,4.165278772
82.91,4.16691649
82.915,4.165890068
82.92,4.165124044
82.925,4.167700076
82.93,4.166477272
82.935,4.162182182
82.94,4.164164931
82.945,4.168095358
82.95,4.164943876
82.955,4.161367269
82.96,4.163703602
82.965,4.164740798
82.97,4.162638413
82.975,4.163007483
82.98,4.162692481
82.985,4.159089194
82.99,4.159365826
82.995,4.162170652
83,4.158861575
83.005,4.154702952
83.01,4.157548354
83.015,4.159468542
83.02,4.15529858
83.025,4.153412809
83.03,4.155183923
83.035,4.154501652
83.04,4.154215084
83.045,4.156665717
83.05,4.155382966
83.055,4.152364467
83.06,4.15572754
83.065,4.159479831
83.07,4.155946752
83.075,4.153237857
83.08,4.156026379
83.085,4.1563354
83.09,4.153580047
83.095,4.154027562
83.1,4.154625471
83.105,4.152894723
83.11,4.154697247
83.115,4.157722771
83.12,4.155051431
83.125,4.152996367
83.13,4.157642541
83.135,4.16022062
83.14,4.156871465
83.145,4.15593233
83.15,4.157695126
83.155,4.156461864
83.16,4.155697771
83.165,4.157320151
83.17,4.155797286
83.175,4.153830198
83.18,4.157450323
83.185,4.16021108
83.19,4.157109775
83.195,4.156589421
83.2,4.160815029
83.205,4.161301569
83.21,4.158785887
83.215,4.159316934
83.22,4.159621393
83.225,4.158071415
83.23,4.159814643
83.235,4.162046591
83.24,4.159540605
83.245,4.158778507
83.25,4.163657955
83.255,4.165472831
83.26,4.162748601
83.265,4.163537971
83.27,4.166113777
83.275,4.164791101
83.28,4.16367829
83.285,4.164659758
83.29,4.162902655
83.295,4.161170545
83.3,4.163646261
83.305,4.164072234
83.31,4.160056296
83.315,4.160221779
83.32,4.164712324
83.325,4.164812606
83.33,4.162286864
83.335,4.163043516
83.34,4.163478457
83.345,4.161879954
83.35,4.162748913
83.355,4.163467245
83.36,4.160420753
83.365,4.159898032
83.37,4.163455772
83.375,4.162981429
83.38,4.159599357
83.385,4.161007524
83.39,4.164049191
83.395,4.163072746
83.4,4.162224748
83.405,4.163285453
83.41,4.162321343
83.415,4.161690131
83.42,4.163978761
83.425,4.163377617
83.43,4.15937785
83.435,4.159691803
83.44,4.162625086
83.445,4.161387242
83.45,4.159605147
83.455,4.161667222
83.46,4.162816209
83.465,4.161733573
83.47,4.162392075
83.475,4.162484951
83.48,4.159731812
83.485,4.159582523
83.49,4.161910667
83.495,4.159804156
83.5,4.15637597
83.505,4.15835528
83.51,4.161251249
83.515,4.160227061
83.52,4.159996209
83.525,4.161733824
83.53,4.16138238
83.535,4.161266059
83.54,4.163334521
83.545,4.162767546
83.55,4.160244496
83.555,4.161718748
83.56,4.163865315
83.565,4.161195396
83.57,4.15900956
83.575,4.161298866
83.58,4.16256672
83.585,4.161538688
83.59,4.162112733
83.595,4.162499172
83.6,4.16132519
83.605,4.162806575
83.61,4.165393498
83.615,4.163514782
83.62,4.160983616
83.625,4.162961516
83.63,4.164403566
83.635,4.162204966
83.64,4.161818506
83.645,4.163590239
83.65,4.16337243
83.655,4.162935513
83.66,4.163719319
83.665,4.1621826
83.67,4.160173995
83.675,4.162217622
83.68,4.163803146
83.685,4.160708866
83.69,4.158836506
83.695,4.161047828
83.7,4.161587304
83.705,4.160110626
83.71,4.160628071
83.715,4.161033598
83.72,4.159830709
83.725,4.16063361
83.73,4.161764775
83.735,4.159673263
83.74,4.158901841
83.745,4.162160355
83.75,4.163206447
83.755,4.160474194
83.76,4.160001661
83.765,4.161644042
83.77,4.161234516
83.775,4.160584584
83.78,4.161191277
83.785,4.160145659
83.79,4.159273999
83.795,4.161617235
83.8,4.162506703
83.805,4.159342599
83.81,4.158091482
83.815,4.159889714
83.82,4.159251967
83.825,4.157137417
83.83,4.157669042
83.835,4.158726631
83.84,4.158550238
83.845,4.159528751
83.85,4.160006708
83.855,4.157968731
83.86,4.157922419
83.865,4.160954076
83.87,4.160872516
83.875,4.157674492
83.88,4.157325764
83.885,4.158746013
83.89,4.158103585
83.895,4.157445362
83.9,4.157926126
83.905,4.157164929
83.91,4.156716742
83.915,4.158495923
83.92,4.15870529
83.925,4.156764067
83.93,4.157849049
83.935,4.160869995
83.94,4.160218854
83.945,4.157864763
83.95,4.158330614
83.955,4.159414807
83.96,4.15926482
83.965,4.159619667
83.97,4.159099543
83.975,4.156738777
83.98,4.156538372
83.985,4.158691911
83.99,4.157927749
83.995,4.15559665
84,4.156652618
84.005,4.158539636
84.01,4.157429938
84.015,4.156327937
84.02,4.157048485
84.025,4.157186379
84.03,4.157452947
84.035,4.158527122
84.04,4.157374336
84.045,4.154847582
84.05,4.155905571
84.055,4.158474616
84.06,4.157317351
84.065,4.155240156
84.07,4.156116987
84.075,4.15704288
84.08,4.156502209
84.085,4.156870022
84.09,4.157106954
84.095,4.156160771
84.1,4.156705276
84.105,4.157795145
84.11,4.155924468
84.115,4.153975896
84.12,4.155796272
84.125,4.157628921
84.13,4.15608595
84.135,4.154766454
84.14,4.155448146
84.145,4.155823315
84.15,4.156366297
84.155,4.157705384
84.16,4.157302243
84.165,4.156278479
84.17,4.158157643
84.175,4.160016057
84.18,4.158505054
84.185,4.157540603
84.19,4.159651248
84.195,4.160472167
84.2,4.158812564
84.205,4.157940661
84.21,4.157815357
84.215,4.157673178
84.22,4.159076626
84.225,4.160333468
84.23,4.158533901
84.235,4.157408488
84.24,4.160093354
84.245,4.1621006
84.25,4.160875675
84.255,4.16046197
84.26,4.161688688
84.265,4.161532692
84.27,4.160948589
84.275,4.16119871
84.28,4.160363893
84.285,4.159689685
84.29,4.161736304
84.295,4.16280861
84.3,4.160322952
84.305,4.159429565
84.31,4.162003286
84.315,4.162679967
84.32,4.16081372
84.325,4.160220184
84.33,4.160338887
84.335,4.159934551
84.34,4.16102801
84.345,4.162215937
84.35,4.160712332
84.355,4.160039879
84.36,4.162356402
84.365,4.162722309
84.37,4.160201972
84.375,4.160458217
84.38,4.162927561
84.385,4.162957336
84.39,4.161743102
84.395,4.161563426
84.4,4.160843298
84.405,4.160601539
84.41,4.162680963
84.415,4.162829483
84.42,4.159567331
84.425,4.159012103
84.43,4.162237892
84.435,4.1629542
84.44,4.161313095
84.445,4.161991758
84.45,4.163379686
84.455,4.163151787
84.46,4.163419665
84.465,4.163729106
84.47,4.162239154
84.475,4.162337592
84.48,4.165228975
84.485,4.165129013
84.49,4.162001204
84.495,4.162522815
84.5,4.165718115
84.505,4.166052037
84.51,4.165029871
84.515,4.165294622
84.52,4.164554203
84.525,4.163650779
84.53,4.164898516
84.535,4.1647997
84.54,4.162042932
84.545,4.162075692
84.55,4.164771021
84.555,4.163983989
84.56,4.161539856
84.565,4.163032142
84.57,4.16561073
84.575,4.165335526
84.58,4.165037181
84.585,4.165237825
84.59,4.163956285
84.595,4.164268419
84.6,4.166839347
84.605,4.165943364
84.61,4.162268734
84.615,4.16276205
84.62,4.165414941
84.625,4.164433283
84.63,4.16300649
84.635,4.164602347
84.64,4.165492236
84.645,4.164957122
84.65,4.165800231
84.655,4.165549946
84.66,4.163466908
84.665,4.164777239
84.67,4.168000207
84.675,4.166294382
84.68,4.162722414
84.685,4.163921097
84.69,4.166121664
84.695,4.164979794
84.7,4.163991276
84.705,4.163914209
84.71,4.162252404
84.715,4.161887315
84.72,4.164152873
84.725,4.163603082
84.73,4.160952625
84.735,4.162377089
84.74,4.164872311
84.745,4.162579365
84.75,4.160035658
84.755,4.161583458
84.76,4.162508042
84.765,4.161316737
84.77,4.161178797
84.775,4.160380197
84.78,4.157995294
84.785,4.159038461
84.79,4.161947484
84.795,4.160048255
84.8,4.156816407
84.805,4.158329569
84.81,4.159960101
84.815,4.15798389
84.82,4.157501532
84.825,4.159246521
84.83,4.159092238
84.835,4.158782682
84.84,4.159815033
84.845,4.158248334
84.85,4.155783988
84.855,4.157956945
84.86,4.160454841
84.865,4.157660288
84.87,4.15543069
84.875,4.15807604
84.88,4.160147293
84.885,4.159850235
84.89,4.160773685
84.895,4.161236021
84.9,4.15988175
84.905,4.160972344
84.91,4.163069938
84.915,4.160920213
84.92,4.158615013
84.925,4.161074665
84.93,4.162349083
84.935,4.159392255
84.94,4.158573539
84.945,4.160880718
84.95,4.161567295
84.955,4.161720001
84.96,4.162807468
84.965,4.161110397
84.97,4.158661335
84.975,4.160429216
84.98,4.161981297
84.985,4.158745486
84.99,4.156697322
84.995,4.15886797
85,4.159229813
85.005,4.157495006
85.01,4.158286708
85.015,4.159610422
85.02,4.159282594
85.025,4.160428339
85.03,4.161620352
85.035,4.159102997
85.04,4.157358938
85.045,4.15976392
85.05,4.159920616
85.055,4.155884326
85.06,4.154441677
85.065,4.156148677
85.07,4.156181399
85.075,4.156097529
85.08,4.157554048
85.085,4.156936658
85.09,4.155621636
85.095,4.15724845
85.1,4.157442528
85.105,4.153563831
85.11,4.152311283
85.115,4.154624384
85.12,4.153665526
85.125,4.150167702
85.13,4.14959434
85.135,4.150126092
85.14,4.149816947
85.145,4.151369872
85.15,4.152474484
85.155,4.15022959
85.16,4.149791132
85.165,4.153389359
85.17,4.153890396
85.175,4.150430278
85.18,4.149627618
85.185,4.150479628
85.19,4.148564435
85.195,4.146908629
85.2,4.147781409
85.205,4.14783527
85.21,4.14820028
85.215,4.151193283
85.22,4.152226525
85.225,4.150046931
85.23,4.151074441
85.235,4.15464236
85.24,4.153653419
85.245,4.150195768
85.25,4.149707871
85.255,4.149590091
85.26,4.148326231
85.265,4.149139313
85.27,4.150194364
85.275,4.148620261
85.28,4.148773337
85.285,4.151561896
85.29,4.150850566
85.295,4.148146846
85.3,4.149797294
85.305,4.152340083
85.31,4.150511555
85.315,4.148524927
85.32,4.148839205
85.325,4.148303063
85.33,4.148274096
85.335,4.150415968
85.34,4.149878557
85.345,4.146695077
85.35,4.147600508
85.355,4.150537556
85.36,4.149186749
85.365,4.147039947
85.37,4.148685091
85.375,4.149471286
85.38,4.147591698
85.385,4.147223038
85.39,4.147289566
85.395,4.145859652
85.4,4.146800906
85.405,4.149227958
85.41,4.146907252
85.415,4.143164073
85.42,4.144505664
85.425,4.146335793
85.43,4.143906558
85.435,4.142055941
85.44,4.142386312
85.445,4.141012913
85.45,4.139905674
85.455,4.141340825
85.46,4.140852528
85.465,4.138557666
85.47,4.139788128
85.475,4.141449704
85.48,4.138546232
85.485,4.136621589
85.49,4.139458838
85.495,4.140987919
85.5,4.139341263
85.505,4.138906158
85.51,4.138755752
85.515,4.137073954
85.52,4.138054629
85.525,4.140478071
85.53,4.138720196
85.535,4.136661043
85.54,4.139365899
85.545,4.141179704
85.55,4.138857103
85.555,4.138766766
85.56,4.141219246
85.565,4.140757827
85.57,4.139117364
85.575,4.139092775
85.58,4.137676976
85.585,4.136412207
85.59,4.139560735
85.595,4.142097682
85.6,4.139313078
85.605,4.137839811
85.61,4.14121619
85.615,4.142731422
85.62,4.141450927
85.625,4.142123251
85.63,4.142513083
85.635,4.14045454
85.64,4.14022059
85.645,4.141113975
85.65,4.138798355
85.655,4.137612531
85.66,4.141146502
85.665,4.142436691
85.67,4.139498182
85.675,4.139751292
85.68,4.143227342
85.685,4.143936103
85.69,4.143442968
85.695,4.144031484
85.7,4.142158853
85.705,4.139934893
85.71,4.141944797
85.715,4.143584437
85.72,4.141002544
85.725,4.140418292
85.73,4.143477235
85.735,4.143451854
85.74,4.141579357
85.745,4.143303983
85.75,4.145320786
85.755,4.144411451
85.76,4.144218333
85.765,4.144128931
85.77,4.141296492
85.775,4.140219337
85.78,4.143031891
85.785,4.142689646
85.79,4.138511121
85.795,4.138134953
85.8,4.140724181
85.805,4.140801
85.81,4.14078033
85.815,4.142724923
85.82,4.142431529
85.825,4.140938634
85.83,4.141968496
85.835,4.141334078
85.84,4.137216693
85.845,4.136311901
85.85,4.138322271
85.855,4.136273622
85.86,4.13267897
85.865,4.133431962
85.87,4.135240213
85.875,4.135432973
85.88,4.137150901
85.885,4.138458512
85.89,4.136336054
85.895,4.135780521
85.9,4.138537002
85.905,4.137958206
85.91,4.134540579
85.915,4.134664271
85.92,4.135883015
85.925,4.133515753
85.93,4.131889345
85.935,4.133658855
85.94,4.134412162
85.945,4.134586393
85.95,4.13653377
85.955,4.136103434
85.96,4.132758084
85.965,4.133015414
85.97,4.135422678
85.975,4.133567964
85.98,4.130846639
85.985,4.131843627
85.99,4.132399368
85.995,4.13114413
86,4.132296809
86.005,4.133941772
86.01,4.132830536
86.015,4.132708108
86.02,4.134182827
86.025,4.132353511
86.03,4.129956383
86.035,4.1323168
86.04,4.134697643
86.045,4.132670125
86.05,4.131331576
86.055,4.132719751
86.06,4.132821366
86.065,4.132759282
86.07,4.134493245
86.075,4.133972007
86.08,4.131563838
86.085,4.132911178
86.09,4.135587759
86.095,4.134739726
86.1,4.134447816
86.105,4.137453243
86.11,4.138183829
86.115,4.136226172
86.12,4.136641575
86.125,4.137915621
86.13,4.137649128
86.135,4.139170637
86.14,4.141390216
86.145,4.139319209
86.15,4.136810777
86.155,4.138883498
86.16,4.140472089
86.165,4.138500647
86.17,4.138268737
86.175,4.139699566
86.18,4.138486966
86.185,4.137628948
86.19,4.13971429
86.195,4.140355055
86.2,4.139594461
86.205,4.141383528
86.21,4.142316801
86.215,4.13960038
86.22,4.139201521
86.225,4.142642648
86.23,4.143272858
86.235,4.141332473
86.24,4.141906941
86.245,4.142858595
86.25,4.142178535
86.255,4.143642134
86.26,4.145748091
86.265,4.14409895
86.27,4.142823469
86.275,4.145184913
86.28,4.145678019
86.285,4.143503848
86.29,4.144827242
86.295,4.147879467
86.3,4.147308042
86.305,4.146303182
86.31,4.147669499
86.315,4.147619261
86.32,4.147156874
86.325,4.149802623
86.33,4.15097515
86.335,4.148255512
86.34,4.147958729
86.345,4.150731604
86.35,4.150260298
86.355,4.148234978
86.36,4.14906741
86.365,4.149171465
86.37,4.146762342
86.375,4.146539783
86.38,4.147666993
86.385,4.146457275
86.39,4.146670582
86.395,4.14939686
86.4,4.148155204
86.405,4.144020626
86.41,4.144168772
86.415,4.145949869
86.42,4.144162303
86.425,4.142464303
86.43,4.143089787
86.435,4.142013606
86.44,4.140691535
86.445,4.14249099
86.45,4.14286173
86.455,4.139998937
86.46,4.139766223
86.465,4.141302888
86.47,4.138609334
86.475,4.135500313
86.48,4.137104214
86.485,4.138336906
86.49,4.136241721
86.495,4.135284962
86.5,4.134876453
86.505,4.132450848
86.51,4.131927593
86.515,4.133784217
86.52,4.131974651
86.525,4.128175586
86.53,4.128901001
86.535,4.130895889
86.54,4.129459033
86.545,4.128971136
86.55,4.130920553
86.555,4.130269454
86.56,4.128456136
86.565,4.129012497
86.57,4.128482955
86.575,4.126324423
86.58,4.127829217
86.585,4.130576699
86.59,4.128710972
86.595,4.126604188
86.6,4.128785757
86.605,4.130158835
86.61,4.12871653
86.615,4.128891873
86.62,4.129505544
86.625,4.127940933
86.63,4.128148147
86.635,4.13079794
86.64,4.1306845
86.645,4.129607667
86.65,4.132240161
86.655,4.133976669
86.66,4.131300775
86.665,4.130193953
86.67,4.132548379
86.675,4.133138553
86.68,4.132484492
86.685,4.133286248
86.69,4.132513131
86.695,4.130528819
86.7,4.132369713
86.705,4.135024996
86.71,4.132932087
86.715,4.130488797
86.72,4.131953932
86.725,4.13258392
86.73,4.130792489
86.735,4.130873812
86.74,4.131565076
86.745,4.129990561
86.75,4.129244344
86.755,4.129867238
86.76,4.1278776
86.765,4.126164273
86.77,4.128641095
86.775,4.130200879
86.78,4.127578435
86.785,4.126098327
86.79,4.127318254
86.795,4.127102709
86.8,4.126270196
86.805,4.126772423
86.81,4.125693906
86.815,4.123191571
86.82,4.123442988
86.825,4.124472096
86.83,4.122886169
86.835,4.122443963
86.84,4.124956618
86.845,4.12526777
86.85,4.122918566
86.855,4.122517812
86.86,4.123174673
86.865,4.122574366
86.87,4.122909324
86.875,4.123661501
86.88,4.121695753
86.885,4.120220207
86.89,4.122389046
86.895,4.123595741
86.9,4.121592668
86.905,4.121074629
86.91,4.122433623
86.915,4.121960208
86.92,4.121278567
86.925,4.122584847
86.93,4.123126111
86.935,4.122543231
86.94,4.123160825
86.945,4.122788272
86.95,4.120220813
86.955,4.119972185
86.96,4.122853796
86.965,4.123728326
86.97,4.122354068
86.975,4.122402434
86.98,4.123341814
86.985,4.123854952
86.99,4.125278947
86.995,4.126371463
87,4.124750001
87.005,4.123203889
87.01,4.12408654
87.015,4.124295161
87.02,4.12305754
87.025,4.124022485
87.03,4.126359296
87.035,4.126804759
87.04,4.126901906
87.045,4.128288968
87.05,4.12892922
87.055,4.129062513
87.06,4.130204346
87.065,4.129949271
87.07,4.127604599
87.075,4.126812958
87.08,4.128149559
87.085,4.12850122
87.09,4.128251491
87.095,4.129571338
87.1,4.131074114
87.105,4.131555869
87.11,4.132539995
87.115,4.133648716
87.12,4.133745887
87.125,4.134301295
87.13,4.13523088
87.135,4.13396508
87.14,4.131735986
87.145,4.132090746
87.15,4.133684742
87.155,4.13381948
87.16,4.133252463
87.165,4.133070699
87.17,4.132690726
87.175,4.132872122
87.18,4.134125367
87.185,4.134347331
87.19,4.133036868
87.195,4.132208814
87.2,4.131602898
87.205,4.129648423
87.21,4.127940629
87.215,4.127907079
87.22,4.127999831
87.225,4.127283784
87.23,4.126670313
87.235,4.126204422
87.24,4.126141488
87.245,4.127337218
87.25,4.12848501
87.255,4.127456622
87.26,4.125668802
87.265,4.12526685
87.27,4.125264927
87.275,4.124708932
87.28,4.124335895
87.285,4.12418136
87.29,4.1236391
87.295,4.123429223
87.3,4.123673025
87.305,4.12384323
87.31,4.124575933
87.315,4.126344501
87.32,4.127334073
87.325,4.126647249
87.33,4.126421928
87.335,4.127283954
87.34,4.127756459
87.345,4.127585319
87.35,4.127091815
87.355,4.126091704
87.36,4.125774572
87.365,4.126843594
87.37,4.127755154
87.375,4.127926594
87.38,4.128874012
87.385,4.13044791
87.39,4.130807411
87.395,4.130296262
87.4,4.130492711
87.405,4.131536117
87.41,4.132913427
87.415,4.134207293
87.42,4.134316163
87.425,4.133590375
87.43,4.134275269
87.435,4.13624794
87.44,4.137030811
87.445,4.136403884
87.45,4.135813931
87.455,4.135663399
87.46,4.135863953
87.465,4.136697452
87.47,4.137655105
87.475,4.137937457
87.48,4.138197752
87.485,4.13842325
87.49,4.137720458
87.495,4.136924821
87.5,4.137555353
87.505,4.138244121
87.51,4.137473038
87.515,4.136416923
87.52,4.135855494
87.525,4.135496551
87.53,4.135736787
87.535,4.136348262
87.54,4.135794614
87.545,4.134649037
87.55,4.134609325
87.555,4.134940398
87.56,4.134322708
87.565,4.133821032
87.57,4.134015666
87.575,4.133512727
87.58,4.132377894
87.585,4.13165537
87.59,4.131014502
87.595,4.130636901
87.6,4.131552903
87.605,4.132452829
87.61,4.131623073
87.615,4.130644579
87.62,4.13117912
87.625,4.131722297
87.63,4.131512889
87.635,4.131576168
87.64,4.131569844
87.645,4.13102056
87.65,4.131404064
87.655,4.132533681
87.66,4.132539302
87.665,4.132334801
87.67,4.133151528
87.675,4.133188565
87.68,4.131802302
87.685,4.131601287
87.69,4.132946498
87.695,4.133887144
87.7,4.13445913
87.705,4.135189796
87.71,4.134873922
87.715,4.134499238
87.72,4.136093431
87.725,4.137696696
87.73,4.137443118
87.735,4.137217574
87.74,4.137915938
87.745,4.137931548
87.75,4.138025527
87.755,4.139571399
87.76,4.140701005
87.765,4.14029489
87.77,4.140292845
87.775,4.140763039
87.78,4.140337581
87.785,4.140781417
87.79,4.142846679
87.795,4.143410695
87.8,4.142164388
87.805,4.142304778
87.81,4.143473953
87.815,4.143697945
87.82,4.144183889
87.825,4.145150636
87.83,4.144535488
87.835,4.14357693
87.84,4.144257444
87.845,4.144591614
87.85,4.143425639
87.855,4.143317145
87.86,4.144117652
87.865,4.142942437
87.87,4.141200414
87.875,4.141385005
87.88,4.141922117
87.885,4.141920246
87.89,4.143170302
87.895,4.144010792
87.9,4.142529297
87.905,4.14168981
87.91,4.142891908
87.915,4.142919145
87.92,4.141477387
87.925,4.141134892
87.93,4.140484328
87.935,4.138103045
87.94,4.136902918
87.945,4.137558833
87.95,4.137120171
87.955,4.136128459
87.96,4.136336559
87.965,4.135707952
87.97,4.133713037
87.975,4.133836241
87.98,4.135394015
87.985,4.134650563
87.99,4.132957443
87.995,4.132870808
88,4.132589753
88.005,4.131548945
88.01,4.132062336
88.015,4.132907329
88.02,4.132052247
88.025,4.131513478
88.03,4.132386481
88.035,4.13228437
88.04,4.132021897
88.045,4.133844866
88.05,4.135220845
88.055,4.134154175
88.06,4.133447531
88.065,4.134062841
88.07,4.13389559
88.075,4.133843814
88.08,4.135101691
88.085,4.135385654
88.09,4.134436467
88.095,4.135439307
88.1,4.137640717
88.105,4.138272449
88.11,4.138651774
88.115,4.14004346
88.12,4.140217264
88.125,4.139318621
88.13,4.139950408
88.135,4.141112066
88.14,4.141113537
88.145,4.141614985
88.15,4.142584864
88.155,4.141642704
88.16,4.140312843
88.165,4.141050033
88.17,4.142031122
88.175,4.141803138
88.18,4.142171559
88.185,4.142849507
88.19,4.142171539
88.195,4.141840961
88.2,4.143088315
88.205,4.143608783
88.21,4.142866014
88.215,4.142842585
88.22,4.142771171
88.225,4.141611281
88.23,4.141358772
88.235,4.142467862
88.24,4.142379014
88.245,4.14099484
88.25,4.140410512
88.255,4.140177059
88.26,4.139586665
88.265,4.139793986
88.27,4.140201404
88.275,4.139031201
88.28,4.137603159
88.285,4.137598548
88.29,4.137721931
88.295,4.137454553
88.3,4.138195379
88.305,4.139049427
88.31,4.138664411
88.315,4.138456116
88.32,4.139134436
88.325,4.139382128
88.33,4.13945995
88.335,4.140201968
88.34,4.139981736
88.345,4.138550344
88.35,4.137936969
88.355,4.138165857
88.36,4.137898593
88.365,4.13783194
88.37,4.138299202
88.375,4.138018109
88.38,4.137611368
88.385,4.138539103
88.39,4.139849178
88.395,4.140513703
88.4,4.141383242
88.405,4.141969903
88.41,4.141259519
88.415,4.140682321
88.42,4.141523929
88.425,4.142306258
88.43,4.142390028
88.435,4.142877351
88.44,4.14297165
88.445,4.142025849
88.45,4.141782358
88.455,4.142373837
88.46,4.142154344
88.465,4.141489213
88.47,4.141306361
88.475,4.140412965
88.48,4.1388043
88.485,4.1385828
88.49,4.139236591
88.495,4.139050259
88.5,4.138822917
88.505,4.139216387
88.51,4.139155351
88.515,4.139358785
88.52,4.141090366
88.525,4.142385236
88.53,4.14179808
88.535,4.14113931
88.54,4.141010621
88.545,4.140222065
88.55,4.139991723
88.555,4.141271146
88.56,4.141930815
88.565,4.141377523
88.57,4.141912821
88.575,4.143077396
88.58,4.143123533
88.585,4.14362698
88.59,4.145054541
88.595,4.144704442
88.6,4.14299767
88.605,4.142862337
88.61,4.143119341
88.615,4.142307984
88.62,4.142464396
88.625,4.143490939
88.63,4.142851301
88.635,4.142099107
88.64,4.143363955
88.645,4.144076311
88.65,4.143083502
88.655,4.1431058
88.66,4.143488767
88.665,4.141624629
88.67,4.139746691
88.675,4.139603069
88.68,4.138847299
88.685,4.137595174
88.69,4.13810812
88.695,4.138376805
88.7,4.136805563
88.705,4.136609871
88.71,4.138562913
88.715,4.139076193
88.72,4.138397505
88.725,4.138702119
88.73,4.138234549
88.735,4.136747119
88.74,4.137107781
88.745,4.138534535
88.75,4.137911053
88.755,4.137179406
88.76,4.13812598
88.765,4.138109709
88.77,4.137226319
88.775,4.138405136
88.78,4.139834048
88.785,4.138777294
88.79,4.137989956
88.795,4.1388333
88.8,4.138594476
88.805,4.138306099
88.81,4.140313644
88.815,4.141651744
88.82,4.140742277
88.825,4.141120062
88.83,4.14294842
88.835,4.143076713
88.84,4.143041949
88.845,4.144606352
88.85,4.144847682
88.855,4.143283882
88.86,4.143421554
88.865,4.144427283
88.87,4.143800914
88.875,4.144043091
88.88,4.145860662
88.885,4.145669218
88.89,4.144185379
88.895,4.145293419
88.9,4.146932001
88.905,4.146586053
88.91,4.146865571
88.915,4.147805739
88.92,4.14653647
88.925,4.145084418
88.93,4.146037436
88.935,4.146121913
88.94,4.144316265
88.945,4.144016512
88.95,4.144352325
88.955,4.142512666
88.96,4.141291543
88.965,4.142496238
88.97,4.142794364
88.975,4.141927224
88.98,4.142325032
88.985,4.142171848
88.99,4.140250953
88.995,4.140182954
89,4.142042178
89.005,4.141675186
89.01,4.139984788
89.015,4.140019486
89.02,4.139750165
89.025,4.138398354
89.03,4.139140827
89.035,4.140606554
89.04,4.139253826
89.045,4.137976798
89.05,4.139135367
89.055,4.13945893
89.06,4.138870308
89.065,4.140473774
89.07,4.141971391
89.075,4.140637915
89.08,4.139943072
89.085,4.141042653
89.09,4.140690192
89.095,4.140024449
89.1,4.14155642
89.105,4.142167208
89.11,4.14087748
89.115,4.141817173
89.12,4.144382995
89.125,4.144860931
89.13,4.145130464
89.135,4.147079547
89.14,4.147175705
89.145,4.145491529
89.15,4.146071611
89.155,4.147451737
89.16,4.146787228
89.165,4.146691165
89.17,4.147770897
89.175,4.146782336
89.18,4.145365349
89.185,4.146850866
89.19,4.148464225
89.195,4.148034481
89.2,4.148673103
89.205,4.150159835
89.21,4.149440963
89.215,4.148825153
89.22,4.150606995
89.225,4.151038898
89.23,4.149478954
89.235,4.149795149
89.24,4.150623095
89.245,4.149257503
89.25,4.149072848
89.255,4.151254965
89.26,4.151506289
89.265,4.150313102
89.27,4.151093856
89.275,4.151528366
89.28,4.150288838
89.285,4.151311401
89.29,4.153849607
89.295,4.153645635
89.3,4.152672962
89.305,4.153962495
89.31,4.154464778
89.315,4.153592363
89.32,4.155079102
89.325,4.156865743
89.33,4.155490247
89.335,4.154424379
89.34,4.155750929
89.345,4.155801033
89.35,4.155000395
89.355,4.156460745
89.36,4.157306936
89.365,4.15537605
89.37,4.154964033
89.375,4.156419238
89.38,4.155750049
89.385,4.154914134
89.39,4.156544002
89.395,4.157039681
89.4,4.155529525
89.405,4.156363523
89.41,4.15816769
89.415,4.157164071
89.42,4.156108033
89.425,4.156741011
89.43,4.155387385
89.435,4.15301518
89.44,4.153887701
89.445,4.155597599
89.45,4.1548578
89.455,4.154772291
89.46,4.155784392
89.465,4.154293517
89.47,4.152719572
89.475,4.154129392
89.48,4.154693019
89.485,4.152818346
89.49,4.152578971
89.495,4.153148055
89.5,4.151472802
89.505,4.150822961
89.51,4.152792757
89.515,4.152556763
89.52,4.150174104
89.525,4.150135195
89.53,4.15086335
89.535,4.150004869
89.54,4.150853226
89.545,4.153442313
89.55,4.153082947
89.555,4.151491161
89.56,4.152327759
89.565,4.152391578
89.57,4.150197711
89.575,4.14999725
89.58,4.151044773
89.585,4.149341874
89.59,4.148011666
89.595,4.149680531
89.6,4.150240043
89.605,4.14957681
89.61,4.151300755
89.615,4.15244808
89.62,4.150420099
89.625,4.149830561
89.63,4.151914953
89.635,4.152034522
89.64,4.151027873
89.645,4.152224276
89.65,4.152475203
89.655,4.15036532
89.66,4.150411372
89.665,4.152119435
89.67,4.151352545
89.675,4.150493024
89.68,4.151792191
89.685,4.151075966
89.69,4.148621553
89.695,4.149452065
89.7,4.151296064
89.705,4.150352309
89.71,4.149664366
89.715,4.150397786
89.72,4.148958161
89.725,4.14733125
89.73,4.14920135
89.735,4.150488796
89.74,4.148716521
89.745,4.148276021
89.75,4.149087055
89.755,4.146976638
89.76,4.144930542
89.765,4.146171499
89.77,4.146287279
89.775,4.144157231
89.78,4.144221156
89.785,4.145209395
89.79,4.144193828
89.795,4.144949636
89.8,4.147937162
89.805,4.14769643
89.81,4.145300734
89.815,4.145784749
89.82,4.146540363
89.825,4.144851096
89.83,4.14472198
89.835,4.14606793
89.84,4.144746683
89.845,4.143517063
89.85,4.14552927
89.855,4.146431905
89.86,4.145332153
89.865,4.146797142
89.87,4.148573107
89.875,4.146347844
89.88,4.14455795
89.885,4.145939392
89.89,4.145861536
89.895,4.144435826
89.9,4.145333958
89.905,4.145408828
89.91,4.142854139
89.915,4.14296586
89.92,4.145743259
89.925,4.145848866
89.93,4.145338761
89.935,4.147754082
89.94,4.14869458
89.945,4.146908671
89.95,4.147288679
89.955,4.148747144
89.96,4.147162997
89.965,4.145916158
89.97,4.147019185
89.975,4.14582952
89.98,4.143897635
89.985,4.146503293
89.99,4.149636435
89.995,4.148687778
90,4.148271735
90.005,4.14982787
90.01,4.148774267
90.015,4.146964437
90.02,4.148034896
90.025,4.14765872
90.03,4.144561661
90.035,4.144374406
90.04,4.145975702
90.045,4.144618961
90.05,4.144016703
90.055,4.146914317
90.06,4.147619275
90.065,4.145431221
90.07,4.14552775
90.075,4.146333819
90.08,4.144833015
90.085,4.145019414
90.09,4.147013594
90.095,4.145370609
90.1,4.142580163
90.105,4.143918468
90.11,4.145076481
90.115,4.143271854
90.12,4.143955959
90.125,4.146643682
90.13,4.146040463
90.135,4.145327442
90.14,4.147921409
90.145,4.148536893
90.15,4.146646565
90.155,4.147477874
90.16,4.148250894
90.165,4.145045437
90.17,4.143616907
90.175,4.146335418
90.18,4.147063588
90.185,4.146099467
90.19,4.148011425
90.195,4.149320617
90.2,4.147522484
90.205,4.148048244
90.21,4.150304505
90.215,4.148613717
90.22,4.146410193
90.225,4.147803043
90.23,4.147473889
90.235,4.144628444
90.24,4.14569347
90.245,4.148562157
90.25,4.147480127
90.255,4.146279903
90.26,4.147699341
90.265,4.146976477
90.27,4.145543568
90.275,4.148193545
90.28,4.150193033
90.285,4.147694832
90.29,4.146811633
90.295,4.148584443
90.3,4.147205328
90.305,4.145145865
90.31,4.146951641
90.315,4.147517617
90.32,4.144894142
90.325,4.14525796
90.33,4.147473253
90.335,4.146613932
90.34,4.146796906
90.345,4.149927822
90.35,4.149136564
90.355,4.14536084
90.36,4.145755254
90.365,4.147430128
90.37,4.145740272
90.375,4.145523432
90.38,4.147707495
90.385,4.146560103
90.39,4.144808514
90.395,4.147375575
90.4,4.149075177
90.405,4.147244633
90.41,4.148109418
90.415,4.150473666
90.42,4.148275503
90.425,4.146237099
90.43,4.148847135
90.435,4.149825284
90.44,4.147760854
90.445,4.148423969
90.45,4.149258508
90.455,4.146463088
90.46,4.146094967
90.465,4.149365414
90.47,4.14886765
90.475,4.146411735
90.48,4.14815807
90.485,4.149315939
90.49,4.146414098
90.495,4.14625107
90.5,4.148843847
90.505,4.147610696
90.51,4.145741613
90.515,4.147682391
90.52,4.148183877
90.525,4.146670339
90.53,4.149592148
90.535,4.15307055
90.54,4.150692324
90.545,4.14854633
90.55,4.150592084
90.555,4.150188955
90.56,4.147957632
90.565,4.149707847
90.57,4.150896074
90.575,4.148173116
90.58,4.148471995
90.585,4.151905226
90.59,4.15136969
90.595,4.150435697
90.6,4.153911776
90.605,4.154687481
90.61,4.150542081
90.615,4.150104969
90.62,4.152719953
90.625,4.151584881
90.63,4.15046807
90.635,4.152627434
90.64,4.151913437
90.645,4.149516343
90.65,4.15251281
90.655,4.155783676
90.66,4.153611502
90.665,4.153131709
90.67,4.156395723
90.675,4.155629463
90.68,4.153025625
90.685,4.155087475
90.69,4.156592365
90.695,4.153999972
90.7,4.153803134
90.705,4.155132864
90.71,4.15215674
90.715,4.150664124
90.72,4.155003343
90.725,4.15664006
90.73,4.153687696
90.735,4.154198361
90.74,4.156040396
90.745,4.153447648
90.75,4.151980378
90.755,4.154073589
90.76,4.152574557
90.765,4.149365153
90.77,4.150880653
90.775,4.151810285
90.78,4.148737625
90.785,4.149350724
90.79,4.15316964
90.795,4.151549645
90.8,4.14816287
90.805,4.149423561
90.81,4.149743463
90.815,4.146825951
90.82,4.147091014
90.825,4.147981369
90.83,4.143910716
90.835,4.141664096
90.84,4.144681525
90.845,4.144546924
90.85,4.141504124
90.855,4.143318673
90.86,4.145648237
90.865,4.142932714
90.87,4.142043482
90.875,4.14485541
90.88,4.144028842
90.885,4.142128286
90.89,4.144279048
90.895,4.143985226
90.9,4.139565933
90.905,4.14018784
90.91,4.144435879
90.915,4.143603413
90.92,4.141979234
90.925,4.144842052
90.93,4.145663196
90.935,4.143637949
90.94,4.145711638
90.945,4.148047413
90.95,4.145286816
90.955,4.144299903
90.96,4.14707709
90.965,4.145559117
90.97,4.142570856
90.975,4.145850166
90.98,4.149074162
90.985,4.146992431
90.99,4.146637767
90.995,4.148859
91,4.14741627
91.005,4.146349072
91.01,4.149685221
91.015,4.149948199
91.02,4.146363198
91.025,4.147306296
91.03,4.149790285
91.035,4.14727399
91.04,4.146111817
91.045,4.149556143
91.05,4.149499242
91.055,4.146456031
91.06,4.147895636
91.065,4.149775826
91.07,4.148163647
91.075,4.149558618
91.08,4.152796763
91.085,4.149898811
91.09,4.146098669
91.095,4.148439745
91.1,4.149884949
91.105,4.147193653
91.11,4.147822373
91.115,4.15048531
91.12,4.149078774
91.125,4.14850555
91.13,4.151642562
91.135,4.15130652
91.14,4.148424211
91.145,4.150147557
91.15,4.151334169
91.155,4.147131142
91.16,4.145864567
91.165,4.149652583
91.17,4.149844969
91.175,4.147745755
91.18,4.149463223
91.185,4.149820468
91.19,4.146815818
91.195,4.147930571
91.2,4.150976893
91.205,4.14859219
91.21,4.146604202
91.215,4.149782187
91.22,4.15010145
91.225,4.146783736
91.23,4.148044779
91.235,4.150557274
91.24,4.148069578
91.245,4.146531615
91.25,4.14821577
91.255,4.146755216
91.26,4.145144533
91.265,4.148944719
91.27,4.150648812
91.275,4.146694699
91.28,4.146164253
91.285,4.149323385
91.29,4.148060352
91.295,4.146055664
91.3,4.148452118
91.305,4.148681468
91.31,4.145615323
91.315,4.146479729
91.32,4.148303234
91.325,4.145853311
91.33,4.145933749
91.335,4.150188794
91.34,4.149330273
91.345,4.144972299
91.35,4.146098053
91.355,4.148538364
91.36,4.146813508
91.365,4.146654655
91.37,4.148596554
91.375,4.146438353
91.38,4.144624036
91.385,4.148118918
91.39,4.149034933
91.395,4.145583319
91.4,4.146483251
91.405,4.149512821
91.41,4.147123003
91.415,4.144982476
91.42,4.147572765
91.425,4.147723015
91.43,4.145098642
91.435,4.145924277
91.44,4.145981892
91.445,4.141818924
91.45,4.141826514
91.455,4.146284453
91.46,4.145542467
91.465,4.142437684
91.47,4.144603457
91.475,4.146358308
91.48,4.14403346
91.485,4.144704619
91.49,4.147542004
91.495,4.145903833
91.5,4.14440464
91.505,4.146775726
91.51,4.146213674
91.515,4.143594882
91.52,4.146600279
91.525,4.150245141
91.53,4.14724825
91.535,4.144651412
91.54,4.146542167
91.545,4.146155645
91.55,4.144292182
91.555,4.146079164
91.56,4.146073106
91.565,4.141983707
91.57,4.141943675
91.575,4.14486929
91.58,4.142875524
91.585,4.140681219
91.59,4.143946543
91.595,4.145093942
91.6,4.141815413
91.605,4.141952298
91.61,4.144051639
91.615,4.14238141
91.62,4.141571134
91.625,4.143093392
91.63,4.140285497
91.635,4.136415234
91.64,4.138882351
91.645,4.141506474
91.65,4.138783477
91.655,4.138136313
91.66,4.140964567
91.665,4.140230796
91.67,4.138773662
91.675,4.14153382
91.68,4.142552823
91.685,4.140135135
91.69,4.140993035
91.695,4.142461982
91.7,4.13908841
91.705,4.137787441
91.71,4.141998207
91.715,4.143075071
91.72,4.140290125
91.725,4.141052415
91.73,4.142794318
91.735,4.141207084
91.74,4.141708423
91.745,4.144370667
91.75,4.142642089
91.755,4.140335585
91.76,4.143050713
91.765,4.144051844
91.77,4.141036641
91.775,4.142289847
91.78,4.146361603
91.785,4.145539944
91.79,4.143771283
91.795,4.145958648
91.8,4.146695595
91.805,4.14589185
91.81,4.1485128
91.815,4.149532444
91.82,4.145227668
91.825,4.144032846
91.83,4.147757947
91.835,4.147779301
91.84,4.145768251
91.845,4.148066257
91.85,4.149607298
91.855,4.147298389
91.86,4.147824987
91.865,4.150487144
91.87,4.149463376
91.875,4.149113291
91.88,4.15228253
91.885,4.151288186
91.89,4.14697922
91.895,4.148526707
91.9,4.152293051
91.905,4.150785857
91.91,4.149232036
91.915,4.150906935
91.92,4.149888485
91.925,4.148006041
91.93,4.150594526
91.935,4.15169023
91.94,4.148239944
91.945,4.148341857
91.95,4.151252064
91.955,4.149099749
91.96,4.146491525
91.965,4.149606541
91.97,4.151339764
91.975,4.148660514
91.98,4.148387058
91.985,4.149074105
91.99,4.146527562
91.995,4.146491379
92,4.150041049
92.005,4.14849679
92.01,4.144134035
92.015,4.145475226
92.02,4.147600887
92.025,4.145056013
92.03,4.144810983
92.035,4.148257445
92.04,4.147918107
92.045,4.146399568
92.05,4.148873365
92.055,4.149803381
92.06,4.148038715
92.065,4.150832267
92.07,4.154528982
92.075,4.151516758
92.08,4.148931977
92.085,4.152804555
92.09,4.155322715
92.095,4.154241224
92.1,4.155832626
92.105,4.157336567
92.11,4.155029615
92.115,4.155771697
92.12,4.159876059
92.125,4.159105912
92.13,4.157021583
92.135,4.160257838
92.14,4.161793624
92.145,4.157877042
92.15,4.157658873
92.155,4.161643987
92.16,4.16179809
92.165,4.160830429
92.17,4.162727274
92.175,4.161758753
92.18,4.158717083
92.185,4.161107168
92.19,4.163985805
92.195,4.160569847
92.2,4.158144473
92.205,4.160584219
92.21,4.159759818
92.215,4.156172014
92.22,4.157057141
92.225,4.158399247
92.23,4.155882313
92.235,4.155363484
92.24,4.156857216
92.245,4.154329665
92.25,4.152831266
92.255,4.156973172
92.26,4.158032412
92.265,4.153527133
92.27,4.152796744
92.275,4.155426207
92.28,4.154499567
92.285,4.153614881
92.29,4.155737643
92.295,4.154795466
92.3,4.152234318
92.305,4.154522981
92.31,4.156520782
92.315,4.153750703
92.32,4.153930881
92.325,4.157940365
92.33,4.156919351
92.335,4.15334925
92.34,4.154728358
92.345,4.156834847
92.35,4.155899006
92.355,4.156955769
92.36,4.158285746
92.365,4.155290279
92.37,4.154294018
92.375,4.158618492
92.38,4.159757158
92.385,4.156386123
92.39,4.156741755
92.395,4.158473835
92.4,4.155834294
92.405,4.15412246
92.41,4.155930492
92.415,4.155381517
92.42,4.153745933
92.425,4.155525794
92.43,4.15539521
92.435,4.151764456
92.44,4.152862877
92.445,4.157411835
92.45,4.156275386
92.455,4.152627939
92.46,4.153241134
92.465,4.153730458
92.47,4.151933823
92.475,4.152780057
92.48,4.153658362
92.485,4.150456133
92.49,4.14925622
92.495,4.151992968
92.5,4.151216633
92.505,4.148720448
92.51,4.15171013
92.515,4.155080292
92.52,4.15304249
92.525,4.151444253
92.53,4.152665971
92.535,4.15191171
92.54,4.151701981
92.545,4.154338877
92.55,4.153445181
92.555,4.149332422
92.56,4.150358882
92.565,4.154019998
92.57,4.152799435
92.575,4.151033614
92.58,4.152957468
92.585,4.153033875
92.59,4.150791788
92.595,4.151927085
92.6,4.153527787
92.605,4.152310637
92.61,4.153460429
92.615,4.156181178
92.62,4.153805085
92.625,4.150775621
92.63,4.153729518
92.635,4.156383441
92.64,4.154319455
92.645,4.15331428
92.65,4.154112583
92.655,4.152670788
92.66,4.152225045
92.665,4.154537031
92.67,4.153614845
92.675,4.150295008
92.68,4.151057879
92.685,4.152219704
92.69,4.148946769
92.695,4.147444119
92.7,4.150414427
92.705,4.150853369
92.71,4.148431732
92.715,4.148166686
92.72,4.147511464
92.725,4.145299461
92.73,4.146541541
92.735,4.14877903
92.74,4.145700568
92.745,4.142657674
92.75,4.145178884
92.755,4.147013751
92.76,4.145628821
92.765,4.146583542
92.77,4.148543949
92.775,4.14716467
92.78,4.146395119
92.785,4.147644567
92.79,4.146091052
92.795,4.144227021
92.8,4.146833404
92.805,4.148057858
92.81,4.144182072
92.815,4.142811365
92.82,4.145696976
92.825,4.146135838
92.83,4.144954951
92.835,4.145641372
92.84,4.144527054
92.845,4.141825351
92.85,4.142939758
92.855,4.144638249
92.86,4.141932417
92.865,4.140369021
92.87,4.142676725
92.875,4.14212419
92.88,4.139060022
92.885,4.140291426
92.89,4.143019918
92.895,4.142415218
92.9,4.142299963
92.905,4.143226275
92.91,4.141018903
92.915,4.139614751
92.92,4.14275332
92.925,4.143459882
92.93,4.139597897
92.935,4.138683117
92.94,4.14053105
92.945,4.139264582
92.95,4.138144821
92.955,4.140368302
92.96,4.140997353
92.965,4.1396235
92.97,4.140538888
92.975,4.140668159
92.98,4.137509883
92.985,4.137415409
92.99,4.140349351
92.995,4.138673475
93,4.13438807
93.005,4.134557408
93.01,4.136120832
93.015,4.135390634
93.02,4.13615735
93.025,4.137539335
93.03,4.13547017
93.035,4.134318074
93.04,4.137078001
93.045,4.137521444
93.05,4.135048479
93.055,4.135937735
93.06,4.137656515
93.065,4.134994784
93.07,4.13282877
93.075,4.134402123
93.08,4.134933551
93.085,4.13455695
93.09,4.136792494
93.095,4.137534399
93.1,4.135254066
93.105,4.136423932
93.11,4.140203785
93.115,4.13962661
93.12,4.137295492
93.125,4.138316393
93.13,4.13839888
93.135,4.136078843
93.14,4.136644542
93.145,4.138882143
93.15,4.138463446
93.155,4.13863903
93.16,4.140798454
93.165,4.139607225
93.17,4.137053623
93.175,4.139368998
93.18,4.142202516
93.185,4.140185279
93.19,4.138340249
93.195,4.138963419
93.2,4.137928203
93.205,4.136712661
93.21,4.138169578
93.215,4.137739357
93.22,4.134551088
93.225,4.134555027
93.23,4.136479332
93.235,4.135444763
93.24,4.135112281
93.245,4.13834053
93.25,4.139260428
93.255,4.136804611
93.26,4.136297689
93.265,4.136856425
93.27,4.135774379
93.275,4.136393589
93.28,4.138158662
93.285,4.135980723
93.29,4.133011131
93.295,4.134571686
93.3,4.136407921
93.305,4.135022303
93.31,4.134816352
93.315,4.135892593
93.32,4.134298873
93.325,4.132753039
93.33,4.134148017
93.335,4.134445319
93.34,4.133441756
93.345,4.135082278
93.35,4.136181092
93.355,4.133494287
93.36,4.132446126
93.365,4.135175017
93.37,4.136028491
93.375,4.134745433
93.38,4.135241721
93.385,4.13545124
93.39,4.133839958
93.395,4.134394398
93.4,4.135918069
93.405,4.134030053
93.41,4.131973083
93.415,4.13297384
93.42,4.132659676
93.425,4.13033627
93.43,4.131093822
93.435,4.133326828
93.44,4.132501441
93.445,4.131057853
93.45,4.131055898
93.455,4.129786204
93.46,4.128861117
93.465,4.131040141
93.47,4.131862095
93.475,4.128920441
93.48,4.127776134
93.485,4.129368983
93.49,4.128965344
93.495,4.128111351
93.5,4.129511376
93.505,4.129659886
93.51,4.127893925
93.515,4.128149201
93.52,4.129021632
93.525,4.127984498
93.53,4.128784254
93.535,4.131813484
93.54,4.131541498
93.545,4.129146283
93.55,4.129885242
93.555,4.131719748
93.56,4.131487829
93.565,4.131691484
93.57,4.132290813
93.575,4.130462816
93.58,4.129156417
93.585,4.130773165
93.59,4.131013074
93.595,4.129001532
93.6,4.129367776
93.605,4.130529546
93.61,4.128543262
93.615,4.126974932
93.62,4.128520507
93.625,4.129438095
93.63,4.129145064
93.635,4.130143451
93.64,4.129854901
93.645,4.127432149
93.65,4.127791576
93.655,4.130184241
93.66,4.129010092
93.665,4.126479402
93.67,4.127126236
93.675,4.127880024
93.68,4.126909854
93.685,4.127870571
93.69,4.129740281
93.695,4.129158652
93.7,4.128627739
93.705,4.129203926
93.71,4.127135279
93.715,4.124494505
93.72,4.126152742
93.725,4.128129106
93.73,4.126029572
93.735,4.124027735
93.74,4.124712528
93.745,4.124762348
93.75,4.124612271
93.755,4.125977892
93.76,4.125465105
93.765,4.122971023
93.77,4.123380552
93.775,4.125050041
93.78,4.123538674
93.785,4.122296615
93.79,4.124107719
93.795,4.124434922
93.8,4.122117048
93.805,4.121753599
93.81,4.12289316
93.815,4.123075152
93.82,4.12428031
93.825,4.125782712
93.83,4.123895776
93.835,4.1218175
93.84,4.124138876
93.845,4.126481058
93.85,4.125424933
93.855,4.125136684
93.86,4.126706396
93.865,4.126722785
93.87,4.126726262
93.875,4.128721914
93.88,4.129410611
93.885,4.128809977
93.89,4.130227801
93.895,4.130998961
93.9,4.128451247
93.905,4.127755057
93.91,4.131192489
93.915,4.133137013
93.92,4.132295869
93.925,4.132442628
93.93,4.132909614
93.935,4.132648728
93.94,4.134103238
93.945,4.136036531
93.95,4.13463287
93.955,4.133020868
93.96,4.134525619
93.965,4.134930131
93.97,4.133057411
93.975,4.133435282
93.98,4.135518705
93.985,4.135004482
93.99,4.133484891
93.995,4.133160729
94,4.132364743
94.005,4.132094446
94.01,4.134133192
94.015,4.134609874
94.02,4.131687086
94.025,4.130502018
94.03,4.132402974
94.035,4.132859744
94.04,4.131554347
94.045,4.131406475
94.05,4.131136598
94.055,4.129992373
94.06,4.130132298
94.065,4.130581992
94.07,4.129767576
94.075,4.130369955
94.08,4.132538385
94.085,4.131913742
94.09,4.129146786
94.095,4.129154452
94.1,4.131151754
94.105,4.131601286
94.11,4.13121674
94.115,4.130790833
94.12,4.129726178
94.125,4.12988879
94.13,4.132018792
94.135,4.132457896
94.14,4.13078545
94.145,4.130728833
94.15,4.13168652
94.155,4.130773397
94.16,4.129927784
94.165,4.131310733
94.17,4.132843247
94.175,4.133595355
94.18,4.134202367
94.185,4.133734417
94.19,4.132830247
94.195,4.134407672
94.2,4.13691469
94.205,4.136537739
94.21,4.134914397
94.215,4.135136164
94.22,4.13578206
94.225,4.135347226
94.23,4.135262395
94.235,4.135363866
94.24,4.134904519
94.245,4.13522921
94.25,4.135963991
94.255,4.135308227
94.26,4.135288026
94.265,4.137789914
94.27,4.139327706
94.275,4.137767451
94.28,4.136151952
94.285,4.136050467
94.29,4.136401638
94.295,4.137228303
94.3,4.137818134
94.305,4.136574768
94.31,4.135469718
94.315,4.136852384
94.32,4.137843982
94.325,4.136717193
94.33,4.136580929
94.335,4.137965344
94.34,4.137903741
94.345,4.136791398
94.35,4.13650257
94.355,4.136426815
94.36,4.136723339
94.365,4.137872089
94.37,4.137240446
94.375,4.134173486
94.38,4.133131847
94.385,4.134927476
94.39,4.135413278
94.395,4.134111057
94.4,4.133749404
94.405,4.133750004
94.41,4.133170449
94.415,4.13346029
94.42,4.133563174
94.425,4.132061259
94.43,4.131806741
94.435,4.133399196
94.44,4.132775086
94.445,4.130757155
94.45,4.131935301
94.455,4.134527564
94.46,4.134445138
94.465,4.133242065
94.47,4.132499014
94.475,4.131123914
94.48,4.130748609
94.485,4.132385317
94.49,4.132183679
94.495,4.130044403
94.5,4.130784212
94.505,4.133117604
94.51,4.132667728
94.515,4.131878164
94.52,4.133456706
94.525,4.134061046
94.53,4.132837651
94.535,4.132423134
94.54,4.13176029
94.545,4.130274491
94.55,4.131656755
94.555,4.134312838
94.56,4.132881501
94.565,4.130298896
94.57,4.131880772
94.575,4.134253058
94.58,4.133768539
94.585,4.133851372
94.59,4.134915209
94.595,4.134180746
94.6,4.133856893
94.605,4.135226812
94.61,4.134396492
94.615,4.132350897
94.62,4.133875323
94.625,4.135187098
94.63,4.132084088
94.635,4.130206399
94.64,4.13256041
94.645,4.133868657
94.65,4.133410076
94.655,4.134287463
94.66,4.133995858
94.665,4.13189204
94.67,4.132908642
94.675,4.135217783
94.68,4.133335364
94.685,4.131311582
94.69,4.133154931
94.695,4.133315977
94.7,4.130224276
94.705,4.129971207
94.71,4.132023946
94.715,4.1316804
94.72,4.131105489
94.725,4.131547793
94.73,4.129353601
94.735,4.127625901
94.74,4.130859717
94.745,4.133226964
94.75,4.130607594
94.755,4.129722708
94.76,4.132624556
94.765,4.133147477
94.77,4.132114891
94.775,4.13333601
94.78,4.133394216
94.785,4.131307203
94.79,4.131903385
94.795,4.132775787
94.8,4.129829199
94.805,4.128920132
94.81,4.132518668
94.815,4.132622514
94.82,4.128656104
94.825,4.128506797
94.83,4.130805787
94.835,4.130866945
94.84,4.1316846
94.845,4.133340702
94.85,4.131320815
94.855,4.129529134
94.86,4.132321091
94.865,4.133230182
94.87,4.129941571
94.875,4.130034961
94.88,4.133082138
94.885,4.132082352
94.89,4.130075396
94.895,4.13192058
94.9,4.133158577
94.905,4.132436209
94.91,4.133767369
94.915,4.133805662
94.92,4.12983193
94.925,4.129166639
94.93,4.133142652
94.935,4.1329634
94.94,4.129605751
94.945,4.130535933
94.95,4.132446253
94.955,4.130983623
94.96,4.130839976
94.965,4.132430206
94.97,4.131160324
94.975,4.130595541
94.98,4.133380831
94.985,4.132949494
94.99,4.129517789
94.995,4.131314275
95,4.135163773
95.005,4.133254104
95.01,4.13012678
95.015,4.130717977
95.02,4.130721342
95.025,4.1300904
95.03,4.13257646
95.035,4.133400337
95.04,4.13025244
95.045,4.13067507
95.05,4.134364735
95.055,4.133016205
95.06,4.1300553
95.065,4.13225838
95.07,4.133675895
95.075,4.130650308
95.08,4.129644938
95.085,4.130752625
95.09,4.129528958
95.095,4.129751295
95.1,4.132280492
95.105,4.1298563
95.11,4.125132517
95.115,4.126592159
95.12,4.12917678
95.125,4.126263494
95.13,4.123969709
95.135,4.125462148
95.14,4.124610276
95.145,4.122618745
95.15,4.123956224
95.155,4.1240354
95.16,4.121637137
95.165,4.123081662
95.17,4.125529951
95.175,4.122069923
95.18,4.119271572
95.185,4.122843258
95.19,4.124845961
95.195,4.122116553
95.2,4.121430225
95.205,4.122052006
95.21,4.120155729
95.215,4.120461478
95.22,4.123131903
95.225,4.121285417
95.23,4.118431949
95.235,4.121346717
95.24,4.123303705
95.245,4.119845351
95.25,4.11933445
95.255,4.122977089
95.26,4.122929284
95.265,4.120907788
95.27,4.121495109
95.275,4.120538986
95.28,4.11884485
95.285,4.122303061
95.29,4.125108735
95.295,4.121212942
95.3,4.119165152
95.305,4.123159413
95.31,4.12430651
95.315,4.121775903
95.32,4.122645517
95.325,4.123908262
95.33,4.121858546
95.335,4.121924751
95.34,4.123822299
95.345,4.121784336
95.35,4.120770259
95.355,4.124983924
95.36,4.125484074
95.365,4.120455782
95.37,4.120050947
95.375,4.123622008
95.38,4.122920104
95.385,4.121275544
95.39,4.122259584
95.395,4.120843742
95.4,4.118936222
95.405,4.121747632
95.41,4.122917609
95.415,4.118653553
95.42,4.11815618
95.425,4.122137973
95.43,4.120943065
95.435,4.117094257
95.44,4.118605484
95.445,4.120450797
95.45,4.118376141
95.455,4.117870133
95.46,4.117699463
95.465,4.113713216
95.47,4.112700613
95.475,4.116954484
95.48,4.116555156
95.485,4.111836466
95.49,4.112735485
95.495,4.115897463
95.5,4.11394204
95.505,4.112403075
95.51,4.114036412
95.515,4.112730943
95.52,4.110522471
95.525,4.112244815
95.53,4.111704526
95.535,4.107540761
95.54,4.10888488
95.545,4.113228774
95.55,4.110579914
95.555,4.106190795
95.56,4.107945795
95.565,4.109484202
95.57,4.107987639
95.575,4.109334493
95.58,4.110649455
95.585,4.107765586
95.59,4.108022989
95.595,4.112170062
95.6,4.110796285
95.605,4.106979017
95.61,4.109534407
95.615,4.112270502
95.62,4.109172177
95.625,4.108072311
95.63,4.110905221
95.635,4.111020089
95.64,4.110780727
95.645,4.113179603
95.65,4.111501371
95.655,4.106946196
95.66,4.108854448
95.665,4.112553941
95.67,4.109263102
95.675,4.106427533
95.68,4.109780889
95.685,4.111058693
95.69,4.109138666
95.695,4.110710797
95.7,4.112203017
95.705,4.110108595
95.71,4.111282051
95.715,4.114426948
95.72,4.111343698
95.725,4.108255231
95.73,4.112577603
95.735,4.115071281
95.74,4.111082196
95.745,4.109769437
95.75,4.111779714
95.755,4.11061777
95.76,4.110450362
95.765,4.113778974
95.77,4.113009456
95.775,4.110320147
95.78,4.113688238
95.785,4.116708533
95.79,4.113111175
95.795,4.112232415
95.8,4.116845586
95.805,4.116825681
95.81,4.113265723
95.815,4.114063073
95.82,4.115132312
95.825,4.113835406
95.83,4.116384669
95.835,4.119366526
95.84,4.115694499
95.845,4.11327107
95.85,4.117680658
95.855,4.118669566
95.86,4.114044478
95.865,4.113613113
95.87,4.115521771
95.875,4.112874017
95.88,4.11126417
95.885,4.113113576
95.89,4.111358123
95.895,4.109076927
95.9,4.112389308
95.905,4.113315991
95.91,4.108337148
95.915,4.108554593
95.92,4.11420335
95.925,4.114483176
95.93,4.11206101
95.935,4.113959945
95.94,4.114771786
95.945,4.112893011
95.95,4.115025536
95.955,4.117184973
95.96,4.113611879
95.965,4.112843782
95.97,4.117906365
95.975,4.118137149
95.98,4.114429093
95.985,4.116947599
95.99,4.121183212
95.995,4.119655186
96,4.118906229
96.005,4.120861984
96.01,4.119148897
96.015,4.118243865
96.02,4.122924273
96.025,4.123929163
96.03,4.119161585
96.035,4.120053897
96.04,4.124930269
96.045,4.123548803
96.05,4.120974136
96.055,4.123510262
96.06,4.124003603
96.065,4.121460711
96.07,4.122973713
96.075,4.124574445
96.08,4.121838744
96.085,4.122813226
96.09,4.127648876
96.095,4.125643375
96.1,4.120782915
96.105,4.123117502
96.11,4.126352154
96.115,4.124088676
96.12,4.123400327
96.125,4.125201939
96.13,4.123253409
96.135,4.122380633
96.14,4.126185976
96.145,4.125970846
96.15,4.12201291
96.155,4.124039583
96.16,4.127542929
96.165,4.124175977
96.17,4.121523333
96.175,4.124928072
96.18,4.126090979
96.185,4.124238334
96.19,4.125540425
96.195,4.125673799
96.2,4.1222148
96.205,4.123549638
96.21,4.128012857
96.215,4.125914502
96.22,4.122560928
96.225,4.125973159
96.23,4.128290956
96.235,4.12507994
96.24,4.124831974
96.245,4.127283133
96.25,4.126063008
96.255,4.125530799
96.26,4.128456961
96.265,4.127720524
96.27,4.125470753
96.275,4.129844414
96.28,4.133834824
96.285,4.130336044
96.29,4.128259993
96.295,4.131502785
96.3,4.131661401
96.305,4.129585864
96.31,4.131242865
96.315,4.131664128
96.32,4.128933678
96.325,4.130434658
96.33,4.133661453
96.335,4.131147155
96.34,4.129288575
96.345,4.133267759
96.35,4.134349132
96.355,4.130678303
96.36,4.131154468
96.365,4.134292174
96.37,4.133773325
96.375,4.133830818
96.38,4.135758377
96.385,4.133342483
96.39,4.13053728
96.395,4.133828319
96.4,4.136106477
96.405,4.132827809
96.41,4.132929283
96.415,4.137519617
96.42,4.138068254
96.425,4.137018889
96.43,4.139684526
96.435,4.140667458
96.44,4.138532793
96.445,4.139578331
96.45,4.14057566
96.455,4.136604769
96.46,4.135379037
96.465,4.139832375
96.47,4.140327211
96.475,4.136759996
96.48,4.137489798
96.485,4.139598673
96.49,4.138348216
96.495,4.138686466
96.5,4.140810542
96.505,4.138919659
96.51,4.1372651
96.515,4.140509228
96.52,4.141289515
96.525,4.137714425
96.53,4.138234885
96.535,4.141389772
96.54,4.139359228
96.545,4.136218381
96.55,4.137296168
96.555,4.137738313
96.56,4.137075972
96.565,4.139828386
96.57,4.141309651
96.575,4.138111489
96.58,4.138017524
96.585,4.141983283
96.59,4.141142201
96.595,4.137767471
96.6,4.139195431
96.605,4.14079219
96.61,4.138656416
96.615,4.138736117
96.62,4.140727485
96.625,4.139630485
96.63,4.139713135
96.635,4.14301243
96.64,4.142253921
96.645,4.138349559
96.65,4.139934949
96.655,4.14319947
96.66,4.141050889
96.665,4.138895769
96.67,4.140321775
96.675,4.140083957
96.68,4.138999258
96.685,4.141190471
96.69,4.141737128
96.695,4.138895542
96.7,4.140117941
96.705,4.14385727
96.71,4.142148369
96.715,4.139495773
96.72,4.142055875
96.725,4.143601377
96.73,4.141049306
96.735,4.14073661
96.74,4.142110456
96.745,4.141135564
96.75,4.142266168
96.755,4.146164664
96.76,4.145522
96.765,4.142626064
96.77,4.144954758
96.775,4.147463491
96.78,4.144592237
96.785,4.142901301
96.79,4.14468799
96.795,4.14364053
96.8,4.1416787
96.805,4.143244208
96.81,4.143666658
96.815,4.142210182
96.82,4.14472712
96.825,4.147556056
96.83,4.144253631
96.835,4.141460377
96.84,4.14409707
96.845,4.1449585
96.85,4.142225334
96.855,4.142132925
96.86,4.143148656
96.865,4.141903819
96.87,4.142979537
96.875,4.14623929
96.88,4.145584462
96.885,4.144425861
96.89,4.148271525
96.895,4.150617129
96.9,4.147828236
96.905,4.147601048
96.91,4.15085891
96.915,4.150739233
96.92,4.14911858
96.925,4.150010849
96.93,4.149420702
96.935,4.147801949
96.94,4.150682044
96.945,4.153644072
96.95,4.151335452
96.955,4.150503544
96.96,4.15433884
96.965,4.155179438
96.97,4.152579538
96.975,4.153101377
96.98,4.154407855
96.985,4.152852501
96.99,4.152796025
96.995,4.154422009
97,4.153210852
97.005,4.153127475
97.01,4.157724478
97.015,4.159805828
97.02,4.157244766
97.025,4.15758764
97.03,4.160668019
97.035,4.160109619
97.04,4.158588924
97.045,4.159558748
97.05,4.15919536
97.055,4.157857586
97.06,4.15942956
97.065,4.160107689
97.07,4.15723033
97.075,4.157390218
97.08,4.161243404
97.085,4.16125602
97.09,4.15871255
97.095,4.160087538
97.1,4.162407713
97.105,4.161937662
97.11,4.162082753
97.115,4.162493289
97.12,4.160126484
97.125,4.159341469
97.13,4.162212496
97.135,4.162133155
97.14,4.159030023
97.145,4.160085157
97.15,4.163342408
97.155,4.162986028
97.16,4.162381216
97.165,4.164459895
97.17,4.165330881
97.175,4.165131454
97.18,4.166584235
97.185,4.166158967
97.19,4.163165336
97.195,4.163743206
97.2,4.166953828
97.205,4.165897438
97.21,4.163153479
97.215,4.164388998
97.22,4.16609142
97.225,4.165548837
97.23,4.166160069
97.235,4.167254766
97.24,4.166119308
97.245,4.166074464
97.25,4.167665464
97.255,4.165944778
97.26,4.163048116
97.265,4.164643578
97.27,4.166932492
97.275,4.165119846
97.28,4.163494893
97.285,4.164707348
97.29,4.16543394
97.295,4.1658314
97.3,4.167324681
97.305,4.166649661
97.31,4.164262096
97.315,4.165270396
97.32,4.167056299
97.325,4.164323881
97.33,4.161577415
97.335,4.162760461
97.34,4.16307126
97.345,4.160909366
97.35,4.160380011
97.355,4.160893429
97.36,4.160694074
97.365,4.162212928
97.37,4.163618586
97.375,4.160877389
97.38,4.158241106
97.385,4.160375237
97.39,4.162072687
97.395,4.159781644
97.4,4.15829344
97.405,4.159095818
97.41,4.158864787
97.415,4.158715562
97.42,4.159885995
97.425,4.159245604
97.43,4.158208156
97.435,4.16041985
97.44,4.161989507
97.445,4.159469197
97.45,4.158297455
97.455,4.160885321
97.46,4.161635915
97.465,4.159711737
97.47,4.159101133
97.475,4.159289561
97.48,4.159550684
97.485,4.161861693
97.49,4.163723461
97.495,4.162110544
97.5,4.161578501
97.505,4.164965043
97.51,4.166389315
97.515,4.164190421
97.52,4.164005944
97.525,4.165851021
97.53,4.16571691
97.535,4.164995297
97.54,4.164904009
97.545,4.16370506
97.55,4.163794735
97.555,4.16696582
97.56,4.167802941
97.565,4.164656335
97.57,4.164168632
97.575,4.167152771
97.58,4.167990145
97.585,4.166750872
97.59,4.166631696
97.595,4.166412785
97.6,4.165898232
97.605,4.16705812
97.61,4.167291036
97.615,4.164932347
97.62,4.164794996
97.625,4.167669652
97.63,4.167394967
97.635,4.164277466
97.64,4.164349419
97.645,4.166533065
97.65,4.16645443
97.655,4.165391031
97.66,4.164463433
97.665,4.162735732
97.67,4.162883868
97.675,4.165611325
97.68,4.165673129
97.685,4.162608303
97.69,4.162435445
97.695,4.164486331
97.7,4.163558296
97.705,4.161571334
97.71,4.16210304
97.715,4.163038639
97.72,4.163263398
97.725,4.164069942
97.73,4.163690437
97.735,4.161965178
97.74,4.1632611
97.745,4.166308782
97.75,4.165094748
97.755,4.161934501
97.76,4.162604718
97.765,4.165072981
97.77,4.165499221
97.775,4.165563777
97.78,4.166175994
97.785,4.166042935
97.79,4.16685995
97.795,4.168430908
97.8,4.166902018
97.805,4.164067194
97.81,4.165194004
97.815,4.167621607
97.82,4.166205003
97.825,4.164046518
97.83,4.165195914
97.835,4.167022461
97.84,4.167743524
97.845,4.168062341
97.85,4.166656376
97.855,4.1644766
97.86,4.165524394
97.865,4.167853938
97.87,4.16633295
97.875,4.16366956
97.88,4.164379166
97.885,4.165388459
97.89,4.163754868
97.895,4.162376011
97.9,4.162619783
97.905,4.162944855
97.91,4.163662721
97.915,4.164199319
97.92,4.162236495
97.925,4.160365843
97.93,4.162267968
97.935,4.164100301
97.94,4.161842894
97.945,4.15940573
97.95,4.16010173
97.955,4.161076892
97.96,4.160857682
97.965,4.160682296
97.97,4.159959019
97.975,4.159083664
97.98,4.16013665
97.985,4.160759432
97.99,4.158056881
97.995,4.155937302
98,4.157319412
98.005,4.157710418
98.01,4.154742616
98.015,4.152331773
98.02,4.152217479
98.025,4.15285326
98.03,4.154062084
98.035,4.154843656
98.04,4.153609316
98.045,4.153091104
98.05,4.155477219
98.055,4.156876804
98.06,4.154834425
98.065,4.153419547
98.07,4.154423786
98.075,4.154376237
98.08,4.152566292
98.085,4.1512175
98.09,4.150650038
98.095,4.151116538
98.1,4.153025703
98.105,4.153502442
98.11,4.15108161
98.115,4.150143344
98.12,4.152622605
98.125,4.15383117
98.13,4.151856185
98.135,4.150261642
98.14,4.150318491
98.145,4.150340748
98.15,4.150283547
98.155,4.150006856
98.16,4.148820654
98.165,4.148604788
98.17,4.15014085
98.175,4.150171355
98.18,4.148129894
98.185,4.148132973
98.19,4.150387906
98.195,4.150677564
98.2,4.148346535
98.205,4.146425211
98.21,4.145995599
98.215,4.14677594
98.22,4.148262758
98.225,4.148399898
98.23,4.147092711
98.235,4.14772973
98.24,4.150607325
98.245,4.151518479
98.25,4.150089019
98.255,4.149888029
98.26,4.150976812
98.265,4.150757923
98.27,4.149136949
98.275,4.1474136
98.28,4.146360629
98.285,4.147036341
98.29,4.148501121
98.295,4.147657769
98.3,4.145076293
98.305,4.145088368
98.31,4.147747098
98.315,4.148769006
98.32,4.147393195
98.325,4.146455655
98.33,4.146525215
98.335,4.146307045
98.34,4.145498876
98.345,4.143967701
98.35,4.142328278
98.355,4.142362683
98.36,4.143430478
98.365,4.142593302
98.37,4.140692849
98.375,4.141248376
98.38,4.143788739
98.385,4.144561929
98.39,4.142814041
98.395,4.140942674
98.4,4.140329994
98.405,4.140467947
98.41,4.14020829
98.415,4.138765888
98.42,4.136906304
98.425,4.136873779
98.43,4.138427268
98.435,4.1386887
98.44,4.137496835
98.445,4.137736604
98.45,4.139436497
98.455,4.139596532
98.46,4.137452544
98.465,4.13520073
98.47,4.134601703
98.475,4.135367979
98.48,4.135923104
98.485,4.134727342
98.49,4.132919346
98.495,4.133441786
98.5,4.136320891
98.505,4.138014373
98.51,4.137269773
98.515,4.137124928
98.52,4.138961444
98.525,4.140397345
98.53,4.140071721
98.535,4.138965786
98.54,4.138200506
98.545,4.138219851
98.55,4.138396459
98.555,4.137138783
98.56,4.134995024
98.565,4.135221278
98.57,4.138043717
98.575,4.139586671
98.58,4.138468224
98.585,4.13769986
98.59,4.138503512
98.595,4.13906957
98.6,4.138726749
98.605,4.137956681
98.61,4.136775767
98.615,4.136077766
98.62,4.136507352
98.625,4.135937078
98.63,4.134043429
98.635,4.134360423
98.64,4.137158286
98.645,4.137869296
98.65,4.135707018
98.655,4.134695268
98.66,4.13584369
98.665,4.136878097
98.67,4.136982879
98.675,4.135794199
98.68,4.133332647
98.685,4.132532607
98.69,4.134444872
98.695,4.135164859
98.7,4.13356317
98.705,4.133839964
98.71,4.136571307
98.715,4.137848589
98.72,4.137477219
98.725,4.137769817
98.73,4.138099834
98.735,4.137848283
98.74,4.137692773
98.745,4.136177166
98.75,4.133102684
98.755,4.132539625
98.76,4.135045507
98.765,4.135643087
98.77,4.133758176
98.775,4.133810266
98.78,4.135807425
98.785,4.136644016
98.79,4.13678119
98.795,4.13710363
98.8,4.136588858
98.805,4.136531552
98.81,4.137974982
98.815,4.137758827
98.82,4.135631607
98.825,4.136338684
98.83,4.139329893
98.835,4.139476764
98.84,4.137817573
98.845,4.138307785
98.85,4.139735542
98.855,4.140488797
98.86,4.141554147
98.865,4.141470067
98.87,4.139206445
98.875,4.138575921
98.88,4.140155366
98.885,4.139223179
98.89,4.136688552
98.895,4.137590685
98.9,4.140071582
98.905,4.13973459
98.91,4.138694863
98.915,4.139306888
98.92,4.139781702
98.925,4.140098084
98.93,4.14076958
98.935,4.138908382
98.94,4.13524494
98.945,4.135374615
98.95,4.138153343
98.955,4.13752686
98.96,4.135217505
98.965,4.135913112
98.97,4.13753395
98.975,4.138131062
98.98,4.139406931
98.985,4.140277259
98.99,4.139454163
98.995,4.139978118
99,4.141504516
99.005,4.139619802
99.01,4.13658289
99.015,4.137518166
99.02,4.139380106
99.025,4.137728875
99.03,4.135846271
99.035,4.136423736
99.04,4.137128413
99.045,4.137885141
99.05,4.139408616
99.055,4.138705879
99.06,4.136293194
99.065,4.136539489
99.07,4.137268109
99.075,4.134116197
99.08,4.130854988
99.085,4.131448847
99.09,4.13190895
99.095,4.130079439
99.1,4.129237942
99.105,4.129819582
99.11,4.130574404
99.115,4.132946655
99.12,4.134951877
99.125,4.132604629
99.13,4.129583487
99.135,4.130757599
99.14,4.131880253
99.145,4.129046559
99.15,4.126746592
99.155,4.127162836
99.16,4.127182784
99.165,4.127136014
99.17,4.128384757
99.175,4.12859099
99.18,4.128547675
99.185,4.131130754
99.19,4.132736078
99.195,4.129903848
99.2,4.127858651
99.205,4.129820701
99.21,4.130759798
99.215,4.128697775
99.22,4.127125668
99.225,4.126552981
99.23,4.126251095
99.235,4.128335739
99.24,4.130993798
99.245,4.130523504
99.25,4.130316122
99.255,4.133568849
99.26,4.135476396
99.265,4.133834658
99.27,4.133560254
99.275,4.135176525
99.28,4.134819722
99.285,4.133709964
99.29,4.133990272
99.295,4.133722278
99.3,4.134016336
99.305,4.136974483
99.31,4.138513172
99.315,4.136336676
99.32,4.135912896
99.325,4.138717212
99.33,4.139096864
99.335,4.136981839
99.34,4.136457422
99.345,4.13621405
99.35,4.134876221
99.355,4.134706616
99.36,4.134469768
99.365,4.132278543
99.37,4.132158593
99.375,4.135288588
99.38,4.135515775
99.385,4.13245599
99.39,4.132322909
99.395,4.134459967
99.4,4.134178137
99.405,4.132720449
99.41,4.131893194
99.415,4.13008995
99.42,4.129211746
99.425,4.131422907
99.43,4.132371582
99.435,4.13046042
99.44,4.130864515
99.445,4.133272134
99.45,4.132447702
99.455,4.130130497
99.46,4.130496945
99.465,4.131032419
99.47,4.129698856
99.475,4.12894266
99.48,4.128001763
99.485,4.125713682
99.49,4.126100443
99.495,4.129353066
99.5,4.129745425
99.505,4.127957927
99.51,4.129327211
99.515,4.131803605
99.52,4.131339138
99.525,4.130523799
99.53,4.130762473
99.535,4.129546057
99.54,4.128179717
99.545,4.128661363
99.55,4.128079263
99.555,4.126453572
99.56,4.128184756
99.565,4.131119446
99.57,4.130049373
99.575,4.128278506
99.58,4.130028493
99.585,4.13167332
99.59,4.131080729
99.595,4.130877415
99.6,4.130351523
99.605,4.128272001
99.61,4.128070069
99.615,4.12965277
99.62,4.128658305
99.625,4.127167845
99.63,4.129306902
99.635,4.131407584
99.64,4.130038245
99.645,4.129053239
99.65,4.130177515
99.655,4.130404338
99.66,4.129884716
99.665,4.12976478
99.67,4.127737164
99.675,4.125038958
99.68,4.125963314
99.685,4.128054269
99.69,4.127078446
99.695,4.126245925
99.7,4.128395276
99.705,4.129872891
99.71,4.129562167
99.715,4.130068134
99.72,4.130239134
99.725,4.128848777
99.73,4.128295662
99.735,4.128003893
99.74,4.125829379
99.745,4.124953341
99.75,4.127805461
99.755,4.129711026
99.76,4.128371939
99.765,4.128014952
99.77,4.129613027
99.775,4.130343977
99.78,4.130494393
99.785,4.130729104
99.79,4.1291886
99.795,4.127343489
99.8,4.127912622
99.805,4.127978219
99.81,4.125573416
99.815,4.124752761
99.82,4.126809717
99.825,4.127575009
99.83,4.126481344
99.835,4.126575912
99.84,4.127471311
99.845,4.127780448
99.85,4.128279445
99.855,4.127666408
99.86,4.124793472
99.865,4.123291255
99.87,4.124718384
99.875,4.124972063
99.88,4.123153564
99.885,4.123044711
99.89,4.124506834
99.895,4.125030883
99.9,4.125302989
99.905,4.125929573
99.91,4.125886697
99.915,4.12629593
99.92,4.127683789
99.925,4.127194764
99.93,4.124818922
99.935,4.12472523
99.94,4.126740317
99.945,4.126873716
99.95,4.125572555
99.955,4.125360891
99.96,4.12580421
99.965,4.126517007
99.97,4.127994373
99.975,4.128326328
99.98,4.126983394
99.985,4.126888084
99.99,4.12794889
99.995,4.127091412
100,4.125553936
100.005,4.126230652
