time_ps,kappa_avg
0.005,0
0.01,1.11960708
0.015,1.111150029
0.02,1.060715321
0.025,1.411619222
0.03,1.434279038
0.035,1.220777996
0.04,1.391091059
0.045,1.325233893
0.05,1.022218658
0.055,1.296193788
0.06,1.71900957
0.065,1.437246051
0.07,1.257533381
0.075,1.787220897
0.08,1.978247191
0.085,1.618088104
0.09,1.565936913
0.095,1.751801153
0.1,1.633279802
0.105,1.749033517
0.11,1.973319509
0.115,1.607058354
0.12,1.262887399
0.125,1.671503549
0.13,1.89623994
0.135,1.43944785
0.14,1.383268749
0.145,1.766931911
0.15,1.724880677
0.155,1.512813363
0.16,1.684356844
0.165,1.621495439
0.17,1.414081476
0.175,1.693392193
0.18,1.817509641
0.185,1.255930453
0.19,1.059537931
0.195,1.614495973
0.2,1.744816152
0.205,1.447563586
0.21,1.536426541
0.215,1.699955893
0.22,1.533245832
0.225,1.639122252
0.23,1.823142507
0.235,1.473129934
0.24,1.269053466
0.245,1.631237364
0.25,1.594599005
0.255,1.069352501
0.26,1.17208926
0.265,1.627395396
0.27,1.570423652
0.275,1.408001042
0.28,1.557241005
0.285,1.484410488
0.29,1.421955503
0.295,1.83912954
0.3,1.92332546
0.305,1.400309285
0.31,1.355364544
0.315,1.838774642
0.32,1.749698654
0.325,1.416809209
0.33,1.616204697
0.335,1.800659991
0.34,1.656592955
0.345,1.754500428
0.35,1.891795635
0.355,1.644019299
0.36,1.717414222
0.365,2.199137824
0.37,2.073193467
0.375,1.566186473
0.38,1.727390327
0.385,2.119945012
0.39,2.00855484
0.395,1.942500805
0.4,2.120742091
0.405,2.032030245
0.41,2.008401236
0.415,2.355988467
0.42,2.326000401
0.425,1.928955485
0.43,2.121864721
0.435,2.510797668
0.44,2.186142634
0.445,1.828015301
0.45,2.105767135
0.455,2.297714811
0.46,2.186394044
0.465,2.303499996
0.47,2.323578461
0.475,2.031805375
0.48,2.218783504
0.485,2.720753493
0.49,2.541112708
0.495,2.154584623
0.5,2.409799455
0.505,2.654180742
0.51,2.348931229
0.515,2.245977697
0.52,2.418003472
0.525,2.291542746
0.53,2.222254788
0.535,2.410375715
0.54,2.226446028
0.545,1.929324125
0.55,2.321016645
0.555,2.699683726
0.56,2.339388935
0.565,2.072142197
0.57,2.373563947
0.575,2.4592654
0.58,2.309643915
0.585,2.40688627
0.59,2.329948931
0.595,2.028354383
0.6,2.186139197
0.605,2.483797298
0.61,2.143798709
0.615,1.906387723
0.62,2.33384529
0.625,2.50340475
0.63,2.104052375
0.635,2.023640977
0.64,2.218185562
0.645,2.154408912
0.65,2.230797917
0.655,2.451318952
0.66,2.228894053
0.665,1.994017665
0.67,2.448884266
0.675,2.73537009
0.68,2.365595123
0.685,2.266106196
0.69,2.593058535
0.695,2.534223989
0.7,2.290732546
0.705,2.408331945
0.71,2.417041846
0.715,2.299264541
0.72,2.568549421
0.725,2.748896693
0.73,2.340384845
0.735,2.281158686
0.74,2.863786891
0.745,3.014832152
0.75,2.657450629
0.755,2.676580284
0.76,2.880923709
0.765,2.802217294
0.77,2.915990465
0.775,3.120808915
0.78,2.882471876
0.785,2.721798104
0.79,3.108854645
0.795,3.164682094
0.8,2.725763309
0.805,2.771791572
0.81,3.179560007
0.815,3.101566592
0.82,2.869840393
0.825,2.997261694
0.83,3.012970861
0.835,2.995297468
0.84,3.308312325
0.845,3.377074789
0.85,2.925792735
0.855,2.897237837
0.86,3.339778538
0.865,3.270445881
0.87,2.932126252
0.875,3.078404503
0.88,3.273826409
0.885,3.110560677
0.89,3.122926488
0.895,3.188248072
0.9,2.936015062
0.905,2.925685236
0.91,3.301658086
0.915,3.16645482
0.92,2.682287677
0.925,2.861597552
0.93,3.302553523
0.935,3.213982349
0.94,3.050787822
0.945,3.169576848
0.95,3.078399939
0.955,2.977871392
0.96,3.215930879
0.965,3.200008748
0.97,2.833047704
0.975,2.94750217
0.98,3.317905905
0.985,3.082075092
0.99,2.767788496
0.995,3.019659603
1,3.22044376
1.005,3.036030795
1.01,2.995372819
1.015,2.979899533
1.02,2.773643786
1.025,2.938592035
1.03,3.36147814
1.035,3.205347689
1.04,2.847329786
1.045,3.120220462
1.05,3.431740794
1.055,3.216953311
1.06,3.104657998
1.065,3.278451063
1.07,3.208974196
1.075,3.132741909
1.08,3.304313623
1.085,3.193172333
1.09,2.951703907
1.095,3.273562957
1.1,3.626247895
1.105,3.307852331
1.11,3.067835438
1.115,3.400902098
1.12,3.596160446
1.125,3.495158869
1.13,3.585476216
1.135,3.618076288
1.14,3.439430195
1.145,3.605237692
1.15,3.875984503
1.155,3.61166767
1.16,3.38188292
1.165,3.739697263
1.17,3.903991
1.175,3.554605181
1.18,3.496692042
1.185,3.765660174
1.19,3.805739386
1.195,3.836841857
1.2,3.974371898
1.205,3.75151697
1.21,3.536360066
1.215,3.904457778
1.22,4.161488165
1.225,3.813447487
1.23,3.680304009
1.235,4.019657265
1.24,4.056739223
1.245,3.876828441
1.25,3.973896485
1.255,4.006954531
1.26,3.85117471
1.265,3.966379263
1.27,4.045180934
1.275,3.674965669
1.28,3.577859943
1.285,4.023190933
1.29,4.09992461
1.295,3.70211371
1.3,3.671107889
1.305,3.881965172
1.31,3.859920348
1.315,3.902009561
1.32,4.023723319
1.325,3.809560847
1.33,3.678145764
1.335,4.012408223
1.34,4.056349253
1.345,3.639392546
1.35,3.62651492
1.355,3.959975173
1.36,3.840063517
1.365,3.565421121
1.37,3.638811929
1.375,3.696183992
1.38,3.683959278
1.385,3.939441455
1.39,4.01437112
1.395,3.648766651
1.4,3.657953692
1.405,4.095967444
1.41,4.07614777
1.415,3.727093504
1.42,3.812916025
1.425,3.994519659
1.43,3.860811015
1.435,3.850763977
1.44,3.971623669
1.445,3.856054411
1.45,3.883570975
1.455,4.205110997
1.46,4.094227598
1.465,3.691367632
1.47,3.853069851
1.475,4.277541162
1.48,4.185075641
1.485,3.990601503
1.49,4.110637835
1.495,4.151359368
1.5,4.161356833
1.505,4.402330252
1.51,4.415833545
1.515,4.104993587
1.52,4.212467033
1.525,4.563820743
1.53,4.405593001
1.535,4.140510073
1.54,4.397429044
1.545,4.618539656
1.55,4.449212237
1.555,4.384529233
1.56,4.402361744
1.565,4.26642855
1.57,4.377054566
1.575,4.699850574
1.58,4.538123586
1.585,4.220405164
1.59,4.49037401
1.595,4.841816244
1.6,4.674235244
1.605,4.543836612
1.61,4.704909535
1.615,4.66873669
1.62,4.554853935
1.625,4.637905516
1.63,4.538736229
1.635,4.318091018
1.64,4.561228705
1.645,4.838857671
1.65,4.531314022
1.655,4.273688627
1.66,4.576347574
1.665,4.775431243
1.67,4.622353787
1.675,4.601915538
1.68,4.605639718
1.685,4.46076339
1.69,4.578299721
1.695,4.823178954
1.7,4.612177364
1.705,4.384552122
1.71,4.663127049
1.715,4.800153669
1.72,4.458282254
1.725,4.343925445
1.73,4.569755125
1.735,4.582480008
1.74,4.510124827
1.745,4.558266506
1.75,4.409809306
1.755,4.278392363
1.76,4.607794606
1.765,4.817430707
1.77,4.465929177
1.775,4.29483128
1.78,4.598932767
1.785,4.689697957
1.79,4.531400201
1.795,4.608660091
1.8,4.691063263
1.805,4.605533999
1.81,4.713615252
1.815,4.807404871
1.82,4.523030733
1.825,4.43286824
1.83,4.814484167
1.835,4.885501888
1.84,4.526042298
1.845,4.514439408
1.85,4.807266492
1.855,4.867135046
1.86,4.891761974
1.865,5.002320954
1.87,4.869741929
1.875,4.783010433
1.88,5.075121916
1.885,5.162042191
1.89,4.835479227
1.895,4.842800802
1.9,5.18994826
1.905,5.142622509
1.91,4.89154201
1.915,4.961672295
1.92,5.076568974
1.925,5.070357245
1.93,5.208670657
1.935,5.221254176
1.94,4.924961938
1.945,4.957562224
1.95,5.387039908
1.955,5.41186245
1.96,5.100101828
1.965,5.158427004
1.97,5.360656111
1.975,5.277584911
1.98,5.237939309
1.985,5.324708125
1.99,5.218393405
1.995,5.196529624
2,5.419752371
2.005,5.327453191
2.01,4.989092793
2.015,5.131393551
2.02,5.485959407
2.025,5.345628257
2.03,5.075893023
2.035,5.141967919
2.04,5.213047708
2.045,5.204678889
2.05,5.360514633
2.055,5.348739581
2.06,5.083045034
2.065,5.16383165
2.07,5.465882763
2.075,5.304730973
2.08,5.00362786
2.085,5.170938685
2.09,5.352275862
2.095,5.174789805
2.1,5.07478197
2.105,5.128832416
2.11,5.07189255
2.115,5.166082274
2.12,5.397615805
2.125,5.221142223
2.13,4.899673592
2.135,5.100814971
2.14,5.413294988
2.145,5.254170102
2.15,5.104783159
2.155,5.267050803
2.16,5.310686355
2.165,5.244473184
2.17,5.335953518
2.175,5.297352055
2.18,5.129763536
2.185,5.29920858
2.19,5.500094338
2.195,5.219675685
2.2,4.997752585
2.205,5.306860823
2.21,5.529735216
2.215,5.379134749
2.22,5.316466794
2.225,5.351997267
2.23,5.293091499
2.235,5.422316917
2.24,5.639604708
2.245,5.474733807
2.25,5.297359737
2.255,5.584291377
2.26,5.781739579
2.265,5.534493482
2.27,5.464722586
2.275,5.703858394
2.28,5.734610539
2.285,5.628676377
2.29,5.648844851
2.295,5.562172983
2.3,5.485729622
2.305,5.779297881
2.31,5.973542168
2.315,5.683179192
2.32,5.551271622
2.325,5.878306237
2.33,6.003168131
2.335,5.82691468
2.34,5.837186738
2.345,5.913190298
2.35,5.842719314
2.355,5.905431467
2.36,5.997594449
2.365,5.792767462
2.37,5.724066842
2.375,6.032877985
2.38,6.060877939
2.385,5.676307363
2.39,5.599155227
2.395,5.843952288
2.4,5.879324563
2.405,5.820387813
2.41,5.856322769
2.415,5.760092252
2.42,5.708552931
2.425,5.965754576
2.43,6.038230534
2.435,5.730010339
2.44,5.683650711
2.445,5.951741404
2.45,5.88998083
2.455,5.633860259
2.46,5.68518925
2.465,5.808675222
2.47,5.778276204
2.475,5.817140972
2.48,5.783938319
2.485,5.525263113
2.49,5.545565014
2.495,5.896483879
2.5,5.885433002
2.505,5.564751863
2.51,5.613900153
2.515,5.86319552
2.52,5.839074437
2.525,5.786536902
2.53,5.84911015
2.535,5.768700595
2.54,5.72487348
2.545,5.888524638
2.55,5.819072204
2.555,5.543024411
2.56,5.674380719
2.565,6.012474626
2.57,5.909636107
2.575,5.665506558
2.58,5.762924359
2.585,5.906344047
2.59,5.922137343
2.595,6.015368822
2.6,6.003259619
2.605,5.807051535
2.61,5.902849411
2.615,6.210762395
2.62,6.133760527
2.625,5.910308711
2.63,6.089100517
2.635,6.300204571
2.64,6.157291127
2.645,6.044585241
2.65,6.114089609
2.655,6.119448563
2.66,6.194355017
2.665,6.35969423
2.67,6.215119253
2.675,5.975849831
2.68,6.196004751
2.685,6.501817694
2.69,6.351237819
2.695,6.16193406
2.7,6.286133319
2.705,6.361414851
2.71,6.321766196
2.715,6.404030536
2.72,6.401324018
2.725,6.278656332
2.73,6.409911847
2.735,6.567489771
2.74,6.315156458
2.745,6.104261747
2.75,6.354347826
2.755,6.527893213
2.76,6.33268933
2.765,6.226524621
2.77,6.293650847
2.775,6.29846667
2.78,6.3973124
2.785,6.53527682
2.79,6.354177241
2.795,6.15251117
2.8,6.360590084
2.805,6.516932703
2.81,6.274097043
2.815,6.171827819
2.82,6.388497703
2.825,6.437764806
2.83,6.313654066
2.835,6.296051913
2.84,6.236459991
2.845,6.169868374
2.85,6.355888304
2.855,6.450245389
2.86,6.142758986
2.865,5.992059755
2.87,6.280211075
2.875,6.414581994
2.88,6.243808584
2.885,6.220296193
2.89,6.305541289
2.895,6.272917124
2.9,6.319589765
2.905,6.395686868
2.91,6.24715915
2.915,6.197247071
2.92,6.459004925
2.925,6.489315857
2.93,6.170652337
2.935,6.134364044
2.94,6.398542142
2.945,6.437030106
2.95,6.319364483
2.955,6.305934567
2.96,6.252556176
2.965,6.259675795
2.97,6.520057643
2.975,6.628921345
2.98,6.401111521
2.985,6.398989995
2.99,6.695112181
2.995,6.695222403
3,6.472578814
3.005,6.516341118
3.01,6.655645703
3.015,6.630746062
3.02,6.642389565
3.025,6.647341798
3.03,6.506168274
3.035,6.574315513
3.04,6.894845029
3.045,6.88051259
3.05,6.57330606
3.055,6.604331307
3.06,6.8588363
3.065,6.861290639
3.07,6.790724593
3.075,6.855052536
3.08,6.84535515
3.085,6.84304516
3.09,6.98747551
3.095,6.943885825
3.1,6.710467316
3.105,6.796983579
3.11,7.052640691
3.115,6.917172933
3.12,6.650498509
3.125,6.72826237
3.13,6.891411617
3.135,6.894573375
3.14,6.910235634
3.145,6.857934119
3.15,6.682647631
3.155,6.751208624
3.16,6.998157869
3.165,6.907307054
3.17,6.672340083
3.175,6.800234925
3.18,6.986660749
3.185,6.851317394
3.19,6.726159965
3.195,6.78752947
3.2,6.787376794
3.205,6.784550701
3.21,6.842331511
3.215,6.682787055
3.22,6.472524747
3.225,6.668949345
3.23,6.944322938
3.235,6.79291382
3.24,6.590850242
3.245,6.715358876
3.25,6.826526223
3.255,6.776843828
3.26,6.792435514
3.265,6.773513482
3.27,6.667747936
3.275,6.768001325
3.28,6.921541749
3.285,6.745705559
3.29,6.592170815
3.295,6.836055558
3.3,7.009409837
3.305,6.813665498
3.31,6.679344832
3.315,6.759401902
3.32,6.81041667
3.325,6.890399815
3.33,6.99634672
3.335,6.871585387
3.34,6.746232318
3.345,6.971195047
3.35,7.15189088
3.355,6.962824667
3.36,6.867101031
3.365,7.068460816
3.37,7.13771394
3.375,7.031233761
3.38,7.033751351
3.385,7.057178875
3.39,7.063569313
3.395,7.229720684
3.4,7.295685787
3.405,7.028003424
3.41,6.910796914
3.415,7.19145271
3.42,7.328861889
3.425,7.152261913
3.43,7.110574826
3.435,7.227742947
3.44,7.255737728
3.445,7.311261431
3.45,7.387210373
3.455,7.273498392
3.46,7.217251625
3.465,7.420667724
3.47,7.444027335
3.475,7.167123633
3.48,7.140706246
3.485,7.401727996
3.49,7.441287291
3.495,7.291590554
3.5,7.250896195
3.505,7.230513333
3.51,7.23330326
3.515,7.394738473
3.52,7.42306737
3.525,7.179851771
3.53,7.146145835
3.535,7.406571444
3.54,7.42925933
3.545,7.227957439
3.55,7.254256173
3.555,7.388701089
3.56,7.34996092
3.565,7.289167677
3.57,7.246608725
3.575,7.118026834
3.58,7.152330805
3.585,7.379883957
3.59,7.324531142
3.595,7.025575856
3.6,7.042878899
3.605,7.285114115
3.61,7.279558612
3.615,7.156809821
3.62,7.165480878
3.625,7.160371066
3.63,7.163062664
3.635,7.289282553
3.64,7.279069532
3.645,7.110905565
3.65,7.197425077
3.655,7.417966402
3.66,7.28690528
3.665,7.031221777
3.67,7.106114904
3.675,7.275973734
3.68,7.262962209
3.685,7.235230787
3.69,7.207982904
3.695,7.124859586
3.7,7.239009645
3.705,7.484011916
3.71,7.416229381
3.715,7.198212842
3.72,7.310311118
3.725,7.513805781
3.73,7.426539343
3.735,7.328226047
3.74,7.430559264
3.745,7.498585959
3.75,7.516178222
3.755,7.569016425
3.76,7.469642991
3.765,7.328469948
3.77,7.503948511
3.775,7.729644675
3.78,7.574539792
3.785,7.376792748
3.79,7.515168268
3.795,7.680624051
3.8,7.666649667
3.805,7.673824674
3.81,7.676956747
3.815,7.615755269
3.82,7.699264166
3.825,7.820547393
3.83,7.672696847
3.835,7.539875462
3.84,7.749244539
3.845,7.900039339
3.85,7.710175952
3.855,7.573968382
3.86,7.665338609
3.865,7.727596089
3.87,7.748425286
3.875,7.76375884
3.88,7.616779629
3.885,7.496630588
3.89,7.692398954
3.895,7.859230248
3.9,7.684293906
3.905,7.5728455
3.91,7.740209276
3.915,7.794607435
3.92,7.656204975
3.925,7.613121015
3.93,7.624914583
3.935,7.608766507
3.94,7.695968197
3.945,7.722973248
3.95,7.503008397
3.955,7.420969023
3.96,7.679259091
3.965,7.783425414
3.97,7.55966832
3.975,7.45072935
3.98,7.545888333
3.985,7.579838555
3.99,7.597376132
3.995,7.63938692
4,7.558874145
4.005,7.527124859
4.01,7.709226532
4.015,7.745799061
4.02,7.513930605
4.025,7.483316576
4.03,7.709916362
4.035,7.734954061
4.04,7.565014078
4.045,7.521401028
4.05,7.556375099
4.055,7.6021515
4.06,7.734784565
4.065,7.74640416
4.07,7.539771933
4.075,7.520846931
4.08,7.768683872
4.085,7.810661097
4.09,7.639410032
4.095,7.676600523
4.1,7.842762698
4.105,7.848128885
4.11,7.811038149
4.115,7.812270073
4.12,7.758152854
4.125,7.805486864
4.13,7.980942559
4.135,7.91360736
4.14,7.654249059
4.145,7.703341719
4.15,7.974674782
4.155,8.000542254
4.16,7.876294231
4.165,7.887919788
4.17,7.928334725
4.175,7.953092911
4.18,8.052396975
4.185,8.044684161
4.19,7.903692576
4.195,7.976351118
4.2,8.186487409
4.205,8.107501075
4.21,7.910499043
4.215,8.005761469
4.22,8.183138894
4.225,8.142106073
4.23,8.043658011
4.235,7.987429824
4.24,7.925952
4.245,8.013646117
4.25,8.19337022
4.255,8.113899742
4.26,7.914600884
4.265,8.014533588
4.27,8.207875302
4.275,8.122735732
4.28,7.990964313
4.285,8.048194144
4.29,8.09641214
4.295,8.07635793
4.3,8.081594147
4.305,7.996970187
4.31,7.893134407
4.315,8.035675159
4.32,8.193131163
4.325,8.00197539
4.33,7.773941937
4.335,7.875060371
4.34,8.020165845
4.345,7.973173754
4.35,7.926825667
4.355,7.9209338
4.36,7.887526996
4.365,7.966829507
4.37,8.075372935
4.375,7.953193582
4.38,7.826985871
4.385,7.987442434
4.39,8.100039947
4.395,7.909074903
4.4,7.784057297
4.405,7.908245519
4.41,8.008480263
4.415,8.015298632
4.42,8.006112449
4.425,7.89802328
4.43,7.826667985
4.435,8.007609644
4.44,8.148349912
4.445,7.98018151
4.45,7.868692593
4.455,8.046112801
4.46,8.156153304
4.465,8.074599936
4.47,8.063666383
4.475,8.124003327
4.48,8.143141714
4.485,8.205195495
4.49,8.217069346
4.495,8.04945755
4.5,8.008889305
4.505,8.255319409
4.51,8.360358655
4.515,8.164304465
4.52,8.081770423
4.525,8.214663376
4.53,8.285783161
4.535,8.28560105
4.54,8.292479517
4.545,8.22355252
4.55,8.207965874
4.555,8.376916488
4.56,8.433863745
4.565,8.264370024
4.57,8.264136352
4.575,8.48383692
4.58,8.499831698
4.585,8.312008351
4.59,8.251979983
4.595,8.303439547
4.6,8.347415023
4.605,8.42574954
4.61,8.407740297
4.615,8.231355644
4.62,8.228626767
4.625,8.458449024
4.63,8.490053776
4.635,8.294241596
4.64,8.277145731
4.645,8.406198975
4.65,8.396439626
4.655,8.334216817
4.66,8.337530108
4.665,8.320279065
4.67,8.360075297
4.675,8.479975902
4.68,8.399802399
4.685,8.163519722
4.69,8.192374814
4.695,8.409869339
4.7,8.383256767
4.705,8.200027385
4.71,8.17513252
4.715,8.235662112
4.72,8.274276305
4.725,8.340634585
4.73,8.316435348
4.735,8.187509628
4.74,8.233275056
4.745,8.397103938
4.75,8.317510145
4.755,8.135752557
4.76,8.222770252
4.765,8.395927659
4.77,8.357078173
4.775,8.250826796
4.78,8.214614597
4.785,8.196399963
4.79,8.271392534
4.795,8.389008399
4.8,8.285557948
4.805,8.098084732
4.81,8.20045025
4.815,8.409722173
4.82,8.366693526
4.825,8.265168259
4.83,8.345680119
4.835,8.427451475
4.84,8.415963796
4.845,8.413985518
4.85,8.367141614
4.855,8.314940405
4.86,8.454315045
4.865,8.599903573
4.87,8.450851063
4.875,8.283978423
4.88,8.426757604
4.885,8.603255425
4.89,8.553322906
4.895,8.4696287
4.9,8.461718433
4.905,8.466073119
4.91,8.555510932
4.915,8.666772041
4.92,8.59420068
4.925,8.513826543
4.93,8.675454403
4.935,8.797955239
4.94,8.64449415
4.945,8.534512383
4.95,8.654800344
4.955,8.746042002
4.96,8.713109614
4.965,8.66644996
4.97,8.587001464
4.975,8.560626825
4.98,8.724474148
4.985,8.826865364
4.99,8.648323602
4.995,8.521930446
5,8.666523599
5.005,8.759487577
5.01,8.660482666
5.015,8.622141243
5.02,8.678286348
5.025,8.702057656
5.03,8.738154133
5.035,8.733038074
5.04,8.589841577
5.045,8.546825049
5.05,8.730835085
5.055,8.773221838
5.06,8.545318228
5.065,8.442614188
5.07,8.578263715
5.075,8.658539185
5.08,8.631794727
5.085,8.604768599
5.09,8.538739157
5.095,8.516302247
5.1,8.636442589
5.105,8.663300045
5.11,8.496515202
5.115,8.478824619
5.12,8.670280829
5.125,8.694578039
5.13,8.533408714
5.135,8.503499117
5.14,8.594566812
5.145,8.642029843
5.15,8.660762862
5.155,8.600449698
5.16,8.44567943
5.165,8.459943956
5.17,8.67600138
5.175,8.712897402
5.18,8.540767727
5.185,8.534700675
5.19,8.686511944
5.195,8.709815217
5.2,8.653683999
5.205,8.657206035
5.21,8.664270502
5.215,8.710305407
5.22,8.815469247
5.225,8.771387921
5.23,8.616000535
5.235,8.69126026
5.24,8.913119396
5.245,8.888854518
5.25,8.704581783
5.255,8.685418625
5.26,8.773953457
5.265,8.824758737
5.27,8.871186345
5.275,8.855028145
5.28,8.772609185
5.285,8.843052357
5.29,9.01359305
5.295,8.966069938
5.3,8.814308881
5.305,8.89591565
5.31,9.0559337
5.315,9.008132987
5.32,8.896293225
5.325,8.891707572
5.33,8.930751445
5.335,9.014762184
5.34,9.0991366
5.345,8.993220764
5.35,8.82211364
5.355,8.904839459
5.36,9.080383681
5.365,9.013683581
5.37,8.877475105
5.375,8.929520911
5.38,9.017090288
5.385,9.012877585
5.39,9.006198982
5.395,8.979854093
5.4,8.943179903
5.405,9.032533489
5.41,9.10917467
5.415,8.944832669
5.42,8.783165618
5.425,8.908968636
5.43,9.062215117
5.435,8.985159817
5.44,8.866488796
5.445,8.849954617
5.45,8.863868949
5.455,8.91919484
5.46,8.966562878
5.465,8.862457169
5.47,8.76788593
5.475,8.898633064
5.48,9.01116081
5.485,8.884283588
5.49,8.796585803
5.495,8.920066962
5.5,9.003467458
5.505,8.938217891
5.51,8.859043758
5.515,8.791982854
5.52,8.783184375
5.525,8.918415031
5.53,8.99173255
5.535,8.830371041
5.54,8.730066873
5.545,8.889104294
5.55,9.000547338
5.555,8.907502745
5.56,8.853611558
5.565,8.910087158
5.57,8.945649321
5.575,8.975428721
5.58,8.98854063
5.585,8.916948214
5.59,8.92992157
5.595,9.115501156
5.6,9.163867285
5.605,8.968608168
5.61,8.891265988
5.615,9.043012031
5.62,9.132646873
5.625,9.084886145
5.63,9.040659657
5.635,9.012861806
5.64,9.041994774
5.645,9.177920287
5.65,9.22240058
5.655,9.092852378
5.66,9.081406973
5.665,9.25066092
5.67,9.274085408
5.675,9.131349457
5.68,9.119142952
5.685,9.236170844
5.69,9.297331177
5.695,9.300039351
5.7,9.243128532
5.705,9.131005909
5.71,9.158594601
5.715,9.331304324
5.72,9.32443881
5.725,9.130832673
5.73,9.109313324
5.735,9.260816954
5.74,9.297006566
5.745,9.237403391
5.75,9.233457097
5.755,9.243402513
5.76,9.265000769
5.765,9.316908658
5.77,9.251902503
5.775,9.107181244
5.78,9.166055949
5.785,9.350895004
5.79,9.310216328
5.795,9.124511287
5.8,9.109874206
5.805,9.210793145
5.81,9.241004769
5.815,9.220491998
5.82,9.153514755
5.825,9.057654715
5.83,9.100760707
5.835,9.235832881
5.84,9.192104277
5.845,9.058035445
5.85,9.128484449
5.855,9.271281336
5.86,9.216620967
5.865,9.092702681
5.87,9.086970476
5.875,9.135838847
5.88,9.193752159
5.885,9.228439115
5.89,9.124218769
5.895,8.998786414
5.9,9.102358691
5.905,9.270821229
5.91,9.199308674
5.915,9.049587999
5.92,9.083476613
5.925,9.172419894
5.93,9.171805102
5.935,9.162089705
5.94,9.157891501
5.945,9.159377453
5.95,9.258362834
5.955,9.341363584
5.96,9.222478441
5.965,9.110287767
5.97,9.245458041
5.975,9.387093462
5.98,9.298049105
5.985,9.178295315
5.99,9.197666491
5.995,9.265877163
6,9.341013313
6.005,9.385890744
6.01,9.304577846
6.015,9.232411594
6.02,9.352175267
6.025,9.456702406
6.03,9.348169354
6.035,9.275482072
6.04,9.410777753
6.045,9.51793604
6.05,9.472633337
6.055,9.417585721
6.06,9.403419213
6.065,9.432685192
6.07,9.538781991
6.075,9.565482398
6.08,9.397285262
6.085,9.302543172
6.09,9.454059076
6.095,9.566977768
6.1,9.476943821
6.105,9.412194384
6.11,9.465586021
6.115,9.503972311
6.12,9.51125531
6.125,9.497332364
6.13,9.426201074
6.135,9.42640219
6.14,9.563448413
6.145,9.583560277
6.15,9.407136125
6.155,9.350802541
6.16,9.500215684
6.165,9.564823802
6.17,9.466380293
6.175,9.3727396
6.18,9.330661498
6.185,9.348923816
6.19,9.442484477
6.195,9.452009156
6.2,9.319935603
6.205,9.30236136
6.21,9.452737649
6.215,9.471966534
6.22,9.329077155
6.225,9.30317218
6.23,9.402053575
6.235,9.434918494
6.24,9.397591833
6.245,9.337425954
6.25,9.26971214
6.255,9.322139533
6.26,9.477033018
6.265,9.459130598
6.27,9.271447221
6.275,9.244064132
6.28,9.386363037
6.285,9.415679662
6.29,9.337234436
6.295,9.323981475
6.3,9.359571955
6.305,9.40600251
6.31,9.467460149
6.315,9.440040505
6.32,9.350967313
6.325,9.420499403
6.33,9.57874327
6.335,9.531274695
6.34,9.363840157
6.345,9.378072437
6.35,9.518026215
6.355,9.574427879
6.36,9.552326992
6.365,9.499323107
6.37,9.446046045
6.375,9.508341739
6.38,9.629875104
6.385,9.585970174
6.39,9.464710766
6.395,9.534350732
6.4,9.682084502
6.405,9.656517332
6.41,9.570089591
6.415,9.602229851
6.42,9.680141005
6.425,9.726467177
6.43,9.727979855
6.435,9.626631031
6.44,9.531336178
6.445,9.638647443
6.45,9.791146297
6.455,9.717762046
6.46,9.575230596
6.465,9.618492604
6.47,9.720411659
6.475,9.713104094
6.48,9.670794842
6.485,9.645415215
6.49,9.634481724
6.495,9.699309897
6.5,9.755136956
6.505,9.65760729
6.51,9.577100237
6.515,9.709223072
6.52,9.831613834
6.525,9.725038609
6.53,9.584916511
6.535,9.594060038
6.54,9.655295672
6.545,9.688107061
6.55,9.676836387
6.555,9.58133798
6.56,9.519585701
6.565,9.626739369
6.57,9.71480424
6.575,9.606174646
6.58,9.517935551
6.585,9.612534707
6.59,9.682697046
6.595,9.610206437
6.6,9.542426419
6.605,9.547768403
6.61,9.598118984
6.615,9.686039902
6.62,9.687852832
6.625,9.533047357
6.63,9.456924918
6.635,9.594692438
6.64,9.678572313
6.645,9.562131778
6.65,9.476321531
6.655,9.53252391
6.66,9.593128899
6.665,9.613102541
6.67,9.61182151
6.675,9.56894112
6.68,9.579975355
6.685,9.694073237
6.69,9.706644201
6.695,9.559073809
6.7,9.533636636
6.705,9.700996312
6.71,9.781648815
6.715,9.696797918
6.72,9.630645461
6.725,9.64205864
6.73,9.696130818
6.735,9.775845136
6.74,9.766270555
6.745,9.644621182
6.75,9.636205132
6.755,9.788799234
6.76,9.833564454
6.765,9.731803164
6.77,9.734975432
6.775,9.856440575
6.78,9.902618433
6.785,9.861172446
6.79,9.810085636
6.795,9.778301352
6.8,9.843555851
6.805,9.970400992
6.81,9.941624451
6.815,9.781011405
6.82,9.780549821
6.825,9.934705091
6.83,9.967786007
6.835,9.87261649
6.84,9.832676658
6.845,9.855077221
6.85,9.887156195
6.855,9.922885256
6.86,9.892667438
6.865,9.825611328
6.87,9.893031794
6.875,10.02531506
6.88,9.969176445
6.885,9.809502356
6.89,9.819966773
6.895,9.939136232
6.9,9.953656829
6.905,9.880233502
6.91,9.808603992
6.915,9.7740433
6.92,9.840377324
6.925,9.93811648
6.93,9.877636982
6.935,9.742450559
6.94,9.777178805
6.945,9.886317157
6.95,9.837431979
6.955,9.732748245
6.96,9.755996109
6.965,9.835599928
6.97,9.870094866
6.975,9.855166477
6.98,9.77465128
6.985,9.714593599
6.99,9.811309696
6.995,9.920564099
7,9.819740436
7.005,9.666676036
7.01,9.707087857
7.015,9.821411369
7.02,9.824594147
7.025,9.778775116
7.03,9.760638334
7.035,9.767002365
7.04,9.822990543
7.045,9.860350784
7.05,9.775958707
7.055,9.717223089
7.06,9.84348939
7.065,9.957432178
7.07,9.870412847
7.075,9.768567197
7.08,9.822663296
7.085,9.919093573
7.09,9.950494801
7.095,9.917304199
7.1,9.827271452
7.105,9.789207942
7.11,9.901579534
7.115,9.990924705
7.12,9.904778814
7.125,9.840932642
7.13,9.949160378
7.135,10.03538578
7.14,9.979514956
7.145,9.925205052
7.15,9.949510767
7.155,10.00675009
7.16,10.07164847
7.165,10.06464329
7.17,9.951150129
7.175,9.926592382
7.18,10.0834446
7.185,10.1683607
7.19,10.04839721
7.195,9.952031871
7.2,10.00260155
7.205,10.05997394
7.21,10.05823485
7.215,10.03565418
7.22,10.00129138
7.225,10.02200688
7.23,10.1240069
7.235,10.1361297
7.24,10.0122225
7.245,9.990999797
7.25,10.12917891
7.255,10.1733657
7.26,10.0584727
7.265,9.979795491
7.27,10.00721366
7.275,10.07350224
7.28,10.12900778
7.285,10.09185877
7.29,9.967017576
7.295,9.947408144
7.3,10.06189049
7.305,10.07232251
7.31,9.947514477
7.315,9.92406697
7.32,10.02291461
7.325,10.05800048
7.33,10.01037263
7.335,9.968579837
7.34,9.958705484
7.345,10.01499635
7.35,10.09410357
7.355,10.02995555
7.36,9.87001621
7.365,9.875011958
7.37,10.02459972
7.375,10.05036298
7.38,9.946231966
7.385,9.905059908
7.39,9.94147217
7.395,9.977656031
7.4,9.996017386
7.405,9.957073006
7.41,9.89428137
7.415,9.949328031
7.42,10.06373422
7.425,10.02480723
7.43,9.909064974
7.435,9.957359827
7.44,10.09979765
7.445,10.12017253
7.45,10.0395777
7.455,9.979181286
7.46,9.976571928
7.465,10.05248208
7.47,10.13476263
7.475,10.08057669
7.48,9.977734576
7.485,10.03742064
7.49,10.16636025
7.495,10.14419028
7.5,10.0578932
7.505,10.08547984
7.51,10.16541241
7.515,10.19138187
7.52,10.17177857
7.525,10.1225454
7.53,10.11390397
7.535,10.23111625
7.54,10.33415553
7.545,10.24160131
7.55,10.11027341
7.555,10.16242898
7.56,10.27531557
7.565,10.26325513
7.57,10.19402648
7.575,10.17049989
7.58,10.1900461
7.585,10.25026427
7.59,10.28619291
7.595,10.21670271
7.6,10.16512392
7.605,10.26313498
7.61,10.33882955
7.615,10.23430954
7.62,10.13208159
7.625,10.19394404
7.63,10.29398814
7.635,10.30756342
7.64,10.25530034
7.645,10.17532906
7.65,10.15215548
7.655,10.2420192
7.66,10.28970822
7.665,10.1736332
7.67,10.08301481
7.675,10.16301368
7.68,10.23512926
7.685,10.17670639
7.69,10.12219172
7.695,10.15192224
7.7,10.20356555
7.705,10.23513907
7.71,10.19819615
7.715,10.09026669
7.72,10.07281519
7.725,10.20642298
7.73,10.26380316
7.735,10.13912336
7.74,10.05321992
7.745,10.12118368
7.75,10.19178149
7.755,10.17858337
7.76,10.13076297
7.765,10.0836474
7.77,10.09356657
7.775,10.17215627
7.78,10.1798002
7.785,10.08451834
7.79,10.09001484
7.795,10.23275897
7.8,10.27806002
7.805,10.17272048
7.81,10.11160438
7.815,10.1613846
7.82,10.23297172
7.825,10.26866639
7.83,10.2254107
7.835,10.13416516
7.84,10.1541945
7.845,10.2897104
7.85,10.31667459
7.855,10.20764317
7.86,10.18589588
7.865,10.27930016
7.87,10.31140301
7.875,10.26347295
7.88,10.23878784
7.885,10.26519795
7.89,10.3428817
7.895,10.42164735
7.9,10.37784919
7.905,10.26389944
7.91,10.29616962
7.915,10.44002013
7.92,10.45011818
7.925,10.33228443
7.93,10.29008018
7.935,10.34689227
7.94,10.40241658
7.945,10.42068878
7.95,10.3850925
7.955,10.33475949
7.96,10.37962527
7.965,10.46418678
7.97,10.41338879
7.975,10.30388485
7.98,10.34834446
7.985,10.47611984
7.99,10.4824434
7.995,10.3965296
8,10.35077134
8.005,10.37196324
8.01,10.43989015
8.015,10.47987941
8.02,10.39185657
8.025,10.27495867
8.03,10.31672008
8.035,10.4244514
8.04,10.39279209
8.045,10.30052791
8.05,10.31914593
8.055,10.38756414
8.06,10.39240278
8.065,10.34740896
8.07,10.290848
8.075,10.27815884
8.08,10.36341621
8.085,10.42675825
8.09,10.32874748
8.095,10.21995699
8.1,10.29069582
8.105,10.40792575
8.11,10.38217915
8.115,10.28781896
8.12,10.24958677
8.125,10.26588204
8.13,10.30950368
8.135,10.32680517
8.14,10.2647783
8.145,10.23076164
8.15,10.32954143
8.155,10.40624014
8.16,10.32263327
8.165,10.24315166
8.17,10.31435097
8.175,10.40911445
8.18,10.40414297
8.185,10.34163786
8.19,10.29023082
8.195,10.31231678
8.2,10.42245679
8.205,10.47482723
8.21,10.37630135
8.215,10.30419837
8.22,10.3871087
8.225,10.45991177
8.23,10.40565927
8.235,10.35665774
8.24,10.39904737
8.245,10.46551987
8.25,10.50313979
8.255,10.48438425
8.26,10.42029133
8.265,10.43659013
8.27,10.5647971
8.275,10.60425935
8.28,10.47969506
8.285,10.40896873
8.29,10.49881162
8.295,10.58640103
8.3,10.57470523
8.305,10.52809104
8.31,10.49886295
8.315,10.52090461
8.32,10.58779173
8.325,10.58330859
8.33,10.48820293
8.335,10.48199414
8.34,10.59929901
8.345,10.63206675
8.35,10.53463274
8.355,10.49426364
8.36,10.56704056
8.365,10.63901494
8.37,10.64328872
8.375,10.57358214
8.38,10.48309283
8.385,10.49957619
8.39,10.60862794
8.395,10.61340806
8.4,10.49746383
8.405,10.46938192
8.41,10.55514893
8.415,10.58000529
8.42,10.51688754
8.425,10.47392789
8.43,10.48394518
8.435,10.52966735
8.44,10.5653805
8.445,10.5078028
8.45,10.41577499
8.455,10.46348192
8.46,10.59827642
8.465,10.59266381
8.47,10.46403854
8.475,10.41626393
8.48,10.47090828
8.485,10.51180079
8.49,10.5007185
8.495,10.44947383
8.5,10.40619959
8.505,10.45470275
8.51,10.53626453
8.515,10.49758787
8.52,10.40491973
8.525,10.44593508
8.53,10.55327128
8.535,10.5411503
8.54,10.4507231
8.545,10.42693988
8.55,10.4837339
8.555,10.56634675
8.56,10.60298325
8.565,10.53054176
8.57,10.44680565
8.575,10.50472356
8.58,10.61082795
8.585,10.57674454
8.59,10.48236704
8.595,10.50078526
8.6,10.58017262
8.605,10.59991772
8.61,10.57382482
8.615,10.55282546
8.62,10.57466428
8.625,10.66059258
8.63,10.70840884
8.635,10.61995492
8.64,10.53761368
8.645,10.62379407
8.65,10.74505844
8.655,10.72412915
8.66,10.64074143
8.665,10.62874122
8.67,10.67564598
8.675,10.72571975
8.68,10.72858619
8.685,10.65884568
8.69,10.61932912
8.695,10.69782509
8.7,10.75946189
8.705,10.68618504
8.71,10.62804943
8.715,10.710112
8.72,10.8004017
8.725,10.77788421
8.73,10.7024329
8.735,10.65743833
8.74,10.68298186
8.745,10.7674036
8.75,10.78679944
8.755,10.67980243
8.76,10.61393475
8.765,10.69875745
8.77,10.76811468
8.775,10.70354961
8.78,10.63318934
8.785,10.65068206
8.79,10.68788193
8.795,10.68946811
8.8,10.6514733
8.805,10.59835887
8.81,10.6228646
8.815,10.73276977
8.82,10.75358952
8.825,10.63112301
8.83,10.56654638
8.835,10.64972655
8.84,10.71594928
8.845,10.67065706
8.85,10.59833358
8.855,10.57162026
8.86,10.60518384
8.865,10.6687069
8.87,10.66202258
8.875,10.57721593
8.88,10.56982011
8.885,10.66437989
8.89,10.67872042
8.895,10.57969634
8.9,10.54571513
8.905,10.62632554
8.91,10.69908434
8.915,10.69780906
8.92,10.6416624
8.925,10.59122091
8.93,10.63697588
8.935,10.74287139
8.94,10.73599684
8.945,10.62015476
8.95,10.5964576
8.955,10.69012702
8.96,10.72966137
8.965,10.68420372
8.97,10.66329866
8.975,10.69674929
8.98,10.74881413
8.985,10.7762121
8.99,10.72680518
8.995,10.66013724
9,10.71847682
9.005,10.84483312
9.01,10.84043339
9.015,10.73395894
9.02,10.72350827
9.025,10.81611027
9.03,10.87308584
9.035,10.85263712
9.04,10.79361848
9.045,10.75422079
9.05,10.79594444
9.055,10.86270148
9.06,10.82714588
9.065,10.75165072
9.07,10.79842214
9.075,10.90288697
9.08,10.89103883
9.085,10.80408027
9.09,10.78605153
9.095,10.84281552
9.1,10.90094354
9.105,10.90141088
9.11,10.82265021
9.115,10.76143018
9.12,10.83285796
9.125,10.93248194
9.13,10.89013642
9.135,10.78569918
9.14,10.7865739
9.145,10.84520772
9.15,10.84139966
9.155,10.79201814
9.16,10.76045401
9.165,10.7775733
9.17,10.8433951
9.175,10.8691817
9.18,10.783703
9.185,10.71610663
9.19,10.79520237
9.195,10.88748667
9.2,10.83441227
9.205,10.73033282
9.21,10.71834521
9.215,10.77470801
9.22,10.82076155
9.225,10.8116877
9.23,10.74409902
9.235,10.70887995
9.24,10.77191095
9.245,10.81249554
9.25,10.73138667
9.255,10.66729616
9.26,10.73691098
9.265,10.81659381
9.27,10.79188137
9.275,10.73153821
9.28,10.72318286
9.285,10.77875213
9.29,10.85699192
9.295,10.85702406
9.3,10.7529439
9.305,10.70179033
9.31,10.79253571
9.315,10.86623403
9.32,10.81239628
9.325,10.7556682
9.33,10.79167234
9.335,10.84800861
9.34,10.85757162
9.345,10.82536222
9.35,10.78795782
9.355,10.81852044
9.36,10.91177325
9.365,10.92554365
9.37,10.82975479
9.375,10.80636745
9.38,10.91995329
9.385,11.00080975
9.39,10.9577068
9.395,10.88819499
9.4,10.87578688
9.405,10.91931303
9.41,10.97464268
9.415,10.96160364
9.42,10.88948866
9.425,10.89484245
9.43,10.99173441
9.435,11.01147857
9.44,10.92552818
9.445,10.89872575
9.45,10.97236212
9.455,11.02279914
9.46,10.99381641
9.465,10.93239285
9.47,10.90404004
9.475,10.96527346
9.48,11.06106628
9.485,11.04376127
9.49,10.93044546
9.495,10.907313
9.5,10.9900861
9.505,11.01121645
9.51,10.94073529
9.515,10.8965927
9.52,10.91800128
9.525,10.95759569
9.53,10.97023823
9.535,10.92376116
9.54,10.87313995
9.545,10.92258833
9.55,11.0113481
9.555,10.97414663
9.56,10.85519315
9.565,10.84100976
9.57,10.93054599
9.575,10.97786495
9.58,10.94177122
9.585,10.88199357
9.59,10.85884129
9.595,10.90535229
9.6,10.95467109
9.605,10.90344404
9.61,10.81856546
9.615,10.84724559
9.62,10.92995466
9.625,10.91202345
9.63,10.83709655
9.635,10.83961559
9.64,10.91101079
9.645,10.96280344
9.65,10.94732211
9.655,10.87102812
9.66,10.828313
9.665,10.90415679
9.67,10.99431213
9.675,10.95176088
9.68,10.86264176
9.685,10.88572463
9.69,10.96677151
9.695,10.97642913
9.7,10.92996084
9.705,10.90210516
9.71,10.91957649
9.715,10.97120782
9.72,10.98769358
9.725,10.92463075
9.73,10.89406004
9.735,10.99361365
9.74,11.09151211
9.745,11.0471221
9.75,10.95959285
9.755,10.96989268
9.76,11.04280592
9.765,11.08349527
9.77,11.06052813
9.775,10.99973048
9.78,10.98666874
9.785,11.06315191
9.79,11.11303279
9.795,11.05028676
9.8,10.99923338
9.805,11.06162311
9.81,11.12405267
9.815,11.08467595
9.82,11.02053228
9.825,11.02275815
9.83,11.0868214
9.835,11.1545187
9.84,11.14455842
9.845,11.05551099
9.85,11.02627062
9.855,11.11585357
9.86,11.16997023
9.865,11.09489153
9.87,11.02012864
9.875,11.04481664
9.88,11.09435177
9.885,11.0951426
9.89,11.05770766
9.895,11.02398126
9.9,11.0465679
9.905,11.10845774
9.91,11.09264052
9.915,10.98895732
9.92,10.96187472
9.925,11.05910677
9.93,11.11708487
9.935,11.05686386
9.94,10.98834353
9.945,10.99396492
9.95,11.04817903
9.955,11.08731779
9.96,11.05064591
9.965,10.96537145
9.97,10.95511972
9.975,11.02850425
9.98,11.03710018
9.985,10.95800484
9.99,10.9404008
9.995,11.01765151
10,11.06392153
10.005,11.02653815
10.01,10.96703262
10.015,10.95334592
10.02,11.01379621
10.025,11.08594328
10.03,11.05601778
10.035,10.961113
10.04,10.96659526
10.045,11.07036377
10.05,11.1057853
10.055,11.04271473
10.06,11.00192561
10.065,11.02643723
10.07,11.06437193
10.075,11.07017172
10.08,11.03018633
10.085,11.00059393
10.09,11.06225141
10.095,11.15092479
10.1,11.12566741
10.105,11.03707025
10.11,11.05084214
10.115,11.15027239
10.12,11.1888808
10.125,11.14002058
10.13,11.08560021
10.135,11.08811928
10.14,11.15508281
10.145,11.21231659
10.15,11.17407973
10.155,11.10685527
10.16,11.13900503
10.165,11.21234826
10.17,11.18777702
10.175,11.11160566
10.18,11.1153657
10.185,11.18623446
10.19,11.22955499
10.195,11.20840992
10.2,11.15088741
10.205,11.13813915
10.21,11.21830663
10.215,11.2858291
10.22,11.22323132
10.225,11.12615094
10.23,11.1441832
10.235,11.22108717
10.24,11.22678404
10.245,11.17625803
10.25,11.15046185
10.255,11.17072445
10.26,11.20963365
10.265,11.2044984
10.27,11.13153309
10.275,11.09265849
10.28,11.16376701
10.285,11.22563747
10.29,11.1645632
10.295,11.08410205
10.3,11.11069263
10.305,11.19130544
10.31,11.21849343
10.315,11.17225714
10.32,11.10094583
10.325,11.08528514
10.33,11.14690807
10.335,11.17719237
10.34,11.10811536
10.345,11.05800743
10.35,11.11580225
10.355,11.17042945
10.36,11.12747344
10.365,11.06446558
10.37,11.06882819
10.375,11.12222286
10.38,11.16250683
10.385,11.13397214
10.39,11.05801154
10.395,11.05584719
10.4,11.15959301
10.405,11.21693146
10.41,11.1472243
10.415,11.08137056
10.42,11.11372776
10.425,11.16559166
10.43,11.1594996
10.435,11.11866095
10.44,11.09534959
10.445,11.12912377
10.45,11.19366007
10.455,11.19042381
10.46,11.11849064
10.465,11.11739714
10.47,11.21586215
10.475,11.26162324
10.48,11.19479546
10.485,11.13511813
10.49,11.1651915
10.495,11.24022729
10.5,11.28490085
10.505,11.25595067
10.51,11.19564113
10.515,11.20946121
10.52,11.28905893
10.525,11.29769436
10.53,11.22144448
10.535,11.20239916
10.54,11.27100779
10.545,11.30993488
10.55,11.27471817
10.555,11.23370357
10.56,11.24541795
10.565,11.31244244
10.57,11.36619157
10.575,11.32069007
10.58,11.22932797
10.585,11.24058633
10.59,11.339029
10.595,11.36445603
10.6,11.29643037
10.605,11.25991351
10.61,11.29456265
10.615,11.33349154
10.62,11.32702061
10.625,11.27595852
10.63,11.23736077
10.635,11.27481855
10.64,11.33012589
10.645,11.28995237
10.65,11.2087343
10.655,11.23164745
10.66,11.32822522
10.665,11.35213712
10.67,11.28667348
10.675,11.22806455
10.68,11.23384804
10.685,11.28874728
10.69,11.31849424
10.695,11.26305733
10.7,11.1959575
10.705,11.22886306
10.71,11.29968938
10.715,11.27767279
10.72,11.20543718
10.725,11.20507356
10.73,11.25936043
10.735,11.27600325
10.74,11.23393707
10.745,11.18002094
10.75,11.18467195
10.755,11.26820279
10.76,11.32679681
10.765,11.26755976
10.77,11.18956594
10.775,11.22415046
10.78,11.30540709
10.785,11.3043967
10.79,11.24508883
10.795,11.21988981
10.8,11.24921449
10.805,11.29462131
10.81,11.29895501
10.815,11.24941935
10.82,11.2330623
10.825,11.3053866
10.83,11.35595451
10.835,11.29342399
10.84,11.22417542
10.845,11.26515638
10.85,11.35265012
10.855,11.37862946
10.86,11.33909099
10.865,11.29684478
10.87,11.31566109
10.875,11.39079576
10.88,11.41884409
10.885,11.34989115
10.89,11.30072516
10.895,11.35378494
10.9,11.40726386
10.905,11.37297085
10.91,11.32725407
10.915,11.35108521
10.92,11.41234189
10.925,11.44157781
10.93,11.40322823
10.935,11.33673558
10.94,11.34412018
10.945,11.43628855
10.95,11.47471513
10.955,11.40113616
10.96,11.34637358
10.965,11.3952635
10.97,11.45792538
10.975,11.45035053
10.98,11.40084609
10.985,11.37038609
10.99,11.39034974
10.995,11.42951063
11,11.40874868
11.005,11.3379148
11.01,11.33922288
11.015,11.42599174
11.02,11.45542236
11.025,11.38081782
11.03,11.32362745
11.035,11.35516146
11.04,11.41503922
11.045,11.42792805
11.05,11.37609565
11.055,11.31633421
11.06,11.33656183
11.065,11.41367909
11.07,11.41832294
11.075,11.34167896
11.08,11.31631562
11.085,11.36903647
11.09,11.38725286
11.095,11.33403553
11.1,11.2866317
11.105,11.30016228
11.11,11.35900901
11.115,11.39603997
11.12,11.35087351
11.125,11.28193674
11.13,11.31062944
11.135,11.40480903
11.14,11.41477112
11.145,11.33408083
11.15,11.29514369
11.155,11.33726029
11.16,11.38420407
11.165,11.38358548
11.17,11.34697329
11.175,11.32862139
11.18,11.3726099
11.185,11.41996178
11.19,11.37866351
11.195,11.30666239
11.2,11.33331045
11.205,11.4231753
11.21,11.4408146
11.215,11.38312511
11.22,11.35264262
11.225,11.39375008
11.23,11.46537798
11.235,11.4921276
11.24,11.43720629
11.245,11.38058484
11.25,11.41903458
11.255,11.48965197
11.26,11.47307647
11.265,11.4136436
11.27,11.42665593
11.275,11.48982256
11.28,11.50857941
11.285,11.46906018
11.29,11.42733489
11.295,11.44008876
11.3,11.50902729
11.305,11.54338262
11.31,11.47966778
11.315,11.41837594
11.32,11.47171065
11.325,11.56171788
11.33,11.55940046
11.335,11.49488184
11.34,11.46879122
11.345,11.49622456
11.35,11.52719792
11.355,11.51448905
11.36,11.46082841
11.365,11.44455011
11.37,11.50520109
11.375,11.54308118
11.38,11.48152099
11.385,11.41983334
11.39,11.4586339
11.395,11.52700755
11.4,11.52140604
11.405,11.45699004
11.41,11.41262427
11.415,11.43794503
11.42,11.50753951
11.425,11.52468035
11.43,11.45649311
11.435,11.41247407
11.44,11.46089199
11.445,11.5012155
11.45,11.45267538
11.455,11.39415105
11.46,11.40623002
11.465,11.45284294
11.47,11.46600351
11.475,11.42630266
11.48,11.37810154
11.485,11.39940387
11.49,11.48047876
11.495,11.49664595
11.5,11.41147285
11.505,11.35781621
11.51,11.41210969
11.515,11.47721424
11.52,11.46790574
11.525,11.4233754
11.53,11.40991508
11.535,11.44377122
11.54,11.48341259
11.545,11.46328411
11.55,11.40069627
11.555,11.40186751
11.56,11.47511756
11.565,11.49527655
11.57,11.42909575
11.575,11.3956741
11.58,11.45413844
11.585,11.52660063
11.59,11.53523155
11.595,11.48346747
11.6,11.43923204
11.605,11.47134931
11.61,11.54508592
11.615,11.5473987
11.62,11.48065432
11.625,11.47006681
11.63,11.536771
11.635,11.568454
11.64,11.52715874
11.645,11.49044648
11.65,11.50917815
11.655,11.55694815
11.66,11.57295969
11.665,11.52359259
11.67,11.47232794
11.675,11.51666409
11.68,11.61132797
11.685,11.6185936
11.69,11.54310281
11.695,11.51541232
11.7,11.56631037
11.705,11.6091096
11.71,11.59340095
11.715,11.54676433
11.72,11.52801749
11.725,11.56789896
11.73,11.60881508
11.735,11.57250899
11.74,11.5123008
11.745,11.5372874
11.75,11.60672855
11.755,11.59757274
11.76,11.52075829
11.765,11.48635202
11.77,11.52834432
11.775,11.58916622
11.78,11.59844683
11.785,11.54129006
11.79,11.49596199
11.795,11.53706487
11.8,11.59608254
11.805,11.5646774
11.81,11.49082641
11.815,11.48852761
11.82,11.53779378
11.825,11.54519705
11.83,11.5026909
11.835,11.4708147
11.84,11.49194523
11.845,11.54808676
11.85,11.5592637
11.855,11.48763437
11.86,11.43144455
11.865,11.48280359
11.87,11.56028189
11.875,11.54645031
11.88,11.48215395
11.885,11.47154904
11.89,11.5194429
11.895,11.55958517
11.9,11.54645601
11.905,11.4958307
11.91,11.48075839
11.915,11.53074891
11.92,11.5581982
11.925,11.50364725
11.93,11.46109962
11.935,11.51500839
11.94,11.58804019
11.945,11.58146598
11.95,11.52313079
11.955,11.4975718
11.96,11.53776577
11.965,11.60234649
11.97,11.60925534
11.975,11.54716539
11.98,11.52171038
11.985,11.58778767
11.99,11.64371443
11.995,11.6111078
12,11.56610496
12.005,11.5862531
12.01,11.63086359
12.015,11.63271107
12.02,11.59003646
12.025,11.55568732
12.03,11.58876833
12.035,11.66574537
12.04,11.67903393
12.045,11.6080998
12.05,11.57558272
12.055,11.64142945
12.06,11.70222115
12.065,11.67743526
12.07,11.62041207
12.075,11.60863999
12.08,11.64801661
12.085,11.68761559
12.09,11.67142457
12.095,11.62143843
12.1,11.62652499
12.105,11.68551249
12.11,11.68845606
12.115,11.61395781
12.12,11.57680149
12.125,11.62653716
12.13,11.68117579
12.135,11.66953301
12.14,11.61385182
12.145,11.58449232
12.15,11.62680824
12.155,11.69005719
12.16,11.67450294
12.165,11.59654886
12.17,11.5763449
12.175,11.63150735
12.18,11.6536507
12.185,11.60895304
12.19,11.57563979
12.195,11.598996
12.2,11.64028171
12.205,11.64124302
12.21,11.58576342
12.215,11.53774529
12.22,11.57338461
12.225,11.64350941
12.23,11.63136186
12.235,11.55510466
12.24,11.54146559
12.245,11.60884782
12.25,11.65827188
12.255,11.63808859
12.26,11.59032532
12.265,11.57600074
12.27,11.61209882
12.275,11.64192659
12.28,11.60552979
12.285,11.55661196
12.29,11.58776037
12.295,11.65655276
12.3,11.65057253
12.305,11.5863787
12.31,11.56932717
12.315,11.62158865
12.32,11.67316031
12.325,11.66471915
12.33,11.60768925
12.335,11.58270009
12.34,11.64291975
12.345,11.71232203
12.35,11.69342427
12.355,11.63575073
12.36,11.64550808
12.365,11.69963378
12.37,11.7066459
12.375,11.66407309
12.38,11.63857811
12.385,11.66652694
12.39,11.72002043
12.395,11.72931594
12.4,11.67375164
12.405,11.64261547
12.41,11.70402279
12.415,11.77203293
12.42,11.74416917
12.425,11.67393862
12.43,11.66817563
12.435,11.72265387
12.44,11.76200116
12.445,11.74701589
12.45,11.70484519
12.455,11.70096931
12.46,11.7498081
12.465,11.76927802
12.47,11.71144647
12.475,11.66544779
12.48,11.70550526
12.485,11.7574792
12.49,11.73390169
12.495,11.67392469
12.5,11.6612131
12.505,11.70981824
12.51,11.76195785
12.515,11.74766103
12.52,11.67614472
12.525,11.64760816
12.53,11.70350939
12.535,11.74531455
12.54,11.70461713
12.545,11.65721174
12.55,11.6773056
12.555,11.71971539
12.56,11.71555209
12.565,11.66900277
12.57,11.63522741
12.575,11.65844909
12.58,11.70742076
12.585,11.69551388
12.59,11.62140053
12.595,11.59995964
12.6,11.67134016
12.605,11.72817673
12.61,11.69666592
12.615,11.63964508
12.62,11.63463217
12.625,11.67570393
12.63,11.70487013
12.635,11.67878446
12.64,11.63082219
12.645,11.64058648
12.65,11.70109877
12.655,11.70985821
12.66,11.65116485
12.665,11.62901296
12.67,11.68197838
12.675,11.72512271
12.68,11.69853541
12.685,11.64301964
12.69,11.6301941
12.695,11.68563166
12.7,11.74937402
12.705,11.73821828
12.71,11.67733003
12.715,11.67670202
12.72,11.74238853
12.725,11.76758673
12.73,11.722652
12.735,11.69058847
12.74,11.71721851
12.745,11.75862417
12.75,11.76111259
12.755,11.72176738
12.76,11.70026023
12.765,11.74814067
12.77,11.81015799
12.775,11.78760633
12.78,11.71172797
12.785,11.70312029
12.79,11.77143937
12.795,11.81499242
12.8,11.78948951
12.805,11.74947891
12.81,11.75398581
12.815,11.80275207
12.82,11.83243407
12.825,11.79517626
12.83,11.74633176
12.835,11.76777877
12.84,11.81865258
12.845,11.80198598
12.85,11.74084187
12.855,11.73327444
12.86,11.78867536
12.865,11.82912435
12.87,11.80499446
12.875,11.74429895
12.88,11.72393537
12.885,11.77657589
12.89,11.8248552
12.895,11.78914932
12.9,11.7274402
12.905,11.7397527
12.91,11.79650901
12.915,11.80364666
12.92,11.75878918
12.925,11.73071564
12.93,11.74906138
12.935,11.7794446
12.94,11.76546112
12.945,11.70475333
12.95,11.67969105
12.955,11.73867314
12.96,11.79586501
12.965,11.76189968
12.97,11.69544922
12.975,11.69693338
12.98,11.75152127
12.985,11.77672483
12.99,11.7439816
12.995,11.69762014
13,11.69973835
13.005,11.75165898
13.01,11.77449215
13.015,11.73078476
13.02,11.70007302
13.025,11.74275547
13.03,11.78655678
13.035,11.75511298
13.04,11.69572379
13.045,11.69184108
13.05,11.74581334
13.055,11.79203619
13.06,11.77551088
13.065,11.72109527
13.07,11.71874212
13.075,11.78826028
13.08,11.83056698
13.085,11.78810045
13.09,11.74202641
13.095,11.7658733
13.1,11.81333452
13.105,11.81682229
13.11,11.78494254
13.115,11.772525
13.12,11.80922934
13.125,11.85602117
13.13,11.84019858
13.135,11.77430835
13.14,11.76233214
13.145,11.83062181
13.15,11.8756844
13.155,11.83822528
13.16,11.79060787
13.165,11.80611817
13.17,11.8631126
13.175,11.89345375
13.18,11.86456705
13.185,11.81884799
13.19,11.82732385
13.195,11.87649132
13.2,11.87658307
13.205,11.82066454
13.21,11.80520261
13.215,11.8593526
13.22,11.89731016
13.225,11.86553835
13.23,11.81176767
13.235,11.80484813
13.24,11.85232172
13.245,11.89010129
13.25,11.85608281
13.255,11.79117907
13.26,11.79528191
13.265,11.86192562
13.27,11.88576889
13.275,11.84025314
13.28,11.80743062
13.285,11.82927084
13.29,11.8586535
13.295,11.84531561
13.3,11.79840566
13.305,11.77695137
13.31,11.81748869
13.315,11.86318959
13.32,11.83268626
13.325,11.76517833
13.33,11.76629101
13.335,11.83087933
13.34,11.85630662
13.345,11.81070881
13.35,11.76214296
13.355,11.76965309
13.36,11.82011883
13.365,11.84751401
13.37,11.81502717
13.375,11.77746928
13.38,11.80416813
13.385,11.85076001
13.39,11.83044432
13.395,11.77008489
13.4,11.76373464
13.405,11.81489176
13.41,11.84550888
13.415,11.81790384
13.42,11.77221291
13.425,11.77616792
13.43,11.83899463
13.435,11.88157563
13.44,11.84115997
13.445,11.78363705
13.45,11.80135319
13.455,11.8608451
13.46,11.87071912
13.465,11.83353711
13.47,11.82054909
13.475,11.85495356
13.48,11.89404416
13.485,11.88557677
13.49,11.83809945
13.495,11.82482903
13.5,11.87918173
13.505,11.92029217
13.51,11.87949533
13.515,11.82317014
13.52,11.84329808
13.525,11.91228078
13.53,11.94095617
13.535,11.90838725
13.54,11.86844011
13.545,11.87848983
13.55,11.92700909
13.555,11.94167867
13.56,11.89706254
13.565,11.87088008
13.57,11.91386963
13.575,11.95564891
13.58,11.9275912
13.585,11.87672347
13.59,11.87930793
13.595,11.92520314
13.6,11.94812223
13.605,11.91061861
13.61,11.85412751
13.615,11.85797329
13.62,11.92523214
13.625,11.95871407
13.63,11.91227091
13.635,11.86783626
13.64,11.89224287
13.645,11.93410877
13.65,11.92397128
13.655,11.87868033
13.66,11.85788436
13.665,11.8850215
13.67,11.91761122
13.675,11.89660075
13.68,11.84101251
13.685,11.83817804
13.69,11.89854105
13.695,11.92378481
13.7,11.86898827
13.705,11.81326132
13.71,11.82798181
13.715,11.88096789
13.72,11.9012127
13.725,11.86762761
13.73,11.83068776
13.735,11.84966413
13.74,11.89967789
13.745,11.89776489
13.75,11.84351073
13.755,11.82730291
13.76,11.8726246
13.765,11.89985776
13.77,11.86570085
13.775,11.82436043
13.78,11.83677267
13.785,11.89303101
13.79,11.92493772
13.795,11.88689696
13.8,11.83021173
13.805,11.84298525
13.81,11.90866109
13.815,11.92733306
13.82,11.88315936
13.825,11.86105575
13.83,11.8992256
13.835,11.94318738
13.84,11.94062947
13.845,11.90574818
13.85,11.8943267
13.855,11.93176248
13.86,11.9639966
13.865,11.93031905
13.87,11.87605143
13.875,11.89347191
13.88,11.96518599
13.885,11.99057834
13.89,11.94725587
13.895,11.90903068
13.9,11.92884053
13.905,11.97859752
13.91,11.99356868
13.915,11.95312915
13.92,11.91896708
13.925,11.95013717
13.93,11.99952303
13.935,11.98708906
13.94,11.93933167
13.945,11.94075787
13.95,11.9871686
13.955,12.0026673
13.96,11.96065189
13.965,11.91315248
13.97,11.92081664
13.975,11.97815461
13.98,12.00743637
13.985,11.96310183
13.99,11.91382251
13.995,11.93824278
14,11.99375635
14.005,11.99149495
14.01,11.94172039
14.015,11.91949882
14.02,11.9466932
14.025,11.97672047
14.03,11.96435051
14.035,11.92389424
14.04,11.91892025
14.045,11.96698715
14.05,11.99102189
14.055,11.93837011
14.06,11.8793233
14.065,11.89656511
14.07,11.95277547
14.075,11.96263908
14.08,11.91875745
14.085,11.88461097
14.09,11.90649358
14.095,11.95805252
14.1,11.96763719
14.105,11.9197071
14.11,11.89071995
14.115,11.9255251
14.12,11.95798184
14.125,11.92785036
14.13,11.88509609
14.135,11.89809956
14.14,11.94770122
14.145,11.9654472
14.15,11.92609925
14.155,11.87876653
14.16,11.89060737
14.165,11.95047585
14.17,11.96904047
14.175,11.91831087
14.18,11.88331093
14.185,11.92214464
14.19,11.97581391
14.195,11.97485863
14.2,11.93917053
14.205,11.92904215
14.21,11.96026383
14.215,11.98796759
14.22,11.96506404
14.225,11.91869545
14.23,11.92701757
14.235,11.98984102
14.24,12.01457114
14.245,11.96764655
14.25,11.92909238
14.255,11.95882856
14.26,12.01251948
14.265,12.02015601
14.27,11.97677761
14.275,11.94287409
14.28,11.96963771
14.285,12.02403647
14.29,12.02797305
14.295,11.98532424
14.3,11.97842799
14.305,12.02332896
14.31,12.04336988
14.315,12.00328544
14.32,11.96178431
14.325,11.97437424
14.33,12.02168782
14.335,12.03879726
14.34,11.99699347
14.345,11.95234961
14.35,11.97642201
14.355,12.03815917
14.36,12.04263405
14.365,11.98557597
14.37,11.9553537
14.375,11.98718856
14.38,12.02243925
14.385,12.01187299
14.39,11.9762924
14.395,11.96960195
14.4,12.00548437
14.405,12.02857632
14.41,11.9895251
14.415,11.93573947
14.42,11.94748741
14.425,12.00056548
14.43,12.00458345
14.435,11.95074467
14.44,11.91726721
14.445,11.94656016
14.45,11.99740483
14.455,12.00422705
14.46,11.95820026
14.465,11.92448525
14.47,11.95249828
14.475,11.99256729
14.48,11.97393764
14.485,11.92906049
14.49,11.93564814
14.495,11.98399514
14.5,11.99963921
14.505,11.96303028
14.51,11.9276295
14.515,11.94313561
14.52,11.99201977
14.525,12.0034505
14.53,11.95180993
14.535,11.91104492
14.54,11.94813019
14.545,12.01077872
14.55,12.01327645
14.555,11.97090524
14.56,11.95942012
14.565,11.99406093
14.57,12.02360528
14.575,12.00849007
14.58,11.97157628
14.585,11.97319995
14.59,12.02208741
14.595,12.04691416
14.6,12.00663911
14.605,11.96900506
14.61,12.00055303
14.615,12.05579878
14.62,12.05493257
14.625,12.00422582
14.63,11.97431848
14.635,12.00396413
14.64,12.05647082
14.645,12.06413778
14.65,12.02340992
14.655,12.00802542
14.66,12.05148059
14.665,12.08502364
14.67,12.05540565
14.675,12.01454796
14.68,12.02656077
14.685,12.06875473
14.69,12.07755278
14.695,12.03981588
14.7,12.0068723
14.705,12.03163639
14.71,12.08867686
14.715,12.09455926
14.72,12.0353628
14.725,11.99876168
14.73,12.03421394
14.735,12.07772542
14.74,12.06555648
14.745,12.02578683
14.75,12.01913891
14.755,12.05300158
14.76,12.07858487
14.765,12.05432182
14.77,12.01041887
14.775,12.01481329
14.78,12.06013235
14.785,12.06390266
14.79,12.00719949
14.795,11.97201977
14.8,12.00643218
14.805,12.05593307
14.81,12.05276151
14.815,12.00396883
14.82,11.97303822
14.825,11.99914056
14.83,12.04140831
14.835,12.03083487
14.84,11.98156462
14.845,11.97421376
14.85,12.01980007
14.855,12.04169722
14.86,12.00812799
14.865,11.97584164
14.87,11.99251317
14.875,12.03085107
14.88,12.03220572
14.885,11.98414662
14.89,11.94680746
14.895,11.97858948
14.9,12.03884397
14.905,12.04040529
14.91,11.98893013
14.915,11.97134867
14.92,12.0124427
14.925,12.04796563
14.93,12.03249304
14.935,11.9963342
14.94,11.99420173
14.945,12.03323342
14.95,12.05948608
14.955,12.03243731
14.96,11.99927456
14.965,12.02590867
14.97,12.08065562
14.975,12.0793839
14.98,12.02495054
14.985,11.99849053
14.99,12.03427702
14.995,12.08251367
15,12.08361311
15.005,12.04285571
15.01,12.02492518
15.015,12.06583728
15.02,12.10966327
15.025,12.09195822
15.03,12.04808757
15.035,12.05289953
15.04,12.09467676
15.045,12.10385667
15.05,12.06870505
15.055,12.04449466
15.06,12.07046594
15.065,12.1171077
15.07,12.11967387
15.075,12.06663338
15.08,12.03116148
15.085,12.06615711
15.09,12.11455036
15.095,12.10020587
15.1,12.04966375
15.105,12.04020294
15.11,12.07994474
15.115,12.110159
15.12,12.09276299
15.125,12.05595847
15.13,12.055204
15.135,12.09201588
15.14,12.10116765
15.145,12.05463672
15.15,12.0196942
15.155,12.05150381
15.16,12.09926142
15.165,12.0891249
15.17,12.03630159
15.175,12.01148453
15.18,12.04165051
15.185,12.08090024
15.19,12.07015975
15.195,12.01994231
15.2,12.00454455
15.205,12.04841981
15.21,12.08159766
15.215,12.05578883
15.22,12.02171697
15.225,12.03694272
15.23,12.073471
15.235,12.07153595
15.24,12.02835418
15.245,11.9991619
15.25,12.0258686
15.255,12.07472933
15.26,12.0729
15.265,12.01954992
15.27,11.99817191
15.275,12.043738
15.28,12.08669607
15.285,12.0674079
15.29,12.02278261
15.295,12.01752676
15.3,12.05420323
15.305,12.08081345
15.31,12.06251384
15.315,12.03318079
15.32,12.04977425
15.325,12.09729548
15.33,12.10070659
15.335,12.05055363
15.34,12.0247668
15.345,12.06227413
15.35,12.10555488
15.355,12.09505661
15.36,12.05047959
15.365,12.03613392
15.37,12.07741153
15.375,12.12305193
15.38,12.11115936
15.385,12.06467255
15.39,12.06101633
15.395,12.10485402
15.4,12.12362888
15.405,12.09248427
15.41,12.06914679
15.415,12.09484635
15.42,12.13613574
15.425,12.13712661
15.43,12.09420123
15.435,12.06685232
15.44,12.09840734
15.445,12.14346086
15.45,12.12805994
15.455,12.07166093
15.46,12.05959858
15.465,12.10709225
15.47,12.14375089
15.475,12.12639689
15.48,12.09067004
15.485,12.08944559
15.49,12.12264457
15.495,12.13696932
15.5,12.10317761
15.505,12.06992202
15.51,12.09355382
15.515,12.13868493
15.52,12.1306854
15.525,12.07939545
15.53,12.06099083
15.535,12.09793816
15.54,12.13277092
15.545,12.11411142
15.55,12.06219803
15.555,12.04404344
15.56,12.08356893
15.565,12.12081994
15.57,12.09951295
15.575,12.05861742
15.58,12.06618656
15.585,12.10548886
15.59,12.10915912
15.595,12.06983302
15.6,12.04457431
15.605,12.06751516
15.61,12.10503951
15.615,12.10037035
15.62,12.05442317
15.625,12.03583423
15.63,12.08014081
15.635,12.12450906
15.64,12.10237845
15.645,12.04926334
15.65,12.04216417
15.655,12.08313085
15.66,12.11054415
15.665,12.09251426
15.67,12.06412956
15.675,12.07590042
15.68,12.11972994
15.685,12.13317036
15.69,12.09598517
15.695,12.07146056
15.7,12.10492706
15.705,12.14580553
15.71,12.13085387
15.715,12.08457438
15.72,12.07686496
15.725,12.12225047
15.73,12.16460492
15.735,12.1516515
15.74,12.10554217
15.745,12.09707294
15.75,12.14065648
15.755,12.16847219
15.76,12.14096316
15.765,12.11122452
15.77,12.13304265
15.775,12.17588035
15.78,12.18033483
15.785,12.14678223
15.79,12.12935286
15.795,12.15855126
15.8,12.19512288
15.805,12.17914586
15.81,12.1245987
15.815,12.11012704
15.82,12.15825453
15.825,12.19763069
15.83,12.17564662
15.835,12.13407663
15.84,12.13513111
15.845,12.17305995
15.85,12.19125875
15.855,12.16304506
15.86,12.12932521
15.865,12.14232739
15.87,12.18201807
15.875,12.18158394
15.88,12.13798358
15.885,12.12110085
15.89,12.1585717
15.895,12.19058781
15.9,12.16545258
15.905,12.11299408
15.91,12.09899962
15.915,12.13747322
15.92,12.1720957
15.925,12.15160515
15.93,12.10735818
15.935,12.10930623
15.94,12.15320228
15.945,12.16770482
15.95,12.13202666
15.955,12.10422572
15.96,12.12353275
15.965,12.15551279
15.97,12.1491428
15.975,12.11052025
15.98,12.09669263
15.985,12.13526926
15.99,12.17430435
15.995,12.15204665
16,12.09667293
16.005,12.08758299
16.01,12.1322702
16.015,12.16020547
16.02,12.13503677
16.025,12.10075289
16.03,12.11014601
16.035,12.15255445
16.04,12.17084978
16.045,12.14217715
16.05,12.11584472
16.055,12.1392135
16.06,12.17675512
16.065,12.16544172
16.07,12.12153729
16.075,12.11622767
16.08,12.16242489
16.085,12.19884169
16.09,12.18007925
16.095,12.13619978
16.1,12.13105678
16.105,12.17471445
16.11,12.20522712
16.115,12.17872894
16.12,12.14117888
16.125,12.15593995
16.13,12.20237296
16.135,12.21392305
16.14,12.18484521
16.145,12.17049483
16.15,12.19837307
16.155,12.23014674
16.16,12.2167547
16.165,12.17156906
16.17,12.16004203
16.175,12.20477435
16.18,12.24238768
16.185,12.21797836
16.19,12.1717233
16.195,12.17393448
16.2,12.21769415
16.205,12.23714725
16.21,12.20677117
16.215,12.17121382
16.22,12.17987501
16.225,12.21777605
16.23,12.22647441
16.235,12.19342707
16.24,12.17634387
16.245,12.20926467
16.25,12.24140401
16.255,12.21770455
16.26,12.16788863
16.265,12.15927602
16.27,12.19771753
16.275,12.2240773
16.28,12.19745847
16.285,12.1523551
16.29,12.15270914
16.295,12.19818116
16.3,12.21959333
16.305,12.18518143
16.31,12.14954254
16.315,12.16380349
16.32,12.19737997
16.325,12.19429698
16.33,12.16035124
16.335,12.14965182
16.34,12.1836686
16.345,12.21671034
16.35,12.19807638
16.355,12.14948235
16.36,12.14129195
16.365,12.18445913
16.37,12.2102456
16.375,12.17774884
16.38,12.13600142
16.385,12.14538745
16.39,12.19067647
16.395,12.21051246
16.4,12.18384639
16.405,12.15645375
16.41,12.17295035
16.415,12.20874002
16.42,12.20546914
16.425,12.16740185
16.43,12.15919849
16.435,12.20122801
16.44,12.23487042
16.445,12.21370148
16.45,12.17276126
16.455,12.17344983
16.46,12.21644115
16.465,12.24112788
16.47,12.21071187
16.475,12.16794134
16.48,12.1764911
16.485,12.22449653
16.49,12.24317082
16.495,12.21478335
16.5,12.1952209
16.505,12.22032815
16.51,12.2527545
16.515,12.24366513
16.52,12.20623995
16.525,12.19758283
16.53,12.23501458
16.535,12.26619939
16.54,12.24321902
16.545,12.20016766
16.55,12.20494341
16.555,12.25326068
16.56,12.27449754
16.565,12.23953258
16.57,12.19975118
16.575,12.20765917
16.58,12.24578908
16.585,12.25660793
16.59,12.22703015
16.595,12.20742604
16.6,12.23446797
16.605,12.26892872
16.61,12.25529997
16.615,12.21257016
16.62,12.20558761
16.625,12.2429427
16.63,12.26489784
16.635,12.23505079
16.64,12.19299342
16.645,12.19776659
16.65,12.24376629
16.655,12.26569205
16.66,12.23115146
16.665,12.19043613
16.67,12.20025972
16.675,12.23728865
16.68,12.23924067
16.685,12.20435763
16.69,12.18901252
16.695,12.21729469
16.7,12.24659681
16.705,12.23184457
16.71,12.19246719
16.715,12.18706762
16.72,12.22524058
16.725,12.24670829
16.73,12.21171357
16.735,12.16634011
16.74,12.1748349
16.745,12.22236971
16.75,12.24094535
16.755,12.20947415
16.76,12.1784853
16.765,12.19296157
16.77,12.22873301
16.775,12.23027693
16.78,12.19525131
16.785,12.18112731
16.79,12.21454023
16.795,12.246846
16.8,12.23054857
16.805,12.19543533
16.81,12.20088368
16.815,12.24392468
16.82,12.26395725
16.825,12.23089313
16.83,12.189759
16.835,12.19883404
16.84,12.24633857
16.845,12.26569871
16.85,12.23512548
16.855,12.20959655
16.86,12.23307812
16.865,12.27097767
16.87,12.2682013
16.875,12.2341552
16.88,12.22478389
16.885,12.25716203
16.89,12.28464853
16.895,12.26653336
16.9,12.23181449
16.905,12.2396763
16.91,12.28758666
16.915,12.30909554
16.92,12.27286782
16.925,12.23162351
16.93,12.24228456
16.935,12.28402744
16.94,12.29452412
16.945,12.26219175
16.95,12.23910097
16.955,12.2620186
16.96,12.29793761
16.965,12.29339069
16.97,12.25737329
16.975,12.24819995
16.98,12.28068682
16.985,12.30088196
16.99,12.2719299
16.995,12.23333014
17,12.24161775
17.005,12.28595888
17.01,12.30281575
17.015,12.26654789
17.02,12.22654316
17.025,12.23666602
17.03,12.27575334
17.035,12.28055215
17.04,12.24249232
17.045,12.21919974
17.05,12.24382117
17.055,12.27581227
17.06,12.26668279
17.065,12.23291452
17.07,12.22881461
17.075,12.26226071
17.08,12.28071383
17.085,12.24988385
17.09,12.20987104
17.095,12.21913633
17.1,12.26521895
17.105,12.28124663
17.11,12.2451551
17.115,12.21128565
17.12,12.22718833
17.125,12.26551368
17.13,12.26810683
17.135,12.23235582
17.14,12.21307982
17.145,12.23959992
17.15,12.27209346
17.155,12.26309451
17.16,12.23262538
17.165,12.23661144
17.17,12.27680765
17.175,12.29496707
17.18,12.26174907
17.185,12.22324389
17.19,12.23458424
17.195,12.27935186
17.2,12.29405256
17.205,12.2605496
17.21,12.23233306
17.215,12.25474061
17.22,12.29706175
17.225,12.30016726
17.23,12.26527999
17.235,12.24974531
17.24,12.27746231
17.245,12.30500563
17.25,12.29117867
17.255,12.26179975
17.26,12.26989052
17.265,12.31238715
17.27,12.33097772
17.275,12.29794428
17.28,12.26105424
17.285,12.27417176
17.29,12.31727897
17.295,12.32614319
17.3,12.28916193
17.305,12.2630124
17.31,12.28697509
17.315,12.32672053
17.32,12.32684227
17.325,12.29266719
17.33,12.279083
17.335,12.3058571
17.34,12.3270855
17.345,12.30449725
17.35,12.27001933
17.355,12.27846116
17.36,12.32132363
17.365,12.33693662
17.37,12.3022773
17.375,12.2669048
17.38,12.28029292
17.385,12.31890585
17.39,12.32173447
17.395,12.28006761
17.4,12.25097886
17.405,12.27258836
17.41,12.30835017
17.415,12.30465718
17.42,12.27174101
17.425,12.26438139
17.43,12.29416461
17.435,12.31205472
17.44,12.28527884
17.445,12.2496515
17.45,12.25721367
17.455,12.29714817
17.46,12.30914383
17.465,12.27285785
17.47,12.24039534
17.475,12.25930175
17.48,12.30063272
17.485,12.30235166
17.49,12.26147953
17.495,12.23641159
17.5,12.25955367
17.505,12.29252842
17.51,12.28741179
17.515,12.25821467
17.52,12.25722888
17.525,12.29186084
17.53,12.31093537
17.535,12.28349582
17.54,12.24962988
17.545,12.26161748
17.55,12.30329833
17.555,12.31397505
17.56,12.27947188
17.565,12.25376764
17.57,12.27855944
17.575,12.32223533
17.58,12.32586379
17.585,12.28850067
17.59,12.26772975
17.595,12.29291784
17.6,12.32299642
17.605,12.31225611
17.61,12.28268305
17.615,12.28711711
17.62,12.32536935
17.625,12.34411512
17.63,12.31777134
17.635,12.28792202
17.64,12.30199242
17.645,12.34203724
17.65,12.348049
17.655,12.30819992
17.66,12.27973329
17.665,12.30461457
17.67,12.34667483
17.675,12.34710841
17.68,12.31118713
17.685,12.29512336
17.69,12.32018636
17.695,12.34428192
17.7,12.32891558
17.705,12.29783736
17.71,12.30181333
17.715,12.33934153
17.72,12.35534628
17.725,12.32541412
17.73,12.29613161
17.735,12.31405009
17.74,12.35282919
17.745,12.35265473
17.75,12.30964234
17.755,12.28130033
17.76,12.30365455
17.765,12.34135099
17.77,12.33972297
17.775,12.30477661
17.78,12.29218658
17.785,12.32067057
17.79,12.34304363
17.795,12.3218724
17.8,12.2888307
17.805,12.29417032
17.81,12.3285894
17.815,12.33851157
17.82,12.30724464
17.825,12.28062279
17.83,12.30078648
17.835,12.3408635
17.84,12.34099743
17.845,12.29701529
17.85,12.26965157
17.855,12.29374382
17.86,12.32789754
17.865,12.32135453
17.87,12.28882559
17.875,12.28323188
17.88,12.31438027
17.885,12.33650883
17.89,12.3173075
17.895,12.28757821
17.9,12.2960563
17.905,12.33280835
17.91,12.34079581
17.915,12.30560655
17.92,12.28145915
17.925,12.30824763
17.93,12.35075492
17.935,12.35138785
17.94,12.31253416
17.945,12.29037467
17.95,12.31439074
17.955,12.34660585
17.96,12.3387597
17.965,12.30597073
17.97,12.30361064
17.975,12.33933706
17.98,12.3612315
17.985,12.3402276
17.99,12.31490384
17.995,12.32898937
18,12.36419703
18.005,12.36809349
18.01,12.33199208
18.015,12.30753999
18.02,12.33366355
18.025,12.37676987
18.03,12.37693718
18.035,12.33835222
18.04,12.32157515
18.045,12.350295
18.05,12.37865496
18.055,12.3648877
18.06,12.33195084
18.065,12.3295708
18.07,12.36105657
18.075,12.37881693
18.08,12.35627792
18.085,12.3306752
18.09,12.34730166
18.095,12.38441746
18.1,12.38363336
18.105,12.34147302
18.11,12.31644779
18.115,12.34142668
18.12,12.37784477
18.125,12.37404625
18.13,12.33751279
18.135,12.32233561
18.14,12.3499668
18.145,12.37687886
18.15,12.35983743
18.155,12.32410965
18.16,12.3232868
18.165,12.35394619
18.17,12.36368875
18.175,12.33590071
18.18,12.31397555
18.185,12.33424561
18.19,12.37093308
18.195,12.37078628
18.2,12.33009465
18.205,12.30414124
18.21,12.3282617
18.215,12.36243598
18.22,12.3525138
18.225,12.31333598
18.23,12.3033988
18.235,12.33456233
18.24,12.35918834
18.245,12.34363655
18.25,12.31427141
18.255,12.31682159
18.26,12.34725135
18.265,12.35662436
18.27,12.32690279
18.275,12.30524178
18.28,12.33149788
18.285,12.37238119
18.29,12.37104709
18.295,12.33276451
18.3,12.31476835
18.305,12.34157987
18.31,12.37360061
18.315,12.36452522
18.32,12.32812889
18.325,12.31972922
18.33,12.35400365
18.335,12.38095764
18.34,12.36453811
18.345,12.33899033
18.35,12.35035956
18.355,12.38257361
18.36,12.38549557
18.365,12.35323231
18.37,12.33229351
18.375,12.35573711
18.38,12.39419656
18.385,12.39406436
18.39,12.35673028
18.395,12.34092082
18.4,12.37294067
18.405,12.40477251
18.41,12.38982453
18.415,12.35275647
18.42,12.34723048
18.425,12.37662439
18.43,12.39574184
18.435,12.37842906
18.44,12.35519649
18.445,12.36780416
18.45,12.40269954
18.455,12.40629118
18.46,12.36987732
18.465,12.34851047
18.47,12.37488873
18.475,12.40851928
18.48,12.39939255
18.485,12.36119509
18.49,12.34762529
18.495,12.3768174
18.5,12.40645102
18.505,12.39265997
18.51,12.35451753
18.515,12.34751083
18.52,12.37714995
18.525,12.39078624
18.53,12.36561609
18.535,12.34374109
18.54,12.36186014
18.545,12.39426439
18.55,12.39359016
18.555,12.35879911
18.56,12.33738809
18.565,12.35959493
18.57,12.39073469
18.575,12.37881431
18.58,12.3360493
18.585,12.32426464
18.59,12.358319
18.595,12.38549764
18.6,12.36908135
18.605,12.33816021
18.61,12.3375714
18.615,12.36417997
18.62,12.37465473
18.625,12.34875332
18.63,12.32409249
18.635,12.34206455
18.64,12.37862768
18.645,12.37760164
18.65,12.34155649
18.655,12.32831898
18.66,12.35910043
18.665,12.38911294
18.67,12.37639712
18.675,12.3393186
18.68,12.32966972
18.685,12.36221087
18.69,12.39218685
18.695,12.37895583
18.7,12.34949281
18.705,12.35562086
18.71,12.38866053
18.715,12.39569538
18.72,12.36722619
18.725,12.34966527
18.73,12.37203862
18.735,12.40555182
18.74,12.40553325
18.745,12.37430574
18.75,12.36229539
18.755,12.39539535
18.76,12.42931083
18.765,12.41374103
18.77,12.37250936
18.775,12.36585968
18.78,12.3978102
18.785,12.41830538
18.79,12.40173337
18.795,12.37828373
18.8,12.38663614
18.805,12.41847736
18.81,12.42749205
18.815,12.39806047
18.82,12.37596815
18.825,12.39820439
18.83,12.42976985
18.835,12.41925326
18.84,12.38248471
18.845,12.37503779
18.85,12.40798466
18.855,12.43611791
18.86,12.42144398
18.865,12.38337028
18.87,12.37358679
18.875,12.40295994
18.88,12.42196483
18.885,12.39874036
18.89,12.37147352
18.895,12.38480023
18.9,12.41650664
18.905,12.41738095
18.91,12.38799707
18.915,12.37226683
18.92,12.39329328
18.925,12.42048871
18.93,12.41025194
18.935,12.3707534
18.94,12.35917462
18.945,12.39493554
18.95,12.42491549
18.955,12.4060411
18.96,12.37056082
18.965,12.36979868
18.97,12.39799753
18.975,12.41032339
18.98,12.38850741
18.985,12.36439878
18.99,12.37532322
18.995,12.40788651
19,12.41176032
19.005,12.38059979
19.01,12.36729282
19.015,12.39743145
19.02,12.4253242
19.025,12.40819564
19.03,12.37071987
19.035,12.36391194
19.04,12.39566008
19.045,12.42287425
19.05,12.40932189
19.055,12.37716964
19.06,12.37877938
19.065,12.41388511
19.07,12.4274947
19.075,12.40014145
19.08,12.37859587
19.085,12.3965416
19.09,12.42483877
19.095,12.4229581
19.1,12.39695654
19.105,12.38916013
19.11,12.41909159
19.115,12.45096313
19.12,12.43784312
19.125,12.39700141
19.13,12.38985073
19.135,12.42540275
19.14,12.44760012
19.145,12.42690461
19.15,12.40039694
19.155,12.40816273
19.16,12.4391131
19.165,12.4508221
19.17,12.42810558
19.175,12.40598171
19.18,12.42137864
19.185,12.45070885
19.19,12.44324222
19.195,12.40773259
19.2,12.40135376
19.205,12.43631096
19.21,12.46271264
19.215,12.44644497
19.22,12.41243155
19.225,12.40667232
19.23,12.43570992
19.235,12.4557594
19.24,12.43259652
19.245,12.39845081
19.25,12.40510353
19.255,12.43894978
19.26,12.44495859
19.265,12.41785616
19.27,12.40384932
19.275,12.42347599
19.28,12.44543923
19.285,12.43466812
19.29,12.40086371
19.295,12.38998512
19.3,12.42157116
19.305,12.45083427
19.31,12.4322757
19.315,12.39452488
19.32,12.39531581
19.325,12.42882334
19.33,12.44126063
19.335,12.41573988
19.34,12.38870714
19.345,12.39479587
19.35,12.42255992
19.355,12.42987892
19.36,12.40437966
19.365,12.38876001
19.37,12.41413366
19.375,12.44265631
19.38,12.42704542
19.385,12.39017937
19.39,12.38650481
19.395,12.4185231
19.4,12.44051716
19.405,12.42432405
19.41,12.39392879
19.415,12.39447595
19.42,12.42923325
19.425,12.44758156
19.43,12.42127224
19.435,12.39288004
19.44,12.40629491
19.445,12.4356942
19.45,12.43454734
19.455,12.41005394
19.46,12.40449383
19.465,12.4311127
19.47,12.45775095
19.475,12.44803984
19.48,12.41398745
19.485,12.4080438
19.49,12.4436563
19.495,12.46759656
19.5,12.44367995
19.505,12.41210477
19.51,12.42107063
19.515,12.45499638
19.52,12.466952
19.525,12.44535883
19.53,12.42327687
19.535,12.43278849
19.54,12.45955212
19.545,12.45829668
19.55,12.42694871
19.555,12.41752401
19.56,12.45052488
19.565,12.47715464
19.57,12.45986027
19.575,12.42888835
19.58,12.4296701
19.585,12.45936501
19.59,12.47596141
19.595,12.45348854
19.6,12.41925765
19.605,12.42227279
19.61,12.45787673
19.615,12.47031734
19.62,12.44284211
19.625,12.42381572
19.63,12.44212651
19.635,12.4643937
19.64,12.45452863
19.645,12.42556954
19.65,12.41705592
19.655,12.44215199
19.66,12.46644217
19.665,12.45048853
19.67,12.41462416
19.675,12.41461577
19.68,12.45090253
19.685,12.46489737
19.69,12.4347527
19.695,12.40446576
19.7,12.41108051
19.705,12.43798302
19.71,12.4458166
19.715,12.42449536
19.72,12.40709926
19.725,12.42487754
19.73,12.45244694
19.735,12.44223984
19.74,12.40627501
19.745,12.40061438
19.75,12.4315442
19.755,12.44887009
19.76,12.42801437
19.765,12.40044606
19.77,12.40515661
19.775,12.43846139
19.78,12.45687902
19.785,12.43266124
19.79,12.40040604
19.795,12.4087097
19.8,12.44084812
19.805,12.44301609
19.81,12.41546312
19.815,12.40673143
19.82,12.43160502
19.825,12.45515779
19.83,12.44718453
19.835,12.42097362
19.84,12.41638699
19.845,12.44622122
19.85,12.468314
19.855,12.44547895
19.86,12.41203993
19.865,12.42222368
19.87,12.46175566
19.875,12.47469711
19.88,12.4506672
19.885,12.42927853
19.89,12.43898242
19.895,12.46391544
19.9,12.46648118
19.905,12.4398229
19.91,12.42588405
19.915,12.45230424
19.92,12.48045912
19.925,12.46680319
19.93,12.43726479
19.935,12.44149614
19.94,12.4724003
19.945,12.4840354
19.95,12.45914381
19.955,12.42811724
19.96,12.4307899
19.965,12.46429291
19.97,12.4794014
19.975,12.45248338
19.98,12.42763673
19.985,12.44421344
19.99,12.47102764
19.995,12.46262752
20,12.4328212
20.005,12.42422113
20.01,12.44461634
20.015,12.46292413
20.02,12.45046971
20.025,12.42179319
20.03,12.421822
20.035,12.45677681
20.04,12.47343028
20.045,12.44254678
20.05,12.40962139
20.055,12.41943422
20.06,12.44925492
20.065,12.45365203
20.07,12.4295367
20.075,12.41113765
20.08,12.42415433
20.085,12.45047349
20.09,12.44790986
20.095,12.41645608
20.1,12.40620725
20.105,12.43413751
20.11,12.45226415
20.115,12.43048825
20.12,12.40452576
20.125,12.41460612
20.13,12.4478581
20.135,12.462458
20.14,12.44009733
20.145,12.41042537
20.15,12.41638987
20.155,12.44883564
20.16,12.45423782
20.165,12.42263402
20.17,12.40629295
20.175,12.4299361
20.18,12.45512207
20.185,12.44768262
20.19,12.42534345
20.195,12.42311158
20.2,12.44716541
20.205,12.46550478
20.21,12.44751891
20.215,12.4165948
20.22,12.42390584
20.225,12.46421963
20.23,12.47790068
20.235,12.44935615
20.24,12.42701412
20.245,12.44219839
20.25,12.46934143
20.255,12.47176257
20.26,12.44742642
20.265,12.43070272
20.27,12.4489026
20.275,12.47672082
20.28,12.46991143
20.285,12.44117026
20.29,12.4429757
20.295,12.4750271
20.3,12.48670555
20.305,12.46060606
20.31,12.43463728
20.315,12.44226784
20.32,12.47278817
20.325,12.48554516
20.33,12.46064855
20.335,12.43415115
20.34,12.44790103
20.345,12.47989607
20.35,12.47626925
20.355,12.44300684
20.36,12.43056246
20.365,12.45056487
20.37,12.46680472
20.375,12.45538913
20.38,12.43324744
20.385,12.43408452
20.39,12.46360027
20.395,12.48095981
20.4,12.45587601
20.405,12.42375297
20.41,12.43447065
20.415,12.4677911
20.42,12.46993082
20.425,12.43961571
20.43,12.42111924
20.435,12.43591549
20.44,12.46126879
20.445,12.46210975
20.45,12.43533379
20.455,12.42069002
20.46,12.44189661
20.465,12.46272568
20.47,12.44460346
20.475,12.41696947
20.48,12.42580693
20.485,12.45779592
20.49,12.46669716
20.495,12.4428177
20.5,12.41950226
20.505,12.42796919
20.51,12.45868422
20.515,12.46647401
20.52,12.43608274
20.525,12.41335839
20.53,12.43453289
20.535,12.46437605
20.54,12.4581577
20.545,12.43288522
20.55,12.43018242
20.555,12.45183429
20.56,12.46575988
20.565,12.45106171
20.57,12.42574677
20.575,12.42980776
20.58,12.46452543
20.585,12.48019625
20.59,12.45353049
20.595,12.43086933
20.6,12.45045955
20.605,12.48213033
20.61,12.48151436
20.615,12.4537897
20.62,12.43720853
20.625,12.45242049
20.63,12.47872927
20.635,12.47782733
20.64,12.45259367
20.645,12.44904633
20.65,12.47901044
20.655,12.49459556
20.66,12.47027372
20.665,12.44548037
20.67,12.4564854
20.675,12.48474747
20.68,12.49168698
20.685,12.46878434
20.69,12.44739095
20.695,12.46186006
20.7,12.49642543
20.705,12.49926706
20.71,12.46517242
20.715,12.44767675
20.72,12.46900928
20.725,12.48862675
20.73,12.47647634
20.735,12.45504964
20.74,12.45693354
20.745,12.48120507
20.75,12.49578133
20.755,12.47707381
20.76,12.4494003
20.765,12.45705774
20.77,12.49017169
20.775,12.49402093
20.78,12.4610363
20.785,12.4424764
20.79,12.46359948
20.795,12.49165198
20.8,12.49083499
20.805,12.4655641
20.81,12.45042842
20.815,12.46656767
20.82,12.48807554
20.825,12.47580205
20.83,12.44618772
20.835,12.44896484
20.84,12.48070836
20.845,12.49116663
20.85,12.46780687
20.855,12.44996244
20.86,12.46356583
20.865,12.49071733
20.87,12.49519993
20.875,12.46744065
20.88,12.44426256
20.885,12.46248757
20.89,12.49615219
20.895,12.49356897
20.9,12.46420709
20.905,12.4585852
20.91,12.48277075
20.915,12.49676552
20.92,12.4819703
20.925,12.46018636
20.93,12.46217706
20.935,12.48886066
20.94,12.50389091
20.945,12.48311549
20.95,12.46106882
20.955,12.48033616
20.96,12.51575542
20.965,12.51486338
20.97,12.48302054
20.975,12.46838896
20.98,12.48659519
20.985,12.51015627
20.99,12.50845659
20.995,12.48506397
21,12.47682246
21.005,12.50185345
21.01,12.52306751
21.015,12.50499781
21.02,12.47856759
21.025,12.48762105
21.03,12.51558736
21.035,12.51817678
21.04,12.49415612
21.045,12.47879836
21.05,12.49504416
21.055,12.52557473
21.06,12.52949204
21.065,12.49830924
21.07,12.47752953
21.075,12.49840288
21.08,12.52326881
21.085,12.51079783
21.09,12.48328261
21.095,12.48322372
21.1,12.50655519
21.105,12.51919019
21.11,12.50498598
21.115,12.48364307
21.12,12.48817901
21.125,12.51596663
21.13,12.52254796
21.135,12.49153525
21.14,12.47063401
21.145,12.49325271
21.15,12.52385744
21.155,12.51900522
21.16,12.49161073
21.165,12.48010393
21.17,12.49638751
21.175,12.51624838
21.18,12.50792986
21.185,12.47903277
21.19,12.47341541
21.195,12.50142314
21.2,12.5160282
21.205,12.49389797
21.21,12.47418615
21.215,12.48907534
21.22,12.51381308
21.225,12.51174738
21.23,12.48451625
21.235,12.46576207
21.24,12.48173977
21.245,12.51271
21.25,12.51310895
21.255,12.48219664
21.26,12.47149988
21.265,12.49818775
21.27,12.51807145
21.275,12.5024327
21.28,12.47891238
21.285,12.48002138
21.29,12.50050788
21.295,12.51098312
21.3,12.49433456
21.305,12.4745356
21.31,12.48817862
21.315,12.52183657
21.32,12.52368546
21.325,12.49111621
21.33,12.47654886
21.335,12.50029463
21.34,12.52475434
21.345,12.51868364
21.35,12.49534692
21.355,12.48786094
21.36,12.50941459
21.365,12.53159485
21.37,12.52016546
21.375,12.49220108
21.38,12.49467792
21.385,12.52272014
21.39,12.52799018
21.395,12.50315163
21.4,12.48982018
21.405,12.50916308
21.41,12.53613456
21.415,12.53784162
21.42,12.51264404
21.425,12.49615965
21.43,12.51586208
21.435,12.54410899
21.44,12.5347545
21.445,12.5022217
21.45,12.4982736
21.455,12.52537339
21.46,12.5400454
21.465,12.52532711
21.47,12.50703412
21.475,12.5105262
21.48,12.5309946
21.485,12.53645415
21.49,12.51132937
21.495,12.49007514
21.5,12.50940475
21.505,12.54193478
21.51,12.53786677
21.515,12.50757397
21.52,12.49890996
21.525,12.52079318
21.53,12.53902781
21.535,12.52816526
21.54,12.49974986
21.545,12.48998213
21.55,12.51224879
21.555,12.53058603
21.56,12.51359606
21.565,12.49082152
21.57,12.50245931
21.575,12.52842103
21.58,12.52551313
21.585,12.49826997
21.59,12.48463132
21.595,12.50084822
21.6,12.52594243
21.605,12.52593303
21.61,12.4989486
21.615,12.4868044
21.62,12.51349134
21.625,12.53901672
21.63,12.5236169
21.635,12.49432725
21.64,12.4947865
21.645,12.51711024
21.65,12.52572462
21.655,12.51125337
21.66,12.4960896
21.665,12.50572066
21.67,12.53284761
21.675,12.53781858
21.68,12.50926334
21.685,12.49208707
21.69,12.51542809
21.695,12.54192713
21.7,12.53203525
21.705,12.50542016
21.71,12.50220781
21.715,12.5263431
21.72,12.5477904
21.725,12.53999288
21.73,12.51448876
21.735,12.51098294
21.74,12.53596635
21.745,12.5461157
21.75,12.52249466
21.755,12.50585265
21.76,12.52506869
21.765,12.5509768
21.77,12.548832
21.775,12.52627254
21.78,12.51551013
21.785,12.53334591
21.79,12.55803915
21.795,12.55145774
21.8,12.51935811
21.805,12.51166403
21.81,12.54137025
21.815,12.56139593
21.82,12.54478024
21.825,12.52345265
21.83,12.5282642
21.835,12.54742892
21.84,12.55164501
21.845,12.5322636
21.85,12.5136879
21.855,12.52585
21.86,12.55436972
21.865,12.55380796
21.87,12.52460486
21.875,12.51650768
21.88,12.54390671
21.885,12.5640698
21.89,12.5495284
21.895,12.5222354
21.9,12.51553319
21.905,12.53485437
21.91,12.55223338
21.915,12.53972726
21.92,12.51528297
21.925,12.52060753
21.93,12.54824695
21.935,12.55084292
21.94,12.52361527
21.945,12.51003453
21.95,12.527056
21.955,12.54598078
21.96,12.53948045
21.965,12.51490259
21.97,12.50502487
21.975,12.52825819
21.98,12.55457008
21.985,12.54326938
21.99,12.51189458
21.995,12.50996059
22,12.53657728
22.005,12.54688308
22.01,12.52876315
22.015,12.51230565
22.02,12.52042204
22.025,12.54233915
22.03,12.54819703
22.035,12.52729648
22.04,12.51113198
22.045,12.53017175
22.05,12.55676569
22.055,12.54737526
22.06,12.51813771
22.065,12.51710348
22.07,12.54569434
22.075,12.56511314
22.08,12.55455402
22.085,12.53151629
22.09,12.52750026
22.095,12.54924178
22.1,12.56325305
22.105,12.54345501
22.11,12.52096537
22.115,12.53391253
22.12,12.56088836
22.125,12.5590129
22.13,12.53596461
22.135,12.52959728
22.14,12.54888512
22.145,12.56804872
22.15,12.56038703
22.155,12.53255393
22.16,12.52352984
22.165,12.55057054
22.17,12.57380987
22.175,12.55844318
22.18,12.53317007
22.185,12.53937282
22.19,12.56360206
22.195,12.56832058
22.2,12.54921479
22.205,12.53231046
22.21,12.5394071
22.215,12.56064658
22.22,12.56209249
22.225,12.53677698
22.23,12.52615434
22.235,12.55225245
22.24,12.57483154
22.245,12.55821746
22.25,12.52909555
22.255,12.52751387
22.26,12.54998321
22.265,12.56465319
22.27,12.55235878
22.275,12.52933816
22.28,12.52984333
22.285,12.55560641
22.29,12.56408782
22.295,12.53873895
22.3,12.5200277
22.305,12.53516107
22.31,12.55426269
22.315,12.54578034
22.32,12.52386609
22.325,12.51971382
22.33,12.54139031
22.335,12.56347834
22.34,12.55479069
22.345,12.52517877
22.35,12.52038235
22.355,12.54832649
22.36,12.56260254
22.365,12.54127246
22.37,12.5206551
22.375,12.53054252
22.38,12.55262221
22.385,12.55710237
22.39,12.54023172
22.395,12.52606232
22.4,12.53747892
22.405,12.55930841
22.41,12.55289639
22.415,12.52321
22.42,12.51800125
22.425,12.54705291
22.43,12.56633681
22.435,12.55159669
22.44,12.52991738
22.445,12.53175755
22.45,12.55440636
22.455,12.56802945
22.46,12.55210987
22.465,12.52828448
22.47,12.53466207
22.475,12.56199369
22.48,12.5651204
22.485,12.54186019
22.49,12.53388421
22.495,12.55369624
22.5,12.56939558
22.505,12.55873793
22.51,12.53542518
22.515,12.52987268
22.52,12.55316994
22.525,12.575798
22.53,12.56393906
22.535,12.53742121
22.54,12.54262917
22.545,12.57274868
22.55,12.58058514
22.555,12.55770847
22.56,12.54009715
22.565,12.54782655
22.57,12.56527523
22.575,12.56638581
22.58,12.54679855
22.585,12.53527263
22.59,12.55463943
22.595,12.57781724
22.6,12.56549819
22.605,12.53576879
22.61,12.5345158
22.615,12.55959025
22.62,12.57061751
22.625,12.55329071
22.63,12.53207479
22.635,12.53447146
22.64,12.55879572
22.645,12.571049
22.65,12.5508123
22.655,12.52865878
22.66,12.53939213
22.665,12.56064052
22.67,12.55291175
22.675,12.52805589
22.68,12.52421592
22.685,12.54477785
22.69,12.56044677
22.695,12.5505266
22.7,12.52647678
22.705,12.52202328
22.71,12.54699311
22.715,12.56359028
22.72,12.54297554
22.725,12.51753586
22.73,12.52711817
22.735,12.55398331
22.74,12.55853818
22.745,12.54021061
22.75,12.52796833
22.755,12.53761601
22.76,12.55538861
22.765,12.55242823
22.77,12.52766036
22.775,12.51897236
22.78,12.54395689
22.785,12.56421359
22.79,12.54843189
22.795,12.5252764
22.8,12.5315793
22.805,12.55679973
22.81,12.566608
22.815,12.54997408
22.82,12.52856228
22.825,12.53238617
22.83,12.5582307
22.835,12.56698519
22.84,12.54542998
22.845,12.53247095
22.85,12.55212795
22.855,12.57184416
22.86,12.56147085
22.865,12.53944173
22.87,12.53765442
22.875,12.55761014
22.88,12.57319673
22.885,12.56172795
22.89,12.53760172
22.895,12.53983968
22.9,12.57015847
22.905,12.58305822
22.91,12.56025313
22.915,12.5407218
22.92,12.55232102
22.925,12.57311165
22.93,12.57347779
22.935,12.55607782
22.94,12.54586811
22.945,12.55946631
22.95,12.57922461
22.955,12.57125641
22.96,12.54308749
22.965,12.53891341
22.97,12.56481991
22.975,12.57651789
22.98,12.55561915
22.985,12.53483739
22.99,12.54225423
22.995,12.56614339
23,12.57643368
23.005,12.55955793
23.01,12.53804256
23.015,12.54442413
23.02,12.56742106
23.025,12.56524295
23.03,12.53779741
23.035,12.52851071
23.04,12.54829261
23.045,12.56260437
23.05,12.55090501
23.055,12.53150922
23.06,12.53076444
23.065,12.55104784
23.07,12.56429557
23.075,12.54596282
23.08,12.51918561
23.085,12.52532189
23.09,12.55492922
23.095,12.56163692
23.1,12.54011487
23.105,12.527675
23.11,12.54055588
23.115,12.55732083
23.12,12.55432317
23.125,12.53384931
23.13,12.52328171
23.135,12.5408099
23.14,12.56057203
23.145,12.54868951
23.15,12.52417756
23.155,12.52961435
23.16,12.55742743
23.165,12.56569403
23.17,12.54580078
23.175,12.52777066
23.18,12.53472466
23.185,12.55805716
23.19,12.56738895
23.195,12.54886091
23.2,12.53250975
23.205,12.54833349
23.21,12.57248283
23.215,12.56579424
23.22,12.54196587
23.225,12.53984324
23.23,12.5590633
23.235,12.56934724
23.24,12.5571621
23.245,12.53907907
23.25,12.54235144
23.255,12.56968924
23.26,12.58494951
23.265,12.5644691
23.27,12.54140002
23.275,12.55314064
23.28,12.57830452
23.285,12.57728865
23.29,12.55604586
23.295,12.54721257
23.3,12.56092882
23.305,12.57823007
23.31,12.57508875
23.315,12.55336784
23.32,12.54579638
23.325,12.56605079
23.33,12.57880478
23.335,12.55765774
23.34,12.53384836
23.345,12.54303226
23.35,12.56864182
23.355,12.5746437
23.36,12.55668349
23.365,12.53978266
23.37,12.54653072
23.375,12.56840204
23.38,12.57067965
23.385,12.54530419
23.39,12.5308688
23.395,12.54951252
23.4,12.56778784
23.405,12.55651857
23.41,12.53741364
23.415,12.53985431
23.42,12.5581228
23.425,12.56637772
23.43,12.55082267
23.435,12.52865063
23.44,12.53281651
23.445,12.56133426
23.45,12.57128541
23.455,12.54831249
23.46,12.53293506
23.465,12.55021763
23.47,12.57166159
23.475,12.56767187
23.48,12.54781593
23.485,12.53882314
23.49,12.55099325
23.495,12.56649342
23.5,12.55890385
23.505,12.53653122
23.51,12.53756922
23.515,12.56472896
23.52,12.57496708
23.525,12.55261829
23.53,12.53375997
23.535,12.54413563
23.54,12.56577773
23.545,12.57000635
23.55,12.55254446
23.555,12.53763979
23.56,12.55026094
23.565,12.57581723
23.57,12.57507838
23.575,12.55023517
23.58,12.54384344
23.585,12.56466616
23.59,12.57633165
23.595,12.56200858
23.6,12.54579906
23.605,12.55108691
23.61,12.572537
23.615,12.58352742
23.62,12.56673328
23.625,12.54508647
23.63,12.55443991
23.635,12.58227065
23.64,12.58403483
23.645,12.55895358
23.65,12.54847321
23.655,12.56619876
23.66,12.58476136
23.665,12.58189692
23.67,12.56477827
23.675,12.55799975
23.68,12.57329044
23.685,12.58675125
23.69,12.57075538
23.695,12.54592341
23.7,12.55205022
23.705,12.57870034
23.71,12.58343424
23.715,12.56240068
23.72,12.54908831
23.725,12.56050675
23.73,12.58091704
23.735,12.58335697
23.74,12.5619197
23.745,12.54584547
23.75,12.56084936
23.755,12.58315372
23.76,12.57564928
23.765,12.55282835
23.77,12.55311499
23.775,12.57298738
23.78,12.57910034
23.785,12.5625057
23.79,12.54476216
23.795,12.54846985
23.8,12.57041392
23.805,12.57968367
23.81,12.55985345
23.815,12.54231563
23.82,12.55878444
23.825,12.58475601
23.83,12.58114976
23.835,12.55763981
23.84,12.549618
23.845,12.56360901
23.85,12.57770766
23.855,12.57255037
23.86,12.55446617
23.865,12.55207582
23.87,12.5743497
23.875,12.58735193
23.88,12.56771139
23.885,12.54722487
23.89,12.55866028
23.895,12.58170312
23.9,12.58135499
23.905,12.56118169
23.91,12.54947412
23.915,12.5620667
23.92,12.58536908
23.925,12.58830797
23.93,12.56610654
23.935,12.55492888
23.94,12.57410722
23.945,12.5901833
23.95,12.57614667
23.955,12.55675584
23.96,12.56234849
23.965,12.58239631
23.97,12.58939412
23.975,12.57517892
23.98,12.55839967
23.985,12.56456556
23.99,12.5880762
23.995,12.59133762
24,12.56502249
24.005,12.55046489
24.01,12.57021064
24.015,12.59237734
24.02,12.58705818
24.025,12.56896701
24.03,12.56480926
24.035,12.57834953
24.04,12.5901841
24.045,12.57938164
24.05,12.55691659
24.055,12.55741053
24.06,12.58229365
24.065,12.59040013
24.07,12.56898355
24.075,12.55500552
24.08,12.57022056
24.085,12.59033809
24.09,12.58832382
24.095,12.56777275
24.1,12.55390679
24.105,12.56591473
24.11,12.58795074
24.115,12.58551283
24.12,12.56226566
24.125,12.55875611
24.13,12.58071969
24.135,12.5900781
24.14,12.57235538
24.145,12.55531986
24.15,12.56005361
24.155,12.57654294
24.16,12.58150798
24.165,12.56497977
24.17,12.54871806
24.175,12.56142788
24.18,12.58847862
24.185,12.58730321
24.19,12.56047799
24.195,12.55108061
24.2,12.56942836
24.205,12.58379217
24.21,12.57577714
24.215,12.5597908
24.22,12.55793542
24.225,12.57555436
24.23,12.58986162
24.235,12.57726198
24.24,12.55641214
24.245,12.56364954
24.25,12.58769459
24.255,12.58776866
24.26,12.56453839
24.265,12.55485263
24.27,12.57116656
24.275,12.59130434
24.28,12.59203573
24.285,12.57354462
24.29,12.56279728
24.295,12.57967746
24.3,12.60014147
24.305,12.59064144
24.31,12.56822604
24.315,12.57152226
24.32,12.59363413
24.325,12.59958517
24.33,12.58442703
24.335,12.57210656
24.34,12.57920336
24.345,12.59790754
24.35,12.60187489
24.355,12.58046253
24.36,12.5644102
24.365,12.58192279
24.37,12.60700055
24.375,12.60133186
24.38,12.57900773
24.385,12.57648445
24.39,12.59398518
24.395,12.60541095
24.4,12.59688134
24.405,12.57918244
24.41,12.57668815
24.415,12.59569893
24.42,12.60608368
24.425,12.58783953
24.43,12.57126984
24.435,12.58598952
24.44,12.60803125
24.445,12.60309009
24.45,12.58094969
24.455,12.57196477
24.46,12.58509762
24.465,12.60296808
24.47,12.60095168
24.475,12.57920586
24.48,12.57103604
24.485,12.59184601
24.49,12.60733936
24.495,12.59143186
24.5,12.5716065
24.505,12.57746188
24.51,12.59432176
24.515,12.59515741
24.52,12.57876767
24.525,12.56550871
24.53,12.57398941
24.535,12.59554363
24.54,12.59649905
24.545,12.5707887
24.55,12.5577685
24.555,12.57698713
24.56,12.59456423
24.565,12.58392073
24.57,12.56553184
24.575,12.56595241
24.58,12.58277817
24.585,12.5947958
24.59,12.58600155
24.595,12.56723774
24.6,12.56853953
24.605,12.58921392
24.61,12.59159565
24.615,12.56734492
24.62,12.55538756
24.625,12.57421539
24.63,12.59444658
24.635,12.59105818
24.64,12.57393517
24.645,12.56710671
24.65,12.58165206
24.655,12.60026083
24.66,12.59341956
24.665,12.56844547
24.67,12.56537694
24.675,12.58886075
24.68,12.59943472
24.685,12.58358499
24.69,12.57151094
24.695,12.58086049
24.7,12.59619751
24.705,12.59657555
24.71,12.57892889
24.715,12.56437228
24.72,12.57642319
24.725,12.59979827
24.73,12.59650148
24.735,12.57209834
24.74,12.56849609
24.745,12.59097645
24.75,12.60395398
24.755,12.5924166
24.76,12.57585631
24.765,12.57511796
24.77,12.59091187
24.775,12.6020671
24.78,12.58966475
24.785,12.57234023
24.79,12.58234231
24.795,12.60581046
24.8,12.60283536
24.805,12.5780166
24.81,12.56960215
24.815,12.58520517
24.82,12.59941123
24.825,12.59420304
24.83,12.57628158
24.835,12.56962444
24.84,12.58849772
24.845,12.60817255
24.85,12.59720213
24.855,12.57386208
24.86,12.57608436
24.865,12.59492434
24.87,12.5952749
24.875,12.57730513
24.88,12.56770315
24.885,12.57780499
24.89,12.59509922
24.895,12.59729987
24.9,12.57796403
24.905,12.5649087
24.91,12.5816889
24.915,12.60143531
24.92,12.58929094
24.925,12.56417725
24.93,12.56402391
24.935,12.58390002
24.94,12.59452947
24.945,12.58614785
24.95,12.57218028
24.955,12.57276148
24.96,12.59056101
24.965,12.59812583
24.97,12.578579
24.975,12.56240568
24.98,12.57768506
24.985,12.59883686
24.99,12.59286815
24.995,12.57363333
25,12.57077191
25.005,12.58626333
25.01,12.60036721
25.015,12.5945864
25.02,12.57342182
25.025,12.56778692
25.03,12.5903586
25.035,12.60695563
25.04,12.59309937
25.045,12.57776536
25.05,12.58895303
25.055,12.60729761
25.06,12.60621559
25.065,12.59029747
25.07,12.58011319
25.075,12.58883501
25.08,12.60702375
25.085,12.60667124
25.09,12.58476638
25.095,12.57831952
25.1,12.60272059
25.105,12.62101174
25.11,12.60782806
25.115,12.5887791
25.12,12.59081406
25.125,12.6061224
25.13,12.6138054
25.135,12.60413214
25.14,12.58914719
25.145,12.59363822
25.15,12.61564272
25.155,12.61956653
25.16,12.59735182
25.165,12.58713403
25.17,12.60503065
25.175,12.61953964
25.18,12.60932572
25.185,12.59151749
25.19,12.58893221
25.195,12.60508667
25.2,12.62161046
25.205,12.61439975
25.21,12.59183914
25.215,12.59092582
25.22,12.61409482
25.225,12.62165695
25.23,12.60307965
25.235,12.59162587
25.24,12.60335801
25.245,12.61830193
25.25,12.61759823
25.255,12.60285489
25.26,12.59241831
25.265,12.6038585
25.27,12.62215147
25.275,12.61419767
25.28,12.58818863
25.285,12.58597606
25.29,12.60988618
25.295,12.62168881
25.3,12.60913656
25.305,12.59585116
25.31,12.59911898
25.315,12.61377334
25.32,12.62095795
25.325,12.60700896
25.33,12.58983068
25.335,12.59866388
25.34,12.62029515
25.345,12.6168998
25.35,12.59474801
25.355,12.59189661
25.36,12.61093274
25.365,12.62228926
25.37,12.61289835
25.375,12.59535881
25.38,12.59086726
25.385,12.60828969
25.39,12.62445385
25.395,12.61255379
25.4,12.5917267
25.405,12.59840733
25.41,12.62070342
25.415,12.62185906
25.42,12.60434629
25.425,12.59687765
25.43,12.6071626
25.435,12.62055061
25.44,12.62017232
25.445,12.6038245
25.45,12.59555991
25.455,12.61390698
25.46,12.63235558
25.465,12.61891273
25.47,12.59529266
25.475,12.59839675
25.48,12.61822151
25.485,12.62376419
25.49,12.61149276
25.495,12.59932511
25.5,12.60291431
25.505,12.62119141
25.51,12.62924858
25.515,12.61240107
25.52,12.59877493
25.525,12.61382302
25.53,12.63109367
25.535,12.61987749
25.54,12.59915632
25.545,12.59946298
25.55,12.61659381
25.555,12.62814566
25.56,12.62132277
25.565,12.60319157
25.57,12.5998164
25.575,12.61995206
25.58,12.63098098
25.585,12.61179358
25.59,12.59401688
25.595,12.60542716
25.6,12.62341733
25.605,12.62120344
25.61,12.60745531
25.615,12.60205516
25.62,12.61127152
25.625,12.6241052
25.63,12.61851759
25.635,12.59502414
25.64,12.58830401
25.645,12.61102766
25.65,12.62552768
25.655,12.60942157
25.66,12.59245692
25.665,12.59963263
25.67,12.61614071
25.675,12.62024938
25.68,12.607981
25.685,12.59251463
25.69,12.59572576
25.695,12.61500552
25.7,12.61756483
25.705,12.59712973
25.71,12.59089745
25.715,12.61147075
25.72,12.6245173
25.725,12.61177254
25.73,12.59470025
25.735,12.5939704
25.74,12.60760706
25.745,12.61889846
25.75,12.60991209
25.755,12.59056411
25.76,12.59402397
25.765,12.61924179
25.77,12.62593461
25.775,12.60575813
25.78,12.59506647
25.785,12.60778942
25.79,12.62016416
25.795,12.6162608
25.8,12.60358259
25.805,12.59856303
25.81,12.61278365
25.815,12.63141285
25.82,12.62488428
25.825,12.60189449
25.83,12.60238621
25.835,12.62597232
25.84,12.63322391
25.845,12.61647815
25.85,12.60448648
25.855,12.61197263
25.86,12.6284654
25.865,12.63645773
25.87,12.62578808
25.875,12.61236105
25.88,12.62176929
25.885,12.64068791
25.89,12.63378071
25.895,12.61057272
25.9,12.60968654
25.905,12.62962553
25.91,12.63865998
25.915,12.62840798
25.92,12.61516721
25.925,12.61502455
25.93,12.63144608
25.935,12.64313701
25.94,12.62791638
25.945,12.60669241
25.95,12.61454989
25.955,12.63705903
25.96,12.63646551
25.965,12.6189251
25.97,12.6150228
25.975,12.62753253
25.98,12.63829731
25.985,12.63488218
25.99,12.61889112
25.995,12.61122958
26,12.62753703
26.005,12.64308248
26.01,12.62899131
26.015,12.60809625
26.02,12.61582901
26.025,12.6372399
26.03,12.6396241
26.035,12.6246596
26.04,12.6133274
26.045,12.61712057
26.05,12.63213517
26.055,12.63775522
26.06,12.62233701
26.065,12.61218423
26.07,12.62999494
26.075,12.64817895
26.08,12.63689621
26.085,12.61778426
26.09,12.62080693
26.095,12.63682577
26.1,12.64300598
26.105,12.63314414
26.11,12.617916
26.115,12.61868779
26.12,12.64041739
26.125,12.65183165
26.13,12.63375257
26.135,12.61807041
26.14,12.63122432
26.145,12.64788077
26.15,12.64207598
26.155,12.62772435
26.16,12.62562461
26.165,12.63695603
26.17,12.64981078
26.175,12.64657994
26.18,12.62772327
26.185,12.62359819
26.19,12.64435636
26.195,12.65384893
26.2,12.63342481
26.205,12.61666268
26.21,12.62716006
26.215,12.64439347
26.22,12.64671955
26.225,12.63584916
26.23,12.62517641
26.235,12.63031414
26.24,12.64742998
26.245,12.64725806
26.25,12.62525387
26.255,12.61842006
26.26,12.63872368
26.265,12.65021995
26.27,12.63614303
26.275,12.62233884
26.28,12.62686526
26.285,12.64086434
26.29,12.64768796
26.295,12.6359726
26.3,12.61664228
26.305,12.61926002
26.31,12.64189211
26.315,12.64597127
26.32,12.62530701
26.325,12.61698957
26.33,12.63217598
26.335,12.64296625
26.34,12.63584106
26.345,12.62294448
26.35,12.61885451
26.355,12.63022805
26.36,12.64401622
26.365,12.63561123
26.37,12.61457252
26.375,12.6181688
26.38,12.64225561
26.385,12.64610091
26.39,12.62552616
26.395,12.6136167
26.4,12.62156378
26.405,12.63394452
26.41,12.63630937
26.415,12.62417785
26.42,12.612555
26.425,12.62341059
26.43,12.64336795
26.435,12.63778871
26.44,12.61609852
26.445,12.61617159
26.45,12.63422238
26.455,12.63754176
26.46,12.62316361
26.465,12.61178078
26.47,12.61539075
26.475,12.63187492
26.48,12.64263144
26.485,12.6292008
26.49,12.6107775
26.495,12.6199278
26.5,12.64053159
26.505,12.63570383
26.51,12.61517022
26.515,12.61255808
26.52,12.62686023
26.525,12.63660628
26.53,12.63352696
26.535,12.62226193
26.54,12.61918719
26.545,12.63556898
26.55,12.64879911
26.555,12.6327824
26.56,12.61181918
26.565,12.62094808
26.57,12.64271125
26.575,12.64331426
26.58,12.62898958
26.585,12.62280102
26.59,12.63045339
26.595,12.64448924
26.6,12.64732241
26.605,12.63059015
26.61,12.6192692
26.615,12.635222
26.62,12.65156734
26.625,12.63987822
26.63,12.62373606
26.635,12.63154289
26.64,12.64843406
26.645,12.65075094
26.65,12.63884268
26.655,12.62536359
26.66,12.62683382
26.665,12.64558331
26.67,12.65375221
26.675,12.63492587
26.68,12.62148609
26.685,12.63818169
26.69,12.65566211
26.695,12.64736146
26.7,12.63145449
26.705,12.6298443
26.71,12.63889556
26.715,12.64672504
26.72,12.64156902
26.725,12.62566622
26.73,12.62502336
26.735,12.64739971
26.74,12.65716602
26.745,12.63659734
26.75,12.6206458
26.755,12.63157338
26.76,12.6454651
26.765,12.64164443
26.77,12.62840218
26.775,12.62025553
26.78,12.62777998
26.785,12.64531552
26.79,12.64645293
26.795,12.62714009
26.8,12.62208691
26.805,12.64154702
26.81,12.64962823
26.815,12.6329491
26.82,12.62070864
26.825,12.62924103
26.83,12.64388654
26.835,12.64932313
26.84,12.63929715
26.845,12.62435685
26.85,12.62939965
26.855,12.65114221
26.86,12.65305633
26.865,12.63080144
26.87,12.62400658
26.875,12.64227921
26.88,12.6546166
26.885,12.64829721
26.89,12.63920235
26.895,12.63925613
26.9,12.65020565
26.905,12.66089547
26.91,12.65149235
26.915,12.63188682
26.92,12.63619363
26.925,12.65978131
26.93,12.66225371
26.935,12.64242271
26.94,12.63533073
26.945,12.64840646
26.95,12.66065664
26.955,12.65989843
26.96,12.64722362
26.965,12.63653705
26.97,12.64629537
26.975,12.66345638
26.98,12.65643448
26.985,12.63533206
26.99,12.63800492
26.995,12.65812072
27,12.66071282
27.005,12.64521819
27.01,12.63558773
27.015,12.64023924
27.02,12.65274467
27.025,12.65809234
27.03,12.64319691
27.035,12.62691041
27.04,12.63779344
27.045,12.65860641
27.05,12.65256054
27.055,12.63159379
27.06,12.62970712
27.065,12.64306737
27.07,12.64877405
27.075,12.64234237
27.08,12.63207559
27.085,12.630903
27.09,12.64673859
27.095,12.65851528
27.1,12.643561
27.105,12.62556767
27.11,12.63666643
27.115,12.65607627
27.12,12.65076884
27.125,12.63250706
27.13,12.62737239
27.135,12.63703453
27.14,12.64989073
27.145,12.65192374
27.15,12.6371086
27.155,12.62802568
27.16,12.64369548
27.165,12.65772552
27.17,12.64315305
27.175,12.62533624
27.18,12.63334469
27.185,12.64970697
27.19,12.65047206
27.195,12.63997936
27.2,12.63199317
27.205,12.63666943
27.21,12.65300119
27.215,12.65687395
27.22,12.63617682
27.225,12.62306663
27.23,12.63991441
27.235,12.65649804
27.24,12.64717051
27.245,12.63325255
27.25,12.63621456
27.255,12.64775982
27.26,12.65418771
27.265,12.64767825
27.27,12.63253064
27.275,12.63176002
27.28,12.65162445
27.285,12.65904436
27.29,12.63968035
27.295,12.62920967
27.3,12.64660177
27.305,12.6628247
27.31,12.6576024
27.315,12.64397287
27.32,12.63713458
27.325,12.64361975
27.33,12.65734353
27.335,12.65614759
27.34,12.63803911
27.345,12.63597611
27.35,12.65786326
27.355,12.66683631
27.36,12.65043267
27.365,12.63980033
27.37,12.64900046
27.375,12.65997761
27.38,12.66003446
27.385,12.64920391
27.39,12.63821133
27.395,12.64630318
27.4,12.66794264
27.405,12.66834893
27.41,12.64603725
27.415,12.64068749
27.42,12.65916523
27.425,12.66776689
27.43,12.65624646
27.435,12.64564049
27.44,12.64707346
27.445,12.65813499
27.45,12.66781793
27.455,12.65986259
27.46,12.64305153
27.465,12.64814123
27.47,12.6692507
27.475,12.66797587
27.48,12.64612062
27.485,12.64023508
27.49,12.65526759
27.495,12.66630619
27.5,12.663685
27.505,12.65266683
27.51,12.64562475
27.515,12.65611572
27.52,12.67132499
27.525,12.66259146
27.53,12.64126542
27.535,12.64436786
27.54,12.66395522
27.545,12.66526791
27.55,12.65051613
27.555,12.64574725
27.56,12.65468948
27.565,12.66675546
27.57,12.66964584
27.575,12.655227
27.58,12.64153345
27.585,12.65384365
27.59,12.67428337
27.595,12.667122
27.6,12.64695403
27.605,12.64881389
27.61,12.6655908
27.615,12.67068949
27.62,12.66269629
27.625,12.65284273
27.63,12.6515997
27.635,12.66429371
27.64,12.67334926
27.645,12.65938257
27.65,12.64437886
27.655,12.65789689
27.66,12.67743251
27.665,12.67049086
27.67,12.65170418
27.675,12.64917217
27.68,12.65962408
27.685,12.66853741
27.69,12.66627851
27.695,12.65173787
27.7,12.64533397
27.705,12.66235626
27.71,12.67719145
27.715,12.66385828
27.72,12.64818436
27.725,12.65740826
27.73,12.67209075
27.735,12.66810188
27.74,12.65490919
27.745,12.64873428
27.75,12.65529967
27.755,12.67065964
27.76,12.67400909
27.765,12.65622015
27.77,12.64654495
27.775,12.66493939
27.78,12.67954803
27.785,12.66652729
27.79,12.65068095
27.795,12.65475209
27.8,12.66655365
27.805,12.67094191
27.81,12.66488721
27.815,12.6532046
27.82,12.65383924
27.825,12.67059807
27.83,12.6743874
27.835,12.65316444
27.84,12.64258026
27.845,12.6598703
27.85,12.67405276
27.855,12.66561545
27.86,12.65245259
27.865,12.65049753
27.87,12.6592035
27.875,12.67018501
27.88,12.66539042
27.885,12.64559419
27.89,12.64163341
27.895,12.66124155
27.9,12.66860649
27.905,12.65203284
27.91,12.64377991
27.915,12.65650506
27.92,12.66816
27.925,12.66583673
27.93,12.65469652
27.935,12.64521733
27.94,12.65194662
27.945,12.66869986
27.95,12.66608911
27.955,12.64430025
27.96,12.64107015
27.965,12.6614322
27.97,12.6697093
27.975,12.65676835
27.98,12.64665199
27.985,12.65018668
27.99,12.66000755
27.995,12.66611302
28,12.6575816
28.005,12.64377296
28.01,12.65098124
28.015,12.67218226
28.02,12.67073161
28.025,12.64969423
28.03,12.64645158
28.035,12.66314354
28.04,12.67216903
28.045,12.66580963
28.05,12.65525476
28.055,12.65182737
28.06,12.66421026
28.065,12.67961141
28.07,12.67222436
28.075,12.65319195
28.08,12.65700305
28.085,12.67542084
28.09,12.67357973
28.095,12.65634162
28.1,12.65203639
28.105,12.66244678
28.11,12.67285377
28.115,12.67410093
28.12,12.66256261
28.125,12.65289769
28.13,12.6654365
28.135,12.68239766
28.14,12.67200528
28.145,12.65018744
28.15,12.65260054
28.155,12.66969394
28.16,12.6726264
28.165,12.66248767
28.17,12.65442622
28.175,12.65586909
28.18,12.66736049
28.185,12.6737774
28.19,12.65932184
28.195,12.64513816
28.2,12.65808231
28.205,12.6762161
28.21,12.6679454
28.215,12.65048441
28.22,12.65190847
28.225,12.66478361
28.23,12.67150714
28.235,12.66644977
28.24,12.65260859
28.245,12.64706618
28.25,12.66284963
28.255,12.67574183
28.26,12.66235507
28.265,12.64820909
28.27,12.66016343
28.275,12.67600266
28.28,12.67040961
28.285,12.65632912
28.29,12.65153164
28.295,12.65748866
28.3,12.66796533
28.305,12.66788695
28.31,12.65124947
28.315,12.6448236
28.32,12.66531367
28.325,12.6809994
28.33,12.66788494
28.335,12.65281585
28.34,12.65892455
28.345,12.6700795
28.35,12.67054498
28.355,12.66185865
28.36,12.65149945
28.365,12.65327148
28.37,12.66998423
28.375,12.67494778
28.38,12.65695673
28.385,12.64928285
28.39,12.66762618
28.395,12.67974228
28.4,12.66774337
28.405,12.65469331
28.41,12.65648958
28.415,12.66743215
28.42,12.67738329
28.425,12.67373225
28.43,12.65763816
28.435,12.65625748
28.44,12.67572786
28.445,12.68106736
28.45,12.66190713
28.455,12.65232446
28.46,12.66521277
28.465,12.67533558
28.47,12.6710304
28.475,12.66207454
28.48,12.65782179
28.485,12.66648413
28.49,12.68186997
28.495,12.67798071
28.5,12.65608358
28.505,12.65325369
28.51,12.67371049
28.515,12.68048081
28.52,12.66580821
28.525,12.65806746
28.53,12.66542145
28.535,12.67506781
28.54,12.67837945
28.545,12.66947191
28.55,12.65577165
28.555,12.6603685
28.56,12.678073
28.565,12.67480922
28.57,12.6541717
28.575,12.65363484
28.58,12.67313577
28.585,12.68031003
28.59,12.67003434
28.595,12.65884135
28.6,12.65606871
28.605,12.66479858
28.61,12.67457551
28.615,12.66479321
28.62,12.64613391
28.625,12.65180509
28.63,12.67242865
28.635,12.67098871
28.64,12.65287661
28.645,12.64938785
28.65,12.65966455
28.655,12.66588854
28.66,12.66313435
28.665,12.65274708
28.67,12.64629099
28.675,12.66003036
28.68,12.67750759
28.685,12.66789454
28.69,12.64741335
28.695,12.65182196
28.7,12.66932544
28.705,12.66871484
28.71,12.65575661
28.715,12.64991427
28.72,12.65423392
28.725,12.66549713
28.73,12.67197352
28.735,12.66014361
28.74,12.64789739
28.745,12.66092459
28.75,12.67764213
28.755,12.66652388
28.76,12.64734917
28.765,12.65067397
28.77,12.66493245
28.775,12.66911129
28.78,12.6630775
28.785,12.65275908
28.79,12.64999648
28.795,12.66451701
28.8,12.67515767
28.805,12.65968205
28.81,12.64348868
28.815,12.65477722
28.82,12.6701695
28.825,12.66338667
28.83,12.65108297
28.835,12.6517403
28.84,12.65985205
28.845,12.66751602
28.85,12.66564394
28.855,12.64992016
28.86,12.64319337
28.865,12.66167362
28.87,12.6750368
28.875,12.66000594
28.88,12.64613296
28.885,12.65686435
28.89,12.67073254
28.895,12.66925908
28.9,12.6599566
28.905,12.65160822
28.91,12.65291057
28.915,12.66633451
28.92,12.66963163
28.925,12.65193287
28.93,12.64454924
28.935,12.66373668
28.94,12.67552884
28.945,12.66197816
28.95,12.64989086
28.955,12.65474293
28.96,12.66449098
28.965,12.67005463
28.97,12.66543834
28.975,12.65188661
28.98,12.65237578
28.985,12.6728877
28.99,12.67956934
28.995,12.66087498
29,12.65258417
29.005,12.66715654
29.01,12.67568011
29.015,12.66750669
29.02,12.65861743
29.025,12.65712264
29.03,12.66503301
29.035,12.67769343
29.04,12.67431452
29.045,12.65530228
29.05,12.65436983
29.055,12.67545448
29.06,12.68013214
29.065,12.6618632
29.07,12.65319095
29.075,12.66262371
29.08,12.67230103
29.085,12.67431165
29.09,12.66773555
29.095,12.65771982
29.1,12.66299963
29.105,12.67924393
29.11,12.67489031
29.115,12.65309422
29.12,12.65196107
29.125,12.6708008
29.13,12.67564906
29.135,12.66433409
29.14,12.65784605
29.145,12.66116228
29.15,12.67113842
29.155,12.67989384
29.16,12.67063201
29.165,12.6528866
29.17,12.65798664
29.175,12.67780485
29.18,12.67503976
29.185,12.65645202
29.19,12.65577144
29.195,12.66927162
29.2,12.67464811
29.205,12.67035063
29.21,12.66203765
29.215,12.65694832
29.22,12.66791812
29.225,12.68208695
29.23,12.67213014
29.235,12.65304305
29.24,12.66056724
29.245,12.68109317
29.25,12.68020025
29.255,12.66604955
29.26,12.66173146
29.265,12.66679267
29.27,12.67438674
29.275,12.67784552
29.28,12.66731132
29.285,12.65733579
29.29,12.67116844
29.295,12.68914003
29.3,12.67942975
29.305,12.66183772
29.31,12.66770762
29.315,12.68215034
29.32,12.68205749
29.325,12.67269316
29.33,12.6645415
29.335,12.66436825
29.34,12.67850597
29.345,12.68882278
29.35,12.6747678
29.355,12.66005051
29.36,12.67271738
29.365,12.68843877
29.37,12.67931721
29.375,12.66502179
29.38,12.66663212
29.385,12.67536435
29.39,12.68108826
29.395,12.67962951
29.4,12.66771019
29.405,12.66301758
29.41,12.67996769
29.415,12.69070349
29.42,12.67302114
29.425,12.65762222
29.43,12.66908329
29.435,12.68247037
29.44,12.67848771
29.445,12.66977346
29.45,12.66599208
29.455,12.66918852
29.46,12.68067585
29.465,12.68296381
29.47,12.66571359
29.475,12.65813188
29.48,12.67691322
29.485,12.68847695
29.49,12.67413135
29.495,12.66359624
29.5,12.67257877
29.505,12.68317374
29.51,12.68490808
29.515,12.67834781
29.52,12.66578633
29.525,12.66513297
29.53,12.68263026
29.535,12.68793548
29.54,12.66954215
29.545,12.66253003
29.55,12.68004268
29.555,12.68992423
29.56,12.68065009
29.565,12.67239871
29.57,12.67297708
29.575,12.67909818
29.58,12.68753863
29.585,12.68344588
29.59,12.66647911
29.595,12.66715635
29.6,12.68937469
29.605,12.69505218
29.61,12.67720967
29.615,12.67081978
29.62,12.68301817
29.625,12.69098674
29.63,12.68864447
29.635,12.68117916
29.64,12.67287928
29.645,12.67749749
29.65,12.69261696
29.655,12.68916937
29.66,12.66861977
29.665,12.66817955
29.67,12.68737026
29.675,12.69002939
29.68,12.67528789
29.685,12.66913104
29.69,12.67492366
29.695,12.6840598
29.7,12.69066536
29.705,12.6832948
29.71,12.66853398
29.715,12.67399519
29.72,12.69277867
29.725,12.68845623
29.73,12.66771622
29.735,12.66652756
29.74,12.68087424
29.745,12.68474857
29.75,12.67862337
29.755,12.67247402
29.76,12.67028094
29.765,12.67975458
29.77,12.69098318
29.775,12.68019713
29.78,12.66116588
29.785,12.66854549
29.79,12.68882469
29.795,12.68648559
29.8,12.67128894
29.805,12.67007307
29.81,12.67895992
29.815,12.68613994
29.82,12.68764217
29.825,12.67752518
29.83,12.6674039
29.835,12.67834446
29.84,12.6936837
29.845,12.68330027
29.85,12.6666224
29.855,12.67511068
29.86,12.69174577
29.865,12.69057606
29.87,12.68074025
29.875,12.67569363
29.88,12.67752395
29.885,12.68920433
29.89,12.69736843
29.895,12.68472882
29.9,12.67225519
29.905,12.68687029
29.91,12.70373757
29.915,12.69376369
29.92,12.6783005
29.925,12.68112461
29.93,12.68972463
29.935,12.69146283
29.94,12.6875634
29.945,12.6776067
29.95,12.6747423
29.955,12.69109123
29.96,12.70229942
29.965,12.68623555
29.97,12.67223097
29.975,12.68504584
29.98,12.69819465
29.985,12.69081549
29.99,12.67962171
29.995,12.67756777
30,12.68221063
30.005,12.69252471
30.01,12.69517289
30.015,12.6809475
30.02,12.67450393
30.025,12.6920453
30.03,12.70190508
30.035,12.68592557
30.04,12.67503934
30.045,12.68561922
30.05,12.6963375
30.055,12.69558035
30.06,12.68925534
30.065,12.68080905
30.07,12.68267349
30.075,12.69869047
30.08,12.70203425
30.085,12.68210031
30.09,12.67391614
30.095,12.69094366
30.1,12.6997224
30.105,12.68825612
30.11,12.67993286
30.115,12.68326832
30.12,12.68968548
30.125,12.69574399
30.13,12.69121767
30.135,12.67565326
30.14,12.67506701
30.145,12.69385754
30.15,12.69653974
30.155,12.67693305
30.16,12.6710265
30.165,12.68522855
30.17,12.69257274
30.175,12.68654757
30.18,12.67805489
30.185,12.6713417
30.19,12.6754304
30.195,12.68790675
30.2,12.68409861
30.205,12.66504057
30.21,12.66559856
30.215,12.68537325
30.22,12.68761701
30.225,12.67185464
30.23,12.66643704
30.235,12.67377765
30.24,12.68037817
30.245,12.68268401
30.25,12.67514015
30.255,12.66366659
30.26,12.67129909
30.265,12.69128452
30.27,12.68880552
30.275,12.6695059
30.28,12.66981179
30.285,12.68491863
30.29,12.68626135
30.295,12.67613548
30.3,12.66948941
30.305,12.66852653
30.31,12.67682737
30.315,12.68721864
30.32,12.67955053
30.325,12.66444296
30.33,12.67301911
30.335,12.69215393
30.34,12.6870953
30.345,12.66947426
30.35,12.66869859
30.355,12.67918664
30.36,12.68470752
30.365,12.68420147
30.37,12.67590731
30.375,12.66818742
30.38,12.67825034
30.385,12.69166391
30.39,12.68027151
30.395,12.66210495
30.4,12.66940013
30.405,12.68516717
30.41,12.68228385
30.415,12.67177427
30.42,12.66992911
30.425,12.67449186
30.43,12.68375655
30.435,12.68837786
30.44,12.67520041
30.445,12.66256819
30.45,12.6752524
30.455,12.69090418
30.46,12.68079938
30.465,12.66632792
30.47,12.67232329
30.475,12.68358998
30.48,12.6842363
30.485,12.67888844
30.49,12.6705019
30.495,12.66787137
30.5,12.68073838
30.505,12.68904845
30.51,12.67351112
30.515,12.66129589
30.52,12.67586651
30.525,12.69001611
30.53,12.68166393
30.535,12.67011435
30.54,12.67056297
30.545,12.67647903
30.55,12.68377117
30.555,12.68407605
30.56,12.67092164
30.565,12.66541088
30.57,12.68233212
30.575,12.69226227
30.58,12.67644377
30.585,12.66510343
30.59,12.67587577
30.595,12.68523183
30.6,12.68052204
30.605,12.67262285
30.61,12.66728285
30.615,12.67112383
30.62,12.68603879
30.625,12.68997986
30.63,12.67318377
30.635,12.66690713
30.64,12.68415532
30.645,12.69187644
30.65,12.67764087
30.655,12.66791321
30.66,12.67288476
30.665,12.67997774
30.67,12.68413159
30.675,12.68082115
30.68,12.67000762
30.685,12.67197072
30.69,12.69015324
30.695,12.69241309
30.7,12.67281119
30.705,12.66691677
30.71,12.68226763
30.715,12.68980042
30.72,12.6827452
30.725,12.67606541
30.73,12.67455248
30.735,12.68079515
30.74,12.6918096
30.745,12.68809494
30.75,12.67035728
30.755,12.67042108
30.76,12.68902252
30.765,12.69121438
30.77,12.67573049
30.775,12.67260759
30.78,12.68351707
30.785,12.69050592
30.79,12.6902542
30.795,12.68284791
30.8,12.67336288
30.805,12.67966601
30.81,12.69646255
30.815,12.69302469
30.82,12.67480497
30.825,12.67674984
30.83,12.69441823
30.835,12.69693521
30.84,12.68642719
30.845,12.68119654
30.85,12.68218406
30.855,12.68793802
30.86,12.693818
30.865,12.68550569
30.87,12.67187566
30.875,12.68062723
30.88,12.69992659
30.885,12.69595984
30.89,12.67905695
30.895,12.6798352
30.9,12.69152527
30.905,12.69446842
30.91,12.68973509
30.915,12.6817055
30.92,12.67654861
30.925,12.68633448
30.93,12.69906175
30.935,12.68951558
30.94,12.67361267
30.945,12.68154365
30.95,12.69716041
30.955,12.69199552
30.96,12.67879441
30.965,12.67744415
30.97,12.68394453
30.975,12.69230162
30.98,12.69592707
30.985,12.68565936
30.99,12.67615149
30.995,12.68922391
31,12.70379103
31.005,12.69242754
31.01,12.67645004
31.015,12.68255674
31.02,12.69450675
31.025,12.69401573
31.03,12.68850625
31.035,12.68356252
31.04,12.68355641
31.045,12.6942536
31.05,12.70005656
31.055,12.68444243
31.06,12.67206162
31.065,12.68578916
31.07,12.69985695
31.075,12.69124327
31.08,12.68055632
31.085,12.6849395
31.09,12.6935305
31.095,12.69849958
31.1,12.69626075
31.105,12.68386876
31.11,12.67802793
31.115,12.69204206
31.12,12.69987973
31.125,12.68408887
31.13,12.67352978
31.135,12.68619626
31.14,12.69680762
31.145,12.69094454
31.15,12.68301474
31.155,12.68015159
31.16,12.68376786
31.165,12.69409275
31.17,12.69481892
31.175,12.67815199
31.18,12.67249227
31.185,12.69014211
31.19,12.69896902
31.195,12.68508828
31.2,12.67619769
31.205,12.68344703
31.21,12.69018593
31.215,12.69049217
31.22,12.68528633
31.225,12.6763833
31.23,12.67892245
31.235,12.69596694
31.24,12.69886268
31.245,12.68138413
31.25,12.67703513
31.255,12.69348149
31.26,12.70052875
31.265,12.69077477
31.27,12.68359764
31.275,12.68467369
31.28,12.69169656
31.285,12.7011899
31.29,12.69888956
31.295,12.68487707
31.3,12.68632088
31.305,12.70427271
31.31,12.70515473
31.315,12.68750758
31.32,12.68310201
31.325,12.69466908
31.33,12.70080599
31.335,12.69817182
31.34,12.69217973
31.345,12.68694853
31.35,12.69408238
31.355,12.70848809
31.36,12.70368373
31.365,12.6848133
31.37,12.68563881
31.375,12.7027271
31.38,12.70453158
31.385,12.6928021
31.39,12.68891705
31.395,12.69339434
31.4,12.69967309
31.405,12.70332871
31.41,12.69502013
31.415,12.68293467
31.42,12.69045968
31.425,12.7070279
31.43,12.70173457
31.435,12.68495543
31.44,12.68740571
31.445,12.70153908
31.45,12.70468373
31.455,12.69874611
31.46,12.69205663
31.465,12.68911685
31.47,12.69754524
31.475,12.70741843
31.48,12.6980465
31.485,12.68381593
31.49,12.69292391
31.495,12.7097106
31.5,12.70510792
31.505,12.69157373
31.51,12.6911487
31.515,12.69837841
31.52,12.70344231
31.525,12.7034565
31.53,12.69407998
31.535,12.68731789
31.54,12.70032822
31.545,12.7144284
31.55,12.70445612
31.555,12.68996852
31.56,12.69704623
31.565,12.70904675
31.57,12.70607004
31.575,12.69706702
31.58,12.69238577
31.585,12.69384592
31.59,12.70349203
31.595,12.70853798
31.6,12.69590392
31.605,12.6867964
31.61,12.70073796
31.615,12.71342155
31.62,12.70259528
31.625,12.690097
31.63,12.69448201
31.635,12.70393661
31.64,12.70783014
31.645,12.70534993
31.65,12.69663585
31.655,12.69461576
31.66,12.70855597
31.665,12.71505487
31.67,12.69944746
31.675,12.68894285
31.68,12.70095734
31.685,12.71085361
31.69,12.70415384
31.695,12.69604698
31.7,12.69584179
31.705,12.70163413
31.71,12.71057141
31.715,12.70986147
31.72,12.69482778
31.725,12.69053499
31.73,12.70668597
31.735,12.71366834
31.74,12.69905602
31.745,12.69105696
31.75,12.7004886
31.755,12.70874613
31.76,12.70776685
31.765,12.70162203
31.77,12.69390915
31.775,12.69583395
31.78,12.70900318
31.785,12.70916477
31.79,12.69242083
31.795,12.68925241
31.8,12.70660731
31.805,12.71396121
31.81,12.70354319
31.815,12.69610581
31.82,12.6983096
31.825,12.70400838
31.83,12.70859757
31.835,12.70318544
31.84,12.68991799
31.845,12.69230727
31.85,12.70919638
31.855,12.71019377
31.86,12.69402651
31.865,12.69089015
31.87,12.70271151
31.875,12.70729974
31.88,12.70141936
31.885,12.69347029
31.89,12.68897297
31.895,12.69530596
31.9,12.70714427
31.905,12.70235198
31.91,12.68683852
31.915,12.6899765
31.92,12.70724271
31.925,12.70791642
31.93,12.69418896
31.935,12.68991652
31.94,12.69581242
31.945,12.70191721
31.95,12.70358917
31.955,12.69617808
31.96,12.68708596
31.965,12.69507821
31.97,12.70977826
31.975,12.70373627
31.98,12.68706013
31.985,12.68929374
31.99,12.70326806
31.995,12.70555005
32,12.69877099
32.005,12.69407917
32.01,12.69518126
32.015,12.70433763
32.02,12.71206587
32.025,12.70198109
32.03,12.68842907
32.035,12.69633255
32.04,12.710756
32.045,12.70494003
32.05,12.69159363
32.055,12.69346063
32.06,12.70338331
32.065,12.70860984
32.07,12.70660246
32.075,12.69755155
32.08,12.69192608
32.085,12.70249487
32.09,12.71268026
32.095,12.70166238
32.1,12.68883181
32.105,12.69810467
32.11,12.71264586
32.115,12.71088449
32.12,12.70230255
32.125,12.69934705
32.13,12.70286562
32.135,12.71083757
32.14,12.71289065
32.145,12.70070295
32.15,12.69330878
32.155,12.70684144
32.16,12.71811468
32.165,12.70751708
32.17,12.69555498
32.175,12.70066545
32.18,12.70969277
32.185,12.71061766
32.19,12.70544438
32.195,12.69804612
32.2,12.69874135
32.205,12.71244565
32.21,12.71840045
32.215,12.70406665
32.22,12.69495556
32.225,12.70685403
32.23,12.71570329
32.235,12.70650189
32.24,12.6964835
32.245,12.69728443
32.25,12.70419497
32.255,12.71189661
32.26,12.71105274
32.265,12.69964694
32.27,12.69807386
32.275,12.71362155
32.28,12.71946061
32.285,12.7050246
32.29,12.69682151
32.295,12.70603872
32.3,12.71393864
32.305,12.71115826
32.31,12.70425403
32.315,12.69910464
32.32,12.70336994
32.325,12.71505805
32.33,12.71367362
32.335,12.69756342
32.34,12.69453333
32.345,12.70950315
32.35,12.71439673
32.355,12.70309944
32.36,12.69681301
32.365,12.70232292
32.37,12.71029907
32.375,12.71435539
32.38,12.70850118
32.385,12.69710574
32.39,12.69952046
32.395,12.71382797
32.4,12.71311462
32.405,12.69712301
32.41,12.69457513
32.415,12.70715134
32.42,12.71232375
32.425,12.70577412
32.43,12.69859734
32.435,12.69652187
32.44,12.70308684
32.445,12.71194524
32.45,12.70627399
32.455,12.69326446
32.46,12.69823569
32.465,12.71548639
32.47,12.71625055
32.475,12.70381413
32.48,12.70100055
32.485,12.70825145
32.49,12.71321427
32.495,12.71166969
32.5,12.70287411
32.505,12.69526862
32.51,12.70385832
32.515,12.7173554
32.52,12.71184536
32.525,12.69713576
32.53,12.70049873
32.535,12.71396919
32.54,12.71449773
32.545,12.70518619
32.55,12.70003652
32.555,12.70282339
32.56,12.71193422
32.565,12.71810271
32.57,12.70916796
32.575,12.69859532
32.58,12.70658572
32.585,12.71893009
32.59,12.71175605
32.595,12.69800231
32.6,12.69958529
32.605,12.70973981
32.61,12.71431918
32.615,12.71148697
32.62,12.70449025
32.625,12.70269116
32.63,12.7144679
32.635,12.72305504
32.64,12.71187428
32.645,12.70005622
32.65,12.70911707
32.655,12.72196989
32.66,12.71869032
32.665,12.70992529
32.67,12.70923797
32.675,12.71551196
32.68,12.72342
32.685,12.72433751
32.69,12.71287496
32.695,12.70657996
32.7,12.71841668
32.705,12.72733967
32.71,12.71596874
32.715,12.7046959
32.72,12.71110945
32.725,12.72113434
32.73,12.72176133
32.735,12.71613529
32.74,12.71076253
32.745,12.71313463
32.75,12.72496155
32.755,12.7280995
32.76,12.71469576
32.765,12.70825947
32.77,12.72102607
32.775,12.72976596
32.78,12.72079073
32.785,12.71155205
32.79,12.71319692
32.795,12.7199118
32.8,12.72443327
32.805,12.72039166
32.81,12.70921887
32.815,12.7091611
32.82,12.72417064
32.825,12.72896421
32.83,12.71540855
32.835,12.70883186
32.84,12.71935481
32.845,12.72706767
32.85,12.72263216
32.855,12.71471183
32.86,12.71102567
32.865,12.71617201
32.87,12.72613575
32.875,12.72418269
32.88,12.71043247
32.885,12.70949239
32.89,12.72406922
32.895,12.7279944
32.9,12.71586654
32.905,12.70931057
32.91,12.71507081
32.915,12.72249179
32.92,12.72462622
32.925,12.71882295
32.93,12.71115529
32.935,12.71675554
32.94,12.73076532
32.945,12.72862755
32.95,12.71297896
32.955,12.71086225
32.96,12.72305417
32.965,12.72693677
32.97,12.71941595
32.975,12.71312597
32.98,12.71382211
32.985,12.72147281
32.99,12.72801742
32.995,12.72079706
33,12.70803957
33.005,12.71242681
33.01,12.72705989
33.015,12.72643293
33.02,12.71447265
33.025,12.71362832
33.03,12.72361224
33.035,12.72989396
33.04,12.72783896
33.045,12.71945754
33.05,12.71411381
33.055,12.72194248
33.06,12.73179708
33.065,12.72404598
33.07,12.71044356
33.075,12.71498267
33.08,12.72833372
33.085,12.72843471
33.09,12.71879392
33.095,12.71435068
33.1,12.71762592
33.105,12.72499062
33.11,12.7274107
33.115,12.71754791
33.12,12.70927669
33.125,12.71916192
33.13,12.73164704
33.135,12.7248434
33.14,12.71208357
33.145,12.71386831
33.15,12.72290144
33.155,12.72433671
33.16,12.71816347
33.165,12.71021485
33.17,12.70939433
33.175,12.72012224
33.18,12.72692614
33.185,12.71693493
33.19,12.70798122
33.195,12.71779937
33.2,12.72936446
33.205,12.72478457
33.21,12.71505356
33.215,12.714686
33.22,12.72161624
33.225,12.72848353
33.23,12.72732249
33.235,12.71702189
33.24,12.71413952
33.245,12.72720764
33.25,12.7350758
33.255,12.72350084
33.26,12.7133032
33.265,12.71995307
33.27,12.72937334
33.275,12.72849872
33.28,12.72198395
33.285,12.71741796
33.29,12.7212227
33.295,12.73225347
33.3,12.73378756
33.305,12.72097828
33.31,12.71588551
33.315,12.72857147
33.32,12.73634385
33.325,12.7279259
33.33,12.72034074
33.335,12.72462506
33.34,12.73311085
33.345,12.73691797
33.35,12.73147075
33.355,12.72041327
33.36,12.72032838
33.365,12.73223096
33.37,12.73366038
33.375,12.71967496
33.38,12.71512473
33.385,12.72729074
33.39,12.73578271
33.395,12.73179455
33.4,12.724883
33.405,12.72288832
33.41,12.72792489
33.415,12.73488627
33.42,12.72932786
33.425,12.7148052
33.43,12.71434502
33.435,12.72847555
33.44,12.73169907
33.445,12.72023392
33.45,12.71533006
33.455,12.72234911
33.46,12.72943716
33.465,12.72949798
33.47,12.72261289
33.475,12.71592636
33.48,12.72202417
33.485,12.73425639
33.49,12.73153449
33.495,12.71809081
33.5,12.71842674
33.505,12.73104648
33.51,12.73385119
33.515,12.72506462
33.52,12.71847423
33.525,12.7203876
33.53,12.72854724
33.535,12.73450611
33.54,12.72767191
33.545,12.71741959
33.55,12.72303125
33.555,12.73587686
33.56,12.73237312
33.565,12.71854306
33.57,12.71716385
33.575,12.72638018
33.58,12.73156867
33.585,12.72914618
33.59,12.72316702
33.595,12.72124699
33.6,12.73074671
33.605,12.73994317
33.61,12.73153338
33.615,12.71826583
33.62,12.72249931
33.625,12.73455469
33.63,12.73290786
33.635,12.72325398
33.64,12.72086277
33.645,12.72703786
33.65,12.73525996
33.655,12.73741436
33.66,12.72910896
33.665,12.72332926
33.67,12.73371404
33.675,12.74421498
33.68,12.73636064
33.685,12.72454166
33.69,12.7285935
33.695,12.73908503
33.7,12.74047998
33.705,12.73422606
33.71,12.7280086
33.715,12.72934421
33.72,12.73980565
33.725,12.74502532
33.73,12.73451167
33.735,12.72676647
33.74,12.73741239
33.745,12.748827
33.75,12.74373356
33.755,12.73441091
33.76,12.73503136
33.765,12.74164726
33.77,12.74650475
33.775,12.74392333
33.78,12.73498499
33.785,12.7342462
33.79,12.74798392
33.795,12.75537351
33.8,12.74446074
33.805,12.7357577
33.81,12.74322382
33.815,12.75125669
33.82,12.74742908
33.825,12.7390653
33.83,12.73477443
33.835,12.73893456
33.84,12.74843577
33.845,12.74913485
33.85,12.73779473
33.855,12.73521522
33.86,12.74863042
33.865,12.7552221
33.87,12.7449859
33.875,12.73662722
33.88,12.74104661
33.885,12.7482415
33.89,12.74970023
33.895,12.7432651
33.9,12.73403483
33.905,12.73512946
33.91,12.746367
33.915,12.74689134
33.92,12.73334578
33.925,12.72970624
33.93,12.74150288
33.935,12.74820644
33.94,12.7422282
33.945,12.73582257
33.95,12.73605001
33.955,12.74256574
33.96,12.74866103
33.965,12.74276754
33.97,12.72980339
33.975,12.73053609
33.98,12.74370768
33.985,12.74486893
33.99,12.73292028
33.995,12.72940964
34,12.73860272
34.005,12.74616305
34.01,12.74563233
34.015,12.73914891
34.02,12.73372658
34.025,12.73928735
34.03,12.74910005
34.035,12.74471237
34.04,12.73194482
34.045,12.73473231
34.05,12.74902184
34.055,12.75232622
34.06,12.74394331
34.065,12.73917839
34.07,12.74241091
34.075,12.74920213
34.08,12.7521879
34.085,12.74382463
34.09,12.73416743
34.095,12.74009364
34.1,12.75242502
34.105,12.74900385
34.11,12.73716964
34.115,12.7382239
34.12,12.74861068
34.125,12.7525159
34.13,12.7482186
34.135,12.74196933
34.14,12.74081823
34.145,12.74967387
34.15,12.75664629
34.155,12.74763616
34.16,12.73571715
34.165,12.74130429
34.17,12.75240729
34.175,12.74862094
34.18,12.73735144
34.185,12.73441513
34.19,12.73965155
34.195,12.74572945
34.2,12.74617951
34.205,12.73788466
34.21,12.73365673
34.215,12.74425063
34.22,12.75342976
34.225,12.74441616
34.23,12.73326986
34.235,12.7380597
34.24,12.74735906
34.245,12.74694448
34.25,12.74022841
34.255,12.73566616
34.26,12.73868757
34.265,12.74947225
34.27,12.75349029
34.275,12.74259967
34.28,12.73564895
34.285,12.74610989
34.29,12.75514746
34.295,12.74769186
34.3,12.73894918
34.305,12.74181065
34.31,12.74963006
34.315,12.75352986
34.32,12.75023379
34.325,12.74178094
34.33,12.74166365
34.335,12.75419871
34.34,12.75914566
34.345,12.74716115
34.35,12.73991011
34.355,12.74964309
34.36,12.75835855
34.365,12.75491815
34.37,12.74793986
34.375,12.74581859
34.38,12.75065589
34.385,12.75889961
34.39,12.75771163
34.395,12.74612227
34.4,12.74490137
34.405,12.75874307
34.41,12.76470675
34.415,12.75499007
34.42,12.74957089
34.425,12.75630908
34.43,12.76378016
34.435,12.76410324
34.44,12.75725137
34.445,12.74900284
34.45,12.75160454
34.455,12.76302466
34.46,12.76231173
34.465,12.74870311
34.47,12.74606407
34.475,12.75790983
34.48,12.76266582
34.485,12.75566997
34.49,12.74986187
34.495,12.75109477
34.5,12.75739931
34.505,12.76275075
34.51,12.75710046
34.515,12.74581151
34.52,12.74890098
34.525,12.76220063
34.53,12.76183909
34.535,12.74850559
34.54,12.74496565
34.545,12.75306995
34.55,12.75796446
34.555,12.75534575
34.56,12.74872569
34.565,12.74463585
34.57,12.75111898
34.575,12.76081683
34.58,12.7556144
34.585,12.74301918
34.59,12.74572033
34.595,12.7581678
34.6,12.75822361
34.605,12.74859961
34.61,12.74546405
34.615,12.75070431
34.62,12.75794301
34.625,12.76013976
34.63,12.75171877
34.635,12.74247363
34.64,12.7486522
34.645,12.75958177
34.65,12.75424401
34.655,12.741913
34.66,12.74381357
34.665,12.75409667
34.67,12.75696131
34.675,12.75268497
34.68,12.74786551
34.685,12.74818289
34.69,12.75670793
34.695,12.7624349
34.7,12.75286049
34.705,12.74293987
34.71,12.75106518
34.715,12.76295082
34.72,12.75896359
34.725,12.74887051
34.73,12.74813763
34.735,12.75389216
34.74,12.75877828
34.745,12.7578316
34.75,12.74957298
34.755,12.74584193
34.76,12.75663399
34.765,12.76544986
34.77,12.75694365
34.775,12.7481056
34.78,12.75565339
34.785,12.76577283
34.79,12.76385421
34.795,12.75641594
34.8,12.75215868
34.805,12.75506061
34.81,12.7643798
34.815,12.76756234
34.82,12.75766979
34.825,12.75287674
34.83,12.76479093
34.835,12.7733141
34.84,12.7648533
34.845,12.75562722
34.85,12.75818632
34.855,12.76413666
34.86,12.7658932
34.865,12.76208668
34.87,12.75516896
34.875,12.75672938
34.88,12.76927737
34.885,12.77297123
34.89,12.76003107
34.895,12.75346883
34.9,12.76352645
34.905,12.77085835
34.91,12.76536021
34.915,12.75802745
34.92,12.7566171
34.925,12.7612633
34.93,12.76827506
34.935,12.76624763
34.94,12.75509915
34.945,12.75448445
34.95,12.76774781
34.955,12.7716346
34.96,12.76076374
34.965,12.75612206
34.97,12.76415416
34.975,12.77109145
34.98,12.77046871
34.985,12.76427414
34.99,12.75751647
34.995,12.76084908
35,12.77148036
35.005,12.76962995
35.01,12.75568807
35.015,12.75419945
35.02,12.76645468
35.025,12.77027672
35.03,12.76281503
35.035,12.75861751
35.04,12.7614953
35.045,12.76740264
35.05,12.77154345
35.055,12.76571357
35.06,12.75583175
35.065,12.75984692
35.07,12.77291137
35.075,12.77131606
35.08,12.75854212
35.085,12.75766411
35.09,12.76796251
35.095,12.77332289
35.1,12.77075303
35.105,12.76538989
35.11,12.7622753
35.115,12.76870578
35.12,12.77729311
35.125,12.77158977
35.13,12.75991165
35.135,12.76426391
35.14,12.77671288
35.145,12.77533665
35.15,12.76559455
35.155,12.76378176
35.16,12.76952398
35.165,12.77552052
35.17,12.77714159
35.175,12.76941092
35.18,12.76210087
35.185,12.77000009
35.19,12.78098973
35.195,12.77419079
35.2,12.76109258
35.205,12.76332443
35.21,12.7721479
35.215,12.77176556
35.22,12.76594387
35.225,12.76250619
35.23,12.7641483
35.235,12.77314748
35.24,12.77896936
35.245,12.76990578
35.25,12.7606793
35.255,12.76918093
35.26,12.77969474
35.265,12.77281159
35.27,12.76165813
35.275,12.7621399
35.28,12.76887148
35.285,12.77312398
35.29,12.77228541
35.295,12.76489289
35.3,12.76136432
35.305,12.77068471
35.31,12.77691288
35.315,12.76619176
35.32,12.7571154
35.325,12.76584633
35.33,12.77555692
35.335,12.77250809
35.34,12.76541622
35.345,12.76338092
35.35,12.7670612
35.355,12.77496514
35.36,12.7760666
35.365,12.76466218
35.37,12.75946233
35.375,12.77150704
35.38,12.78006838
35.385,12.77149053
35.39,12.76403435
35.395,12.76880787
35.4,12.77509843
35.405,12.77543593
35.41,12.77128373
35.415,12.76487518
35.42,12.76584334
35.425,12.77735977
35.43,12.78068298
35.435,12.76918425
35.44,12.76538088
35.445,12.77821917
35.45,12.7859563
35.455,12.77958685
35.46,12.77265937
35.465,12.77241958
35.47,12.77679297
35.475,12.78272738
35.48,12.78106583
35.485,12.77135307
35.49,12.77173803
35.495,12.78495834
35.5,12.78806526
35.505,12.77612802
35.51,12.77182499
35.515,12.78019809
35.52,12.78564721
35.525,12.78299191
35.53,12.77729791
35.535,12.77292108
35.54,12.77757434
35.545,12.78850684
35.55,12.78703882
35.555,12.7739943
35.56,12.77303305
35.565,12.7855803
35.57,12.78859829
35.575,12.7800128
35.58,12.7761737
35.585,12.78025939
35.59,12.78568884
35.595,12.78853795
35.6,12.78341634
35.605,12.77488599
35.61,12.77908371
35.615,12.79080714
35.62,12.78783097
35.625,12.77427706
35.63,12.77401895
35.635,12.78496065
35.64,12.78886626
35.645,12.78425468
35.65,12.77847659
35.655,12.77578789
35.66,12.78080451
35.665,12.78735871
35.67,12.78062244
35.675,12.7686469
35.68,12.77249888
35.685,12.78432504
35.69,12.78207504
35.695,12.77200104
35.7,12.77170209
35.705,12.77851542
35.71,12.78285983
35.715,12.7817748
35.72,12.77360734
35.725,12.76652921
35.73,12.77323319
35.735,12.78283389
35.74,12.77595347
35.745,12.76405093
35.75,12.76789978
35.755,12.77794754
35.76,12.77737152
35.765,12.77090204
35.77,12.76796564
35.775,12.76994228
35.78,12.77699784
35.785,12.78085999
35.79,12.77235734
35.795,12.76499658
35.8,12.77441021
35.805,12.78478175
35.81,12.7775935
35.815,12.76654531
35.82,12.76797516
35.825,12.7747995
35.83,12.77751365
35.835,12.77550152
35.84,12.76908258
35.845,12.76688921
35.85,12.77645844
35.855,12.78294848
35.86,12.77313094
35.865,12.76474294
35.87,12.77299383
35.875,12.78147364
35.88,12.77679261
35.885,12.77005972
35.89,12.7705958
35.895,12.77615129
35.9,12.78354532
35.905,12.78379232
35.91,12.77325838
35.915,12.76853379
35.92,12.77944507
35.925,12.78589811
35.93,12.77573313
35.935,12.76800955
35.94,12.77396675
35.945,12.78098892
35.95,12.78080849
35.955,12.77685006
35.96,12.7719898
35.965,12.77375608
35.97,12.78351602
35.975,12.7848985
35.98,12.77227991
35.985,12.76783697
35.99,12.77982694
35.995,12.78623559
36,12.77854104
36.005,12.77169888
36.01,12.77338303
36.015,12.77834122
36.02,12.78262217
36.025,12.77944895
36.03,12.76950367
36.035,12.76910156
36.04,12.78075755
36.045,12.78288371
36.05,12.77142868
36.055,12.76835485
36.06,12.77769514
36.065,12.7827246
36.07,12.77844535
36.075,12.77258969
36.08,12.76960331
36.085,12.77453739
36.09,12.78345368
36.095,12.78058398
36.1,12.7678352
36.105,12.7675682
36.11,12.78004116
36.115,12.78207998
36.12,12.77234123
36.125,12.7680305
36.13,12.77205332
36.135,12.7762557
36.14,12.77791849
36.145,12.77373957
36.15,12.76806018
36.155,12.77423911
36.16,12.78693677
36.165,12.78484295
36.17,12.7720659
36.175,12.77217717
36.18,12.78232118
36.185,12.784207
36.19,12.77759491
36.195,12.77268615
36.2,12.77256617
36.205,12.77924938
36.21,12.78651965
36.215,12.78144685
36.22,12.77151861
36.225,12.77599235
36.23,12.78719717
36.235,12.78366298
36.24,12.77289895
36.245,12.77284353
36.25,12.78042585
36.255,12.78444731
36.26,12.7831895
36.265,12.77705496
36.27,12.77307277
36.275,12.781307
36.28,12.79062242
36.285,12.78348349
36.29,12.77138365
36.295,12.77564314
36.3,12.78620019
36.305,12.7852403
36.31,12.77839618
36.315,12.77638434
36.32,12.77881952
36.325,12.78392722
36.33,12.78558128
36.335,12.77665575
36.34,12.76965916
36.345,12.77884564
36.35,12.7889323
36.355,12.78182908
36.36,12.77205554
36.365,12.7756134
36.37,12.78339825
36.375,12.78408804
36.38,12.77893022
36.385,12.77127645
36.39,12.76858232
36.395,12.77661729
36.4,12.78152351
36.405,12.77186409
36.41,12.76445898
36.415,12.77363521
36.42,12.78213891
36.425,12.77637391
36.43,12.76850638
36.435,12.76889358
36.44,12.77364098
36.445,12.77833426
36.45,12.77754957
36.455,12.76867981
36.46,12.76599239
36.465,12.77737254
36.47,12.78373306
36.475,12.77318473
36.48,12.76461671
36.485,12.77020612
36.49,12.77636075
36.495,12.7743337
36.5,12.76963479
36.505,12.76651418
36.51,12.76917715
36.515,12.77758838
36.52,12.7777726
36.525,12.76600044
36.53,12.76230489
36.535,12.77363848
36.54,12.77885681
36.545,12.76983639
36.55,12.76323854
36.555,12.76625479
36.56,12.77162082
36.565,12.77439166
36.57,12.77041138
36.575,12.76112887
36.58,12.76049207
36.585,12.77045386
36.59,12.771113
36.595,12.75882556
36.6,12.75533706
36.605,12.7653553
36.61,12.77067034
36.615,12.76634225
36.62,12.76188077
36.625,12.76151389
36.63,12.76632269
36.635,12.77267471
36.64,12.7685662
36.645,12.75646168
36.65,12.75706064
36.655,12.7699344
36.66,12.77241224
36.665,12.76307855
36.67,12.76050578
36.675,12.76704037
36.68,12.77243504
36.685,12.77321278
36.69,12.76899499
36.695,12.7640649
36.7,12.76916562
36.705,12.77956067
36.71,12.77653244
36.715,12.76515774
36.72,12.76716561
36.725,12.7793308
36.73,12.78165864
36.735,12.77442456
36.74,12.76992205
36.745,12.7709451
36.75,12.77628127
36.755,12.78048798
36.76,12.77456715
36.765,12.76526756
36.77,12.77007121
36.775,12.78127654
36.78,12.77836334
36.785,12.76749518
36.79,12.76728657
36.795,12.77449725
36.8,12.77677324
36.805,12.77366
36.81,12.76818305
36.815,12.76639366
36.82,12.77449862
36.825,12.78243281
36.83,12.77461928
36.835,12.76271225
36.84,12.7662047
36.845,12.77517326
36.85,12.77212822
36.855,12.76373591
36.86,12.76203721
36.865,12.76531594
36.87,12.77048393
36.875,12.77240818
36.88,12.76571062
36.885,12.76040315
36.89,12.76896693
36.895,12.777391
36.9,12.76942511
36.905,12.75925012
36.91,12.76359469
36.915,12.77256108
36.92,12.77294807
36.925,12.76800803
36.93,12.76275837
36.935,12.76259742
36.94,12.77039054
36.945,12.77482076
36.95,12.76584042
36.955,12.75890502
36.96,12.76762169
36.965,12.77577815
36.97,12.77001755
36.975,12.76270889
36.98,12.76479945
36.985,12.77025091
36.99,12.77405404
36.995,12.77249663
37,12.76518904
37.005,12.76418895
37.01,12.77617795
37.015,12.78306762
37.02,12.77345802
37.025,12.76652789
37.03,12.77369493
37.035,12.7806511
37.04,12.77755362
37.045,12.77212542
37.05,12.76961507
37.055,12.77219246
37.06,12.77947787
37.065,12.78046675
37.07,12.77124959
37.075,12.76928276
37.08,12.78144539
37.085,12.78698428
37.09,12.77799149
37.095,12.77145748
37.1,12.7759715
37.105,12.78198249
37.11,12.78374588
37.115,12.78001495
37.12,12.77281246
37.125,12.77361048
37.13,12.78340819
37.135,12.78411357
37.14,12.77216846
37.145,12.76895021
37.15,12.77885725
37.155,12.78358112
37.16,12.77834862
37.165,12.7747252
37.17,12.77655634
37.175,12.78229497
37.18,12.78849037
37.185,12.78524332
37.19,12.77493727
37.195,12.77566001
37.2,12.78764708
37.205,12.78883415
37.21,12.7774635
37.215,12.77333033
37.22,12.77973489
37.225,12.7841918
37.23,12.78300565
37.235,12.77849516
37.24,12.77438957
37.245,12.77838086
37.25,12.78600165
37.255,12.78205695
37.26,12.77080701
37.265,12.77285998
37.27,12.78481783
37.275,12.78654594
37.28,12.77863784
37.285,12.77499943
37.29,12.77805684
37.295,12.78338529
37.3,12.78637865
37.305,12.77983535
37.31,12.77032876
37.315,12.77355137
37.32,12.78307501
37.325,12.77952383
37.33,12.76914751
37.335,12.77096543
37.34,12.78026628
37.345,12.78287536
37.35,12.77902071
37.355,12.77496302
37.36,12.77456674
37.365,12.78156409
37.37,12.78798273
37.375,12.78137443
37.38,12.77218669
37.385,12.77807331
37.39,12.78952492
37.395,12.78772117
37.4,12.77895339
37.405,12.77700049
37.41,12.78100226
37.415,12.78498294
37.42,12.78508418
37.425,12.77894935
37.43,12.77553637
37.435,12.78467763
37.44,12.79327376
37.445,12.78673846
37.45,12.77802682
37.455,12.78351146
37.46,12.79266456
37.465,12.79226416
37.47,12.78645089
37.475,12.78285271
37.48,12.78474182
37.485,12.79238444
37.49,12.79597705
37.495,12.78708606
37.5,12.78004427
37.505,12.78735595
37.51,12.79480036
37.515,12.78848137
37.52,12.78109363
37.525,12.7841687
37.53,12.79083813
37.535,12.79384002
37.54,12.79133445
37.545,12.78513069
37.55,12.78476549
37.555,12.79441191
37.56,12.797916
37.565,12.7871271
37.57,12.77953332
37.575,12.78660354
37.58,12.79343663
37.585,12.79008764
37.59,12.78458697
37.595,12.78314515
37.6,12.78650103
37.605,12.79196566
37.61,12.79100682
37.615,12.78113866
37.62,12.7787247
37.625,12.7886846
37.63,12.79219763
37.635,12.78218508
37.64,12.77659405
37.645,12.78328984
37.65,12.79033625
37.655,12.79093351
37.66,12.78600378
37.665,12.78027426
37.67,12.78194383
37.675,12.79122928
37.68,12.7920273
37.685,12.78174694
37.69,12.77930854
37.695,12.78879808
37.7,12.79307406
37.705,12.78707748
37.71,12.78280428
37.715,12.78506818
37.72,12.79096807
37.725,12.79553335
37.73,12.79238613
37.735,12.78469449
37.74,12.78803574
37.745,12.80011401
37.75,12.80087055
37.755,12.79008853
37.76,12.7867183
37.765,12.79370561
37.77,12.79759111
37.775,12.79520119
37.78,12.79055879
37.785,12.78808446
37.79,12.79253249
37.795,12.79970583
37.8,12.79628546
37.805,12.78648786
37.81,12.78863714
37.815,12.79925979
37.82,12.79942151
37.825,12.78991894
37.83,12.78657209
37.835,12.79122382
37.84,12.79713558
37.845,12.79863625
37.85,12.79231674
37.855,12.78497106
37.86,12.78880899
37.865,12.79723721
37.87,12.79286231
37.875,12.78174007
37.88,12.78170577
37.885,12.78922068
37.89,12.78979287
37.895,12.7845289
37.9,12.78096519
37.905,12.78255389
37.91,12.78956171
37.915,12.79443445
37.92,12.7878401
37.925,12.77921779
37.93,12.78453305
37.935,12.79421385
37.94,12.79082833
37.945,12.78050432
37.95,12.77853442
37.955,12.78291005
37.96,12.78514092
37.965,12.78252589
37.97,12.77556469
37.975,12.77188952
37.98,12.7784727
37.985,12.78487721
37.99,12.77836828
37.995,12.77048463
38,12.77580702
38.005,12.78456688
38.01,12.78267894
38.015,12.77503579
38.02,12.77167636
38.025,12.77455204
38.03,12.78107862
38.035,12.78276661
38.04,12.77467294
38.045,12.76929478
38.05,12.77708593
38.055,12.78435914
38.06,12.77818451
38.065,12.76980995
38.07,12.77159861
38.075,12.77692949
38.08,12.7769314
38.085,12.77282856
38.09,12.76889571
38.095,12.77160148
38.1,12.78168985
38.105,12.78587544
38.11,12.77685829
38.115,12.77049538
38.12,12.77810171
38.125,12.78537894
38.13,12.7808342
38.135,12.77337067
38.14,12.77274156
38.145,12.77737005
38.15,12.78214627
38.155,12.78085304
38.16,12.77370838
38.165,12.77286648
38.17,12.78211362
38.175,12.78622379
38.18,12.77820292
38.185,12.77393019
38.19,12.78163145
38.195,12.78946594
38.2,12.7886925
38.205,12.7831589
38.21,12.77946009
38.215,12.78286551
38.22,12.79058057
38.225,12.78989564
38.23,12.77983679
38.235,12.77700037
38.24,12.78623089
38.245,12.79099476
38.25,12.78532401
38.255,12.78117177
38.26,12.78458231
38.265,12.78953917
38.27,12.79015469
38.275,12.78450559
38.28,12.77764531
38.285,12.7805624
38.29,12.79043933
38.295,12.79098751
38.3,12.7811727
38.305,12.7789212
38.31,12.78744404
38.315,12.79237295
38.32,12.78837418
38.325,12.78228437
38.33,12.78026523
38.335,12.78387712
38.34,12.78830162
38.345,12.78397741
38.35,12.77543873
38.355,12.77774947
38.36,12.78791267
38.365,12.78826397
38.37,12.77946067
38.375,12.77701065
38.38,12.78339616
38.385,12.78887432
38.39,12.78791692
38.395,12.78161935
38.4,12.77663948
38.405,12.781645
38.41,12.78965653
38.415,12.78624218
38.42,12.77604415
38.425,12.77610374
38.43,12.78419551
38.435,12.78523432
38.44,12.77916076
38.445,12.77603161
38.45,12.77938896
38.455,12.78570698
38.46,12.78840166
38.465,12.7821311
38.47,12.77606419
38.475,12.78215308
38.48,12.79195447
38.485,12.78933589
38.49,12.78021284
38.495,12.78056404
38.5,12.78845968
38.505,12.79306728
38.51,12.79129229
38.515,12.78681696
38.52,12.78554622
38.525,12.79156471
38.53,12.79614075
38.535,12.78937083
38.54,12.78144237
38.545,12.78661413
38.55,12.79569034
38.555,12.79388873
38.56,12.78699114
38.565,12.78670067
38.57,12.79329614
38.575,12.80005234
38.58,12.80066402
38.585,12.79344704
38.59,12.78891826
38.595,12.79548332
38.6,12.80146039
38.605,12.79441483
38.61,12.78473857
38.615,12.78622414
38.62,12.79217557
38.625,12.79161395
38.63,12.7862394
38.635,12.78300387
38.64,12.78586653
38.645,12.79353244
38.65,12.79585701
38.655,12.78813788
38.66,12.78398822
38.665,12.79262354
38.67,12.80011045
38.675,12.79428701
38.68,12.7853603
38.685,12.78480235
38.69,12.78947118
38.695,12.79222755
38.7,12.78964281
38.705,12.78359032
38.71,12.78335496
38.715,12.79154104
38.72,12.79464475
38.725,12.78604179
38.73,12.78033758
38.735,12.78684546
38.74,12.7932483
38.745,12.78990769
38.75,12.78370802
38.755,12.78296162
38.76,12.78874372
38.765,12.79609055
38.77,12.79573183
38.775,12.78731613
38.78,12.78510005
38.785,12.7935388
38.79,12.79718937
38.795,12.78913605
38.8,12.78256788
38.805,12.78548319
38.81,12.78985832
38.815,12.78904015
38.82,12.7841043
38.825,12.78023034
38.83,12.78403751
38.835,12.79281036
38.84,12.79312226
38.845,12.78403499
38.85,12.78242757
38.855,12.79242486
38.86,12.79818612
38.865,12.7927417
38.87,12.78652232
38.875,12.78678315
38.88,12.79140298
38.885,12.79458383
38.89,12.79094844
38.895,12.78419731
38.9,12.78594003
38.905,12.79483579
38.91,12.79530695
38.915,12.78669933
38.92,12.78428468
38.925,12.7914862
38.93,12.79657201
38.935,12.79385438
38.94,12.78788193
38.945,12.78597127
38.95,12.79215254
38.955,12.79983288
38.96,12.79747865
38.965,12.78896195
38.97,12.79008015
38.975,12.79880787
38.98,12.79961993
38.985,12.79153006
38.99,12.78714006
38.995,12.78971921
39,12.79322733
39.005,12.79273992
39.01,12.78667789
39.015,12.78204178
39.02,12.78765956
39.025,12.79648591
39.03,12.79337825
39.035,12.78362706
39.04,12.78366741
39.045,12.79199639
39.05,12.79474855
39.055,12.78970781
39.06,12.78422127
39.065,12.78351704
39.07,12.78833963
39.075,12.79131813
39.08,12.78528859
39.085,12.77811026
39.09,12.78229861
39.095,12.79042358
39.1,12.78820295
39.105,12.78058587
39.11,12.78113694
39.115,12.78853118
39.12,12.79324747
39.125,12.79128369
39.13,12.78478699
39.135,12.78226209
39.14,12.78897747
39.145,12.79526775
39.15,12.78933825
39.155,12.78071522
39.16,12.7833705
39.165,12.79066789
39.17,12.7896806
39.175,12.78335673
39.18,12.78096722
39.185,12.7839774
39.19,12.78872065
39.195,12.78815532
39.2,12.78017878
39.205,12.77570579
39.21,12.78330076
39.215,12.79060427
39.22,12.78578903
39.225,12.77870763
39.23,12.78170304
39.235,12.789684
39.24,12.79246578
39.245,12.78894112
39.25,12.78351487
39.255,12.78317606
39.26,12.78931508
39.265,12.79153652
39.27,12.78380436
39.275,12.77916262
39.28,12.78649156
39.285,12.79329703
39.29,12.78919103
39.295,12.78291974
39.3,12.78423121
39.305,12.79079526
39.31,12.79640829
39.315,12.7951469
39.32,12.78816494
39.325,12.78681901
39.33,12.79510066
39.335,12.79870027
39.34,12.7901143
39.345,12.78303288
39.35,12.78668888
39.355,12.79177749
39.36,12.7900083
39.365,12.78495936
39.37,12.78264935
39.375,12.78658654
39.38,12.79329258
39.385,12.79261297
39.39,12.78422722
39.395,12.78292477
39.4,12.79245382
39.405,12.79712828
39.41,12.7901533
39.415,12.78368371
39.42,12.78573216
39.425,12.79120161
39.43,12.79381013
39.435,12.79052399
39.44,12.78500162
39.445,12.78647839
39.45,12.79398317
39.455,12.79343785
39.46,12.78351658
39.465,12.78030452
39.47,12.78733966
39.475,12.79098418
39.48,12.78596396
39.485,12.78035015
39.49,12.78027953
39.495,12.78591685
39.5,12.79141082
39.505,12.78811072
39.51,12.77956991
39.515,12.78001362
39.52,12.78863742
39.525,12.78935007
39.53,12.78051043
39.535,12.77630278
39.54,12.78035209
39.545,12.78385533
39.55,12.7820849
39.555,12.77678499
39.56,12.77358998
39.565,12.77843517
39.57,12.78586965
39.575,12.78315707
39.58,12.77462887
39.585,12.77642638
39.59,12.78659791
39.595,12.78944024
39.6,12.78314921
39.605,12.77837586
39.61,12.77969011
39.615,12.7846686
39.62,12.78758339
39.625,12.78328762
39.63,12.77811034
39.635,12.78307583
39.64,12.79173399
39.645,12.78929898
39.65,12.78058009
39.655,12.78044385
39.66,12.78732114
39.665,12.79013475
39.67,12.786608
39.675,12.78175023
39.68,12.78187829
39.685,12.78957216
39.69,12.79582947
39.695,12.79057802
39.7,12.78266882
39.705,12.78602461
39.71,12.79389106
39.715,12.79233468
39.72,12.785224
39.725,12.78354651
39.73,12.78734441
39.735,12.79105414
39.74,12.79024291
39.745,12.78415478
39.75,12.78129203
39.755,12.78874572
39.76,12.79562226
39.765,12.78966621
39.77,12.78128395
39.775,12.78471509
39.78,12.79297637
39.785,12.79412722
39.79,12.78946508
39.795,12.7857754
39.8,12.78691159
39.805,12.79233461
39.81,12.79386656
39.815,12.78617236
39.82,12.78037613
39.825,12.78602538
39.83,12.79180009
39.835,12.78651773
39.84,12.77980306
39.845,12.78217889
39.85,12.78885699
39.855,12.79164508
39.86,12.7882719
39.865,12.7817515
39.87,12.78111748
39.875,12.78948443
39.88,12.79371985
39.885,12.78613367
39.89,12.78011469
39.895,12.78532652
39.9,12.79078011
39.905,12.78740322
39.91,12.78123651
39.915,12.77942921
39.92,12.78244492
39.925,12.78705228
39.93,12.78589497
39.935,12.77856978
39.94,12.77809451
39.945,12.78821384
39.95,12.79338241
39.955,12.78599324
39.96,12.77980771
39.965,12.78327696
39.97,12.78871629
39.975,12.78905426
39.98,12.78483888
39.985,12.78025616
39.99,12.78210069
39.995,12.78974604
40,12.79072354
40.005,12.78289418
40.01,12.78103131
40.015,12.7890493
40.02,12.79229252
40.025,12.78617042
40.03,12.78137454
40.035,12.78393704
40.04,12.79034421
40.045,12.79492458
40.05,12.79203426
40.055,12.78499725
40.06,12.78685225
40.065,12.79698019
40.07,12.79898763
40.075,12.79041711
40.08,12.78731928
40.085,12.79310915
40.09,12.7966967
40.095,12.79389515
40.1,12.78920079
40.105,12.78703548
40.11,12.79073213
40.115,12.7960328
40.12,12.79214949
40.125,12.78318269
40.13,12.78445504
40.135,12.7943589
40.14,12.79624358
40.145,12.78922429
40.15,12.78577865
40.155,12.78929478
40.16,12.79420325
40.165,12.79531944
40.17,12.78969929
40.175,12.78282622
40.18,12.78539431
40.185,12.79212128
40.19,12.78887035
40.195,12.77999654
40.2,12.78101242
40.205,12.7885464
40.21,12.78959781
40.215,12.78437268
40.22,12.78036168
40.225,12.78113353
40.23,12.78696001
40.235,12.79156177
40.24,12.78590974
40.245,12.77797079
40.25,12.78177928
40.255,12.79066741
40.26,12.78872198
40.265,12.78059938
40.27,12.77933429
40.275,12.78315364
40.28,12.78460157
40.285,12.78199809
40.29,12.7765996
40.295,12.77394285
40.3,12.77989702
40.305,12.78519583
40.31,12.77899145
40.315,12.77139123
40.32,12.77652109
40.325,12.7858424
40.33,12.78621228
40.335,12.7814431
40.34,12.7797647
40.345,12.78277626
40.35,12.78852988
40.355,12.7906263
40.36,12.78372116
40.365,12.77793745
40.37,12.78315547
40.375,12.78830156
40.38,12.78158104
40.385,12.7740927
40.39,12.77708735
40.395,12.78310025
40.4,12.78385432
40.405,12.78043217
40.41,12.77647312
40.415,12.77737971
40.42,12.78545969
40.425,12.7890684
40.43,12.78047481
40.435,12.77356535
40.44,12.77937846
40.445,12.78552517
40.45,12.78178647
40.455,12.77653336
40.46,12.77700357
40.465,12.78060363
40.47,12.78377066
40.475,12.78223975
40.48,12.77531976
40.485,12.77411667
40.49,12.78306415
40.495,12.78699853
40.5,12.77853564
40.505,12.77328312
40.51,12.7794259
40.515,12.78534855
40.52,12.78370575
40.525,12.77876934
40.53,12.77476247
40.535,12.77594937
40.54,12.78252332
40.545,12.78316296
40.55,12.7744158
40.555,12.77112363
40.56,12.77829584
40.565,12.77999955
40.57,12.77120841
40.575,12.7653801
40.58,12.76776863
40.585,12.7715862
40.59,12.77282751
40.595,12.76967614
40.6,12.76436119
40.605,12.76719332
40.61,12.77776558
40.615,12.77968233
40.62,12.77038572
40.625,12.76727328
40.63,12.7735927
40.635,12.77577616
40.64,12.77085543
40.645,12.76626693
40.65,12.76476888
40.655,12.76732769
40.66,12.77170524
40.665,12.76880014
40.67,12.76070602
40.675,12.76253004
40.68,12.77256544
40.685,12.77232983
40.69,12.76267291
40.695,12.75970336
40.7,12.76505707
40.705,12.76935843
40.71,12.76966034
40.715,12.76600521
40.72,12.76139259
40.725,12.76427268
40.73,12.77124632
40.735,12.76820072
40.74,12.75844324
40.745,12.75920824
40.75,12.76737855
40.755,12.7679148
40.76,12.76243591
40.765,12.7611087
40.77,12.76439458
40.775,12.76950885
40.78,12.77254467
40.785,12.76691988
40.79,12.75951497
40.795,12.7642516
40.8,12.77462338
40.805,12.77323417
40.81,12.76581982
40.815,12.76726934
40.82,12.77359913
40.825,12.7749032
40.83,12.77210545
40.835,12.76789974
40.84,12.76524497
40.845,12.76954465
40.85,12.77364574
40.855,12.76648922
40.86,12.75771199
40.865,12.76262073
40.87,12.77126242
40.875,12.76858369
40.88,12.76129768
40.885,12.76022662
40.89,12.76347937
40.895,12.76737717
40.9,12.76840379
40.905,12.76206369
40.91,12.75667795
40.915,12.76218291
40.92,12.76799952
40.925,12.76113441
40.93,12.75328267
40.935,12.75674612
40.94,12.7620959
40.945,12.76011116
40.95,12.75564514
40.955,12.75337192
40.96,12.75507779
40.965,12.76236733
40.97,12.76591272
40.975,12.75829866
40.98,12.75280605
40.985,12.76068298
40.99,12.76757647
40.995,12.76210615
41,12.75559639
41.005,12.75660355
41.01,12.75958802
41.015,12.76090193
41.02,12.75964343
41.025,12.75471861
41.03,12.75410476
41.035,12.7623731
41.04,12.76580674
41.045,12.75684324
41.05,12.75205427
41.055,12.7600262
41.06,12.76664888
41.065,12.76440208
41.07,12.76078821
41.075,12.76012194
41.08,12.76326753
41.085,12.77007977
41.09,12.77138231
41.095,12.76362562
41.1,12.76127615
41.105,12.76984357
41.11,12.77261658
41.115,12.76433686
41.12,12.76036278
41.125,12.7650596
41.13,12.76880483
41.135,12.76859052
41.14,12.76555168
41.145,12.76125587
41.15,12.76388895
41.155,12.77385673
41.16,12.77532382
41.165,12.76582957
41.17,12.7637994
41.175,12.77254953
41.18,12.77597577
41.185,12.77081663
41.19,12.76721698
41.195,12.76706051
41.2,12.76901943
41.205,12.77221008
41.21,12.76975292
41.215,12.76256211
41.22,12.76455382
41.225,12.77440683
41.23,12.77397472
41.235,12.76431675
41.24,12.76282499
41.245,12.7698215
41.25,12.7731537
41.255,12.7713087
41.26,12.76684607
41.265,12.76239336
41.27,12.76477508
41.275,12.77121492
41.28,12.76765987
41.285,12.75722021
41.29,12.75751374
41.295,12.76502932
41.3,12.76376577
41.305,12.75661865
41.31,12.75546
41.315,12.75857921
41.32,12.76165473
41.325,12.7627448
41.33,12.75752708
41.335,12.75100903
41.34,12.75580253
41.345,12.7653727
41.35,12.76222146
41.355,12.75319233
41.36,12.75471135
41.365,12.76218656
41.37,12.76378462
41.375,12.76196278
41.38,12.76048235
41.385,12.75990355
41.39,12.76356066
41.395,12.76709416
41.4,12.76063097
41.405,12.75266253
41.41,12.7578537
41.415,12.76600865
41.42,12.76209687
41.425,12.75445328
41.43,12.75589903
41.435,12.76153225
41.44,12.76570029
41.445,12.76640443
41.45,12.76119071
41.455,12.75685262
41.46,12.76257833
41.465,12.76882715
41.47,12.76236664
41.475,12.75479369
41.48,12.75867854
41.485,12.76403834
41.49,12.76072592
41.495,12.75587431
41.5,12.75473174
41.505,12.75686147
41.51,12.76268765
41.515,12.76525485
41.52,12.75815858
41.525,12.7537067
41.53,12.76272739
41.535,12.77025816
41.54,12.76490056
41.545,12.75895737
41.55,12.76189833
41.555,12.76580057
41.56,12.76651141
41.565,12.76497256
41.57,12.76057009
41.575,12.75956787
41.58,12.76652804
41.585,12.76897623
41.59,12.75959455
41.595,12.7550603
41.6,12.76293243
41.605,12.76784863
41.61,12.76217989
41.615,12.7566461
41.62,12.7561302
41.625,12.75907173
41.63,12.76464979
41.635,12.7654788
41.64,12.75794591
41.645,12.75520837
41.65,12.76314319
41.655,12.76492024
41.66,12.75534944
41.665,12.75051257
41.67,12.75526126
41.675,12.75766507
41.68,12.75522959
41.685,12.75204632
41.69,12.74939686
41.695,12.75218044
41.7,12.76030685
41.705,12.76042963
41.71,12.75056247
41.715,12.74937448
41.72,12.75939184
41.725,12.76342524
41.73,12.75794014
41.735,12.75483182
41.74,12.75610508
41.745,12.75799817
41.75,12.75986012
41.755,12.75690344
41.76,12.7499534
41.765,12.75110588
41.77,12.75948352
41.775,12.75780799
41.78,12.74791907
41.785,12.74773769
41.79,12.75626661
41.795,12.7594978
41.8,12.75694645
41.805,12.75368834
41.81,12.75140841
41.815,12.75503921
41.82,12.76236518
41.825,12.76067175
41.83,12.75232581
41.835,12.75405658
41.84,12.76269314
41.845,12.7617902
41.85,12.75453626
41.855,12.75432436
41.86,12.75858885
41.865,12.76083956
41.87,12.76082107
41.875,12.75646006
41.88,12.7518921
41.885,12.75750433
41.89,12.76692037
41.895,12.76359181
41.9,12.75449924
41.905,12.75678173
41.91,12.76488207
41.915,12.76572195
41.92,12.76242676
41.925,12.76063734
41.93,12.7602021
41.935,12.76348798
41.94,12.76681835
41.945,12.76130361
41.95,12.75429499
41.955,12.75899031
41.96,12.76556256
41.965,12.7593876
41.97,12.7503049
41.975,12.75129011
41.98,12.75638934
41.985,12.75836705
41.99,12.75735105
41.995,12.75282236
42,12.74992684
42.005,12.75623012
42.01,12.76224704
42.015,12.75585802
42.02,12.74860513
42.025,12.75326911
42.03,12.7586435
42.035,12.75473324
42.04,12.74975568
42.045,12.74977421
42.05,12.75212561
42.055,12.75570189
42.06,12.75591602
42.065,12.74802907
42.07,12.74372113
42.075,12.75218187
42.08,12.75897928
42.085,12.75275698
42.09,12.7470165
42.095,12.75139333
42.1,12.75660267
42.105,12.75747888
42.11,12.75645077
42.115,12.7538067
42.12,12.75369823
42.125,12.76013499
42.13,12.76238812
42.135,12.75453758
42.14,12.75175801
42.145,12.76102301
42.15,12.76633738
42.155,12.76069199
42.16,12.75605012
42.165,12.75758947
42.17,12.76168323
42.175,12.76628589
42.18,12.76631785
42.185,12.75982096
42.19,12.75935044
42.195,12.76900902
42.2,12.77267677
42.205,12.76509729
42.21,12.76187796
42.215,12.76696764
42.22,12.76830884
42.225,12.76417394
42.23,12.7600277
42.235,12.75739355
42.24,12.75934195
42.245,12.76594551
42.25,12.76503507
42.255,12.75582471
42.26,12.75556998
42.265,12.76576124
42.27,12.76878759
42.275,12.76221128
42.28,12.75960043
42.285,12.76241914
42.29,12.76533768
42.295,12.76713687
42.3,12.76489449
42.305,12.75916121
42.31,12.76050595
42.315,12.76767446
42.32,12.76489248
42.325,12.75475916
42.33,12.75458538
42.335,12.76263835
42.34,12.76432548
42.345,12.76039942
42.35,12.75757444
42.355,12.75715903
42.36,12.76139948
42.365,12.76719642
42.37,12.7636552
42.375,12.75454061
42.38,12.75602421
42.385,12.76374685
42.39,12.76186398
42.395,12.75454279
42.4,12.75477605
42.405,12.75902562
42.41,12.76006824
42.415,12.75834745
42.42,12.75364826
42.425,12.74974903
42.43,12.75468461
42.435,12.76177149
42.44,12.75657699
42.445,12.74751854
42.45,12.75060742
42.455,12.75872408
42.46,12.75840749
42.465,12.7539402
42.47,12.7522313
42.475,12.75231649
42.48,12.75522301
42.485,12.75761795
42.49,12.75208711
42.495,12.74607334
42.5,12.7516323
42.505,12.75825033
42.51,12.75231547
42.515,12.74445574
42.52,12.74703803
42.525,12.75227424
42.53,12.75266712
42.535,12.75054937
42.54,12.74655418
42.545,12.74531842
42.55,12.75276113
42.555,12.75963777
42.56,12.75443056
42.565,12.74874633
42.57,12.75452769
42.575,12.75995789
42.58,12.75542953
42.585,12.75000835
42.59,12.75011785
42.595,12.75192631
42.6,12.75456639
42.605,12.75430746
42.61,12.74775107
42.615,12.74524241
42.62,12.75417968
42.625,12.75982551
42.63,12.75224777
42.635,12.74642859
42.64,12.75121539
42.645,12.75642466
42.65,12.75618956
42.655,12.75431349
42.66,12.75125251
42.665,12.75040856
42.67,12.75507246
42.675,12.75554096
42.68,12.74652772
42.685,12.74247111
42.69,12.74984679
42.695,12.75271382
42.7,12.74540787
42.705,12.74046623
42.71,12.74263317
42.715,12.74583882
42.72,12.74792608
42.725,12.74567789
42.73,12.7386664
42.735,12.73816333
42.74,12.74728777
42.745,12.75041041
42.75,12.74269952
42.755,12.74038498
42.76,12.74668207
42.765,12.74914993
42.77,12.74553991
42.775,12.74274526
42.78,12.74170449
42.785,12.74384738
42.79,12.74884465
42.795,12.74658347
42.8,12.73757973
42.805,12.73774087
42.81,12.74785198
42.815,12.74999636
42.82,12.74315872
42.825,12.74116835
42.83,12.74561853
42.835,12.74963381
42.84,12.75196219
42.845,12.75062357
42.85,12.74625504
42.855,12.74822386
42.86,12.7547122
42.865,12.75198866
42.87,12.7426393
42.875,12.74344368
42.88,12.75118249
42.885,12.75156425
42.89,12.74626272
42.895,12.74376486
42.9,12.74493179
42.905,12.74995499
42.91,12.75603894
42.915,12.75333604
42.92,12.74613023
42.925,12.7489151
42.93,12.75740239
42.935,12.75566952
42.94,12.74841472
42.945,12.74873309
42.95,12.75286312
42.955,12.75349394
42.96,12.75182777
42.965,12.74874394
42.97,12.74617268
42.975,12.75065221
42.98,12.7560729
42.985,12.75007992
42.99,12.74108664
42.995,12.74483992
43,12.75346578
43.005,12.75307812
43.01,12.7486422
43.015,12.7480605
43.02,12.75004212
43.025,12.75382502
43.03,12.75702761
43.035,12.75332841
43.04,12.74917107
43.045,12.75468971
43.05,12.76021889
43.055,12.75357986
43.06,12.74586753
43.065,12.74891106
43.07,12.75422111
43.075,12.75380128
43.08,12.75057022
43.085,12.74707188
43.09,12.74667537
43.095,12.75358684
43.1,12.75866948
43.105,12.75244929
43.11,12.74668141
43.115,12.75255017
43.12,12.75837008
43.125,12.75422288
43.13,12.74943919
43.135,12.75009045
43.14,12.75164236
43.145,12.75259241
43.15,12.75114723
43.155,12.74502131
43.16,12.74311715
43.165,12.75140298
43.17,12.75582151
43.175,12.74782668
43.18,12.74207751
43.185,12.74734525
43.19,12.7523982
43.195,12.7510629
43.2,12.74826117
43.205,12.74577909
43.21,12.74599561
43.215,12.75128942
43.22,12.75318811
43.225,12.74672879
43.23,12.74508149
43.235,12.75330683
43.24,12.75605542
43.245,12.74832493
43.25,12.74376485
43.255,12.74681499
43.26,12.75001575
43.265,12.75103438
43.27,12.74856785
43.275,12.7430679
43.28,12.74376836
43.285,12.75293858
43.29,12.75575683
43.295,12.74826663
43.3,12.74605404
43.305,12.7525715
43.31,12.75513817
43.315,12.75132914
43.32,12.74855214
43.325,12.74791986
43.33,12.74958253
43.335,12.7526141
43.34,12.74954103
43.345,12.74140895
43.35,12.74253216
43.355,12.75232479
43.36,12.75365159
43.365,12.74604332
43.37,12.74393622
43.375,12.74861639
43.38,12.75199493
43.385,12.7530585
43.39,12.75125855
43.395,12.74752245
43.4,12.74923694
43.405,12.75535271
43.41,12.75310119
43.415,12.74477244
43.42,12.7457621
43.425,12.75304546
43.43,12.75237988
43.435,12.74558746
43.44,12.7426131
43.445,12.74348393
43.45,12.74643951
43.455,12.74871645
43.46,12.74392825
43.465,12.73656314
43.47,12.73941358
43.475,12.74768822
43.48,12.74620625
43.485,12.73925057
43.49,12.73973283
43.495,12.74442172
43.5,12.74461671
43.505,12.74183812
43.51,12.73835623
43.515,12.73622624
43.52,12.73973947
43.525,12.74336535
43.53,12.73716179
43.535,12.72911044
43.54,12.73288778
43.545,12.7405122
43.55,12.73881989
43.555,12.73320546
43.56,12.73284375
43.565,12.73605293
43.57,12.74056
43.575,12.74342284
43.58,12.73991602
43.585,12.7358298
43.59,12.74023242
43.595,12.74480688
43.6,12.7384902
43.605,12.73157459
43.61,12.734919
43.615,12.74016884
43.62,12.73898768
43.625,12.73511089
43.63,12.73220316
43.635,12.73269889
43.64,12.73848875
43.645,12.74162558
43.65,12.7349466
43.655,12.72966802
43.66,12.73607875
43.665,12.742876
43.67,12.74019483
43.675,12.73663361
43.68,12.73902516
43.685,12.74231132
43.69,12.74344294
43.695,12.7416115
43.7,12.73626256
43.705,12.73461659
43.71,12.74111399
43.715,12.74398322
43.72,12.73623255
43.725,12.73164513
43.73,12.73806111
43.735,12.74410948
43.74,12.7425329
43.745,12.73883693
43.75,12.73689449
43.755,12.73812932
43.76,12.74301537
43.765,12.74414067
43.77,12.73825924
43.775,12.73687711
43.78,12.74417789
43.785,12.74652687
43.79,12.73951943
43.795,12.7356002
43.8,12.73874368
43.805,12.74146803
43.81,12.74095377
43.815,12.73742992
43.82,12.73244971
43.825,12.73394275
43.83,12.74241451
43.835,12.74400338
43.84,12.73627357
43.845,12.73422392
43.85,12.7406751
43.855,12.74295692
43.86,12.73880221
43.865,12.73599556
43.87,12.73598149
43.875,12.73757663
43.88,12.73984059
43.885,12.73706019
43.89,12.73020786
43.895,12.73097841
43.9,12.73847252
43.905,12.73766941
43.91,12.72874753
43.915,12.72615434
43.92,12.73085143
43.925,12.73384907
43.93,12.73345181
43.935,12.73110666
43.94,12.72855767
43.945,12.73154646
43.95,12.73818999
43.955,12.73699784
43.96,12.73031199
43.965,12.73175545
43.97,12.73856145
43.975,12.73757463
43.98,12.73137142
43.985,12.72969303
43.99,12.73200469
43.995,12.73500585
44,12.73636261
44.005,12.73194325
44.01,12.72620108
44.015,12.73007087
44.02,12.73840165
44.025,12.73712568
44.03,12.73070212
44.035,12.73223739
44.04,12.73810315
44.045,12.73940983
44.05,12.737845
44.055,12.73645805
44.06,12.73611531
44.065,12.7397152
44.07,12.74320445
44.075,12.73785183
44.08,12.73136059
44.085,12.73586734
44.09,12.7433529
44.095,12.74102073
44.1,12.73500512
44.105,12.73515748
44.11,12.73874357
44.115,12.74226652
44.12,12.74403462
44.125,12.74099553
44.13,12.73801002
44.135,12.74327025
44.14,12.74886675
44.145,12.74438374
44.15,12.73892708
44.155,12.74295545
44.16,12.74791174
44.165,12.7452876
44.17,12.74082601
44.175,12.73890474
44.18,12.73986128
44.185,12.7444608
44.19,12.74680954
44.195,12.74073431
44.2,12.73618414
44.205,12.74252661
44.21,12.74882353
44.215,12.74500237
44.22,12.7402554
44.225,12.74205134
44.23,12.74443957
44.235,12.74436564
44.24,12.74237725
44.245,12.7383442
44.25,12.73704422
44.255,12.74214182
44.26,12.74360616
44.265,12.73550684
44.27,12.73126189
44.275,12.73791227
44.28,12.74312182
44.285,12.74007387
44.29,12.73615816
44.295,12.73510832
44.3,12.73654511
44.305,12.74043897
44.31,12.74117257
44.315,12.73525465
44.32,12.73339449
44.325,12.7405258
44.33,12.74345887
44.335,12.73742359
44.34,12.73486058
44.345,12.73955014
44.35,12.74200979
44.355,12.73990201
44.36,12.73646607
44.365,12.7334365
44.37,12.73508206
44.375,12.74165269
44.38,12.74194026
44.385,12.73383914
44.39,12.73191998
44.395,12.73937729
44.4,12.74319785
44.405,12.74008868
44.41,12.73894451
44.415,12.74095741
44.42,12.74302907
44.425,12.74464675
44.43,12.74233011
44.435,12.73668848
44.44,12.73742662
44.445,12.74395703
44.45,12.74259252
44.455,12.73405745
44.46,12.73269939
44.465,12.73882801
44.47,12.74176575
44.475,12.74028046
44.48,12.73794203
44.485,12.7363128
44.49,12.73905827
44.495,12.74455078
44.5,12.74293438
44.505,12.73614257
44.51,12.73705303
44.515,12.74296645
44.52,12.74108493
44.525,12.73441772
44.53,12.73326605
44.535,12.73590812
44.54,12.73779948
44.545,12.73808853
44.55,12.73431336
44.555,12.7300686
44.56,12.73445547
44.565,12.74212013
44.57,12.73956287
44.575,12.73191523
44.58,12.73291305
44.585,12.73851468
44.59,12.73922665
44.595,12.73749405
44.6,12.73694223
44.605,12.73719773
44.61,12.74026444
44.615,12.7433592
44.62,12.73888754
44.625,12.73301153
44.63,12.73684371
44.635,12.74250858
44.64,12.73769293
44.645,12.73022594
44.65,12.73047132
44.655,12.73419802
44.66,12.7361456
44.665,12.7359183
44.67,12.73226471
44.675,12.72946487
44.68,12.73469669
44.685,12.74040684
44.69,12.73658975
44.695,12.73209713
44.7,12.73701509
44.705,12.74213636
44.71,12.73943008
44.715,12.73517233
44.72,12.73395078
44.725,12.73437561
44.73,12.73669291
44.735,12.73676226
44.74,12.72956402
44.745,12.7255534
44.75,12.73311092
44.755,12.74017328
44.76,12.7365215
44.765,12.73244532
44.77,12.73537787
44.775,12.73822174
44.78,12.73782966
44.785,12.73655409
44.79,12.73402609
44.795,12.7334759
44.8,12.73867573
44.805,12.74056019
44.81,12.73383285
44.815,12.7309144
44.82,12.73834679
44.825,12.74287836
44.83,12.73842193
44.835,12.73450814
44.84,12.73523818
44.845,12.73809373
44.85,12.74210199
44.855,12.74276667
44.86,12.73718684
44.865,12.73560292
44.87,12.74249582
44.875,12.7453092
44.88,12.7392433
44.885,12.73736866
44.89,12.7429998
44.895,12.74597914
44.9,12.74444324
44.905,12.74248266
44.91,12.74103131
44.915,12.74278956
44.92,12.74835999
44.925,12.74782281
44.93,12.73960919
44.935,12.73792361
44.94,12.7457002
44.945,12.74873066
44.95,12.74442287
44.955,12.74281106
44.96,12.74500426
44.965,12.74697632
44.97,12.74858972
44.975,12.74745764
44.98,12.74297227
44.985,12.74385825
44.99,12.74953668
44.995,12.74722389
45,12.73844276
45.005,12.73790771
45.01,12.74458431
45.015,12.74649759
45.02,12.74357728
45.025,12.74088655
45.03,12.73930574
45.035,12.74143944
45.04,12.74643594
45.045,12.74470706
45.05,12.73765533
45.055,12.73831188
45.06,12.7445024
45.065,12.74290754
45.07,12.73649448
45.075,12.73643853
45.08,12.74009155
45.085,12.74111798
45.09,12.74023614
45.095,12.73726355
45.1,12.7341562
45.105,12.73786574
45.11,12.7440984
45.115,12.74081494
45.12,12.7326716
45.125,12.7336361
45.13,12.73975505
45.135,12.73993467
45.14,12.73698918
45.145,12.73641296
45.15,12.73724608
45.155,12.74001889
45.16,12.7429793
45.165,12.73962853
45.17,12.7349566
45.175,12.73909907
45.18,12.74476566
45.185,12.74005188
45.19,12.7328544
45.195,12.73412689
45.2,12.73842005
45.205,12.73959231
45.21,12.73888513
45.215,12.73620962
45.22,12.73435013
45.225,12.73921386
45.23,12.74457856
45.235,12.74065924
45.24,12.73556178
45.245,12.7399972
45.25,12.74514182
45.255,12.74216986
45.26,12.73819283
45.265,12.73870037
45.27,12.74053194
45.275,12.7423369
45.28,12.74216778
45.285,12.73655059
45.29,12.73313459
45.295,12.73946044
45.3,12.74468838
45.305,12.73915212
45.31,12.73366291
45.315,12.73672592
45.32,12.74044954
45.325,12.74003065
45.33,12.73865745
45.335,12.73659805
45.34,12.73569135
45.345,12.73970356
45.35,12.74158634
45.355,12.73538053
45.36,12.7320035
45.365,12.73796126
45.37,12.74039226
45.375,12.73343528
45.38,12.72795619
45.385,12.72875074
45.39,12.7309109
45.395,12.73259248
45.4,12.73187116
45.405,12.72656246
45.41,12.72502426
45.415,12.73168177
45.42,12.73477837
45.425,12.7288543
45.43,12.7261465
45.435,12.73094825
45.44,12.73288488
45.445,12.7298068
45.45,12.72725367
45.455,12.72575038
45.46,12.72613805
45.465,12.7293276
45.47,12.72747122
45.475,12.71928735
45.48,12.71780954
45.485,12.72546363
45.49,12.72782616
45.495,12.72220042
45.5,12.72027644
45.505,12.72343995
45.51,12.72582715
45.515,12.7272148
45.52,12.72675041
45.525,12.72346433
45.53,12.72434248
45.535,12.73010655
45.54,12.72945191
45.545,12.7221977
45.55,12.72222799
45.555,12.72928366
45.56,12.73048958
45.565,12.72594333
45.57,12.72344916
45.575,12.7241622
45.58,12.72753396
45.585,12.73246909
45.59,12.7315228
45.595,12.7256445
45.6,12.72706368
45.605,12.73445554
45.61,12.73471166
45.615,12.72972521
45.62,12.7305864
45.625,12.73483812
45.63,12.73569737
45.635,12.73456004
45.64,12.73254803
45.645,12.73022054
45.65,12.73301942
45.655,12.73788914
45.66,12.73409131
45.665,12.72653234
45.67,12.72892746
45.675,12.73648894
45.68,12.73655547
45.685,12.73230132
45.69,12.7310098
45.695,12.73150394
45.7,12.73288698
45.705,12.73464417
45.71,12.73198599
45.715,12.72817419
45.72,12.73211276
45.725,12.73785721
45.73,12.7341734
45.735,12.72778234
45.74,12.72993262
45.745,12.73475824
45.75,12.73426506
45.755,12.73116137
45.76,12.72784561
45.765,12.72635242
45.77,12.73081294
45.775,12.73576806
45.78,12.73210978
45.785,12.72714947
45.79,12.73161467
45.795,12.73740919
45.8,12.73512544
45.805,12.73175006
45.81,12.73328563
45.815,12.73528206
45.82,12.73585858
45.825,12.73500103
45.83,12.73081218
45.835,12.72873726
45.84,12.73464757
45.845,12.73923519
45.85,12.73339048
45.855,12.72735455
45.86,12.7306077
45.865,12.73500302
45.87,12.73372088
45.875,12.73125681
45.88,12.7299584
45.885,12.73036384
45.89,12.73430933
45.895,12.73661944
45.9,12.73198548
45.905,12.7291658
45.91,12.73459715
45.915,12.73709934
45.92,12.73128114
45.925,12.72753238
45.93,12.73082363
45.935,12.73449801
45.94,12.73572519
45.945,12.73440119
45.95,12.72995078
45.955,12.72879286
45.96,12.73469909
45.965,12.73753695
45.97,12.73170843
45.975,12.72926721
45.98,12.73502363
45.985,12.73870135
45.99,12.73657693
45.995,12.73545633
46,12.73658761
46.005,12.73802303
46.01,12.73993384
46.015,12.73797906
46.02,12.73143996
46.025,12.73035566
46.03,12.73748113
46.035,12.73951974
46.04,12.73328689
46.045,12.73027939
46.05,12.73403907
46.055,12.73730653
46.06,12.73820058
46.065,12.73775144
46.07,12.73551831
46.075,12.73662988
46.08,12.74156595
46.085,12.74125001
46.09,12.73450227
46.095,12.73388636
46.1,12.7396342
46.105,12.73976869
46.11,12.73439544
46.115,12.73250844
46.12,12.73461684
46.125,12.73753165
46.13,12.740479
46.135,12.73831202
46.14,12.73233689
46.145,12.73266313
46.15,12.73914369
46.155,12.73896239
46.16,12.73270671
46.165,12.73213577
46.17,12.73618001
46.175,12.7367413
46.18,12.73455439
46.185,12.73314284
46.19,12.73233717
46.195,12.73486445
46.2,12.73841682
46.205,12.73492234
46.21,12.72751591
46.215,12.72875856
46.22,12.73528782
46.225,12.73453201
46.23,12.72905353
46.235,12.72762455
46.24,12.72966596
46.245,12.731614
46.25,12.73336817
46.255,12.73160359
46.26,12.7283959
46.265,12.73122597
46.27,12.7362816
46.275,12.7334391
46.28,12.72805553
46.285,12.73113817
46.29,12.7369672
46.295,12.73650193
46.3,12.73262111
46.305,12.73061529
46.31,12.73077401
46.315,12.73487992
46.32,12.73911168
46.325,12.73588543
46.33,12.73085567
46.335,12.73456855
46.34,12.74097404
46.345,12.7393846
46.35,12.73568508
46.355,12.73695353
46.36,12.73935651
46.365,12.73937166
46.37,12.73867276
46.375,12.73649629
46.38,12.73580488
46.385,12.7413801
46.39,12.74567069
46.395,12.74047245
46.4,12.73458759
46.405,12.73825925
46.41,12.74293195
46.415,12.74103633
46.42,12.73768003
46.425,12.73649958
46.43,12.73659034
46.435,12.73936313
46.44,12.74158103
46.445,12.73783643
46.45,12.7353046
46.455,12.74042948
46.46,12.74403186
46.465,12.73869902
46.47,12.73464746
46.475,12.73785199
46.48,12.74058543
46.485,12.73897223
46.49,12.7356918
46.495,12.73174434
46.5,12.73070151
46.505,12.73592332
46.51,12.73863773
46.515,12.73301608
46.52,12.72944347
46.525,12.73457
46.53,12.73796737
46.535,12.73537953
46.54,12.73431123
46.545,12.73642621
46.55,12.73827682
46.555,12.73968582
46.56,12.73870777
46.565,12.73347665
46.57,12.73264231
46.575,12.73896318
46.58,12.74045567
46.585,12.7331288
46.59,12.72999775
46.595,12.73480403
46.6,12.73809977
46.605,12.7377217
46.61,12.73663913
46.615,12.73476161
46.62,12.73457847
46.625,12.73871754
46.63,12.73888969
46.635,12.73292619
46.64,12.73234301
46.645,12.73890061
46.65,12.740126
46.655,12.73501515
46.66,12.73420282
46.665,12.73779626
46.67,12.74046315
46.675,12.74139151
46.68,12.73923353
46.685,12.73415472
46.69,12.73466468
46.695,12.74115678
46.7,12.74198443
46.705,12.73656942
46.71,12.73668903
46.715,12.74250276
46.72,12.74406249
46.725,12.74234479
46.73,12.74205959
46.735,12.74256878
46.74,12.7442713
46.745,12.74678802
46.75,12.74378973
46.755,12.73736948
46.76,12.73901326
46.765,12.74570048
46.77,12.74447669
46.775,12.73766305
46.78,12.73653491
46.785,12.73937847
46.79,12.74102095
46.795,12.74194878
46.8,12.74072362
46.805,12.73771411
46.81,12.73946726
46.815,12.74425418
46.82,12.74177245
46.825,12.73603849
46.83,12.73797528
46.835,12.74264076
46.84,12.74036547
46.845,12.73571621
46.85,12.73456187
46.855,12.73550473
46.86,12.73809473
46.865,12.74019584
46.87,12.73612151
46.875,12.73020717
46.88,12.73315122
46.885,12.73888
46.89,12.73644262
46.895,12.73144729
46.9,12.73295444
46.905,12.73582866
46.91,12.73510634
46.915,12.73402222
46.92,12.73269576
46.925,12.73195476
46.93,12.73572502
46.935,12.73956287
46.94,12.73503572
46.945,12.73005278
46.95,12.73415621
46.955,12.73916911
46.96,12.7361543
46.965,12.73130311
46.97,12.73035497
46.975,12.73075123
46.98,12.73283319
46.985,12.73484187
46.99,12.73258192
46.995,12.730583
47,12.73579743
47.005,12.73990686
47.01,12.73576448
47.015,12.73270278
47.02,12.73679997
47.025,12.73996221
47.03,12.73779224
47.035,12.73545221
47.04,12.73385366
47.045,12.73448752
47.05,12.7393467
47.055,12.74183602
47.06,12.73612733
47.065,12.73240881
47.07,12.73767099
47.075,12.74130204
47.08,12.73791473
47.085,12.7359791
47.09,12.73850416
47.095,12.73993621
47.1,12.74102859
47.105,12.74150177
47.11,12.73904614
47.115,12.73877808
47.12,12.74425444
47.125,12.74529324
47.13,12.73786338
47.135,12.7348569
47.14,12.74004764
47.145,12.74299737
47.15,12.74067751
47.155,12.73900765
47.16,12.73788414
47.165,12.73825571
47.17,12.74180091
47.175,12.74261952
47.18,12.73762141
47.185,12.73672158
47.19,12.74277814
47.195,12.74383588
47.2,12.73909578
47.205,12.73886138
47.21,12.74344847
47.215,12.74507564
47.22,12.74424016
47.225,12.74165383
47.23,12.73709775
47.235,12.73697667
47.24,12.74239453
47.245,12.74249674
47.25,12.73572755
47.255,12.73503868
47.26,12.74057094
47.265,12.74212099
47.27,12.73984416
47.275,12.74008768
47.28,12.74075869
47.285,12.74101506
47.29,12.74266705
47.295,12.7410521
47.3,12.73643463
47.305,12.73783511
47.31,12.74380286
47.315,12.74155648
47.32,12.73398115
47.325,12.7331351
47.33,12.73729624
47.335,12.73840993
47.34,12.7377377
47.345,12.73612235
47.35,12.73292695
47.355,12.73396611
47.36,12.73859766
47.365,12.73761203
47.37,12.73256039
47.375,12.73506052
47.38,12.74085545
47.385,12.73947189
47.39,12.73541163
47.395,12.73644602
47.4,12.73931058
47.405,12.74112397
47.41,12.74266324
47.415,12.74021164
47.42,12.73650657
47.425,12.7400648
47.43,12.74701932
47.435,12.74532318
47.44,12.73986066
47.445,12.74095584
47.45,12.74419983
47.455,12.74331122
47.46,12.74195899
47.465,12.74237856
47.47,12.74264413
47.475,12.74567648
47.48,12.74893467
47.485,12.74594041
47.49,12.74193814
47.495,12.74651205
47.5,12.75170667
47.505,12.74787916
47.51,12.74229894
47.515,12.74189414
47.52,12.74318791
47.525,12.74387401
47.53,12.74474856
47.535,12.74196803
47.54,12.73873416
47.545,12.74198211
47.55,12.74602951
47.555,12.74249491
47.56,12.73938255
47.565,12.74382028
47.57,12.74641866
47.575,12.7426688
47.58,12.73951406
47.585,12.73949782
47.59,12.73990093
47.595,12.74252699
47.6,12.74376033
47.605,12.73845647
47.61,12.73476649
47.615,12.7401442
47.62,12.74482814
47.625,12.74121436
47.63,12.73850671
47.635,12.74093091
47.64,12.74237859
47.645,12.74171515
47.65,12.7415592
47.655,12.73968494
47.66,12.7389453
47.665,12.74324522
47.67,12.74461373
47.675,12.73851319
47.68,12.7360241
47.685,12.74212118
47.69,12.74511648
47.695,12.74145421
47.7,12.73863457
47.705,12.73817203
47.71,12.73821722
47.715,12.74071166
47.72,12.7417206
47.725,12.73714047
47.73,12.73527799
47.735,12.74024486
47.74,12.74190674
47.745,12.73733842
47.75,12.73773936
47.755,12.74347839
47.76,12.74553413
47.765,12.74396814
47.77,12.74263376
47.775,12.74084057
47.78,12.74128192
47.785,12.74592991
47.79,12.74535933
47.795,12.73795463
47.8,12.73626147
47.805,12.7420325
47.81,12.7434374
47.815,12.74032019
47.82,12.74067229
47.825,12.74249042
47.83,12.74304746
47.835,12.74483138
47.84,12.74526885
47.845,12.74224641
47.85,12.74398392
47.855,12.75024854
47.86,12.74939146
47.865,12.74305434
47.87,12.74380095
47.875,12.7497452
47.88,12.75091898
47.885,12.74923411
47.89,12.74804483
47.895,12.74613635
47.9,12.74655727
47.905,12.75070772
47.91,12.7504372
47.915,12.74571596
47.92,12.74732145
47.925,12.75286989
47.93,12.75149118
47.935,12.74712534
47.94,12.74886706
47.945,12.75190831
47.95,12.75183425
47.955,12.75102477
47.96,12.74825434
47.965,12.74458475
47.97,12.74764069
47.975,12.75393713
47.98,12.75147252
47.985,12.74481572
47.99,12.745433
47.995,12.74860456
48,12.7463301
48.005,12.74383893
48.01,12.74398877
48.015,12.74356597
48.02,12.74466503
48.025,12.74743671
48.03,12.74527395
48.035,12.74145956
48.04,12.74551448
48.045,12.75041628
48.05,12.74605275
48.055,12.74005606
48.06,12.74128768
48.065,12.74366142
48.07,12.74336901
48.075,12.74296414
48.08,12.7404582
48.085,12.73706373
48.09,12.73946619
48.095,12.74359103
48.1,12.74001162
48.105,12.736051
48.11,12.73999311
48.115,12.74356544
48.12,12.74057908
48.125,12.73886332
48.13,12.7411427
48.135,12.74268122
48.14,12.74469766
48.145,12.74602788
48.15,12.74191559
48.155,12.73860809
48.16,12.74428894
48.165,12.74926758
48.17,12.74545021
48.175,12.74235186
48.18,12.74558432
48.185,12.74752867
48.19,12.74651999
48.195,12.74721394
48.2,12.74716722
48.205,12.74680617
48.21,12.75038283
48.215,12.75249579
48.22,12.74767353
48.225,12.7460802
48.23,12.75296381
48.235,12.75621634
48.24,12.75153163
48.245,12.74849846
48.25,12.7493302
48.255,12.74951331
48.26,12.75088167
48.265,12.75152167
48.27,12.74726659
48.275,12.74510183
48.28,12.75034389
48.285,12.75269649
48.29,12.74795479
48.295,12.74753337
48.3,12.75257512
48.305,12.75309865
48.31,12.74989033
48.315,12.74902981
48.32,12.74854043
48.325,12.74894577
48.33,12.75260492
48.335,12.7525791
48.34,12.74594002
48.345,12.74446882
48.35,12.75103268
48.355,12.75273748
48.36,12.74838991
48.365,12.74777098
48.37,12.74987851
48.375,12.74937336
48.38,12.74955452
48.385,12.74990086
48.39,12.74705992
48.395,12.74723165
48.4,12.75204851
48.405,12.75089868
48.41,12.74410777
48.415,12.74481002
48.42,12.75090261
48.425,12.75102115
48.43,12.74713719
48.435,12.74524785
48.44,12.74322429
48.445,12.74249387
48.45,12.74538275
48.455,12.744204
48.46,12.73803626
48.465,12.7379433
48.47,12.74310418
48.475,12.74173342
48.48,12.7373498
48.485,12.73955079
48.49,12.74314793
48.495,12.74203229
48.5,12.74057954
48.505,12.73955116
48.51,12.7371943
48.515,12.73952225
48.52,12.74504018
48.525,12.74259269
48.53,12.73565814
48.535,12.73696857
48.54,12.74204029
48.545,12.74075571
48.55,12.73808082
48.555,12.73915006
48.56,12.73951255
48.565,12.73992655
48.57,12.74281764
48.575,12.7423346
48.58,12.73955039
48.585,12.7435265
48.59,12.74903916
48.595,12.74529678
48.6,12.74006675
48.605,12.74322224
48.61,12.74750001
48.615,12.74716213
48.62,12.74668502
48.625,12.74565885
48.63,12.74338056
48.635,12.74581407
48.64,12.75043517
48.645,12.74804443
48.65,12.74387666
48.655,12.74745425
48.66,12.75115588
48.665,12.74771896
48.67,12.74563564
48.675,12.74880484
48.68,12.75060518
48.685,12.75078785
48.69,12.75146076
48.695,12.74855513
48.7,12.74564189
48.705,12.75059935
48.71,12.75538245
48.715,12.75061734
48.72,12.7456583
48.725,12.74827729
48.73,12.75000355
48.735,12.74760712
48.74,12.74683565
48.745,12.74618161
48.75,12.74381035
48.755,12.74483527
48.76,12.74658206
48.765,12.74249511
48.77,12.74036892
48.775,12.74605831
48.78,12.7484245
48.785,12.74233248
48.79,12.73883908
48.795,12.74116716
48.8,12.74211595
48.805,12.74186931
48.81,12.74170185
48.815,12.73806932
48.82,12.73551935
48.825,12.73997065
48.83,12.74284948
48.835,12.73833431
48.84,12.73673526
48.845,12.74165903
48.85,12.74280108
48.855,12.73941702
48.86,12.73933777
48.865,12.74120816
48.87,12.7421439
48.875,12.74464941
48.88,12.74477753
48.885,12.73934575
48.89,12.73824252
48.895,12.74508905
48.9,12.74745082
48.905,12.74256693
48.91,12.74159679
48.915,12.74462363
48.92,12.74497481
48.925,12.74498299
48.93,12.74635546
48.935,12.74522369
48.94,12.74523346
48.945,12.7495289
48.95,12.7497526
48.955,12.74494132
48.96,12.74671752
48.965,12.75416342
48.97,12.75472866
48.975,12.75031529
48.98,12.74945912
48.985,12.75061385
48.99,12.7516235
48.995,12.7546011
49,12.75478022
49.005,12.74996027
49.01,12.74969662
49.015,12.75490808
49.02,12.75447834
49.025,12.74975287
49.03,12.75135561
49.035,12.75550691
49.04,12.75476072
49.045,12.75323222
49.05,12.75404494
49.055,12.75392131
49.06,12.75584937
49.065,12.76020178
49.07,12.75806516
49.075,12.75149153
49.08,12.75242885
49.085,12.75788486
49.09,12.75655691
49.095,12.7526297
49.1,12.75303111
49.105,12.75384656
49.11,12.75318637
49.115,12.75477067
49.12,12.75496915
49.125,12.75273129
49.13,12.75538372
49.135,12.759844
49.14,12.75644025
49.145,12.75098201
49.15,12.75443751
49.155,12.75950651
49.16,12.75811321
49.165,12.75523238
49.17,12.75408773
49.175,12.75224384
49.18,12.75330149
49.185,12.75670187
49.19,12.75400683
49.195,12.74874494
49.2,12.75078949
49.205,12.7547359
49.21,12.75114053
49.215,12.74797887
49.22,12.75083995
49.225,12.75246864
49.23,12.75055586
49.235,12.74971607
49.24,12.74805531
49.245,12.74604322
49.25,12.74995504
49.255,12.75403933
49.26,12.74960126
49.265,12.74450864
49.27,12.74806939
49.275,12.75140876
49.28,12.74895683
49.285,12.74738689
49.29,12.74814732
49.295,12.74744701
49.3,12.74819575
49.305,12.75035279
49.31,12.74813044
49.315,12.74667575
49.32,12.75225353
49.325,12.75590124
49.33,12.75088635
49.335,12.74820314
49.34,12.75240567
49.345,12.75513135
49.35,12.75433609
49.355,12.7538137
49.36,12.75152759
49.365,12.74919395
49.37,12.75275829
49.375,12.75563231
49.38,12.75143745
49.385,12.74895272
49.39,12.75371388
49.395,12.75547952
49.4,12.75189469
49.405,12.75194576
49.41,12.75550481
49.415,12.75675058
49.42,12.75742585
49.425,12.75726245
49.43,12.75278756
49.435,12.75151464
49.44,12.75779746
49.445,12.76050493
49.45,12.75483659
49.455,12.75272396
49.46,12.75671099
49.465,12.75745466
49.47,12.75550241
49.475,12.75528714
49.48,12.75371599
49.485,12.75179004
49.49,12.75385206
49.495,12.75394509
49.5,12.74898591
49.505,12.7487609
49.51,12.75480203
49.515,12.75495501
49.52,12.74933516
49.525,12.74840073
49.53,12.75111193
49.535,12.75222993
49.54,12.75328693
49.545,12.75303198
49.55,12.74890856
49.555,12.74789068
49.56,12.75229734
49.565,12.75195013
49.57,12.74648217
49.575,12.74678268
49.58,12.75102917
49.585,12.75012518
49.59,12.74755728
49.595,12.74876207
49.6,12.7503753
49.605,12.7521163
49.61,12.75523642
49.615,12.75351226
49.62,12.74722776
49.625,12.7474219
49.63,12.75250967
49.635,12.75064932
49.64,12.74477665
49.645,12.74439664
49.65,12.7458809
49.655,12.74490819
49.66,12.74532907
49.665,12.74576487
49.67,12.74337136
49.675,12.74385306
49.68,12.74720157
49.685,12.74456189
49.69,12.74008721
49.695,12.74411116
49.7,12.75066478
49.705,12.74994252
49.71,12.74699447
49.715,12.74748654
49.72,12.74804794
49.725,12.74923884
49.73,12.75200122
49.735,12.75045599
49.74,12.74592387
49.745,12.74817312
49.75,12.75323888
49.755,12.7511177
49.76,12.74774482
49.765,12.75096133
49.77,12.75388328
49.775,12.7519673
49.78,12.7510372
49.785,12.75094189
49.79,12.75011241
49.795,12.7529638
49.8,12.7568331
49.805,12.75326273
49.81,12.74860699
49.815,12.75239731
49.82,12.7567829
49.825,12.75400047
49.83,12.75103581
49.835,12.75176103
49.84,12.75098535
49.845,12.75033792
49.85,12.75146144
49.855,12.74989824
49.86,12.74770049
49.865,12.7514087
49.87,12.75418837
49.875,12.7487533
49.88,12.7452547
49.885,12.74993835
49.89,12.75329655
49.895,12.75086817
49.9,12.74895715
49.905,12.74745414
49.91,12.74566156
49.915,12.74805162
49.92,12.75101807
49.925,12.74707706
49.93,12.74330378
49.935,12.74724292
49.94,12.74949041
49.945,12.74525731
49.95,12.7437757
49.955,12.74706239
49.96,12.74712268
49.965,12.74532156
49.97,12.74493534
49.975,12.74307297
49.98,12.74280655
49.985,12.74857271
49.99,12.75146928
49.995,12.74568607
50,12.74262175
50.005,12.74666057
50.01,12.74813746
50.015,12.74495348
50.02,12.74420987
50.025,12.7443311
50.03,12.7435057
50.035,12.74542734
50.04,12.74680282
50.045,12.74367877
50.05,12.74372462
50.055,12.7503021
50.06,12.75184276
50.065,12.74679562
50.07,12.74656092
50.075,12.75172972
50.08,12.75371686
50.085,12.75367338
50.09,12.75373477
50.095,12.75105442
50.1,12.74998563
50.105,12.75444314
50.11,12.75599495
50.115,12.75108352
50.12,12.75090755
50.125,12.75591327
50.13,12.75562857
50.135,12.75205793
50.14,12.7534789
50.145,12.75638897
50.15,12.75708435
50.155,12.75841042
50.16,12.75743578
50.165,12.75302304
50.17,12.75381703
50.175,12.76027815
50.18,12.76006677
50.185,12.75403568
50.19,12.75364564
50.195,12.75706969
50.2,12.75682935
50.205,12.75594567
50.21,12.75639853
50.215,12.75436109
50.22,12.75308115
50.225,12.75521969
50.23,12.75388503
50.235,12.7492717
50.24,12.75143673
50.245,12.75683339
50.25,12.75464817
50.255,12.74943103
50.26,12.74987507
50.265,12.75201128
50.27,12.75247532
50.275,12.75397577
50.28,12.75291083
50.285,12.74839254
50.29,12.74855007
50.295,12.75234671
50.3,12.74971238
50.305,12.74477881
50.31,12.74692048
50.315,12.74999776
50.32,12.74745201
50.325,12.74547915
50.33,12.74676069
50.335,12.74720297
50.34,12.74907663
50.345,12.75210623
50.35,12.74909209
50.355,12.74413764
50.36,12.7476592
50.365,12.75343462
50.37,12.75095833
50.375,12.74699481
50.38,12.74849134
50.385,12.74941664
50.39,12.74845097
50.395,12.75008735
50.4,12.7508298
50.405,12.74902792
50.41,12.75095458
50.415,12.75344551
50.42,12.74872338
50.425,12.74455203
50.43,12.74919932
50.435,12.75307086
50.44,12.74978558
50.445,12.74732727
50.45,12.74815855
50.455,12.74847033
50.46,12.75054051
50.465,12.75366176
50.47,12.75116107
50.475,12.74769243
50.48,12.75145979
50.485,12.75485516
50.49,12.75082814
50.495,12.74868237
50.5,12.75244876
50.505,12.75334853
50.51,12.75099696
50.515,12.7510948
50.52,12.75148507
50.525,12.75174648
50.53,12.75654098
50.535,12.75993116
50.54,12.75519228
50.545,12.7520743
50.55,12.7571523
50.555,12.75991085
50.56,12.75635487
50.565,12.75515977
50.57,12.75644764
50.575,12.75513256
50.58,12.7548238
50.585,12.75612195
50.59,12.75348285
50.595,12.75202618
50.6,12.75669362
50.605,12.75791815
50.61,12.75198467
50.615,12.75104557
50.62,12.75711898
50.625,12.75906804
50.63,12.7568585
50.635,12.75597996
50.64,12.75400778
50.645,12.75193906
50.65,12.75495017
50.655,12.75638939
50.66,12.75081996
50.665,12.74824669
50.67,12.75245989
50.675,12.75261095
50.68,12.74808594
50.685,12.7487935
50.69,12.75212232
50.695,12.75138182
50.7,12.75031333
50.705,12.75030254
50.71,12.7478033
50.715,12.7481979
50.72,12.75401603
50.725,12.75446976
50.73,12.74794259
50.735,12.74718582
50.74,12.75216593
50.745,12.75240261
50.75,12.75024197
50.755,12.75096867
50.76,12.75058421
50.765,12.74909281
50.77,12.75081938
50.775,12.75067617
50.78,12.74677024
50.785,12.7484618
50.79,12.75470501
50.795,12.75385139
50.8,12.74892134
50.805,12.75068395
50.81,12.75495954
50.815,12.75534025
50.82,12.75537374
50.825,12.75483503
50.83,12.75085969
50.835,12.75002822
50.84,12.7540966
50.845,12.75303356
50.85,12.74795154
50.855,12.74972615
50.86,12.75406789
50.865,12.75166943
50.87,12.74875755
50.875,12.75105954
50.88,12.75287865
50.885,12.75297061
50.89,12.75446281
50.895,12.75292191
50.9,12.74875531
50.905,12.75132395
50.91,12.75691979
50.915,12.7541549
50.92,12.7482494
50.925,12.74927313
50.93,12.75172573
50.935,12.75049901
50.94,12.75082847
50.945,12.75193719
50.95,12.75020495
50.955,12.75074144
50.96,12.7533451
50.965,12.75008832
50.97,12.74576472
50.975,12.74930425
50.98,12.75300899
50.985,12.74862666
50.99,12.74457102
50.995,12.74634824
51,12.7476491
51.005,12.74806017
51.01,12.74979762
51.015,12.74784129
51.02,12.74399791
51.025,12.74656326
51.03,12.75019223
51.035,12.74612639
51.04,12.74220198
51.045,12.74514251
51.05,12.74594562
51.055,12.74174266
51.06,12.74031201
51.065,12.74116281
51.07,12.74119889
51.075,12.74382509
51.08,12.74647695
51.085,12.74255682
51.09,12.73929015
51.095,12.74431121
51.1,12.74766329
51.105,12.74310236
51.11,12.74011689
51.115,12.7414803
51.12,12.74043182
51.125,12.73913551
51.13,12.74058107
51.135,12.73936229
51.14,12.73685119
51.145,12.73934042
51.15,12.7404252
51.155,12.73496144
51.16,12.7338371
51.165,12.74044455
51.17,12.74301234
51.175,12.73963991
51.18,12.73908322
51.185,12.74054552
51.19,12.74085444
51.195,12.74371478
51.2,12.74606321
51.205,12.74212705
51.21,12.73992436
51.215,12.74495281
51.22,12.74667733
51.225,12.74240475
51.23,12.74255077
51.235,12.74667308
51.24,12.74621963
51.245,12.74423745
51.25,12.74465922
51.255,12.74359522
51.26,12.74387456
51.265,12.74914368
51.27,12.75053207
51.275,12.74500664
51.28,12.74495921
51.285,12.75144442
51.29,12.75238423
51.295,12.74900933
51.3,12.74957373
51.305,12.74996939
51.31,12.74761328
51.315,12.74837913
51.32,12.74936112
51.325,12.74601788
51.33,12.74612278
51.335,12.75135422
51.34,12.74998714
51.345,12.74345917
51.35,12.74477953
51.355,12.75071625
51.36,12.75094612
51.365,12.74927334
51.37,12.74955888
51.375,12.74775079
51.38,12.74732205
51.385,12.75149964
51.39,12.7513472
51.395,12.7455012
51.4,12.74556568
51.405,12.74988111
51.41,12.74757727
51.415,12.7435855
51.42,12.74574881
51.425,12.7476136
51.43,12.74550655
51.435,12.7449898
51.44,12.7440279
51.445,12.74049716
51.45,12.74226161
51.455,12.74794156
51.46,12.74562814
51.465,12.73930339
51.47,12.74118603
51.475,12.74523027
51.48,12.74311025
51.485,12.74138762
51.49,12.74274199
51.495,12.74140258
51.5,12.74059595
51.505,12.74343643
51.51,12.74222789
51.515,12.73827924
51.52,12.74174582
51.525,12.74673771
51.53,12.74274961
51.535,12.7382628
51.54,12.74128119
51.545,12.74410329
51.55,12.7435398
51.555,12.74466486
51.56,12.74405746
51.565,12.74047547
51.57,12.74267358
51.575,12.74763755
51.58,12.74505666
51.585,12.74112836
51.59,12.74477658
51.595,12.74697307
51.6,12.74233208
51.605,12.74078452
51.61,12.74371722
51.615,12.74387838
51.62,12.74390431
51.625,12.74567376
51.63,12.74263356
51.635,12.73920477
51.64,12.74466951
51.645,12.75027412
51.65,12.74618616
51.655,12.74259801
51.66,12.74623043
51.665,12.74775611
51.67,12.74588287
51.675,12.74690987
51.68,12.74687604
51.685,12.74393359
51.69,12.74523621
51.695,12.74764106
51.7,12.74381578
51.705,12.74210929
51.71,12.74843973
51.715,12.75087163
51.72,12.74576816
51.725,12.74433372
51.73,12.74672019
51.735,12.74636729
51.74,12.74654918
51.745,12.74754939
51.75,12.74309111
51.755,12.73933547
51.76,12.74382365
51.765,12.74608205
51.77,12.74057058
51.775,12.73931087
51.78,12.74409899
51.785,12.74359528
51.79,12.73977362
51.795,12.740419
51.8,12.74124201
51.805,12.74032169
51.81,12.74308277
51.815,12.74413756
51.82,12.73779664
51.825,12.73575079
51.83,12.74245826
51.835,12.74459417
51.84,12.74042201
51.845,12.74105813
51.85,12.74405439
51.855,12.74282156
51.86,12.74286919
51.865,12.74470074
51.87,12.74206336
51.875,12.74038339
51.88,12.74410451
51.885,12.74301317
51.89,12.73671103
51.895,12.73822054
51.9,12.74505805
51.905,12.74441656
51.91,12.74060564
51.915,12.74153913
51.92,12.74217185
51.925,12.74245686
51.93,12.74695724
51.935,12.74822436
51.94,12.74261777
51.945,12.74238511
51.95,12.74830171
51.955,12.74728846
51.96,12.74231378
51.965,12.74458417
51.97,12.74815766
51.975,12.7460744
51.98,12.74529451
51.985,12.74665204
51.99,12.74511764
51.995,12.74631084
52,12.75163793
52.005,12.74958267
52.01,12.74232066
52.015,12.74376076
52.02,12.74917464
52.025,12.7473127
52.03,12.74477602
52.035,12.74710931
52.04,12.74689068
52.045,12.74526072
52.05,12.74768088
52.055,12.74724332
52.06,12.74255284
52.065,12.74435408
52.07,12.74886969
52.075,12.74372489
52.08,12.73729537
52.085,12.74101919
52.09,12.7454294
52.095,12.74357886
52.1,12.74314808
52.105,12.74379899
52.11,12.74127775
52.115,12.74275615
52.12,12.74849141
52.125,12.74674194
52.13,12.7411828
52.135,12.74408198
52.14,12.74775749
52.145,12.74354458
52.15,12.7412256
52.155,12.74499437
52.16,12.74560518
52.165,12.74383561
52.17,12.74514837
52.175,12.74400379
52.18,12.7415341
52.185,12.74670223
52.19,12.75234991
52.195,12.74748852
52.2,12.74293994
52.205,12.74736499
52.21,12.74981834
52.215,12.74663957
52.22,12.74683346
52.225,12.74805696
52.23,12.74522202
52.235,12.74600683
52.24,12.74937269
52.245,12.74627974
52.25,12.74346313
52.255,12.74956555
52.26,12.75258971
52.265,12.74598094
52.27,12.74334169
52.275,12.74772919
52.28,12.7486222
52.285,12.74783337
52.29,12.74999677
52.295,12.74832003
52.3,12.74549685
52.305,12.75019474
52.31,12.75441386
52.315,12.74961789
52.32,12.74748997
52.325,12.75257553
52.33,12.75222056
52.335,12.74709788
52.34,12.74785462
52.345,12.75060896
52.35,12.74950995
52.355,12.75068841
52.36,12.75178333
52.365,12.74656105
52.37,12.74482118
52.375,12.75271574
52.38,12.75560703
52.385,12.74974766
52.39,12.7492451
52.395,12.75332979
52.4,12.75219897
52.405,12.75037123
52.41,12.75234394
52.415,12.75058884
52.42,12.7479284
52.425,12.75137364
52.43,12.7524025
52.435,12.74665188
52.44,12.74727073
52.445,12.75471458
52.45,12.75441592
52.455,12.74927793
52.46,12.75026944
52.465,12.75265587
52.47,12.75149451
52.475,12.75324805
52.48,12.75390662
52.485,12.74813982
52.49,12.74676244
52.495,12.75290074
52.5,12.7528723
52.505,12.74731884
52.51,12.74979969
52.515,12.75456653
52.52,12.75163443
52.525,12.74859461
52.53,12.74980863
52.535,12.74810812
52.54,12.74712566
52.545,12.75137128
52.55,12.75030658
52.555,12.7432394
52.56,12.7448451
52.565,12.75228702
52.57,12.75075816
52.575,12.74631105
52.58,12.74854995
52.585,12.74982894
52.59,12.74761956
52.595,12.74964004
52.6,12.75130072
52.605,12.74759256
52.61,12.74819776
52.615,12.75274737
52.62,12.74896875
52.625,12.74283094
52.63,12.74729628
52.635,12.75308832
52.64,12.75072423
52.645,12.74915614
52.65,12.75122753
52.655,12.75012174
52.66,12.75046811
52.665,12.75512309
52.67,12.75289697
52.675,12.74597905
52.68,12.74805304
52.685,12.75287299
52.69,12.74844386
52.695,12.74494966
52.7,12.74958836
52.705,12.75077364
52.71,12.7473084
52.715,12.74780331
52.72,12.74804298
52.725,12.74477222
52.73,12.74747606
52.735,12.75232882
52.74,12.74694575
52.745,12.74069094
52.75,12.74519915
52.755,12.74895936
52.76,12.74511418
52.765,12.74484475
52.77,12.74804869
52.775,12.74680103
52.78,12.74660905
52.785,12.7502296
52.79,12.74783714
52.795,12.74371803
52.8,12.7482623
52.805,12.75083807
52.81,12.74345976
52.815,12.7400259
52.82,12.7457733
52.825,12.74749205
52.83,12.74539766
52.835,12.74715017
52.84,12.74702974
52.845,12.74397391
52.85,12.74785082
52.855,12.75275022
52.86,12.74780164
52.865,12.74425024
52.87,12.74978231
52.875,12.75108331
52.88,12.74508711
52.885,12.74548032
52.89,12.74951037
52.895,12.74784219
52.9,12.7469957
52.905,12.74887202
52.91,12.74546291
52.915,12.74325446
52.92,12.75022831
52.925,12.75289736
52.93,12.74554594
52.935,12.7437001
52.94,12.74955494
52.945,12.74955915
52.95,12.74728845
52.955,12.75025935
52.96,12.75082031
52.965,12.74834294
52.97,12.75142041
52.975,12.75356234
52.98,12.74743807
52.985,12.74639046
52.99,12.75323853
52.995,12.75209563
53,12.74436471
53.005,12.74511681
53.01,12.74941356
53.015,12.74832724
53.02,12.74921166
53.025,12.75186113
53.03,12.74828843
53.035,12.74627718
53.04,12.75259479
53.045,12.75340386
53.05,12.74658873
53.055,12.74727469
53.06,12.75263897
53.065,12.74958818
53.07,12.74506751
53.075,12.74751048
53.08,12.74820717
53.085,12.74667721
53.09,12.74969224
53.095,12.74987164
53.1,12.74391587
53.105,12.74581055
53.11,12.75421212
53.115,12.75289298
53.12,12.74656933
53.125,12.7484623
53.13,12.75109254
53.135,12.74798783
53.14,12.74861561
53.145,12.75112699
53.15,12.74811087
53.155,12.7477122
53.16,12.75320223
53.165,12.75151573
53.17,12.7451495
53.175,12.74892386
53.18,12.75480303
53.185,12.75006745
53.19,12.74500366
53.195,12.74725725
53.2,12.74716822
53.205,12.74569568
53.21,12.74878181
53.215,12.74762526
53.22,12.74110846
53.225,12.74295204
53.23,12.74929774
53.235,12.74619539
53.24,12.74229247
53.245,12.74719908
53.25,12.74948805
53.255,12.74478037
53.26,12.74398731
53.265,12.74496176
53.27,12.74172967
53.275,12.74255674
53.28,12.74680191
53.285,12.74226014
53.29,12.73600313
53.295,12.74153066
53.3,12.74707289
53.305,12.742347
53.31,12.73956042
53.315,12.74266935
53.32,12.74130561
53.325,12.73917297
53.33,12.74239481
53.335,12.74150012
53.34,12.73696779
53.345,12.74020342
53.35,12.74410634
53.355,12.73788311
53.36,12.73472383
53.365,12.74182269
53.37,12.74443515
53.375,12.7400763
53.38,12.73997357
53.385,12.74106756
53.39,12.73857313
53.395,12.74124387
53.4,12.74571253
53.405,12.74069914
53.41,12.73589237
53.415,12.74174858
53.42,12.74445313
53.425,12.73849387
53.43,12.73852342
53.435,12.7438566
53.44,12.74255681
53.445,12.74003667
53.45,12.74216016
53.455,12.74015694
53.46,12.7374066
53.465,12.74315182
53.47,12.74633123
53.475,12.73892508
53.48,12.73671464
53.485,12.74433272
53.49,12.74594741
53.495,12.74238568
53.5,12.74466989
53.505,12.74663545
53.51,12.74386624
53.515,12.74617094
53.52,12.74981244
53.525,12.74597741
53.53,12.74499025
53.535,12.75207696
53.54,12.75208247
53.545,12.74445818
53.55,12.74570094
53.555,12.75170981
53.56,12.75071107
53.565,12.74910888
53.57,12.75080588
53.575,12.74756207
53.58,12.7451587
53.585,12.75119403
53.59,12.75281333
53.595,12.74532341
53.6,12.74463672
53.605,12.75048038
53.61,12.74753138
53.615,12.74232739
53.62,12.74537784
53.625,12.74760352
53.63,12.74465904
53.635,12.74551534
53.64,12.74572632
53.645,12.7392737
53.65,12.7387026
53.655,12.7452812
53.66,12.7427848
53.665,12.73429984
53.67,12.73568521
53.675,12.74003266
53.68,12.73753573
53.685,12.73668827
53.69,12.73930616
53.695,12.73657284
53.7,12.73478951
53.705,12.73953287
53.71,12.73840901
53.715,12.73189424
53.72,12.73479586
53.725,12.74118012
53.73,12.73633499
53.735,12.73070785
53.74,12.73417476
53.745,12.73596906
53.75,12.73393712
53.755,12.73643881
53.76,12.73691925
53.765,12.73122766
53.77,12.73269354
53.775,12.73987054
53.78,12.73758564
53.785,12.73228512
53.79,12.73720115
53.795,12.74107298
53.8,12.73626242
53.805,12.73497947
53.81,12.73816144
53.815,12.73680672
53.82,12.73669998
53.825,12.74069655
53.83,12.73734066
53.835,12.73152345
53.84,12.73695782
53.845,12.74368089
53.85,12.73891103
53.855,12.73498799
53.86,12.73876996
53.865,12.73870459
53.87,12.7360658
53.875,12.7389591
53.88,12.73960881
53.885,12.73538957
53.89,12.73805319
53.895,12.74260716
53.9,12.73716236
53.905,12.73288122
53.91,12.73933231
53.915,12.74197074
53.92,12.73568451
53.925,12.73433582
53.93,12.73717025
53.935,12.73605822
53.94,12.73746889
53.945,12.74196146
53.95,12.73848345
53.955,12.73365063
53.96,12.73932857
53.965,12.74346396
53.97,12.73770926
53.975,12.73641423
53.98,12.74218519
53.985,12.74153587
53.99,12.73777301
53.995,12.73942743
54,12.73942779
54.005,12.73731869
54.01,12.74187933
54.015,12.74479747
54.02,12.73725109
54.025,12.73411205
54.03,12.74152236
54.035,12.7434581
54.04,12.73836963
54.045,12.739378
54.05,12.74198279
54.055,12.7390396
54.06,12.73929159
54.065,12.74235163
54.07,12.73882604
54.075,12.73655178
54.08,12.74291241
54.085,12.74340792
54.09,12.73535615
54.095,12.73550953
54.1,12.74242338
54.105,12.74162954
54.11,12.73818142
54.115,12.73955962
54.12,12.73826673
54.125,12.73660621
54.13,12.74224484
54.135,12.74497665
54.14,12.73836786
54.145,12.73765701
54.15,12.74439591
54.155,12.74300908
54.16,12.73731041
54.165,12.74031288
54.17,12.74389457
54.175,12.74104042
54.18,12.7415718
54.185,12.743627
54.19,12.74015375
54.195,12.74063375
54.2,12.74848961
54.205,12.74756419
54.21,12.7391924
54.215,12.74054751
54.22,12.74643397
54.225,12.74400664
54.23,12.74148039
54.235,12.74451681
54.24,12.74336605
54.245,12.74124588
54.25,12.74530156
54.255,12.74590269
54.26,12.74027126
54.265,12.74277372
54.27,12.74940029
54.275,12.74496318
54.28,12.73849758
54.285,12.7419715
54.29,12.74527673
54.295,12.74270731
54.3,12.74319966
54.305,12.74335122
54.31,12.73824293
54.315,12.73882147
54.32,12.74585227
54.325,12.74399354
54.33,12.7380897
54.335,12.74247901
54.34,12.74737279
54.345,12.74287019
54.35,12.74081183
54.355,12.74500878
54.36,12.74425635
54.365,12.74212592
54.37,12.7442536
54.375,12.74156123
54.38,12.73558975
54.385,12.73994716
54.39,12.74673005
54.395,12.74196545
54.4,12.73725076
54.405,12.74213877
54.41,12.7446867
54.415,12.74209632
54.42,12.7440688
54.425,12.74529621
54.43,12.74134483
54.435,12.7425685
54.44,12.74704966
54.445,12.74261567
54.45,12.73824754
54.455,12.74482527
54.46,12.74845046
54.465,12.74229418
54.47,12.74057668
54.475,12.74486881
54.48,12.74480413
54.485,12.74499668
54.49,12.74847387
54.495,12.74548882
54.5,12.74015256
54.505,12.74443043
54.51,12.74828681
54.515,12.74193551
54.52,12.73927307
54.525,12.74519678
54.53,12.74552591
54.535,12.74114195
54.54,12.74284325
54.545,12.7446897
54.55,12.74259804
54.555,12.74490585
54.56,12.7469977
54.565,12.73998251
54.57,12.73619109
54.575,12.74295027
54.58,12.74490241
54.585,12.7382983
54.59,12.73732445
54.595,12.74062038
54.6,12.73889937
54.605,12.73870733
54.61,12.74213414
54.615,12.7402007
54.62,12.73803134
54.625,12.7436433
54.63,12.74525539
54.635,12.73826473
54.64,12.73807676
54.645,12.74486378
54.65,12.7434413
54.655,12.73801411
54.66,12.73886696
54.665,12.73966248
54.67,12.73847529
54.675,12.74230896
54.68,12.74445128
54.685,12.73813899
54.69,12.73648858
54.695,12.74277817
54.7,12.74204847
54.705,12.73601697
54.71,12.73823109
54.715,12.74258753
54.72,12.74038554
54.725,12.73968535
54.73,12.74180268
54.735,12.73931279
54.74,12.73854211
54.745,12.74407468
54.75,12.74286988
54.755,12.73507681
54.76,12.73650799
54.765,12.74355367
54.77,12.74218457
54.775,12.73912731
54.78,12.74214374
54.785,12.74247661
54.79,12.74039278
54.795,12.74363958
54.8,12.74518063
54.805,12.74070841
54.81,12.74241262
54.815,12.74869179
54.82,12.74555914
54.825,12.7395117
54.83,12.74340059
54.835,12.74754257
54.84,12.7439422
54.845,12.74220014
54.85,12.74257565
54.855,12.7393364
54.86,12.74010646
54.865,12.74676406
54.87,12.74572838
54.875,12.73986571
54.88,12.74313255
54.885,12.74807652
54.89,12.74397478
54.895,12.74145095
54.9,12.74589353
54.905,12.74649333
54.91,12.74420048
54.915,12.74585722
54.92,12.74503839
54.925,12.74091401
54.93,12.74502367
54.935,12.75135863
54.94,12.7468473
54.945,12.74173788
54.95,12.74694968
54.955,12.7508572
54.96,12.74782316
54.965,12.74788586
54.97,12.74895553
54.975,12.74542628
54.98,12.74542776
54.985,12.74946227
54.99,12.74614173
54.995,12.74205391
55,12.74813679
55.005,12.75237225
55.01,12.74665322
55.015,12.74454005
55.02,12.74960437
55.025,12.75016702
55.03,12.74848205
55.035,12.75003794
55.04,12.74772108
55.045,12.74310997
55.05,12.74707585
55.055,12.75171761
55.06,12.74653954
55.065,12.74362768
55.07,12.74969004
55.075,12.75115433
55.08,12.74676283
55.085,12.74835315
55.09,12.75148933
55.095,12.74989967
55.1,12.75057155
55.105,12.75215363
55.11,12.74643445
55.115,12.74298574
55.12,12.74949163
55.125,12.75177126
55.13,12.74509395
55.135,12.74391849
55.14,12.74874937
55.145,12.74849796
55.15,12.74792657
55.155,12.75144144
55.16,12.75075293
55.165,12.74807399
55.17,12.7519427
55.175,12.75349952
55.18,12.74706701
55.185,12.74650586
55.19,12.75345853
55.195,12.75302749
55.2,12.74745738
55.205,12.74875809
55.21,12.75154934
55.215,12.75065309
55.22,12.75269231
55.225,12.75425677
55.23,12.74850166
55.235,12.74613868
55.24,12.75186089
55.245,12.75173331
55.25,12.74531947
55.255,12.74664531
55.26,12.75188997
55.265,12.75025079
55.27,12.74891984
55.275,12.75220112
55.28,12.75252992
55.285,12.75245321
55.29,12.75677765
55.295,12.75547879
55.3,12.74752393
55.305,12.74800575
55.31,12.75476753
55.315,12.7530529
55.32,12.74803336
55.325,12.74969559
55.33,12.75097921
55.335,12.74927908
55.34,12.75185256
55.345,12.75430639
55.35,12.75127031
55.355,12.75264968
55.36,12.75865271
55.365,12.75628371
55.37,12.75037797
55.375,12.75387164
55.38,12.75848913
55.385,12.7546526
55.39,12.75124048
55.395,12.75164492
55.4,12.74981423
55.405,12.75012215
55.41,12.75512088
55.415,12.75388135
55.42,12.74810653
55.425,12.75094493
55.43,12.75637112
55.435,12.75259904
55.44,12.74879014
55.445,12.75228768
55.45,12.75299168
55.455,12.74982426
55.46,12.75052173
55.465,12.75051302
55.47,12.74739741
55.475,12.7504786
55.48,12.75559549
55.485,12.75104507
55.49,12.74549687
55.495,12.75016373
55.5,12.75417159
55.505,12.75055361
55.51,12.74939998
55.515,12.75084567
55.52,12.74838803
55.525,12.74793259
55.53,12.75139527
55.535,12.74903659
55.54,12.7451419
55.545,12.74996268
55.55,12.75387785
55.555,12.74854071
55.56,12.74649627
55.565,12.75230014
55.57,12.75400119
55.575,12.75148904
55.58,12.75139918
55.585,12.74911424
55.59,12.74497735
55.595,12.74807311
55.6,12.75189068
55.605,12.74673707
55.61,12.74338516
55.615,12.74878834
55.62,12.75027417
55.625,12.74556965
55.63,12.74603063
55.635,12.74918524
55.64,12.74802328
55.645,12.74820967
55.65,12.75016134
55.655,12.74644506
55.66,12.74454408
55.665,12.751316
55.67,12.75384361
55.675,12.74705107
55.68,12.74532122
55.685,12.75050165
55.69,12.7510129
55.695,12.74954478
55.7,12.75164337
55.705,12.75078878
55.71,12.74791711
55.715,12.75093499
55.72,12.75291913
55.725,12.74795092
55.73,12.74809483
55.735,12.75562216
55.74,12.75575712
55.745,12.75003338
55.75,12.75097102
55.755,12.75422677
55.76,12.75358696
55.765,12.75481157
55.77,12.75603902
55.775,12.75113611
55.78,12.74926261
55.785,12.75497473
55.79,12.75518481
55.795,12.74876128
55.8,12.74942403
55.805,12.75416339
55.81,12.75212832
55.815,12.74956515
55.82,12.75221135
55.825,12.75282767
55.83,12.75223906
55.835,12.7556519
55.84,12.75482539
55.845,12.74816278
55.85,12.74900674
55.855,12.75580409
55.86,12.75432218
55.865,12.74900709
55.87,12.7504929
55.875,12.75252575
55.88,12.75078749
55.885,12.75214316
55.89,12.7534338
55.895,12.74952924
55.9,12.7496513
55.905,12.75468264
55.91,12.75265891
55.915,12.74729905
55.92,12.75115824
55.925,12.75619298
55.93,12.75246585
55.935,12.74902393
55.94,12.75037588
55.945,12.74981122
55.95,12.74995459
55.955,12.75418265
55.96,12.753013
55.965,12.74709552
55.97,12.74895084
55.975,12.75390524
55.98,12.75023612
55.985,12.74651751
55.99,12.75076036
55.995,12.75334976
56,12.75151728
56.005,12.75273995
56.01,12.75408679
56.015,12.75202627
56.02,12.75436358
56.025,12.75843856
56.03,12.75367148
56.035,12.74811518
56.04,12.7530637
56.045,12.75787412
56.05,12.75479185
56.055,12.75357763
56.06,12.75577929
56.065,12.75447424
56.07,12.75433771
56.075,12.75829049
56.08,12.75695027
56.085,12.75360826
56.09,12.75798296
56.095,12.76153773
56.1,12.75592939
56.105,12.75330214
56.11,12.75892917
56.115,12.76065912
56.12,12.75780709
56.125,12.75825564
56.13,12.75828747
56.135,12.75635625
56.14,12.76019824
56.145,12.76416412
56.15,12.75921859
56.155,12.7552925
56.16,12.76016703
56.165,12.76168505
56.17,12.75664874
56.175,12.75696764
56.18,12.76085462
56.185,12.76028286
56.19,12.76022828
56.195,12.76275185
56.2,12.76028451
56.205,12.75855271
56.21,12.76440541
56.215,12.76610446
56.22,12.75856014
56.225,12.75627783
56.23,12.76155322
56.235,12.76200979
56.24,12.75975591
56.245,12.76119782
56.25,12.76081566
56.255,12.75825876
56.26,12.76124136
56.265,12.7635451
56.27,12.75878547
56.275,12.75788436
56.28,12.76394772
56.285,12.76340851
56.29,12.75717351
56.295,12.7582614
56.3,12.76230145
56.305,12.76143754
56.31,12.76130129
56.315,12.76225207
56.32,12.75809479
56.325,12.75682898
56.33,12.76310742
56.335,12.7642616
56.34,12.75820058
56.345,12.75866251
56.35,12.76361942
56.355,12.76148339
56.36,12.75849868
56.365,12.76079676
56.37,12.7614201
56.375,12.76032684
56.38,12.76364723
56.385,12.7642554
56.39,12.75946544
56.395,12.76166364
56.4,12.76915868
56.405,12.76738381
56.41,12.76079714
56.415,12.76187134
56.42,12.76437269
56.425,12.76261402
56.43,12.76318159
56.435,12.76469933
56.44,12.76142136
56.445,12.76117683
56.45,12.76615613
56.455,12.7647001
56.46,12.75937518
56.465,12.76254635
56.47,12.76748194
56.475,12.76359731
56.48,12.75986258
56.485,12.76199149
56.49,12.76240712
56.495,12.76183856
56.5,12.7646117
56.505,12.7628443
56.51,12.7569197
56.515,12.75915098
56.52,12.76495844
56.525,12.76194024
56.53,12.75765702
56.535,12.76112074
56.54,12.76286599
56.545,12.75969262
56.55,12.76010456
56.555,12.76169083
56.56,12.75975335
56.565,12.76125402
56.57,12.76501272
56.575,12.76104536
56.58,12.75609337
56.585,12.76128816
56.59,12.76640258
56.595,12.76267548
56.6,12.76033906
56.605,12.76238978
56.61,12.76118854
56.615,12.75979668
56.62,12.76182773
56.625,12.75939824
56.63,12.75463827
56.635,12.75747048
56.64,12.76080223
56.645,12.75576366
56.65,12.75347246
56.655,12.75941497
56.66,12.76128608
56.665,12.75758777
56.67,12.75740963
56.675,12.75787049
56.68,12.75591267
56.685,12.75855023
56.69,12.76160555
56.695,12.75608427
56.7,12.75156979
56.705,12.75655567
56.71,12.75895654
56.715,12.75459712
56.72,12.75488191
56.725,12.75910864
56.73,12.7584745
56.735,12.75746711
56.74,12.75968299
56.745,12.75821587
56.75,12.75696075
56.755,12.76218382
56.76,12.76364747
56.765,12.75611183
56.77,12.75373478
56.775,12.75916872
56.78,12.75965314
56.785,12.75638538
56.79,12.75716749
56.795,12.75716237
56.8,12.7548124
56.805,12.75750558
56.81,12.75976067
56.815,12.75526234
56.82,12.75418687
56.825,12.76006167
56.83,12.75955896
56.835,12.75358918
56.84,12.75494142
56.845,12.75930863
56.85,12.75806916
56.855,12.7568715
56.86,12.7577451
56.865,12.75446025
56.87,12.75336953
56.875,12.75885885
56.88,12.75934974
56.885,12.75234461
56.89,12.75186883
56.895,12.75679959
56.9,12.75518411
56.905,12.75240889
56.91,12.75541486
56.915,12.75698196
56.92,12.75543728
56.925,12.75735893
56.93,12.75728251
56.935,12.75243391
56.94,12.75371616
56.945,12.76036851
56.95,12.75859302
56.955,12.75263704
56.96,12.75469221
56.965,12.75829168
56.97,12.7568317
56.975,12.75686169
56.98,12.75797049
56.985,12.75412942
56.99,12.75303187
56.995,12.75725842
57,12.75579678
57.005,12.75037492
57.01,12.75341265
57.015,12.75829756
57.02,12.75427057
57.025,12.75077821
57.03,12.7537786
57.035,12.75509108
57.04,12.75430627
57.045,12.75694302
57.05,12.75605526
57.055,12.75126566
57.06,12.75378529
57.065,12.75983721
57.07,12.7570583
57.075,12.75244899
57.08,12.75564174
57.085,12.75723924
57.09,12.75371833
57.095,12.7537181
57.1,12.75580664
57.105,12.753912
57.11,12.75474949
57.115,12.75818406
57.12,12.75467074
57.125,12.75059199
57.13,12.75630544
57.135,12.76122545
57.14,12.75656147
57.145,12.7540091
57.15,12.75693647
57.155,12.75676485
57.16,12.75559418
57.165,12.75827194
57.17,12.75715924
57.175,12.75303527
57.18,12.75561216
57.185,12.75889295
57.19,12.75423014
57.195,12.75172185
57.2,12.75759507
57.205,12.75928967
57.21,12.75503544
57.215,12.7547919
57.22,12.75659548
57.225,12.75570368
57.23,12.75802143
57.235,12.76062412
57.24,12.75540983
57.245,12.75138831
57.25,12.75653378
57.255,12.75912667
57.26,12.75404939
57.265,12.75350741
57.27,12.75699429
57.275,12.75563451
57.28,12.75392684
57.285,12.75638546
57.29,12.75586067
57.295,12.75459953
57.3,12.75990719
57.305,12.76256993
57.31,12.75706799
57.315,12.75638561
57.32,12.76353684
57.325,12.76476893
57.33,12.76099214
57.335,12.76153095
57.34,12.7623647
57.345,12.76039481
57.35,12.76241853
57.355,12.76503241
57.36,12.76093914
57.365,12.75929023
57.37,12.76447778
57.375,12.76439429
57.38,12.75858615
57.385,12.75982471
57.39,12.76480903
57.395,12.76379883
57.4,12.76195351
57.405,12.76287693
57.41,12.76079049
57.415,12.75997507
57.42,12.76519993
57.425,12.76574501
57.43,12.75904896
57.435,12.75864066
57.44,12.76382115
57.445,12.76217461
57.45,12.75843518
57.455,12.76074107
57.46,12.76217072
57.465,12.7602509
57.47,12.76203608
57.475,12.76361738
57.48,12.76070771
57.485,12.76257092
57.49,12.76906267
57.495,12.76727681
57.5,12.76097817
57.505,12.76330254
57.51,12.76825282
57.515,12.76732482
57.52,12.76722412
57.525,12.76928338
57.53,12.76741471
57.535,12.76714783
57.54,12.77177365
57.545,12.77094402
57.55,12.76542056
57.555,12.76738687
57.56,12.77154923
57.565,12.76762446
57.57,12.76421206
57.575,12.76791872
57.58,12.76972723
57.585,12.7681937
57.59,12.76945761
57.595,12.76826129
57.6,12.76345314
57.605,12.76507616
57.61,12.77024545
57.615,12.76689632
57.62,12.76179475
57.625,12.76508076
57.63,12.768035
57.635,12.76525009
57.64,12.76533284
57.645,12.76788701
57.65,12.76613195
57.655,12.76566544
57.66,12.76806206
57.665,12.76523739
57.67,12.76131013
57.675,12.76636243
57.68,12.77097181
57.685,12.7662529
57.69,12.76300837
57.695,12.76617097
57.7,12.76700155
57.705,12.76585482
57.71,12.76817602
57.715,12.76714528
57.72,12.76292454
57.725,12.76502257
57.73,12.76879117
57.735,12.76485995
57.74,12.76244441
57.745,12.76760367
57.75,12.76828415
57.755,12.76272289
57.76,12.76194124
57.765,12.76458723
57.77,12.76415357
57.775,12.76618774
57.78,12.76942991
57.785,12.76610244
57.79,12.76336769
57.795,12.7692989
57.8,12.77240097
57.805,12.76698752
57.81,12.76525275
57.815,12.76833625
57.82,12.76703737
57.825,12.76475994
57.83,12.76712746
57.835,12.76710081
57.84,12.76557375
57.845,12.76933353
57.85,12.7714096
57.855,12.76600831
57.86,12.7650206
57.865,12.77190224
57.87,12.77321464
57.875,12.76927317
57.88,12.76994741
57.885,12.77190811
57.89,12.77053321
57.895,12.77244439
57.9,12.77503461
57.905,12.77129762
57.91,12.76920256
57.915,12.77418693
57.92,12.77509808
57.925,12.77029033
57.93,12.77231038
57.935,12.77764178
57.94,12.77613786
57.945,12.7733197
57.95,12.77472133
57.955,12.7741183
57.96,12.7738281
57.965,12.77898361
57.97,12.78022312
57.975,12.7745541
57.98,12.77474983
57.985,12.78084397
57.99,12.77997034
57.995,12.77612315
58,12.77776009
58.005,12.77869412
58.01,12.77585039
58.015,12.77664643
58.02,12.77833383
58.025,12.77556465
58.03,12.77641914
58.035,12.78176289
58.04,12.78012886
58.045,12.7741524
58.05,12.77644242
58.055,12.78128523
58.06,12.77946645
58.065,12.77772559
58.07,12.77925671
58.075,12.77777768
58.08,12.77699631
58.085,12.78112547
58.09,12.7808023
58.095,12.77569537
58.1,12.77711842
58.105,12.78143571
58.11,12.77795069
58.115,12.77432169
58.12,12.77812036
58.125,12.78067189
58.13,12.77920904
58.135,12.78030016
58.14,12.78094019
58.145,12.77826175
58.15,12.78098733
58.155,12.78686394
58.16,12.78455658
58.165,12.77962338
58.17,12.78305976
58.175,12.78705281
58.18,12.78486294
58.185,12.78469445
58.19,12.78695232
58.195,12.78538748
58.2,12.78411168
58.205,12.78625084
58.21,12.78417801
58.215,12.78101819
58.22,12.78598052
58.225,12.79089912
58.23,12.78666132
58.235,12.7833891
58.24,12.78739632
58.245,12.78918271
58.25,12.78796862
58.255,12.7890879
58.26,12.78813745
58.265,12.78424832
58.27,12.78620122
58.275,12.78990321
58.28,12.78603101
58.285,12.78269643
58.29,12.78709281
58.295,12.789164
58.3,12.78536406
58.305,12.78587517
58.31,12.78937952
58.315,12.7894617
58.32,12.78992474
58.325,12.79161696
58.33,12.78803701
58.335,12.78501632
58.34,12.79014126
58.345,12.79334194
58.35,12.78892972
58.355,12.78747423
58.36,12.79137065
58.365,12.791097
58.37,12.78921515
58.375,12.79106747
58.38,12.79121484
58.385,12.78915217
58.39,12.79159205
58.395,12.79308088
58.4,12.78796124
58.405,12.78715396
58.41,12.79357652
58.415,12.79483076
58.42,12.79011426
58.425,12.79059817
58.43,12.7935811
58.435,12.79367708
58.44,12.79578544
58.445,12.79836896
58.45,12.79484989
58.455,12.79215403
58.46,12.79616465
58.465,12.79631526
58.47,12.79100841
58.475,12.79118387
58.48,12.79512499
58.485,12.79266984
58.49,12.78899277
58.495,12.79008767
58.5,12.79040643
58.505,12.79045149
58.51,12.7943989
58.515,12.79521964
58.52,12.7895793
58.525,12.78953652
58.53,12.79535405
58.535,12.79465742
58.54,12.78981515
58.545,12.79065534
58.55,12.79208959
58.555,12.79000736
58.56,12.79108583
58.565,12.79341221
58.57,12.79135656
58.575,12.79120849
58.58,12.79545727
58.585,12.79329988
58.59,12.78685773
58.595,12.7882017
58.6,12.7930093
58.605,12.79134227
58.61,12.78897313
58.615,12.79047801
58.62,12.78997327
58.625,12.78985853
58.63,12.79392959
58.635,12.79453576
58.64,12.78984848
58.645,12.79071725
58.65,12.7945452
58.655,12.7911735
58.66,12.78679837
58.665,12.78922171
58.67,12.79083503
58.675,12.78777744
58.68,12.78747987
58.685,12.78817416
58.69,12.78658337
58.695,12.78935636
58.7,12.79554084
58.705,12.79397483
58.71,12.78905003
58.715,12.79194503
58.72,12.79578079
58.725,12.79277529
58.73,12.79055825
58.735,12.79183886
58.74,12.78954863
58.745,12.78770559
58.75,12.79040208
58.755,12.79058252
58.76,12.78831587
58.765,12.79216384
58.77,12.79629781
58.775,12.79180927
58.78,12.78816266
58.785,12.79186778
58.79,12.7939112
58.795,12.79159049
58.8,12.79201381
58.805,12.79215916
58.81,12.78961524
58.815,12.79135709
58.82,12.79520222
58.825,12.79224899
58.83,12.78857117
58.835,12.79214142
58.84,12.79343403
58.845,12.78856569
58.85,12.78761477
58.855,12.79109387
58.86,12.79079912
58.865,12.78989241
58.87,12.79110754
58.875,12.78857728
58.88,12.78573967
58.885,12.79035146
58.89,12.79436264
58.895,12.79015584
58.9,12.78826196
58.905,12.79264229
58.91,12.79374379
58.915,12.79133451
58.92,12.79232674
58.925,12.79221395
58.93,12.78868106
58.935,12.78879613
58.94,12.78992699
58.945,12.78604597
58.95,12.78491128
58.955,12.79092014
58.96,12.79206766
58.965,12.78668776
58.97,12.78589062
58.975,12.7888261
58.98,12.78830884
58.985,12.7880632
58.99,12.78906793
58.995,12.78517794
59,12.78197355
59.005,12.78571896
59.01,12.78712361
59.015,12.78182747
59.02,12.78106119
59.025,12.78506674
59.03,12.78372385
59.035,12.78061561
59.04,12.78285643
59.045,12.78464893
59.05,12.78384472
59.055,12.78622453
59.06,12.78695722
59.065,12.78227916
59.07,12.78205012
59.075,12.7881796
59.08,12.78858753
59.085,12.78429935
59.09,12.78559569
59.095,12.78841261
59.1,12.78699174
59.105,12.78718862
59.11,12.78939261
59.115,12.7870958
59.12,12.78558651
59.125,12.78867636
59.13,12.78732018
59.135,12.78165682
59.14,12.78352449
59.145,12.78914286
59.15,12.78726339
59.155,12.78397748
59.16,12.78587113
59.165,12.78704965
59.17,12.78711645
59.175,12.79106662
59.18,12.79206939
59.185,12.78729902
59.19,12.7874309
59.195,12.79219411
59.2,12.79035895
59.205,12.78606228
59.21,12.7885848
59.215,12.79067254
59.22,12.7877561
59.225,12.78734944
59.23,12.78959275
59.235,12.78867411
59.24,12.78983108
59.245,12.79418088
59.25,12.79216051
59.255,12.78706104
59.26,12.79015282
59.265,12.79555754
59.27,12.79344155
59.275,12.79145398
59.28,12.79371779
59.285,12.79329308
59.29,12.79166527
59.295,12.79431147
59.3,12.79476259
59.305,12.79159109
59.31,12.79401861
59.315,12.79793723
59.32,12.79401164
59.325,12.78998692
59.33,12.79431278
59.335,12.79729092
59.34,12.79478914
59.345,12.79485595
59.35,12.7964955
59.355,12.79515738
59.36,12.79716787
59.365,12.8023257
59.37,12.80075086
59.375,12.79727196
59.38,12.80083944
59.385,12.80379502
59.39,12.79973722
59.395,12.7986989
59.4,12.80232659
59.405,12.80164614
59.41,12.79921266
59.415,12.8002616
59.42,12.79963902
59.425,12.79789047
59.43,12.80249543
59.435,12.80642831
59.44,12.80205977
59.445,12.79914313
59.45,12.80364949
59.455,12.80507227
59.46,12.801795
59.465,12.80203472
59.47,12.80254222
59.475,12.79946446
59.48,12.79928884
59.485,12.80154596
59.49,12.79839933
59.495,12.79611167
59.5,12.80058716
59.505,12.801759
59.51,12.79631483
59.515,12.79581509
59.52,12.8003186
59.525,12.8003941
59.53,12.7993213
59.535,12.80067588
59.54,12.79898066
59.545,12.79624934
59.55,12.79982973
59.555,12.80231183
59.56,12.79780627
59.565,12.79656425
59.57,12.80091155
59.575,12.8000185
59.58,12.79551662
59.585,12.79672194
59.59,12.79867589
59.595,12.79715991
59.6,12.7978408
59.605,12.79911884
59.61,12.79528583
59.615,12.79439675
59.62,12.80016163
59.625,12.80076229
59.63,12.79510119
59.635,12.7945021
59.64,12.79768209
59.645,12.79615117
59.65,12.79490732
59.655,12.79672649
59.66,12.79545385
59.665,12.79363513
59.67,12.79679871
59.675,12.79762151
59.68,12.79351125
59.685,12.79503747
59.69,12.80016984
59.695,12.79801011
59.7,12.79298827
59.705,12.79423395
59.71,12.79589608
59.715,12.79508616
59.72,12.79703885
59.725,12.79816822
59.73,12.79467982
59.735,12.79521439
59.74,12.80132038
59.745,12.8013327
59.75,12.79725478
59.755,12.7988521
59.76,12.80110035
59.765,12.79691818
59.77,12.79422132
59.775,12.79575363
59.78,12.79494489
59.785,12.79475722
59.79,12.79841481
59.795,12.79832643
59.8,12.79461158
59.805,12.79813029
59.81,12.80414205
59.815,12.80245401
59.82,12.79946586
59.825,12.80211174
59.83,12.8029426
59.835,12.80087741
59.84,12.80246109
59.845,12.80309167
59.85,12.79939461
59.855,12.7992011
59.86,12.80232353
59.865,12.79907586
59.87,12.79555385
59.875,12.80020843
59.88,12.80408805
59.885,12.80081023
59.89,12.79914943
59.895,12.80088139
59.9,12.79977312
59.905,12.80007849
59.91,12.8033081
59.915,12.80135467
59.92,12.79634241
59.925,12.79882326
59.93,12.80275113
59.935,12.79979368
59.94,12.7981171
59.945,12.80184176
59.95,12.80204036
59.955,12.79855039
59.96,12.79882173
59.965,12.79874191
59.97,12.79641789
59.975,12.79870173
59.98,12.80217476
59.985,12.79830761
59.99,12.79535997
59.995,12.80054505
60,12.80353727
60.005,12.80048684
60.01,12.80025784
60.015,12.80227078
60.02,12.80031626
60.025,12.80006312
60.03,12.80267505
60.035,12.80043543
60.04,12.7969235
60.045,12.79966281
60.05,12.80049234
60.055,12.79436332
60.06,12.79297951
60.065,12.7981704
60.07,12.79917005
60.075,12.79711002
60.08,12.79884868
60.085,12.79909516
60.09,12.79731209
60.095,12.80028283
60.1,12.8030519
60.105,12.79881431
60.11,12.79635913
60.115,12.80057401
60.12,12.80067991
60.125,12.79682958
60.13,12.79847175
60.135,12.80201255
60.14,12.80042458
60.145,12.79955296
60.15,12.80065664
60.155,12.79779043
60.16,12.79635581
60.165,12.80086018
60.17,12.80114565
60.175,12.79464912
60.18,12.79390894
60.185,12.79813331
60.19,12.7977092
60.195,12.79616141
60.2,12.79879174
60.205,12.79896798
60.21,12.79700725
60.215,12.79991343
60.22,12.80188065
60.225,12.79845701
60.23,12.79859446
60.235,12.80342951
60.24,12.80144591
60.245,12.79624501
60.25,12.79790738
60.255,12.80099064
60.26,12.79947654
60.265,12.79963364
60.27,12.80127638
60.275,12.79866645
60.28,12.79875364
60.285,12.8042696
60.29,12.80469938
60.295,12.79974575
60.3,12.8009079
60.305,12.80433057
60.31,12.8015009
60.315,12.79924038
60.32,12.80203962
60.325,12.80238591
60.33,12.80080907
60.335,12.80313228
60.34,12.80301395
60.345,12.79903248
60.35,12.80098251
60.355,12.80680376
60.36,12.80478902
60.365,12.80025025
60.37,12.8021751
60.375,12.80383162
60.38,12.80184347
60.385,12.80312982
60.39,12.8054986
60.395,12.80321837
60.4,12.80323423
60.405,12.80681121
60.41,12.80519751
60.415,12.80139069
60.42,12.8046301
60.425,12.80753035
60.43,12.80292417
60.435,12.8001995
60.44,12.80259468
60.445,12.80288445
60.45,12.80266358
60.455,12.80563766
60.46,12.80462073
60.465,12.80048899
60.47,12.80301568
60.475,12.80757987
60.48,12.80460407
60.485,12.80160308
60.49,12.80461568
60.495,12.80428146
60.5,12.79981243
60.505,12.79963482
60.51,12.80068384
60.515,12.79817237
60.52,12.79896268
60.525,12.80192153
60.53,12.79841122
60.535,12.79508924
60.54,12.80032792
60.545,12.80427258
60.55,12.80083714
60.555,12.7999327
60.56,12.80250922
60.565,12.8012612
60.57,12.80008421
60.575,12.80280613
60.58,12.801867
60.585,12.79849706
60.59,12.80107143
60.595,12.80313633
60.6,12.79864711
60.605,12.79762742
60.61,12.80334175
60.615,12.80445599
60.62,12.80110953
60.625,12.80165933
60.63,12.80251551
60.635,12.8009466
60.64,12.80325463
60.645,12.80613994
60.65,12.80202803
60.655,12.79912233
60.66,12.80340566
60.665,12.80467034
60.67,12.80047895
60.675,12.80115752
60.68,12.80439324
60.685,12.80219671
60.69,12.80034559
60.695,12.80214063
60.7,12.80093301
60.705,12.79916693
60.71,12.80292976
60.715,12.80366969
60.72,12.79782853
60.725,12.79715906
60.73,12.80258833
60.735,12.8027223
60.74,12.80017187
60.745,12.80239197
60.75,12.80329588
60.755,12.80114158
60.76,12.80240271
60.765,12.80366065
60.77,12.79910225
60.775,12.79735579
60.78,12.80107249
60.785,12.79954649
60.79,12.79471018
60.795,12.79712363
60.8,12.80176706
60.805,12.80041788
60.81,12.79958517
60.815,12.80112429
60.82,12.79908866
60.825,12.79808157
60.83,12.80278903
60.835,12.8034927
60.84,12.79861163
60.845,12.79963734
60.85,12.80436978
60.855,12.80279944
60.86,12.80041518
60.865,12.80388506
60.87,12.80528056
60.875,12.80333251
60.88,12.80464186
60.885,12.80549898
60.89,12.80218648
60.895,12.8033376
60.9,12.80835171
60.905,12.80601056
60.91,12.80095499
60.915,12.80305544
60.92,12.80604865
60.925,12.80381532
60.93,12.80356818
60.935,12.80496354
60.94,12.80221226
60.945,12.80122015
60.95,12.80497684
60.955,12.80423898
60.96,12.79988146
60.965,12.80186538
60.97,12.8044517
60.975,12.79952189
60.98,12.79552844
60.985,12.79795382
60.99,12.79820701
60.995,12.79623276
61,12.79796689
61.005,12.79817702
61.01,12.79503579
61.015,12.79716666
61.02,12.80212612
61.025,12.79965853
61.03,12.79599515
61.035,12.7986912
61.04,12.79955232
61.045,12.79531818
61.05,12.79476008
61.055,12.79642177
61.06,12.79415293
61.065,12.79339343
61.07,12.79526087
61.075,12.7923117
61.08,12.78831507
61.085,12.79177778
61.09,12.7942845
61.095,12.78952432
61.1,12.7872371
61.105,12.79002784
61.11,12.78976448
61.115,12.78852658
61.12,12.79134959
61.125,12.79135264
61.13,12.78814002
61.135,12.78975598
61.14,12.79206411
61.145,12.78784356
61.15,12.78588145
61.155,12.79057216
61.16,12.79127277
61.165,12.78719483
61.17,12.78786361
61.175,12.79083798
61.18,12.79037104
61.185,12.79224115
61.19,12.7955717
61.195,12.79326132
61.2,12.79123893
61.205,12.7966183
61.21,12.7997876
61.215,12.796475
61.22,12.79685323
61.225,12.80031614
61.23,12.79876508
61.235,12.79645925
61.24,12.79852762
61.245,12.7980225
61.25,12.79596171
61.255,12.79897753
61.26,12.80066929
61.265,12.79637225
61.27,12.79658633
61.275,12.80321208
61.28,12.80400954
61.285,12.8003755
61.29,12.80127683
61.295,12.80257114
61.3,12.80017646
61.305,12.80115937
61.31,12.80375044
61.315,12.80100661
61.32,12.79931425
61.325,12.80314771
61.33,12.8030755
61.335,12.7984448
61.34,12.8002478
61.345,12.80484691
61.35,12.80356598
61.355,12.80175433
61.36,12.8037223
61.365,12.80312801
61.37,12.80194405
61.375,12.80496545
61.38,12.80466808
61.385,12.79906543
61.39,12.798762
61.395,12.80339211
61.4,12.80215691
61.405,12.7997203
61.41,12.80294958
61.415,12.80444628
61.42,12.8013457
61.425,12.80132556
61.43,12.8023161
61.435,12.79913742
61.44,12.79905924
61.445,12.80311136
61.45,12.80131822
61.455,12.79650982
61.46,12.7993916
61.465,12.80375043
61.47,12.80198786
61.475,12.80110437
61.48,12.80369584
61.485,12.80289684
61.49,12.80204869
61.495,12.80590284
61.5,12.80637778
61.505,12.80271123
61.51,12.8040451
61.515,12.80706007
61.52,12.80304541
61.525,12.79993419
61.53,12.8038931
61.535,12.80596233
61.54,12.80397092
61.545,12.80485436
61.55,12.80565136
61.555,12.80272558
61.56,12.80405491
61.565,12.80825883
61.57,12.8055707
61.575,12.80105436
61.58,12.80374647
61.585,12.80599357
61.59,12.8027134
61.595,12.80292747
61.6,12.80648627
61.605,12.80566147
61.61,12.80445764
61.615,12.80678071
61.62,12.80558256
61.625,12.80254366
61.63,12.80591901
61.635,12.80888528
61.64,12.80385603
61.645,12.8006443
61.65,12.80420556
61.655,12.80523331
61.66,12.80355354
61.665,12.80546502
61.67,12.80633013
61.675,12.80345383
61.68,12.8046303
61.685,12.80763918
61.69,12.80431991
61.695,12.80138416
61.7,12.80474539
61.705,12.80459763
61.71,12.79851916
61.715,12.79753848
61.72,12.80033674
61.725,12.79926135
61.73,12.79885007
61.735,12.80121952
61.74,12.7991838
61.745,12.79629504
61.75,12.8003078
61.755,12.80271505
61.76,12.79789915
61.765,12.79597123
61.77,12.79879565
61.775,12.7967274
61.78,12.79269063
61.785,12.79388655
61.79,12.79449102
61.795,12.79202831
61.8,12.79307384
61.805,12.79430173
61.81,12.79009374
61.815,12.78921163
61.82,12.79465387
61.825,12.79509192
61.83,12.79017966
61.835,12.79048819
61.84,12.79281522
61.845,12.79096258
61.85,12.7908403
61.855,12.79280671
61.86,12.79000565
61.865,12.78740334
61.87,12.79108418
61.875,12.79183175
61.88,12.78775265
61.885,12.78953605
61.89,12.79494566
61.895,12.79352195
61.9,12.7904399
61.905,12.79265142
61.91,12.79314841
61.915,12.79133146
61.92,12.79355183
61.925,12.79494084
61.93,12.79099693
61.935,12.79153194
61.94,12.79763062
61.945,12.79773498
61.95,12.7941969
61.955,12.79623537
61.96,12.79808418
61.965,12.7945419
61.97,12.79372421
61.975,12.79599043
61.98,12.79463477
61.985,12.79411912
61.99,12.79781399
61.995,12.79645576
62,12.79098916
62.005,12.79249689
62.01,12.7962775
62.015,12.79287822
62.02,12.7894495
62.025,12.79146746
62.03,12.79107287
62.035,12.78916962
62.04,12.79166079
62.045,12.79254819
62.05,12.78851495
62.055,12.78877682
62.06,12.79192631
62.065,12.78807344
62.07,12.78353309
62.075,12.78637046
62.08,12.7881508
62.085,12.7841422
62.09,12.78297146
62.095,12.78411342
62.1,12.78200581
62.105,12.78209014
62.11,12.78590318
62.115,12.78416984
62.12,12.77973278
62.125,12.78258927
62.13,12.78639421
62.135,12.78410725
62.14,12.78363574
62.145,12.78753255
62.15,12.78685419
62.155,12.7840929
62.16,12.78532032
62.165,12.78458223
62.17,12.78081422
62.175,12.78251292
62.18,12.78550669
62.185,12.78101966
62.19,12.77775873
62.195,12.78208528
62.2,12.78422339
62.205,12.78135317
62.21,12.78201191
62.215,12.78329408
62.22,12.78047935
62.225,12.78066156
62.23,12.78424365
62.235,12.78272335
62.24,12.77980918
62.245,12.78324056
62.25,12.78479791
62.255,12.78002918
62.26,12.77915098
62.265,12.78315802
62.27,12.78301924
62.275,12.78137111
62.28,12.78307171
62.285,12.78248408
62.29,12.78025899
62.295,12.78369941
62.3,12.78694505
62.305,12.78331749
62.31,12.78179124
62.315,12.78588704
62.32,12.78606377
62.325,12.78291583
62.33,12.78491012
62.335,12.78731293
62.34,12.7854106
62.345,12.78575826
62.35,12.78783463
62.355,12.78511606
62.36,12.78363112
62.365,12.78838146
62.37,12.7892747
62.375,12.78458013
62.38,12.78512576
62.385,12.78937499
62.39,12.78878007
62.395,12.78791274
62.4,12.79032143
62.405,12.78921706
62.41,12.78628536
62.415,12.78795422
62.42,12.78829458
62.425,12.78352227
62.43,12.78289782
62.435,12.78685481
62.44,12.78545274
62.445,12.78182454
62.45,12.78386692
62.455,12.785917
62.46,12.78397119
62.465,12.7840451
62.47,12.78453108
62.475,12.78062579
62.48,12.77957612
62.485,12.78379221
62.49,12.78325945
62.495,12.77874349
62.5,12.78002859
62.505,12.78256293
62.51,12.77947206
62.515,12.77791943
62.52,12.78075059
62.525,12.78085268
62.53,12.78008703
62.535,12.78323692
62.54,12.7832561
62.545,12.7791204
62.55,12.78026701
62.555,12.78411574
62.56,12.78084764
62.565,12.77636474
62.57,12.77790082
62.575,12.7787455
62.58,12.77722024
62.585,12.77905663
62.59,12.78070255
62.595,12.77788105
62.6,12.77803234
62.605,12.78132855
62.61,12.77914904
62.615,12.77538531
62.62,12.77825146
62.625,12.78089839
62.63,12.77784444
62.635,12.77732699
62.64,12.78033003
62.645,12.78015158
62.65,12.78028364
62.655,12.78409924
62.66,12.78356281
62.665,12.7796594
62.67,12.78190182
62.675,12.7857357
62.68,12.78299244
62.685,12.7813912
62.69,12.78531326
62.695,12.78618952
62.7,12.78415531
62.705,12.78604643
62.71,12.78822209
62.715,12.78667713
62.72,12.78829032
62.725,12.79118791
62.73,12.7878138
62.735,12.78437794
62.74,12.7880027
62.745,12.79018959
62.75,12.78680241
62.755,12.78669506
62.76,12.78909022
62.765,12.78812865
62.77,12.78812681
62.775,12.79139124
62.78,12.79034825
62.785,12.78757533
62.79,12.79033584
62.795,12.79198496
62.8,12.78745313
62.805,12.78605424
62.81,12.78998189
62.815,12.78928354
62.82,12.7858617
62.825,12.78649745
62.83,12.78671356
62.835,12.78433183
62.84,12.78628878
62.845,12.78891936
62.85,12.78522175
62.855,12.78286191
62.86,12.78662902
62.865,12.78713488
62.87,12.78305069
62.875,12.7836839
62.88,12.78576745
62.885,12.78307156
62.89,12.78111221
62.895,12.78216926
62.9,12.77979484
62.905,12.77722361
62.91,12.77977886
62.915,12.7797013
62.92,12.77432627
62.925,12.77401636
62.93,12.77885791
62.935,12.77912039
62.94,12.77798937
62.945,12.78061022
62.95,12.78110482
62.955,12.77880683
62.96,12.78059485
62.965,12.78188257
62.97,12.77786084
62.975,12.7768945
62.98,12.78070269
62.985,12.77965283
62.99,12.77557743
62.995,12.77777116
63,12.78102691
63.005,12.77964995
63.01,12.77926625
63.015,12.78043589
63.02,12.77753901
63.025,12.77577193
63.03,12.77934012
63.035,12.7794014
63.04,12.77502638
63.045,12.77549117
63.05,12.77847709
63.055,12.77601367
63.06,12.7738426
63.065,12.77632323
63.07,12.77662187
63.075,12.77478412
63.08,12.77641947
63.085,12.77694349
63.09,12.77372284
63.095,12.77484301
63.1,12.77875277
63.105,12.77591639
63.11,12.77103781
63.115,12.77248642
63.12,12.77391946
63.125,12.77162263
63.13,12.77229356
63.135,12.7745254
63.14,12.77305873
63.145,12.77322335
63.15,12.77687433
63.155,12.77592794
63.16,12.77213823
63.165,12.77366703
63.17,12.77518177
63.175,12.77055391
63.18,12.76752064
63.185,12.76943713
63.19,12.76945878
63.195,12.7683818
63.2,12.77028336
63.205,12.76996325
63.21,12.76678955
63.215,12.76827673
63.22,12.77119786
63.225,12.76790507
63.23,12.76456513
63.235,12.76629112
63.24,12.76580784
63.245,12.76223863
63.25,12.76273189
63.255,12.76475491
63.26,12.76374023
63.265,12.76478355
63.27,12.76752907
63.275,12.76545885
63.28,12.7633754
63.285,12.76748604
63.29,12.76978292
63.295,12.76603289
63.3,12.76464067
63.305,12.76660077
63.31,12.76556181
63.315,12.76486289
63.32,12.76760465
63.325,12.76748798
63.33,12.76533706
63.335,12.76736949
63.34,12.76909646
63.345,12.76543261
63.35,12.76417908
63.355,12.76751999
63.36,12.76684659
63.365,12.76300403
63.37,12.76308101
63.375,12.76393753
63.38,12.76233597
63.385,12.7635197
63.39,12.76512581
63.395,12.76156237
63.4,12.75900615
63.405,12.76233364
63.41,12.76309789
63.415,12.75972407
63.42,12.76052256
63.425,12.76318571
63.43,12.76158824
63.435,12.76024029
63.44,12.76195663
63.445,12.76090187
63.45,12.75927642
63.455,12.76163166
63.46,12.76195109
63.465,12.75767471
63.47,12.75767569
63.475,12.76203955
63.48,12.7618507
63.485,12.75952052
63.49,12.76069078
63.495,12.76122912
63.5,12.75917266
63.505,12.76006848
63.51,12.76097268
63.515,12.75790817
63.52,12.75701771
63.525,12.75988059
63.53,12.75861147
63.535,12.75469013
63.54,12.75608342
63.545,12.75850786
63.55,12.75662887
63.555,12.75532809
63.56,12.75635364
63.565,12.75493401
63.57,12.75444395
63.575,12.7577131
63.58,12.75800233
63.585,12.75436677
63.59,12.75535526
63.595,12.75945175
63.6,12.75899329
63.605,12.75839999
63.61,12.76176766
63.615,12.76333485
63.62,12.76141384
63.625,12.76171588
63.63,12.76158645
63.635,12.75842838
63.64,12.75832717
63.645,12.76092923
63.65,12.75888781
63.655,12.75526141
63.66,12.75740215
63.665,12.75999692
63.67,12.75864079
63.675,12.75834418
63.68,12.75993454
63.685,12.75870059
63.69,12.75814636
63.695,12.76053291
63.7,12.76004823
63.705,12.75739786
63.71,12.75877895
63.715,12.76047756
63.72,12.75689946
63.725,12.75466988
63.73,12.75707215
63.735,12.75824565
63.74,12.75758301
63.745,12.75910489
63.75,12.7593378
63.755,12.757361
63.76,12.7589348
63.765,12.76196829
63.77,12.76009672
63.775,12.7574635
63.78,12.75953046
63.785,12.76039889
63.79,12.75801361
63.795,12.75793981
63.8,12.75967411
63.805,12.75891347
63.81,12.75871115
63.815,12.76041246
63.82,12.75921633
63.825,12.7573351
63.83,12.75981536
63.835,12.76135633
63.84,12.75754669
63.845,12.75525958
63.85,12.75681851
63.855,12.75696355
63.86,12.75618595
63.865,12.75765121
63.87,12.75775979
63.875,12.75608997
63.88,12.757287
63.885,12.75865877
63.89,12.75630434
63.895,12.75530581
63.9,12.75812501
63.905,12.75782441
63.91,12.75384932
63.915,12.75255665
63.92,12.75297006
63.925,12.75154616
63.93,12.75126403
63.935,12.75205803
63.94,12.74995391
63.945,12.74850207
63.95,12.75107209
63.955,12.75183864
63.96,12.74874947
63.965,12.74821376
63.97,12.74992264
63.975,12.74827552
63.98,12.74591939
63.985,12.74627774
63.99,12.7459999
63.995,12.74498596
64,12.74592988
64.005,12.74528073
64.01,12.74132755
64.015,12.74081691
64.02,12.74409263
64.025,12.74383172
64.03,12.74113125
64.035,12.74145069
64.04,12.7424233
64.045,12.74155619
64.05,12.74215006
64.055,12.74296169
64.06,12.74091497
64.065,12.74015947
64.07,12.74235275
64.075,12.74158988
64.08,12.73873947
64.085,12.74052309
64.09,12.74420899
64.095,12.74368082
64.1,12.74216632
64.105,12.74276137
64.11,12.74236469
64.115,12.74200492
64.12,12.74392184
64.125,12.74397619
64.13,12.74103027
64.135,12.74137472
64.14,12.74414611
64.145,12.74327605
64.15,12.74163146
64.155,12.74349015
64.16,12.74489282
64.165,12.74413386
64.17,12.74494575
64.175,12.74569773
64.18,12.74433681
64.185,12.74473715
64.19,12.74668995
64.195,12.74450156
64.2,12.7410703
64.205,12.74218694
64.21,12.74379705
64.215,12.74222681
64.22,12.7416427
64.225,12.74302632
64.23,12.74272765
64.235,12.74281622
64.24,12.74489564
64.245,12.74463305
64.25,12.74248349
64.255,12.74385331
64.26,12.74538619
64.265,12.74235317
64.27,12.73997219
64.275,12.74164952
64.28,12.74231203
64.285,12.74062113
64.29,12.74065948
64.295,12.74044643
64.3,12.73911291
64.305,12.74084825
64.31,12.74378095
64.315,12.74235374
64.32,12.74003099
64.325,12.74134714
64.33,12.74159011
64.335,12.73888138
64.34,12.73834029
64.345,12.73994792
64.35,12.73933537
64.355,12.73880573
64.36,12.73981271
64.365,12.73892286
64.37,12.73772056
64.375,12.74010477
64.38,12.74155517
64.385,12.73840071
64.39,12.73682066
64.395,12.73885792
64.4,12.73900532
64.405,12.73704422
64.41,12.73671688
64.415,12.73596748
64.42,12.73433318
64.425,12.73537078
64.43,12.73719464
64.435,12.73610084
64.44,12.73598007
64.445,12.73915601
64.45,12.73969168
64.455,12.73689974
64.46,12.73621682
64.465,12.73743308
64.47,12.73716935
64.475,12.73745154
64.48,12.7383266
64.485,12.7366721
64.49,12.73549931
64.495,12.73786769
64.5,12.73888874
64.505,12.73635854
64.51,12.73609914
64.515,12.73820262
64.52,12.73774402
64.525,12.73624829
64.53,12.73724768
64.535,12.73809961
64.54,12.73756624
64.545,12.73824769
64.55,12.73826018
64.555,12.73595976
64.56,12.73587396
64.565,12.73916878
64.57,12.73992891
64.575,12.73815051
64.58,12.73869252
64.585,12.7403707
64.59,12.74032268
64.595,12.74034271
64.6,12.74043697
64.605,12.73862259
64.61,12.73791519
64.615,12.7396627
64.62,12.73969975
64.625,12.73788647
64.63,12.73904912
64.635,12.74152261
64.64,12.74077548
64.645,12.73916843
64.65,12.73955083
64.655,12.73980106
64.66,12.73963488
64.665,12.74060217
64.67,12.73995538
64.675,12.73725624
64.68,12.73689337
64.685,12.73857614
64.69,12.73767478
64.695,12.73571386
64.7,12.73644121
64.705,12.73739284
64.71,12.73651166
64.715,12.73632683
64.72,12.73703437
64.725,12.73671216
64.73,12.73711005
64.735,12.73788773
64.74,12.73554198
64.745,12.7320487
64.75,12.73217027
64.755,12.73354147
64.76,12.73240976
64.765,12.73167774
64.77,12.73290885
64.775,12.73404193
64.78,12.73539829
64.785,12.7376329
64.79,12.73789788
64.795,12.73641227
64.8,12.7366645
64.805,12.73701649
64.81,12.73461571
64.815,12.73298366
64.82,12.73491017
64.825,12.73649728
64.83,12.73608103
64.835,12.73591847
64.84,12.73608672
64.845,12.73575678
64.85,12.73655504
64.855,12.73730377
64.86,12.73492338
64.865,12.73239758
64.87,12.73279569
64.875,12.73299402
64.88,12.73091017
64.885,12.7298016
64.89,12.73020251
64.895,12.72962545
64.9,12.72875039
64.905,12.72848628
64.91,12.72735016
64.915,12.72668638
64.92,12.72850636
64.925,12.72902429
64.93,12.72626429
64.935,12.72467926
64.94,12.72600704
64.945,12.72615852
64.95,12.7248264
64.955,12.72482424
64.96,12.72515125
64.965,12.72510753
64.97,12.72646032
64.975,12.72786208
64.98,12.72709481
64.985,12.72702061
64.99,12.72885122
64.995,12.72852799
65,12.7253379
65.005,12.72400995
65.01,12.72504132
65.015,12.72526012
65.02,12.72497324
65.025,12.72466447
65.03,12.72336319
65.035,12.7226986
65.04,12.72434407
65.045,12.72485597
65.05,12.72280098
65.055,12.72219289
65.06,12.72342615
65.065,12.72319978
65.07,12.72208155
65.075,12.72224966
65.08,12.72238879
65.085,12.72196804
65.09,12.72211547
65.095,12.72174026
65.1,12.72050342
65.105,12.72125351
65.11,12.72366777
65.115,12.72350095
65.12,12.72118884
65.125,12.7207354
65.13,12.72171911
65.135,12.72160997
65.14,12.72125771
65.145,12.7211297
65.15,12.72024356
65.155,12.71981492
65.16,12.72074449
65.165,12.72047843
65.17,12.71895399
65.175,12.71986028
65.18,12.72209011
65.185,12.72189299
65.19,12.72047202
65.195,12.72070701
65.2,12.72142588
65.205,12.72166056
65.21,12.72204099
65.215,12.72121134
65.22,12.7193846
65.225,12.71953625
65.23,12.72134116
65.235,12.72134996
65.24,12.72040135
65.245,12.72113275
65.25,12.72207573
65.255,12.72136007
65.26,12.72073443
65.265,12.72135043
65.27,12.72216112
65.275,12.72327912
65.28,12.72425535
65.285,12.7233418
65.29,12.72190882
65.295,12.72282327
65.3,12.72421525
65.305,12.72306569
65.31,12.72073303
65.315,12.71961074
65.32,12.71896185
65.325,12.71828675
65.33,12.71791551
65.335,12.71706356
65.34,12.71622922
65.345,12.71656278
65.35,12.71686709
65.355,12.71524172
65.36,12.71389557
65.365,12.71508784
65.37,12.71640742
65.375,12.71594128
65.38,12.71512811
65.385,12.71474884
65.39,12.71460332
65.395,12.7152365
65.4,12.71551633
65.405,12.71403381
65.41,12.71289707
65.415,12.71404732
65.42,12.71505581
65.425,12.71419515
65.43,12.71365002
65.435,12.71459025
65.44,12.71512321
65.445,12.71457766
65.45,12.71355021
65.455,12.71230231
65.46,12.71179607
65.465,12.71254804
65.47,12.71264673
65.475,12.71103017
65.48,12.7103962
65.485,12.71184298
65.49,12.71305294
65.495,12.71263019
65.5,12.71180603
65.505,12.71129768
65.51,12.71097969
65.515,12.71093072
65.52,12.71031113
65.525,12.70889241
65.53,12.70855082
65.535,12.70944791
65.54,12.70912493
65.545,12.70773715
65.55,12.70784188
65.555,12.70958075
65.56,12.71058289
65.565,12.71040098
65.57,12.70961769
65.575,12.70879885
65.58,12.70915916
65.585,12.71059
65.59,12.71069657
65.595,12.70913865
65.6,12.70883424
65.605,12.7097645
65.61,12.70980336
65.615,12.70911144
65.62,12.70947221
65.625,12.7104251
65.63,12.71124736
65.635,12.71193948
65.64,12.71164877
65.645,12.71110663
65.65,12.7121924
65.655,12.7140218
65.66,12.71358601
65.665,12.71184408
65.67,12.71192359
65.675,12.71346993
65.68,12.71435289
65.685,12.71496734
65.69,12.71547713
65.695,12.71576521
65.7,12.71658408
65.705,12.71752959
65.71,12.71714132
65.715,12.71599359
65.72,12.71641472
65.725,12.71693465
65.73,12.71539507
65.735,12.71315142
65.74,12.71270992
65.745,12.71360349
65.75,12.71467891
65.755,12.71526842
65.76,12.71463528
65.765,12.71374829
65.77,12.71413962
65.775,12.71491501
65.78,12.7138732
65.785,12.71220455
65.79,12.71153949
65.795,12.71115643
65.8,12.71008929
65.805,12.70924783
65.81,12.70916579
65.815,12.70947936
65.82,12.71014263
65.825,12.7102901
65.83,12.70919668
65.835,12.70860726
65.84,12.71012983
65.845,12.71124024
65.85,12.7103964
65.855,12.70914255
65.86,12.70894637
65.865,12.70901335
65.87,12.70901395
65.875,12.70914796
65.88,12.70881401
65.885,12.70886873
65.89,12.70990083
65.895,12.71054755
65.9,12.70954945
65.905,12.70914921
65.91,12.71061534
65.915,12.71180373
65.92,12.7110944
65.925,12.70968487
65.93,12.70902464
65.935,12.70921462
65.94,12.70987133
65.945,12.70975915
65.95,12.70825639
65.955,12.70689087
65.96,12.70695145
65.965,12.70671323
65.97,12.70535193
65.975,12.70431006
65.98,12.70427511
65.985,12.70394389
65.99,12.70299174
65.995,12.70194127
66,12.70128234
66.005,12.70181785
66.01,12.70272127
66.015,12.70237067
66.02,12.70078061
66.025,12.70021416
66.03,12.70128206
66.035,12.70220775
66.04,12.70181084
66.045,12.7011716
66.05,12.70131447
66.055,12.70206886
66.06,12.70261177
66.065,12.70209845
66.07,12.7012329
66.075,12.70132263
66.08,12.70206002
66.085,12.70183682
66.09,12.70092367
66.095,12.70098005
66.1,12.70223034
66.105,12.70307882
66.11,12.70275817
66.115,12.70179717
66.12,12.7014734
66.125,12.7023802
66.13,12.70349318
66.135,12.70355248
66.14,12.70297934
66.145,12.70347446
66.15,12.70463042
66.155,12.70507418
66.16,12.7046534
66.165,12.70446873
66.17,12.70510709
66.175,12.70588041
66.18,12.7058082
66.185,12.70495663
66.19,12.70456675
66.195,12.70561183
66.2,12.70679908
66.205,12.70655762
66.21,12.7058412
66.215,12.70601427
66.22,12.70718655
66.225,12.70806739
66.23,12.70795905
66.235,12.70712386
66.24,12.70667338
66.245,12.70693648
66.25,12.70684236
66.255,12.70597414
66.26,12.70559399
66.265,12.70654968
66.27,12.70723649
66.275,12.70647487
66.28,12.70503657
66.285,12.7045736
66.29,12.70520497
66.295,12.70609316
66.3,12.70606704
66.305,12.70503265
66.31,12.70496382
66.315,12.706595
66.32,12.7081329
66.325,12.70801889
66.33,12.70717906
66.335,12.70675656
66.34,12.70648855
66.345,12.70573666
66.35,12.70463033
66.355,12.70348572
66.36,12.70311142
66.365,12.70320492
66.37,12.70239113
66.375,12.70091217
66.38,12.70035999
66.385,12.70115737
66.39,12.70161047
66.395,12.70103782
66.4,12.70026741
66.405,12.70026203
66.41,12.70111568
66.415,12.7022702
66.42,12.70262932
66.425,12.70242328
66.43,12.70297891
66.435,12.70379729
66.44,12.70373476
66.445,12.70313909
66.45,12.70351634
66.455,12.70453408
66.46,12.7049832
66.465,12.70428416
66.47,12.70294584
66.475,12.70217904
66.48,12.70291453
66.485,12.70400208
66.49,12.70349368
66.495,12.70183975
66.5,12.70100551
66.505,12.70136996
66.51,12.70113951
66.515,12.70028958
66.52,12.69939198
66.525,12.69873908
66.53,12.69829279
66.535,12.69783618
66.54,12.69704849
66.545,12.69639882
66.55,12.69697236
66.555,12.69759063
66.56,12.69685031
66.565,12.6955826
66.57,12.69576277
66.575,12.69673922
66.58,12.69718014
66.585,12.69675568
66.59,12.69573879
66.595,12.69489332
66.6,12.69483952
66.605,12.6949812
66.61,12.69420027
66.615,12.69363244
66.62,12.69426543
66.625,12.69507809
66.63,12.69459997
66.635,12.69394881
66.64,12.69422608
66.645,12.69508163
66.65,12.69568645
66.655,12.69545737
66.66,12.6945164
66.665,12.69414361
66.67,12.6957327
66.675,12.69712018
66.68,12.69676785
66.685,12.69595168
66.69,12.69622661
66.695,12.69689421
66.7,12.69721838
66.705,12.69764536
66.71,12.69818549
66.715,12.69917071
66.72,12.70074588
66.725,12.7018946
66.73,12.70164942
66.735,12.70192394
66.74,12.70337183
66.745,12.70373116
66.75,12.70218701
66.755,12.70103108
66.76,12.70147232
66.765,12.70242295
66.77,12.70344538
66.775,12.70394594
66.78,12.70360079
66.785,12.70343008
66.79,12.70436295
66.795,12.70486383
66.8,12.70419427
66.805,12.7040612
66.81,12.7049391
66.815,12.70489617
66.82,12.70347914
66.825,12.70228712
66.83,12.70160226
66.835,12.70163549
66.84,12.70200324
66.845,12.70153922
66.85,12.70023087
66.855,12.70018198
66.86,12.70174463
66.865,12.70232282
66.87,12.70150118
66.875,12.70087014
66.88,12.70044155
66.885,12.69942297
66.89,12.69869689
66.895,12.69817832
66.9,12.69745868
66.905,12.69752933
66.91,12.69839824
66.915,12.69816674
66.92,12.69710547
66.925,12.69787092
66.93,12.69959982
66.935,12.69982434
66.94,12.69862643
66.945,12.69744107
66.95,12.69647902
66.955,12.69601592
66.96,12.6965209
66.965,12.6968137
66.97,12.6964577
66.975,12.6971702
66.98,12.69886603
66.985,12.69936075
66.99,12.69928269
66.995,12.70024867
67,12.70134974
67.005,12.70098072
67.01,12.69989282
67.015,12.69881876
67.02,12.69768848
67.025,12.69763529
67.03,12.69807015
67.035,12.6970696
67.04,12.69538756
67.045,12.69574036
67.05,12.69723668
67.055,12.6976661
67.06,12.69772789
67.065,12.69827338
67.07,12.69837112
67.075,12.69795579
67.08,12.69797155
67.085,12.69748365
67.09,12.69667644
67.095,12.69706017
67.1,12.69774405
67.105,12.69657641
67.11,12.69545906
67.115,12.69656223
67.12,12.69806467
67.125,12.6984217
67.13,12.69842716
67.135,12.69833076
67.14,12.6977743
67.145,12.6981556
67.15,12.69879829
67.155,12.69811067
67.16,12.69715028
67.165,12.69787444
67.17,12.69848785
67.175,12.69768085
67.18,12.69804904
67.185,12.70016669
67.19,12.70186578
67.195,12.70228437
67.2,12.70240552
67.205,12.70156582
67.21,12.70080047
67.215,12.70174087
67.22,12.70255709
67.225,12.70094778
67.23,12.69905694
67.235,12.69945054
67.24,12.69988453
67.245,12.69921936
67.25,12.69914978
67.255,12.69977392
67.26,12.69937999
67.265,12.69889327
67.27,12.69873167
67.275,12.69778271
67.28,12.69721591
67.285,12.6984584
67.29,12.69896453
67.295,12.69701926
67.3,12.69570933
67.305,12.69633598
67.31,12.69700904
67.315,12.69706135
67.32,12.6972808
67.325,12.69669306
67.33,12.69615715
67.335,12.69744925
67.34,12.6988917
67.345,12.6985741
67.35,12.69859423
67.355,12.69979921
67.36,12.69936127
67.365,12.69766516
67.37,12.6975249
67.375,12.69882184
67.38,12.69960235
67.385,12.7005836
67.39,12.70139953
67.395,12.70077362
67.4,12.70066933
67.405,12.70264037
67.41,12.70386351
67.415,12.70256623
67.42,12.70172452
67.425,12.70230897
67.43,12.70234337
67.435,12.70235295
67.44,12.70379413
67.445,12.70489543
67.45,12.70516031
67.455,12.70588403
67.46,12.70601527
67.465,12.70474123
67.47,12.70489797
67.475,12.70706257
67.48,12.70737304
67.485,12.70590485
67.49,12.70551657
67.495,12.70568329
67.5,12.70513217
67.505,12.70503161
67.51,12.70493055
67.515,12.70353357
67.52,12.70294767
67.525,12.70454784
67.53,12.70527916
67.535,12.70455306
67.54,12.70547342
67.545,12.70684912
67.55,12.7056778
67.555,12.70370197
67.56,12.70330996
67.565,12.70315445
67.57,12.7032165
67.575,12.70443427
67.58,12.70467312
67.585,12.70318416
67.59,12.7031257
67.595,12.70442325
67.6,12.70365171
67.605,12.7016175
67.61,12.70093439
67.615,12.70058785
67.62,12.69948515
67.625,12.69967212
67.63,12.70082212
67.635,12.70093306
67.64,12.70134738
67.645,12.70218934
67.65,12.70083797
67.655,12.69837205
67.66,12.69836274
67.665,12.69917986
67.67,12.69761934
67.675,12.69573802
67.68,12.69529177
67.685,12.69483512
67.69,12.69491129
67.695,12.69670946
67.7,12.69764148
67.705,12.69674871
67.71,12.69730706
67.715,12.69878137
67.72,12.69822528
67.725,12.69751959
67.73,12.69919314
67.735,12.70022939
67.74,12.69906335
67.745,12.69834755
67.75,12.69812844
67.755,12.69732075
67.76,12.69758474
67.765,12.69888115
67.77,12.69799223
67.775,12.69636818
67.78,12.69734767
67.785,12.69878171
67.79,12.69837048
67.795,12.69839233
67.8,12.6991754
67.805,12.69826534
67.81,12.6968027
67.815,12.69658397
67.82,12.69575302
67.825,12.69439356
67.83,12.69522045
67.835,12.69592195
67.84,12.69399986
67.845,12.69293474
67.85,12.69490418
67.855,12.69592904
67.86,12.69483486
67.865,12.69419552
67.87,12.69316866
67.875,12.69110061
67.88,12.69078756
67.885,12.69231662
67.89,12.69200542
67.895,12.6912921
67.9,12.69276733
67.905,12.69357388
67.91,12.69199174
67.915,12.6917786
67.92,12.69325376
67.925,12.69298037
67.93,12.69179441
67.935,12.69147982
67.94,12.69046025
67.945,12.68931288
67.95,12.69091989
67.955,12.69224733
67.96,12.69075069
67.965,12.68970425
67.97,12.69091104
67.975,12.69102345
67.98,12.69036854
67.985,12.6918525
67.99,12.69303928
67.995,12.69227194
68,12.69235775
68.005,12.69347401
68.01,12.69289373
68.015,12.69314253
68.02,12.69553884
68.025,12.69618656
68.03,12.69416078
68.035,12.69398035
68.04,12.69579403
68.045,12.69596498
68.05,12.69583434
68.055,12.69637073
68.06,12.69524188
68.065,12.69335355
68.07,12.69399578
68.075,12.69478865
68.08,12.69386092
68.085,12.69445483
68.09,12.6968218
68.095,12.69673923
68.1,12.695788
68.105,12.69739628
68.11,12.69889546
68.115,12.69881821
68.12,12.69901259
68.125,12.69898438
68.13,12.6966425
68.135,12.69581909
68.14,12.6976421
68.145,12.69751695
68.15,12.69524406
68.155,12.69535733
68.16,12.69670158
68.165,12.69601327
68.17,12.69648345
68.175,12.69866276
68.18,12.69929462
68.185,12.69856533
68.19,12.69936133
68.195,12.69909168
68.2,12.69712582
68.205,12.69767916
68.21,12.69991305
68.215,12.69958332
68.22,12.69800548
68.225,12.69888281
68.23,12.69983663
68.235,12.69998839
68.24,12.70128358
68.245,12.7022633
68.25,12.70080667
68.255,12.70021983
68.26,12.70126409
68.265,12.70041596
68.27,12.69892997
68.275,12.69965967
68.28,12.7001575
68.285,12.69820659
68.29,12.69789551
68.295,12.69943269
68.3,12.70001381
68.305,12.70063261
68.31,12.70236715
68.315,12.70176973
68.32,12.6991753
68.325,12.69931393
68.33,12.70050452
68.335,12.69917454
68.34,12.69781395
68.345,12.69897306
68.35,12.69904836
68.355,12.69836215
68.36,12.69988527
68.365,12.70174934
68.37,12.70153938
68.375,12.70182558
68.38,12.70275138
68.385,12.70106373
68.39,12.69970364
68.395,12.70144945
68.4,12.70276613
68.405,12.70151054
68.41,12.70128532
68.415,12.70157534
68.42,12.70049362
68.425,12.70063128
68.43,12.70285977
68.435,12.70337086
68.44,12.70260921
68.445,12.70448676
68.45,12.70585367
68.455,12.70485017
68.46,12.70517248
68.465,12.70734096
68.47,12.70655797
68.475,12.70419279
68.48,12.70399915
68.485,12.70377843
68.49,12.70321107
68.495,12.70511103
68.5,12.70756901
68.505,12.70654258
68.51,12.70560912
68.515,12.70716451
68.52,12.70755887
68.525,12.70597266
68.53,12.70589636
68.535,12.70595746
68.54,12.70384927
68.545,12.70298968
68.55,12.70400523
68.555,12.70391581
68.56,12.70401479
68.565,12.7064241
68.57,12.70662834
68.575,12.70409524
68.58,12.70398939
68.585,12.70603396
68.59,12.70584612
68.595,12.70527336
68.6,12.70659158
68.605,12.70637677
68.61,12.70536258
68.615,12.70693474
68.62,12.70848414
68.625,12.70649984
68.63,12.70564285
68.635,12.70693798
68.64,12.70587232
68.645,12.70389157
68.65,12.70537091
68.655,12.70756498
68.66,12.70695747
68.665,12.70716432
68.67,12.70785139
68.675,12.70641189
68.68,12.7055475
68.685,12.7074322
68.69,12.70721963
68.695,12.70427675
68.7,12.70381439
68.705,12.70463829
68.71,12.70367943
68.715,12.70387612
68.72,12.70636026
68.725,12.70648216
68.73,12.70552662
68.735,12.70650721
68.74,12.7066486
68.745,12.70462896
68.75,12.70501602
68.755,12.70696644
68.76,12.70514589
68.765,12.70300098
68.77,12.70463277
68.775,12.7062323
68.78,12.70548296
68.785,12.70639124
68.79,12.70738347
68.795,12.70521962
68.8,12.70406872
68.805,12.70585778
68.81,12.70594898
68.815,12.70458553
68.82,12.70611254
68.825,12.70717418
68.83,12.70491961
68.835,12.70387285
68.84,12.7053165
68.845,12.70481512
68.85,12.70331046
68.855,12.703722
68.86,12.70275049
68.865,12.70024975
68.87,12.70090266
68.875,12.70322246
68.88,12.7026311
68.885,12.70202356
68.89,12.70393005
68.895,12.70435821
68.9,12.70327929
68.905,12.70497598
68.91,12.7071485
68.915,12.70662292
68.92,12.70718208
68.925,12.70913771
68.93,12.70856021
68.935,12.70738374
68.94,12.70962106
68.945,12.71096615
68.95,12.70884921
68.955,12.70829242
68.96,12.70955782
68.965,12.70950693
68.97,12.7098146
68.975,12.71209164
68.98,12.7120317
68.985,12.70987817
68.99,12.70991411
68.995,12.71056654
69,12.7092136
69.005,12.70914348
69.01,12.71110342
69.015,12.7104309
69.02,12.70873985
69.025,12.70911353
69.03,12.70935945
69.035,12.70791716
69.04,12.70839339
69.045,12.70944258
69.05,12.70737465
69.055,12.70626455
69.06,12.70839494
69.065,12.70927118
69.07,12.70764179
69.075,12.70806035
69.08,12.70855878
69.085,12.70654356
69.09,12.70582059
69.095,12.70811699
69.1,12.70870122
69.105,12.70800135
69.11,12.70968989
69.115,12.71007554
69.12,12.70768184
69.125,12.70696494
69.13,12.70867578
69.135,12.70761725
69.14,12.70588897
69.145,12.70625715
69.15,12.70578782
69.155,12.70418541
69.16,12.70501563
69.165,12.70660997
69.17,12.70533007
69.175,12.70491103
69.18,12.70596635
69.185,12.70509384
69.19,12.70319492
69.195,12.70444213
69.2,12.7053571
69.205,12.70363574
69.21,12.70305108
69.215,12.70372966
69.22,12.7028533
69.225,12.70239459
69.23,12.70492388
69.235,12.70518931
69.24,12.70292283
69.245,12.70283874
69.25,12.7046125
69.255,12.70383725
69.26,12.7033199
69.265,12.70482683
69.27,12.70432057
69.275,12.70267834
69.28,12.70352813
69.285,12.70506527
69.29,12.70403546
69.295,12.70471606
69.3,12.70634819
69.305,12.70529273
69.31,12.70362757
69.315,12.70527302
69.32,12.706723
69.325,12.70594033
69.33,12.7066907
69.335,12.70709242
69.34,12.70502881
69.345,12.7036975
69.35,12.70514994
69.355,12.70439498
69.36,12.70253072
69.365,12.70343632
69.37,12.70466004
69.375,12.70334922
69.38,12.70338102
69.385,12.70584341
69.39,12.70584519
69.395,12.70483811
69.4,12.70536839
69.405,12.70492167
69.41,12.70207603
69.415,12.70217939
69.42,12.70410594
69.425,12.70320656
69.43,12.70212071
69.435,12.70376857
69.44,12.70460069
69.445,12.7036019
69.45,12.70492828
69.455,12.70607438
69.46,12.70419514
69.465,12.70261202
69.47,12.70336085
69.475,12.70239382
69.48,12.70138973
69.485,12.70352451
69.49,12.70466256
69.495,12.70276081
69.5,12.70197631
69.505,12.70296905
69.51,12.70153164
69.515,12.70028717
69.52,12.70114308
69.525,12.70045314
69.53,12.69815109
69.535,12.69900367
69.54,12.70103114
69.545,12.70008436
69.55,12.69960608
69.555,12.70099974
69.56,12.70013477
69.565,12.69746263
69.57,12.69807499
69.575,12.69940718
69.58,12.69864327
69.585,12.69874503
69.59,12.69970683
69.595,12.69807515
69.6,12.69611947
69.605,12.69743313
69.61,12.69801073
69.615,12.69649012
69.62,12.69672379
69.625,12.69823463
69.63,12.69769099
69.635,12.69798928
69.64,12.70054438
69.645,12.70114558
69.65,12.70023037
69.655,12.70092694
69.66,12.70108093
69.665,12.69885071
69.67,12.69914238
69.675,12.701882
69.68,12.70214731
69.685,12.70120459
69.69,12.70260986
69.695,12.70372945
69.7,12.70304556
69.705,12.70460917
69.71,12.70658235
69.715,12.70527328
69.72,12.70370732
69.725,12.70479245
69.73,12.70480676
69.735,12.70361811
69.74,12.70502151
69.745,12.70654277
69.75,12.7053775
69.755,12.70471716
69.76,12.70612072
69.765,12.7060227
69.77,12.70593226
69.775,12.7077271
69.78,12.70802158
69.785,12.70600212
69.79,12.70625033
69.795,12.70823474
69.8,12.70784094
69.805,12.70750605
69.81,12.70851515
69.815,12.70805996
69.82,12.70643491
69.825,12.70772182
69.83,12.70934301
69.835,12.70877075
69.84,12.70917588
69.845,12.7106629
69.85,12.70946393
69.855,12.70709663
69.86,12.707955
69.865,12.70862287
69.87,12.70771682
69.875,12.70825796
69.88,12.7099929
69.885,12.7094364
69.89,12.70917825
69.895,12.71118541
69.9,12.71128769
69.905,12.70943849
69.91,12.70908985
69.915,12.70908659
69.92,12.70684992
69.925,12.70658994
69.93,12.70855489
69.935,12.70891802
69.94,12.70806633
69.945,12.70905104
69.95,12.709467
69.955,12.70838096
69.96,12.70981209
69.965,12.71183884
69.97,12.71092219
69.975,12.70935531
69.98,12.71067288
69.985,12.71103605
69.99,12.7102748
69.995,12.71164293
70,12.71302883
70.005,12.71151722
70.01,12.71091436
70.015,12.71305392
70.02,12.71324197
70.025,12.71278467
70.03,12.71444133
70.035,12.71558256
70.04,12.71391335
70.045,12.71386832
70.05,12.71530434
70.055,12.71448758
70.06,12.71326695
70.065,12.71362749
70.07,12.71290607
70.075,12.71087438
70.08,12.71213195
70.085,12.71460383
70.09,12.715019
70.095,12.71564894
70.1,12.71779239
70.105,12.71769611
70.11,12.71642477
70.115,12.71743997
70.12,12.71821305
70.125,12.71717493
70.13,12.71747137
70.135,12.71910983
70.14,12.71816939
70.145,12.71746169
70.15,12.719327
70.155,12.72034063
70.16,12.71911563
70.165,12.71915543
70.17,12.71987126
70.175,12.71860155
70.18,12.71845669
70.185,12.7204783
70.19,12.72102084
70.195,12.71980682
70.2,12.72051994
70.205,12.7211451
70.21,12.71997581
70.215,12.72023401
70.22,12.72183527
70.225,12.72106274
70.23,12.71927117
70.235,12.71986861
70.24,12.72033333
70.245,12.71986601
70.25,12.72080938
70.255,12.72166905
70.26,12.71965563
70.265,12.718116
70.27,12.71912661
70.275,12.71948933
70.28,12.71921946
70.285,12.72089766
70.29,12.72255284
70.295,12.72178141
70.3,12.72210437
70.305,12.72376439
70.31,12.72346626
70.315,12.72239252
70.32,12.7230868
70.325,12.72303051
70.33,12.72110598
70.335,12.72134431
70.34,12.72308524
70.345,12.72317533
70.35,12.72315633
70.355,12.72478339
70.36,12.72519663
70.365,12.72431974
70.37,12.72547105
70.375,12.72694731
70.38,12.72634399
70.385,12.72606722
70.39,12.72702847
70.395,12.72633503
70.4,12.72545876
70.405,12.72702945
70.41,12.72852316
70.415,12.72830498
70.42,12.72894576
70.425,12.73003132
70.43,12.72915457
70.435,12.72893791
70.44,12.73051835
70.445,12.73068563
70.45,12.72920556
70.455,12.72944794
70.46,12.73007241
70.465,12.72912417
70.47,12.72921208
70.475,12.73052278
70.48,12.72972789
70.485,12.72786267
70.49,12.72822167
70.495,12.72874176
70.5,12.72835224
70.505,12.72902529
70.51,12.73026005
70.515,12.7290211
70.52,12.72742534
70.525,12.72820758
70.53,12.72891922
70.535,12.72892205
70.54,12.73000522
70.545,12.7311348
70.55,12.73022702
70.555,12.7303126
70.56,12.73205283
70.565,12.73253813
70.57,12.73215417
70.575,12.73336768
70.58,12.73399859
70.585,12.73287307
70.59,12.73327814
70.595,12.73439149
70.6,12.73366035
70.605,12.73245247
70.61,12.73314709
70.615,12.73276413
70.62,12.73148083
70.625,12.73230282
70.63,12.73398179
70.635,12.73384685
70.64,12.73353118
70.645,12.73452789
70.65,12.73388797
70.655,12.7327955
70.66,12.73358423
70.665,12.7346294
70.67,12.73402464
70.675,12.73463827
70.68,12.73644258
70.685,12.73673851
70.69,12.7371059
70.695,12.73920408
70.7,12.74052666
70.705,12.73980824
70.71,12.74019015
70.715,12.74093097
70.72,12.74063006
70.725,12.74130089
70.73,12.74340359
70.735,12.74361556
70.74,12.74272252
70.745,12.74401274
70.75,12.74567168
70.755,12.74586521
70.76,12.74701281
70.765,12.74897995
70.77,12.74846664
70.775,12.74777058
70.78,12.74894964
70.785,12.74956385
70.79,12.74850811
70.795,12.74872079
70.8,12.74916575
70.805,12.74725702
70.81,12.74632173
70.815,12.74774444
70.82,12.74849207
70.825,12.74808523
70.83,12.74912615
70.835,12.74963298
70.84,12.74845739
70.845,12.74872634
70.85,12.7505694
70.855,12.75080488
70.86,12.75069599
70.865,12.75240769
70.87,12.75284058
70.875,12.75172504
70.88,12.75225967
70.885,12.75377471
70.89,12.75316071
70.895,12.75245775
70.9,12.75284693
70.905,12.75169284
70.91,12.75022909
70.915,12.75159101
70.92,12.75333278
70.925,12.75257076
70.93,12.75248269
70.935,12.75351011
70.94,12.75285331
70.945,12.75169919
70.95,12.75252406
70.955,12.7526925
70.96,12.75111631
70.965,12.75120936
70.97,12.75228976
70.975,12.75180074
70.98,12.75152439
70.985,12.7526969
70.99,12.75177033
70.995,12.74907775
71,12.74842895
71.005,12.74869582
71.01,12.74804295
71.015,12.74896177
71.02,12.75121031
71.025,12.75128057
71.03,12.75107557
71.035,12.75310776
71.04,12.75408943
71.045,12.7527799
71.05,12.75298315
71.055,12.75387959
71.06,12.75269006
71.065,12.75220138
71.07,12.75406406
71.075,12.7550302
71.08,12.75492337
71.085,12.75657414
71.09,12.75750067
71.095,12.75597168
71.1,12.75585757
71.105,12.75795386
71.11,12.75847711
71.115,12.7582037
71.12,12.75986623
71.125,12.76058861
71.13,12.75946034
71.135,12.75973906
71.14,12.76077465
71.145,12.75944779
71.15,12.7584095
71.155,12.75952788
71.16,12.75918893
71.165,12.75799185
71.17,12.75949731
71.175,12.76161233
71.18,12.76104366
71.185,12.76078131
71.19,12.76161375
71.195,12.7605856
71.2,12.75956341
71.205,12.76142734
71.21,12.76286612
71.215,12.76215151
71.22,12.76328728
71.225,12.76564624
71.23,12.76614187
71.235,12.76671139
71.24,12.76901284
71.245,12.76932713
71.25,12.76783691
71.255,12.76814374
71.26,12.76885141
71.265,12.7681048
71.27,12.76856854
71.275,12.77056633
71.28,12.7699236
71.285,12.76833933
71.29,12.76901213
71.295,12.76980298
71.3,12.76903853
71.305,12.76971681
71.31,12.77136989
71.315,12.77070751
71.32,12.77038054
71.325,12.77205533
71.33,12.77238952
71.335,12.77104575
71.34,12.77163297
71.345,12.77224082
71.35,12.77064511
71.355,12.77021329
71.36,12.77190106
71.365,12.7719097
71.37,12.77078255
71.375,12.77142809
71.38,12.77099148
71.385,12.7689302
71.39,12.76906198
71.395,12.77085777
71.4,12.77048795
71.405,12.77018172
71.41,12.77180446
71.415,12.77201623
71.42,12.77071049
71.425,12.77144595
71.43,12.77285378
71.435,12.7717125
71.44,12.77089834
71.445,12.77119216
71.45,12.7701861
71.455,12.76926836
71.46,12.77137412
71.465,12.77280821
71.47,12.77110549
71.475,12.77048964
71.48,12.77138881
71.485,12.77107396
71.49,12.77113848
71.495,12.77344653
71.5,12.77411454
71.505,12.77317173
71.51,12.77420495
71.515,12.77571436
71.52,12.77504168
71.525,12.77515228
71.53,12.77677159
71.535,12.77580379
71.54,12.77368276
71.545,12.77390707
71.55,12.77468498
71.555,12.77386818
71.56,12.7745417
71.565,12.77611266
71.57,12.77545866
71.575,12.77497291
71.58,12.77693876
71.585,12.77770375
71.59,12.77628956
71.595,12.77676671
71.6,12.7777736
71.605,12.77671806
71.61,12.77630748
71.615,12.77824144
71.62,12.77875625
71.625,12.77818327
71.63,12.77935445
71.635,12.77964566
71.64,12.77786291
71.645,12.77820679
71.65,12.78094114
71.655,12.78123673
71.66,12.78047991
71.665,12.78140582
71.67,12.78129469
71.675,12.77958051
71.68,12.7802677
71.685,12.78179939
71.69,12.78079525
71.695,12.7803699
71.7,12.78184249
71.705,12.78139937
71.71,12.77962556
71.715,12.78075167
71.72,12.781734
71.725,12.77957406
71.73,12.77790348
71.735,12.77825741
71.74,12.77782494
71.745,12.77798555
71.75,12.78063768
71.755,12.78160488
71.76,12.78018122
71.765,12.78084328
71.77,12.78287619
71.775,12.7822445
71.78,12.78164397
71.785,12.78312675
71.79,12.78289719
71.795,12.78108327
71.8,12.78150963
71.805,12.78252238
71.81,12.78171262
71.815,12.78216837
71.82,12.78366332
71.825,12.78250913
71.83,12.78103593
71.835,12.78307433
71.84,12.78495585
71.845,12.78427734
71.85,12.78479898
71.855,12.78630966
71.86,12.78572698
71.865,12.78536327
71.87,12.78721764
71.875,12.78766383
71.88,12.78676821
71.885,12.78846479
71.89,12.79045194
71.895,12.78987653
71.9,12.79067021
71.905,12.7939043
71.91,12.79494886
71.915,12.79403795
71.92,12.79440249
71.925,12.79418582
71.93,12.79253243
71.935,12.79308446
71.94,12.79498711
71.945,12.79436901
71.95,12.79382529
71.955,12.79596057
71.96,12.79721186
71.965,12.79699999
71.97,12.799066
71.975,12.80164163
71.98,12.80143317
71.985,12.80130741
71.99,12.80260845
71.995,12.80224452
72,12.80147542
72.005,12.80312452
72.01,12.80348231
72.015,12.8009737
72.02,12.80029346
72.025,12.8021396
72.03,12.80254095
72.035,12.80274006
72.04,12.80485056
72.045,12.80559604
72.05,12.80496737
72.055,12.8063463
72.06,12.8078184
72.065,12.80634539
72.07,12.80555796
72.075,12.80668067
72.08,12.80579833
72.085,12.80368922
72.09,12.80417018
72.095,12.80537943
72.1,12.80497871
72.105,12.80569038
72.11,12.8066774
72.115,12.805238
72.12,12.80414911
72.125,12.80575601
72.13,12.80600721
72.135,12.80441594
72.14,12.80507991
72.145,12.80680153
72.15,12.80650564
72.155,12.8066395
72.16,12.80865315
72.165,12.80902958
72.17,12.80845627
72.175,12.80927586
72.18,12.80927337
72.185,12.80753108
72.19,12.80831072
72.195,12.81072109
72.2,12.81002491
72.205,12.80826635
72.21,12.80881779
72.215,12.80939416
72.22,12.80897815
72.225,12.81051691
72.23,12.81209716
72.235,12.81154934
72.24,12.81197892
72.245,12.81429499
72.25,12.81468823
72.255,12.8143185
72.26,12.81617398
72.265,12.81696231
72.27,12.81489724
72.275,12.81377415
72.28,12.81440017
72.285,12.81389052
72.29,12.81433433
72.295,12.81665803
72.3,12.8170497
72.305,12.81591323
72.31,12.81777376
72.315,12.82033061
72.32,12.81990905
72.325,12.81978461
72.33,12.82125674
72.335,12.82090598
72.34,12.81948354
72.345,12.82061822
72.35,12.82149566
72.355,12.82051465
72.36,12.82092687
72.365,12.82200943
72.37,12.82019713
72.375,12.81850408
72.38,12.82042685
72.385,12.8218764
72.39,12.82096226
72.395,12.82107283
72.4,12.82182567
72.405,12.82053164
72.41,12.82041274
72.415,12.82214401
72.42,12.82166953
72.425,12.82022768
72.43,12.82158698
72.435,12.82263637
72.44,12.82105296
72.445,12.82153314
72.45,12.82412262
72.455,12.82424723
72.46,12.82297757
72.465,12.82329819
72.47,12.8225917
72.475,12.82126127
72.48,12.82266732
72.485,12.8238568
72.49,12.82160034
72.495,12.82062383
72.5,12.82330367
72.505,12.82461055
72.51,12.82438828
72.515,12.82618465
72.52,12.82785091
72.525,12.82695198
72.53,12.82705077
72.535,12.82812252
72.54,12.82696589
72.545,12.82620167
72.55,12.82811831
72.555,12.8281555
72.56,12.82552307
72.565,12.82575701
72.57,12.82804734
72.575,12.82801409
72.58,12.82756008
72.585,12.82867085
72.59,12.82822218
72.595,12.82739999
72.6,12.82955106
72.605,12.83152123
72.61,12.83094949
72.615,12.83198318
72.62,12.83466165
72.625,12.83396584
72.63,12.83227289
72.635,12.83365305
72.64,12.83498758
72.645,12.83408438
72.65,12.83414469
72.655,12.83455124
72.66,12.83297513
72.665,12.83335808
72.67,12.83692654
72.675,12.83817812
72.68,12.8368023
72.685,12.83766192
72.69,12.83924671
72.695,12.83876808
72.7,12.83919006
72.705,12.84117852
72.71,12.84132672
72.715,12.84076017
72.72,12.84168238
72.725,12.84115447
72.73,12.83921009
72.735,12.8400843
72.74,12.84184396
72.745,12.83991504
72.75,12.83740331
72.755,12.83776578
72.76,12.83799343
72.765,12.83759998
72.77,12.83901391
72.775,12.83942661
72.78,12.83732774
72.785,12.83751089
72.79,12.83970226
72.795,12.83903766
72.8,12.83775303
72.805,12.83985991
72.81,12.84156958
72.815,12.84042001
72.82,12.84029963
72.825,12.84141675
72.83,12.84089156
72.835,12.84043683
72.84,12.84114805
72.845,12.83943722
72.85,12.83670665
72.855,12.83793914
72.86,12.84046965
72.865,12.84003822
72.87,12.83993934
72.875,12.84181561
72.88,12.84200165
72.885,12.84116273
72.89,12.84178583
72.895,12.84158383
72.9,12.84007866
72.905,12.84081727
72.91,12.84187552
72.915,12.84000912
72.92,12.83944038
72.925,12.84268323
72.93,12.84460235
72.935,12.8436056
72.94,12.8437474
72.945,12.84450599
72.95,12.84416823
72.955,12.8454895
72.96,12.848054
72.965,12.84747517
72.97,12.84628918
72.975,12.84846485
72.98,12.8497861
72.985,12.84834647
72.99,12.84922715
72.995,12.85245209
73,12.85321687
73.005,12.85307854
73.01,12.85456223
73.015,12.85509261
73.02,12.85491063
73.025,12.85673688
73.03,12.85705856
73.035,12.85340902
73.04,12.85135045
73.045,12.8529604
73.05,12.85322186
73.055,12.85203879
73.06,12.85351266
73.065,12.8552469
73.07,12.8550925
73.075,12.85637497
73.08,12.85822407
73.085,12.85710338
73.09,12.85662985
73.095,12.85914515
73.1,12.85906055
73.105,12.85601742
73.11,12.85621304
73.115,12.85867246
73.12,12.85823267
73.125,12.85722377
73.13,12.85782415
73.135,12.85709265
73.14,12.85621078
73.145,12.85824093
73.15,12.85935807
73.155,12.85740809
73.16,12.85771448
73.165,12.86007866
73.17,12.85917395
73.175,12.8571763
73.18,12.8583863
73.185,12.85944291
73.19,12.8583208
73.195,12.85815535
73.2,12.85783265
73.205,12.85554955
73.21,12.85580925
73.215,12.85896209
73.22,12.85832352
73.225,12.85494742
73.23,12.85503315
73.235,12.85599717
73.24,12.85390693
73.245,12.85268088
73.25,12.85319397
73.255,12.85153771
73.26,12.85007457
73.265,12.85180055
73.27,12.85241709
73.275,12.8510063
73.28,12.85297139
73.285,12.85598026
73.29,12.85387894
73.295,12.85054998
73.3,12.85066899
73.305,12.85058545
73.31,12.84909065
73.315,12.84973457
73.32,12.85039711
73.325,12.84918474
73.33,12.85072359
73.335,12.85453119
73.34,12.85494666
73.345,12.85409907
73.35,12.85687541
73.355,12.85909347
73.36,12.85772906
73.365,12.85756614
73.37,12.85927972
73.375,12.85906015
73.38,12.85872389
73.385,12.85959409
73.39,12.85759639
73.395,12.85478914
73.4,12.8569554
73.405,12.86034221
73.41,12.85937471
73.415,12.85862328
73.42,12.86096359
73.425,12.86193081
73.43,12.86174819
73.435,12.86372837
73.44,12.86462011
73.445,12.8629983
73.45,12.86336648
73.455,12.86428107
73.46,12.86201484
73.465,12.86100437
73.47,12.86475641
73.475,12.86680553
73.48,12.86495817
73.485,12.86481263
73.49,12.86618457
73.495,12.86585646
73.5,12.86622924
73.505,12.86744824
73.51,12.86520256
73.515,12.86271584
73.52,12.86463839
73.525,12.86591462
73.53,12.86331912
73.535,12.86316042
73.54,12.86591112
73.545,12.86565435
73.55,12.86414909
73.555,12.8651129
73.56,12.86561805
73.565,12.86498396
73.57,12.86659733
73.575,12.86691837
73.58,12.86273564
73.585,12.86037682
73.59,12.86257932
73.595,12.86257828
73.6,12.85991858
73.605,12.86002404
73.61,12.86128166
73.615,12.86102515
73.62,12.86216328
73.625,12.86458058
73.63,12.86426188
73.635,12.86455184
73.64,12.86759142
73.645,12.86753994
73.65,12.86415457
73.655,12.86430284
73.66,12.86713029
73.665,12.86684444
73.67,12.86578984
73.675,12.86632342
73.68,12.86562583
73.685,12.86511835
73.69,12.8680703
73.695,12.86933372
73.7,12.86644388
73.705,12.86605846
73.71,12.86870545
73.715,12.8679646
73.72,12.86583631
73.725,12.86783048
73.73,12.8697223
73.735,12.86877733
73.74,12.86911663
73.745,12.87033028
73.75,12.86937168
73.755,12.87014155
73.76,12.873382
73.765,12.87258715
73.77,12.8690074
73.775,12.8697284
73.78,12.87261479
73.785,12.87229395
73.79,12.87225598
73.795,12.87414055
73.8,12.87441695
73.805,12.87458017
73.81,12.8772765
73.815,12.87825335
73.82,12.87687467
73.825,12.87920361
73.83,12.88269058
73.835,12.88097767
73.84,12.87834819
73.845,12.88010901
73.85,12.88155687
73.855,12.88050747
73.86,12.88058738
73.865,12.88007397
73.87,12.87714253
73.875,12.87697909
73.88,12.87967198
73.885,12.87887187
73.89,12.87703607
73.895,12.87952607
73.9,12.88167864
73.905,12.87977041
73.91,12.87934091
73.915,12.88146745
73.92,12.88154927
73.925,12.88098376
73.93,12.88160067
73.935,12.87981833
73.94,12.87742461
73.945,12.88010905
73.95,12.88311707
73.955,12.88070988
73.96,12.87859663
73.965,12.88062904
73.97,12.88156745
73.975,12.88066119
73.98,12.88203274
73.985,12.88290016
73.99,12.88159438
73.995,12.88266398
74,12.88470909
74.005,12.88276134
74.01,12.8810996
74.015,12.88410364
74.02,12.88546759
74.025,12.8824612
74.03,12.88167663
74.035,12.88402009
74.04,12.88465541
74.045,12.88519924
74.05,12.8867556
74.055,12.88542511
74.06,12.88356159
74.065,12.88583135
74.07,12.88767283
74.075,12.88535086
74.08,12.88502557
74.085,12.88833827
74.09,12.88934701
74.095,12.88869565
74.1,12.89049829
74.105,12.89219674
74.11,12.89258277
74.115,12.89444672
74.12,12.89511865
74.125,12.89192184
74.13,12.89081903
74.135,12.89446779
74.14,12.89560229
74.145,12.89311539
74.15,12.8932621
74.155,12.89504558
74.16,12.89486599
74.165,12.8958599
74.17,12.89811677
74.175,12.89750984
74.18,12.89686186
74.185,12.89938806
74.19,12.89973179
74.195,12.89674122
74.2,12.89779762
74.205,12.9016608
74.21,12.90133766
74.215,12.898942
74.22,12.89903664
74.225,12.89925553
74.23,12.89918081
74.235,12.90157129
74.24,12.9025267
74.245,12.89988924
74.25,12.89988229
74.255,12.90312022
74.26,12.90241201
74.265,12.89922153
74.27,12.89942938
74.275,12.90035254
74.28,12.8988244
74.285,12.89845877
74.29,12.89979412
74.295,12.89970764
74.3,12.90110656
74.305,12.9043253
74.31,12.90312877
74.315,12.89849375
74.32,12.89802106
74.325,12.89968292
74.33,12.8973025
74.335,12.89457745
74.34,12.89509303
74.345,12.89529285
74.35,12.89515508
74.355,12.89740659
74.36,12.89832148
74.365,12.89709543
74.37,12.89917191
74.375,12.90244131
74.38,12.9006785
74.385,12.89812048
74.39,12.90053904
74.395,12.90307063
74.4,12.90260041
74.405,12.90278967
74.41,12.90297125
74.415,12.90156079
74.42,12.90268277
74.425,12.90577622
74.43,12.90476836
74.435,12.9023448
74.44,12.90476396
74.445,12.90744142
74.45,12.90589518
74.455,12.90566362
74.46,12.9083055
74.465,12.90882839
74.47,12.90803571
74.475,12.90878095
74.48,12.90811406
74.485,12.9067222
74.49,12.90961087
74.495,12.9126294
74.5,12.91001043
74.505,12.90773478
74.51,12.91065159
74.515,12.91265234
74.52,12.91145939
74.525,12.9114285
74.53,12.91153904
74.535,12.90996989
74.54,12.91071634
74.545,12.91317423
74.55,12.9123209
74.555,12.912314
74.56,12.91695064
74.565,12.9195511
74.57,12.91721326
74.575,12.91655897
74.58,12.91874783
74.585,12.91890666
74.59,12.9183049
74.595,12.91834686
74.6,12.91596888
74.605,12.91337688
74.61,12.91539548
74.615,12.9168602
74.62,12.91372408
74.625,12.91261903
74.63,12.91560259
74.635,12.91610464
74.64,12.91430587
74.645,12.91581924
74.65,12.9181333
74.655,12.91846479
74.66,12.91944307
74.665,12.91953257
74.67,12.91591597
74.675,12.9143839
74.68,12.91781922
74.685,12.91874256
74.69,12.91535694
74.695,12.91450503
74.7,12.91654743
74.705,12.91696293
74.71,12.91769479
74.715,12.9192817
74.72,12.91847645
74.725,12.91788883
74.73,12.92041424
74.735,12.92080983
74.74,12.91787752
74.745,12.91874367
74.75,12.9225277
74.755,12.92200913
74.76,12.91928819
74.765,12.91978793
74.77,12.92085929
74.775,12.92124396
74.78,12.92321141
74.785,12.92386138
74.79,12.92115878
74.795,12.92091293
74.8,12.9241959
74.805,12.9237008
74.81,12.9201882
74.815,12.92022763
74.82,12.92185688
74.825,12.92057178
74.83,12.9196086
74.835,12.92032722
74.84,12.92019665
74.845,12.92117593
74.85,12.92380704
74.855,12.9226045
74.86,12.91850276
74.865,12.91915728
74.87,12.92195731
74.875,12.92044942
74.88,12.91766398
74.885,12.91765517
74.89,12.91736919
74.895,12.91651893
74.9,12.91798034
74.905,12.9184572
74.91,12.91670515
74.915,12.91801497
74.92,12.92133364
74.925,12.92004949
74.93,12.91781831
74.935,12.92063531
74.94,12.92376494
74.945,12.92271105
74.95,12.92137791
74.955,12.92142013
74.96,12.92076707
74.965,12.92172843
74.97,12.92371079
74.975,12.92156518
74.98,12.91741581
74.985,12.91779391
74.99,12.9196745
74.995,12.91795923
75,12.91661238
75.005,12.91831838
75.01,12.91920569
75.015,12.91888625
75.02,12.91942654
75.025,12.91840999
75.03,12.91670701
75.035,12.9183778
75.04,12.91997892
75.045,12.91651654
75.05,12.91357128
75.055,12.91587607
75.06,12.91765197
75.065,12.91626952
75.07,12.91583953
75.075,12.91619769
75.08,12.91539715
75.085,12.91648336
75.09,12.91864878
75.095,12.91760055
75.1,12.91659649
75.105,12.920029
75.11,12.92238444
75.115,12.91996318
75.12,12.91946019
75.125,12.92280843
75.13,12.9247315
75.135,12.92439699
75.14,12.92383276
75.145,12.92167984
75.15,12.91994902
75.155,12.92240693
75.16,12.92435793
75.165,12.92178818
75.17,12.92051717
75.175,12.92347062
75.18,12.9244657
75.185,12.92288094
75.19,12.92323139
75.195,12.92452162
75.2,12.92426133
75.205,12.92464774
75.21,12.92521491
75.215,12.92326705
75.22,12.92358276
75.225,12.92832823
75.23,12.93021478
75.235,12.92680609
75.24,12.92551604
75.245,12.9276301
75.25,12.9280405
75.255,12.92729725
75.26,12.92755041
75.265,12.92711401
75.27,12.92739826
75.275,12.93105822
75.28,12.93327581
75.285,12.93216997
75.29,12.9334905
75.295,12.93744051
75.3,12.93736467
75.305,12.93418664
75.31,12.93372335
75.315,12.93482955
75.32,12.93534457
75.325,12.93654356
75.33,12.93647053
75.335,12.93339951
75.34,12.93295392
75.345,12.93639464
75.35,12.93651656
75.355,12.93301257
75.36,12.9330614
75.365,12.93547737
75.37,12.93505888
75.375,12.93436649
75.38,12.93571257
75.385,12.93640576
75.39,12.93703307
75.395,12.9391539
75.4,12.93847003
75.405,12.93528641
75.41,12.93633404
75.415,12.9404027
75.42,12.94006243
75.425,12.9368574
75.43,12.93671045
75.435,12.93800175
75.44,12.93850108
75.445,12.93954131
75.45,12.93949083
75.455,12.9372134
75.46,12.93732939
75.465,12.93973306
75.47,12.9386304
75.475,12.93631355
75.48,12.93881684
75.485,12.94244586
75.49,12.94196722
75.495,12.94073273
75.5,12.94125606
75.505,12.94155843
75.51,12.94238169
75.515,12.9438414
75.52,12.94196854
75.525,12.93862218
75.53,12.94020975
75.535,12.94385386
75.54,12.9429699
75.545,12.94086784
75.55,12.94210986
75.555,12.94319963
75.56,12.94242071
75.565,12.94268175
75.57,12.94303574
75.575,12.94263757
75.58,12.94473557
75.585,12.94711954
75.59,12.94471395
75.595,12.94192827
75.6,12.94457352
75.605,12.94779911
75.61,12.9468602
75.615,12.94564706
75.62,12.94609515
75.625,12.945895
75.63,12.94658534
75.635,12.94816423
75.64,12.94668934
75.645,12.94451695
75.65,12.94662535
75.655,12.94890696
75.66,12.94685615
75.665,12.94627424
75.67,12.95018631
75.675,12.95265242
75.68,12.95171708
75.685,12.95075247
75.69,12.94962271
75.695,12.94872633
75.7,12.95062657
75.705,12.95212533
75.71,12.94917414
75.715,12.94681173
75.72,12.9495691
75.725,12.95193213
75.73,12.95096908
75.735,12.95088608
75.74,12.9524789
75.745,12.95294548
75.75,12.95355909
75.755,12.9544395
75.76,12.95335866
75.765,12.95341392
75.77,12.95709563
75.775,12.9585422
75.78,12.95513725
75.785,12.95431179
75.79,12.95743673
75.795,12.95860446
75.8,12.95726749
75.805,12.95683376
75.81,12.95622095
75.815,12.95584383
75.82,12.95821281
75.825,12.95939519
75.83,12.95671492
75.835,12.9558276
75.84,12.95884006
75.845,12.95836424
75.85,12.95424068
75.855,12.95320015
75.86,12.95504392
75.865,12.95558454
75.87,12.95555698
75.875,12.95512715
75.88,12.95285069
75.885,12.95277607
75.89,12.95604393
75.895,12.95603809
75.9,12.95151935
75.905,12.95023803
75.91,12.95216633
75.915,12.95178786
75.92,12.95041556
75.925,12.95140298
75.93,12.95277371
75.935,12.95415259
75.94,12.95704825
75.945,12.95774372
75.95,12.95608835
75.955,12.95783738
75.96,12.96199446
75.965,12.96075109
75.97,12.95630876
75.975,12.95562822
75.98,12.9572612
75.985,12.95760391
75.99,12.9579801
75.995,12.95804773
76,12.95659579
76.005,12.95795574
76.01,12.96181104
76.015,12.96213107
76.02,12.95994869
76.025,12.96191461
76.03,12.96512504
76.035,12.96386408
76.04,12.96164557
76.045,12.96220737
76.05,12.96325494
76.055,12.96439398
76.06,12.96644064
76.065,12.96541327
76.07,12.96269283
76.075,12.9644727
76.08,12.96812931
76.085,12.9662636
76.09,12.96285967
76.095,12.96403822
76.1,12.96556375
76.105,12.96440221
76.11,12.96388873
76.115,12.96422916
76.12,12.96351573
76.125,12.96480526
76.13,12.9667715
76.135,12.96447363
76.14,12.96181067
76.145,12.9651281
76.15,12.96904217
76.155,12.9674355
76.16,12.96488983
76.165,12.96498878
76.17,12.96509175
76.175,12.96500431
76.18,12.96566463
76.185,12.9636654
76.19,12.96099791
76.195,12.96263472
76.2,12.96475374
76.205,12.96231104
76.21,12.96102734
76.215,12.96499155
76.22,12.96763232
76.225,12.96629276
76.23,12.96531052
76.235,12.96532242
76.24,12.96514919
76.245,12.96687149
76.25,12.96775408
76.255,12.96406835
76.26,12.961266
76.265,12.96444668
76.27,12.96703781
76.275,12.9644583
76.28,12.96283844
76.285,12.96407821
76.29,12.96425345
76.295,12.96395665
76.3,12.96474134
76.305,12.96399698
76.31,12.96371717
76.315,12.96725705
76.32,12.96896399
76.325,12.96516057
76.33,12.9634427
76.335,12.96716812
76.34,12.96900333
76.345,12.96706768
76.35,12.96590626
76.355,12.96563139
76.36,12.96538067
76.365,12.96719667
76.37,12.96852819
76.375,12.9660383
76.38,12.96508469
76.385,12.96860331
76.39,12.96962263
76.395,12.96657188
76.4,12.96690964
76.405,12.97088376
76.41,12.97246603
76.415,12.97214196
76.42,12.97176526
76.425,12.97037403
76.43,12.9706044
76.435,12.97402822
76.44,12.97437145
76.445,12.96986503
76.45,12.96857635
76.455,12.97165428
76.46,12.97196476
76.465,12.96941184
76.47,12.96894134
76.475,12.96947288
76.48,12.96950171
76.485,12.97069195
76.49,12.97091794
76.495,12.96894272
76.5,12.97010024
76.505,12.97421379
76.51,12.9733667
76.515,12.96880048
76.52,12.96867232
76.525,12.9715084
76.53,12.97129455
76.535,12.96951446
76.54,12.96804631
76.545,12.96597369
76.55,12.96607343
76.555,12.96907534
76.56,12.96883794
76.565,12.96548711
76.57,12.96647323
76.575,12.96975777
76.58,12.96813695
76.585,12.96481616
76.59,12.96565792
76.595,12.96752232
76.6,12.96793838
76.605,12.96817232
76.61,12.96648599
76.615,12.96350708
76.62,12.96480472
76.625,12.96836957
76.63,12.96624874
76.635,12.96174354
76.64,12.96226995
76.645,12.96467749
76.65,12.96419748
76.655,12.96368749
76.66,12.96437988
76.665,12.96438978
76.67,12.96540695
76.675,12.96694914
76.68,12.96499301
76.685,12.96273137
76.69,12.9665084
76.695,12.9708809
76.7,12.96921983
76.705,12.96687904
76.71,12.96891988
76.715,12.97148339
76.72,12.97240546
76.725,12.97317176
76.73,12.97176615
76.735,12.96981237
76.74,12.97237926
76.745,12.97583224
76.75,12.97407223
76.755,12.97251709
76.76,12.97642879
76.765,12.97942455
76.77,12.97778864
76.775,12.97681223
76.78,12.97792754
76.785,12.97855176
76.79,12.98011688
76.795,12.98124153
76.8,12.97816807
76.805,12.9758156
76.81,12.97941769
76.815,12.98208353
76.82,12.97880818
76.825,12.97608812
76.83,12.97720287
76.835,12.97730381
76.84,12.97606066
76.845,12.97630567
76.85,12.976125
76.855,12.97638436
76.86,12.97980445
76.865,12.98158076
76.87,12.9781875
76.875,12.97719486
76.88,12.98191273
76.885,12.98432475
76.89,12.98193926
76.895,12.98052455
76.9,12.98119779
76.905,12.98203069
76.91,12.98423925
76.915,12.98528614
76.92,12.98251843
76.925,12.98128099
76.93,12.98440329
76.935,12.9850177
76.94,12.98127375
76.945,12.98074567
76.95,12.98389154
76.955,12.98494447
76.96,12.98455121
76.965,12.9851716
76.97,12.98542127
76.975,12.98661667
76.98,12.98987727
76.985,12.9895184
76.99,12.98461192
76.995,12.98365696
77,12.98774521
77.005,12.98845116
77.01,12.98572221
77.015,12.98557
77.02,12.98690273
77.025,12.98728025
77.03,12.98852045
77.035,12.9893403
77.04,12.98787804
77.045,12.98907627
77.05,12.9930266
77.055,12.99220389
77.06,12.98772824
77.065,12.98807197
77.07,12.99186644
77.075,12.99230335
77.08,12.99077873
77.085,12.990137
77.09,12.98959651
77.095,12.99073987
77.1,12.99382955
77.105,12.99342385
77.11,12.99009223
77.115,12.99073673
77.12,12.99380545
77.125,12.99239732
77.13,12.98948966
77.135,12.99103489
77.14,12.9940386
77.145,12.99537535
77.15,12.99625772
77.155,12.99617263
77.16,12.99556793
77.165,12.99881446
77.17,13.00316667
77.175,13.0015237
77.18,12.99748821
77.185,12.9987549
77.19,13.00173256
77.195,13.00076339
77.2,12.99921896
77.205,12.99905935
77.21,12.9987465
77.215,12.99950502
77.22,13.00153263
77.225,13.00090277
77.23,12.99992763
77.235,13.00398263
77.24,13.00779848
77.245,13.00525518
77.25,13.00181832
77.255,13.0032119
77.26,13.00523231
77.265,13.00507907
77.27,13.00423292
77.275,13.00210224
77.28,12.99998185
77.285,13.00191274
77.29,13.00460855
77.295,13.00240736
77.3,13.00036015
77.305,13.00347875
77.31,13.00589119
77.315,13.00341257
77.32,13.00141718
77.325,13.00189955
77.33,13.00234871
77.335,13.00306137
77.34,13.00322251
77.345,13.00049237
77.35,12.99924262
77.355,13.00381508
77.36,13.00724667
77.365,13.00492143
77.37,13.00325648
77.375,13.00586585
77.38,13.00759235
77.385,13.00726216
77.39,13.00729264
77.395,13.00680004
77.4,13.00651719
77.405,13.00858635
77.41,13.00917142
77.415,13.00568092
77.42,13.00541666
77.425,13.0105928
77.43,13.01301756
77.435,13.01007767
77.44,13.00877035
77.445,13.0105134
77.45,13.0118141
77.455,13.01278269
77.46,13.01201261
77.465,13.00773481
77.47,13.00524709
77.475,13.00797184
77.48,13.00860178
77.485,13.00484905
77.49,13.00428959
77.495,13.00811375
77.5,13.00911824
77.505,13.00743573
77.51,13.00733633
77.515,13.00783316
77.52,13.00906443
77.525,13.01162997
77.53,13.01122481
77.535,13.00710633
77.54,13.00720711
77.545,13.01210795
77.55,13.01307143
77.555,13.00955716
77.56,13.00852865
77.565,13.00993533
77.57,13.01051973
77.575,13.01110318
77.58,13.01113811
77.585,13.00981399
77.59,13.01086547
77.595,13.01432434
77.6,13.01335688
77.605,13.00918671
77.61,13.01003869
77.615,13.01438978
77.62,13.01484322
77.625,13.01275399
77.63,13.0124188
77.635,13.01325723
77.64,13.0154147
77.645,13.01854185
77.65,13.01781362
77.655,13.01362265
77.66,13.01354538
77.665,13.01614705
77.67,13.01404182
77.675,13.01012753
77.68,13.01111574
77.685,13.01411461
77.69,13.01489742
77.695,13.0155431
77.7,13.01611244
77.705,13.01627185
77.71,13.01962594
77.715,13.02383946
77.72,13.02181964
77.725,13.01748272
77.73,13.01927319
77.735,13.0233302
77.74,13.02248335
77.745,13.02001589
77.75,13.01977567
77.755,13.01965633
77.76,13.01983929
77.765,13.02075218
77.77,13.01923731
77.775,13.01715818
77.78,13.02021343
77.785,13.02397746
77.79,13.02144167
77.795,13.01808222
77.8,13.02033482
77.805,13.02310676
77.81,13.02218957
77.815,13.020566
77.82,13.01902341
77.825,13.0181589
77.83,13.02112006
77.835,13.02459095
77.84,13.0224422
77.845,13.01952493
77.85,13.02208296
77.855,13.02427412
77.86,13.02111329
77.865,13.01863939
77.87,13.01983633
77.875,13.0206918
77.88,13.02111253
77.885,13.02174385
77.89,13.02052369
77.895,13.0208124
77.9,13.02664116
77.905,13.03063815
77.91,13.02726228
77.915,13.02470144
77.92,13.02806863
77.925,13.03063612
77.93,13.02977931
77.935,13.02947797
77.94,13.02923011
77.945,13.02851154
77.95,13.0301793
77.955,13.0315649
77.96,13.02862888
77.965,13.02776215
77.97,13.03299054
77.975,13.03542898
77.98,13.0315592
77.985,13.02991646
77.99,13.03251542
77.995,13.0337463
78,13.03334304
78.005,13.03236159
78.01,13.02933521
78.015,13.02831564
78.02,13.03250115
78.025,13.03417058
78.03,13.03000911
78.035,13.02867545
78.04,13.03234963
78.045,13.03290426
78.05,13.03002739
78.055,13.0295202
78.06,13.0302553
78.065,13.03049551
78.07,13.0318169
78.075,13.0310146
78.08,13.02651288
78.085,13.02626318
78.09,13.03188564
78.095,13.03341978
78.1,13.02962096
78.105,13.02944825
78.11,13.03245872
78.115,13.03279957
78.12,13.0319844
78.125,13.0313899
78.13,13.02885288
78.135,13.02752009
78.14,13.02949678
78.145,13.02813734
78.15,13.02347361
78.155,13.02474693
78.16,13.03053035
78.165,13.03087012
78.17,13.0277476
78.175,13.0281429
78.18,13.02997443
78.185,13.03127726
78.19,13.03330965
78.195,13.03237844
78.2,13.02787763
78.205,13.02800429
78.21,13.03232106
78.215,13.031297
78.22,13.02678246
78.225,13.02748756
78.23,13.03011629
78.235,13.02877744
78.24,13.02728419
78.245,13.02798338
78.25,13.02853991
78.255,13.03092101
78.26,13.03487645
78.265,13.0332287
78.27,13.02860891
78.275,13.03048587
78.28,13.03525113
78.285,13.03393409
78.29,13.03052084
78.295,13.03120267
78.3,13.03256239
78.305,13.03287815
78.31,13.0339212
78.315,13.03301887
78.32,13.03031106
78.325,13.0320674
78.33,13.03508864
78.335,13.03161724
78.34,13.02740167
78.345,13.0305801
78.35,13.0349215
78.355,13.03416848
78.36,13.03286644
78.365,13.03291296
78.37,13.03280018
78.375,13.03531491
78.38,13.03881162
78.385,13.03633266
78.39,13.03226803
78.395,13.03482963
78.4,13.03827476
78.405,13.0353601
78.41,13.03267709
78.415,13.03492121
78.42,13.03605232
78.425,13.03496387
78.43,13.03448492
78.435,13.03296116
78.44,13.03179174
78.445,13.03570413
78.45,13.03886869
78.455,13.03449609
78.46,13.03053458
78.465,13.03379201
78.47,13.03651801
78.475,13.03402374
78.48,13.0321187
78.485,13.03183074
78.49,13.03120892
78.495,13.03261872
78.5,13.0344073
78.505,13.03173887
78.51,13.03013579
78.515,13.03490241
78.52,13.03745579
78.525,13.03309654
78.53,13.03121788
78.535,13.03503662
78.54,13.03711253
78.545,13.03673718
78.55,13.03664738
78.555,13.03526013
78.56,13.03480789
78.565,13.03908966
78.57,13.04121121
78.575,13.03664439
78.58,13.03478445
78.585,13.03896132
78.59,13.04014061
78.595,13.03694413
78.6,13.03685026
78.605,13.03889427
78.61,13.03928177
78.615,13.04027969
78.62,13.0403533
78.625,13.03695764
78.63,13.03703159
78.635,13.04304897
78.64,13.04434541
78.645,13.03893746
78.65,13.03773237
78.655,13.04173406
78.66,13.04296591
78.665,13.04244565
78.67,13.04314398
78.675,13.04232623
78.68,13.04188995
78.685,13.04467842
78.69,13.04434473
78.695,13.03915831
78.7,13.0389739
78.705,13.04358534
78.71,13.04276225
78.715,13.03839724
78.72,13.03919356
78.725,13.04251537
78.73,13.04406441
78.735,13.04584415
78.74,13.04555044
78.745,13.04223022
78.75,13.04324651
78.755,13.0489821
78.76,13.04906185
78.765,13.04462417
78.77,13.04564881
78.775,13.04932601
78.78,13.04811971
78.785,13.04578854
78.79,13.04614525
78.795,13.04581138
78.8,13.04642561
78.805,13.04918551
78.81,13.04789899
78.815,13.04365812
78.82,13.04644048
78.825,13.05275871
78.83,13.05156796
78.835,13.04714608
78.84,13.04763384
78.845,13.04902187
78.85,13.04824734
78.855,13.04871946
78.86,13.04774642
78.865,13.04426952
78.87,13.04469744
78.875,13.04767714
78.88,13.04432373
78.885,13.03953735
78.89,13.04252207
78.895,13.04606646
78.9,13.04314094
78.905,13.03991648
78.91,13.04045113
78.915,13.04118444
78.92,13.04342032
78.925,13.04648366
78.93,13.04399051
78.935,13.03969509
78.94,13.04265554
78.945,13.04683081
78.95,13.04355119
78.955,13.0400039
78.96,13.04204107
78.965,13.04353719
78.97,13.04220384
78.975,13.04266626
78.98,13.0427711
78.985,13.04199507
78.99,13.0451777
78.995,13.04783974
79,13.04315296
79.005,13.03952041
79.01,13.04467808
79.015,13.04907284
79.02,13.04720771
79.025,13.04618792
79.03,13.04767188
79.035,13.04732459
79.04,13.04816593
79.045,13.04972005
79.05,13.04647669
79.055,13.04356139
79.06,13.04708614
79.065,13.0487562
79.07,13.04307131
79.075,13.04091453
79.08,13.04559087
79.085,13.04782139
79.09,13.0463746
79.095,13.04627939
79.1,13.04563267
79.105,13.04531504
79.11,13.04945164
79.115,13.0516291
79.12,13.0465922
79.125,13.04394344
79.13,13.04864129
79.135,13.0500267
79.14,13.04627663
79.145,13.04587069
79.15,13.04802685
79.155,13.04745546
79.16,13.04734569
79.165,13.04791031
79.17,13.04543951
79.175,13.0458651
79.18,13.05168936
79.185,13.05245715
79.19,13.04610169
79.195,13.04510238
79.2,13.04991584
79.205,13.05092167
79.21,13.0491928
79.215,13.0493015
79.22,13.04861549
79.225,13.0483974
79.23,13.05205791
79.235,13.05278648
79.24,13.04818478
79.245,13.04791389
79.25,13.05261203
79.255,13.05117402
79.26,13.04582738
79.265,13.04637666
79.27,13.04971863
79.275,13.05043745
79.28,13.05123785
79.285,13.05111392
79.29,13.04787559
79.295,13.04890067
79.3,13.05455505
79.305,13.0538472
79.31,13.04781779
79.315,13.04838362
79.32,13.05258578
79.325,13.05143764
79.33,13.0493075
79.335,13.05045929
79.34,13.05046496
79.345,13.04965123
79.35,13.05076019
79.355,13.04806443
79.36,13.04292038
79.365,13.04535144
79.37,13.05146974
79.375,13.04961864
79.38,13.04465921
79.385,13.04616224
79.39,13.0490689
79.395,13.04882832
79.4,13.04892219
79.405,13.04803303
79.41,13.04486346
79.415,13.04579907
79.42,13.04937344
79.425,13.04691248
79.43,13.04283619
79.435,13.04624836
79.44,13.05016599
79.445,13.04658196
79.45,13.04291799
79.455,13.04382116
79.46,13.04490101
79.465,13.04644887
79.47,13.04888188
79.475,13.04657446
79.48,13.04314321
79.485,13.04751911
79.49,13.05271793
79.495,13.04933238
79.5,13.04544389
79.505,13.04805988
79.51,13.04939081
79.515,13.04691781
79.52,13.04620407
79.525,13.04593679
79.53,13.04474264
79.535,13.04720641
79.54,13.04977363
79.545,13.04519226
79.55,13.04183603
79.555,13.04736131
79.56,13.05136181
79.565,13.04783228
79.57,13.04591732
79.575,13.04835103
79.58,13.04974689
79.585,13.0515646
79.59,13.05404194
79.595,13.05173568
79.6,13.04876193
79.605,13.05201216
79.61,13.05368285
79.615,13.04857429
79.62,13.04713991
79.625,13.05285649
79.63,13.05542213
79.635,13.05332185
79.64,13.05309664
79.645,13.05346465
79.65,13.053929
79.655,13.05795469
79.66,13.05993993
79.665,13.05486166
79.67,13.05264947
79.675,13.05818685
79.68,13.06069354
79.685,13.0572657
79.69,13.0569828
79.695,13.05942315
79.7,13.05864759
79.705,13.05787599
79.71,13.05823211
79.715,13.05613959
79.72,13.05601954
79.725,13.06083412
79.73,13.0609109
79.735,13.05446912
79.74,13.05392418
79.745,13.05959927
79.75,13.06045252
79.755,13.05744277
79.76,13.0570633
79.765,13.05699113
79.77,13.05709378
79.775,13.06053503
79.78,13.06158798
79.785,13.05745689
79.79,13.0576735
79.795,13.06269426
79.8,13.06109806
79.805,13.0551348
79.81,13.05561974
79.815,13.05922009
79.82,13.05882738
79.825,13.05784629
79.83,13.0574187
79.835,13.05558836
79.84,13.0578956
79.845,13.0643773
79.85,13.06438856
79.855,13.05896225
79.86,13.05992666
79.865,13.06454003
79.87,13.06316679
79.875,13.05992264
79.88,13.06058762
79.885,13.06088381
79.89,13.06001656
79.895,13.06083702
79.9,13.05913651
79.905,13.05558703
79.91,13.05862096
79.915,13.06436929
79.92,13.06181707
79.925,13.05655974
79.93,13.05858306
79.935,13.0625571
79.94,13.06267717
79.945,13.0624898
79.95,13.0619939
79.955,13.05977024
79.96,13.06163356
79.965,13.06624354
79.97,13.06454416
79.975,13.06074449
79.98,13.06433794
79.985,13.06847797
79.99,13.06533785
79.995,13.06278356
80,13.06564249
80.005,13.06780045
80.01,13.06865574
80.015,13.07013467
80.02,13.06787059
80.025,13.06501356
80.03,13.06978116
80.035,13.07594449
80.04,13.07383955
80.045,13.07088979
80.05,13.0746767
80.055,13.07744061
80.06,13.07558276
80.065,13.0748513
80.07,13.07460771
80.075,13.07256744
80.08,13.07305401
80.085,13.07365899
80.09,13.0683861
80.095,13.0650524
80.1,13.07071093
80.105,13.07501145
80.11,13.07123983
80.115,13.06900561
80.12,13.07173281
80.125,13.07345509
80.13,13.0747438
80.135,13.07631991
80.14,13.07377206
80.145,13.0708617
80.15,13.07412706
80.155,13.07615218
80.16,13.07106992
80.165,13.06877302
80.17,13.07308759
80.175,13.07375074
80.18,13.06966291
80.185,13.06864645
80.19,13.07009038
80.195,13.07156504
80.2,13.0752528
80.205,13.07643387
80.21,13.07053851
80.215,13.06748909
80.22,13.07214636
80.225,13.07335427
80.23,13.06817305
80.235,13.06693824
80.24,13.06991504
80.245,13.07025111
80.25,13.07037411
80.255,13.07183144
80.26,13.07059656
80.265,13.07006251
80.27,13.07359083
80.275,13.07215988
80.28,13.06441662
80.285,13.06315598
80.29,13.06898452
80.295,13.06982897
80.3,13.06614499
80.305,13.06569687
80.31,13.06636505
80.315,13.06673827
80.32,13.06974993
80.325,13.07072363
80.33,13.06651671
80.335,13.06593774
80.34,13.07040781
80.345,13.06925448
80.35,13.06361153
80.355,13.06418976
80.36,13.06784279
80.365,13.06664039
80.37,13.06423851
80.375,13.06331178
80.38,13.06209727
80.385,13.06425639
80.39,13.06984485
80.395,13.06907679
80.4,13.063265
80.405,13.06479756
80.41,13.07081997
80.415,13.07046215
80.42,13.06755283
80.425,13.06872421
80.43,13.06931524
80.435,13.06839817
80.44,13.0697397
80.445,13.06938154
80.45,13.06672726
80.455,13.06988406
80.46,13.07556446
80.465,13.07260587
80.47,13.06673425
80.475,13.0687876
80.48,13.07295531
80.485,13.07197021
80.49,13.07032131
80.495,13.06979095
80.5,13.06847522
80.505,13.07042977
80.51,13.07484087
80.515,13.07310891
80.52,13.0686679
80.525,13.07115923
80.53,13.07424189
80.535,13.06977332
80.54,13.06545368
80.545,13.06715235
80.55,13.06834694
80.555,13.06730065
80.56,13.06679612
80.565,13.06392955
80.57,13.06087212
80.575,13.0649926
80.58,13.06997638
80.585,13.065971
80.59,13.06141239
80.595,13.06468812
80.6,13.06778549
80.605,13.06598831
80.61,13.06556451
80.615,13.06661262
80.62,13.06585134
80.625,13.06678139
80.63,13.0678563
80.635,13.06365932
80.64,13.06101126
80.645,13.06648675
80.65,13.06997251
80.655,13.06517178
80.66,13.06251066
80.665,13.06634619
80.67,13.06902131
80.675,13.06972159
80.68,13.0704279
80.685,13.06797493
80.69,13.06588385
80.695,13.06991285
80.7,13.07281363
80.705,13.06859031
80.71,13.06726304
80.715,13.07258793
80.72,13.07358186
80.725,13.06893782
80.73,13.06748
80.735,13.06848259
80.74,13.06820711
80.745,13.06930839
80.75,13.06891513
80.755,13.06330987
80.76,13.06146049
80.765,13.06771144
80.77,13.07004939
80.775,13.06477286
80.78,13.06317864
80.785,13.06632
80.79,13.06629672
80.795,13.06488414
80.8,13.06507043
80.805,13.0636582
80.81,13.06323667
80.815,13.06684568
80.82,13.06633195
80.825,13.06015346
80.83,13.06032049
80.835,13.06667307
80.84,13.06687896
80.845,13.0621251
80.85,13.06159307
80.855,13.06344654
80.86,13.06475299
80.865,13.06802236
80.87,13.06861151
80.875,13.06371984
80.88,13.06301314
80.885,13.0680591
80.89,13.06712042
80.895,13.06138655
80.9,13.06250475
80.905,13.06692882
80.91,13.06591378
80.915,13.06381951
80.92,13.06437158
80.925,13.06405221
80.93,13.06533462
80.935,13.06920356
80.94,13.06702568
80.945,13.06029073
80.95,13.06165241
80.955,13.06821724
80.96,13.06776378
80.965,13.06424038
80.97,13.06578401
80.975,13.06775001
80.98,13.06751163
80.985,13.06887998
80.99,13.06844041
80.995,13.06517249
81,13.06694913
81.005,13.07138378
81.01,13.06788597
81.015,13.06224971
81.02,13.06578259
81.025,13.07105678
81.03,13.06931861
81.035,13.06643286
81.04,13.06567923
81.045,13.06401582
81.05,13.0651587
81.055,13.06931245
81.06,13.06780342
81.065,13.06352565
81.07,13.06675745
81.075,13.07121762
81.08,13.06719386
81.085,13.0630262
81.09,13.06541581
81.095,13.06664667
81.1,13.06448968
81.105,13.06384527
81.11,13.0625193
81.115,13.06095159
81.12,13.06538294
81.125,13.06998894
81.13,13.06545731
81.135,13.06073367
81.14,13.06516058
81.145,13.06907635
81.15,13.06677644
81.155,13.06593563
81.16,13.06770072
81.165,13.06748201
81.17,13.06879564
81.175,13.07140184
81.18,13.06837668
81.185,13.06565067
81.19,13.07070801
81.195,13.07349143
81.2,13.0671482
81.205,13.063951
81.21,13.06889505
81.215,13.07212112
81.22,13.07193674
81.225,13.07271716
81.23,13.07172227
81.235,13.07028326
81.24,13.07458064
81.245,13.07778536
81.25,13.07331115
81.255,13.07128063
81.26,13.07682956
81.265,13.07831497
81.27,13.07363557
81.275,13.07261604
81.28,13.07453443
81.285,13.07415972
81.29,13.07411493
81.295,13.07345786
81.3,13.06845696
81.305,13.06756037
81.31,13.07446518
81.315,13.07658533
81.32,13.07014613
81.325,13.06847683
81.33,13.07304356
81.335,13.07390722
81.34,13.07296205
81.345,13.07428035
81.35,13.07389432
81.355,13.07303286
81.36,13.07640003
81.365,13.07649192
81.37,13.07071754
81.375,13.07074744
81.38,13.07733437
81.385,13.07715016
81.39,13.07152727
81.395,13.07162179
81.4,13.07477945
81.405,13.07579575
81.41,13.07710259
81.415,13.07686272
81.42,13.07216447
81.425,13.07213319
81.43,13.07829504
81.435,13.07862946
81.44,13.07332211
81.445,13.07438851
81.45,13.07870366
81.455,13.07654582
81.46,13.07307261
81.465,13.07299907
81.47,13.0727164
81.475,13.07326575
81.48,13.07677351
81.485,13.07492125
81.49,13.06897837
81.495,13.07137
81.5,13.07850974
81.505,13.07747908
81.51,13.07296067
81.515,13.07501469
81.52,13.07790225
81.525,13.07813801
81.53,13.08001171
81.535,13.08103167
81.54,13.0785578
81.545,13.08042483
81.55,13.08490035
81.555,13.08128023
81.56,13.07566591
81.565,13.07947238
81.57,13.08472781
81.575,13.08178054
81.58,13.07856419
81.585,13.07891141
81.59,13.07881006
81.595,13.08061336
81.6,13.0848009
81.605,13.08274877
81.61,13.07786948
81.615,13.08142934
81.62,13.08654286
81.625,13.08310748
81.63,13.07966253
81.635,13.08363618
81.64,13.08544245
81.645,13.08275503
81.65,13.08219507
81.655,13.08183687
81.66,13.08024986
81.665,13.0838098
81.67,13.0877689
81.675,13.08230435
81.68,13.0769988
81.685,13.0818785
81.69,13.08646067
81.695,13.08336202
81.7,13.08204205
81.705,13.08414296
81.71,13.08394828
81.715,13.0848513
81.72,13.08756005
81.725,13.08514696
81.73,13.08224892
81.735,13.08707294
81.74,13.08951017
81.745,13.0826917
81.75,13.07917167
81.755,13.08389318
81.76,13.08530047
81.765,13.08222564
81.77,13.08127373
81.775,13.07972047
81.78,13.0781708
81.785,13.08287807
81.79,13.08708236
81.795,13.08223869
81.8,13.07940021
81.805,13.08479039
81.81,13.08601309
81.815,13.08059712
81.82,13.08002973
81.825,13.08332375
81.83,13.08272785
81.835,13.08230261
81.84,13.08282001
81.845,13.07932673
81.85,13.07851232
81.855,13.08520557
81.86,13.08656188
81.865,13.07895415
81.87,13.07732938
81.875,13.08338755
81.88,13.08492336
81.885,13.08307285
81.89,13.08443749
81.895,13.08438674
81.9,13.08354657
81.905,13.08699832
81.91,13.08779316
81.915,13.08199155
81.92,13.08167937
81.925,13.08839576
81.93,13.08754736
81.935,13.08101759
81.94,13.08161241
81.945,13.08596536
81.95,13.08633952
81.955,13.08715588
81.96,13.08753979
81.965,13.08371147
81.97,13.08413022
81.975,13.09126797
81.98,13.09204094
81.985,13.08603262
81.99,13.08745205
81.995,13.09260879
82,13.09054412
82.005,13.0871293
82.01,13.08874603
82.015,13.08897827
82.02,13.08824387
82.025,13.09065011
82.03,13.08901425
82.035,13.08339081
82.04,13.08628369
82.045,13.09439796
82.05,13.09245574
82.055,13.08616574
82.06,13.08718953
82.065,13.08977913
82.07,13.08848604
82.075,13.08924438
82.08,13.09023122
82.085,13.08746471
82.09,13.08891377
82.095,13.09425238
82.1,13.09211773
82.105,13.08660749
82.11,13.09055178
82.115,13.09553652
82.12,13.09130645
82.125,13.08684365
82.13,13.08826045
82.135,13.08897792
82.14,13.08971846
82.145,13.0928694
82.15,13.0902358
82.155,13.08461863
82.16,13.08793761
82.165,13.09404753
82.17,13.09040324
82.175,13.08628579
82.18,13.09010894
82.185,13.09206061
82.19,13.08892021
82.195,13.08855138
82.2,13.08894915
82.205,13.08687657
82.21,13.0891364
82.215,13.09167309
82.22,13.0853547
82.225,13.07976895
82.23,13.08571782
82.235,13.09058356
82.24,13.08618119
82.245,13.08374014
82.25,13.08617496
82.255,13.08616196
82.26,13.0864657
82.265,13.08945128
82.27,13.08708489
82.275,13.0836219
82.28,13.08795236
82.285,13.09054393
82.29,13.0836348
82.295,13.08103201
82.3,13.08779973
82.305,13.08977335
82.31,13.08559364
82.315,13.0845367
82.32,13.08428094
82.325,13.08293526
82.33,13.08716994
82.335,13.09071773
82.34,13.08544318
82.345,13.08284497
82.35,13.09004193
82.355,13.09302034
82.36,13.08798872
82.365,13.08810033
82.37,13.09195581
82.375,13.09085909
82.38,13.08946837
82.385,13.09075726
82.39,13.08856771
82.395,13.08805753
82.4,13.09465036
82.405,13.09593715
82.41,13.08805452
82.415,13.08673668
82.42,13.093863
82.425,13.09509435
82.43,13.09222635
82.435,13.09333958
82.44,13.09376937
82.445,13.09262427
82.45,13.09646265
82.455,13.09877427
82.46,13.09399605
82.465,13.09420549
82.47,13.10089677
82.475,13.0992501
82.48,13.0914536
82.485,13.09248843
82.49,13.09709209
82.495,13.09562581
82.5,13.09408192
82.505,13.09389834
82.51,13.0898576
82.515,13.08937977
82.52,13.09631484
82.525,13.09632732
82.53,13.08885133
82.535,13.08930954
82.54,13.09484442
82.545,13.0920744
82.55,13.08762227
82.555,13.08956582
82.56,13.08996832
82.565,13.08789524
82.57,13.08907942
82.575,13.08766033
82.58,13.08175698
82.585,13.08404371
82.59,13.09104586
82.595,13.08742335
82.6,13.0795759
82.605,13.08156778
82.61,13.08575093
82.615,13.08400222
82.62,13.08388113
82.625,13.08466477
82.63,13.08136714
82.635,13.08136454
82.64,13.0862232
82.645,13.08353517
82.65,13.0775838
82.655,13.0819889
82.66,13.08792998
82.665,13.08347786
82.67,13.07908814
82.675,13.08207498
82.68,13.08283234
82.685,13.08165583
82.69,13.0830614
82.695,13.08052459
82.7,13.07506875
82.705,13.07923825
82.71,13.08661669
82.715,13.08334622
82.72,13.0793809
82.725,13.08459936
82.73,13.08760808
82.735,13.08367961
82.74,13.08379737
82.745,13.08580302
82.75,13.08429981
82.755,13.08603501
82.76,13.08948361
82.765,13.08414697
82.77,13.07880543
82.775,13.08514895
82.78,13.08929837
82.785,13.08253506
82.79,13.07865572
82.795,13.08237449
82.8,13.08279075
82.805,13.08240434
82.81,13.08528933
82.815,13.08350358
82.82,13.07936518
82.825,13.08326497
82.83,13.08671356
82.835,13.07973703
82.84,13.07663624
82.845,13.08302331
82.85,13.08415916
82.855,13.07814371
82.86,13.07741654
82.865,13.07899139
82.87,13.07783095
82.875,13.08055897
82.88,13.08289411
82.885,13.07648358
82.89,13.07258602
82.895,13.07963436
82.9,13.08185331
82.905,13.07534298
82.91,13.0749543
82.915,13.08005538
82.92,13.07882677
82.925,13.07670333
82.93,13.07858921
82.935,13.07628518
82.94,13.07399052
82.945,13.07883156
82.95,13.07904575
82.955,13.06949491
82.96,13.06812655
82.965,13.07593104
82.97,13.07570049
82.975,13.06969502
82.98,13.06994388
82.985,13.07070038
82.99,13.06840465
82.995,13.07143261
83,13.07393143
83.005,13.06901956
83.01,13.06846704
83.015,13.07610824
83.02,13.07534177
83.025,13.067705
83.03,13.06946373
83.035,13.07478031
83.04,13.07172702
83.045,13.068062
83.05,13.06844276
83.055,13.06568067
83.06,13.06581992
83.065,13.07284853
83.07,13.07306387
83.075,13.06517828
83.08,13.06676027
83.085,13.07432499
83.09,13.07200675
83.095,13.06761248
83.1,13.07101994
83.105,13.07282132
83.11,13.07039416
83.115,13.07258243
83.12,13.07353947
83.125,13.06951527
83.13,13.07240691
83.135,13.08005277
83.14,13.07629355
83.145,13.06825394
83.15,13.07210229
83.155,13.07781191
83.16,13.07525409
83.165,13.07378382
83.17,13.07519877
83.175,13.07206072
83.18,13.07170826
83.185,13.07701121
83.19,13.07492938
83.195,13.06866395
83.2,13.07307373
83.205,13.07904846
83.21,13.07332727
83.215,13.06901474
83.22,13.07380547
83.225,13.07535102
83.23,13.07232958
83.235,13.0726466
83.24,13.06964686
83.245,13.06273044
83.25,13.06544957
83.255,13.07179036
83.26,13.06672167
83.265,13.06099338
83.27,13.06683572
83.275,13.0704665
83.28,13.06596799
83.285,13.06576903
83.29,13.06872798
83.295,13.06653596
83.3,13.06637253
83.305,13.06925555
83.31,13.06421107
83.315,13.05925578
83.32,13.06615097
83.325,13.07110065
83.33,13.06370719
83.335,13.05996219
83.34,13.06500104
83.345,13.0659243
83.35,13.06477773
83.355,13.06802741
83.36,13.06756116
83.365,13.06439197
83.37,13.06999504
83.375,13.07500219
83.38,13.06857075
83.385,13.06553322
83.39,13.07313389
83.395,13.07405883
83.4,13.06698991
83.405,13.06704999
83.41,13.07032206
83.415,13.06916257
83.42,13.07081077
83.425,13.07300219
83.43,13.06589224
83.435,13.06136811
83.44,13.06879347
83.445,13.07156201
83.45,13.06409974
83.455,13.06378471
83.46,13.07027279
83.465,13.06943971
83.47,13.06718648
83.475,13.07018375
83.48,13.06975789
83.485,13.06761543
83.49,13.07224635
83.495,13.07252327
83.5,13.06315805
83.505,13.06190986
83.51,13.07031004
83.515,13.06967604
83.52,13.06257982
83.525,13.06366449
83.53,13.06649084
83.535,13.0651484
83.54,13.06781396
83.545,13.07030608
83.55,13.06459099
83.555,13.06325778
83.56,13.07093327
83.565,13.07039819
83.57,13.06274541
83.575,13.06565164
83.58,13.07272532
83.585,13.06976748
83.59,13.06609037
83.595,13.06773773
83.6,13.06605944
83.605,13.06511618
83.61,13.07084784
83.615,13.0699727
83.62,13.06088459
83.625,13.06218148
83.63,13.07027544
83.635,13.06772584
83.64,13.06229182
83.645,13.0660483
83.65,13.06820031
83.655,13.06466127
83.66,13.06555799
83.665,13.06621535
83.67,13.06126107
83.675,13.06294314
83.68,13.07024349
83.685,13.06575834
83.69,13.05680657
83.695,13.06062853
83.7,13.06620167
83.705,13.06136604
83.71,13.0579671
83.715,13.0596076
83.72,13.05705676
83.725,13.05689112
83.73,13.06311175
83.735,13.0620458
83.74,13.05541821
83.745,13.0595268
83.75,13.06582441
83.755,13.05957912
83.76,13.054337
83.765,13.05990858
83.77,13.06208403
83.775,13.05819994
83.78,13.05857273
83.785,13.05777602
83.79,13.05329143
83.795,13.05698056
83.8,13.06368286
83.805,13.05781211
83.81,13.05091498
83.815,13.05687247
83.82,13.06093898
83.825,13.05571069
83.83,13.05516936
83.835,13.0590207
83.84,13.0569278
83.845,13.05668925
83.85,13.06097951
83.855,13.05782537
83.86,13.05352963
83.865,13.06104747
83.87,13.06587246
83.875,13.05701971
83.88,13.05272631
83.885,13.05886551
83.89,13.0596556
83.895,13.05582845
83.9,13.0573875
83.905,13.05622186
83.91,13.05147632
83.915,13.05552821
83.92,13.06084466
83.925,13.05517288
83.93,13.05259723
83.935,13.06156954
83.94,13.06379159
83.945,13.05662387
83.95,13.05652931
83.955,13.06083505
83.96,13.05894817
83.965,13.05865788
83.97,13.06055579
83.975,13.05500184
83.98,13.05195653
83.985,13.06051611
83.99,13.06398852
83.995,13.05571229
84,13.05477791
84.005,13.06163202
84.01,13.06074182
84.015,13.05745026
84.02,13.06076981
84.025,13.06122033
84.03,13.0587168
84.035,13.06325379
84.04,13.06504795
84.045,13.05730874
84.05,13.05718069
84.055,13.06727278
84.06,13.06702063
84.065,13.05919982
84.07,13.06090122
84.075,13.0652763
84.08,13.06332191
84.085,13.06423374
84.09,13.06646537
84.095,13.06111746
84.1,13.0599113
84.105,13.06833645
84.11,13.06903154
84.115,13.06152639
84.12,13.06487143
84.125,13.07273294
84.13,13.06951601
84.135,13.06518005
84.14,13.06785823
84.145,13.06748669
84.15,13.06564488
84.155,13.06991766
84.16,13.06817834
84.165,13.05835735
84.17,13.05926019
84.175,13.06825208
84.18,13.06561495
84.185,13.05936736
84.19,13.06416077
84.195,13.06825067
84.2,13.06522075
84.205,13.06645854
84.21,13.06896352
84.215,13.06436481
84.22,13.06433289
84.225,13.07006125
84.23,13.06542222
84.235,13.05675162
84.24,13.06208048
84.245,13.06989704
84.25,13.06556036
84.255,13.06178759
84.26,13.06447446
84.265,13.06340665
84.27,13.06254914
84.275,13.0678493
84.28,13.0664695
84.285,13.05991063
84.29,13.0645948
84.295,13.07231642
84.3,13.06735448
84.305,13.06319549
84.31,13.07079832
84.315,13.07415513
84.32,13.06991238
84.325,13.07063181
84.33,13.0720532
84.335,13.06844596
84.34,13.07148719
84.345,13.07749549
84.35,13.07072505
84.355,13.0625824
84.36,13.06860939
84.365,13.07316654
84.37,13.06615671
84.375,13.06419899
84.38,13.06920313
84.385,13.06847165
84.39,13.06753151
84.395,13.07190981
84.4,13.0702516
84.405,13.0664497
84.41,13.07301299
84.415,13.07706282
84.42,13.06736168
84.425,13.06249766
84.43,13.07000939
84.435,13.07182922
84.44,13.06726662
84.445,13.06773655
84.45,13.06751507
84.455,13.06359943
84.46,13.06730126
84.465,13.07223692
84.47,13.06558966
84.475,13.06158867
84.48,13.06968596
84.485,13.07132692
84.49,13.06277582
84.495,13.0626757
84.5,13.06849967
84.505,13.06720313
84.51,13.06582106
84.515,13.06815773
84.52,13.06441331
84.525,13.06158707
84.53,13.06908139
84.535,13.07083269
84.54,13.06036159
84.545,13.05772386
84.55,13.0652434
84.555,13.06513513
84.56,13.06115198
84.565,13.06442961
84.57,13.06614348
84.575,13.06382945
84.58,13.06750266
84.585,13.06941187
84.59,13.06227889
84.595,13.06221651
84.6,13.0717901
84.605,13.07073945
84.61,13.06116714
84.615,13.06209137
84.62,13.06720403
84.625,13.06480033
84.63,13.06384168
84.635,13.06527329
84.64,13.06021657
84.645,13.05853281
84.65,13.06668018
84.655,13.06783545
84.66,13.06024695
84.665,13.06300423
84.67,13.07131782
84.675,13.06788848
84.68,13.06204098
84.685,13.06459162
84.69,13.0654885
84.695,13.06318542
84.7,13.06550761
84.705,13.0642758
84.71,13.05666562
84.715,13.0588992
84.72,13.06808762
84.725,13.06493034
84.73,13.05659815
84.735,13.05917535
84.74,13.06273265
84.745,13.05914268
84.75,13.05928824
84.755,13.06196822
84.76,13.05891694
84.765,13.05932901
84.77,13.0650758
84.775,13.06111855
84.78,13.05317126
84.785,13.05882138
84.79,13.06640636
84.795,13.06091963
84.8,13.05595447
84.805,13.05977359
84.81,13.06047509
84.815,13.05893404
84.82,13.06202399
84.825,13.05979051
84.83,13.05227446
84.835,13.05507548
84.84,13.06194438
84.845,13.05695531
84.85,13.05237588
84.855,13.05984165
84.86,13.06397974
84.865,13.0591246
84.87,13.05854887
84.875,13.06051084
84.88,13.05813552
84.885,13.0602338
84.89,13.06495888
84.895,13.05899108
84.9,13.05259442
84.905,13.06020691
84.91,13.06608517
84.915,13.05962948
84.92,13.05695084
84.925,13.06174694
84.93,13.0609632
84.935,13.05910102
84.94,13.06275614
84.945,13.06169919
84.95,13.05852305
84.955,13.06509191
84.96,13.07017744
84.965,13.06258575
84.97,13.05944998
84.975,13.0679076
84.98,13.06962547
84.985,13.06264399
84.99,13.06117608
84.995,13.06152699
85,13.05891282
85.005,13.0624979
85.01,13.06727565
85.015,13.06182384
85.02,13.0584313
85.025,13.06672245
85.03,13.06904806
85.035,13.06147994
85.04,13.06213489
85.045,13.0692233
85.05,13.06837774
85.055,13.06594339
85.06,13.06819729
85.065,13.06624181
85.07,13.06469046
85.075,13.07176021
85.08,13.07323029
85.085,13.0623601
85.09,13.0595306
85.095,13.06747375
85.1,13.06697747
85.105,13.06087982
85.11,13.06251566
85.115,13.06435687
85.12,13.06145899
85.125,13.06388512
85.13,13.06652199
85.135,13.06105278
85.14,13.06086715
85.145,13.06972516
85.15,13.06831789
85.155,13.05857821
85.16,13.06003022
85.165,13.06708679
85.17,13.06554066
85.175,13.06265423
85.18,13.06287414
85.185,13.05805052
85.19,13.05549321
85.195,13.061185
85.2,13.06046805
85.205,13.0513411
85.21,13.05224957
85.215,13.05939421
85.22,13.05534996
85.225,13.04917617
85.23,13.05275572
85.235,13.05536354
85.24,13.05277561
85.245,13.05386806
85.25,13.05249564
85.255,13.0453478
85.26,13.04694461
85.265,13.05536418
85.27,13.05130077
85.275,13.04151596
85.28,13.04434939
85.285,13.04973996
85.29,13.04664739
85.295,13.04570833
85.3,13.04900845
85.305,13.04706187
85.31,13.04696501
85.315,13.05230752
85.32,13.04991506
85.325,13.04332485
85.33,13.04880899
85.335,13.0561318
85.34,13.04957474
85.345,13.04325023
85.35,13.04736876
85.355,13.04964783
85.36,13.04779197
85.365,13.04987926
85.37,13.04870704
85.375,13.04340905
85.38,13.04769813
85.385,13.05555259
85.39,13.05107952
85.395,13.04528033
85.4,13.0515268
85.405,13.05504603
85.41,13.04902182
85.415,13.04764636
85.42,13.05146943
85.425,13.05118321
85.43,13.05277387
85.435,13.05655826
85.44,13.05122958
85.445,13.04550819
85.45,13.05300917
85.455,13.05921052
85.46,13.05228961
85.465,13.04846577
85.47,13.05327142
85.475,13.05372245
85.48,13.05151523
85.485,13.0543909
85.49,13.05438274
85.495,13.05164107
85.5,13.05712466
85.505,13.06174485
85.51,13.05534655
85.515,13.05390546
85.52,13.06461673
85.525,13.06823323
85.53,13.06160479
85.535,13.06035453
85.54,13.06265862
85.545,13.06086259
85.55,13.06236868
85.555,13.06516479
85.56,13.05905384
85.565,13.05516813
85.57,13.0630607
85.575,13.06636989
85.58,13.05918828
85.585,13.05919496
85.59,13.06599517
85.595,13.06433877
85.6,13.0594845
85.605,13.06008261
85.61,13.05882435
85.615,13.05731323
85.62,13.06312383
85.625,13.06444083
85.63,13.05530383
85.635,13.05388927
85.64,13.06313531
85.645,13.06360351
85.65,13.05677255
85.655,13.05752862
85.66,13.05968233
85.665,13.05707295
85.67,13.05835898
85.675,13.06071804
85.68,13.05632683
85.685,13.05640226
85.69,13.06473164
85.695,13.0637811
85.7,13.05516677
85.705,13.05811789
85.71,13.06696516
85.715,13.06600828
85.72,13.06289783
85.725,13.0644502
85.73,13.06309356
85.735,13.06257435
85.74,13.0686856
85.745,13.06855668
85.75,13.05978687
85.755,13.06034386
85.76,13.06763424
85.765,13.06457348
85.77,13.05889392
85.775,13.06393086
85.78,13.06898778
85.785,13.0674449
85.79,13.06827559
85.795,13.0686711
85.8,13.06413263
85.805,13.06607361
85.81,13.07321088
85.815,13.06814812
85.82,13.0580436
85.825,13.06085231
85.83,13.0672838
85.835,13.06422866
85.84,13.06193375
85.845,13.06460905
85.85,13.0631074
85.855,13.06222149
85.86,13.06651145
85.865,13.06485439
85.87,13.05874901
85.875,13.06329736
85.88,13.06959688
85.885,13.0629575
85.89,13.05625543
85.895,13.06111531
85.9,13.06461925
85.905,13.0619915
85.91,13.06187412
85.915,13.06012012
85.92,13.05503608
85.925,13.0576319
85.93,13.06377314
85.935,13.05830298
85.94,13.05171072
85.945,13.05709879
85.95,13.06064103
85.955,13.05392112
85.96,13.05125401
85.965,13.054804
85.97,13.05394079
85.975,13.05341522
85.98,13.05557109
85.985,13.05152517
85.99,13.04699352
85.995,13.05441414
86,13.06004269
86.005,13.0517851
86.01,13.04575784
86.015,13.05013893
86.02,13.05128111
86.025,13.04801546
86.03,13.04996308
86.035,13.05114951
86.04,13.04950827
86.045,13.05360118
86.05,13.05792444
86.055,13.05242119
86.06,13.05032436
86.065,13.05905533
86.07,13.06124459
86.075,13.05309138
86.08,13.05076137
86.085,13.05493226
86.09,13.0551723
86.095,13.05585517
86.1,13.05728073
86.105,13.0522259
86.11,13.04871754
86.115,13.0558082
86.12,13.0590064
86.125,13.05187971
86.13,13.0512841
86.135,13.05856951
86.14,13.05855101
86.145,13.0537052
86.15,13.0548174
86.155,13.0557156
86.16,13.05499368
86.165,13.05868703
86.17,13.0591163
86.175,13.05130413
86.18,13.05074467
86.185,13.06038501
86.19,13.06134077
86.195,13.05374286
86.2,13.05277985
86.205,13.05552632
86.21,13.05317735
86.215,13.05253572
86.22,13.05357369
86.225,13.04956508
86.23,13.04848676
86.235,13.05449725
86.24,13.05340693
86.245,13.04518663
86.25,13.04764612
86.255,13.05590848
86.26,13.05395183
86.265,13.04766858
86.27,13.04728652
86.275,13.04662155
86.28,13.04572933
86.285,13.04948952
86.29,13.04864313
86.295,13.0410761
86.3,13.0416099
86.305,13.04936985
86.31,13.04722459
86.315,13.0410052
86.32,13.04434146
86.325,13.04883246
86.33,13.0463015
86.335,13.04535569
86.34,13.0466174
86.345,13.04456349
86.35,13.0464629
86.355,13.05162818
86.36,13.0467891
86.365,13.03752819
86.37,13.04096225
86.375,13.04833284
86.38,13.04572685
86.385,13.0419602
86.39,13.04395388
86.395,13.04389192
86.4,13.04274755
86.405,13.04555014
86.41,13.0437172
86.415,13.03806831
86.42,13.04119924
86.425,13.0468475
86.43,13.04103164
86.435,13.03529445
86.44,13.04155319
86.445,13.04704784
86.45,13.04436342
86.455,13.04257796
86.46,13.0418758
86.465,13.03826302
86.47,13.03981059
86.475,13.04380582
86.48,13.03835627
86.485,13.03161165
86.49,13.03652732
86.495,13.04141781
86.5,13.03624102
86.505,13.0339733
86.51,13.03881076
86.515,13.04017694
86.52,13.03891715
86.525,13.0400297
86.53,13.03761038
86.535,13.03553691
86.54,13.04260043
86.545,13.04752825
86.55,13.03985118
86.555,13.03423749
86.56,13.03979999
86.565,13.042203
86.57,13.03811476
86.575,13.03706889
86.58,13.03695436
86.585,13.03440642
86.59,13.03680994
86.595,13.04066154
86.6,13.03684988
86.605,13.03540665
86.61,13.04345304
86.615,13.04594733
86.62,13.03787589
86.625,13.03577141
86.63,13.04103176
86.635,13.04220152
86.64,13.04095379
86.645,13.04101024
86.65,13.03732396
86.655,13.03508083
86.66,13.04140868
86.665,13.04358899
86.67,13.03557982
86.675,13.03299298
86.68,13.03945256
86.685,13.03956403
86.69,13.03462103
86.695,13.03556506
86.7,13.03821066
86.705,13.03814305
86.71,13.04017013
86.715,13.03995319
86.72,13.03282964
86.725,13.03195979
86.73,13.03999891
86.735,13.04021934
86.74,13.03162279
86.745,13.03069605
86.75,13.03580266
86.755,13.03619157
86.76,13.03558373
86.765,13.0363981
86.77,13.03357264
86.775,13.03212534
86.78,13.03656069
86.785,13.0352314
86.79,13.0278572
86.795,13.02937124
86.8,13.03688149
86.805,13.03466448
86.81,13.02806614
86.815,13.0288321
86.82,13.03154752
86.825,13.03261178
86.83,13.03539282
86.835,13.03437949
86.84,13.02778857
86.845,13.02897907
86.85,13.03646652
86.855,13.03460983
86.86,13.02767066
86.865,13.0298973
86.87,13.03429552
86.875,13.03125181
86.88,13.02907552
86.885,13.03060539
86.89,13.03050086
86.895,13.03245581
86.9,13.03717912
86.905,13.03339233
86.91,13.02560434
86.915,13.02891963
86.92,13.03591997
86.925,13.03207813
86.93,13.02574471
86.935,13.02697767
86.94,13.02810602
86.945,13.02731259
86.95,13.02893703
86.955,13.02811595
86.96,13.02405987
86.965,13.0270443
86.97,13.0323813
86.975,13.02757758
86.98,13.02233587
86.985,13.02820814
86.99,13.03352017
86.995,13.02937925
87,13.02572555
87.005,13.02523002
87.01,13.02398149
87.015,13.02609104
87.02,13.02983632
87.025,13.02509692
87.03,13.01886765
87.035,13.02369867
87.04,13.02875353
87.045,13.02374653
87.05,13.02028562
87.055,13.02455269
87.06,13.0257211
87.065,13.02316229
87.07,13.02302524
87.075,13.02184586
87.08,13.0208564
87.085,13.02674836
87.09,13.0303986
87.095,13.02260347
87.1,13.01755415
87.105,13.02408292
87.11,13.0281948
87.115,13.02362925
87.12,13.02108908
87.125,13.02110219
87.13,13.01910523
87.135,13.02009996
87.14,13.02206017
87.145,13.01760834
87.15,13.01523821
87.155,13.02266458
87.16,13.02594071
87.165,13.01918915
87.17,13.0179398
87.175,13.0250747
87.18,13.02711853
87.185,13.02403894
87.19,13.02233918
87.195,13.01914232
87.2,13.01739138
87.205,13.02271821
87.21,13.02514414
87.215,13.0179693
87.22,13.01547024
87.225,13.02219596
87.23,13.02340606
87.235,13.01828712
87.24,13.018639
87.245,13.02193757
87.25,13.02159951
87.255,13.02185284
87.26,13.02145911
87.265,13.01716729
87.27,13.01821877
87.275,13.0267881
87.28,13.0271616
87.285,13.01819964
87.29,13.01677632
87.295,13.02248263
87.3,13.02329706
87.305,13.02149274
87.31,13.02212069
87.315,13.02079368
87.32,13.02046506
87.325,13.02517561
87.33,13.02548168
87.335,13.01947892
87.34,13.02096678
87.345,13.02834892
87.35,13.02622001
87.355,13.01931947
87.36,13.02077389
87.365,13.02595237
87.37,13.02710509
87.375,13.02748863
87.38,13.025439
87.385,13.01971385
87.39,13.02024113
87.395,13.02626503
87.4,13.02358995
87.405,13.01529349
87.41,13.01637809
87.415,13.02126615
87.42,13.01890293
87.425,13.01528963
87.43,13.0159169
87.435,13.01544238
87.44,13.01532253
87.445,13.01699636
87.45,13.0124477
87.455,13.00560338
87.46,13.00934177
87.465,13.01683577
87.47,13.01300203
87.475,13.00599239
87.48,13.00728417
87.485,13.01012319
87.49,13.00925742
87.495,13.00907228
87.5,13.00724034
87.505,13.00277011
87.51,13.00424577
87.515,13.00817362
87.52,13.00374445
87.525,12.99869193
87.53,13.00449321
87.535,13.00998338
87.54,13.00559559
87.545,13.00103758
87.55,13.00170997
87.555,13.00280995
87.56,13.00527982
87.565,13.00796689
87.57,13.00315745
87.575,12.99755984
87.58,13.00217368
87.585,13.00740617
87.59,13.00199225
87.595,12.99738408
87.6,13.0012717
87.605,13.00323251
87.61,13.00091806
87.615,13.00104888
87.62,13.00156885
87.625,13.00137722
87.63,13.0061974
87.635,13.0093658
87.64,13.00308613
87.645,12.99944957
87.65,13.00732123
87.655,13.01275849
87.66,13.00848024
87.665,13.00581842
87.67,13.00791504
87.675,13.00901573
87.68,13.01065579
87.685,13.01278557
87.69,13.00968161
87.695,13.00793471
87.7,13.0141849
87.705,13.01706529
87.71,13.01100602
87.715,13.01012025
87.72,13.0178463
87.725,13.02093834
87.73,13.01818731
87.735,13.01678632
87.74,13.01586917
87.745,13.01588679
87.75,13.02074216
87.755,13.02191012
87.76,13.0143857
87.765,13.01177208
87.77,13.01841903
87.775,13.01990062
87.78,13.01393011
87.785,13.01311912
87.79,13.01629766
87.795,13.01584981
87.8,13.01489898
87.805,13.01446752
87.81,13.01135883
87.815,13.01243963
87.82,13.01947842
87.825,13.01874918
87.83,13.00939322
87.835,13.0077061
87.84,13.01394095
87.845,13.01408884
87.85,13.00938455
87.855,13.00702381
87.86,13.00507977
87.865,13.00425862
87.87,13.00733377
87.875,13.00660231
87.88,13.00020005
87.885,13.0006571
87.89,13.006985
87.895,13.00466012
87.9,12.99690178
87.905,12.99745872
87.91,13.00204623
87.915,13.00225477
87.92,13.00118773
87.925,12.99967296
87.93,12.99645591
87.935,12.99871314
87.94,13.00576439
87.945,13.0042569
87.95,12.99646145
87.955,12.99692094
87.96,13.00207319
87.965,13.00009214
87.97,12.99604986
87.975,12.99698764
87.98,12.9985064
87.985,12.99927816
87.99,13.0010343
87.995,12.99838244
88,12.99375663
88.005,12.99800156
88.01,13.00482673
88.015,13.00088413
88.02,12.99335491
88.025,12.99473413
88.03,12.99873076
88.035,12.99824649
88.04,12.99716851
88.045,12.99545967
88.05,12.99228854
88.055,12.99414366
88.06,12.99865407
88.065,12.9953906
88.07,12.99084638
88.075,12.99606721
88.08,13.00170922
88.085,12.99779051
88.09,12.99359089
88.095,12.99597286
88.1,12.99879373
88.105,13.00029908
88.11,13.00112773
88.115,12.99705173
88.12,12.99305837
88.125,12.99821489
88.13,13.0042347
88.135,13.00015454
88.14,12.99526051
88.145,12.99852427
88.15,13.00103689
88.155,12.99819791
88.16,12.99634085
88.165,12.99595391
88.17,12.99550906
88.175,12.99851203
88.18,13.00037235
88.185,12.99489475
88.19,12.99214407
88.195,12.99966471
88.2,13.004589
88.205,12.99922466
88.21,12.99481887
88.215,12.99618924
88.22,12.99706416
88.225,12.99721291
88.23,12.99711465
88.235,12.99278838
88.24,12.98944345
88.245,12.99303113
88.25,12.99436089
88.255,12.98787347
88.26,12.9860467
88.265,12.99293783
88.27,12.99576122
88.275,12.99211623
88.28,12.99045261
88.285,12.99145154
88.29,12.9931953
88.295,12.99701991
88.3,12.99689848
88.305,12.98952886
88.31,12.98655455
88.315,12.99248303
88.32,12.99423057
88.325,12.98857523
88.33,12.9871777
88.335,12.99091741
88.34,12.99224288
88.345,12.99231834
88.35,12.99303691
88.355,12.9918343
88.36,12.99309123
88.365,12.99818118
88.37,12.99666456
88.375,12.98835183
88.38,12.98796279
88.385,12.99570752
88.39,12.99781378
88.395,12.99422555
88.4,12.99326
88.405,12.99434678
88.41,12.99554668
88.415,12.99842415
88.42,12.99767154
88.425,12.99239369
88.43,12.99293263
88.435,12.99908779
88.44,12.99837765
88.445,12.99253127
88.45,12.99379354
88.455,12.99913464
88.46,12.99979992
88.465,12.99785577
88.47,12.99636252
88.475,12.99507293
88.48,12.99826342
88.485,13.00412906
88.49,13.00215862
88.495,12.99487593
88.5,12.99550417
88.505,13.00088261
88.51,12.999347
88.515,12.9949516
88.52,12.99509771
88.525,12.99624549
88.53,12.99619183
88.535,12.99678857
88.54,12.99451155
88.545,12.99092751
88.55,12.99407146
88.555,12.99899924
88.56,12.99417851
88.565,12.9864603
88.57,12.98812831
88.575,12.9931449
88.58,12.99261706
88.585,12.98956696
88.59,12.98699391
88.595,12.98470028
88.6,12.98640477
88.605,12.98920039
88.61,12.98487744
88.615,12.9789373
88.62,12.98143826
88.625,12.98510579
88.63,12.98069928
88.635,12.97597189
88.64,12.97761959
88.645,12.9801092
88.65,12.98040146
88.655,12.97966428
88.66,12.97564964
88.665,12.97243172
88.67,12.97665952
88.675,12.98080424
88.68,12.97565875
88.685,12.97016131
88.69,12.97315838
88.695,12.97646956
88.7,12.97434625
88.705,12.97237422
88.71,12.97256521
88.715,12.97278835
88.72,12.97463814
88.725,12.97515157
88.73,12.97015853
88.735,12.9677946
88.74,12.97432995
88.745,12.9785526
88.75,12.97344958
88.755,12.96966005
88.76,12.97297847
88.765,12.97673416
88.77,12.97822151
88.775,12.97849179
88.78,12.97591836
88.785,12.97493863
88.79,12.97969558
88.795,12.98205333
88.8,12.97684507
88.805,12.97469667
88.81,12.97991621
88.815,12.98169827
88.82,12.97743751
88.825,12.97547734
88.83,12.97768499
88.835,12.98058081
88.84,12.9838711
88.845,12.98366186
88.85,12.97852343
88.855,12.97778493
88.86,12.98429252
88.865,12.98602009
88.87,12.97946663
88.875,12.97610907
88.88,12.97835345
88.885,12.97888956
88.89,12.97734349
88.895,12.97646759
88.9,12.97535978
88.905,12.97662257
88.91,12.98071923
88.915,12.97947413
88.92,12.97259416
88.925,12.97219095
88.93,12.97844673
88.935,12.97888181
88.94,12.97354716
88.945,12.97130478
88.95,12.97258124
88.955,12.97403891
88.96,12.97561267
88.965,12.97374085
88.97,12.96834265
88.975,12.96774881
88.98,12.97171256
88.985,12.96970744
88.99,12.96315863
88.995,12.96353566
89,12.96835645
89.005,12.96845352
89.01,12.96524698
89.015,12.96358389
89.02,12.96356073
89.025,12.96657777
89.03,12.97025825
89.035,12.96688207
89.04,12.95992534
89.045,12.96092541
89.05,12.96684348
89.055,12.96598991
89.06,12.96104676
89.065,12.95995346
89.07,12.96104614
89.075,12.96107908
89.08,12.96106215
89.085,12.95922306
89.09,12.95717537
89.095,12.96109375
89.1,12.96620003
89.105,12.96332791
89.11,12.95841228
89.115,12.96207809
89.12,12.96830731
89.125,12.96832382
89.13,12.96511862
89.135,12.96315236
89.14,12.96270378
89.145,12.96522272
89.15,12.96802895
89.155,12.964861
89.16,12.96108408
89.165,12.96502064
89.17,12.97007808
89.175,12.96714136
89.18,12.96304448
89.185,12.96489675
89.19,12.96774784
89.195,12.9673982
89.2,12.9649229
89.205,12.96087681
89.21,12.95912472
89.215,12.96426264
89.22,12.96880091
89.225,12.96473108
89.23,12.96032119
89.235,12.96410566
89.24,12.96821893
89.245,12.96658152
89.25,12.96433139
89.255,12.96413387
89.26,12.96445512
89.265,12.96580173
89.27,12.96608104
89.275,12.96214619
89.28,12.96070921
89.285,12.96594622
89.29,12.9681004
89.295,12.96190799
89.3,12.957771
89.305,12.96139415
89.31,12.96549046
89.315,12.9662049
89.32,12.96478869
89.325,12.96199047
89.33,12.96147877
89.335,12.96549609
89.34,12.96620269
89.345,12.9598205
89.35,12.95626181
89.355,12.95994672
89.36,12.96143436
89.365,12.95734607
89.37,12.95544969
89.375,12.95753389
89.38,12.96015198
89.385,12.96203115
89.39,12.96075327
89.395,12.95599422
89.4,12.95579347
89.405,12.96206664
89.41,12.96367085
89.415,12.95800657
89.42,12.95559078
89.425,12.95890742
89.43,12.96011862
89.435,12.9583735
89.44,12.95715703
89.445,12.95647189
89.45,12.95752263
89.455,12.96024174
89.46,12.95854815
89.465,12.9527881
89.47,12.95348597
89.475,12.95981454
89.48,12.9602778
89.485,12.95457291
89.49,12.95217271
89.495,12.95438857
89.5,12.95709965
89.505,12.95869143
89.51,12.95673493
89.515,12.95275594
89.52,12.95377724
89.525,12.95878965
89.53,12.95798808
89.535,12.95291774
89.54,12.95326822
89.545,12.95717882
89.55,12.95648071
89.555,12.95292744
89.56,12.95171128
89.565,12.95271308
89.57,12.95594545
89.575,12.95888179
89.58,12.95601097
89.585,12.95058494
89.59,12.95254861
89.595,12.95833954
89.6,12.95718643
89.605,12.95187243
89.61,12.95087174
89.615,12.95284883
89.62,12.95342728
89.625,12.95278007
89.63,12.95027881
89.635,12.94808108
89.64,12.95045858
89.645,12.95350777
89.65,12.94967641
89.655,12.94458525
89.66,12.94761594
89.665,12.95321432
89.67,12.95275391
89.675,12.94875701
89.68,12.94669172
89.685,12.94654601
89.69,12.94852125
89.695,12.95005166
89.7,12.94655661
89.705,12.94265124
89.71,12.94550436
89.715,12.9494699
89.72,12.94657622
89.725,12.94293533
89.73,12.94525218
89.735,12.94869996
89.74,12.94788168
89.745,12.94457346
89.75,12.94106039
89.755,12.94026277
89.76,12.94407501
89.765,12.94602009
89.77,12.94057952
89.775,12.93567772
89.78,12.93913398
89.785,12.94368993
89.79,12.94220571
89.795,12.93855604
89.8,12.93707306
89.805,12.93702224
89.81,12.93799031
89.815,12.93797598
89.82,12.93501545
89.825,12.93444876
89.83,12.93938302
89.835,12.94138063
89.84,12.93546518
89.845,12.9310271
89.85,12.93355516
89.855,12.93659526
89.86,12.93567577
89.865,12.93314791
89.87,12.93133633
89.875,12.93239168
89.88,12.93675752
89.885,12.93784643
89.89,12.93293498
89.895,12.930329
89.9,12.93418735
89.905,12.9358473
89.91,12.9317945
89.915,12.92930817
89.92,12.93151679
89.925,12.93447068
89.93,12.93549353
89.935,12.93379347
89.94,12.9303791
89.945,12.93157876
89.95,12.93747761
89.955,12.93884779
89.96,12.93336084
89.965,12.93080259
89.97,12.93457702
89.975,12.93741378
89.98,12.93680763
89.985,12.9355407
89.99,12.93499241
89.995,12.93581346
90,12.93762224
90.005,12.93591855
90.01,12.93174671
90.015,12.933016
90.02,12.93895702
90.025,12.93945883
90.03,12.93414521
90.035,12.93235481
90.04,12.93538997
90.045,12.9380556
90.05,12.93769214
90.055,12.93444568
90.06,12.93076376
90.065,12.93206192
90.07,12.93654395
90.075,12.93559801
90.08,12.92998531
90.085,12.92915503
90.09,12.93278111
90.095,12.93247679
90.1,12.92858781
90.105,12.92663027
90.11,12.92779922
90.115,12.93012751
90.12,12.93157469
90.125,12.92856005
90.13,12.92401376
90.135,12.92554251
90.14,12.93019387
90.145,12.92865126
90.15,12.92282485
90.155,12.92164026
90.16,12.92447729
90.165,12.9259708
90.17,12.9249871
90.175,12.92297781
90.18,12.92149323
90.185,12.92314414
90.19,12.92490456
90.195,12.92126083
90.2,12.91670498
90.205,12.91905491
90.21,12.92428969
90.215,12.92327554
90.22,12.91865115
90.225,12.91731382
90.23,12.91963156
90.235,12.92248087
90.24,12.92298278
90.245,12.919424
90.25,12.91625716
90.255,12.91922799
90.26,12.92354698
90.265,12.92195158
90.27,12.91836212
90.275,12.91992058
90.28,12.92309643
90.285,12.92249972
90.29,12.91973085
90.295,12.91823783
90.3,12.91972145
90.305,12.92384496
90.31,12.92574987
90.315,12.92185628
90.32,12.91911963
90.325,12.92365256
90.33,12.92842008
90.335,12.92606321
90.34,12.9215127
90.345,12.92094349
90.35,12.92278185
90.355,12.92405641
90.36,12.92359675
90.365,12.92130323
90.37,12.92102591
90.375,12.92515367
90.38,12.92732859
90.385,12.92311364
90.39,12.91964973
90.395,12.92273744
90.4,12.92603991
90.405,12.9239681
90.41,12.92009679
90.415,12.91873654
90.42,12.92059044
90.425,12.92403455
90.43,12.92474168
90.435,12.92097773
90.44,12.91916933
90.445,12.92280574
90.45,12.92464415
90.455,12.92070963
90.46,12.91768945
90.465,12.91949815
90.47,12.92157338
90.475,12.92054478
90.48,12.91747848
90.485,12.9150098
90.49,12.91657173
90.495,12.92130219
90.5,12.9217593
90.505,12.91635382
90.51,12.91413463
90.515,12.91850769
90.52,12.92177797
90.525,12.9196339
90.53,12.91659947
90.535,12.91618093
90.54,12.91770276
90.545,12.91939934
90.55,12.91858214
90.555,12.91579142
90.56,12.91646122
90.565,12.92065844
90.57,12.92065276
90.575,12.91568389
90.58,12.91412927
90.585,12.91836184
90.59,12.92186779
90.595,12.92136724
90.6,12.91925428
90.605,12.91841026
90.61,12.92119811
90.615,12.92533246
90.62,12.92484758
90.625,12.92062579
90.63,12.92072379
90.635,12.92542711
90.64,12.92663174
90.645,12.92356351
90.65,12.92265484
90.655,12.92543135
90.66,12.92822082
90.665,12.92824926
90.67,12.92492993
90.675,12.92203346
90.68,12.92455326
90.685,12.92971147
90.69,12.92940811
90.695,12.92474357
90.7,12.92426918
90.705,12.92857184
90.71,12.9311842
90.715,12.92988485
90.72,12.92810477
90.725,12.92838491
90.73,12.93073111
90.735,12.93229289
90.74,12.93020068
90.745,12.92792833
90.75,12.93115976
90.755,12.93630473
90.76,12.93568753
90.765,12.93142199
90.77,12.93078676
90.775,12.93432761
90.78,12.93678091
90.785,12.93540468
90.79,12.93112138
90.795,12.92835596
90.8,12.93074973
90.805,12.93398188
90.81,12.93177197
90.815,12.92747328
90.82,12.92824313
90.825,12.93146641
90.83,12.93076659
90.835,12.92713617
90.84,12.92569507
90.845,12.92737052
90.85,12.92984089
90.855,12.929576
90.86,12.92546613
90.865,12.9229243
90.87,12.92633397
90.875,12.93051336
90.88,12.92852332
90.885,12.92420655
90.89,12.92422827
90.895,12.92743355
90.9,12.92885975
90.905,12.92733724
90.91,12.92506879
90.915,12.92522725
90.92,12.92833619
90.925,12.92933133
90.93,12.92577303
90.935,12.92364069
90.94,12.92769537
90.945,12.93193239
90.95,12.93027668
90.955,12.92629993
90.96,12.92571591
90.965,12.92869118
90.97,12.9318108
90.975,12.93139067
90.98,12.92735739
90.985,12.92548947
90.99,12.92861122
90.995,12.93076769
91,12.92778863
91.005,12.92528579
91.01,12.92760549
91.015,12.93051974
91.02,12.92981388
91.025,12.92747385
91.03,12.92708603
91.035,12.92997141
91.04,12.93389753
91.045,12.93355447
91.05,12.92893962
91.055,12.92773935
91.06,12.93277366
91.065,12.93619147
91.07,12.93341238
91.075,12.92969116
91.08,12.92971084
91.085,12.93192444
91.09,12.93319809
91.095,12.93177906
91.1,12.92906095
91.105,12.92974146
91.11,12.93344693
91.115,12.93333154
91.12,12.9285149
91.125,12.92685486
91.13,12.93058344
91.135,12.93298843
91.14,12.93035226
91.145,12.92653079
91.15,12.92576895
91.155,12.92846404
91.16,12.93156296
91.165,12.93051197
91.17,12.92631249
91.175,12.92547927
91.18,12.92867001
91.185,12.92878872
91.19,12.92448472
91.195,12.92215801
91.2,12.92385547
91.205,12.92507758
91.21,12.92294501
91.215,12.91875714
91.22,12.91637564
91.225,12.91865452
91.23,12.92208437
91.235,12.9201565
91.24,12.91459581
91.245,12.9138871
91.25,12.91831246
91.255,12.91999903
91.26,12.91676077
91.265,12.91341323
91.27,12.91264544
91.275,12.91408213
91.28,12.91497666
91.285,12.9125374
91.29,12.90932741
91.295,12.91055421
91.3,12.91405605
91.305,12.91259282
91.31,12.90791779
91.315,12.9076586
91.32,12.91189085
91.325,12.91417759
91.33,12.91241169
91.335,12.90965893
91.34,12.90972122
91.345,12.91368507
91.35,12.91738326
91.355,12.91576912
91.36,12.91199432
91.365,12.91337032
91.37,12.91762039
91.375,12.91778887
91.38,12.91452838
91.385,12.9138807
91.39,12.91667556
91.395,12.91917127
91.4,12.91880501
91.405,12.91589318
91.41,12.9147878
91.415,12.91891274
91.42,12.92336052
91.425,12.92125809
91.43,12.91628244
91.435,12.91603792
91.44,12.91947645
91.445,12.92017176
91.45,12.91745927
91.455,12.91527049
91.46,12.91583546
91.465,12.91833246
91.47,12.91901659
91.475,12.91601211
91.48,12.91376967
91.485,12.91652257
91.49,12.91957161
91.495,12.91716097
91.5,12.91279245
91.505,12.91298234
91.51,12.91658031
91.515,12.91816577
91.52,12.91544042
91.525,12.91090446
91.53,12.90971668
91.535,12.9130718
91.54,12.91543584
91.545,12.91220171
91.55,12.90850866
91.555,12.90993614
91.56,12.91242832
91.565,12.91078439
91.57,12.90726419
91.575,12.90646848
91.58,12.90866483
91.585,12.91088123
91.59,12.90959173
91.595,12.90551289
91.6,12.90433479
91.605,12.90826727
91.61,12.91059581
91.615,12.90656814
91.62,12.90189354
91.625,12.90243242
91.63,12.90546952
91.635,12.90597054
91.64,12.90378137
91.645,12.90190518
91.65,12.90338695
91.655,12.90686453
91.66,12.9070035
91.665,12.90330646
91.67,12.90236606
91.675,12.90668848
91.68,12.90972448
91.685,12.90714022
91.69,12.90341965
91.695,12.90402689
91.7,12.90797949
91.705,12.91078534
91.71,12.90916499
91.715,12.90529683
91.72,12.90510361
91.725,12.90909347
91.73,12.91049749
91.735,12.90700292
91.74,12.90498132
91.745,12.90737049
91.75,12.90954116
91.755,12.90812595
91.76,12.90583788
91.765,12.9062247
91.77,12.90975428
91.775,12.91290151
91.78,12.91118716
91.785,12.90665661
91.79,12.90671349
91.795,12.9119546
91.8,12.91441394
91.805,12.91125787
91.81,12.90853673
91.815,12.91024427
91.82,12.91332947
91.825,12.91403615
91.83,12.91162435
91.835,12.90924065
91.84,12.91106168
91.845,12.91502671
91.85,12.91489493
91.855,12.91117903
91.86,12.9113144
91.865,12.91572621
91.87,12.91726162
91.875,12.9138312
91.88,12.91018191
91.885,12.9103165
91.89,12.91362846
91.895,12.91609503
91.9,12.91406898
91.905,12.91026588
91.91,12.91092145
91.915,12.91483672
91.92,12.91468171
91.925,12.91059856
91.93,12.90948211
91.935,12.91223854
91.94,12.91386496
91.945,12.91194635
91.95,12.90883287
91.955,12.90802435
91.96,12.91094281
91.965,12.91359001
91.97,12.91075332
91.975,12.90609066
91.98,12.90729725
91.985,12.91269328
91.99,12.91417946
91.995,12.91078356
92,12.90800557
92.005,12.90826721
92.01,12.90964303
92.015,12.90948194
92.02,12.90650669
92.025,12.90408195
92.03,12.90644451
92.035,12.90952035
92.04,12.90725022
92.045,12.90310487
92.05,12.90439498
92.055,12.90899929
92.06,12.91010355
92.065,12.90732707
92.07,12.90469426
92.075,12.905127
92.08,12.90852862
92.085,12.91063378
92.09,12.90754051
92.095,12.90403765
92.1,12.90635364
92.105,12.91076458
92.11,12.91038771
92.115,12.90776844
92.12,12.9088992
92.125,12.91268067
92.13,12.91475768
92.135,12.91331016
92.14,12.91020181
92.145,12.90965268
92.15,12.91361509
92.155,12.9163456
92.16,12.91283198
92.165,12.90864426
92.17,12.91079835
92.175,12.91542677
92.18,12.91608441
92.185,12.91398907
92.19,12.91276453
92.195,12.91392111
92.2,12.91611975
92.205,12.91623564
92.21,12.9128544
92.215,12.91128286
92.22,12.914843
92.225,12.91726248
92.23,12.91376826
92.235,12.91008117
92.24,12.91217138
92.245,12.91637714
92.25,12.91746232
92.255,12.91465969
92.26,12.91096189
92.265,12.91029414
92.27,12.91339934
92.275,12.91416776
92.28,12.90962826
92.285,12.90672404
92.29,12.90975011
92.295,12.91279555
92.3,12.91096484
92.305,12.90843035
92.31,12.90891636
92.315,12.91145406
92.32,12.91290885
92.325,12.91096092
92.33,12.90692398
92.335,12.90710252
92.34,12.91244106
92.345,12.91460022
92.35,12.91042343
92.355,12.90724697
92.36,12.90990163
92.365,12.91312078
92.37,12.91317326
92.375,12.9114088
92.38,12.91049972
92.385,12.91227334
92.39,12.91530525
92.395,12.91462535
92.4,12.91049319
92.405,12.91026884
92.41,12.91486205
92.415,12.91663677
92.42,12.91276058
92.425,12.90986727
92.43,12.91164085
92.435,12.91528506
92.44,12.9164719
92.445,12.91365373
92.45,12.90983127
92.455,12.91054724
92.46,12.91488961
92.465,12.91492159
92.47,12.91057543
92.475,12.90951681
92.48,12.91287731
92.485,12.91422226
92.49,12.9122015
92.495,12.91027972
92.5,12.91091685
92.505,12.91420126
92.51,12.91661836
92.515,12.91417159
92.52,12.90986517
92.525,12.91152056
92.53,12.91724537
92.535,12.91811667
92.54,12.9139091
92.545,12.91223381
92.55,12.91470897
92.555,12.91733381
92.56,12.91773394
92.565,12.91575355
92.57,12.91451794
92.575,12.91765483
92.58,12.92183279
92.585,12.92046392
92.59,12.91679746
92.595,12.91839039
92.6,12.92284796
92.605,12.92279207
92.61,12.91874199
92.615,12.91607111
92.62,12.91685574
92.625,12.92029482
92.63,12.92256892
92.635,12.92004594
92.64,12.91673565
92.645,12.91918182
92.65,12.92314154
92.655,12.92088435
92.66,12.91579637
92.665,12.9149108
92.67,12.91698218
92.675,12.91729281
92.68,12.91596086
92.685,12.91469627
92.69,12.91598665
92.695,12.92104191
92.7,12.92422237
92.705,12.92045816
92.71,12.91575364
92.715,12.91803718
92.72,12.92247448
92.725,12.92157475
92.73,12.9179091
92.735,12.91684526
92.74,12.91825111
92.745,12.92045013
92.75,12.92089981
92.755,12.91788673
92.76,12.91624638
92.765,12.91998263
92.77,12.92308334
92.775,12.91970151
92.78,12.91683793
92.785,12.92018806
92.79,12.92439627
92.795,12.92410543
92.8,12.92112949
92.805,12.91872761
92.81,12.91907311
92.815,12.92284708
92.82,12.92439493
92.825,12.92004134
92.83,12.91677207
92.835,12.92044906
92.84,12.92355106
92.845,12.92081761
92.85,12.91799467
92.855,12.91943076
92.86,12.92206422
92.865,12.92304422
92.87,12.92194849
92.875,12.91903114
92.88,12.91947117
92.885,12.92446915
92.89,12.92638612
92.895,12.9213755
92.9,12.91845143
92.905,12.92252893
92.91,12.92647211
92.915,12.92574172
92.92,12.92347552
92.925,12.92244527
92.93,12.923396
92.935,12.92647632
92.94,12.92667015
92.945,12.92346098
92.95,12.92407998
92.955,12.93017196
92.96,12.93209389
92.965,12.92743527
92.97,12.92508939
92.975,12.92784121
92.98,12.93061064
92.985,12.93045745
92.99,12.9285347
92.995,12.926024
93,12.92783867
93.005,12.93351647
93.01,12.93496819
93.015,12.93066367
93.02,12.92989501
93.025,12.93476769
93.03,12.93664162
93.035,12.9339998
93.04,12.93208027
93.045,12.93273784
93.05,12.93399373
93.055,12.934856
93.06,12.93216571
93.065,12.92791684
93.07,12.9295557
93.075,12.93585221
93.08,12.93643153
93.085,12.93126061
93.09,12.93016379
93.095,12.93345196
93.1,12.93534552
93.105,12.93401518
93.11,12.93128432
93.115,12.92828771
93.12,12.92874537
93.125,12.93106427
93.13,12.92835451
93.135,12.92301664
93.14,12.92407755
93.145,12.92925897
93.15,12.92881751
93.155,12.92509738
93.16,12.92479806
93.165,12.92781004
93.17,12.93080657
93.175,12.93195
93.18,12.92857637
93.185,12.92406503
93.19,12.92597048
93.195,12.93068667
93.2,12.9289832
93.205,12.92431359
93.21,12.92599626
93.215,12.93056686
93.22,12.93164514
93.225,12.93056732
93.23,12.93010299
93.235,12.93053932
93.24,12.93341171
93.245,12.93532531
93.25,12.93075708
93.255,12.92577678
93.26,12.92864533
93.265,12.93358449
93.27,12.93126181
93.275,12.92679831
93.28,12.92717126
93.285,12.93018266
93.29,12.93275865
93.295,12.93397989
93.3,12.93212692
93.305,12.93034207
93.31,12.93380322
93.315,12.93677089
93.32,12.93272458
93.325,12.92878326
93.33,12.93239785
93.335,12.93659459
93.34,12.93510093
93.345,12.93240614
93.35,12.93209212
93.355,12.93372716
93.36,12.93734956
93.365,12.9391768
93.37,12.93491582
93.375,12.93171506
93.38,12.93599484
93.385,12.93937448
93.39,12.93532192
93.395,12.93166342
93.4,12.93335868
93.405,12.93505172
93.41,12.9347468
93.415,12.9340034
93.42,12.93246983
93.425,12.93274835
93.43,12.93764526
93.435,12.93960885
93.44,12.93384422
93.445,12.93054344
93.45,12.93506286
93.455,12.93787136
93.46,12.93404866
93.465,12.93041046
93.47,12.92924364
93.475,12.92916194
93.48,12.93066733
93.485,12.93068873
93.49,12.92666837
93.495,12.92535696
93.5,12.93051884
93.505,12.93196128
93.51,12.92632132
93.515,12.9238649
93.52,12.92782242
93.525,12.92992817
93.53,12.92809361
93.535,12.92571505
93.54,12.92340915
93.545,12.92386586
93.55,12.92819591
93.555,12.92879354
93.56,12.92298937
93.565,12.92152859
93.57,12.92657235
93.575,12.92790829
93.58,12.92360602
93.585,12.92210256
93.59,12.92384566
93.595,12.92484073
93.6,12.92538472
93.605,12.92369753
93.61,12.92015539
93.615,12.92142356
93.62,12.9277001
93.625,12.92749121
93.63,12.92100424
93.635,12.91989101
93.64,12.92470677
93.645,12.92604368
93.65,12.9235444
93.655,12.92161994
93.66,12.92017075
93.665,12.92145017
93.67,12.92500287
93.675,12.92452225
93.68,12.91978514
93.685,12.92094661
93.69,12.92615028
93.695,12.9247252
93.7,12.91884475
93.705,12.91806837
93.71,12.92127623
93.715,12.92283107
93.72,12.92318441
93.725,12.92141214
93.73,12.91909233
93.735,12.92168044
93.74,12.9274704
93.745,12.92586227
93.75,12.9197281
93.755,12.91983983
93.76,12.92354003
93.765,12.92261217
93.77,12.91962455
93.775,12.91995053
93.78,12.92120694
93.785,12.92345968
93.79,12.92541158
93.795,12.92295504
93.8,12.91900218
93.805,12.92229734
93.81,12.92795898
93.815,12.92568229
93.82,12.92065318
93.825,12.92173683
93.83,12.9255202
93.835,12.92617743
93.84,12.92536063
93.845,12.92273508
93.85,12.92032697
93.855,12.92242372
93.86,12.92553754
93.865,12.92224365
93.87,12.91841129
93.875,12.92227319
93.88,12.92669147
93.885,12.92436768
93.89,12.9206018
93.895,12.92105967
93.9,12.92266271
93.905,12.92498581
93.91,12.9260591
93.915,12.92250424
93.92,12.91934541
93.925,12.92373475
93.93,12.92850305
93.935,12.92503918
93.94,12.92164059
93.945,12.92469318
93.95,12.92778923
93.955,12.92643331
93.96,12.92484609
93.965,12.92351168
93.97,12.92317285
93.975,12.92628024
93.98,12.92779617
93.985,12.92300513
93.99,12.92038661
93.995,12.92641359
94,12.93073194
94.005,12.92764587
94.01,12.92471247
94.015,12.92620721
94.02,12.92801307
94.025,12.92962216
94.03,12.93013
94.035,12.92709938
94.04,12.92610423
94.045,12.93115515
94.05,12.9337194
94.055,12.92892424
94.06,12.92727979
94.065,12.93216882
94.07,12.93455327
94.075,12.93191478
94.08,12.93017535
94.085,12.93024676
94.09,12.93175545
94.095,12.93566982
94.1,12.93595639
94.105,12.93009518
94.11,12.92807522
94.115,12.93377893
94.12,12.93564758
94.125,12.93121237
94.13,12.93027337
94.135,12.93370536
94.14,12.93516863
94.145,12.93496799
94.15,12.93426135
94.155,12.93172731
94.16,12.93247556
94.165,12.93764721
94.17,12.93739271
94.175,12.93056894
94.18,12.92961969
94.185,12.9354687
94.19,12.93698836
94.195,12.93359334
94.2,12.93210735
94.205,12.93244654
94.21,12.93347985
94.215,12.93646355
94.22,12.93627607
94.225,12.9320492
94.23,12.93288907
94.235,12.93867811
94.24,12.93784622
94.245,12.93152217
94.25,12.93152592
94.255,12.93588086
94.26,12.93670743
94.265,12.93518041
94.27,12.93382148
94.275,12.93218262
94.28,12.9344291
94.285,12.93974295
94.29,12.93835726
94.295,12.93205058
94.3,12.93231443
94.305,12.93713714
94.31,12.93580194
94.315,12.93177625
94.32,12.9320176
94.325,12.93400097
94.33,12.93527724
94.335,12.93646982
94.34,12.93440174
94.345,12.93063896
94.35,12.93336304
94.355,12.93819449
94.36,12.93482497
94.365,12.92830029
94.37,12.93011094
94.375,12.93533059
94.38,12.93605484
94.385,12.93488719
94.39,12.93409036
94.395,12.93316589
94.4,12.93501279
94.405,12.93806107
94.41,12.93446288
94.415,12.92923406
94.42,12.9320885
94.425,12.93725624
94.43,12.93467171
94.435,12.93076244
94.44,12.93283006
94.445,12.93598792
94.45,12.93688682
94.455,12.93636796
94.46,12.93312379
94.465,12.92995192
94.47,12.93413556
94.475,12.93929202
94.48,12.93625248
94.485,12.93187263
94.49,12.93514007
94.495,12.93894767
94.5,12.93707307
94.505,12.93498286
94.51,12.93488887
94.515,12.93558619
94.52,12.93802431
94.525,12.9397295
94.53,12.93549039
94.535,12.93266683
94.54,12.93771453
94.545,12.94149941
94.55,12.93653193
94.555,12.9316347
94.56,12.93318042
94.565,12.93506887
94.57,12.9353134
94.575,12.93469752
94.58,12.93211151
94.585,12.93016353
94.59,12.93369559
94.595,12.93556126
94.6,12.93022882
94.605,12.92726303
94.61,12.93173952
94.615,12.93384887
94.62,12.92929659
94.625,12.92607157
94.63,12.92581828
94.635,12.92675428
94.64,12.92868842
94.645,12.92851808
94.65,12.92345995
94.655,12.92189375
94.66,12.9277593
94.665,12.92991154
94.67,12.9246613
94.675,12.92203618
94.68,12.92503775
94.685,12.92553882
94.69,12.92347678
94.695,12.92172271
94.7,12.91987244
94.705,12.92016189
94.71,12.92421022
94.715,12.92414199
94.72,12.91786277
94.725,12.91688427
94.73,12.92268417
94.735,12.92404992
94.74,12.91883189
94.745,12.91628257
94.75,12.91715119
94.755,12.91846194
94.76,12.92011924
94.765,12.91941721
94.77,12.91527339
94.775,12.91503942
94.78,12.91981651
94.785,12.91886766
94.79,12.91292438
94.795,12.91286195
94.8,12.91812028
94.805,12.91942499
94.81,12.91783882
94.815,12.91695486
94.82,12.91647599
94.825,12.91849642
94.83,12.92229221
94.835,12.92051083
94.84,12.91427894
94.845,12.91524586
94.85,12.92124091
94.855,12.9212664
94.86,12.91714543
94.865,12.91754569
94.87,12.92023606
94.875,12.92118968
94.88,12.9217828
94.885,12.92044017
94.89,12.91814907
94.895,12.92098939
94.9,12.92648321
94.905,12.92441779
94.91,12.91904981
94.915,12.92148155
94.92,12.92756441
94.925,12.92798222
94.93,12.92543005
94.935,12.92452365
94.94,12.92430668
94.945,12.92642171
94.95,12.92945801
94.955,12.92752748
94.96,12.92389248
94.965,12.92747432
94.97,12.93254884
94.975,12.92940572
94.98,12.92432108
94.985,12.92546455
94.99,12.92830134
94.995,12.92801155
95,12.92676153
95.005,12.92415027
95.01,12.92217719
95.015,12.9258767
95.02,12.93027489
95.025,12.92665074
95.03,12.92170501
95.035,12.92487809
95.04,12.92887068
95.045,12.92646628
95.05,12.92297247
95.055,12.92258231
95.06,12.9226592
95.065,12.92355213
95.07,12.92389093
95.075,12.92003322
95.08,12.91751938
95.085,12.92261954
95.09,12.92699207
95.095,12.92290374
95.1,12.91954723
95.105,12.92319811
95.11,12.92695037
95.115,12.92663051
95.12,12.92555219
95.125,12.92352017
95.13,12.92224003
95.135,12.9254787
95.14,12.92721849
95.145,12.92241896
95.15,12.91984517
95.155,12.92541826
95.16,12.92867465
95.165,12.92502966
95.17,12.92271082
95.175,12.92478264
95.18,12.92675993
95.185,12.92806893
95.19,12.92758258
95.195,12.92307837
95.2,12.92151773
95.205,12.92676474
95.21,12.9293998
95.215,12.92430675
95.22,12.92233357
95.225,12.92679472
95.23,12.928963
95.235,12.92728827
95.24,12.92613462
95.245,12.92546082
95.25,12.92592306
95.255,12.92936693
95.26,12.92913909
95.265,12.92347531
95.27,12.92248088
95.275,12.92830193
95.28,12.92902719
95.285,12.9232183
95.29,12.92081447
95.295,12.92306829
95.3,12.92508948
95.305,12.92663175
95.31,12.9270064
95.315,12.92418603
95.32,12.92454094
95.325,12.92927229
95.33,12.92855614
95.335,12.921559
95.34,12.92036103
95.345,12.92518481
95.35,12.92592034
95.355,12.92331157
95.36,12.92293824
95.365,12.92412621
95.37,12.92608621
95.375,12.92917835
95.38,12.92732877
95.385,12.92130109
95.39,12.92123192
95.395,12.92650448
95.4,12.92573482
95.405,12.9206294
95.41,12.92105154
95.415,12.92421936
95.42,12.92458929
95.425,12.92396932
95.43,12.92302532
95.435,12.92112833
95.44,12.92362012
95.445,12.92851323
95.45,12.9266494
95.455,12.92138818
95.46,12.92380684
95.465,12.93013808
95.47,12.92982619
95.475,12.9263538
95.48,12.92574436
95.485,12.92641148
95.49,12.92743067
95.495,12.92921103
95.5,12.92744197
95.505,12.92419683
95.51,12.92787012
95.515,12.9337836
95.52,12.93196559
95.525,12.9277273
95.53,12.93015084
95.535,12.93374576
95.54,12.93313393
95.545,12.93166767
95.55,12.93046815
95.555,12.93004822
95.56,12.93410012
95.565,12.93884055
95.57,12.93618225
95.575,12.93252197
95.58,12.93713623
95.585,12.94276276
95.59,12.94107598
95.595,12.93870007
95.6,12.94078773
95.605,12.94301573
95.61,12.94437344
95.615,12.94520179
95.62,12.94260235
95.625,12.94035287
95.63,12.94502103
95.635,12.9491431
95.64,12.94494943
95.645,12.94103981
95.65,12.94500697
95.655,12.94940217
95.66,12.94879039
95.665,12.94763825
95.67,12.9470789
95.675,12.9471356
95.68,12.94996583
95.685,12.95171055
95.69,12.94698256
95.695,12.94374421
95.7,12.94830014
95.705,12.95094631
95.71,12.94650738
95.715,12.94378481
95.72,12.94633962
95.725,12.94791307
95.73,12.94803068
95.735,12.94740135
95.74,12.94458259
95.745,12.94407109
95.75,12.94969037
95.755,12.95230788
95.76,12.94686156
95.765,12.94418868
95.77,12.94838725
95.775,12.95002835
95.78,12.94644085
95.785,12.94474908
95.79,12.94489197
95.795,12.94576161
95.8,12.94851043
95.805,12.94874286
95.81,12.94395834
95.815,12.9428719
95.82,12.94847637
95.825,12.94922012
95.83,12.94354826
95.835,12.94190326
95.84,12.94576414
95.845,12.94762072
95.85,12.94766968
95.855,12.94700829
95.86,12.94430647
95.865,12.94416005
95.87,12.94815233
95.875,12.94765246
95.88,12.94129214
95.885,12.94122821
95.89,12.94710441
95.895,12.94804791
95.9,12.94452839
95.905,12.94415135
95.91,12.94557652
95.915,12.94666656
95.92,12.94849151
95.925,12.94705086
95.93,12.94239545
95.935,12.94335717
95.94,12.94965028
95.945,12.94927459
95.95,12.94384618
95.955,12.94391759
95.96,12.94806857
95.965,12.94874935
95.97,12.94791266
95.975,12.94765587
95.98,12.94655224
95.985,12.94832737
95.99,12.95232394
95.995,12.95077833
96,12.94563863
96.005,12.94808795
96.01,12.95380759
96.015,12.95235046
96.02,12.94777619
96.025,12.94798934
96.03,12.95005394
96.035,12.95130909
96.04,12.95301923
96.045,12.95134925
96.05,12.94804878
96.055,12.95090734
96.06,12.95662521
96.065,12.95421907
96.07,12.94915809
96.075,12.95151098
96.08,12.95567759
96.085,12.95454748
96.09,12.95240118
96.095,12.95213788
96.1,12.95197787
96.105,12.95460237
96.11,12.95746261
96.115,12.95424084
96.12,12.9498739
96.125,12.95391094
96.13,12.95960813
96.135,12.95752854
96.14,12.95431402
96.145,12.95616764
96.15,12.95802859
96.155,12.95735742
96.16,12.95651604
96.165,12.95325706
96.17,12.95002195
96.175,12.95292415
96.18,12.95614629
96.185,12.95142
96.19,12.94735843
96.195,12.95189269
96.2,12.95555769
96.205,12.95223845
96.21,12.94867347
96.215,12.94796086
96.22,12.947747
96.225,12.94967024
96.23,12.95110515
96.235,12.94681697
96.24,12.94327983
96.245,12.94735763
96.25,12.94996329
96.255,12.94480823
96.26,12.94154853
96.265,12.9446507
96.27,12.94670206
96.275,12.94577436
96.28,12.94510527
96.285,12.94336226
96.29,12.94298573
96.295,12.9474318
96.3,12.9492084
96.305,12.94363701
96.31,12.94114766
96.315,12.94675969
96.32,12.94984797
96.325,12.94697423
96.33,12.94582342
96.335,12.94749798
96.34,12.94859222
96.345,12.95027697
96.35,12.95075957
96.355,12.94707343
96.36,12.94633278
96.365,12.95176468
96.37,12.95316789
96.375,12.94770618
96.38,12.94665566
96.385,12.95184482
96.39,12.95427231
96.395,12.95348102
96.4,12.95305518
96.405,12.95240526
96.41,12.9532791
96.415,12.95741038
96.42,12.95750796
96.425,12.95195018
96.43,12.95113966
96.435,12.95604893
96.44,12.95605171
96.445,12.95114431
96.45,12.95032497
96.455,12.95265518
96.46,12.95416539
96.465,12.95529568
96.47,12.95434563
96.475,12.95085542
96.48,12.95212334
96.485,12.95794655
96.49,12.9573997
96.495,12.95151067
96.5,12.95143685
96.505,12.95602076
96.51,12.95615791
96.515,12.95376848
96.52,12.95292351
96.525,12.95245621
96.53,12.95358012
96.535,12.95661371
96.54,12.95533395
96.545,12.95091752
96.55,12.95306664
96.555,12.95868274
96.56,12.95711862
96.565,12.95153153
96.57,12.95101576
96.575,12.95283035
96.58,12.95307107
96.585,12.95280191
96.59,12.95117289
96.595,12.94885161
96.6,12.95171515
96.605,12.9568117
96.61,12.95463872
96.615,12.94996751
96.62,12.95211478
96.625,12.95637558
96.63,12.95477463
96.635,12.95203518
96.64,12.95188128
96.645,12.95236309
96.65,12.95429774
96.655,12.95649791
96.66,12.953768
96.665,12.95020327
96.67,12.95452542
96.675,12.96009235
96.68,12.95792211
96.685,12.95379662
96.69,12.95552841
96.695,12.95774728
96.7,12.95682774
96.705,12.95557754
96.71,12.95357628
96.715,12.9519836
96.72,12.95466569
96.725,12.95747137
96.73,12.95336376
96.735,12.95000012
96.74,12.9546005
96.745,12.95913166
96.75,12.95689037
96.755,12.95434564
96.76,12.95510023
96.765,12.95620335
96.77,12.95798904
96.775,12.95888288
96.78,12.95558538
96.785,12.95332636
96.79,12.95821747
96.795,12.96177252
96.8,12.9579447
96.805,12.95559729
96.81,12.95980384
96.815,12.96270932
96.82,12.96130534
96.825,12.95975901
96.83,12.95826986
96.835,12.95787829
96.84,12.96071896
96.845,12.96162487
96.85,12.9561927
96.855,12.95369997
96.86,12.95886945
96.865,12.96208536
96.87,12.95900444
96.875,12.95714741
96.88,12.95877517
96.885,12.95987949
96.89,12.96081081
96.895,12.96040159
96.9,12.95721815
96.905,12.95642078
96.91,12.96082493
96.915,12.96128846
96.92,12.95556383
96.925,12.95432999
96.93,12.95949477
96.935,12.96200712
96.94,12.96027957
96.945,12.95942711
96.95,12.9590334
96.955,12.96008653
96.96,12.96338774
96.965,12.96330334
96.97,12.95804148
96.975,12.9568489
96.98,12.96140252
96.985,12.9615873
96.99,12.95689407
96.995,12.95582953
97,12.95871228
97.005,12.95969802
97.01,12.95926749
97.015,12.9575847
97.02,12.95472807
97.025,12.95559223
97.03,12.95987986
97.035,12.95885529
97.04,12.95295151
97.045,12.95283381
97.05,12.95782432
97.055,12.9593299
97.06,12.95761269
97.065,12.95777012
97.07,12.9588884
97.075,12.96072699
97.08,12.96316741
97.085,12.96190551
97.09,12.95824023
97.095,12.96018826
97.1,12.96569529
97.105,12.96503617
97.11,12.96112426
97.115,12.96262736
97.12,12.96757978
97.125,12.96974933
97.13,12.9699201
97.135,12.96910994
97.14,12.96837694
97.145,12.97129522
97.15,12.9755823
97.155,12.97430524
97.16,12.97078808
97.165,12.97380321
97.17,12.97892575
97.175,12.97838408
97.18,12.97520236
97.185,12.97510682
97.19,12.97672958
97.195,12.97857355
97.2,12.97937813
97.205,12.97656739
97.21,12.97399861
97.215,12.97730884
97.22,12.98150578
97.225,12.978674
97.23,12.97445897
97.235,12.97614749
97.24,12.97975939
97.245,12.98052434
97.25,12.98020067
97.255,12.97981497
97.26,12.98009323
97.265,12.98302132
97.27,12.98468082
97.275,12.98067
97.28,12.97715154
97.285,12.98065078
97.29,12.98437407
97.295,12.98216118
97.3,12.97928051
97.305,12.98044386
97.31,12.98291059
97.315,12.9844284
97.32,12.98378833
97.325,12.98016117
97.33,12.97852299
97.335,12.98248062
97.34,12.98541045
97.345,12.98228697
97.35,12.98015733
97.355,12.98356283
97.36,12.98662722
97.365,12.98585339
97.37,12.98449891
97.375,12.98414283
97.38,12.98558655
97.385,12.9891563
97.39,12.99002906
97.395,12.98607581
97.4,12.98499797
97.405,12.99011457
97.41,12.99298431
97.415,12.99008301
97.42,12.98806057
97.425,12.99012677
97.43,12.99254938
97.435,12.99350903
97.44,12.99259543
97.445,12.99016483
97.45,12.99053744
97.455,12.99458118
97.46,12.9952511
97.465,12.99089731
97.47,12.99012864
97.475,12.99489258
97.48,12.99751586
97.485,12.99579848
97.49,12.99394337
97.495,12.99381359
97.5,12.99558427
97.505,12.99806541
97.51,12.99715042
97.515,12.9933448
97.52,12.9940764
97.525,12.99932525
97.53,13.00072367
97.535,12.99768598
97.54,12.99757772
97.545,13.00110739
97.55,13.00325603
97.555,13.00316363
97.56,13.00174918
97.565,13.00076132
97.57,13.00322298
97.575,13.00753812
97.58,13.00693203
97.585,13.00303388
97.59,13.00432813
97.595,13.00973527
97.6,13.01143305
97.605,13.00941217
97.61,13.00905486
97.615,13.01083432
97.62,13.0134154
97.625,13.01499844
97.63,13.01330315
97.635,13.01066785
97.64,13.01280679
97.645,13.01693867
97.65,13.01568984
97.655,13.01158148
97.66,13.01197591
97.665,13.0157498
97.67,13.01701031
97.675,13.01554714
97.68,13.01341856
97.685,13.01285132
97.69,13.01522819
97.695,13.01741121
97.7,13.01463804
97.705,13.01083872
97.71,13.01299333
97.715,13.01756038
97.72,13.01745133
97.725,13.01458375
97.73,13.01479934
97.735,13.01745813
97.74,13.01983056
97.745,13.02003036
97.75,13.01763517
97.755,13.01614843
97.76,13.01959448
97.765,13.02335541
97.77,13.02140844
97.775,13.01826017
97.78,13.02035467
97.785,13.02484152
97.79,13.02573233
97.795,13.02385931
97.8,13.02213779
97.805,13.02264192
97.81,13.02480341
97.815,13.02506708
97.82,13.02119118
97.825,13.01819509
97.83,13.02072478
97.835,13.02339022
97.84,13.02119532
97.845,13.01786758
97.85,13.01885989
97.855,13.02225655
97.86,13.02419932
97.865,13.02331455
97.87,13.02118714
97.875,13.0215787
97.88,13.02549665
97.885,13.02755749
97.89,13.02434355
97.895,13.02200807
97.9,13.02499184
97.905,13.02881045
97.91,13.02865854
97.915,13.0270971
97.92,13.02757594
97.925,13.03033104
97.93,13.03306302
97.935,13.03238071
97.94,13.02857964
97.945,13.02754452
97.95,13.03129849
97.955,13.03323921
97.96,13.03008763
97.965,13.02724534
97.97,13.02916875
97.975,13.03242253
97.98,13.0333336
97.985,13.03182951
97.99,13.03055263
97.995,13.03235922
98,13.03585947
98.005,13.0359566
98.01,13.03193837
98.015,13.03056134
98.02,13.03393914
98.025,13.03614472
98.03,13.03388303
98.035,13.03151945
98.04,13.03274032
98.045,13.03611669
98.05,13.03799527
98.055,13.03614288
98.06,13.03291535
98.065,13.03346122
98.07,13.03768393
98.075,13.03874582
98.08,13.03524001
98.085,13.03353871
98.09,13.03639977
98.095,13.0386075
98.1,13.03714078
98.105,13.03459083
98.11,13.03416099
98.115,13.03682555
98.12,13.03956332
98.125,13.03839673
98.13,13.03491438
98.135,13.03556068
98.14,13.0401398
98.145,13.04174936
98.15,13.03855778
98.155,13.03621823
98.16,13.03763162
98.165,13.03979901
98.17,13.03958764
98.175,13.03715325
98.18,13.03582034
98.185,13.03841655
98.19,13.04257055
98.195,13.04254284
98.2,13.0395107
98.205,13.03980626
98.21,13.04347332
98.215,13.04447148
98.22,13.04136545
98.225,13.03856719
98.23,13.03903096
98.235,13.04165965
98.24,13.0432253
98.245,13.04157952
98.25,13.03934625
98.255,13.04158507
98.26,13.0460748
98.265,13.04650419
98.27,13.0432808
98.275,13.04291206
98.28,13.04631444
98.285,13.0481403
98.29,13.04625456
98.295,13.04318242
98.3,13.04265284
98.305,13.04533081
98.31,13.04772164
98.315,13.04594886
98.32,13.04298246
98.325,13.0449302
98.33,13.05024579
98.335,13.05216996
98.34,13.05021089
98.345,13.04970688
98.35,13.05209235
98.355,13.05431655
98.36,13.0538278
98.365,13.05090809
98.37,13.04910668
98.375,13.05163064
98.38,13.05511369
98.385,13.05421579
98.39,13.05168063
98.395,13.0538074
98.4,13.05897214
98.405,13.06082541
98.41,13.0586762
98.415,13.05656933
98.42,13.05700216
98.425,13.05890655
98.43,13.05909255
98.435,13.05577993
98.44,13.05290508
98.445,13.05504635
98.45,13.05874859
98.455,13.05789493
98.46,13.05426904
98.465,13.0542243
98.47,13.05729691
98.475,13.05838515
98.48,13.05600846
98.485,13.05278666
98.49,13.05224011
98.495,13.05497472
98.5,13.05673009
98.505,13.05377057
98.51,13.05017563
98.515,13.05174447
98.52,13.05554745
98.525,13.05549187
98.53,13.05312252
98.535,13.05312098
98.54,13.0558108
98.545,13.05822149
98.55,13.05767095
98.555,13.05440267
98.56,13.05258352
98.565,13.05513083
98.57,13.05732743
98.575,13.05469657
98.58,13.05161688
98.585,13.05393367
98.59,13.05874137
98.595,13.06030676
98.6,13.05891513
98.605,13.05823977
98.61,13.06011197
98.615,13.0628957
98.62,13.0631862
98.625,13.05949328
98.63,13.0569777
98.635,13.05971301
98.64,13.0629569
98.645,13.0612391
98.65,13.05787359
98.655,13.05843751
98.66,13.06132721
98.665,13.06235433
98.67,13.06013035
98.675,13.05692453
98.68,13.05658389
98.685,13.05981745
98.69,13.06115302
98.695,13.05775149
98.7,13.05534533
98.705,13.05824738
98.71,13.06160211
98.715,13.060573
98.72,13.05806182
98.725,13.05810416
98.73,13.06089838
98.735,13.06381215
98.74,13.06408583
98.745,13.06169321
98.75,13.06163235
98.755,13.06538509
98.76,13.06698064
98.765,13.06324119
98.77,13.05988074
98.775,13.06164481
98.78,13.06464416
98.785,13.06487491
98.79,13.06290971
98.795,13.06191781
98.8,13.06403664
98.805,13.0679232
98.81,13.06837431
98.815,13.06483171
98.82,13.0639868
98.825,13.06778388
98.83,13.06999641
98.835,13.06764011
98.84,13.0655807
98.845,13.06715785
98.85,13.07084379
98.855,13.07332199
98.86,13.07268765
98.865,13.0706022
98.87,13.07195804
98.875,13.07639137
98.88,13.07729838
98.885,13.07361449
98.89,13.0722071
98.895,13.07572601
98.9,13.0784504
98.905,13.07764986
98.91,13.07604891
98.915,13.07670371
98.92,13.07990228
98.925,13.0831074
98.93,13.08254411
98.935,13.07953327
98.94,13.08036942
98.945,13.08484241
98.95,13.0859018
98.955,13.08245892
98.96,13.08088515
98.965,13.08332341
98.97,13.08625826
98.975,13.08674483
98.98,13.08503499
98.985,13.08409407
98.99,13.08717066
98.995,13.09144907
99,13.09086899
99.005,13.08714625
99.01,13.08735783
99.015,13.09107791
99.02,13.09190761
99.025,13.08905271
99.03,13.08673926
99.035,13.08729336
99.04,13.08968234
99.045,13.09138309
99.05,13.08970666
99.055,13.0876128
99.06,13.09046803
99.065,13.09555878
99.07,13.09580086
99.075,13.09241504
99.08,13.09239516
99.085,13.09571654
99.09,13.09737609
99.095,13.09615333
99.1,13.0942521
99.105,13.09459245
99.11,13.09870266
99.115,13.10241743
99.12,13.10114502
99.125,13.09841561
99.13,13.10047717
99.135,13.10428121
99.14,13.10356974
99.145,13.10005241
99.15,13.09870921
99.155,13.10055408
99.16,13.10317397
99.165,13.10381398
99.17,13.10139492
99.175,13.10014081
99.18,13.10368169
99.185,13.10747429
99.19,13.1057783
99.195,13.10271184
99.2,13.10451702
99.205,13.10856181
99.21,13.10956214
99.215,13.10782715
99.22,13.10674535
99.225,13.10801212
99.23,13.11130804
99.235,13.11259312
99.24,13.10953511
99.245,13.10716359
99.25,13.11028586
99.255,13.11376409
99.26,13.11221613
99.265,13.10942988
99.27,13.11040575
99.275,13.11374998
99.28,13.11591032
99.285,13.11553099
99.29,13.11328993
99.295,13.11357388
99.3,13.11754868
99.305,13.11963162
99.31,13.11628459
99.315,13.11390737
99.32,13.11711953
99.325,13.12064647
99.33,13.11999026
99.335,13.11753205
99.34,13.11704589
99.345,13.11900101
99.35,13.12214149
99.355,13.1228848
99.36,13.12078496
99.365,13.12119912
99.37,13.12646718
99.375,13.12990398
99.38,13.12764949
99.385,13.12551764
99.39,13.12759407
99.395,13.13038871
99.4,13.13030676
99.405,13.12827767
99.41,13.12646002
99.415,13.12797114
99.42,13.13201224
99.425,13.13286195
99.43,13.12913529
99.435,13.12797152
99.44,13.13188566
99.445,13.13430454
99.45,13.13229448
99.455,13.1302023
99.46,13.13121804
99.465,13.13384064
99.47,13.13604921
99.475,13.13494196
99.48,13.13181192
99.485,13.13234966
99.49,13.13651151
99.495,13.13714683
99.5,13.13334994
99.505,13.13244195
99.51,13.13622137
99.515,13.13929699
99.52,13.13885618
99.525,13.13723598
99.53,13.13698186
99.535,13.13977487
99.54,13.1431868
99.545,13.14269756
99.55,13.13950317
99.555,13.14067435
99.56,13.14607709
99.565,13.14793222
99.57,13.14564229
99.575,13.1445862
99.58,13.14672956
99.585,13.14915803
99.59,13.14955716
99.595,13.14696783
99.6,13.14429196
99.605,13.14628227
99.61,13.15045737
99.615,13.14979102
99.62,13.14572874
99.625,13.14599622
99.63,13.14989274
99.635,13.15152465
99.64,13.14974953
99.645,13.14824799
99.65,13.14895971
99.655,13.15194933
99.66,13.15438297
99.665,13.15253101
99.67,13.14992703
99.675,13.15225154
99.68,13.15660693
99.685,13.15590731
99.69,13.15228931
99.695,13.15226708
99.7,13.15572969
99.705,13.15860025
99.71,13.1591331
99.715,13.15766712
99.72,13.15749865
99.725,13.16133014
99.73,13.16489522
99.735,13.16298048
99.74,13.15944966
99.745,13.16129363
99.75,13.165266
99.755,13.16546144
99.76,13.16327354
99.765,13.16299876
99.77,13.16529318
99.775,13.16852153
99.78,13.16957663
99.785,13.16625011
99.79,13.16359145
99.795,13.16621373
99.8,13.16927884
99.805,13.16689499
99.81,13.16356836
99.815,13.16498518
99.82,13.16879748
99.825,13.17056975
99.83,13.16966037
99.835,13.16810834
99.84,13.16875132
99.845,13.17255603
99.85,13.1743858
99.855,13.17130238
99.86,13.16928363
99.865,13.17329854
99.87,13.17785355
99.875,13.17742079
99.88,13.17513087
99.885,13.17505281
99.89,13.17700533
99.895,13.17875945
99.9,13.17805387
99.905,13.1746961
99.91,13.17394917
99.915,13.17805823
99.92,13.18077374
99.925,13.17829086
99.93,13.17650619
99.935,13.17964216
99.94,13.18291813
99.945,13.18255436
99.95,13.18002546
99.955,13.17839875
99.96,13.17961927
99.965,13.18272307
99.97,13.1828255
99.975,13.17901343
99.98,13.17823441
99.985,13.1828392
99.99,13.18573702
99.995,13.18327811
100,13.18080043
100.005,13.18182307
