  42   42
1 1
    76.322480743483894     4.335093839042949    -0.000000000000000
     4.335094000305250    81.328216026456232    -0.000000000000000
    -0.000000000000000    -0.000000000000000    24.634436346058234
1 2
   -26.105029260499926     7.382567795342638     0.000000000000000
     7.382568069968786   -17.580374094041012    -0.000000000000000
    -0.000000000000000    -0.000000000000000   -10.483791922209445
1 3
     1.121377079137858     1.845993819276935    -0.000000000000000
     0.026717490670697     0.040018477973107    -0.000000000000000
    -0.000000000000000    -0.000000000000000     1.545466778524679
1 4
    -0.004742191831443     0.018205988156433    -0.000000000000000
     0.018212963888845    -0.051773054541709    -0.000000000000000
    -0.000000000000000    -0.000000000000000     0.787531285163694
1 5
    -0.500549670572476    -0.909702338457221    -0.000000000000000
     0.909574024978377     1.661945227683443     0.000000000000000
    -0.000000000000000    -0.000000000000000     1.545466778524679
1 6
    -0.055785207689295    -0.011256735186319    -0.000000000000000
    -0.011263710660225    -0.000730038683857     0.000000000000000
    -0.000000000000000    -0.000000000000000     0.787531285163694
1 7
     0.000953755479760    -0.000674324119473     0.000000000000000
    -0.000674324144557     0.000175113041480    -0.000000000000000
    -0.000000000000000    -0.000000000000000    -0.000012721554929
1 8
     0.000187376950124    -0.000713642351645    -0.000000000000000
    -0.000713642378192    -0.000636666272857    -0.000000000000000
    -0.000000000000000    -0.000000000000000     0.000095794636826
1 9
     0.000087870301917    -0.000101549140397     0.000000000000000
    -0.000101550035794     0.000205130695515    -0.000000000000000
    -0.000000000000000    -0.000000000000000    -0.000006137258707
1 10
    -0.000041340070938    -0.000160266951422     0.000000000000000
    -0.000160268146001     0.000613654554996    -0.000000000000000
    -0.000000000000000    -0.000000000000000    -0.000006010769632
1 11
     0.000263760120150    -0.000000000000001     0.000000000000000
     0.000000000891619     0.000029240877282    -0.000000000000000
    -0.000000000000000    -0.000000000000000    -0.000006137258707
1 12
     0.000588701667099     0.000203486620251     0.000000000000000
     0.000203487816438    -0.000016387183041    -0.000000000000000
    -0.000000000000000    -0.000000000000000    -0.000006010769632
1 13
     1.046011274428893     0.018656247018843    -0.000000000000000
     1.814963264441424     0.029610298649533    -0.000000000000000
    -0.000000000000000    -0.000000000000000     1.513775153755234
1 14
     0.000156522792353    -0.000626037998101     0.000000000000000
    -0.000626038732610     0.000753103072836     0.000000000000000
    -0.000000000000000    -0.000000000000000    -0.000029456778269
1 15
    -0.001065576999063     0.000001427396566    -0.000000000000000
     0.000001301455960    -0.000822710509373     0.000000000000000
    -0.000000000000000    -0.000000000000000     0.000173372243267
1 16
    -0.000020613080664     0.000038428218704     0.000000000000000
     0.000038429688173     0.000194041280046    -0.000000000000000
    -0.000000000000000    -0.000000000000000    -0.000001857312742
1 17
     0.002879270001964     0.000016383750037     0.000000000000000
     0.000016359093779    -0.000646763986600    -0.000000000000000
    -0.000000000000000    -0.000000000000000    -0.000039989738371
1 18
     0.000127809595996     0.000001515844535     0.000000000000000
     0.000001517205379    -0.000020846149426    -0.000000000000000
    -0.000000000000000    -0.000000000000000    -0.000001054927309
1 19
    -0.038474029202503     0.007674099039610    -0.000000000000000
     0.007666919341120    -0.001009706365974    -0.000000000000000
    -0.000000000000000    -0.000000000000000     0.373407480792406
1 20
    -0.731633269141383    -0.315828437896004     0.000000000000000
    -0.315859303055261    -0.067168649344985    -0.000000000000000
    -0.000000000000000    -0.000000000000000    -0.448487123965950
1 21
     0.000028344420507    -0.000408789385209     0.000000000000000
    -0.000408798394889     0.000758616612887    -0.000000000000000
    -0.000000000000000    -0.000000000000000    -0.000007648766952
1 22
     0.000249881029507    -0.000435818314070     0.000000000000000
    -0.000435828484770     0.000358564352453    -0.000000000000000
    -0.000000000000000    -0.000000000000000    -0.000013587562370
1 23
     0.001032889195950     0.000742285334007     0.000000000000000
     0.000742276586708     0.000192628220986     0.000000000000000
    -0.000000000000000    -0.000000000000000    -0.000014511537605
1 24
    -0.000441533358290     0.000023992668697    -0.000000000000000
     0.000024155841318    -0.000441535327212     0.000000000000000
    -0.000000000000000    -0.000000000000000     0.000031915310712
1 25
    -0.017018642893982     0.020054191886309    -0.000000000000000
     0.020061372616271    -0.022465092674495    -0.000000000000000
    -0.000000000000000    -0.000000000000000     0.373407480792406
1 26
     0.040244011167167     0.129784255973163     0.000000000000000
     0.129815114211712    -0.839045929653535    -0.000000000000000
    -0.000000000000000    -0.000000000000000    -0.448487123965950
1 27
     0.000930074458486     0.000111815690799     0.000000000000000
     0.000111824689431    -0.000143113425092    -0.000000000000000
    -0.000000000000000    -0.000000000000000    -0.000007648766952
1 28
     0.000708827657178    -0.000170855514457     0.000000000000000
    -0.000170845366324    -0.000100382275218    -0.000000000000000
    -0.000000000000000    -0.000000000000000    -0.000013587562370
1 29
    -0.000240140703688     0.000007292417524     0.000000000000000
     0.000007301192706     0.001465658120625    -0.000000000000000
    -0.000000000000000    -0.000000000000000    -0.000014511537605
1 30
    -0.000462383751394     0.000012117860572    -0.000000000000000
     0.000011954689294    -0.000420684934108     0.000000000000000
    -0.000000000000000    -0.000000000000000     0.000031915310712
1 31
    -0.510269981838090     0.916443811397740    -0.000000000000000
    -0.879863171239801     1.585891554916516    -0.000000000000000
    -0.000000000000000    -0.000000000000000     1.513775153755234
1 32
     0.001146123130857    -0.000054692698123     0.000000000000000
    -0.000054691988938    -0.000236497265668    -0.000000000000000
    -0.000000000000000    -0.000000000000000    -0.000029456778269
1 33
    -0.000884608759602     0.000105783515736    -0.000000000000000
     0.000105909460330    -0.001003678748834    -0.000000000000000
    -0.000000000000000    -0.000000000000000     0.000173372243267
1 34
     0.000107097239950     0.000112163273357     0.000000000000000
     0.000112161809490     0.000066330959432     0.000000000000000
    -0.000000000000000    -0.000000000000000    -0.000001857312742
1 35
     0.000220566443273    -0.001518644093585     0.000000000000000
    -0.001518619493210     0.002011939572092    -0.000000000000000
    -0.000000000000000    -0.000000000000000    -0.000039989738371
1 36
     0.000015004437791    -0.000063610881922     0.000000000000000
    -0.000063612245075     0.000091959008778    -0.000000000000000
    -0.000000000000000    -0.000000000000000    -0.000001054927309
1 37
     0.000227265323862    -0.000260488048468     0.000000000000000
    -0.000260491675699     0.000188027181255     0.000000000000000
    -0.000000000000000    -0.000000000000000    -0.000004445963662
1 38
     0.000091344232887    -0.000002111111806     0.000000000000000
    -0.000002111111885     0.000088906530903    -0.000000000000000
    -0.000000000000000    -0.000000000000000    -0.000004314422162
1 39
     0.000423427554899    -0.000147237351221    -0.000000000000000
    -0.000147233739158    -0.000008135049782    -0.000000000000000
    -0.000000000000000    -0.000000000000000    -0.000004445963662
1 40
   -10.936597010852971    -1.289031075941288    -0.000000000000000
     0.936400996708747   -45.566214507482584    -0.000000000000000
    -0.000000000000000    -0.000000000000000   -10.201113378293535
1 41
    -2.881166746981749     1.825811384130464     0.000000000000000
     1.825811452049317    -0.772901319534374    -0.000000000000000
    -0.000000000000000    -0.000000000000000    -1.292044748338314
1 42
   -36.756116812024892   -13.970505468415123     0.000000000000000
   -16.195938108708766   -19.746694706310652    -0.000000000000000
    -0.000000000000000    -0.000000000000000   -10.201113378293535
2 1
   -26.105051318804676     7.382538099053089     0.000000000000000
     7.382538373678130   -17.580430442667936    -0.000000000000000
    -0.000000000000000    -0.000000000000000   -10.483787526424653
2 2
    76.914504541932956     4.055926395609593    -0.000000000000000
     4.055926546487066    81.597885021679161     0.000000000000001
    -0.000000000000000    -0.000000000000000    24.441058768984448
2 3
    -0.024233977315854     0.029462725120117    -0.000000000000000
     0.029472847293240    -0.032275815882844    -0.000000000000000
    -0.000000000000000    -0.000000000000000     0.787549233864012
2 4
     0.000232845530966    -0.001535750923956     0.000000000000000
    -0.001535723799485     0.002006130902745    -0.000000000000000
    -0.000000000000000    -0.000000000000000    -0.000040172254628
2 5
    -0.055785207689287     0.011256735186319    -0.000000000000000
     0.011246614527930    -0.000724585509411    -0.000000000000000
    -0.000000000000000    -0.000000000000000     0.787549233864011
2 6
     0.002892797128592    -0.000000000000000    -0.000000000000000
    -0.000000027181601    -0.000653820694881    -0.000000000000000
    -0.000000000000000    -0.000000000000000    -0.000040172254628
2 7
     0.000187376950124    -0.000713642351637    -0.000000000000000
    -0.000713642378184    -0.000636666272848     0.000000000000000
    -0.000000000000000    -0.000000000000000     0.000095794636824
2 8
    -2.166573733127748     1.371289331694046     0.000000000000000
     1.371289382705010    -0.583145174095721     0.000000000000000
    -0.000000000000000    -0.000000000000000    -0.525939909229278
2 9
     0.000311102278781    -0.000363753584425     0.000000000000000
    -0.000363758712371     0.000261205376155    -0.000000000000000
    -0.000000000000000    -0.000000000000000    -0.000006010895965
2 10
     0.000074184395590    -0.000207267162720     0.000000000000000
    -0.000207270673181     0.000313521971383    -0.000000000000000
    -0.000000000000000    -0.000000000000000    -0.000007301407545
2 11
     0.000588701667107    -0.000203486620244     0.000000000000000
    -0.000203481513399    -0.000016394012170    -0.000000000000000
    -0.000000000000000    -0.000000000000000    -0.000006010895965
2 12
     0.000433187725795     0.000000000000008     0.000000000000000
     0.000000003502758    -0.000045481358822    -0.000000000000000
    -0.000000000000000    -0.000000000000000    -0.000007301407545
2 13
   -14.146212392198485     1.100369647869827     0.000000000000000
     0.662996025288682   -45.523415432682960    -0.000000000000000
    -0.000000000000000    -0.000000000000000   -11.459226010418321
2 14
    -0.002726002911037     0.008880845609138    -0.000000000000000
     0.008885094574455    -0.022517089408111    -0.000000000000000
    -0.000000000000000    -0.000000000000000     0.495930568003728
2 15
    -0.000319272129169    -0.000695885282545     0.000000000000000
    -0.000695880335730     0.002307591449530    -0.000000000000000
    -0.000000000000000    -0.000000000000000    -0.000033353162517
2 16
    -0.000004804341402    -0.000007270187518     0.000000000000000
    -0.000007269933323     0.000103974100391    -0.000000000000000
    -0.000000000000000    -0.000000000000000    -0.000000992834011
2 17
     0.000925962439520    -0.000104296342616     0.000000000000000
    -0.000104284316476    -0.000147393072655    -0.000000000000000
    -0.000000000000000    -0.000000000000000    -0.000007340793695
2 18
     0.000161186024950     0.000010780192724     0.000000000000000
     0.000010781916567    -0.000025609113342    -0.000000000000000
    -0.000000000000000    -0.000000000000000    -0.000001249922359
2 19
    -0.515745579654932    -0.889186618686520    -0.000000000000000
     0.925990698539454     1.602507358276544     0.000000000000000
    -0.000000000000000    -0.000000000000000     1.484079040810449
2 20
     1.402621308017776    -0.050799478494118    -0.000000000000000
    -2.530728230887902     0.091732104327219    -0.000000000000000
    -0.000000000000000    -0.000000000000000     1.742742005626218
2 21
     0.000064308099864    -0.000261211860989     0.000000000000000
    -0.000261217107797     0.000366016853024    -0.000000000000000
    -0.000000000000000    -0.000000000000000    -0.000006831667029
2 22
     0.000069017046820    -0.000097368327472     0.000000000000000
    -0.000097370185654     0.000079381211697    -0.000000000000000
    -0.000000000000000    -0.000000000000000    -0.000001506627654
2 23
     0.000598926557584     0.000205930958918     0.000000000000000
     0.000205932221896    -0.000018535248508    -0.000000000000000
    -0.000000000000000    -0.000000000000000    -0.000006064391426
2 24
     0.000942463224884     0.000593504303173     0.000000000000000
     0.000593495355840     0.000022116505996    -0.000000000000000
    -0.000000000000000    -0.000000000000000    -0.000034466312096
2 25
     1.057007504355117     1.834020063626275    -0.000000000000000
     0.018842781547416     0.029754274266494    -0.000000000000000
    -0.000000000000000    -0.000000000000000     1.484079040810449
2 26
     1.537288673725952    -2.452977898350114    -0.000000000000000
     0.026950760904977    -0.042935261380957    -0.000000000000000
    -0.000000000000000    -0.000000000000000     1.742742005626218
2 27
     0.000516808044055     0.000000033861648     0.000000000000000
     0.000000039098740    -0.000086483091167    -0.000000000000000
    -0.000000000000000    -0.000000000000000    -0.000006831667029
2 28
     0.000161114420209    -0.000044197739702     0.000000000000000
    -0.000044195886787    -0.000012716161692    -0.000000000000000
    -0.000000000000000    -0.000000000000000    -0.000001506627654
2 29
    -0.000042511785719    -0.000164402379051     0.000000000000000
    -0.000164403640484     0.000622903094795    -0.000000000000000
    -0.000000000000000    -0.000000000000000    -0.000006064391426
2 30
    -0.000261782743777    -0.000101776387482     0.000000000000000
    -0.000101767421857     0.001226362474657    -0.000000000000000
    -0.000000000000000    -0.000000000000000    -0.000034466312096
2 31
   -38.442674410642766   -13.364572625170926     0.000000000000000
   -12.927199458809167   -21.226953414238668    -0.000000000000000
    -0.000000000000000    -0.000000000000000   -11.459226010418320
2 32
    -0.025262195544361    -0.004126182397418    -0.000000000000000
    -0.004130431185866     0.000019103225214    -0.000000000000000
    -0.000000000000000    -0.000000000000000     0.495930568003728
2 33
     0.002253527745625     0.000789526362812    -0.000000000000000
     0.000789521419480    -0.000265208425264     0.000000000000000
    -0.000000000000000    -0.000000000000000    -0.000033353162517
2 34
     0.000083075546954     0.000043467543202     0.000000000000000
     0.000043467290354     0.000016094212035    -0.000000000000000
    -0.000000000000000    -0.000000000000000    -0.000000992834011
2 35
     0.000211263880145    -0.000516915710567     0.000000000000000
    -0.000516927759815     0.000567305486720    -0.000000000000000
    -0.000000000000000    -0.000000000000000    -0.000007340793695
2 36
     0.000011753004029    -0.000075493277085    -0.000000000000000
    -0.000075495003335     0.000123823907580    -0.000000000000000
    -0.000000000000000    -0.000000000000000    -0.000001249922359
2 37
     0.000844714963061    -0.001130819020933     0.000000000000000
    -0.001130834108604     0.000708796203220    -0.000000000000000
    -0.000000000000000    -0.000000000000000    -0.000027812810840
2 38
     0.000214518972773    -0.000125336606580     0.000000000000000
    -0.000125336611243     0.000069792722985    -0.000000000000000
    -0.000000000000000    -0.000000000000000    -0.000003067819842
2 39
     0.001722100425544    -0.000624275343012     0.000000000000000
    -0.000624260320629    -0.000168589259263    -0.000000000000000
    -0.000000000000000    -0.000000000000000    -0.000027812810840
2 40
     1.079926967436216     0.024869066807131    -0.000000000000000
     1.872458600465353     0.042380135108323     0.000000000000000
    -0.000000000000000    -0.000000000000000     0.233342754569087
2 41
    -0.000156621141857    -0.000475884147282    -0.000000000000000
    -0.000475884164984    -0.000706124833150    -0.000000000000000
    -0.000000000000000    -0.000000000000000     0.000086961101675
2 42
    -0.519800121509963     0.948855682556927    -0.000000000000000
    -0.898733814879445     1.642107224054502    -0.000000000000000
    -0.000000000000000    -0.000000000000000     0.233342754569087
3 1
     1.121265895386973     0.026781646020108     0.000000000000000
     1.846058009455707     0.040129601393637     0.000000000000000
     0.000000000000000     0.000000000000000     1.545466778524678
3 2
    -0.024245469837301     0.029473187137933     0.000000000000000
     0.029466211664028    -0.032269777709106     0.000000000000000
     0.000000000000000     0.000000000000000     0.787531285163694
3 3
    83.831081329101238    -0.000001350330720    -0.000000000000000
    -0.000001189068421    73.819615161524439     0.000000000000000
     0.000000000000000     0.000000000000000    24.634436346058227
3 4
   -13.318046139245354     0.000000214523851     0.000000000000000
     0.000000489150000   -30.367357690961992    -0.000000000000000
     0.000000000000000     0.000000000000000   -10.483791922209443
3 5
     1.121265896249757    -0.026781682142267    -0.000000000000000
    -1.846058010748505     0.040129660865348     0.000000000000000
     0.000000000000000     0.000000000000000     1.545466778524678
3 6
    -0.024245468887808    -0.029473186356853    -0.000000000000000
    -0.029466210624440    -0.032269776759837     0.000000000000000
     0.000000000000000     0.000000000000000     0.787531285163694
3 7
     0.000087871073266    -0.000101550482074     0.000000000000000
    -0.000101549590455     0.000205129930710    -0.000000000000000
     0.000000000000000     0.000000000000000    -0.000006137258707
3 8
     0.000311110127106    -0.000363755369759    -0.000000000000000
    -0.000363754173572     0.000261204367278    -0.000000000000000
     0.000000000000000     0.000000000000000    -0.000006010769632
3 9
    -0.000214208171683     0.000000000003450     0.000000000000000
    -0.000000000021634     0.001343076736371    -0.000000000000000
     0.000000000000000     0.000000000000000    -0.000012721554929
3 10
    -0.001048687855090     0.000000000016892     0.000000000000000
    -0.000000000009655     0.000599398578338     0.000000000000000
     0.000000000000000     0.000000000000000     0.000095794636826
3 11
     0.000087871069994     0.000101550479243    -0.000000000000000
     0.000101549583846     0.000205129927439    -0.000000000000000
     0.000000000000000     0.000000000000000    -0.000006137258707
3 12
     0.000311110115387     0.000363755359737     0.000000000000000
     0.000363754165157     0.000261204355560    -0.000000000000000
     0.000000000000000     0.000000000000000    -0.000006010769632
3 13
     0.000248922595590    -0.001534990905157     0.000000000000000
    -0.001535015561415     0.001983583517621    -0.000000000000000
     0.000000000000000     0.000000000000000    -0.000039989738371
3 14
     0.000017631136624    -0.000065128769739     0.000000000000000
    -0.000065127408895     0.000089332314044    -0.000000000000000
     0.000000000000000     0.000000000000000    -0.000001054927309
3 15
     1.077691065900218    -1.796672927967392    -0.000000000000000
    -0.000365910544810    -0.002069494000253     0.000000000000000
     0.000000000000000     0.000000000000000     1.513775153755234
3 16
     0.000061792863646     0.000571346381753     0.000000000000000
     0.000571345647245     0.000847833005066     0.000000000000000
     0.000000000000000     0.000000000000000    -0.000029456778269
3 17
    -0.000882245481059     0.000104545047279     0.000000000000000
     0.000104419106674    -0.001006042034197     0.000000000000000
     0.000000000000000     0.000000000000000     0.000173372243267
3 18
     0.000173658133755     0.000073732851854    -0.000000000000000
     0.000073734321323    -0.000000229941599    -0.000000000000000
     0.000000000000000     0.000000000000000    -0.000001857312742
3 19
     0.001045527615812    -0.000734979791463     0.000000000000000
    -0.000734988538762     0.000179989800655     0.000000000000000
     0.000000000000000     0.000000000000000    -0.000014511537605
3 20
    -0.000420685906637    -0.000012119559271     0.000000000000000
    -0.000011956386649    -0.000462382779641     0.000000000000000
     0.000000000000000     0.000000000000000     0.000031915310712
3 21
    -0.003732931351672     0.012390863228067    -0.000000000000000
     0.012383683529578    -0.035750805509148     0.000000000000000
     0.000000000000000     0.000000000000000     0.373407480792406
3 22
    -0.506813612794081     0.445658994580723     0.000000000000000
     0.445628129421466    -0.291988314055416    -0.000000000000000
     0.000000000000000     0.000000000000000    -0.448487123965950
3 23
     0.000222022656518     0.000520618578665     0.000000000000000
     0.000520609568986     0.000564938369672    -0.000000000000000
     0.000000000000000     0.000000000000000    -0.000007648766952
3 24
    -0.000046040616728     0.000264978039480     0.000000000000000
     0.000264967868779     0.000654486009697    -0.000000000000000
     0.000000000000000     0.000000000000000    -0.000013587562370
3 25
     0.000222022673290    -0.000520618585818     0.000000000000000
    -0.000520609587185     0.000564938386443    -0.000000000000000
     0.000000000000000     0.000000000000000    -0.000007648766952
3 26
    -0.000046040608192    -0.000264978037996     0.000000000000000
    -0.000264967889864     0.000654486018233    -0.000000000000000
     0.000000000000000     0.000000000000000    -0.000013587562370
3 27
     0.001045527592134     0.000734979757781     0.000000000000000
     0.000734988532963     0.000179989776977    -0.000000000000000
     0.000000000000000     0.000000000000000    -0.000014511537605
3 28
    -0.000420685907027     0.000012119572823     0.000000000000000
     0.000011956401545    -0.000462382780026     0.000000000000000
     0.000000000000000     0.000000000000000     0.000031915310712
3 29
    -0.003732930952494    -0.012390863107809    -0.000000000000000
    -0.012383682377847    -0.035750805110201     0.000000000000000
     0.000000000000000     0.000000000000000     0.373407480792406
3 30
    -0.506813598436949    -0.445658978253462     0.000000000000000
    -0.445628120014912    -0.291988299699275    -0.000000000000000
     0.000000000000000     0.000000000000000    -0.448487123965950
3 31
    -0.000882245477691    -0.000104545018857     0.000000000000000
    -0.000104419074263    -0.001006042030833     0.000000000000000
     0.000000000000000     0.000000000000000     0.000173372243267
3 32
     0.000173658136130    -0.000073732857448     0.000000000000000
    -0.000073734321315    -0.000000229939224    -0.000000000000000
     0.000000000000000     0.000000000000000    -0.000001857312742
3 33
     0.000248922546140     0.001534990897138     0.000000000000000
     0.001535015497513     0.001983583468170    -0.000000000000000
     0.000000000000000     0.000000000000000    -0.000039989738371
3 34
     0.000017631134526     0.000065128769171     0.000000000000000
     0.000065127406017     0.000089332311946    -0.000000000000000
     0.000000000000000     0.000000000000000    -0.000001054927309
3 35
     1.077691008019480     1.796672893249019     0.000000000000000
     0.000365910611478    -0.002069494012045     0.000000000000000
     0.000000000000000     0.000000000000000     1.513775153755234
3 36
     0.000061792882053    -0.000571346383744    -0.000000000000000
    -0.000571345674558     0.000847833023473    -0.000000000000000
     0.000000000000000     0.000000000000000    -0.000029456778269
3 37
    -0.000027754118487    -0.000113256126270    -0.000000000000000
    -0.000113252514207     0.000443046640388    -0.000000000000000
     0.000000000000000     0.000000000000000    -0.000004445963662
3 38
    -0.000027754122136     0.000113256127165     0.000000000000000
     0.000113252499934     0.000443046636740    -0.000000000000000
     0.000000000000000     0.000000000000000    -0.000004445963662
3 39
     0.000087687677464    -0.000000000001412    -0.000000000000000
    -0.000000000001491     0.000092563086462    -0.000000000000000
     0.000000000000000     0.000000000000000    -0.000004314422162
3 40
   -37.061502678670074    16.019623493115148    -0.000000000000000
    13.794190852821506   -19.441308828305399    -0.000000000000000
     0.000000000000000     0.000000000000000   -10.201113378293533
3 41
   -37.061502162589726   -16.019622299159757    -0.000000000000000
   -13.794190226509722   -19.441308383918408    -0.000000000000000
     0.000000000000000     0.000000000000000   -10.201113378293533
3 42
     0.281231386343117    -0.000000004530008     0.000000000000000
     0.000000063388845    -3.935299570498136    -0.000000000000000
     0.000000000000000     0.000000000000000    -1.292044748338314
4 1
    -0.004745504954011     0.018221172133730    -0.000000000000000
     0.018211051475341    -0.051764290143327     0.000000000000000
     0.000000000000000     0.000000000000000     0.787549233864011
4 2
     0.000232822009251    -0.001535710198153     0.000000000000000
    -0.001535737379753     0.002006154523410     0.000000000000000
     0.000000000000000     0.000000000000000    -0.000040172254628
4 3
   -13.318119633031310     0.000000214525035    -0.000000000000000
     0.000000489150078   -30.367362604105800    -0.000000000000000
     0.000000000000000     0.000000000000000   -10.483787526424651
4 4
    83.939572919684238    -0.000001352078279     0.000000000000001
    -0.000001201200803    74.572816382600479     0.000000000000001
     0.000000000000000     0.000000000000000    24.441058768984441
4 5
    -0.004745504367006    -0.018221171980851    -0.000000000000000
    -0.018211049807728    -0.051764289556648     0.000000000000000
     0.000000000000000     0.000000000000000     0.787549233864011
4 6
     0.000232821959777     0.001535710190652     0.000000000000000
     0.001535737315124     0.002006154473935    -0.000000000000000
     0.000000000000000     0.000000000000000    -0.000040172254628
4 7
    -0.000041342459748    -0.000160274639608    -0.000000000000000
    -0.000160269532763     0.000613650138122    -0.000000000000000
     0.000000000000000     0.000000000000000    -0.000006010895965
4 8
     0.000074187430344    -0.000207272423831    -0.000000000000000
    -0.000207268921081     0.000313518949984    -0.000000000000000
     0.000000000000000     0.000000000000000    -0.000007301407545
4 9
    -0.001048687855076     0.000000000016892     0.000000000000000
    -0.000000000009655     0.000599398578333     0.000000000000000
     0.000000000000000     0.000000000000000     0.000095794636824
4 10
     0.208569099601334    -0.000000003359582     0.000000000000000
     0.000000047651382    -2.958288095178378     0.000000000000000
     0.000000000000000     0.000000000000000    -0.525939909229277
4 11
    -0.000041342464912     0.000160274640940     0.000000000000000
     0.000160269512994     0.000613650132959    -0.000000000000000
     0.000000000000000     0.000000000000000    -0.000006010895965
4 12
     0.000074187423666     0.000207272421441    -0.000000000000000
     0.000207268910981     0.000313518943307    -0.000000000000000
     0.000000000000000     0.000000000000000    -0.000007301407545
4 13
     0.000030627736425    -0.000412637424985     0.000000000000000
    -0.000412625398846     0.000747941663746    -0.000000000000000
     0.000000000000000     0.000000000000000    -0.000007340793695
4 14
     0.000030426338974    -0.000086276057868     0.000000000000000
    -0.000086274334026     0.000105150577498    -0.000000000000000
     0.000000000000000     0.000000000000000    -0.000001249922359
4 15
   -36.915553682127126   -13.808881592808053     0.000000000000000
   -14.246255215389198   -22.754073295751425    -0.000000000000000
     0.000000000000000     0.000000000000000   -11.459226010418320
4 16
    -0.009876439538160    -0.013013401162733    -0.000000000000000
    -0.013009152197416    -0.015366652514997     0.000000000000000
     0.000000000000000     0.000000000000000     0.495930568003728
4 17
     0.001048223310914     0.001485404210862     0.000000000000000
     0.001485409157677     0.000940095958577    -0.000000000000000
     0.000000000000000     0.000000000000000    -0.000033353162517
4 18
     0.000070483430148     0.000050737349303    -0.000000000000000
     0.000050737603497     0.000028686326041    -0.000000000000000
     0.000000000000000     0.000000000000000    -0.000000992834011
4 19
     0.000314172188949    -0.000370335236338     0.000000000000000
    -0.000370333973360     0.000266219130720    -0.000000000000000
     0.000000000000000     0.000000000000000    -0.000006064391426
4 20
     0.000766189105036    -0.000695267268279    -0.000000000000000
    -0.000695276215612     0.000198390632402    -0.000000000000000
     0.000000000000000     0.000000000000000    -0.000034466312096
4 21
     1.088880712845960     0.000440740615972     0.000000000000000
     1.815618057841945    -0.002118993915275     0.000000000000000
     0.000000000000000     0.000000000000000     1.484079040810449
4 22
    -0.698379864967250     1.317714615535668    -0.000000000000000
    -1.162214136858116     2.192733355467950     0.000000000000000
     0.000000000000000     0.000000000000000     1.742742005626218
4 23
     0.000064371279409     0.000261253584525     0.000000000000000
     0.000261248337717     0.000365953673476    -0.000000000000000
     0.000000000000000     0.000000000000000    -0.000006831667029
4 24
    -0.000007534079899     0.000053173371214     0.000000000000000
     0.000053171513032     0.000155932341264    -0.000000000000000
     0.000000000000000     0.000000000000000    -0.000001506627654
4 25
     0.000064371287826    -0.000261253586599    -0.000000000000000
    -0.000261248349507     0.000365953681893    -0.000000000000000
     0.000000000000000     0.000000000000000    -0.000006831667029
4 26
    -0.000007534078186    -0.000053173370971     0.000000000000000
    -0.000053171518055     0.000155932342977    -0.000000000000000
     0.000000000000000     0.000000000000000    -0.000001506627654
4 27
     0.000314172177019     0.000370335226217     0.000000000000000
     0.000370333964784     0.000266219118789    -0.000000000000000
     0.000000000000000     0.000000000000000    -0.000006064391426
4 28
     0.000766189082637     0.000695267243596    -0.000000000000000
     0.000695276209221     0.000198390610003    -0.000000000000000
     0.000000000000000     0.000000000000000    -0.000034466312096
4 29
     1.088880712860158    -0.000440775694826    -0.000000000000000
    -1.815618057773684    -0.002118935424203     0.000000000000000
     0.000000000000000     0.000000000000000     1.484079040810449
4 30
    -0.698379822516399    -1.317714593037000    -0.000000000000000
     1.162214066218091     2.192733318026626     0.000000000000000
     0.000000000000000     0.000000000000000     1.742742005626218
4 31
     0.001048223358767    -0.001485404244631     0.000000000000000
    -0.001485409187963     0.000940096006431     0.000000000000000
     0.000000000000000     0.000000000000000    -0.000033353162517
4 32
     0.000070483431782    -0.000050737351573    -0.000000000000000
    -0.000050737604421     0.000028686327675    -0.000000000000000
     0.000000000000000     0.000000000000000    -0.000000992834011
4 33
     0.000030627723131     0.000412637423998     0.000000000000000
     0.000412625374750     0.000747941650453    -0.000000000000000
     0.000000000000000     0.000000000000000    -0.000007340793695
4 34
     0.000030426336195     0.000086276056888    -0.000000000000000
     0.000086274330638     0.000105150574719    -0.000000000000000
     0.000000000000000     0.000000000000000    -0.000001249922359
4 35
   -36.915554126987324    13.808882782061637     0.000000000000000
    14.246255948423393   -22.754073754701924    -0.000000000000000
     0.000000000000000     0.000000000000000   -11.459226010418318
4 36
    -0.009876439957393     0.013013401480908    -0.000000000000000
     0.013009152692460    -0.015366652934094     0.000000000000000
     0.000000000000000     0.000000000000000     0.495930568003728
4 37
    -0.000236548624424    -0.000506566256650     0.000000000000000
    -0.000506551234268     0.001790059863565    -0.000000000000000
     0.000000000000000     0.000000000000000    -0.000027812810840
4 38
    -0.000236548640744     0.000506566264271     0.000000000000000
     0.000506551176600     0.001790059847246    -0.000000000000000
     0.000000000000000     0.000000000000000    -0.000027812810840
4 39
    -0.000002570401838     0.000000000000041    -0.000000000000000
    -0.000000000004621     0.000286882105672    -0.000000000000000
     0.000000000000000     0.000000000000000    -0.000003067819842
4 40
     1.123333746792730     1.847397613703395    -0.000000000000000
    -0.000191883732976    -0.001026705371573     0.000000000000000
     0.000000000000000     0.000000000000000     0.233342754569087
4 41
     1.123333806307591    -1.847397649892172     0.000000000000000
     0.000191883766050    -0.001026705377751     0.000000000000000
     0.000000000000000     0.000000000000000     0.233342754569087
4 42
    -0.000980876651431     0.000000000015800    -0.000000000000000
    -0.000000000001903     0.000118130707085     0.000000000000000
     0.000000000000000     0.000000000000000     0.000086961101675
5 1
    -0.500549641954152     0.909702355774688     0.000000000000000
    -0.909573972831550     1.661945259399607     0.000000000000000
     0.000000000000000     0.000000000000000     1.545466778524678
5 2
    -0.055785205951598     0.011256734601802     0.000000000000000
     0.011263710334214    -0.000730038522792     0.000000000000000
     0.000000000000000     0.000000000000000     0.787531285163694
5 3
     1.121377018117234    -1.845993852716287     0.000000000000000
    -0.026717489280688     0.040018478659247    -0.000000000000000
     0.000000000000000     0.000000000000000     1.545466778524678
5 4
    -0.004742191992396    -0.018205988740756     0.000000000000000
    -0.018212964214661    -0.051773056279519    -0.000000000000000
     0.000000000000000     0.000000000000000     0.787531285163694
5 5
    76.322478544299912    -4.335092730605922     0.000000000000000
    -4.335092569343622    81.328218225640285     0.000000000000000
     0.000000000000000     0.000000000000000    24.634436346058227
5 6
   -26.105028651100532    -7.382568421805642    -0.000000000000000
    -7.382568147179493   -17.580374703440395    -0.000000000000000
     0.000000000000000     0.000000000000000   -10.483791922209443
5 7
     0.000263760112792     0.000000000004249    -0.000000000000000
    -0.000000000891148     0.000029240878098     0.000000000000000
     0.000000000000000     0.000000000000000    -0.000006137258707
5 8
     0.000588701647397    -0.000203486616446    -0.000000000000000
    -0.000203487811025    -0.000016387186776    -0.000000000000000
     0.000000000000000     0.000000000000000    -0.000006010769632
5 9
     0.000087870301101     0.000101549144645    -0.000000000000000
     0.000101550036265     0.000205130702874    -0.000000000000000
     0.000000000000000     0.000000000000000    -0.000006137258707
5 10
    -0.000041340067203     0.000160266955227    -0.000000000000000
     0.000160268151414     0.000613654574698     0.000000000000000
     0.000000000000000     0.000000000000000    -0.000006010769632
5 11
     0.000953755464012     0.000674324153649    -0.000000000000000
     0.000674324128564     0.000175113057228    -0.000000000000000
     0.000000000000000     0.000000000000000    -0.000012721554929
5 12
     0.000187376956392     0.000713642374573     0.000000000000000
     0.000713642348026    -0.000636666279124     0.000000000000000
     0.000000000000000     0.000000000000000     0.000095794636826
5 13
    -0.000884608736626    -0.000105783532937     0.000000000000000
    -0.000105909473542    -0.001003678778542    -0.000000000000000
     0.000000000000000     0.000000000000000     0.000173372243267
5 14
     0.000107097235155    -0.000112163274761    -0.000000000000000
    -0.000112161805292     0.000066330959476     0.000000000000000
     0.000000000000000     0.000000000000000    -0.000001857312742
5 15
     0.000220566461581     0.001518644139507    -0.000000000000000
     0.001518619483249     0.002011939652685    -0.000000000000000
     0.000000000000000     0.000000000000000    -0.000039989738371
5 16
     0.000015004438397     0.000063610883938    -0.000000000000000
     0.000063612244782     0.000091959012368    -0.000000000000000
     0.000000000000000     0.000000000000000    -0.000001054927309
5 17
    -0.510269982363691    -0.916443845185324     0.000000000000000
     0.879863172237257     1.585891613334645     0.000000000000000
     0.000000000000000     0.000000000000000     1.513775153755234
5 18
     0.001146123099761     0.000054692718111     0.000000000000000
     0.000054691983602    -0.000236497271385    -0.000000000000000
     0.000000000000000     0.000000000000000    -0.000029456778269
5 19
     0.000930074430736    -0.000111815678937    -0.000000000000000
    -0.000111824688617    -0.000143113430886    -0.000000000000000
     0.000000000000000     0.000000000000000    -0.000007648766952
5 20
     0.000708827640154     0.000170855530641    -0.000000000000000
     0.000170845359941    -0.000100382275267    -0.000000000000000
     0.000000000000000     0.000000000000000    -0.000013587562370
5 21
    -0.000240140697106    -0.000007292421596     0.000000000000000
    -0.000007301168894     0.001465658161398    -0.000000000000000
     0.000000000000000     0.000000000000000    -0.000014511537605
5 22
    -0.000462383738689    -0.000012117868358     0.000000000000000
    -0.000011954695737    -0.000420684946038     0.000000000000000
     0.000000000000000     0.000000000000000     0.000031915310712
5 23
    -0.017018642742199    -0.020054192719943     0.000000000000000
    -0.020061372418432    -0.022465093624402     0.000000000000000
     0.000000000000000     0.000000000000000     0.373407480792406
5 24
     0.040244007953848    -0.129784258945832    -0.000000000000000
    -0.129815124105089    -0.839045955153487    -0.000000000000000
     0.000000000000000     0.000000000000000    -0.448487123965950
5 25
     0.001032889155177    -0.000742285338079    -0.000000000000000
    -0.000742276562897     0.000192628214404    -0.000000000000000
     0.000000000000000     0.000000000000000    -0.000014511537605
5 26
    -0.000441533346358    -0.000023992676478     0.000000000000000
    -0.000024155847757    -0.000441535339920    -0.000000000000000
     0.000000000000000     0.000000000000000     0.000031915310712
5 27
    -0.038474028252711    -0.007674099873443     0.000000000000000
    -0.007666919143481    -0.001009706517641     0.000000000000000
     0.000000000000000     0.000000000000000     0.373407480792406
5 28
    -0.731633243641928     0.315828434922476    -0.000000000000000
     0.315859293161025    -0.067168646131170    -0.000000000000000
     0.000000000000000     0.000000000000000    -0.448487123965950
5 29
     0.000028344426301     0.000408789397070    -0.000000000000000
     0.000408798395703     0.000758616640637    -0.000000000000000
     0.000000000000000     0.000000000000000    -0.000007648766952
5 30
     0.000249881029555     0.000435818330254    -0.000000000000000
     0.000435828478387     0.000358564369477    -0.000000000000000
     0.000000000000000     0.000000000000000    -0.000013587562370
5 31
     0.002879269921370    -0.000016383704115    -0.000000000000000
    -0.000016359103741    -0.000646764004908    -0.000000000000000
     0.000000000000000     0.000000000000000    -0.000039989738371
5 32
     0.000127809592405    -0.000001515842518    -0.000000000000000
    -0.000001517205672    -0.000020846150032    -0.000000000000000
     0.000000000000000     0.000000000000000    -0.000001054927309
5 33
     1.046011244945241    -0.018656230690449     0.000000000000000
    -1.814963213327990     0.029610270240662     0.000000000000000
     0.000000000000000     0.000000000000000     1.513775153755234
5 34
     0.000156522798070     0.000626038018089    -0.000000000000000
     0.000626038727274     0.000753103103931     0.000000000000000
     0.000000000000000     0.000000000000000    -0.000029456778269
5 35
    -0.001065576969357    -0.000001427413770     0.000000000000000
    -0.000001301469176    -0.000822710532347     0.000000000000000
     0.000000000000000     0.000000000000000     0.000173372243267
5 36
    -0.000020613080708    -0.000038428220108     0.000000000000000
    -0.000038429683975     0.000194041284841    -0.000000000000000
     0.000000000000000     0.000000000000000    -0.000001857312742
5 37
     0.000091344230373     0.000002111113337    -0.000000000000000
     0.000002111113258     0.000088906533417    -0.000000000000000
     0.000000000000000     0.000000000000000    -0.000004314422162
5 38
     0.000227265321717     0.000260488059397    -0.000000000000000
     0.000260491671460     0.000188027190697     0.000000000000000
     0.000000000000000     0.000000000000000    -0.000004445963662
5 39
     0.000423427545458     0.000147237362149     0.000000000000000
     0.000147233734919    -0.000008135047638    -0.000000000000000
     0.000000000000000     0.000000000000000    -0.000004445963662
5 40
    -2.881166696008502    -1.825811481478730    -0.000000000000000
    -1.825811413559876    -0.772901370507614    -0.000000000000000
     0.000000000000000     0.000000000000000    -1.292044748338314
5 41
   -10.936596684964512     1.289030935740524    -0.000000000000000
    -0.936401704553120   -45.566215793838339     0.000000000000000
     0.000000000000000     0.000000000000000   -10.201113378293533
5 42
   -36.756115561515884    13.970505266126080    -0.000000000000000
    16.195937338776115   -19.746694996352467     0.000000000000000
     0.000000000000000     0.000000000000000   -10.201113378293533
6 1
    -0.055785206314231    -0.011256736398950     0.000000000000000
    -0.011246614225827    -0.000724585710784     0.000000000000000
     0.000000000000000     0.000000000000000     0.787549233864011
6 2
     0.002892797047884     0.000000000046596    -0.000000000000000
     0.000000027171068    -0.000653820713121    -0.000000000000000
     0.000000000000000     0.000000000000000    -0.000040172254628
6 3
    -0.024233977114318    -0.029462726332466     0.000000000000000
    -0.029472846990855    -0.032275817258063     0.000000000000000
     0.000000000000000     0.000000000000000     0.787549233864011
6 4
     0.000232845549207     0.001535750970554     0.000000000000000
     0.001535723788953     0.002006130983452     0.000000000000000
     0.000000000000000     0.000000000000000    -0.000040172254628
6 5
   -26.105050709404193    -7.382538725515619    -0.000000000000000
    -7.382538450890574   -17.580431052068406     0.000000000000000
     0.000000000000000     0.000000000000000   -10.483787526424651
6 6
    76.914502330728595    -4.055925269847769     0.000000000000001
    -4.055925118970293    81.597887232883579    -0.000000000000000
     0.000000000000000     0.000000000000000    24.441058768984441
6 7
     0.000588701653960     0.000203486635403    -0.000000000000000
     0.000203481507457    -0.000016394009350    -0.000000000000000
     0.000000000000000     0.000000000000000    -0.000006010895965
6 8
     0.000433187713709     0.000000000006970    -0.000000000000000
    -0.000000003503491    -0.000045481360091     0.000000000000000
     0.000000000000000     0.000000000000000    -0.000007301407545
6 9
     0.000311102275961     0.000363753599584    -0.000000000000000
     0.000363758706429     0.000261205389302     0.000000000000000
     0.000000000000000     0.000000000000000    -0.000006010895965
6 10
     0.000074184396859     0.000207267169698    -0.000000000000000
     0.000207270672448     0.000313521983469     0.000000000000000
     0.000000000000000     0.000000000000000    -0.000007301407545
6 11
     0.000187376956392     0.000713642374565     0.000000000000000
     0.000713642348018    -0.000636666279115    -0.000000000000000
     0.000000000000000     0.000000000000000     0.000095794636824
6 12
    -2.166573694769924    -1.371289404850906     0.000000000000000
    -1.371289353839942    -0.583145212453540    -0.000000000000000
     0.000000000000000     0.000000000000000    -0.525939909229277
6 13
     0.002253527670036    -0.000789526348540    -0.000000000000000
    -0.000789521401725    -0.000265208445381    -0.000000000000000
     0.000000000000000     0.000000000000000    -0.000033353162517
6 14
     0.000083075543936    -0.000043467543076    -0.000000000000000
    -0.000043467288882     0.000016094211784     0.000000000000000
     0.000000000000000     0.000000000000000    -0.000000992834011
6 15
     0.000211263882577     0.000516915728392    -0.000000000000000
     0.000516927754531     0.000567305510874    -0.000000000000000
     0.000000000000000     0.000000000000000    -0.000007340793695
6 16
     0.000011753004917     0.000075493279380    -0.000000000000000
     0.000075495003223     0.000123823912250    -0.000000000000000
     0.000000000000000     0.000000000000000    -0.000001249922359
6 17
   -38.442673122839956    13.364572378810035    -0.000000000000000
    12.927198756228890   -21.226953798230923    -0.000000000000000
     0.000000000000000     0.000000000000000   -11.459226010418320
6 18
    -0.025262194773097     0.004126182105619     0.000000000000000
     0.004130431070937     0.000019103292278     0.000000000000000
     0.000000000000000     0.000000000000000     0.495930568003728
6 19
     0.000516808029636    -0.000000033853324    -0.000000000000000
    -0.000000039100132    -0.000086483093580    -0.000000000000000
     0.000000000000000     0.000000000000000    -0.000006831667029
6 20
     0.000161114416426     0.000044197743531    -0.000000000000000
     0.000044195885349    -0.000012716161335    -0.000000000000000
     0.000000000000000     0.000000000000000    -0.000001506627654
6 21
    -0.000042511781885     0.000164402382953    -0.000000000000000
     0.000164403645931     0.000622903114822    -0.000000000000000
     0.000000000000000     0.000000000000000    -0.000006064391426
6 22
    -0.000261782734834     0.000101776386105    -0.000000000000000
     0.000101767438772     0.001226362510511    -0.000000000000000
     0.000000000000000     0.000000000000000    -0.000034466312096
6 23
     1.057007445323240    -1.834020097768414     0.000000000000000
    -0.018842780542441     0.029754274793112    -0.000000000000000
     0.000000000000000     0.000000000000000     1.484079040810449
6 24
     1.537288670348411     2.452977991549124     0.000000000000000
    -0.026950760844660    -0.042935263012950     0.000000000000000
     0.000000000000000     0.000000000000000     1.742742005626218
6 25
     0.000598926537557    -0.000205930955016    -0.000000000000000
    -0.000205932216449    -0.000018535252342    -0.000000000000000
     0.000000000000000     0.000000000000000    -0.000006064391426
6 26
     0.000942463189030    -0.000593504304551    -0.000000000000000
    -0.000593495338926     0.000022116497053    -0.000000000000000
     0.000000000000000     0.000000000000000    -0.000034466312096
6 27
    -0.515745550943111     0.889186635186837     0.000000000000000
    -0.925990646892021     1.602507388069989     0.000000000000000
     0.000000000000000     0.000000000000000     1.484079040810449
6 28
     1.402621269703677     0.050799502504475     0.000000000000000
     2.530728161759566     0.091732147650842     0.000000000000000
     0.000000000000000     0.000000000000000     1.742742005626218
6 29
     0.000064308102277     0.000261211869313    -0.000000000000000
     0.000261217106405     0.000366016867443     0.000000000000000
     0.000000000000000     0.000000000000000    -0.000006831667029
6 30
     0.000069017046462     0.000097368331300    -0.000000000000000
     0.000097370184216     0.000079381215481    -0.000000000000000
     0.000000000000000     0.000000000000000    -0.000001506627654
6 31
     0.000925962415366     0.000104296360441    -0.000000000000000
     0.000104284311193    -0.000147393075088    -0.000000000000000
     0.000000000000000     0.000000000000000    -0.000007340793695
6 32
     0.000161186020280    -0.000010780190428    -0.000000000000000
    -0.000010781916678    -0.000025609114230     0.000000000000000
     0.000000000000000     0.000000000000000    -0.000001249922359
6 33
   -14.146212015251407    -1.100369906433258    -0.000000000000000
    -0.662996740071499   -45.523416713440689    -0.000000000000000
     0.000000000000000     0.000000000000000   -11.459226010418318
6 34
    -0.002726002978033    -0.008880845900818     0.000000000000000
    -0.008885094689266    -0.022517090179445     0.000000000000000
     0.000000000000000     0.000000000000000     0.495930568003728
6 35
    -0.000319272109052     0.000695885296817     0.000000000000000
     0.000695880353485     0.002307591525120    -0.000000000000000
     0.000000000000000     0.000000000000000    -0.000033353162517
6 36
    -0.000004804341151     0.000007270187643    -0.000000000000000
     0.000007269934795     0.000103974103409     0.000000000000000
     0.000000000000000     0.000000000000000    -0.000000992834011
6 37
     0.000214518968807     0.000125336613533    -0.000000000000000
     0.000125336608870     0.000069792726951     0.000000000000000
     0.000000000000000     0.000000000000000    -0.000003067819842
6 38
     0.000844714957709     0.001130819066089    -0.000000000000000
     0.001130834088471     0.000708796241210    -0.000000000000000
     0.000000000000000     0.000000000000000    -0.000027812810840
6 39
     0.001722100387554     0.000624275388168    -0.000000000000000
     0.000624260300497    -0.000168589253911    -0.000000000000000
     0.000000000000000     0.000000000000000    -0.000027812810840
6 40
    -0.000156621129822     0.000475884158036     0.000000000000000
     0.000475884140333    -0.000706124845185     0.000000000000000
     0.000000000000000     0.000000000000000     0.000086961101675
6 41
     1.079926936906261    -0.024869050105767     0.000000000000000
    -1.872458547542138     0.042380106129602     0.000000000000000
     0.000000000000000     0.000000000000000     0.233342754569087
6 42
    -0.519800122291761    -0.948855717402294     0.000000000000000
     0.898733816255928     1.642107284344980    -0.000000000000000
     0.000000000000000     0.000000000000000     0.233342754569087
7 1
     0.000953755479760    -0.000674324119473     0.000000000000000
    -0.000674324144557     0.000175113041480     0.000000000000000
     0.000000000000000     0.000000000000000    -0.000012721554929
7 2
     0.000187376950124    -0.000713642351645     0.000000000000000
    -0.000713642378192    -0.000636666272857     0.000000000000000
     0.000000000000000     0.000000000000000     0.000095794636826
7 3
     0.000087870301917    -0.000101549140397     0.000000000000000
    -0.000101550035794     0.000205130695515    -0.000000000000000
     0.000000000000000     0.000000000000000    -0.000006137258707
7 4
    -0.000041340070938    -0.000160266951422     0.000000000000000
    -0.000160268146001     0.000613654554996     0.000000000000000
     0.000000000000000     0.000000000000000    -0.000006010769632
7 5
     0.000263760120150    -0.000000000000001     0.000000000000000
     0.000000000891619     0.000029240877282     0.000000000000000
     0.000000000000000     0.000000000000000    -0.000006137258707
7 6
     0.000588701667099     0.000203486620251     0.000000000000000
     0.000203487816438    -0.000016387183041    -0.000000000000000
     0.000000000000000     0.000000000000000    -0.000006010769632
7 7
    76.322480743483894     4.335093839042949    -0.000000000000000
     4.335094000305250    81.328216026456232     0.000000000000000
     0.000000000000000     0.000000000000000    24.634436346058227
7 8
   -26.105029260499926     7.382567795342638     0.000000000000000
     7.382568069968786   -17.580374094041012     0.000000000000000
     0.000000000000000     0.000000000000000   -10.483791922209443
7 9
     1.121377079137858     1.845993819276935    -0.000000000000000
     0.026717490670697     0.040018477973107     0.000000000000000
     0.000000000000000     0.000000000000000     1.545466778524678
7 10
    -0.004742191831443     0.018205988156433    -0.000000000000000
     0.018212963888845    -0.051773054541709     0.000000000000000
     0.000000000000000     0.000000000000000     0.787531285163694
7 11
    -0.500549670572476    -0.909702338457221    -0.000000000000000
     0.909574024978377     1.661945227683443     0.000000000000000
     0.000000000000000     0.000000000000000     1.545466778524678
7 12
    -0.055785207689295    -0.011256735186319    -0.000000000000000
    -0.011263710660225    -0.000730038683857     0.000000000000000
     0.000000000000000     0.000000000000000     0.787531285163694
7 13
    -0.038474029202503     0.007674099039610    -0.000000000000000
     0.007666919341120    -0.001009706365974     0.000000000000000
     0.000000000000000     0.000000000000000     0.373407480792406
7 14
    -0.731633269141383    -0.315828437896004     0.000000000000000
    -0.315859303055261    -0.067168649344985     0.000000000000000
     0.000000000000000     0.000000000000000    -0.448487123965950
7 15
     0.000028344420507    -0.000408789385209     0.000000000000000
    -0.000408798394889     0.000758616612887     0.000000000000000
     0.000000000000000     0.000000000000000    -0.000007648766952
7 16
     0.000249881029507    -0.000435818314070     0.000000000000000
    -0.000435828484770     0.000358564352453     0.000000000000000
     0.000000000000000     0.000000000000000    -0.000013587562370
7 17
     0.001032889195950     0.000742285334007     0.000000000000000
     0.000742276586708     0.000192628220986     0.000000000000000
     0.000000000000000     0.000000000000000    -0.000014511537605
7 18
    -0.000441533358290     0.000023992668697    -0.000000000000000
     0.000024155841318    -0.000441535327212     0.000000000000000
     0.000000000000000     0.000000000000000     0.000031915310712
7 19
     1.046011274428893     0.018656247018843    -0.000000000000000
     1.814963264441424     0.029610298649533     0.000000000000000
     0.000000000000000     0.000000000000000     1.513775153755234
7 20
     0.000156522792353    -0.000626037998101     0.000000000000000
    -0.000626038732610     0.000753103072836     0.000000000000000
     0.000000000000000     0.000000000000000    -0.000029456778269
7 21
    -0.001065576999063     0.000001427396566     0.000000000000000
     0.000001301455960    -0.000822710509373     0.000000000000000
     0.000000000000000     0.000000000000000     0.000173372243267
7 22
    -0.000020613080664     0.000038428218704     0.000000000000000
     0.000038429688173     0.000194041280046    -0.000000000000000
     0.000000000000000     0.000000000000000    -0.000001857312742
7 23
     0.002879270001964     0.000016383750037     0.000000000000000
     0.000016359093779    -0.000646763986600     0.000000000000000
     0.000000000000000     0.000000000000000    -0.000039989738371
7 24
     0.000127809595996     0.000001515844535     0.000000000000000
     0.000001517205379    -0.000020846149426     0.000000000000000
     0.000000000000000     0.000000000000000    -0.000001054927309
7 25
    -0.510269981838090     0.916443811397740     0.000000000000000
    -0.879863171239801     1.585891554916516     0.000000000000000
     0.000000000000000     0.000000000000000     1.513775153755234
7 26
     0.001146123130857    -0.000054692698123     0.000000000000000
    -0.000054691988938    -0.000236497265668    -0.000000000000000
     0.000000000000000     0.000000000000000    -0.000029456778269
7 27
    -0.000884608759602     0.000105783515736     0.000000000000000
     0.000105909460330    -0.001003678748834     0.000000000000000
     0.000000000000000     0.000000000000000     0.000173372243267
7 28
     0.000107097239950     0.000112163273357     0.000000000000000
     0.000112161809490     0.000066330959432     0.000000000000000
     0.000000000000000     0.000000000000000    -0.000001857312742
7 29
     0.000220566443273    -0.001518644093585     0.000000000000000
    -0.001518619493210     0.002011939572092     0.000000000000000
     0.000000000000000     0.000000000000000    -0.000039989738371
7 30
     0.000015004437791    -0.000063610881922     0.000000000000000
    -0.000063612245075     0.000091959008778     0.000000000000000
     0.000000000000000     0.000000000000000    -0.000001054927309
7 31
    -0.017018642893982     0.020054191886309    -0.000000000000000
     0.020061372616271    -0.022465092674495     0.000000000000000
     0.000000000000000     0.000000000000000     0.373407480792406
7 32
     0.040244011167167     0.129784255973163     0.000000000000000
     0.129815114211712    -0.839045929653535     0.000000000000000
     0.000000000000000     0.000000000000000    -0.448487123965950
7 33
     0.000930074458486     0.000111815690799     0.000000000000000
     0.000111824689431    -0.000143113425092     0.000000000000000
     0.000000000000000     0.000000000000000    -0.000007648766952
7 34
     0.000708827657178    -0.000170855514457     0.000000000000000
    -0.000170845366324    -0.000100382275218     0.000000000000000
     0.000000000000000     0.000000000000000    -0.000013587562370
7 35
    -0.000240140703688     0.000007292417524     0.000000000000000
     0.000007301192706     0.001465658120625     0.000000000000000
     0.000000000000000     0.000000000000000    -0.000014511537605
7 36
    -0.000462383751394     0.000012117860572    -0.000000000000000
     0.000011954689294    -0.000420684934108     0.000000000000000
     0.000000000000000     0.000000000000000     0.000031915310712
7 37
   -10.936597010852971    -1.289031075941288     0.000000000000000
     0.936400996708747   -45.566214507482584    -0.000000000000000
     0.000000000000000     0.000000000000000   -10.201113378293533
7 38
    -2.881166746981749     1.825811384130464     0.000000000000000
     1.825811452049317    -0.772901319534374     0.000000000000000
     0.000000000000000     0.000000000000000    -1.292044748338314
7 39
   -36.756116812024892   -13.970505468415123     0.000000000000000
   -16.195938108708766   -19.746694706310652    -0.000000000000000
     0.000000000000000     0.000000000000000   -10.201113378293533
7 40
     0.000227265323862    -0.000260488048468     0.000000000000000
    -0.000260491675699     0.000188027181255     0.000000000000000
     0.000000000000000     0.000000000000000    -0.000004445963662
7 41
     0.000091344232887    -0.000002111111806     0.000000000000000
    -0.000002111111885     0.000088906530903    -0.000000000000000
     0.000000000000000     0.000000000000000    -0.000004314422162
7 42
     0.000423427554899    -0.000147237351221     0.000000000000000
    -0.000147233739158    -0.000008135049782    -0.000000000000000
     0.000000000000000     0.000000000000000    -0.000004445963662
8 1
     0.000187376950124    -0.000713642351637    -0.000000000000000
    -0.000713642378184    -0.000636666272848     0.000000000000000
     0.000000000000000     0.000000000000000     0.000095794636824
8 2
    -2.166573733127748     1.371289331694046     0.000000000000000
     1.371289382705010    -0.583145174095721     0.000000000000000
     0.000000000000000     0.000000000000000    -0.525939909229277
8 3
     0.000311102278781    -0.000363753584425     0.000000000000000
    -0.000363758712371     0.000261205376155     0.000000000000000
     0.000000000000000     0.000000000000000    -0.000006010895965
8 4
     0.000074184395590    -0.000207267162720     0.000000000000000
    -0.000207270673181     0.000313521971383    -0.000000000000000
     0.000000000000000     0.000000000000000    -0.000007301407545
8 5
     0.000588701667107    -0.000203486620244     0.000000000000000
    -0.000203481513399    -0.000016394012170    -0.000000000000000
     0.000000000000000     0.000000000000000    -0.000006010895965
8 6
     0.000433187725795     0.000000000000008     0.000000000000000
     0.000000003502758    -0.000045481358822    -0.000000000000000
     0.000000000000000     0.000000000000000    -0.000007301407545
8 7
   -26.105051318804676     7.382538099053089     0.000000000000000
     7.382538373678130   -17.580430442667936    -0.000000000000000
     0.000000000000000     0.000000000000000   -10.483787526424651
8 8
    76.914504541932956     4.055926395609593    -0.000000000000000
     4.055926546487066    81.597885021679161     0.000000000000001
     0.000000000000000     0.000000000000000    24.441058768984441
8 9
    -0.024233977315854     0.029462725120117    -0.000000000000000
     0.029472847293240    -0.032275815882844     0.000000000000000
     0.000000000000000     0.000000000000000     0.787549233864011
8 10
     0.000232845530966    -0.001535750923956     0.000000000000000
    -0.001535723799485     0.002006130902745     0.000000000000000
     0.000000000000000     0.000000000000000    -0.000040172254628
8 11
    -0.055785207689287     0.011256735186319    -0.000000000000000
     0.011246614527930    -0.000724585509411     0.000000000000000
     0.000000000000000     0.000000000000000     0.787549233864011
8 12
     0.002892797128592    -0.000000000000000     0.000000000000000
    -0.000000027181601    -0.000653820694881     0.000000000000000
     0.000000000000000     0.000000000000000    -0.000040172254628
8 13
    -0.515745579654932    -0.889186618686520    -0.000000000000000
     0.925990698539454     1.602507358276544     0.000000000000000
     0.000000000000000     0.000000000000000     1.484079040810449
8 14
     1.402621308017776    -0.050799478494118    -0.000000000000000
    -2.530728230887902     0.091732104327219     0.000000000000000
     0.000000000000000     0.000000000000000     1.742742005626218
8 15
     0.000064308099864    -0.000261211860989     0.000000000000000
    -0.000261217107797     0.000366016853024     0.000000000000000
     0.000000000000000     0.000000000000000    -0.000006831667029
8 16
     0.000069017046820    -0.000097368327472     0.000000000000000
    -0.000097370185654     0.000079381211697     0.000000000000000
     0.000000000000000     0.000000000000000    -0.000001506627654
8 17
     0.000598926557584     0.000205930958918     0.000000000000000
     0.000205932221896    -0.000018535248508     0.000000000000000
     0.000000000000000     0.000000000000000    -0.000006064391426
8 18
     0.000942463224884     0.000593504303173     0.000000000000000
     0.000593495355840     0.000022116505996    -0.000000000000000
     0.000000000000000     0.000000000000000    -0.000034466312096
8 19
   -14.146212392198485     1.100369647869827     0.000000000000000
     0.662996025288682   -45.523415432682960     0.000000000000000
     0.000000000000000     0.000000000000000   -11.459226010418320
8 20
    -0.002726002911037     0.008880845609138    -0.000000000000000
     0.008885094574455    -0.022517089408111     0.000000000000000
     0.000000000000000     0.000000000000000     0.495930568003728
8 21
    -0.000319272129169    -0.000695885282545     0.000000000000000
    -0.000695880335730     0.002307591449530     0.000000000000000
     0.000000000000000     0.000000000000000    -0.000033353162517
8 22
    -0.000004804341402    -0.000007270187518     0.000000000000000
    -0.000007269933323     0.000103974100391    -0.000000000000000
     0.000000000000000     0.000000000000000    -0.000000992834011
8 23
     0.000925962439520    -0.000104296342616     0.000000000000000
    -0.000104284316476    -0.000147393072655     0.000000000000000
     0.000000000000000     0.000000000000000    -0.000007340793695
8 24
     0.000161186024950     0.000010780192724     0.000000000000000
     0.000010781916567    -0.000025609113342     0.000000000000000
     0.000000000000000     0.000000000000000    -0.000001249922359
8 25
   -38.442674410642766   -13.364572625170926     0.000000000000000
   -12.927199458809167   -21.226953414238668     0.000000000000000
     0.000000000000000     0.000000000000000   -11.459226010418318
8 26
    -0.025262195544361    -0.004126182397418    -0.000000000000000
    -0.004130431185866     0.000019103225214     0.000000000000000
     0.000000000000000     0.000000000000000     0.495930568003728
8 27
     0.002253527745625     0.000789526362812     0.000000000000000
     0.000789521419480    -0.000265208425264     0.000000000000000
     0.000000000000000     0.000000000000000    -0.000033353162517
8 28
     0.000083075546954     0.000043467543202     0.000000000000000
     0.000043467290354     0.000016094212035    -0.000000000000000
     0.000000000000000     0.000000000000000    -0.000000992834011
8 29
     0.000211263880145    -0.000516915710567     0.000000000000000
    -0.000516927759815     0.000567305486720     0.000000000000000
     0.000000000000000     0.000000000000000    -0.000007340793695
8 30
     0.000011753004029    -0.000075493277085     0.000000000000000
    -0.000075495003335     0.000123823907580    -0.000000000000000
     0.000000000000000     0.000000000000000    -0.000001249922359
8 31
     1.057007504355117     1.834020063626275    -0.000000000000000
     0.018842781547416     0.029754274266494     0.000000000000000
     0.000000000000000     0.000000000000000     1.484079040810449
8 32
     1.537288673725952    -2.452977898350114    -0.000000000000000
     0.026950760904977    -0.042935261380957     0.000000000000000
     0.000000000000000     0.000000000000000     1.742742005626218
8 33
     0.000516808044055     0.000000033861648     0.000000000000000
     0.000000039098740    -0.000086483091167    -0.000000000000000
     0.000000000000000     0.000000000000000    -0.000006831667029
8 34
     0.000161114420209    -0.000044197739702     0.000000000000000
    -0.000044195886787    -0.000012716161692     0.000000000000000
     0.000000000000000     0.000000000000000    -0.000001506627654
8 35
    -0.000042511785719    -0.000164402379051     0.000000000000000
    -0.000164403640484     0.000622903094795     0.000000000000000
     0.000000000000000     0.000000000000000    -0.000006064391426
8 36
    -0.000261782743777    -0.000101776387482     0.000000000000000
    -0.000101767421857     0.001226362474657    -0.000000000000000
     0.000000000000000     0.000000000000000    -0.000034466312096
8 37
     1.079926967436216     0.024869066807131    -0.000000000000000
     1.872458600465353     0.042380135108323     0.000000000000000
     0.000000000000000     0.000000000000000     0.233342754569087
8 38
    -0.000156621141857    -0.000475884147282    -0.000000000000000
    -0.000475884164984    -0.000706124833150     0.000000000000000
     0.000000000000000     0.000000000000000     0.000086961101675
8 39
    -0.519800121509963     0.948855682556927    -0.000000000000000
    -0.898733814879445     1.642107224054502     0.000000000000000
     0.000000000000000     0.000000000000000     0.233342754569087
8 40
     0.000844714963061    -0.001130819020933     0.000000000000000
    -0.001130834108604     0.000708796203220     0.000000000000000
     0.000000000000000     0.000000000000000    -0.000027812810840
8 41
     0.000214518972773    -0.000125336606580     0.000000000000000
    -0.000125336611243     0.000069792722985    -0.000000000000000
     0.000000000000000     0.000000000000000    -0.000003067819842
8 42
     0.001722100425544    -0.000624275343012     0.000000000000000
    -0.000624260320629    -0.000168589259263     0.000000000000000
     0.000000000000000     0.000000000000000    -0.000027812810840
9 1
     0.000087871073266    -0.000101550482074     0.000000000000000
    -0.000101549590455     0.000205129930710    -0.000000000000000
     0.000000000000000     0.000000000000000    -0.000006137258707
9 2
     0.000311110127106    -0.000363755369759    -0.000000000000000
    -0.000363754173572     0.000261204367278    -0.000000000000000
     0.000000000000000     0.000000000000000    -0.000006010769632
9 3
    -0.000214208171683     0.000000000003450     0.000000000000000
    -0.000000000021634     0.001343076736371    -0.000000000000000
     0.000000000000000     0.000000000000000    -0.000012721554929
9 4
    -0.001048687855090     0.000000000016892     0.000000000000000
    -0.000000000009655     0.000599398578338     0.000000000000000
     0.000000000000000     0.000000000000000     0.000095794636826
9 5
     0.000087871069994     0.000101550479243    -0.000000000000000
     0.000101549583846     0.000205129927439    -0.000000000000000
     0.000000000000000     0.000000000000000    -0.000006137258707
9 6
     0.000311110115387     0.000363755359737     0.000000000000000
     0.000363754165157     0.000261204355560    -0.000000000000000
     0.000000000000000     0.000000000000000    -0.000006010769632
9 7
     1.121265895386973     0.026781646020108     0.000000000000000
     1.846058009455707     0.040129601393637     0.000000000000000
     0.000000000000000     0.000000000000000     1.545466778524678
9 8
    -0.024245469837301     0.029473187137933     0.000000000000000
     0.029466211664028    -0.032269777709106     0.000000000000000
     0.000000000000000     0.000000000000000     0.787531285163694
9 9
    83.831081329101238    -0.000001350330720    -0.000000000000000
    -0.000001189068421    73.819615161524439     0.000000000000000
     0.000000000000000     0.000000000000000    24.634436346058227
9 10
   -13.318046139245354     0.000000214523851     0.000000000000000
     0.000000489150000   -30.367357690961992    -0.000000000000000
     0.000000000000000     0.000000000000000   -10.483791922209443
9 11
     1.121265896249757    -0.026781682142267    -0.000000000000000
    -1.846058010748505     0.040129660865348     0.000000000000000
     0.000000000000000     0.000000000000000     1.545466778524678
9 12
    -0.024245468887808    -0.029473186356853    -0.000000000000000
    -0.029466210624440    -0.032269776759837     0.000000000000000
     0.000000000000000     0.000000000000000     0.787531285163694
9 13
     0.001045527615812    -0.000734979791463     0.000000000000000
    -0.000734988538762     0.000179989800655     0.000000000000000
     0.000000000000000     0.000000000000000    -0.000014511537605
9 14
    -0.000420685906637    -0.000012119559271     0.000000000000000
    -0.000011956386649    -0.000462382779641     0.000000000000000
     0.000000000000000     0.000000000000000     0.000031915310712
9 15
    -0.003732931351672     0.012390863228067    -0.000000000000000
     0.012383683529578    -0.035750805509148     0.000000000000000
     0.000000000000000     0.000000000000000     0.373407480792406
9 16
    -0.506813612794081     0.445658994580723     0.000000000000000
     0.445628129421466    -0.291988314055416    -0.000000000000000
     0.000000000000000     0.000000000000000    -0.448487123965950
9 17
     0.000222022656518     0.000520618578665     0.000000000000000
     0.000520609568986     0.000564938369672    -0.000000000000000
     0.000000000000000     0.000000000000000    -0.000007648766952
9 18
    -0.000046040616728     0.000264978039480     0.000000000000000
     0.000264967868779     0.000654486009697    -0.000000000000000
     0.000000000000000     0.000000000000000    -0.000013587562370
9 19
     0.000248922595590    -0.001534990905157     0.000000000000000
    -0.001535015561415     0.001983583517621    -0.000000000000000
     0.000000000000000     0.000000000000000    -0.000039989738371
9 20
     0.000017631136624    -0.000065128769739     0.000000000000000
    -0.000065127408895     0.000089332314044    -0.000000000000000
     0.000000000000000     0.000000000000000    -0.000001054927309
9 21
     1.077691065900218    -1.796672927967392    -0.000000000000000
    -0.000365910544810    -0.002069494000253     0.000000000000000
     0.000000000000000     0.000000000000000     1.513775153755234
9 22
     0.000061792863646     0.000571346381753     0.000000000000000
     0.000571345647245     0.000847833005066     0.000000000000000
     0.000000000000000     0.000000000000000    -0.000029456778269
9 23
    -0.000882245481059     0.000104545047279     0.000000000000000
     0.000104419106674    -0.001006042034197     0.000000000000000
     0.000000000000000     0.000000000000000     0.000173372243267
9 24
     0.000173658133755     0.000073732851854    -0.000000000000000
     0.000073734321323    -0.000000229941599    -0.000000000000000
     0.000000000000000     0.000000000000000    -0.000001857312742
9 25
    -0.000882245477691    -0.000104545018857     0.000000000000000
    -0.000104419074263    -0.001006042030833     0.000000000000000
     0.000000000000000     0.000000000000000     0.000173372243267
9 26
     0.000173658136130    -0.000073732857448     0.000000000000000
    -0.000073734321315    -0.000000229939224    -0.000000000000000
     0.000000000000000     0.000000000000000    -0.000001857312742
9 27
     0.000248922546140     0.001534990897138     0.000000000000000
     0.001535015497513     0.001983583468170    -0.000000000000000
     0.000000000000000     0.000000000000000    -0.000039989738371
9 28
     0.000017631134526     0.000065128769171     0.000000000000000
     0.000065127406017     0.000089332311946    -0.000000000000000
     0.000000000000000     0.000000000000000    -0.000001054927309
9 29
     1.077691008019480     1.796672893249019     0.000000000000000
     0.000365910611478    -0.002069494012045     0.000000000000000
     0.000000000000000     0.000000000000000     1.513775153755234
9 30
     0.000061792882053    -0.000571346383744    -0.000000000000000
    -0.000571345674558     0.000847833023473    -0.000000000000000
     0.000000000000000     0.000000000000000    -0.000029456778269
9 31
     0.000222022673290    -0.000520618585818     0.000000000000000
    -0.000520609587185     0.000564938386443    -0.000000000000000
     0.000000000000000     0.000000000000000    -0.000007648766952
9 32
    -0.000046040608192    -0.000264978037996     0.000000000000000
    -0.000264967889864     0.000654486018233    -0.000000000000000
     0.000000000000000     0.000000000000000    -0.000013587562370
9 33
     0.001045527592134     0.000734979757781     0.000000000000000
     0.000734988532963     0.000179989776977    -0.000000000000000
     0.000000000000000     0.000000000000000    -0.000014511537605
9 34
    -0.000420685907027     0.000012119572823     0.000000000000000
     0.000011956401545    -0.000462382780026     0.000000000000000
     0.000000000000000     0.000000000000000     0.000031915310712
9 35
    -0.003732930952494    -0.012390863107809    -0.000000000000000
    -0.012383682377847    -0.035750805110201     0.000000000000000
     0.000000000000000     0.000000000000000     0.373407480792406
9 36
    -0.506813598436949    -0.445658978253462     0.000000000000000
    -0.445628120014912    -0.291988299699275    -0.000000000000000
     0.000000000000000     0.000000000000000    -0.448487123965950
9 37
   -37.061502678670074    16.019623493115148    -0.000000000000000
    13.794190852821506   -19.441308828305399    -0.000000000000000
     0.000000000000000     0.000000000000000   -10.201113378293533
9 38
   -37.061502162589726   -16.019622299159757    -0.000000000000000
   -13.794190226509722   -19.441308383918408    -0.000000000000000
     0.000000000000000     0.000000000000000   -10.201113378293533
9 39
     0.281231386343117    -0.000000004530008     0.000000000000000
     0.000000063388845    -3.935299570498136    -0.000000000000000
     0.000000000000000     0.000000000000000    -1.292044748338314
9 40
    -0.000027754118487    -0.000113256126270    -0.000000000000000
    -0.000113252514207     0.000443046640388    -0.000000000000000
     0.000000000000000     0.000000000000000    -0.000004445963662
9 41
    -0.000027754122136     0.000113256127165     0.000000000000000
     0.000113252499934     0.000443046636740    -0.000000000000000
     0.000000000000000     0.000000000000000    -0.000004445963662
9 42
     0.000087687677464    -0.000000000001412    -0.000000000000000
    -0.000000000001491     0.000092563086462    -0.000000000000000
     0.000000000000000     0.000000000000000    -0.000004314422162
10 1
    -0.000041342459748    -0.000160274639608    -0.000000000000000
    -0.000160269532763     0.000613650138122    -0.000000000000000
     0.000000000000000     0.000000000000000    -0.000006010895965
10 2
     0.000074187430344    -0.000207272423831    -0.000000000000000
    -0.000207268921081     0.000313518949984    -0.000000000000000
     0.000000000000000     0.000000000000000    -0.000007301407545
10 3
    -0.001048687855076     0.000000000016892     0.000000000000000
    -0.000000000009655     0.000599398578333     0.000000000000000
     0.000000000000000     0.000000000000000     0.000095794636824
10 4
     0.208569099601334    -0.000000003359582     0.000000000000000
     0.000000047651382    -2.958288095178378     0.000000000000000
     0.000000000000000     0.000000000000000    -0.525939909229277
10 5
    -0.000041342464912     0.000160274640940     0.000000000000000
     0.000160269512994     0.000613650132959    -0.000000000000000
     0.000000000000000     0.000000000000000    -0.000006010895965
10 6
     0.000074187423666     0.000207272421441    -0.000000000000000
     0.000207268910981     0.000313518943307    -0.000000000000000
     0.000000000000000     0.000000000000000    -0.000007301407545
10 7
    -0.004745504954011     0.018221172133730    -0.000000000000000
     0.018211051475341    -0.051764290143327     0.000000000000000
     0.000000000000000     0.000000000000000     0.787549233864011
10 8
     0.000232822009251    -0.001535710198153     0.000000000000000
    -0.001535737379753     0.002006154523410     0.000000000000000
     0.000000000000000     0.000000000000000    -0.000040172254628
10 9
   -13.318119633031310     0.000000214525035    -0.000000000000000
     0.000000489150078   -30.367362604105800    -0.000000000000000
     0.000000000000000     0.000000000000000   -10.483787526424651
10 10
    83.939572919684238    -0.000001352078279     0.000000000000001
    -0.000001201200803    74.572816382600479     0.000000000000001
     0.000000000000000     0.000000000000000    24.441058768984441
10 11
    -0.004745504367006    -0.018221171980851    -0.000000000000000
    -0.018211049807728    -0.051764289556648     0.000000000000000
     0.000000000000000     0.000000000000000     0.787549233864011
10 12
     0.000232821959777     0.001535710190652     0.000000000000000
     0.001535737315124     0.002006154473935    -0.000000000000000
     0.000000000000000     0.000000000000000    -0.000040172254628
10 13
     0.000314172188949    -0.000370335236338     0.000000000000000
    -0.000370333973360     0.000266219130720    -0.000000000000000
     0.000000000000000     0.000000000000000    -0.000006064391426
10 14
     0.000766189105036    -0.000695267268279    -0.000000000000000
    -0.000695276215612     0.000198390632402    -0.000000000000000
     0.000000000000000     0.000000000000000    -0.000034466312096
10 15
     1.088880712845960     0.000440740615972     0.000000000000000
     1.815618057841945    -0.002118993915275     0.000000000000000
     0.000000000000000     0.000000000000000     1.484079040810449
10 16
    -0.698379864967250     1.317714615535668    -0.000000000000000
    -1.162214136858116     2.192733355467950     0.000000000000000
     0.000000000000000     0.000000000000000     1.742742005626218
10 17
     0.000064371279409     0.000261253584525     0.000000000000000
     0.000261248337717     0.000365953673476    -0.000000000000000
     0.000000000000000     0.000000000000000    -0.000006831667029
10 18
    -0.000007534079899     0.000053173371214     0.000000000000000
     0.000053171513032     0.000155932341264    -0.000000000000000
     0.000000000000000     0.000000000000000    -0.000001506627654
10 19
     0.000030627736425    -0.000412637424985     0.000000000000000
    -0.000412625398846     0.000747941663746    -0.000000000000000
     0.000000000000000     0.000000000000000    -0.000007340793695
10 20
     0.000030426338974    -0.000086276057868     0.000000000000000
    -0.000086274334026     0.000105150577498    -0.000000000000000
     0.000000000000000     0.000000000000000    -0.000001249922359
10 21
   -36.915553682127126   -13.808881592808053     0.000000000000000
   -14.246255215389198   -22.754073295751425    -0.000000000000000
     0.000000000000000     0.000000000000000   -11.459226010418320
10 22
    -0.009876439538160    -0.013013401162733    -0.000000000000000
    -0.013009152197416    -0.015366652514997     0.000000000000000
     0.000000000000000     0.000000000000000     0.495930568003728
10 23
     0.001048223310914     0.001485404210862     0.000000000000000
     0.001485409157677     0.000940095958577    -0.000000000000000
     0.000000000000000     0.000000000000000    -0.000033353162517
10 24
     0.000070483430148     0.000050737349303    -0.000000000000000
     0.000050737603497     0.000028686326041    -0.000000000000000
     0.000000000000000     0.000000000000000    -0.000000992834011
10 25
     0.001048223358767    -0.001485404244631     0.000000000000000
    -0.001485409187963     0.000940096006431     0.000000000000000
     0.000000000000000     0.000000000000000    -0.000033353162517
10 26
     0.000070483431782    -0.000050737351573    -0.000000000000000
    -0.000050737604421     0.000028686327675    -0.000000000000000
     0.000000000000000     0.000000000000000    -0.000000992834011
10 27
     0.000030627723131     0.000412637423998     0.000000000000000
     0.000412625374750     0.000747941650453    -0.000000000000000
     0.000000000000000     0.000000000000000    -0.000007340793695
10 28
     0.000030426336195     0.000086276056888    -0.000000000000000
     0.000086274330638     0.000105150574719    -0.000000000000000
     0.000000000000000     0.000000000000000    -0.000001249922359
10 29
   -36.915554126987324    13.808882782061637     0.000000000000000
    14.246255948423393   -22.754073754701924    -0.000000000000000
     0.000000000000000     0.000000000000000   -11.459226010418318
10 30
    -0.009876439957393     0.013013401480908    -0.000000000000000
     0.013009152692460    -0.015366652934094     0.000000000000000
     0.000000000000000     0.000000000000000     0.495930568003728
10 31
     0.000064371287826    -0.000261253586599    -0.000000000000000
    -0.000261248349507     0.000365953681893    -0.000000000000000
     0.000000000000000     0.000000000000000    -0.000006831667029
10 32
    -0.000007534078186    -0.000053173370971     0.000000000000000
    -0.000053171518055     0.000155932342977    -0.000000000000000
     0.000000000000000     0.000000000000000    -0.000001506627654
10 33
     0.000314172177019     0.000370335226217     0.000000000000000
     0.000370333964784     0.000266219118789    -0.000000000000000
     0.000000000000000     0.000000000000000    -0.000006064391426
10 34
     0.000766189082637     0.000695267243596    -0.000000000000000
     0.000695276209221     0.000198390610003    -0.000000000000000
     0.000000000000000     0.000000000000000    -0.000034466312096
10 35
     1.088880712860158    -0.000440775694826    -0.000000000000000
    -1.815618057773684    -0.002118935424203     0.000000000000000
     0.000000000000000     0.000000000000000     1.484079040810449
10 36
    -0.698379822516399    -1.317714593037000    -0.000000000000000
     1.162214066218091     2.192733318026626     0.000000000000000
     0.000000000000000     0.000000000000000     1.742742005626218
10 37
     1.123333746792730     1.847397613703395    -0.000000000000000
    -0.000191883732976    -0.001026705371573     0.000000000000000
     0.000000000000000     0.000000000000000     0.233342754569087
10 38
     1.123333806307591    -1.847397649892172     0.000000000000000
     0.000191883766050    -0.001026705377751     0.000000000000000
     0.000000000000000     0.000000000000000     0.233342754569087
10 39
    -0.000980876651431     0.000000000015800    -0.000000000000000
    -0.000000000001903     0.000118130707085     0.000000000000000
     0.000000000000000     0.000000000000000     0.000086961101675
10 40
    -0.000236548624424    -0.000506566256650     0.000000000000000
    -0.000506551234268     0.001790059863565    -0.000000000000000
     0.000000000000000     0.000000000000000    -0.000027812810840
10 41
    -0.000236548640744     0.000506566264271     0.000000000000000
     0.000506551176600     0.001790059847246    -0.000000000000000
     0.000000000000000     0.000000000000000    -0.000027812810840
10 42
    -0.000002570401838     0.000000000000041    -0.000000000000000
    -0.000000000004621     0.000286882105672    -0.000000000000000
     0.000000000000000     0.000000000000000    -0.000003067819842
11 1
     0.000263760112792     0.000000000004249    -0.000000000000000
    -0.000000000891148     0.000029240878098     0.000000000000000
     0.000000000000000     0.000000000000000    -0.000006137258707
11 2
     0.000588701647397    -0.000203486616446    -0.000000000000000
    -0.000203487811025    -0.000016387186776    -0.000000000000000
     0.000000000000000     0.000000000000000    -0.000006010769632
11 3
     0.000087870301101     0.000101549144645    -0.000000000000000
     0.000101550036265     0.000205130702874    -0.000000000000000
     0.000000000000000     0.000000000000000    -0.000006137258707
11 4
    -0.000041340067203     0.000160266955227    -0.000000000000000
     0.000160268151414     0.000613654574698     0.000000000000000
     0.000000000000000     0.000000000000000    -0.000006010769632
11 5
     0.000953755464012     0.000674324153649    -0.000000000000000
     0.000674324128564     0.000175113057228    -0.000000000000000
     0.000000000000000     0.000000000000000    -0.000012721554929
11 6
     0.000187376956392     0.000713642374573     0.000000000000000
     0.000713642348026    -0.000636666279124     0.000000000000000
     0.000000000000000     0.000000000000000     0.000095794636826
11 7
    -0.500549641954152     0.909702355774688     0.000000000000000
    -0.909573972831550     1.661945259399607     0.000000000000000
     0.000000000000000     0.000000000000000     1.545466778524678
11 8
    -0.055785205951598     0.011256734601802     0.000000000000000
     0.011263710334214    -0.000730038522792     0.000000000000000
     0.000000000000000     0.000000000000000     0.787531285163694
11 9
     1.121377018117234    -1.845993852716287     0.000000000000000
    -0.026717489280688     0.040018478659247    -0.000000000000000
     0.000000000000000     0.000000000000000     1.545466778524678
11 10
    -0.004742191992396    -0.018205988740756     0.000000000000000
    -0.018212964214661    -0.051773056279519    -0.000000000000000
     0.000000000000000     0.000000000000000     0.787531285163694
11 11
    76.322478544299912    -4.335092730605922     0.000000000000000
    -4.335092569343622    81.328218225640285     0.000000000000000
     0.000000000000000     0.000000000000000    24.634436346058227
11 12
   -26.105028651100532    -7.382568421805642    -0.000000000000000
    -7.382568147179493   -17.580374703440395    -0.000000000000000
     0.000000000000000     0.000000000000000   -10.483791922209443
11 13
     0.000930074430736    -0.000111815678937    -0.000000000000000
    -0.000111824688617    -0.000143113430886    -0.000000000000000
     0.000000000000000     0.000000000000000    -0.000007648766952
11 14
     0.000708827640154     0.000170855530641    -0.000000000000000
     0.000170845359941    -0.000100382275267    -0.000000000000000
     0.000000000000000     0.000000000000000    -0.000013587562370
11 15
    -0.000240140697106    -0.000007292421596     0.000000000000000
    -0.000007301168894     0.001465658161398    -0.000000000000000
     0.000000000000000     0.000000000000000    -0.000014511537605
11 16
    -0.000462383738689    -0.000012117868358     0.000000000000000
    -0.000011954695737    -0.000420684946038     0.000000000000000
     0.000000000000000     0.000000000000000     0.000031915310712
11 17
    -0.017018642742199    -0.020054192719943     0.000000000000000
    -0.020061372418432    -0.022465093624402     0.000000000000000
     0.000000000000000     0.000000000000000     0.373407480792406
11 18
     0.040244007953848    -0.129784258945832    -0.000000000000000
    -0.129815124105089    -0.839045955153487    -0.000000000000000
     0.000000000000000     0.000000000000000    -0.448487123965950
11 19
    -0.000884608736626    -0.000105783532937     0.000000000000000
    -0.000105909473542    -0.001003678778542    -0.000000000000000
     0.000000000000000     0.000000000000000     0.000173372243267
11 20
     0.000107097235155    -0.000112163274761    -0.000000000000000
    -0.000112161805292     0.000066330959476     0.000000000000000
     0.000000000000000     0.000000000000000    -0.000001857312742
11 21
     0.000220566461581     0.001518644139507    -0.000000000000000
     0.001518619483249     0.002011939652685    -0.000000000000000
     0.000000000000000     0.000000000000000    -0.000039989738371
11 22
     0.000015004438397     0.000063610883938    -0.000000000000000
     0.000063612244782     0.000091959012368    -0.000000000000000
     0.000000000000000     0.000000000000000    -0.000001054927309
11 23
    -0.510269982363691    -0.916443845185324     0.000000000000000
     0.879863172237257     1.585891613334645     0.000000000000000
     0.000000000000000     0.000000000000000     1.513775153755234
11 24
     0.001146123099761     0.000054692718111     0.000000000000000
     0.000054691983602    -0.000236497271385    -0.000000000000000
     0.000000000000000     0.000000000000000    -0.000029456778269
11 25
     0.002879269921370    -0.000016383704115    -0.000000000000000
    -0.000016359103741    -0.000646764004908    -0.000000000000000
     0.000000000000000     0.000000000000000    -0.000039989738371
11 26
     0.000127809592405    -0.000001515842518    -0.000000000000000
    -0.000001517205672    -0.000020846150032    -0.000000000000000
     0.000000000000000     0.000000000000000    -0.000001054927309
11 27
     1.046011244945241    -0.018656230690449     0.000000000000000
    -1.814963213327990     0.029610270240662     0.000000000000000
     0.000000000000000     0.000000000000000     1.513775153755234
11 28
     0.000156522798070     0.000626038018089    -0.000000000000000
     0.000626038727274     0.000753103103931     0.000000000000000
     0.000000000000000     0.000000000000000    -0.000029456778269
11 29
    -0.001065576969357    -0.000001427413770     0.000000000000000
    -0.000001301469176    -0.000822710532347     0.000000000000000
     0.000000000000000     0.000000000000000     0.000173372243267
11 30
    -0.000020613080708    -0.000038428220108     0.000000000000000
    -0.000038429683975     0.000194041284841    -0.000000000000000
     0.000000000000000     0.000000000000000    -0.000001857312742
11 31
     0.001032889155177    -0.000742285338079    -0.000000000000000
    -0.000742276562897     0.000192628214404    -0.000000000000000
     0.000000000000000     0.000000000000000    -0.000014511537605
11 32
    -0.000441533346358    -0.000023992676478     0.000000000000000
    -0.000024155847757    -0.000441535339920    -0.000000000000000
     0.000000000000000     0.000000000000000     0.000031915310712
11 33
    -0.038474028252711    -0.007674099873443     0.000000000000000
    -0.007666919143481    -0.001009706517641     0.000000000000000
     0.000000000000000     0.000000000000000     0.373407480792406
11 34
    -0.731633243641928     0.315828434922476    -0.000000000000000
     0.315859293161025    -0.067168646131170    -0.000000000000000
     0.000000000000000     0.000000000000000    -0.448487123965950
11 35
     0.000028344426301     0.000408789397070    -0.000000000000000
     0.000408798395703     0.000758616640637    -0.000000000000000
     0.000000000000000     0.000000000000000    -0.000007648766952
11 36
     0.000249881029555     0.000435818330254    -0.000000000000000
     0.000435828478387     0.000358564369477    -0.000000000000000
     0.000000000000000     0.000000000000000    -0.000013587562370
11 37
    -2.881166696008502    -1.825811481478730    -0.000000000000000
    -1.825811413559876    -0.772901370507614    -0.000000000000000
     0.000000000000000     0.000000000000000    -1.292044748338314
11 38
   -10.936596684964512     1.289030935740524    -0.000000000000000
    -0.936401704553120   -45.566215793838339     0.000000000000000
     0.000000000000000     0.000000000000000   -10.201113378293533
11 39
   -36.756115561515884    13.970505266126080    -0.000000000000000
    16.195937338776115   -19.746694996352467     0.000000000000000
     0.000000000000000     0.000000000000000   -10.201113378293533
11 40
     0.000091344230373     0.000002111113337    -0.000000000000000
     0.000002111113258     0.000088906533417    -0.000000000000000
     0.000000000000000     0.000000000000000    -0.000004314422162
11 41
     0.000227265321717     0.000260488059397    -0.000000000000000
     0.000260491671460     0.000188027190697     0.000000000000000
     0.000000000000000     0.000000000000000    -0.000004445963662
11 42
     0.000423427545458     0.000147237362149     0.000000000000000
     0.000147233734919    -0.000008135047638    -0.000000000000000
     0.000000000000000     0.000000000000000    -0.000004445963662
12 1
     0.000588701653960     0.000203486635403    -0.000000000000000
     0.000203481507457    -0.000016394009350    -0.000000000000000
     0.000000000000000     0.000000000000000    -0.000006010895965
12 2
     0.000433187713709     0.000000000006970    -0.000000000000000
    -0.000000003503491    -0.000045481360091     0.000000000000000
     0.000000000000000     0.000000000000000    -0.000007301407545
12 3
     0.000311102275961     0.000363753599584    -0.000000000000000
     0.000363758706429     0.000261205389302     0.000000000000000
     0.000000000000000     0.000000000000000    -0.000006010895965
12 4
     0.000074184396859     0.000207267169698    -0.000000000000000
     0.000207270672448     0.000313521983469     0.000000000000000
     0.000000000000000     0.000000000000000    -0.000007301407545
12 5
     0.000187376956392     0.000713642374565     0.000000000000000
     0.000713642348018    -0.000636666279115    -0.000000000000000
     0.000000000000000     0.000000000000000     0.000095794636824
12 6
    -2.166573694769924    -1.371289404850906     0.000000000000000
    -1.371289353839942    -0.583145212453540    -0.000000000000000
     0.000000000000000     0.000000000000000    -0.525939909229277
12 7
    -0.055785206314231    -0.011256736398950     0.000000000000000
    -0.011246614225827    -0.000724585710784     0.000000000000000
     0.000000000000000     0.000000000000000     0.787549233864011
12 8
     0.002892797047884     0.000000000046596    -0.000000000000000
     0.000000027171068    -0.000653820713121    -0.000000000000000
     0.000000000000000     0.000000000000000    -0.000040172254628
12 9
    -0.024233977114318    -0.029462726332466     0.000000000000000
    -0.029472846990855    -0.032275817258063     0.000000000000000
     0.000000000000000     0.000000000000000     0.787549233864011
12 10
     0.000232845549207     0.001535750970554     0.000000000000000
     0.001535723788953     0.002006130983452     0.000000000000000
     0.000000000000000     0.000000000000000    -0.000040172254628
12 11
   -26.105050709404193    -7.382538725515619    -0.000000000000000
    -7.382538450890574   -17.580431052068406     0.000000000000000
     0.000000000000000     0.000000000000000   -10.483787526424651
12 12
    76.914502330728595    -4.055925269847769     0.000000000000001
    -4.055925118970293    81.597887232883579    -0.000000000000000
     0.000000000000000     0.000000000000000    24.441058768984441
12 13
     0.000516808029636    -0.000000033853324    -0.000000000000000
    -0.000000039100132    -0.000086483093580    -0.000000000000000
     0.000000000000000     0.000000000000000    -0.000006831667029
12 14
     0.000161114416426     0.000044197743531    -0.000000000000000
     0.000044195885349    -0.000012716161335    -0.000000000000000
     0.000000000000000     0.000000000000000    -0.000001506627654
12 15
    -0.000042511781885     0.000164402382953    -0.000000000000000
     0.000164403645931     0.000622903114822    -0.000000000000000
     0.000000000000000     0.000000000000000    -0.000006064391426
12 16
    -0.000261782734834     0.000101776386105    -0.000000000000000
     0.000101767438772     0.001226362510511    -0.000000000000000
     0.000000000000000     0.000000000000000    -0.000034466312096
12 17
     1.057007445323240    -1.834020097768414     0.000000000000000
    -0.018842780542441     0.029754274793112    -0.000000000000000
     0.000000000000000     0.000000000000000     1.484079040810449
12 18
     1.537288670348411     2.452977991549124     0.000000000000000
    -0.026950760844660    -0.042935263012950     0.000000000000000
     0.000000000000000     0.000000000000000     1.742742005626218
12 19
     0.002253527670036    -0.000789526348540    -0.000000000000000
    -0.000789521401725    -0.000265208445381    -0.000000000000000
     0.000000000000000     0.000000000000000    -0.000033353162517
12 20
     0.000083075543936    -0.000043467543076    -0.000000000000000
    -0.000043467288882     0.000016094211784     0.000000000000000
     0.000000000000000     0.000000000000000    -0.000000992834011
12 21
     0.000211263882577     0.000516915728392    -0.000000000000000
     0.000516927754531     0.000567305510874    -0.000000000000000
     0.000000000000000     0.000000000000000    -0.000007340793695
12 22
     0.000011753004917     0.000075493279380    -0.000000000000000
     0.000075495003223     0.000123823912250    -0.000000000000000
     0.000000000000000     0.000000000000000    -0.000001249922359
12 23
   -38.442673122839956    13.364572378810035    -0.000000000000000
    12.927198756228890   -21.226953798230923    -0.000000000000000
     0.000000000000000     0.000000000000000   -11.459226010418320
12 24
    -0.025262194773097     0.004126182105619     0.000000000000000
     0.004130431070937     0.000019103292278     0.000000000000000
     0.000000000000000     0.000000000000000     0.495930568003728
12 25
     0.000925962415366     0.000104296360441    -0.000000000000000
     0.000104284311193    -0.000147393075088    -0.000000000000000
     0.000000000000000     0.000000000000000    -0.000007340793695
12 26
     0.000161186020280    -0.000010780190428    -0.000000000000000
    -0.000010781916678    -0.000025609114230     0.000000000000000
     0.000000000000000     0.000000000000000    -0.000001249922359
12 27
   -14.146212015251407    -1.100369906433258    -0.000000000000000
    -0.662996740071499   -45.523416713440689    -0.000000000000000
     0.000000000000000     0.000000000000000   -11.459226010418318
12 28
    -0.002726002978033    -0.008880845900818     0.000000000000000
    -0.008885094689266    -0.022517090179445     0.000000000000000
     0.000000000000000     0.000000000000000     0.495930568003728
12 29
    -0.000319272109052     0.000695885296817     0.000000000000000
     0.000695880353485     0.002307591525120    -0.000000000000000
     0.000000000000000     0.000000000000000    -0.000033353162517
12 30
    -0.000004804341151     0.000007270187643    -0.000000000000000
     0.000007269934795     0.000103974103409     0.000000000000000
     0.000000000000000     0.000000000000000    -0.000000992834011
12 31
     0.000598926537557    -0.000205930955016    -0.000000000000000
    -0.000205932216449    -0.000018535252342    -0.000000000000000
     0.000000000000000     0.000000000000000    -0.000006064391426
12 32
     0.000942463189030    -0.000593504304551    -0.000000000000000
    -0.000593495338926     0.000022116497053    -0.000000000000000
     0.000000000000000     0.000000000000000    -0.000034466312096
12 33
    -0.515745550943111     0.889186635186837     0.000000000000000
    -0.925990646892021     1.602507388069989     0.000000000000000
     0.000000000000000     0.000000000000000     1.484079040810449
12 34
     1.402621269703677     0.050799502504475     0.000000000000000
     2.530728161759566     0.091732147650842     0.000000000000000
     0.000000000000000     0.000000000000000     1.742742005626218
12 35
     0.000064308102277     0.000261211869313    -0.000000000000000
     0.000261217106405     0.000366016867443     0.000000000000000
     0.000000000000000     0.000000000000000    -0.000006831667029
12 36
     0.000069017046462     0.000097368331300    -0.000000000000000
     0.000097370184216     0.000079381215481    -0.000000000000000
     0.000000000000000     0.000000000000000    -0.000001506627654
12 37
    -0.000156621129822     0.000475884158036     0.000000000000000
     0.000475884140333    -0.000706124845185     0.000000000000000
     0.000000000000000     0.000000000000000     0.000086961101675
12 38
     1.079926936906261    -0.024869050105767     0.000000000000000
    -1.872458547542138     0.042380106129602     0.000000000000000
     0.000000000000000     0.000000000000000     0.233342754569087
12 39
    -0.519800122291761    -0.948855717402294     0.000000000000000
     0.898733816255928     1.642107284344980    -0.000000000000000
     0.000000000000000     0.000000000000000     0.233342754569087
12 40
     0.000214518968807     0.000125336613533    -0.000000000000000
     0.000125336608870     0.000069792726951     0.000000000000000
     0.000000000000000     0.000000000000000    -0.000003067819842
12 41
     0.000844714957709     0.001130819066089    -0.000000000000000
     0.001130834088471     0.000708796241210    -0.000000000000000
     0.000000000000000     0.000000000000000    -0.000027812810840
12 42
     0.001722100387554     0.000624275388168    -0.000000000000000
     0.000624260300497    -0.000168589253911    -0.000000000000000
     0.000000000000000     0.000000000000000    -0.000027812810840
13 1
     1.045978149767166     1.814823875488058     0.000000000000000
     0.018593110827881     0.029499546081922     0.000000000000000
     0.000000000000001     0.000000000000002     1.513816568291644
13 2
   -14.146043019199158     0.663631738951769    -0.000000000000000
     1.099374825084209   -45.523456037288440    -0.000000000000001
    -0.000000000000014    -0.000000000000013   -11.460729540120749
13 3
     0.000248943827305    -0.001535027893168    -0.000000000000000
    -0.001535000338993     0.001983556854890    -0.000000000000000
    -0.000000000000000    -0.000000000000000    -0.000039993443722
13 4
     0.000030622435769    -0.000412619370122    -0.000000000000000
    -0.000412628864436     0.000747953094623    -0.000000000000000
    -0.000000000000000    -0.000000000000000    -0.000007340318624
13 5
    -0.000884608759610    -0.000105783515738    -0.000000000000000
    -0.000105680073822    -0.001003534545450     0.000000000000000
    -0.000000000000000    -0.000000000000000     0.000173500621208
13 6
     0.002253527745620    -0.000789526362805    -0.000000000000000
    -0.000789516156443    -0.000265234086759    -0.000000000000000
     0.000000000000000    -0.000000000000000    -0.000033353011440
13 7
    -0.038474029202501     0.007674099039615    -0.000000000000000
     0.007667237883845    -0.001009704381832     0.000000000000000
    -0.000000000000000     0.000000000000000     0.373399274727822
13 8
    -0.515746142381385     0.926110098153480     0.000000000000000
    -0.889144522666747     1.602635980241236     0.000000000000000
    -0.000000000000000     0.000000000000001     1.484092630329694
13 9
     0.001045520583183    -0.000734992953239    -0.000000000000000
    -0.000734993527870     0.000179982191112    -0.000000000000000
     0.000000000000000    -0.000000000000000    -0.000014512325409
13 10
     0.000314164148059    -0.000370333362155    -0.000000000000000
    -0.000370339186733     0.000266220558160    -0.000000000000000
     0.000000000000000    -0.000000000000000    -0.000006064447298
13 11
     0.000930074458491    -0.000111815690802    -0.000000000000000
    -0.000111803564516    -0.000143118985502    -0.000000000000000
     0.000000000000000    -0.000000000000000    -0.000007649160678
13 12
     0.000516808044051    -0.000000033861640    -0.000000000000000
    -0.000000028555510    -0.000086483121248    -0.000000000000000
     0.000000000000000    -0.000000000000000    -0.000006831747370
13 13
    78.083560165166887    -6.181246870862435     0.000000000000000
    -6.181235602218857    84.314432916932006     0.000000000000002
     0.000000000000085     0.000000000000023    23.990537896142754
13 14
     1.601002765683850    -0.058433759784283    -0.000000000000000
     2.773822184461286    -0.101235955730635     0.000000000000000
     0.000000000000001    -0.000000000000000     1.927965228768410
13 15
    -0.000039805248462    -0.000165411302550    -0.000000000000000
    -0.000165412691334     0.000613057458910    -0.000000000000000
    -0.000000000000000     0.000000000000000    -0.000005997285142
13 16
     0.000023378111336    -0.000006365410479    -0.000000000000000
    -0.000006365434603     0.000032654509202    -0.000000000000000
     0.000000000000000     0.000000000000000    -0.000001314169378
13 17
     0.000593092253595    -0.000199990907773    -0.000000000000000
    -0.000199985823009    -0.000019847575049    -0.000000000000000
     0.000000000000000    -0.000000000000000    -0.000005997679998
13 18
     0.000115717033752     0.000028449073618    -0.000000000000000
     0.000028449582983    -0.000006429585348    -0.000000000000000
     0.000000000000000     0.000000000000000    -0.000001209304863
13 19
    -2.922328536094792    -1.848158483612066    -0.000000000000000
    -1.847975330593853    -0.780895265189354    -0.000000000000000
    -0.000000000000003    -0.000000000000001    -0.434818005304239
13 20
    -0.002957777512597    -0.009023206302613    -0.000000000000000
    -0.009024634005740    -0.021893966110253     0.000000000000000
    -0.000000000000000    -0.000000000000000     0.496740134003689
13 21
     0.000536280997264    -0.000355935351503    -0.000000000000000
    -0.000314066691506     0.000637961097287    -0.000000000000000
     0.000000000000000     0.000000000000000    -0.000007235152880
13 22
     0.000015970372084    -0.000052741314081    -0.000000000000000
    -0.000052742375876     0.000078416186075    -0.000000000000000
    -0.000000000000000    -0.000000000000000    -0.000001672617070
13 23
     0.000902659447724     0.000102537229381    -0.000000000000000
     0.000143643246005     0.000260523165827    -0.000000000000000
     0.000000000000000     0.000000000000000    -0.000007118089828
13 24
     0.001000272188408     0.000191038161475    -0.000000000000000
     0.000190897564646    -0.000392400455417    -0.000000000000000
     0.000000000000000    -0.000000000000000    -0.000033309717365
13 25
   -37.794378599305389    14.440705460667509    -0.000000000000000
    12.407038009294721   -22.293549710466127    -0.000000000000001
    -0.000000000000028    -0.000000000000004   -11.332108261083842
13 26
   -25.083118777607545    -8.643702688261914    -0.000000000000000
    -8.291181526056763   -16.759559688745270    -0.000000000000000
    -0.000000000000028    -0.000000000000011    -8.026933581615214
13 27
     0.000436396993027     0.000000000000001    -0.000000000000000
     0.000000003589703    -0.000046828641611    -0.000000000000000
     0.000000000000000    -0.000000000000000    -0.000007304440768
13 28
     0.000078996907600    -0.000038886648738    -0.000000000000000
    -0.000038886473373     0.000014779731929    -0.000000000000000
     0.000000000000000    -0.000000000000000    -0.000000965506909
13 29
     0.000087354481698    -0.000105020665068    -0.000000000000000
    -0.000105021719728     0.000208623719650    -0.000000000000000
     0.000000000000000     0.000000000000000    -0.000006159197943
13 30
    -0.000039004925680    -0.000018771036089    -0.000000000000000
    -0.000018769907549     0.000272469222097    -0.000000000000000
    -0.000000000000000     0.000000000000000    -0.000002583906701
13 31
     1.109766163735088    -2.005499483763611     0.000000000000000
     0.018790153710156    -0.037199966262437     0.000000000000000
     0.000000000000001    -0.000000000000002     1.333047048198704
13 32
    -0.000591591745735    -0.000075041570309     0.000000000000000
    -0.000074961292297    -0.000508626286950     0.000000000000000
    -0.000000000000000    -0.000000000000000     0.000042743224438
13 33
     0.002819580282645     0.000000000000000    -0.000000000000000
    -0.000000014093637    -0.000618978499948    -0.000000000000000
     0.000000000000000    -0.000000000000000    -0.000039046105384
13 34
     0.000166555008355     0.000047264463840    -0.000000000000000
     0.000047265283184    -0.000012794910863    -0.000000000000000
     0.000000000000000     0.000000000000000    -0.000001564701834
13 35
     0.000064319013061    -0.000261157649696    -0.000000000000000
    -0.000261163180094     0.000365887459472    -0.000000000000000
    -0.000000000000000    -0.000000000000000    -0.000006830453459
13 36
     0.000082463027363    -0.000295902100892    -0.000000000000000
    -0.000295911306698     0.000379310804124    -0.000000000000000
    -0.000000000000000    -0.000000000000000    -0.000008156491571
13 37
     0.001125875307834    -0.001147036101863    -0.000000000000000
    -0.001147017581869    -0.000278205624800     0.000000000000000
     0.000000000000000    -0.000000000000000     0.000001372881958
13 38
     0.000478701711437    -0.000165986473196    -0.000000000000000
    -0.000165982184656    -0.000016434695403    -0.000000000000000
     0.000000000000000    -0.000000000000000    -0.000004799068761
13 39
     0.002386358257012    -0.000042814913133    -0.000000000000000
    -0.000042809284378    -0.000491455273795    -0.000000000000000
     0.000000000000000    -0.000000000000000    -0.000039623066269
13 40
    -0.003219242807019     0.008474231078865    -0.000000000000000
     0.008478419115796    -0.023078609990182     0.000000000000000
    -0.000000000000000    -0.000000000000000     0.155917471277275
13 41
     0.000890717572489    -0.001261978724614    -0.000000000000000
    -0.001261992880300     0.000817858094621    -0.000000000000000
    -0.000000000000000    -0.000000000000000    -0.000033010355412
13 42
    -1.349630459772254     0.892528873458982    -0.000000000000000
     0.892598509086800    -0.407658420950507    -0.000000000000000
    -0.000000000000002     0.000000000000001    -0.020814838577479
14 1
     0.000156522792349    -0.000626037998101    -0.000000000000000
    -0.000626038316246     0.000753102241138    -0.000000000000000
    -0.000000000000000    -0.000000000000000    -0.000029456381865
14 2
    -0.002726002911029     0.008880845609142     0.000000000000000
     0.008885363708764    -0.022517851563051     0.000000000000000
     0.000000000000000    -0.000000000000000     0.495934549489513
14 3
     0.000017629887564    -0.000065126727377    -0.000000000000000
    -0.000065128206138     0.000089333613095    -0.000000000000000
    -0.000000000000000    -0.000000000000000    -0.000001054906941
14 4
     0.000030424310614    -0.000086273470055    -0.000000000000000
    -0.000086275632144     0.000105152247174    -0.000000000000000
    -0.000000000000000    -0.000000000000000    -0.000001249888064
14 5
     0.000107097239947    -0.000112163273352    -0.000000000000000
    -0.000112164999032     0.000066331175370    -0.000000000000000
     0.000000000000000    -0.000000000000000    -0.000001857386571
14 6
     0.000083075546943    -0.000043467543200    -0.000000000000000
    -0.000043467391830     0.000016093421575    -0.000000000000000
     0.000000000000000    -0.000000000000000    -0.000000992856830
14 7
    -0.731633269141167    -0.315828437895910    -0.000000000000000
    -0.315859305039519    -0.067168507498098    -0.000000000000000
    -0.000000000000001    -0.000000000000000    -0.448437892319673
14 8
     1.402543251387397    -2.530696145042413     0.000000000000000
    -0.050825563400521     0.091783060220685     0.000000000000000
     0.000000000000002    -0.000000000000003     1.743000066118702
14 9
    -0.000421241204802    -0.000011874477219    -0.000000000000000
    -0.000012246956868    -0.000462246097135     0.000000000000000
    -0.000000000000000    -0.000000000000000     0.000032033065676
14 10
     0.000766184404461    -0.000695280733958    -0.000000000000000
    -0.000695277505685     0.000198381432078    -0.000000000000000
     0.000000000000000    -0.000000000000000    -0.000034465869843
14 11
     0.000708827657173     0.000170855514456    -0.000000000000000
     0.000170860327946    -0.000100372750002    -0.000000000000000
     0.000000000000000     0.000000000000000    -0.000013588208937
14 12
     0.000161114420207     0.000044197739696    -0.000000000000000
     0.000044198560706    -0.000012714323803    -0.000000000000000
     0.000000000000000     0.000000000000000    -0.000001506662370
14 13
     1.600883868174924     2.773485788231329     0.000000000000000
    -0.058621202865431    -0.101555884834014     0.000000000000000
     0.000000000000002     0.000000000000003     1.928280861004082
14 14
    10.758669252346857     0.425135296534303    -0.000000000000000
     0.425677885420864    30.531376055289034     0.000000000000000
     0.000000000000011     0.000000000000009     4.353576911672559
14 15
     0.000048743436022    -0.000067115210460    -0.000000000000000
    -0.000067116403529     0.000060543058201    -0.000000000000000
    -0.000000000000000    -0.000000000000000    -0.000001209277497
14 16
     0.000027157855431    -0.000013709850378    -0.000000000000000
    -0.000013709726219     0.000002560021536    -0.000000000000000
     0.000000000000000    -0.000000000000000    -0.000000279722677
14 17
     0.000035848007205    -0.000000834074199    -0.000000000000000
    -0.000000834065340     0.000020184597162    -0.000000000000000
     0.000000000000000     0.000000000000000    -0.000001314172480
14 18
     0.000020582492928     0.000017505990436    -0.000000000000000
     0.000017505780879     0.000009135489543    -0.000000000000000
     0.000000000000000     0.000000000000000    -0.000000279717512
14 19
    -0.002957777512597    -0.009023206302615    -0.000000000000000
    -0.009024634005723    -0.021893966110245     0.000000000000000
    -0.000000000000000    -0.000000000000000     0.496745743687309
14 20
    -0.000036180809371     0.000003711621872    -0.000000000000000
     0.000003713633710     0.000211143389186    -0.000000000000000
    -0.000000000000000     0.000000000000000    -0.000004921792182
14 21
     0.000121323291776    -0.000698671043700    -0.000000000000000
    -0.000698483038748     0.000486577361640    -0.000000000000000
    -0.000000000000000    -0.000000000000000    -0.000033343553284
14 22
    -0.000007006183683    -0.000038433467329    -0.000000000000000
    -0.000038434494374     0.000103161133192    -0.000000000000000
    -0.000000000000000     0.000000000000000    -0.000001705974240
14 23
     0.000108480407050    -0.000000668375180    -0.000000000000000
    -0.000000667347331    -0.000014093985972    -0.000000000000000
     0.000000000000000    -0.000000000000000    -0.000001672648346
14 24
     0.000108903918206    -0.000028486277839    -0.000000000000000
    -0.000028484335739    -0.000012750940560    -0.000000000000000
     0.000000000000000    -0.000000000000000    -0.000001706344559
14 25
   -11.508454211809319    -0.805173884184318    -0.000000000000000
    -0.453170661228595   -30.335139567480713    -0.000000000000000
    -0.000000000000014    -0.000000000000010    -8.028070761528614
14 26
    -0.464982282375075     0.294276257210515    -0.000000000000000
     0.294294835103679    -0.125189401250319    -0.000000000000000
    -0.000000000000000     0.000000000000000    -0.617861601220914
14 27
     0.000078996907596     0.000038886648739    -0.000000000000000
     0.000038886450490     0.000014780461902    -0.000000000000000
     0.000000000000000     0.000000000000000    -0.000000965506910
14 28
     0.000003288323385    -0.000000000000000    -0.000000000000000
     0.000000000008681     0.000009395519924    -0.000000000000000
     0.000000000000000     0.000000000000000    -0.000000285699907
14 29
     0.000178342329321    -0.000144258474108    -0.000000000000000
    -0.000144259596225     0.000055118423560    -0.000000000000000
     0.000000000000000    -0.000000000000000    -0.000002584244152
14 30
     0.000004151445884    -0.000006366149373    -0.000000000000000
    -0.000006366229152     0.000011502579804    -0.000000000000000
     0.000000000000000    -0.000000000000000    -0.000000307336827
14 31
    -0.000464414920126    -0.000001535454441    -0.000000000000000
    -0.000001620643869    -0.000635857991331     0.000000000000000
    -0.000000000000000    -0.000000000000000     0.000042592248212
14 32
     0.000047154049511     0.000235313543264    -0.000000000000000
     0.000235313555812     0.000318870612684    -0.000000000000000
     0.000000000000000     0.000000000000000    -0.000018281879545
14 33
     0.000166555008361    -0.000047264463844    -0.000000000000000
    -0.000047262584418    -0.000012796898154    -0.000000000000000
     0.000000000000000    -0.000000000000000    -0.000001564701833
14 34
     0.000025704898903     0.000000000000000    -0.000000000000000
     0.000000000275947    -0.000004250341368    -0.000000000000000
     0.000000000000000    -0.000000000000000    -0.000000334955906
14 35
     0.000048829451018    -0.000276483043247    -0.000000000000000
    -0.000276491476563     0.000412945637774    -0.000000000000000
    -0.000000000000000    -0.000000000000000    -0.000008156402202
14 36
    -0.001496514595624     0.002598613972632    -0.000000000000000
     0.002600487779894    -0.004500381006917     0.000000000000000
    -0.000000000000000     0.000000000000000     0.000287624584281
14 37
    -1.053919143872174     0.158837076251180     0.000000000000000
     0.158535290485340     0.052857911692446     0.000000000000000
    -0.000000000000001     0.000000000000000     0.076715049257716
14 38
     0.000656421247396    -0.000056359421341    -0.000000000000000
    -0.000056348815095    -0.000116344659289    -0.000000000000000
     0.000000000000000    -0.000000000000000    -0.000013902406975
14 39
     0.000927779374899     0.000568393735068    -0.000000000000000
     0.000568375007326    -0.000090620996578    -0.000000000000000
     0.000000000000000     0.000000000000000    -0.000049963900876
14 40
     0.000011992971864    -0.000108057807967    -0.000000000000000
    -0.000108061064955     0.000185079761951    -0.000000000000000
    -0.000000000000000    -0.000000000000000    -0.000002355284880
14 41
     0.000020807400424    -0.000040877328568    -0.000000000000000
    -0.000040878111791     0.000049191296017    -0.000000000000000
    -0.000000000000000    -0.000000000000000    -0.000000826156874
14 42
     0.000329734349312    -0.000401724512174    -0.000000000000000
    -0.000401732618980     0.000231998050898    -0.000000000000000
     0.000000000000000    -0.000000000000000    -0.000015042217764
15 1
    -0.001065369489556     0.000001317815787     0.000000000000000
     0.000001421257704    -0.000822773808780     0.000000000000000
    -0.000000000000000     0.000000000000000     0.000173500621208
15 2
    -0.000319289076210    -0.000695900355844    -0.000000000000000
    -0.000695890149482     0.002307582830777    -0.000000000000000
     0.000000000000000    -0.000000000000000    -0.000033353011440
15 3
     1.077512024353852    -0.000387019508041     0.000000000000000
    -1.796617784168218    -0.002034329677798     0.000000000000000
     0.000000000000002     0.000000000000000     1.513816568291644
15 4
   -36.915697291138798   -14.245441092855245    -0.000000000000001
   -13.809698006722805   -22.753800918334260    -0.000000000000000
    -0.000000000000018     0.000000000000006   -11.460729540120747
15 5
     0.000220542347686     0.001518602736785    -0.000000000000000
     0.001518630290960     0.002011958335566    -0.000000000000000
    -0.000000000000000    -0.000000000000000    -0.000039993443722
15 6
     0.000211277447910     0.000516930086266    -0.000000000000000
     0.000516920591952     0.000567298075761    -0.000000000000000
    -0.000000000000000     0.000000000000000    -0.000007340318624
15 7
     0.000028349403350    -0.000408807648488    -0.000000000000000
    -0.000408795522202     0.000758606103183    -0.000000000000000
     0.000000000000000    -0.000000000000000    -0.000007649160678
15 8
     0.000064312645071    -0.000261219789757    -0.000000000000000
    -0.000261214483627     0.000366012294564    -0.000000000000000
     0.000000000000000    -0.000000000000000    -0.000006831747370
15 9
    -0.003732791930520     0.012390625180183     0.000000000000000
     0.012383764024413    -0.035750942946161     0.000000000000000
    -0.000000000000000     0.000000000000000     0.373399274727822
15 10
     1.089046968293711     1.815672274341747     0.000000000000000
     0.000417653521520    -0.002157190130994     0.000000000000000
     0.000000000000001     0.000000000000001     1.484092630329694
15 11
    -0.000240156021983    -0.000007292220020    -0.000000000000000
    -0.000007292794650     0.001465658844104    -0.000000000000000
    -0.000000000000000    -0.000000000000000    -0.000014512325409
15 12
    -0.000042514167438     0.000164410861436    -0.000000000000000
     0.000164405036858     0.000622898886926    -0.000000000000000
    -0.000000000000000    -0.000000000000000    -0.000006064447298
15 13
    -0.000039807619003    -0.000165419095602    -0.000000000000000
    -0.000165414010838     0.000613052321093    -0.000000000000000
     0.000000000000000    -0.000000000000000    -0.000005997679998
15 14
     0.000048744910176    -0.000067115957277    -0.000000000000000
    -0.000067115447911     0.000060542540719    -0.000000000000000
     0.000000000000000    -0.000000000000000    -0.000001209304863
15 15
    77.403600538466179     5.788660721403222     0.000000000000002
     5.788671990046794    84.994392568926685     0.000000000000000
     0.000000000000063    -0.000000000000062    23.990537896142751
15 16
     1.500121384034257    -2.832066078396219     0.000000000000000
     0.000189865849351    -0.000354570328322     0.000000000000000
     0.000000000000001    -0.000000000000001     1.927965228768409
15 17
     0.000306590776185     0.000365404533131    -0.000000000000000
     0.000365403144346     0.000266661421377    -0.000000000000000
    -0.000000000000000     0.000000000000000    -0.000005997285142
15 18
     0.000024822791301     0.000007199520985    -0.000000000000000
     0.000007199496861     0.000031209829183    -0.000000000000000
     0.000000000000000    -0.000000000000000    -0.000001314169378
15 19
     0.000527656499850    -0.000360151302934    -0.000000000000000
    -0.000319045286310     0.000635526127651    -0.000000000000000
     0.000000000000000    -0.000000000000000    -0.000007118089828
15 20
     0.000121150734127    -0.000698458582366    -0.000000000000000
    -0.000698599179195     0.000486721031566    -0.000000000000000
     0.000000000000000    -0.000000000000000    -0.000033309717365
15 21
    -2.916726420805459     1.851209713424345    -0.000000000000000
     1.851392866442559    -0.786497380687090    -0.000000000000000
    -0.000000000000002     0.000000000000002    -0.434818005304239
15 22
    -0.024974862299894    -0.003686936059407     0.000000000000000
    -0.003688363762534     0.000123119496063     0.000000000000000
    -0.000000000000000     0.000000000000000     0.496740134003689
15 23
     0.000322421664962     0.000190594946136    -0.000000000000000
     0.000232463606133     0.000851820437544    -0.000000000000000
     0.000000000000000    -0.000000000000000    -0.000007235152880
15 24
     0.000017128953645     0.000053411283265    -0.000000000000000
     0.000053410221470     0.000077257604471    -0.000000000000000
    -0.000000000000000     0.000000000000000    -0.000001672617070
15 25
     0.000073979322743    -0.000209245533093    -0.000000000000000
    -0.000209241943391     0.000315589042156    -0.000000000000000
     0.000000000000000    -0.000000000000000    -0.000007304440768
15 26
    -0.000002842723679    -0.000008363660655    -0.000000000000000
    -0.000008363485290     0.000096619366253    -0.000000000000000
    -0.000000000000000    -0.000000000000000    -0.000000965506909
15 27
     0.000087355385480     0.000105022241527    -0.000000000000000
     0.000105021186867     0.000208622815867    -0.000000000000000
     0.000000000000000    -0.000000000000000    -0.000006159197943
15 28
     0.000178344972417     0.000144256932058    -0.000000000000000
     0.000144258060598     0.000055119315915    -0.000000000000000
     0.000000000000000     0.000000000000000    -0.000002583906701
15 29
   -14.543342587289070     1.016954140861985    -0.000000000000000
    -1.016713310510804   -45.544586587403963    -0.000000000000000
    -0.000000000000017     0.000000000000023   -11.332108261083841
15 30
   -26.173468826860894     7.661667619900742    -0.000000000000000
     8.014188782105895   -15.669209598931726    -0.000000000000000
    -0.000000000000023     0.000000000000019    -8.026933581615213
15 31
     0.000240655110246    -0.001488929076561    -0.000000000000000
    -0.001488943170199     0.001959946768386    -0.000000000000000
     0.000000000000000    -0.000000000000000    -0.000039046105384
15 32
     0.000072975149705    -0.000101293640771    -0.000000000000000
    -0.000101292821428     0.000080784951268    -0.000000000000000
     0.000000000000000    -0.000000000000000    -0.000001564701834
15 33
     0.000064323788106     0.000261165936967    -0.000000000000000
     0.000261160406570     0.000365882684427    -0.000000000000000
    -0.000000000000000    -0.000000000000000    -0.000006830453459
15 34
     0.000048836131481     0.000276496808947    -0.000000000000000
     0.000276487603142     0.000412937701257    -0.000000000000000
    -0.000000000000000    -0.000000000000000    -0.000008156491571
15 35
    -0.610728791605411    -1.012118397790929     0.000000000000000
     1.012171239682838     1.683295053079215     0.000000000000000
    -0.000000000000001    -0.000000000000002     1.333047048198704
15 36
    -0.000594320781077     0.000073385682979     0.000000000000000
     0.000073465960991    -0.000505897251507     0.000000000000000
    -0.000000000000000     0.000000000000000     0.000042743224438
15 37
     0.000190921758196    -0.001224726592778    -0.000000000000000
    -0.001224720964023     0.001703981306689    -0.000000000000000
     0.000000000000000    -0.000000000000000    -0.000039623066269
15 38
    -0.000920539749282    -0.000034480724206     0.000000000000000
    -0.000034462204213     0.001768209508441     0.000000000000000
    -0.000000000000000    -0.000000000000000     0.000001372881958
15 39
    -0.000036397236041    -0.000131410336861    -0.000000000000000
    -0.000131406048321     0.000498664271236    -0.000000000000000
     0.000000000000000    -0.000000000000000    -0.000004799068761
15 40
     0.129831397478239    -0.038430791660236    -0.000000000000000
    -0.038361156032418    -1.887120333235899    -0.000000000000000
    -0.000000000000000     0.000000000000002    -0.020814838577479
15 41
    -0.010773054822022    -0.012839614597182     0.000000000000000
    -0.012835426560251    -0.015524797694183     0.000000000000000
    -0.000000000000000    -0.000000000000000     0.155917471277275
15 42
    -0.000256838802545     0.000599450885940    -0.000000000000000
     0.000599436730255     0.001965414512344    -0.000000000000000
    -0.000000000000000    -0.000000000000000    -0.000033010355412
16 1
    -0.000020614299866     0.000038430705771    -0.000000000000000
     0.000038428980091     0.000194042719933    -0.000000000000000
    -0.000000000000000    -0.000000000000000    -0.000001857386571
16 2
    -0.000004804977938    -0.000007270453810    -0.000000000000000
    -0.000007270302440     0.000103973949725    -0.000000000000000
     0.000000000000000    -0.000000000000000    -0.000000992856830
16 3
     0.000061792420163     0.000571345709347    -0.000000000000000
     0.000571345391202     0.000847832616848    -0.000000000000000
    -0.000000000000000    -0.000000000000000    -0.000029456381865
16 4
    -0.009876894615767    -0.013013933036230     0.000000000000000
    -0.013009414936608    -0.015366959592305     0.000000000000000
    -0.000000000000000    -0.000000000000000     0.495934549489513
16 5
     0.000015005639573     0.000063613095826    -0.000000000000000
     0.000063611617065     0.000091957861184    -0.000000000000000
    -0.000000000000000    -0.000000000000000    -0.000001054906941
16 6
     0.000011754308538     0.000075496501219    -0.000000000000000
     0.000075494339130     0.000123822249945    -0.000000000000000
    -0.000000000000000    -0.000000000000000    -0.000001249888064
16 7
     0.000249894652037    -0.000435825426929    -0.000000000000000
    -0.000435820613439     0.000358560272205    -0.000000000000000
     0.000000000000000    -0.000000000000000    -0.000013588208937
16 8
     0.000069019582716    -0.000097369540911    -0.000000000000000
    -0.000097368719901     0.000079380517113    -0.000000000000000
     0.000000000000000    -0.000000000000000    -0.000001506662370
16 9
    -0.506813507268034     0.445659057490349    -0.000000000000000
     0.445628190346740    -0.291988277734363    -0.000000000000000
    -0.000000000000001     0.000000000000000    -0.448437892319673
16 10
    -0.698358563723367    -1.162130687655195     0.000000000000000
     1.317739893986697     2.192684953483459     0.000000000000000
    -0.000000000000001    -0.000000000000003     1.743000066118702
16 11
    -0.000462439748308    -0.000011539033758     0.000000000000000
    -0.000011911513407    -0.000421047552095     0.000000000000000
    -0.000000000000000     0.000000000000000     0.000032033065676
16 12
    -0.000261797199648     0.000101772038792    -0.000000000000000
     0.000101775267065     0.001226363074427    -0.000000000000000
     0.000000000000000    -0.000000000000000    -0.000034465869843
16 13
     0.000023378123514    -0.000006365425500    -0.000000000000000
    -0.000006365416640     0.000032654481317    -0.000000000000000
     0.000000000000000    -0.000000000000000    -0.000001314172480
16 14
     0.000027157781547    -0.000013709536154    -0.000000000000000
    -0.000013709745711     0.000002560200679    -0.000000000000000
     0.000000000000000    -0.000000000000000    -0.000000279717512
16 15
     1.499624883767177     0.000159299872377     0.000000000000000
    -2.831947691224383    -0.000296896659501     0.000000000000000
     0.000000000000003    -0.000000000000000     1.928280861004082
16 16
    25.956611410616446     8.348858273987570     0.000000000000000
     8.349400862874131    15.333433331667081     0.000000000000000
     0.000000000000013    -0.000000000000005     4.353576911672558
16 17
    -0.000000530841805     0.000038667885433    -0.000000000000000
     0.000038666692363     0.000109817337860    -0.000000000000000
    -0.000000000000000    -0.000000000000000    -0.000001209277497
16 18
    -0.000003163544788    -0.000003796342685    -0.000000000000000
    -0.000003796218526     0.000032881422883    -0.000000000000000
    -0.000000000000000    -0.000000000000000    -0.000000279722677
16 19
     0.000015971227874    -0.000052742853162    -0.000000000000000
    -0.000052741825313     0.000078415196645    -0.000000000000000
     0.000000000000000    -0.000000000000000    -0.000001672648346
16 20
    -0.000007006224368    -0.000038436417523    -0.000000000000000
    -0.000038434475423     0.000103159206326    -0.000000000000000
     0.000000000000000    -0.000000000000000    -0.000001706344559
16 21
    -0.024974862299881    -0.003686936059417     0.000000000000000
    -0.003688363762525     0.000123119496058     0.000000000000000
    -0.000000000000000     0.000000000000000     0.496745743687309
16 22
     0.000152527563578     0.000105237198237    -0.000000000000000
     0.000105239210075     0.000022435009218    -0.000000000000000
     0.000000000000000     0.000000000000000    -0.000004921792182
16 23
    -0.000209721622349     0.000507354164909    -0.000000000000000
     0.000507542169861     0.000817622288080    -0.000000000000000
    -0.000000000000000    -0.000000000000000    -0.000033343553284
16 24
     0.000042334497928     0.000066921350714    -0.000000000000000
     0.000066920323669     0.000053820449745    -0.000000000000000
     0.000000000000000     0.000000000000000    -0.000001705974240
16 25
     0.000064511312118    -0.000047249713094    -0.000000000000000
    -0.000047249911343     0.000029266057918    -0.000000000000000
     0.000000000000000    -0.000000000000000    -0.000000965506910
16 26
     0.000007868724286     0.000002644487061    -0.000000000000000
     0.000002644495743     0.000004815118853    -0.000000000000000
     0.000000000000000    -0.000000000000000    -0.000000285699907
16 27
    -0.000039007588393     0.000018772560390    -0.000000000000000
     0.000018771438273     0.000272468349359    -0.000000000000000
    -0.000000000000000    -0.000000000000000    -0.000002584244152
16 28
     0.000004151514479     0.000006366268755    -0.000000000000000
     0.000006366188977     0.000011502511209    -0.000000000000000
     0.000000000000000    -0.000000000000000    -0.000000307336827
16 29
   -26.173346543615160    -8.013609031655353    -0.000000000000000
    -7.661605808699631   -15.670246690151572    -0.000000000000000
    -0.000000000000016     0.000000000000007    -8.028070761528612
16 30
     0.044721136159552    -0.000017423732387    -0.000000000000000
     0.000001154160777    -0.634892838745540    -0.000000000000000
     0.000000000000000     0.000000000000001    -0.617861601220914
16 31
    -0.000008890332977    -0.000054030832515    -0.000000000000000
    -0.000054028953089     0.000162648449711    -0.000000000000000
     0.000000000000000    -0.000000000000000    -0.000001564701833
16 32
     0.000003238588306    -0.000012971206658    -0.000000000000000
    -0.000012970930712     0.000018215970064    -0.000000000000000
     0.000000000000000    -0.000000000000000    -0.000000334955906
16 33
     0.000082471593117     0.000295914776721    -0.000000000000000
     0.000295906343405     0.000379303494423    -0.000000000000000
    -0.000000000000000    -0.000000000000000    -0.000008156402202
16 34
    -0.001498137223134    -0.002601424604341     0.000000000000000
    -0.002599550797080    -0.004498758379346     0.000000000000000
     0.000000000000000     0.000000000000000     0.000287624584281
16 35
    -0.000594363836421    -0.000073405399330     0.000000000000000
    -0.000073490588758    -0.000505909070202     0.000000000000000
    -0.000000000000000     0.000000000000000     0.000042592248212
16 36
     0.000454728970959    -0.000000000060822    -0.000000000000000
    -0.000000000048274    -0.000088704323925    -0.000000000000000
     0.000000000000000     0.000000000000000    -0.000018281879545
16 37
     0.000656214394235    -0.000725163124931    -0.000000000000000
    -0.000725181852673     0.000180943994188    -0.000000000000000
     0.000000000000000    -0.000000000000000    -0.000049963900876
16 38
    -0.086410090202986     0.400056332483567     0.000000000000000
     0.399754546717726    -0.914651177967372     0.000000000000000
    -0.000000000000000     0.000000000000001     0.076715049257716
16 39
     0.000028042723551    -0.000306445701548    -0.000000000000000
    -0.000306435095302     0.000512033887931    -0.000000000000000
     0.000000000000000    -0.000000000000000    -0.000013902406975
16 40
    -0.000091475017716     0.000158547273018    -0.000000000000000
     0.000158539166213     0.000653207433594    -0.000000000000000
    -0.000000000000000    -0.000000000000000    -0.000015042217764
16 41
     0.000048225843913     0.000128980123775    -0.000000000000000
     0.000128976866786     0.000148846888555    -0.000000000000000
    -0.000000000000000     0.000000000000000    -0.000002355284880
16 42
     0.000006694177281     0.000032729838459    -0.000000000000000
     0.000032729055236     0.000063304519686    -0.000000000000000
    -0.000000000000000    -0.000000000000000    -0.000000826156874
17 1
     0.002879264737622     0.000016383825121    -0.000000000000000
     0.000016411379296    -0.000646764153273     0.000000000000000
    -0.000000000000000     0.000000000000000    -0.000039993443722
17 2
     0.000925963370173    -0.000104296474674    -0.000000000000000
    -0.000104305968987    -0.000147387873087     0.000000000000000
     0.000000000000000     0.000000000000000    -0.000007340318624
17 3
    -0.000882236652428     0.000104310537076     0.000000000000000
     0.000104413978993    -0.001005906652720    -0.000000000000000
     0.000000000000000     0.000000000000000     0.000173500621208
17 4
     0.001048201833680     0.001485411409106    -0.000000000000000
     0.001485421615468     0.000940091870017     0.000000000000000
    -0.000000000000000    -0.000000000000000    -0.000033353011440
17 5
    -0.510273631993426     0.879909291010247     0.000000000000000
    -0.916321473649930     1.585751385733945    -0.000000000000000
     0.000000000000001    -0.000000000000002     1.513816568291644
17 6
   -38.442505734234565    12.928194724704909    -0.000000000000001
    13.363937810837349   -21.226992418442386     0.000000000000000
    -0.000000000000004     0.000000000000019   -11.460729540120747
17 7
     0.001032889590199     0.000742286035205    -0.000000000000000
     0.000742285460574     0.000192613184566     0.000000000000000
    -0.000000000000000    -0.000000000000000    -0.000014512325409
17 8
     0.000598927063854     0.000205931237586    -0.000000000000000
     0.000205925413008    -0.000018542368227     0.000000000000000
    -0.000000000000000    -0.000000000000000    -0.000006064447298
17 9
     0.000222009355629     0.000520605149861    -0.000000000000000
     0.000520617276147     0.000564946143700     0.000000000000000
    -0.000000000000000    -0.000000000000000    -0.000007649160678
17 10
     0.000064366699908     0.000261245692202    -0.000000000000000
     0.000261250998332     0.000365958239726     0.000000000000000
    -0.000000000000000    -0.000000000000000    -0.000006831747370
17 11
    -0.017018779187138    -0.020054432486143     0.000000000000000
    -0.020061293641912    -0.022464955195314    -0.000000000000000
     0.000000000000000     0.000000000000000     0.373399274727822
17 12
     1.057033841452122    -0.018900441264889     0.000000000000000
    -1.834155062085116     0.029855937901464    -0.000000000000000
     0.000000000000001    -0.000000000000000     1.484092630329694
17 13
     0.000593092753741    -0.000199991147404    -0.000000000000000
    -0.000199992536189    -0.000019840566837     0.000000000000000
     0.000000000000000     0.000000000000000    -0.000005997285142
17 14
     0.000035848026348    -0.000000834074320    -0.000000000000000
    -0.000000834098444     0.000020184593726     0.000000000000000
    -0.000000000000000    -0.000000000000000    -0.000001314169378
17 15
     0.000306582384335     0.000365402376229    -0.000000000000000
     0.000365407460993     0.000266662304870     0.000000000000000
    -0.000000000000000    -0.000000000000000    -0.000005997679998
17 16
    -0.000000530770964     0.000038666119611    -0.000000000000000
     0.000038666628976     0.000109818223692     0.000000000000000
    -0.000000000000000    -0.000000000000000    -0.000001209304863
17 17
    88.109824214862471     0.392569246493601     0.000000000000001
     0.392580515137176    74.288168494266699    -0.000000000000001
    -0.000000000000023    -0.000000000000085    23.990537896142751
17 18
    -0.851473929139425    -1.357884078187854     0.000000000000000
     1.474371866057715     2.351240830322983    -0.000000000000000
    -0.000000000000001    -0.000000000000001     1.927965228768409
17 19
     0.000902660444003     0.000102537415371    -0.000000000000000
     0.000144406075368     0.000271581636919     0.000000000000000
    -0.000000000000000    -0.000000000000000    -0.000007235152880
17 20
     0.000108480507134    -0.000000668376491    -0.000000000000000
    -0.000000669438286    -0.000014093952416     0.000000000000000
     0.000000000000000     0.000000000000000    -0.000001672617070
17 21
     0.000314457958216     0.000195955048617    -0.000000000000000
     0.000237061065241     0.000848724677216     0.000000000000000
    -0.000000000000000    -0.000000000000000    -0.000007118089828
17 22
    -0.000209615301154     0.000507631316134    -0.000000000000000
     0.000507490719305     0.000817487079152     0.000000000000000
    -0.000000000000000    -0.000000000000000    -0.000033309717365
17 23
     0.284219298547124    -0.003325959339593    -0.000000000000000
    -0.003142806321380    -3.987443219112510     0.000000000000000
     0.000000000000000     0.000000000000003    -0.434818005304239
17 24
    -0.009344974400125     0.012712283916711     0.000000000000000
     0.012710856213583    -0.015506768985126    -0.000000000000000
    -0.000000000000000     0.000000000000000     0.496740134003689
17 25
     0.000269257423202     0.000000000005531    -0.000000000000000
    -0.000000001049129     0.000026720771379     0.000000000000000
    -0.000000000000000    -0.000000000000000    -0.000006159197943
17 26
     0.000210856382685    -0.000125487588778    -0.000000000000000
    -0.000125486460239     0.000022607904437     0.000000000000000
     0.000000000000000     0.000000000000000    -0.000002583906701
17 27
   -37.794170034107182   -12.407158424470209    -0.000000000000000
   -14.440825875842998   -22.293758275672037     0.000000000000000
     0.000000000000011     0.000000000000026   -11.332108261083841
17 28
   -11.507429159895780     0.453253325053505    -0.000000000000000
     0.805774487258659   -30.335249811462781     0.000000000000000
     0.000000000000005     0.000000000000030    -8.026933581615213
17 29
     0.000073976213968     0.000209240148539    -0.000000000000000
     0.000209243738241     0.000315592150930     0.000000000000000
    -0.000000000000000    -0.000000000000000    -0.000007304440768
17 30
     0.000064510774548     0.000047250046345    -0.000000000000000
     0.000047250221711     0.000029265865520     0.000000000000000
    -0.000000000000000    -0.000000000000000    -0.000000965506909
17 31
     0.000516666887216     0.000000000008325    -0.000000000000000
    -0.000000005522072    -0.000086460431511     0.000000000000000
    -0.000000000000000     0.000000000000000    -0.000006830453459
17 32
     0.000561361567222     0.000019419100653    -0.000000000000000
     0.000019409894848    -0.000099587753549     0.000000000000000
    -0.000000000000000     0.000000000000000    -0.000008156491571
17 33
     1.109811926155014    -0.018816574656112     0.000000000000000
     2.005473062817654    -0.037245728684069    -0.000000000000000
    -0.000000000000002     0.000000000000000     1.333047048198704
17 34
    -0.000464414493835     0.000001535470312     0.000000000000000
     0.000001615748325    -0.000635803543581    -0.000000000000000
     0.000000000000000     0.000000000000000     0.000042743224438
17 35
     0.000240667315693     0.001488950217017    -0.000000000000000
     0.001488936123380     0.001959934562938     0.000000000000000
    -0.000000000000000    -0.000000000000000    -0.000039046105384
17 36
    -0.000008890011109     0.000054027947915    -0.000000000000000
     0.000054028767259     0.000162650115127     0.000000000000000
    -0.000000000000000    -0.000000000000000    -0.000001564701834
17 37
     0.000251096049572     0.000297390377247    -0.000000000000000
     0.000297394665787     0.000211170974928     0.000000000000000
    -0.000000000000000    -0.000000000000000    -0.000004799068761
17 38
     0.000265074487040     0.001267533062779    -0.000000000000000
     0.001267538691533     0.001629828575087     0.000000000000000
    -0.000000000000000    -0.000000000000000    -0.000039623066269
17 39
     0.001066168981523     0.001181489046078     0.000000000000000
     0.001181507566072    -0.000218499296268    -0.000000000000000
    -0.000000000000000    -0.000000000000000     0.000001372881958
17 40
     0.001928984685086     0.000662549072202    -0.000000000000000
     0.000662534916516    -0.000220409056598     0.000000000000000
    -0.000000000000000     0.000000000000000    -0.000033010355412
17 41
    -1.416134236043232    -0.854202535240471    -0.000000000000000
    -0.854132899612653    -0.341154642205634     0.000000000000000
     0.000000000000002     0.000000000000001    -0.020814838577479
17 42
    -0.025454480279000     0.004359101462920     0.000000000000000
     0.004363289499852    -0.000843371691067    -0.000000000000000
    -0.000000000000000     0.000000000000000     0.155917471277275
18 1
     0.000127809718867     0.000001515849693    -0.000000000000000
     0.000001514370932    -0.000020846222307     0.000000000000000
    -0.000000000000000     0.000000000000000    -0.000001054906941
18 2
     0.000161186211663     0.000010780211969    -0.000000000000000
     0.000010778049880    -0.000025609658739     0.000000000000000
    -0.000000000000000     0.000000000000000    -0.000001249888064
18 3
     0.000173659679193     0.000073735156101    -0.000000000000000
     0.000073733430421    -0.000000231266352     0.000000000000000
    -0.000000000000000    -0.000000000000000    -0.000001857386571
18 4
     0.000070482882874     0.000050737769955    -0.000000000000000
     0.000050737921325     0.000028686086113     0.000000000000000
    -0.000000000000000    -0.000000000000000    -0.000000992856830
18 5
     0.001146122295696     0.000054692765972    -0.000000000000000
     0.000054692447826    -0.000236497299022     0.000000000000000
    -0.000000000000000     0.000000000000000    -0.000029456381865
18 6
    -0.025262882927852     0.004126310277655     0.000000000000000
     0.004130828377277     0.000019029292128    -0.000000000000000
    -0.000000000000000     0.000000000000000     0.495934549489513
18 7
    -0.000441549974002     0.000023972230451     0.000000000000000
     0.000023599750802    -0.000441937327179    -0.000000000000000
     0.000000000000000     0.000000000000000     0.000032033065676
18 8
     0.000942461538926     0.000593503852757    -0.000000000000000
     0.000593507081030     0.000022104291056     0.000000000000000
    -0.000000000000000    -0.000000000000000    -0.000034465869843
18 9
    -0.000046039942854     0.000264962692238    -0.000000000000000
     0.000264967505728     0.000654494878105     0.000000000000000
    -0.000000000000000    -0.000000000000000    -0.000013588208937
18 10
    -0.000007533857608     0.000053170569700    -0.000000000000000
     0.000053171390710     0.000155933960286     0.000000000000000
    -0.000000000000000    -0.000000000000000    -0.000001506662370
18 11
     0.040244115198231    -0.129784318879024    -0.000000000000000
    -0.129815186022633    -0.839045920550771     0.000000000000000
     0.000000000000000     0.000000000000001    -0.448437892319673
18 12
     1.537304774626696    -0.026979039765232     0.000000000000000
     2.452891541876660    -0.042978468031649    -0.000000000000000
    -0.000000000000003    -0.000000000000000     1.743000066118702
18 13
     0.000115717143739     0.000028449114631    -0.000000000000000
     0.000028447921562    -0.000006430652007     0.000000000000000
    -0.000000000000000     0.000000000000000    -0.000001209277497
18 14
     0.000020582504664     0.000017506006825    -0.000000000000000
     0.000017506130984     0.000009135372547     0.000000000000000
    -0.000000000000000    -0.000000000000000    -0.000000279722677
18 15
     0.000024822774705     0.000007199486410    -0.000000000000000
     0.000007199495269     0.000031209830072     0.000000000000000
    -0.000000000000000    -0.000000000000000    -0.000001314172480
18 16
    -0.000003163301279    -0.000003796139947    -0.000000000000000
    -0.000003796349503     0.000032881284633     0.000000000000000
     0.000000000000000    -0.000000000000000    -0.000000279717512
18 17
    -0.851516771264025     1.474515398541432     0.000000000000000
    -1.357591592555328     2.350844845832449    -0.000000000000000
     0.000000000000001    -0.000000000000003     1.928280861004082
18 18
    25.219785594873272    -8.774807453851778     0.000000000000000
    -8.774264864965218    16.070259174819672    -0.000000000000000
     0.000000000000003    -0.000000000000014     4.353576911672558
18 19
     0.001000249283547     0.000191034871363    -0.000000000000000
     0.000191222876315    -0.000392348662826     0.000000000000000
    -0.000000000000000     0.000000000000000    -0.000033343553284
18 20
     0.000108904104262    -0.000028486342817    -0.000000000000000
    -0.000028487369863    -0.000012749159065     0.000000000000000
     0.000000000000000     0.000000000000000    -0.000001705974240
18 21
     0.000017127997480     0.000053409686569    -0.000000000000000
     0.000053410714418     0.000077258426997     0.000000000000000
    -0.000000000000000    -0.000000000000000    -0.000001672648346
18 22
     0.000042331773342     0.000066919782212    -0.000000000000000
     0.000066921724312     0.000053821206780     0.000000000000000
    -0.000000000000000    -0.000000000000000    -0.000001706344559
18 23
    -0.009344974400126     0.012712283916694     0.000000000000000
     0.012710856213586    -0.015506768985117    -0.000000000000000
    -0.000000000000000     0.000000000000000     0.496745743687309
18 24
     0.000146097103734    -0.000108951837866    -0.000000000000000
    -0.000108949826028     0.000028865469301     0.000000000000000
     0.000000000000000    -0.000000000000000    -0.000004921792182
18 25
     0.000210856385318     0.000125487596893    -0.000000000000000
     0.000125486474776     0.000022604366353     0.000000000000000
    -0.000000000000000    -0.000000000000000    -0.000002584244152
18 26
     0.000015178077528     0.000000000000286    -0.000000000000000
    -0.000000000079493     0.000000475947751     0.000000000000000
    -0.000000000000000    -0.000000000000000    -0.000000307336827
18 27
   -25.083588220843083     8.290778081406152    -0.000000000000000
     8.642781304361876   -16.760005053461892     0.000000000000000
    -0.000000000000001     0.000000000000017    -8.028070761528612
18 28
    -0.464996372237136    -0.294286700317873    -0.000000000000000
    -0.294268122424709    -0.125175311387732     0.000000000000000
     0.000000000000001     0.000000000000000    -0.617861601220914
18 29
    -0.000002842166292     0.000008363361729    -0.000000000000000
     0.000008363163479     0.000096619538835     0.000000000000000
    -0.000000000000000    -0.000000000000000    -0.000000965506910
18 30
     0.000007868716769    -0.000002644500083    -0.000000000000000
    -0.000002644491402     0.000004815126370     0.000000000000000
     0.000000000000000    -0.000000000000000    -0.000000285699907
18 31
     0.000561361566011    -0.000019419083500    -0.000000000000000
    -0.000019427516816    -0.000099586496285     0.000000000000000
    -0.000000000000000     0.000000000000000    -0.000008156402202
18 32
    -0.006000691333936    -0.000000000079183     0.000000000000000
     0.000001873728078     0.000003795898948    -0.000000000000000
     0.000000000000000    -0.000000000000000     0.000287624584281
18 33
    -0.000591630575158     0.000075068637913     0.000000000000000
     0.000074983448485    -0.000508642331566    -0.000000000000000
     0.000000000000000     0.000000000000000     0.000042592248212
18 34
     0.000047153955030    -0.000235313501264    -0.000000000000000
    -0.000235313488716     0.000318870707165     0.000000000000000
     0.000000000000000    -0.000000000000000    -0.000018281879545
18 35
     0.000072972490641     0.000101292477221    -0.000000000000000
     0.000101294356647     0.000080785623048     0.000000000000000
    -0.000000000000000    -0.000000000000000    -0.000001564701833
18 36
     0.000003238349330     0.000012970792738    -0.000000000000000
     0.000012971068685     0.000018216209041     0.000000000000000
    -0.000000000000000    -0.000000000000000    -0.000000334955906
18 37
     0.000125650917705     0.000362789213520    -0.000000000000000
     0.000362799819766     0.000414425690146     0.000000000000000
    -0.000000000000000    -0.000000000000000    -0.000013902406975
18 38
    -0.000328256196596     0.000156797481476    -0.000000000000000
     0.000156778753734     0.001165414621640     0.000000000000000
     0.000000000000000    -0.000000000000000    -0.000049963900876
18 39
    -0.361262617143845    -0.558440730085985     0.000000000000000
    -0.558742515851825    -0.639798640802198    -0.000000000000000
     0.000000000000001     0.000000000000001     0.076715049257716
18 40
     0.000077496464213     0.000008148664944    -0.000000000000000
     0.000008147881721    -0.000007497769880     0.000000000000000
    -0.000000000000000     0.000000000000000    -0.000000826156874
18 41
     0.000604339255773     0.000243189399364    -0.000000000000000
     0.000243181292559    -0.000042606865779     0.000000000000000
    -0.000000000000000    -0.000000000000000    -0.000015042217764
18 42
     0.000235390274619    -0.000020917430326    -0.000000000000000
    -0.000020920687314    -0.000038317549114     0.000000000000000
     0.000000000000000     0.000000000000000    -0.000002355284880
19 1
    -0.038474029202501     0.007674099039615     0.000000000000000
     0.007667237883845    -0.001009704381832     0.000000000000000
    -0.000000000000000     0.000000000000000     0.373399274727822
19 2
    -0.515746142381385     0.926110098153480     0.000000000000000
    -0.889144522666747     1.602635980241236     0.000000000000000
    -0.000000000000000     0.000000000000001     1.484092630329694
19 3
     0.001045520583183    -0.000734992953239     0.000000000000000
    -0.000734993527870     0.000179982191112    -0.000000000000000
     0.000000000000000    -0.000000000000000    -0.000014512325409
19 4
     0.000314164148059    -0.000370333362155     0.000000000000000
    -0.000370339186733     0.000266220558160    -0.000000000000000
     0.000000000000000    -0.000000000000000    -0.000006064447298
19 5
     0.000930074458491    -0.000111815690802    -0.000000000000000
    -0.000111803564516    -0.000143118985502    -0.000000000000000
     0.000000000000000    -0.000000000000000    -0.000007649160678
19 6
     0.000516808044051    -0.000000033861640     0.000000000000000
    -0.000000028555510    -0.000086483121248    -0.000000000000000
     0.000000000000000    -0.000000000000000    -0.000006831747370
19 7
     1.045978149767166     1.814823875488058     0.000000000000000
     0.018593110827881     0.029499546081922     0.000000000000000
     0.000000000000001     0.000000000000002     1.513816568291644
19 8
   -14.146043019199158     0.663631738951769     0.000000000000000
     1.099374825084209   -45.523456037288440    -0.000000000000001
    -0.000000000000014    -0.000000000000013   -11.460729540120747
19 9
     0.000248943827305    -0.001535027893168     0.000000000000000
    -0.001535000338993     0.001983556854890    -0.000000000000000
    -0.000000000000000    -0.000000000000000    -0.000039993443722
19 10
     0.000030622435769    -0.000412619370122    -0.000000000000000
    -0.000412628864436     0.000747953094623    -0.000000000000000
    -0.000000000000000     0.000000000000000    -0.000007340318624
19 11
    -0.000884608759610    -0.000105783515738     0.000000000000000
    -0.000105680073822    -0.001003534545450     0.000000000000000
    -0.000000000000000    -0.000000000000000     0.000173500621208
19 12
     0.002253527745620    -0.000789526362805     0.000000000000000
    -0.000789516156443    -0.000265234086759    -0.000000000000000
     0.000000000000000    -0.000000000000000    -0.000033353011440
19 13
    -2.922328536094792    -1.848158483612066    -0.000000000000000
    -1.847975330593853    -0.780895265189354    -0.000000000000000
    -0.000000000000003    -0.000000000000001    -0.434818005304239
19 14
    -0.002957777512597    -0.009023206302613     0.000000000000000
    -0.009024634005740    -0.021893966110253     0.000000000000000
    -0.000000000000000    -0.000000000000000     0.496740134003689
19 15
     0.000536280997264    -0.000355935351503     0.000000000000000
    -0.000314066691506     0.000637961097287    -0.000000000000000
     0.000000000000000     0.000000000000000    -0.000007235152880
19 16
     0.000015970372084    -0.000052741314081     0.000000000000000
    -0.000052742375876     0.000078416186075    -0.000000000000000
    -0.000000000000000     0.000000000000000    -0.000001672617070
19 17
     0.000902659447724     0.000102537229381    -0.000000000000000
     0.000143643246005     0.000260523165827    -0.000000000000000
     0.000000000000000     0.000000000000000    -0.000007118089828
19 18
     0.001000272188408     0.000191038161475    -0.000000000000000
     0.000190897564646    -0.000392400455417    -0.000000000000000
     0.000000000000000     0.000000000000000    -0.000033309717365
19 19
    78.083560165166887    -6.181246870862435     0.000000000000000
    -6.181235602218857    84.314432916932006     0.000000000000002
     0.000000000000085     0.000000000000023    23.990537896142751
19 20
     1.601002765683850    -0.058433759784283     0.000000000000000
     2.773822184461286    -0.101235955730635     0.000000000000000
     0.000000000000001    -0.000000000000000     1.927965228768409
19 21
    -0.000039805248462    -0.000165411302550     0.000000000000000
    -0.000165412691334     0.000613057458910    -0.000000000000000
    -0.000000000000000     0.000000000000000    -0.000005997285142
19 22
     0.000023378111336    -0.000006365410479     0.000000000000000
    -0.000006365434603     0.000032654509202    -0.000000000000000
     0.000000000000000     0.000000000000000    -0.000001314169378
19 23
     0.000593092253595    -0.000199990907773     0.000000000000000
    -0.000199985823009    -0.000019847575049    -0.000000000000000
     0.000000000000000    -0.000000000000000    -0.000005997679998
19 24
     0.000115717033752     0.000028449073618     0.000000000000000
     0.000028449582983    -0.000006429585348    -0.000000000000000
     0.000000000000000     0.000000000000000    -0.000001209304863
19 25
     1.109766163735088    -2.005499483763611     0.000000000000000
     0.018790153710156    -0.037199966262437     0.000000000000000
     0.000000000000001    -0.000000000000002     1.333047048198704
19 26
    -0.000591591745735    -0.000075041570309     0.000000000000000
    -0.000074961292297    -0.000508626286950     0.000000000000000
    -0.000000000000000    -0.000000000000000     0.000042743224438
19 27
     0.002819580282645     0.000000000000000     0.000000000000000
    -0.000000014093637    -0.000618978499948    -0.000000000000000
     0.000000000000000    -0.000000000000000    -0.000039046105384
19 28
     0.000166555008355     0.000047264463840     0.000000000000000
     0.000047265283184    -0.000012794910863    -0.000000000000000
     0.000000000000000     0.000000000000000    -0.000001564701834
19 29
     0.000064319013061    -0.000261157649696    -0.000000000000000
    -0.000261163180094     0.000365887459472    -0.000000000000000
    -0.000000000000000    -0.000000000000000    -0.000006830453459
19 30
     0.000082463027363    -0.000295902100892    -0.000000000000000
    -0.000295911306698     0.000379310804124    -0.000000000000000
    -0.000000000000000    -0.000000000000000    -0.000008156491571
19 31
   -37.794378599305389    14.440705460667509     0.000000000000000
    12.407038009294721   -22.293549710466127    -0.000000000000001
    -0.000000000000028    -0.000000000000004   -11.332108261083841
19 32
   -25.083118777607545    -8.643702688261914     0.000000000000000
    -8.291181526056763   -16.759559688745270    -0.000000000000000
    -0.000000000000028    -0.000000000000011    -8.026933581615213
19 33
     0.000436396993027     0.000000000000001     0.000000000000000
     0.000000003589703    -0.000046828641611    -0.000000000000000
     0.000000000000000    -0.000000000000000    -0.000007304440768
19 34
     0.000078996907600    -0.000038886648738     0.000000000000000
    -0.000038886473373     0.000014779731929    -0.000000000000000
     0.000000000000000    -0.000000000000000    -0.000000965506909
19 35
     0.000087354481698    -0.000105020665068     0.000000000000000
    -0.000105021719728     0.000208623719650    -0.000000000000000
     0.000000000000000     0.000000000000000    -0.000006159197943
19 36
    -0.000039004925680    -0.000018771036089     0.000000000000000
    -0.000018769907549     0.000272469222097    -0.000000000000000
    -0.000000000000000     0.000000000000000    -0.000002583906701
19 37
    -0.003219242807019     0.008474231078865     0.000000000000000
     0.008478419115796    -0.023078609990182     0.000000000000000
     0.000000000000000    -0.000000000000000     0.155917471277275
19 38
     0.000890717572489    -0.001261978724614     0.000000000000000
    -0.001261992880300     0.000817858094621    -0.000000000000000
     0.000000000000000    -0.000000000000000    -0.000033010355412
19 39
    -1.349630459772254     0.892528873458982     0.000000000000000
     0.892598509086800    -0.407658420950507    -0.000000000000000
    -0.000000000000002     0.000000000000001    -0.020814838577479
19 40
     0.001125875307834    -0.001147036101863    -0.000000000000000
    -0.001147017581869    -0.000278205624800     0.000000000000000
     0.000000000000000    -0.000000000000000     0.000001372881958
19 41
     0.000478701711437    -0.000165986473196     0.000000000000000
    -0.000165982184656    -0.000016434695403    -0.000000000000000
     0.000000000000000    -0.000000000000000    -0.000004799068761
19 42
     0.002386358257012    -0.000042814913133    -0.000000000000000
    -0.000042809284378    -0.000491455273795    -0.000000000000000
     0.000000000000000    -0.000000000000000    -0.000039623066269
20 1
    -0.731633269141167    -0.315828437895910     0.000000000000000
    -0.315859305039519    -0.067168507498098    -0.000000000000000
    -0.000000000000001    -0.000000000000000    -0.448437892319673
20 2
     1.402543251387397    -2.530696145042413     0.000000000000000
    -0.050825563400521     0.091783060220685     0.000000000000000
     0.000000000000002    -0.000000000000003     1.743000066118702
20 3
    -0.000421241204802    -0.000011874477219     0.000000000000000
    -0.000012246956868    -0.000462246097135     0.000000000000000
    -0.000000000000000    -0.000000000000000     0.000032033065676
20 4
     0.000766184404461    -0.000695280733958     0.000000000000000
    -0.000695277505685     0.000198381432078    -0.000000000000000
     0.000000000000000    -0.000000000000000    -0.000034465869843
20 5
     0.000708827657173     0.000170855514456     0.000000000000000
     0.000170860327946    -0.000100372750002    -0.000000000000000
     0.000000000000000     0.000000000000000    -0.000013588208937
20 6
     0.000161114420207     0.000044197739696    -0.000000000000000
     0.000044198560706    -0.000012714323803    -0.000000000000000
     0.000000000000000     0.000000000000000    -0.000001506662370
20 7
     0.000156522792349    -0.000626037998101    -0.000000000000000
    -0.000626038316246     0.000753102241138    -0.000000000000000
    -0.000000000000000    -0.000000000000000    -0.000029456381865
20 8
    -0.002726002911029     0.008880845609142     0.000000000000000
     0.008885363708764    -0.022517851563051     0.000000000000000
     0.000000000000000    -0.000000000000000     0.495934549489513
20 9
     0.000017629887564    -0.000065126727377     0.000000000000000
    -0.000065128206138     0.000089333613095    -0.000000000000000
    -0.000000000000000    -0.000000000000000    -0.000001054906941
20 10
     0.000030424310614    -0.000086273470055     0.000000000000000
    -0.000086275632144     0.000105152247174    -0.000000000000000
    -0.000000000000000    -0.000000000000000    -0.000001249888064
20 11
     0.000107097239947    -0.000112163273352     0.000000000000000
    -0.000112164999032     0.000066331175370    -0.000000000000000
     0.000000000000000    -0.000000000000000    -0.000001857386571
20 12
     0.000083075546943    -0.000043467543200     0.000000000000000
    -0.000043467391830     0.000016093421575    -0.000000000000000
     0.000000000000000    -0.000000000000000    -0.000000992856830
20 13
    -0.002957777512597    -0.009023206302615     0.000000000000000
    -0.009024634005723    -0.021893966110245     0.000000000000000
    -0.000000000000000    -0.000000000000000     0.496745743687309
20 14
    -0.000036180809371     0.000003711621872     0.000000000000000
     0.000003713633710     0.000211143389186    -0.000000000000000
    -0.000000000000000     0.000000000000000    -0.000004921792182
20 15
     0.000121323291776    -0.000698671043700     0.000000000000000
    -0.000698483038748     0.000486577361640    -0.000000000000000
    -0.000000000000000    -0.000000000000000    -0.000033343553284
20 16
    -0.000007006183683    -0.000038433467329     0.000000000000000
    -0.000038434494374     0.000103161133192    -0.000000000000000
    -0.000000000000000     0.000000000000000    -0.000001705974240
20 17
     0.000108480407050    -0.000000668375180     0.000000000000000
    -0.000000667347331    -0.000014093985972    -0.000000000000000
     0.000000000000000    -0.000000000000000    -0.000001672648346
20 18
     0.000108903918206    -0.000028486277839     0.000000000000000
    -0.000028484335739    -0.000012750940560    -0.000000000000000
     0.000000000000000    -0.000000000000000    -0.000001706344559
20 19
     1.600883868174924     2.773485788231329     0.000000000000000
    -0.058621202865431    -0.101555884834014     0.000000000000000
     0.000000000000002     0.000000000000003     1.928280861004082
20 20
    10.758669252346857     0.425135296534303     0.000000000000000
     0.425677885420864    30.531376055289034     0.000000000000000
     0.000000000000011     0.000000000000009     4.353576911672558
20 21
     0.000048743436022    -0.000067115210460     0.000000000000000
    -0.000067116403529     0.000060543058201    -0.000000000000000
    -0.000000000000000    -0.000000000000000    -0.000001209277497
20 22
     0.000027157855431    -0.000013709850378     0.000000000000000
    -0.000013709726219     0.000002560021536    -0.000000000000000
     0.000000000000000    -0.000000000000000    -0.000000279722677
20 23
     0.000035848007205    -0.000000834074199    -0.000000000000000
    -0.000000834065340     0.000020184597162    -0.000000000000000
     0.000000000000000     0.000000000000000    -0.000001314172480
20 24
     0.000020582492928     0.000017505990436    -0.000000000000000
     0.000017505780879     0.000009135489543    -0.000000000000000
     0.000000000000000     0.000000000000000    -0.000000279717512
20 25
    -0.000464414920126    -0.000001535454441     0.000000000000000
    -0.000001620643869    -0.000635857991331     0.000000000000000
    -0.000000000000000    -0.000000000000000     0.000042592248212
20 26
     0.000047154049511     0.000235313543264    -0.000000000000000
     0.000235313555812     0.000318870612684    -0.000000000000000
     0.000000000000000     0.000000000000000    -0.000018281879545
20 27
     0.000166555008361    -0.000047264463844     0.000000000000000
    -0.000047262584418    -0.000012796898154    -0.000000000000000
     0.000000000000000    -0.000000000000000    -0.000001564701833
20 28
     0.000025704898903     0.000000000000000    -0.000000000000000
     0.000000000275947    -0.000004250341368    -0.000000000000000
     0.000000000000000    -0.000000000000000    -0.000000334955906
20 29
     0.000048829451018    -0.000276483043247    -0.000000000000000
    -0.000276491476563     0.000412945637774    -0.000000000000000
    -0.000000000000000    -0.000000000000000    -0.000008156402202
20 30
    -0.001496514595624     0.002598613972632     0.000000000000000
     0.002600487779894    -0.004500381006917     0.000000000000000
     0.000000000000000     0.000000000000000     0.000287624584281
20 31
   -11.508454211809319    -0.805173884184318    -0.000000000000000
    -0.453170661228595   -30.335139567480713    -0.000000000000000
    -0.000000000000014    -0.000000000000010    -8.028070761528612
20 32
    -0.464982282375075     0.294276257210515    -0.000000000000000
     0.294294835103679    -0.125189401250319    -0.000000000000000
    -0.000000000000000     0.000000000000000    -0.617861601220914
20 33
     0.000078996907596     0.000038886648739     0.000000000000000
     0.000038886450490     0.000014780461902    -0.000000000000000
     0.000000000000000     0.000000000000000    -0.000000965506910
20 34
     0.000003288323385    -0.000000000000000     0.000000000000000
     0.000000000008681     0.000009395519924    -0.000000000000000
     0.000000000000000     0.000000000000000    -0.000000285699907
20 35
     0.000178342329321    -0.000144258474108     0.000000000000000
    -0.000144259596225     0.000055118423560    -0.000000000000000
     0.000000000000000    -0.000000000000000    -0.000002584244152
20 36
     0.000004151445884    -0.000006366149373     0.000000000000000
    -0.000006366229152     0.000011502579804    -0.000000000000000
     0.000000000000000     0.000000000000000    -0.000000307336827
20 37
     0.000011992971864    -0.000108057807967     0.000000000000000
    -0.000108061064955     0.000185079761951    -0.000000000000000
    -0.000000000000000     0.000000000000000    -0.000002355284880
20 38
     0.000020807400424    -0.000040877328568    -0.000000000000000
    -0.000040878111791     0.000049191296017    -0.000000000000000
    -0.000000000000000    -0.000000000000000    -0.000000826156874
20 39
     0.000329734349312    -0.000401724512174    -0.000000000000000
    -0.000401732618980     0.000231998050898    -0.000000000000000
     0.000000000000000    -0.000000000000000    -0.000015042217764
20 40
    -1.053919143872174     0.158837076251180     0.000000000000000
     0.158535290485340     0.052857911692446     0.000000000000000
    -0.000000000000001     0.000000000000000     0.076715049257716
20 41
     0.000656421247396    -0.000056359421341     0.000000000000000
    -0.000056348815095    -0.000116344659289    -0.000000000000000
     0.000000000000000    -0.000000000000000    -0.000013902406975
20 42
     0.000927779374899     0.000568393735068     0.000000000000000
     0.000568375007326    -0.000090620996578    -0.000000000000000
     0.000000000000000     0.000000000000000    -0.000049963900876
21 1
     0.000028349403350    -0.000408807648488    -0.000000000000000
    -0.000408795522202     0.000758606103183    -0.000000000000000
     0.000000000000000    -0.000000000000000    -0.000007649160678
21 2
     0.000064312645071    -0.000261219789757    -0.000000000000000
    -0.000261214483627     0.000366012294564    -0.000000000000000
     0.000000000000000    -0.000000000000000    -0.000006831747370
21 3
    -0.003732791930520     0.012390625180183     0.000000000000000
     0.012383764024413    -0.035750942946161     0.000000000000000
    -0.000000000000000     0.000000000000000     0.373399274727822
21 4
     1.089046968293711     1.815672274341747     0.000000000000000
     0.000417653521520    -0.002157190130994     0.000000000000000
     0.000000000000001     0.000000000000001     1.484092630329694
21 5
    -0.000240156021983    -0.000007292220020    -0.000000000000000
    -0.000007292794650     0.001465658844104    -0.000000000000000
    -0.000000000000000    -0.000000000000000    -0.000014512325409
21 6
    -0.000042514167438     0.000164410861436    -0.000000000000000
     0.000164405036858     0.000622898886926    -0.000000000000000
    -0.000000000000000    -0.000000000000000    -0.000006064447298
21 7
    -0.001065369489556     0.000001317815787     0.000000000000000
     0.000001421257704    -0.000822773808780     0.000000000000000
    -0.000000000000000     0.000000000000000     0.000173500621208
21 8
    -0.000319289076210    -0.000695900355844    -0.000000000000000
    -0.000695890149482     0.002307582830777    -0.000000000000000
     0.000000000000000    -0.000000000000000    -0.000033353011440
21 9
     1.077512024353852    -0.000387019508041     0.000000000000000
    -1.796617784168218    -0.002034329677798     0.000000000000000
     0.000000000000002     0.000000000000000     1.513816568291644
21 10
   -36.915697291138798   -14.245441092855245    -0.000000000000001
   -13.809698006722805   -22.753800918334260    -0.000000000000000
    -0.000000000000018     0.000000000000006   -11.460729540120747
21 11
     0.000220542347686     0.001518602736785    -0.000000000000000
     0.001518630290960     0.002011958335566    -0.000000000000000
    -0.000000000000000    -0.000000000000000    -0.000039993443722
21 12
     0.000211277447910     0.000516930086266    -0.000000000000000
     0.000516920591952     0.000567298075761    -0.000000000000000
    -0.000000000000000     0.000000000000000    -0.000007340318624
21 13
     0.000527656499850    -0.000360151302934    -0.000000000000000
    -0.000319045286310     0.000635526127651    -0.000000000000000
     0.000000000000000    -0.000000000000000    -0.000007118089828
21 14
     0.000121150734127    -0.000698458582366    -0.000000000000000
    -0.000698599179195     0.000486721031566    -0.000000000000000
     0.000000000000000    -0.000000000000000    -0.000033309717365
21 15
    -2.916726420805459     1.851209713424345    -0.000000000000000
     1.851392866442559    -0.786497380687090    -0.000000000000000
    -0.000000000000002     0.000000000000002    -0.434818005304239
21 16
    -0.024974862299894    -0.003686936059407     0.000000000000000
    -0.003688363762534     0.000123119496063     0.000000000000000
    -0.000000000000000     0.000000000000000     0.496740134003689
21 17
     0.000322421664962     0.000190594946136    -0.000000000000000
     0.000232463606133     0.000851820437544    -0.000000000000000
     0.000000000000000    -0.000000000000000    -0.000007235152880
21 18
     0.000017128953645     0.000053411283265    -0.000000000000000
     0.000053410221470     0.000077257604471    -0.000000000000000
    -0.000000000000000     0.000000000000000    -0.000001672617070
21 19
    -0.000039807619003    -0.000165419095602    -0.000000000000000
    -0.000165414010838     0.000613052321093    -0.000000000000000
     0.000000000000000    -0.000000000000000    -0.000005997679998
21 20
     0.000048744910176    -0.000067115957277    -0.000000000000000
    -0.000067115447911     0.000060542540719    -0.000000000000000
     0.000000000000000    -0.000000000000000    -0.000001209304863
21 21
    77.403600538466179     5.788660721403222     0.000000000000002
     5.788671990046794    84.994392568926685     0.000000000000000
     0.000000000000063    -0.000000000000062    23.990537896142751
21 22
     1.500121384034257    -2.832066078396219     0.000000000000000
     0.000189865849351    -0.000354570328322     0.000000000000000
     0.000000000000001    -0.000000000000001     1.927965228768409
21 23
     0.000306590776185     0.000365404533131    -0.000000000000000
     0.000365403144346     0.000266661421377    -0.000000000000000
    -0.000000000000000     0.000000000000000    -0.000005997285142
21 24
     0.000024822791301     0.000007199520985    -0.000000000000000
     0.000007199496861     0.000031209829183    -0.000000000000000
     0.000000000000000    -0.000000000000000    -0.000001314169378
21 25
     0.000240655110246    -0.001488929076561    -0.000000000000000
    -0.001488943170199     0.001959946768386    -0.000000000000000
     0.000000000000000    -0.000000000000000    -0.000039046105384
21 26
     0.000072975149705    -0.000101293640771    -0.000000000000000
    -0.000101292821428     0.000080784951268    -0.000000000000000
     0.000000000000000    -0.000000000000000    -0.000001564701834
21 27
     0.000064323788106     0.000261165936967    -0.000000000000000
     0.000261160406570     0.000365882684427    -0.000000000000000
    -0.000000000000000    -0.000000000000000    -0.000006830453459
21 28
     0.000048836131481     0.000276496808947    -0.000000000000000
     0.000276487603142     0.000412937701257    -0.000000000000000
    -0.000000000000000    -0.000000000000000    -0.000008156491571
21 29
    -0.610728791605411    -1.012118397790929     0.000000000000000
     1.012171239682838     1.683295053079215     0.000000000000000
    -0.000000000000001    -0.000000000000002     1.333047048198704
21 30
    -0.000594320781077     0.000073385682979     0.000000000000000
     0.000073465960991    -0.000505897251507     0.000000000000000
    -0.000000000000000     0.000000000000000     0.000042743224438
21 31
     0.000073979322743    -0.000209245533093    -0.000000000000000
    -0.000209241943391     0.000315589042156    -0.000000000000000
     0.000000000000000    -0.000000000000000    -0.000007304440768
21 32
    -0.000002842723679    -0.000008363660655    -0.000000000000000
    -0.000008363485290     0.000096619366253    -0.000000000000000
    -0.000000000000000    -0.000000000000000    -0.000000965506909
21 33
     0.000087355385480     0.000105022241527    -0.000000000000000
     0.000105021186867     0.000208622815867    -0.000000000000000
     0.000000000000000    -0.000000000000000    -0.000006159197943
21 34
     0.000178344972417     0.000144256932058    -0.000000000000000
     0.000144258060598     0.000055119315915    -0.000000000000000
     0.000000000000000     0.000000000000000    -0.000002583906701
21 35
   -14.543342587289070     1.016954140861985    -0.000000000000000
    -1.016713310510804   -45.544586587403963    -0.000000000000000
    -0.000000000000017     0.000000000000023   -11.332108261083841
21 36
   -26.173468826860894     7.661667619900742    -0.000000000000000
     8.014188782105895   -15.669209598931726    -0.000000000000000
    -0.000000000000023     0.000000000000019    -8.026933581615213
21 37
     0.129831397478239    -0.038430791660236    -0.000000000000000
    -0.038361156032418    -1.887120333235899    -0.000000000000000
    -0.000000000000000     0.000000000000002    -0.020814838577479
21 38
    -0.010773054822022    -0.012839614597182     0.000000000000000
    -0.012835426560251    -0.015524797694183     0.000000000000000
    -0.000000000000000    -0.000000000000000     0.155917471277275
21 39
    -0.000256838802545     0.000599450885940    -0.000000000000000
     0.000599436730255     0.001965414512344    -0.000000000000000
    -0.000000000000000    -0.000000000000000    -0.000033010355412
21 40
     0.000190921758196    -0.001224726592778    -0.000000000000000
    -0.001224720964023     0.001703981306689    -0.000000000000000
     0.000000000000000    -0.000000000000000    -0.000039623066269
21 41
    -0.000920539749282    -0.000034480724206     0.000000000000000
    -0.000034462204213     0.001768209508441     0.000000000000000
    -0.000000000000000    -0.000000000000000     0.000001372881958
21 42
    -0.000036397236041    -0.000131410336861    -0.000000000000000
    -0.000131406048321     0.000498664271236    -0.000000000000000
     0.000000000000000    -0.000000000000000    -0.000004799068761
22 1
     0.000249894652037    -0.000435825426929    -0.000000000000000
    -0.000435820613439     0.000358560272205    -0.000000000000000
     0.000000000000000    -0.000000000000000    -0.000013588208937
22 2
     0.000069019582716    -0.000097369540911    -0.000000000000000
    -0.000097368719901     0.000079380517113    -0.000000000000000
     0.000000000000000    -0.000000000000000    -0.000001506662370
22 3
    -0.506813507268034     0.445659057490349    -0.000000000000000
     0.445628190346740    -0.291988277734363    -0.000000000000000
    -0.000000000000001     0.000000000000000    -0.448437892319673
22 4
    -0.698358563723367    -1.162130687655195     0.000000000000000
     1.317739893986697     2.192684953483459     0.000000000000000
    -0.000000000000001    -0.000000000000003     1.743000066118702
22 5
    -0.000462439748308    -0.000011539033758     0.000000000000000
    -0.000011911513407    -0.000421047552095     0.000000000000000
    -0.000000000000000     0.000000000000000     0.000032033065676
22 6
    -0.000261797199648     0.000101772038792    -0.000000000000000
     0.000101775267065     0.001226363074427    -0.000000000000000
     0.000000000000000    -0.000000000000000    -0.000034465869843
22 7
    -0.000020614299866     0.000038430705771    -0.000000000000000
     0.000038428980091     0.000194042719933    -0.000000000000000
    -0.000000000000000    -0.000000000000000    -0.000001857386571
22 8
    -0.000004804977938    -0.000007270453810    -0.000000000000000
    -0.000007270302440     0.000103973949725    -0.000000000000000
     0.000000000000000    -0.000000000000000    -0.000000992856830
22 9
     0.000061792420163     0.000571345709347    -0.000000000000000
     0.000571345391202     0.000847832616848    -0.000000000000000
    -0.000000000000000    -0.000000000000000    -0.000029456381865
22 10
    -0.009876894615767    -0.013013933036230     0.000000000000000
    -0.013009414936608    -0.015366959592305     0.000000000000000
    -0.000000000000000    -0.000000000000000     0.495934549489513
22 11
     0.000015005639573     0.000063613095826    -0.000000000000000
     0.000063611617065     0.000091957861184    -0.000000000000000
    -0.000000000000000    -0.000000000000000    -0.000001054906941
22 12
     0.000011754308538     0.000075496501219    -0.000000000000000
     0.000075494339130     0.000123822249945    -0.000000000000000
    -0.000000000000000    -0.000000000000000    -0.000001249888064
22 13
     0.000015971227874    -0.000052742853162    -0.000000000000000
    -0.000052741825313     0.000078415196645    -0.000000000000000
     0.000000000000000    -0.000000000000000    -0.000001672648346
22 14
    -0.000007006224368    -0.000038436417523    -0.000000000000000
    -0.000038434475423     0.000103159206326    -0.000000000000000
     0.000000000000000    -0.000000000000000    -0.000001706344559
22 15
    -0.024974862299881    -0.003686936059417     0.000000000000000
    -0.003688363762525     0.000123119496058     0.000000000000000
    -0.000000000000000     0.000000000000000     0.496745743687309
22 16
     0.000152527563578     0.000105237198237    -0.000000000000000
     0.000105239210075     0.000022435009218    -0.000000000000000
     0.000000000000000     0.000000000000000    -0.000004921792182
22 17
    -0.000209721622349     0.000507354164909    -0.000000000000000
     0.000507542169861     0.000817622288080    -0.000000000000000
    -0.000000000000000    -0.000000000000000    -0.000033343553284
22 18
     0.000042334497928     0.000066921350714    -0.000000000000000
     0.000066920323669     0.000053820449745    -0.000000000000000
     0.000000000000000     0.000000000000000    -0.000001705974240
22 19
     0.000023378123514    -0.000006365425500    -0.000000000000000
    -0.000006365416640     0.000032654481317    -0.000000000000000
     0.000000000000000    -0.000000000000000    -0.000001314172480
22 20
     0.000027157781547    -0.000013709536154    -0.000000000000000
    -0.000013709745711     0.000002560200679    -0.000000000000000
     0.000000000000000    -0.000000000000000    -0.000000279717512
22 21
     1.499624883767177     0.000159299872377     0.000000000000000
    -2.831947691224383    -0.000296896659501     0.000000000000000
     0.000000000000003    -0.000000000000000     1.928280861004082
22 22
    25.956611410616446     8.348858273987570     0.000000000000000
     8.349400862874131    15.333433331667081     0.000000000000000
     0.000000000000013    -0.000000000000005     4.353576911672558
22 23
    -0.000000530841805     0.000038667885433    -0.000000000000000
     0.000038666692363     0.000109817337860    -0.000000000000000
    -0.000000000000000    -0.000000000000000    -0.000001209277497
22 24
    -0.000003163544788    -0.000003796342685    -0.000000000000000
    -0.000003796218526     0.000032881422883    -0.000000000000000
    -0.000000000000000    -0.000000000000000    -0.000000279722677
22 25
    -0.000008890332977    -0.000054030832515    -0.000000000000000
    -0.000054028953089     0.000162648449711    -0.000000000000000
     0.000000000000000    -0.000000000000000    -0.000001564701833
22 26
     0.000003238588306    -0.000012971206658    -0.000000000000000
    -0.000012970930712     0.000018215970064    -0.000000000000000
     0.000000000000000    -0.000000000000000    -0.000000334955906
22 27
     0.000082471593117     0.000295914776721    -0.000000000000000
     0.000295906343405     0.000379303494423    -0.000000000000000
    -0.000000000000000    -0.000000000000000    -0.000008156402202
22 28
    -0.001498137223134    -0.002601424604341     0.000000000000000
    -0.002599550797080    -0.004498758379346     0.000000000000000
     0.000000000000000     0.000000000000000     0.000287624584281
22 29
    -0.000594363836421    -0.000073405399330     0.000000000000000
    -0.000073490588758    -0.000505909070202     0.000000000000000
    -0.000000000000000     0.000000000000000     0.000042592248212
22 30
     0.000454728970959    -0.000000000060822    -0.000000000000000
    -0.000000000048274    -0.000088704323925    -0.000000000000000
     0.000000000000000     0.000000000000000    -0.000018281879545
22 31
     0.000064511312118    -0.000047249713094    -0.000000000000000
    -0.000047249911343     0.000029266057918    -0.000000000000000
     0.000000000000000    -0.000000000000000    -0.000000965506910
22 32
     0.000007868724286     0.000002644487061    -0.000000000000000
     0.000002644495743     0.000004815118853    -0.000000000000000
     0.000000000000000    -0.000000000000000    -0.000000285699907
22 33
    -0.000039007588393     0.000018772560390    -0.000000000000000
     0.000018771438273     0.000272468349359    -0.000000000000000
    -0.000000000000000    -0.000000000000000    -0.000002584244152
22 34
     0.000004151514479     0.000006366268755    -0.000000000000000
     0.000006366188977     0.000011502511209    -0.000000000000000
     0.000000000000000    -0.000000000000000    -0.000000307336827
22 35
   -26.173346543615160    -8.013609031655353    -0.000000000000000
    -7.661605808699631   -15.670246690151572    -0.000000000000000
    -0.000000000000016     0.000000000000007    -8.028070761528612
22 36
     0.044721136159552    -0.000017423732387    -0.000000000000000
     0.000001154160777    -0.634892838745540    -0.000000000000000
     0.000000000000000     0.000000000000001    -0.617861601220914
22 37
    -0.000091475017716     0.000158547273018    -0.000000000000000
     0.000158539166213     0.000653207433594    -0.000000000000000
    -0.000000000000000    -0.000000000000000    -0.000015042217764
22 38
     0.000048225843913     0.000128980123775    -0.000000000000000
     0.000128976866786     0.000148846888555    -0.000000000000000
    -0.000000000000000     0.000000000000000    -0.000002355284880
22 39
     0.000006694177281     0.000032729838459    -0.000000000000000
     0.000032729055236     0.000063304519686    -0.000000000000000
    -0.000000000000000    -0.000000000000000    -0.000000826156874
22 40
     0.000656214394235    -0.000725163124931    -0.000000000000000
    -0.000725181852673     0.000180943994188    -0.000000000000000
     0.000000000000000    -0.000000000000000    -0.000049963900876
22 41
    -0.086410090202986     0.400056332483567     0.000000000000000
     0.399754546717726    -0.914651177967372     0.000000000000000
    -0.000000000000000     0.000000000000001     0.076715049257716
22 42
     0.000028042723551    -0.000306445701548    -0.000000000000000
    -0.000306435095302     0.000512033887931    -0.000000000000000
     0.000000000000000    -0.000000000000000    -0.000013902406975
23 1
     0.001032889590199     0.000742286035205    -0.000000000000000
     0.000742285460574     0.000192613184566     0.000000000000000
    -0.000000000000000    -0.000000000000000    -0.000014512325409
23 2
     0.000598927063854     0.000205931237586    -0.000000000000000
     0.000205925413008    -0.000018542368227     0.000000000000000
    -0.000000000000000    -0.000000000000000    -0.000006064447298
23 3
     0.000222009355629     0.000520605149861    -0.000000000000000
     0.000520617276147     0.000564946143700     0.000000000000000
    -0.000000000000000    -0.000000000000000    -0.000007649160678
23 4
     0.000064366699908     0.000261245692202    -0.000000000000000
     0.000261250998332     0.000365958239726     0.000000000000000
    -0.000000000000000    -0.000000000000000    -0.000006831747370
23 5
    -0.017018779187138    -0.020054432486143     0.000000000000000
    -0.020061293641912    -0.022464955195314    -0.000000000000000
     0.000000000000000     0.000000000000000     0.373399274727822
23 6
     1.057033841452122    -0.018900441264889     0.000000000000000
    -1.834155062085116     0.029855937901464    -0.000000000000000
     0.000000000000001    -0.000000000000000     1.484092630329694
23 7
     0.002879264737622     0.000016383825121    -0.000000000000000
     0.000016411379296    -0.000646764153273     0.000000000000000
    -0.000000000000000     0.000000000000000    -0.000039993443722
23 8
     0.000925963370173    -0.000104296474674    -0.000000000000000
    -0.000104305968987    -0.000147387873087     0.000000000000000
     0.000000000000000     0.000000000000000    -0.000007340318624
23 9
    -0.000882236652428     0.000104310537076     0.000000000000000
     0.000104413978993    -0.001005906652720    -0.000000000000000
     0.000000000000000     0.000000000000000     0.000173500621208
23 10
     0.001048201833680     0.001485411409106    -0.000000000000000
     0.001485421615468     0.000940091870017     0.000000000000000
    -0.000000000000000    -0.000000000000000    -0.000033353011440
23 11
    -0.510273631993426     0.879909291010247     0.000000000000000
    -0.916321473649930     1.585751385733945    -0.000000000000000
     0.000000000000001    -0.000000000000002     1.513816568291644
23 12
   -38.442505734234565    12.928194724704909    -0.000000000000001
    13.363937810837349   -21.226992418442386     0.000000000000000
    -0.000000000000004     0.000000000000019   -11.460729540120747
23 13
     0.000902660444003     0.000102537415371    -0.000000000000000
     0.000144406075368     0.000271581636919     0.000000000000000
    -0.000000000000000    -0.000000000000000    -0.000007235152880
23 14
     0.000108480507134    -0.000000668376491    -0.000000000000000
    -0.000000669438286    -0.000014093952416     0.000000000000000
     0.000000000000000     0.000000000000000    -0.000001672617070
23 15
     0.000314457958216     0.000195955048617    -0.000000000000000
     0.000237061065241     0.000848724677216     0.000000000000000
    -0.000000000000000    -0.000000000000000    -0.000007118089828
23 16
    -0.000209615301154     0.000507631316134    -0.000000000000000
     0.000507490719305     0.000817487079152     0.000000000000000
    -0.000000000000000    -0.000000000000000    -0.000033309717365
23 17
     0.284219298547124    -0.003325959339593    -0.000000000000000
    -0.003142806321380    -3.987443219112510     0.000000000000000
     0.000000000000000     0.000000000000003    -0.434818005304239
23 18
    -0.009344974400125     0.012712283916711     0.000000000000000
     0.012710856213583    -0.015506768985126    -0.000000000000000
    -0.000000000000000     0.000000000000000     0.496740134003689
23 19
     0.000593092753741    -0.000199991147404    -0.000000000000000
    -0.000199992536189    -0.000019840566837     0.000000000000000
     0.000000000000000     0.000000000000000    -0.000005997285142
23 20
     0.000035848026348    -0.000000834074320    -0.000000000000000
    -0.000000834098444     0.000020184593726     0.000000000000000
    -0.000000000000000    -0.000000000000000    -0.000001314169378
23 21
     0.000306582384335     0.000365402376229    -0.000000000000000
     0.000365407460993     0.000266662304870     0.000000000000000
    -0.000000000000000    -0.000000000000000    -0.000005997679998
23 22
    -0.000000530770964     0.000038666119611    -0.000000000000000
     0.000038666628976     0.000109818223692     0.000000000000000
    -0.000000000000000    -0.000000000000000    -0.000001209304863
23 23
    88.109824214862471     0.392569246493601     0.000000000000001
     0.392580515137176    74.288168494266699    -0.000000000000001
    -0.000000000000023    -0.000000000000085    23.990537896142751
23 24
    -0.851473929139425    -1.357884078187854     0.000000000000000
     1.474371866057715     2.351240830322983    -0.000000000000000
    -0.000000000000001    -0.000000000000001     1.927965228768409
23 25
     0.000516666887216     0.000000000008325    -0.000000000000000
    -0.000000005522072    -0.000086460431511     0.000000000000000
    -0.000000000000000     0.000000000000000    -0.000006830453459
23 26
     0.000561361567222     0.000019419100653    -0.000000000000000
     0.000019409894848    -0.000099587753549     0.000000000000000
    -0.000000000000000     0.000000000000000    -0.000008156491571
23 27
     1.109811926155014    -0.018816574656112     0.000000000000000
     2.005473062817654    -0.037245728684069    -0.000000000000000
    -0.000000000000002     0.000000000000000     1.333047048198704
23 28
    -0.000464414493835     0.000001535470312     0.000000000000000
     0.000001615748325    -0.000635803543581    -0.000000000000000
     0.000000000000000     0.000000000000000     0.000042743224438
23 29
     0.000240667315693     0.001488950217017    -0.000000000000000
     0.001488936123380     0.001959934562938     0.000000000000000
    -0.000000000000000    -0.000000000000000    -0.000039046105384
23 30
    -0.000008890011109     0.000054027947915    -0.000000000000000
     0.000054028767259     0.000162650115127     0.000000000000000
    -0.000000000000000    -0.000000000000000    -0.000001564701834
23 31
     0.000269257423202     0.000000000005531    -0.000000000000000
    -0.000000001049129     0.000026720771379     0.000000000000000
    -0.000000000000000    -0.000000000000000    -0.000006159197943
23 32
     0.000210856382685    -0.000125487588778    -0.000000000000000
    -0.000125486460239     0.000022607904437     0.000000000000000
     0.000000000000000     0.000000000000000    -0.000002583906701
23 33
   -37.794170034107182   -12.407158424470209    -0.000000000000000
   -14.440825875842998   -22.293758275672037     0.000000000000000
     0.000000000000011     0.000000000000026   -11.332108261083841
23 34
   -11.507429159895780     0.453253325053505    -0.000000000000000
     0.805774487258659   -30.335249811462781     0.000000000000000
     0.000000000000005     0.000000000000030    -8.026933581615213
23 35
     0.000073976213968     0.000209240148539    -0.000000000000000
     0.000209243738241     0.000315592150930     0.000000000000000
    -0.000000000000000    -0.000000000000000    -0.000007304440768
23 36
     0.000064510774548     0.000047250046345    -0.000000000000000
     0.000047250221711     0.000029265865520     0.000000000000000
    -0.000000000000000    -0.000000000000000    -0.000000965506909
23 37
     0.001928984685086     0.000662549072202    -0.000000000000000
     0.000662534916516    -0.000220409056598     0.000000000000000
    -0.000000000000000     0.000000000000000    -0.000033010355412
23 38
    -1.416134236043232    -0.854202535240471    -0.000000000000000
    -0.854132899612653    -0.341154642205634     0.000000000000000
     0.000000000000002     0.000000000000001    -0.020814838577479
23 39
    -0.025454480279000     0.004359101462920     0.000000000000000
     0.004363289499852    -0.000843371691067    -0.000000000000000
    -0.000000000000000     0.000000000000000     0.155917471277275
23 40
     0.000251096049572     0.000297390377247    -0.000000000000000
     0.000297394665787     0.000211170974928     0.000000000000000
    -0.000000000000000    -0.000000000000000    -0.000004799068761
23 41
     0.000265074487040     0.001267533062779    -0.000000000000000
     0.001267538691533     0.001629828575087     0.000000000000000
    -0.000000000000000    -0.000000000000000    -0.000039623066269
23 42
     0.001066168981523     0.001181489046078     0.000000000000000
     0.001181507566072    -0.000218499296268    -0.000000000000000
    -0.000000000000000    -0.000000000000000     0.000001372881958
24 1
    -0.000441549974002     0.000023972230451     0.000000000000000
     0.000023599750802    -0.000441937327179    -0.000000000000000
     0.000000000000000     0.000000000000000     0.000032033065676
24 2
     0.000942461538926     0.000593503852757    -0.000000000000000
     0.000593507081030     0.000022104291056     0.000000000000000
    -0.000000000000000    -0.000000000000000    -0.000034465869843
24 3
    -0.000046039942854     0.000264962692238    -0.000000000000000
     0.000264967505728     0.000654494878105     0.000000000000000
    -0.000000000000000    -0.000000000000000    -0.000013588208937
24 4
    -0.000007533857608     0.000053170569700    -0.000000000000000
     0.000053171390710     0.000155933960286     0.000000000000000
    -0.000000000000000    -0.000000000000000    -0.000001506662370
24 5
     0.040244115198231    -0.129784318879024    -0.000000000000000
    -0.129815186022633    -0.839045920550771     0.000000000000000
     0.000000000000000     0.000000000000001    -0.448437892319673
24 6
     1.537304774626696    -0.026979039765232     0.000000000000000
     2.452891541876660    -0.042978468031649    -0.000000000000000
    -0.000000000000003    -0.000000000000000     1.743000066118702
24 7
     0.000127809718867     0.000001515849693    -0.000000000000000
     0.000001514370932    -0.000020846222307     0.000000000000000
    -0.000000000000000     0.000000000000000    -0.000001054906941
24 8
     0.000161186211663     0.000010780211969    -0.000000000000000
     0.000010778049880    -0.000025609658739     0.000000000000000
    -0.000000000000000     0.000000000000000    -0.000001249888064
24 9
     0.000173659679193     0.000073735156101    -0.000000000000000
     0.000073733430421    -0.000000231266352     0.000000000000000
    -0.000000000000000    -0.000000000000000    -0.000001857386571
24 10
     0.000070482882874     0.000050737769955    -0.000000000000000
     0.000050737921325     0.000028686086113     0.000000000000000
    -0.000000000000000    -0.000000000000000    -0.000000992856830
24 11
     0.001146122295696     0.000054692765972    -0.000000000000000
     0.000054692447826    -0.000236497299022     0.000000000000000
    -0.000000000000000     0.000000000000000    -0.000029456381865
24 12
    -0.025262882927852     0.004126310277655     0.000000000000000
     0.004130828377277     0.000019029292128    -0.000000000000000
    -0.000000000000000     0.000000000000000     0.495934549489513
24 13
     0.001000249283547     0.000191034871363    -0.000000000000000
     0.000191222876315    -0.000392348662826     0.000000000000000
    -0.000000000000000     0.000000000000000    -0.000033343553284
24 14
     0.000108904104262    -0.000028486342817    -0.000000000000000
    -0.000028487369863    -0.000012749159065     0.000000000000000
     0.000000000000000     0.000000000000000    -0.000001705974240
24 15
     0.000017127997480     0.000053409686569    -0.000000000000000
     0.000053410714418     0.000077258426997     0.000000000000000
    -0.000000000000000    -0.000000000000000    -0.000001672648346
24 16
     0.000042331773342     0.000066919782212    -0.000000000000000
     0.000066921724312     0.000053821206780     0.000000000000000
    -0.000000000000000    -0.000000000000000    -0.000001706344559
24 17
    -0.009344974400126     0.012712283916694     0.000000000000000
     0.012710856213586    -0.015506768985117    -0.000000000000000
    -0.000000000000000     0.000000000000000     0.496745743687309
24 18
     0.000146097103734    -0.000108951837866    -0.000000000000000
    -0.000108949826028     0.000028865469301     0.000000000000000
     0.000000000000000    -0.000000000000000    -0.000004921792182
24 19
     0.000115717143739     0.000028449114631    -0.000000000000000
     0.000028447921562    -0.000006430652007     0.000000000000000
    -0.000000000000000     0.000000000000000    -0.000001209277497
24 20
     0.000020582504664     0.000017506006825    -0.000000000000000
     0.000017506130984     0.000009135372547     0.000000000000000
    -0.000000000000000    -0.000000000000000    -0.000000279722677
24 21
     0.000024822774705     0.000007199486410    -0.000000000000000
     0.000007199495269     0.000031209830072     0.000000000000000
    -0.000000000000000    -0.000000000000000    -0.000001314172480
24 22
    -0.000003163301279    -0.000003796139947    -0.000000000000000
    -0.000003796349503     0.000032881284633     0.000000000000000
     0.000000000000000    -0.000000000000000    -0.000000279717512
24 23
    -0.851516771264025     1.474515398541432     0.000000000000000
    -1.357591592555328     2.350844845832449    -0.000000000000000
     0.000000000000001    -0.000000000000003     1.928280861004082
24 24
    25.219785594873272    -8.774807453851778     0.000000000000000
    -8.774264864965218    16.070259174819672    -0.000000000000000
     0.000000000000003    -0.000000000000014     4.353576911672558
24 25
     0.000561361566011    -0.000019419083500    -0.000000000000000
    -0.000019427516816    -0.000099586496285     0.000000000000000
    -0.000000000000000     0.000000000000000    -0.000008156402202
24 26
    -0.006000691333936    -0.000000000079183     0.000000000000000
     0.000001873728078     0.000003795898948    -0.000000000000000
     0.000000000000000    -0.000000000000000     0.000287624584281
24 27
    -0.000591630575158     0.000075068637913     0.000000000000000
     0.000074983448485    -0.000508642331566    -0.000000000000000
     0.000000000000000     0.000000000000000     0.000042592248212
24 28
     0.000047153955030    -0.000235313501264    -0.000000000000000
    -0.000235313488716     0.000318870707165     0.000000000000000
     0.000000000000000    -0.000000000000000    -0.000018281879545
24 29
     0.000072972490641     0.000101292477221    -0.000000000000000
     0.000101294356647     0.000080785623048     0.000000000000000
    -0.000000000000000    -0.000000000000000    -0.000001564701833
24 30
     0.000003238349330     0.000012970792738    -0.000000000000000
     0.000012971068685     0.000018216209041     0.000000000000000
    -0.000000000000000    -0.000000000000000    -0.000000334955906
24 31
     0.000210856385318     0.000125487596893    -0.000000000000000
     0.000125486474776     0.000022604366353     0.000000000000000
    -0.000000000000000    -0.000000000000000    -0.000002584244152
24 32
     0.000015178077528     0.000000000000286    -0.000000000000000
    -0.000000000079493     0.000000475947751     0.000000000000000
    -0.000000000000000    -0.000000000000000    -0.000000307336827
24 33
   -25.083588220843083     8.290778081406152    -0.000000000000000
     8.642781304361876   -16.760005053461892     0.000000000000000
    -0.000000000000001     0.000000000000017    -8.028070761528612
24 34
    -0.464996372237136    -0.294286700317873    -0.000000000000000
    -0.294268122424709    -0.125175311387732     0.000000000000000
     0.000000000000001     0.000000000000000    -0.617861601220914
24 35
    -0.000002842166292     0.000008363361729    -0.000000000000000
     0.000008363163479     0.000096619538835     0.000000000000000
    -0.000000000000000    -0.000000000000000    -0.000000965506910
24 36
     0.000007868716769    -0.000002644500083    -0.000000000000000
    -0.000002644491402     0.000004815126370     0.000000000000000
     0.000000000000000    -0.000000000000000    -0.000000285699907
24 37
     0.000077496464213     0.000008148664944    -0.000000000000000
     0.000008147881721    -0.000007497769880     0.000000000000000
    -0.000000000000000     0.000000000000000    -0.000000826156874
24 38
     0.000604339255773     0.000243189399364    -0.000000000000000
     0.000243181292559    -0.000042606865779     0.000000000000000
    -0.000000000000000    -0.000000000000000    -0.000015042217764
24 39
     0.000235390274619    -0.000020917430326    -0.000000000000000
    -0.000020920687314    -0.000038317549114     0.000000000000000
     0.000000000000000     0.000000000000000    -0.000002355284880
24 40
     0.000125650917705     0.000362789213520    -0.000000000000000
     0.000362799819766     0.000414425690146     0.000000000000000
    -0.000000000000000    -0.000000000000000    -0.000013902406975
24 41
    -0.000328256196596     0.000156797481476    -0.000000000000000
     0.000156778753734     0.001165414621640     0.000000000000000
     0.000000000000000    -0.000000000000000    -0.000049963900876
24 42
    -0.361262617143845    -0.558440730085985     0.000000000000000
    -0.558742515851825    -0.639798640802198    -0.000000000000000
     0.000000000000001     0.000000000000001     0.076715049257716
25 1
    -0.017018779187138     0.020054432486143     0.000000000000000
     0.020061293641912    -0.022464955195315     0.000000000000000
     0.000000000000000    -0.000000000000000     0.373399274727822
25 2
     1.057033841452122     0.018900441264886     0.000000000000000
     1.834155062085113     0.029855937901460     0.000000000000000
     0.000000000000001     0.000000000000000     1.484092630329694
25 3
     0.000222009355629    -0.000520605149861    -0.000000000000000
    -0.000520617276147     0.000564946143700    -0.000000000000000
    -0.000000000000000     0.000000000000000    -0.000007649160678
25 4
     0.000064366699908    -0.000261245692202    -0.000000000000000
    -0.000261250998332     0.000365958239726    -0.000000000000000
    -0.000000000000000     0.000000000000000    -0.000006831747370
25 5
     0.001032889590199    -0.000742286035205    -0.000000000000000
    -0.000742285460574     0.000192613184566    -0.000000000000000
    -0.000000000000000     0.000000000000000    -0.000014512325409
25 6
     0.000598927063854    -0.000205931237586    -0.000000000000000
    -0.000205925413008    -0.000018542368227    -0.000000000000000
    -0.000000000000000     0.000000000000000    -0.000006064447298
25 7
    -0.510273631993426    -0.879909291010246     0.000000000000000
     0.916321473649930     1.585751385733945     0.000000000000000
     0.000000000000001     0.000000000000002     1.513816568291644
25 8
   -38.442505734234565   -12.928194724704831    -0.000000000000001
   -13.363937810837269   -21.226992418442332    -0.000000000000000
    -0.000000000000004    -0.000000000000019   -11.460729540120747
25 9
    -0.000882236652428    -0.000104310537076     0.000000000000000
    -0.000104413978993    -0.001005906652720     0.000000000000000
     0.000000000000000    -0.000000000000000     0.000173500621208
25 10
     0.001048201833680    -0.001485411409106    -0.000000000000000
    -0.001485421615468     0.000940091870017    -0.000000000000000
    -0.000000000000000     0.000000000000000    -0.000033353011440
25 11
     0.002879264737622    -0.000016383825121    -0.000000000000000
    -0.000016411379296    -0.000646764153273    -0.000000000000000
    -0.000000000000000    -0.000000000000000    -0.000039993443722
25 12
     0.000925963370173     0.000104296474674    -0.000000000000000
     0.000104305968987    -0.000147387873087    -0.000000000000000
     0.000000000000000    -0.000000000000000    -0.000007340318624
25 13
   -37.794170034107182    12.407158424470291    -0.000000000000000
    14.440825875843077   -22.293758275672094    -0.000000000000000
     0.000000000000011    -0.000000000000026   -11.332108261083841
25 14
   -11.507429159895780    -0.453253325053483    -0.000000000000000
    -0.805774487258633   -30.335249811462781    -0.000000000000000
     0.000000000000005    -0.000000000000030    -8.026933581615213
25 15
     0.000073976213968    -0.000209240148539    -0.000000000000000
    -0.000209243738241     0.000315592150930    -0.000000000000000
    -0.000000000000000     0.000000000000000    -0.000007304440768
25 16
     0.000064510774548    -0.000047250046345    -0.000000000000000
    -0.000047250221711     0.000029265865520    -0.000000000000000
    -0.000000000000000     0.000000000000000    -0.000000965506909
25 17
     0.000269257423202    -0.000000000005531    -0.000000000000000
     0.000000001049129     0.000026720771379    -0.000000000000000
    -0.000000000000000     0.000000000000000    -0.000006159197943
25 18
     0.000210856382685     0.000125487588778    -0.000000000000000
     0.000125486460239     0.000022607904437    -0.000000000000000
     0.000000000000000    -0.000000000000000    -0.000002583906701
25 19
     1.109811926155014     0.018816574656110     0.000000000000000
    -2.005473062817656    -0.037245728684065     0.000000000000000
    -0.000000000000002    -0.000000000000000     1.333047048198704
25 20
    -0.000464414493835    -0.000001535470312     0.000000000000000
    -0.000001615748325    -0.000635803543581     0.000000000000000
     0.000000000000000    -0.000000000000000     0.000042743224438
25 21
     0.000240667315693    -0.001488950217017    -0.000000000000000
    -0.001488936123380     0.001959934562938    -0.000000000000000
    -0.000000000000000     0.000000000000000    -0.000039046105384
25 22
    -0.000008890011109    -0.000054027947915    -0.000000000000000
    -0.000054028767259     0.000162650115127    -0.000000000000000
    -0.000000000000000     0.000000000000000    -0.000001564701834
25 23
     0.000516666887216    -0.000000000008325    -0.000000000000000
     0.000000005522072    -0.000086460431511    -0.000000000000000
    -0.000000000000000    -0.000000000000000    -0.000006830453459
25 24
     0.000561361567222    -0.000019419100653    -0.000000000000000
    -0.000019409894848    -0.000099587753549    -0.000000000000000
    -0.000000000000000    -0.000000000000000    -0.000008156491571
25 25
    88.109824214862471    -0.392569246493771     0.000000000000001
    -0.392580515137354    74.288168494266699     0.000000000000001
    -0.000000000000023     0.000000000000085    23.990537896142751
25 26
    -0.851473929139425     1.357884078187856     0.000000000000000
    -1.474371866057713     2.351240830322983     0.000000000000000
    -0.000000000000001     0.000000000000001     1.927965228768409
25 27
     0.000593092753741     0.000199991147404    -0.000000000000000
     0.000199992536189    -0.000019840566837    -0.000000000000000
     0.000000000000000    -0.000000000000000    -0.000005997285142
25 28
     0.000035848026348     0.000000834074320    -0.000000000000000
     0.000000834098444     0.000020184593726    -0.000000000000000
    -0.000000000000000     0.000000000000000    -0.000001314169378
25 29
     0.000306582384335    -0.000365402376229    -0.000000000000000
    -0.000365407460993     0.000266662304870    -0.000000000000000
    -0.000000000000000     0.000000000000000    -0.000005997679998
25 30
    -0.000000530770964    -0.000038666119611    -0.000000000000000
    -0.000038666628976     0.000109818223692    -0.000000000000000
    -0.000000000000000     0.000000000000000    -0.000001209304863
25 31
     0.284219298547124     0.003325959339593    -0.000000000000000
     0.003142806321380    -3.987443219112510    -0.000000000000000
     0.000000000000000    -0.000000000000003    -0.434818005304239
25 32
    -0.009344974400125    -0.012712283916711     0.000000000000000
    -0.012710856213583    -0.015506768985126     0.000000000000000
    -0.000000000000000    -0.000000000000000     0.496740134003689
25 33
     0.000902660444003    -0.000102537415371    -0.000000000000000
    -0.000144406075368     0.000271581636919    -0.000000000000000
    -0.000000000000000     0.000000000000000    -0.000007235152880
25 34
     0.000108480507134     0.000000668376491    -0.000000000000000
     0.000000669438286    -0.000014093952416    -0.000000000000000
     0.000000000000000    -0.000000000000000    -0.000001672617070
25 35
     0.000314457958216    -0.000195955048617    -0.000000000000000
    -0.000237061065241     0.000848724677216    -0.000000000000000
    -0.000000000000000     0.000000000000000    -0.000007118089828
25 36
    -0.000209615301154    -0.000507631316134    -0.000000000000000
    -0.000507490719305     0.000817487079152    -0.000000000000000
    -0.000000000000000     0.000000000000000    -0.000033309717365
25 37
    -1.416134236043232     0.854202535240474    -0.000000000000000
     0.854132899612655    -0.341154642205637    -0.000000000000000
     0.000000000000002    -0.000000000000001    -0.020814838577479
25 38
     0.001928984685086    -0.000662549072202    -0.000000000000000
    -0.000662534916516    -0.000220409056598    -0.000000000000000
    -0.000000000000000    -0.000000000000000    -0.000033010355412
25 39
    -0.025454480279000    -0.004359101462920     0.000000000000000
    -0.004363289499852    -0.000843371691067     0.000000000000000
    -0.000000000000000    -0.000000000000000     0.155917471277275
25 40
     0.000265074487040    -0.001267533062779    -0.000000000000000
    -0.001267538691533     0.001629828575087    -0.000000000000000
    -0.000000000000000     0.000000000000000    -0.000039623066269
25 41
     0.000251096049572    -0.000297390377247    -0.000000000000000
    -0.000297394665787     0.000211170974928    -0.000000000000000
    -0.000000000000000     0.000000000000000    -0.000004799068761
25 42
     0.001066168981523    -0.001181489046078     0.000000000000000
    -0.001181507566072    -0.000218499296268     0.000000000000000
    -0.000000000000000     0.000000000000000     0.000001372881958
26 1
     0.040244115198231     0.129784318879024    -0.000000000000000
     0.129815186022633    -0.839045920550772    -0.000000000000000
     0.000000000000000    -0.000000000000001    -0.448437892319673
26 2
     1.537304774626696     0.026979039765229     0.000000000000000
    -2.452891541876663    -0.042978468031644     0.000000000000000
    -0.000000000000003     0.000000000000000     1.743000066118702
26 3
    -0.000046039942854    -0.000264962692238    -0.000000000000000
    -0.000264967505728     0.000654494878105    -0.000000000000000
    -0.000000000000000     0.000000000000000    -0.000013588208937
26 4
    -0.000007533857608    -0.000053170569700    -0.000000000000000
    -0.000053171390710     0.000155933960286    -0.000000000000000
    -0.000000000000000     0.000000000000000    -0.000001506662370
26 5
    -0.000441549974002    -0.000023972230451     0.000000000000000
    -0.000023599750802    -0.000441937327179     0.000000000000000
     0.000000000000000    -0.000000000000000     0.000032033065676
26 6
     0.000942461538926    -0.000593503852757    -0.000000000000000
    -0.000593507081030     0.000022104291056    -0.000000000000000
    -0.000000000000000     0.000000000000000    -0.000034465869843
26 7
     0.001146122295696    -0.000054692765972    -0.000000000000000
    -0.000054692447826    -0.000236497299022    -0.000000000000000
    -0.000000000000000    -0.000000000000000    -0.000029456381865
26 8
    -0.025262882927852    -0.004126310277655     0.000000000000000
    -0.004130828377277     0.000019029292128     0.000000000000000
    -0.000000000000000    -0.000000000000000     0.495934549489513
26 9
     0.000173659679193    -0.000073735156101    -0.000000000000000
    -0.000073733430421    -0.000000231266352    -0.000000000000000
    -0.000000000000000     0.000000000000000    -0.000001857386571
26 10
     0.000070482882874    -0.000050737769955    -0.000000000000000
    -0.000050737921325     0.000028686086113    -0.000000000000000
    -0.000000000000000     0.000000000000000    -0.000000992856830
26 11
     0.000127809718867    -0.000001515849693    -0.000000000000000
    -0.000001514370932    -0.000020846222307    -0.000000000000000
    -0.000000000000000    -0.000000000000000    -0.000001054906941
26 12
     0.000161186211663    -0.000010780211969    -0.000000000000000
    -0.000010778049880    -0.000025609658739    -0.000000000000000
    -0.000000000000000    -0.000000000000000    -0.000001249888064
26 13
   -25.083588220843083    -8.290778081406101    -0.000000000000000
    -8.642781304361824   -16.760005053461860    -0.000000000000000
    -0.000000000000001    -0.000000000000017    -8.028070761528612
26 14
    -0.464996372237136     0.294286700317874    -0.000000000000000
     0.294268122424710    -0.125175311387734    -0.000000000000000
     0.000000000000001    -0.000000000000000    -0.617861601220914
26 15
    -0.000002842166292    -0.000008363361729    -0.000000000000000
    -0.000008363163479     0.000096619538835    -0.000000000000000
    -0.000000000000000     0.000000000000000    -0.000000965506910
26 16
     0.000007868716769     0.000002644500083    -0.000000000000000
     0.000002644491402     0.000004815126370    -0.000000000000000
     0.000000000000000     0.000000000000000    -0.000000285699907
26 17
     0.000210856385318    -0.000125487596893    -0.000000000000000
    -0.000125486474776     0.000022604366353    -0.000000000000000
    -0.000000000000000     0.000000000000000    -0.000002584244152
26 18
     0.000015178077528    -0.000000000000286    -0.000000000000000
     0.000000000079493     0.000000475947751    -0.000000000000000
    -0.000000000000000     0.000000000000000    -0.000000307336827
26 19
    -0.000591630575158    -0.000075068637913     0.000000000000000
    -0.000074983448485    -0.000508642331566     0.000000000000000
     0.000000000000000    -0.000000000000000     0.000042592248212
26 20
     0.000047153955030     0.000235313501264    -0.000000000000000
     0.000235313488716     0.000318870707165    -0.000000000000000
     0.000000000000000     0.000000000000000    -0.000018281879545
26 21
     0.000072972490641    -0.000101292477221    -0.000000000000000
    -0.000101294356647     0.000080785623048    -0.000000000000000
    -0.000000000000000     0.000000000000000    -0.000001564701833
26 22
     0.000003238349330    -0.000012970792738    -0.000000000000000
    -0.000012971068685     0.000018216209041    -0.000000000000000
    -0.000000000000000     0.000000000000000    -0.000000334955906
26 23
     0.000561361566011     0.000019419083500    -0.000000000000000
     0.000019427516816    -0.000099586496285    -0.000000000000000
    -0.000000000000000    -0.000000000000000    -0.000008156402202
26 24
    -0.006000691333936     0.000000000079183     0.000000000000000
    -0.000001873728078     0.000003795898948     0.000000000000000
     0.000000000000000     0.000000000000000     0.000287624584281
26 25
    -0.851516771264025    -1.474515398541431     0.000000000000000
     1.357591592555329     2.350844845832449     0.000000000000000
     0.000000000000001     0.000000000000003     1.928280861004082
26 26
    25.219785594873272     8.774807453851725     0.000000000000000
     8.774264864965165    16.070259174819636     0.000000000000000
     0.000000000000003     0.000000000000014     4.353576911672558
26 27
     0.000115717143739    -0.000028449114631    -0.000000000000000
    -0.000028447921562    -0.000006430652007    -0.000000000000000
    -0.000000000000000    -0.000000000000000    -0.000001209277497
26 28
     0.000020582504664    -0.000017506006825    -0.000000000000000
    -0.000017506130984     0.000009135372547    -0.000000000000000
    -0.000000000000000     0.000000000000000    -0.000000279722677
26 29
     0.000024822774705    -0.000007199486410    -0.000000000000000
    -0.000007199495269     0.000031209830072    -0.000000000000000
    -0.000000000000000     0.000000000000000    -0.000001314172480
26 30
    -0.000003163301279     0.000003796139947    -0.000000000000000
     0.000003796349503     0.000032881284633    -0.000000000000000
     0.000000000000000     0.000000000000000    -0.000000279717512
26 31
    -0.009344974400126    -0.012712283916694     0.000000000000000
    -0.012710856213586    -0.015506768985117     0.000000000000000
    -0.000000000000000    -0.000000000000000     0.496745743687309
26 32
     0.000146097103734     0.000108951837866    -0.000000000000000
     0.000108949826028     0.000028865469301    -0.000000000000000
     0.000000000000000     0.000000000000000    -0.000004921792182
26 33
     0.001000249283547    -0.000191034871363    -0.000000000000000
    -0.000191222876315    -0.000392348662826    -0.000000000000000
    -0.000000000000000    -0.000000000000000    -0.000033343553284
26 34
     0.000108904104262     0.000028486342817    -0.000000000000000
     0.000028487369863    -0.000012749159065    -0.000000000000000
     0.000000000000000    -0.000000000000000    -0.000001705974240
26 35
     0.000017127997480    -0.000053409686569    -0.000000000000000
    -0.000053410714418     0.000077258426997    -0.000000000000000
    -0.000000000000000     0.000000000000000    -0.000001672648346
26 36
     0.000042331773342    -0.000066919782212    -0.000000000000000
    -0.000066921724312     0.000053821206780    -0.000000000000000
    -0.000000000000000     0.000000000000000    -0.000001706344559
26 37
     0.000604339255773    -0.000243189399364    -0.000000000000000
    -0.000243181292559    -0.000042606865779    -0.000000000000000
    -0.000000000000000     0.000000000000000    -0.000015042217764
26 38
     0.000077496464213    -0.000008148664944    -0.000000000000000
    -0.000008147881721    -0.000007497769880    -0.000000000000000
    -0.000000000000000    -0.000000000000000    -0.000000826156874
26 39
     0.000235390274619     0.000020917430326    -0.000000000000000
     0.000020920687314    -0.000038317549114    -0.000000000000000
     0.000000000000000    -0.000000000000000    -0.000002355284880
26 40
    -0.000328256196596    -0.000156797481476    -0.000000000000000
    -0.000156778753734     0.001165414621640    -0.000000000000000
     0.000000000000000     0.000000000000000    -0.000049963900876
26 41
     0.000125650917705    -0.000362789213520    -0.000000000000000
    -0.000362799819766     0.000414425690146    -0.000000000000000
    -0.000000000000000     0.000000000000000    -0.000013902406975
26 42
    -0.361262617143845     0.558440730085985     0.000000000000000
     0.558742515851826    -0.639798640802200     0.000000000000000
     0.000000000000001    -0.000000000000001     0.076715049257716
27 1
     0.000930074458491     0.000111815690802    -0.000000000000000
     0.000111803564516    -0.000143118985502     0.000000000000000
     0.000000000000000     0.000000000000000    -0.000007649160678
27 2
     0.000516808044051     0.000000033861640     0.000000000000000
     0.000000028555510    -0.000086483121248     0.000000000000000
     0.000000000000000     0.000000000000000    -0.000006831747370
27 3
     0.001045520583183     0.000734992953239     0.000000000000000
     0.000734993527870     0.000179982191112     0.000000000000000
     0.000000000000000     0.000000000000000    -0.000014512325409
27 4
     0.000314164148059     0.000370333362155     0.000000000000000
     0.000370339186733     0.000266220558160     0.000000000000000
     0.000000000000000     0.000000000000000    -0.000006064447298
27 5
    -0.038474029202501    -0.007674099039615     0.000000000000000
    -0.007667237883845    -0.001009704381832    -0.000000000000000
    -0.000000000000000    -0.000000000000000     0.373399274727822
27 6
    -0.515746142381385    -0.926110098153479     0.000000000000000
     0.889144522666748     1.602635980241236    -0.000000000000000
    -0.000000000000000    -0.000000000000001     1.484092630329694
27 7
    -0.000884608759610     0.000105783515738     0.000000000000000
     0.000105680073822    -0.001003534545450    -0.000000000000000
    -0.000000000000000     0.000000000000000     0.000173500621208
27 8
     0.002253527745620     0.000789526362805     0.000000000000000
     0.000789516156443    -0.000265234086759     0.000000000000000
     0.000000000000000     0.000000000000000    -0.000033353011440
27 9
     0.000248943827305     0.001535027893168     0.000000000000000
     0.001535000338993     0.001983556854890     0.000000000000000
    -0.000000000000000     0.000000000000000    -0.000039993443722
27 10
     0.000030622435769     0.000412619370122    -0.000000000000000
     0.000412628864436     0.000747953094623     0.000000000000000
    -0.000000000000000     0.000000000000000    -0.000007340318624
27 11
     1.045978149767166    -1.814823875488060     0.000000000000000
    -0.018593110827883     0.029499546081925    -0.000000000000000
     0.000000000000001    -0.000000000000002     1.513816568291644
27 12
   -14.146043019199158    -0.663631738951740     0.000000000000000
    -1.099374825084181   -45.523456037288440     0.000000000000001
    -0.000000000000014     0.000000000000013   -11.460729540120747
27 13
     0.000436396993027    -0.000000000000001     0.000000000000000
    -0.000000003589703    -0.000046828641611     0.000000000000000
     0.000000000000000     0.000000000000000    -0.000007304440768
27 14
     0.000078996907600     0.000038886648738     0.000000000000000
     0.000038886473373     0.000014779731929     0.000000000000000
     0.000000000000000     0.000000000000000    -0.000000965506909
27 15
     0.000087354481698     0.000105020665068     0.000000000000000
     0.000105021719728     0.000208623719650     0.000000000000000
     0.000000000000000    -0.000000000000000    -0.000006159197943
27 16
    -0.000039004925680     0.000018771036089     0.000000000000000
     0.000018769907549     0.000272469222097     0.000000000000000
    -0.000000000000000    -0.000000000000000    -0.000002583906701
27 17
   -37.794378599305389   -14.440705460667433     0.000000000000000
   -12.407038009294645   -22.293549710466074     0.000000000000001
    -0.000000000000028     0.000000000000004   -11.332108261083841
27 18
   -25.083118777607545     8.643702688261964     0.000000000000000
     8.291181526056812   -16.759559688745306     0.000000000000000
    -0.000000000000028     0.000000000000011    -8.026933581615213
27 19
     0.002819580282645    -0.000000000000000     0.000000000000000
     0.000000014093637    -0.000618978499948     0.000000000000000
     0.000000000000000     0.000000000000000    -0.000039046105384
27 20
     0.000166555008355    -0.000047264463840     0.000000000000000
    -0.000047265283184    -0.000012794910863     0.000000000000000
     0.000000000000000    -0.000000000000000    -0.000001564701834
27 21
     0.000064319013061     0.000261157649696    -0.000000000000000
     0.000261163180094     0.000365887459472     0.000000000000000
    -0.000000000000000     0.000000000000000    -0.000006830453459
27 22
     0.000082463027363     0.000295902100892    -0.000000000000000
     0.000295911306698     0.000379310804124     0.000000000000000
    -0.000000000000000     0.000000000000000    -0.000008156491571
27 23
     1.109766163735088     2.005499483763609     0.000000000000000
    -0.018790153710158    -0.037199966262441    -0.000000000000000
     0.000000000000001     0.000000000000002     1.333047048198704
27 24
    -0.000591591745735     0.000075041570309     0.000000000000000
     0.000074961292297    -0.000508626286950    -0.000000000000000
    -0.000000000000000     0.000000000000000     0.000042743224438
27 25
     0.000593092253595     0.000199990907773     0.000000000000000
     0.000199985823009    -0.000019847575049     0.000000000000000
     0.000000000000000     0.000000000000000    -0.000005997679998
27 26
     0.000115717033752    -0.000028449073618     0.000000000000000
    -0.000028449582983    -0.000006429585348     0.000000000000000
     0.000000000000000    -0.000000000000000    -0.000001209304863
27 27
    78.083560165166887     6.181246870862279     0.000000000000000
     6.181235602218701    84.314432916931978    -0.000000000000002
     0.000000000000085    -0.000000000000023    23.990537896142751
27 28
     1.601002765683850     0.058433759784280     0.000000000000000
    -2.773822184461289    -0.101235955730630    -0.000000000000000
     0.000000000000001     0.000000000000000     1.927965228768409
27 29
    -0.000039805248462     0.000165411302550     0.000000000000000
     0.000165412691334     0.000613057458910     0.000000000000000
    -0.000000000000000    -0.000000000000000    -0.000005997285142
27 30
     0.000023378111336     0.000006365410479     0.000000000000000
     0.000006365434603     0.000032654509202     0.000000000000000
     0.000000000000000    -0.000000000000000    -0.000001314169378
27 31
     0.000902659447724    -0.000102537229381    -0.000000000000000
    -0.000143643246005     0.000260523165827     0.000000000000000
     0.000000000000000    -0.000000000000000    -0.000007118089828
27 32
     0.001000272188408    -0.000191038161475    -0.000000000000000
    -0.000190897564646    -0.000392400455417     0.000000000000000
     0.000000000000000    -0.000000000000000    -0.000033309717365
27 33
    -2.922328536094792     1.848158483612072    -0.000000000000000
     1.847975330593859    -0.780895265189362     0.000000000000000
    -0.000000000000003     0.000000000000001    -0.434818005304239
27 34
    -0.002957777512597     0.009023206302613     0.000000000000000
     0.009024634005740    -0.021893966110253    -0.000000000000000
    -0.000000000000000     0.000000000000000     0.496740134003689
27 35
     0.000536280997264     0.000355935351503     0.000000000000000
     0.000314066691506     0.000637961097287     0.000000000000000
     0.000000000000000    -0.000000000000000    -0.000007235152880
27 36
     0.000015970372084     0.000052741314081     0.000000000000000
     0.000052742375876     0.000078416186075     0.000000000000000
    -0.000000000000000     0.000000000000000    -0.000001672617070
27 37
     0.000890717572489     0.001261978724614     0.000000000000000
     0.001261992880300     0.000817858094621     0.000000000000000
     0.000000000000000     0.000000000000000    -0.000033010355412
27 38
    -0.003219242807019    -0.008474231078865     0.000000000000000
    -0.008478419115796    -0.023078609990182    -0.000000000000000
     0.000000000000000     0.000000000000000     0.155917471277275
27 39
    -1.349630459772254    -0.892528873458980     0.000000000000000
    -0.892598509086798    -0.407658420950504     0.000000000000000
    -0.000000000000002    -0.000000000000001    -0.020814838577479
27 40
     0.000478701711437     0.000165986473196     0.000000000000000
     0.000165982184656    -0.000016434695403     0.000000000000000
     0.000000000000000     0.000000000000000    -0.000004799068761
27 41
     0.001125875307834     0.001147036101863    -0.000000000000000
     0.001147017581869    -0.000278205624800    -0.000000000000000
     0.000000000000000     0.000000000000000     0.000001372881958
27 42
     0.002386358257012     0.000042814913133    -0.000000000000000
     0.000042809284378    -0.000491455273795     0.000000000000000
     0.000000000000000     0.000000000000000    -0.000039623066269
28 1
     0.000708827657173    -0.000170855514456     0.000000000000000
    -0.000170860327946    -0.000100372750002     0.000000000000000
     0.000000000000000    -0.000000000000000    -0.000013588208937
28 2
     0.000161114420207    -0.000044197739696    -0.000000000000000
    -0.000044198560706    -0.000012714323803     0.000000000000000
     0.000000000000000    -0.000000000000000    -0.000001506662370
28 3
    -0.000421241204802     0.000011874477219     0.000000000000000
     0.000012246956868    -0.000462246097135    -0.000000000000000
    -0.000000000000000     0.000000000000000     0.000032033065676
28 4
     0.000766184404461     0.000695280733958     0.000000000000000
     0.000695277505685     0.000198381432078     0.000000000000000
     0.000000000000000     0.000000000000000    -0.000034465869843
28 5
    -0.731633269141167     0.315828437895912     0.000000000000000
     0.315859305039521    -0.067168507498099     0.000000000000000
    -0.000000000000001     0.000000000000000    -0.448437892319673
28 6
     1.402543251387397     2.530696145042411     0.000000000000000
     0.050825563400518     0.091783060220680    -0.000000000000000
     0.000000000000002     0.000000000000003     1.743000066118702
28 7
     0.000107097239947     0.000112163273352     0.000000000000000
     0.000112164999032     0.000066331175370     0.000000000000000
     0.000000000000000     0.000000000000000    -0.000001857386571
28 8
     0.000083075546943     0.000043467543200     0.000000000000000
     0.000043467391830     0.000016093421575     0.000000000000000
     0.000000000000000     0.000000000000000    -0.000000992856830
28 9
     0.000017629887564     0.000065126727377     0.000000000000000
     0.000065128206138     0.000089333613095     0.000000000000000
    -0.000000000000000     0.000000000000000    -0.000001054906941
28 10
     0.000030424310614     0.000086273470055     0.000000000000000
     0.000086275632144     0.000105152247174     0.000000000000000
    -0.000000000000000     0.000000000000000    -0.000001249888064
28 11
     0.000156522792349     0.000626037998101    -0.000000000000000
     0.000626038316246     0.000753102241138     0.000000000000000
    -0.000000000000000     0.000000000000000    -0.000029456381865
28 12
    -0.002726002911029    -0.008880845609142     0.000000000000000
    -0.008885363708764    -0.022517851563051    -0.000000000000000
     0.000000000000000     0.000000000000000     0.495934549489513
28 13
     0.000078996907596    -0.000038886648739     0.000000000000000
    -0.000038886450490     0.000014780461902     0.000000000000000
     0.000000000000000    -0.000000000000000    -0.000000965506910
28 14
     0.000003288323385     0.000000000000000     0.000000000000000
    -0.000000000008681     0.000009395519924     0.000000000000000
     0.000000000000000    -0.000000000000000    -0.000000285699907
28 15
     0.000178342329321     0.000144258474108     0.000000000000000
     0.000144259596225     0.000055118423560     0.000000000000000
     0.000000000000000     0.000000000000000    -0.000002584244152
28 16
     0.000004151445884     0.000006366149373     0.000000000000000
     0.000006366229152     0.000011502579804     0.000000000000000
     0.000000000000000    -0.000000000000000    -0.000000307336827
28 17
   -11.508454211809319     0.805173884184341    -0.000000000000000
     0.453170661228618   -30.335139567480716     0.000000000000000
    -0.000000000000014     0.000000000000010    -8.028070761528612
28 18
    -0.464982282375075    -0.294276257210514    -0.000000000000000
    -0.294294835103678    -0.125189401250318     0.000000000000000
    -0.000000000000000    -0.000000000000000    -0.617861601220914
28 19
     0.000166555008361     0.000047264463844     0.000000000000000
     0.000047262584418    -0.000012796898154     0.000000000000000
     0.000000000000000     0.000000000000000    -0.000001564701833
28 20
     0.000025704898903    -0.000000000000000    -0.000000000000000
    -0.000000000275947    -0.000004250341368     0.000000000000000
     0.000000000000000     0.000000000000000    -0.000000334955906
28 21
     0.000048829451018     0.000276483043247    -0.000000000000000
     0.000276491476563     0.000412945637774     0.000000000000000
    -0.000000000000000     0.000000000000000    -0.000008156402202
28 22
    -0.001496514595624    -0.002598613972632     0.000000000000000
    -0.002600487779894    -0.004500381006917    -0.000000000000000
     0.000000000000000    -0.000000000000000     0.000287624584281
28 23
    -0.000464414920126     0.000001535454441     0.000000000000000
     0.000001620643869    -0.000635857991331    -0.000000000000000
    -0.000000000000000     0.000000000000000     0.000042592248212
28 24
     0.000047154049511    -0.000235313543264    -0.000000000000000
    -0.000235313555812     0.000318870612684     0.000000000000000
     0.000000000000000    -0.000000000000000    -0.000018281879545
28 25
     0.000035848007205     0.000000834074199    -0.000000000000000
     0.000000834065340     0.000020184597162     0.000000000000000
     0.000000000000000    -0.000000000000000    -0.000001314172480
28 26
     0.000020582492928    -0.000017505990436    -0.000000000000000
    -0.000017505780879     0.000009135489543     0.000000000000000
     0.000000000000000    -0.000000000000000    -0.000000279717512
28 27
     1.600883868174924    -2.773485788231332     0.000000000000000
     0.058621202865428    -0.101555884834009    -0.000000000000000
     0.000000000000002    -0.000000000000003     1.928280861004082
28 28
    10.758669252346857    -0.425135296534325     0.000000000000000
    -0.425677885420886    30.531376055289034    -0.000000000000000
     0.000000000000011    -0.000000000000009     4.353576911672558
28 29
     0.000048743436022     0.000067115210460     0.000000000000000
     0.000067116403529     0.000060543058201     0.000000000000000
    -0.000000000000000     0.000000000000000    -0.000001209277497
28 30
     0.000027157855431     0.000013709850378     0.000000000000000
     0.000013709726219     0.000002560021536     0.000000000000000
     0.000000000000000     0.000000000000000    -0.000000279722677
28 31
     0.000108480407050     0.000000668375180     0.000000000000000
     0.000000667347331    -0.000014093985972     0.000000000000000
     0.000000000000000     0.000000000000000    -0.000001672648346
28 32
     0.000108903918206     0.000028486277839     0.000000000000000
     0.000028484335739    -0.000012750940560     0.000000000000000
     0.000000000000000     0.000000000000000    -0.000001706344559
28 33
    -0.002957777512597     0.009023206302615     0.000000000000000
     0.009024634005723    -0.021893966110245    -0.000000000000000
    -0.000000000000000     0.000000000000000     0.496745743687309
28 34
    -0.000036180809371    -0.000003711621872     0.000000000000000
    -0.000003713633710     0.000211143389186     0.000000000000000
    -0.000000000000000    -0.000000000000000    -0.000004921792182
28 35
     0.000121323291776     0.000698671043700     0.000000000000000
     0.000698483038748     0.000486577361640     0.000000000000000
    -0.000000000000000     0.000000000000000    -0.000033343553284
28 36
    -0.000007006183683     0.000038433467329     0.000000000000000
     0.000038434494374     0.000103161133192     0.000000000000000
    -0.000000000000000    -0.000000000000000    -0.000001705974240
28 37
     0.000020807400424     0.000040877328568    -0.000000000000000
     0.000040878111791     0.000049191296017     0.000000000000000
    -0.000000000000000     0.000000000000000    -0.000000826156874
28 38
     0.000011992971864     0.000108057807967     0.000000000000000
     0.000108061064955     0.000185079761951     0.000000000000000
    -0.000000000000000     0.000000000000000    -0.000002355284880
28 39
     0.000329734349312     0.000401724512174    -0.000000000000000
     0.000401732618980     0.000231998050898     0.000000000000000
     0.000000000000000     0.000000000000000    -0.000015042217764
28 40
     0.000656421247396     0.000056359421341     0.000000000000000
     0.000056348815095    -0.000116344659289     0.000000000000000
     0.000000000000000     0.000000000000000    -0.000013902406975
28 41
    -1.053919143872174    -0.158837076251178     0.000000000000000
    -0.158535290485338     0.052857911692447    -0.000000000000000
    -0.000000000000001    -0.000000000000000     0.076715049257716
28 42
     0.000927779374899    -0.000568393735068     0.000000000000000
    -0.000568375007326    -0.000090620996578     0.000000000000000
     0.000000000000000    -0.000000000000000    -0.000049963900876
29 1
    -0.000240156021983     0.000007292220020    -0.000000000000000
     0.000007292794650     0.001465658844104     0.000000000000000
    -0.000000000000000     0.000000000000000    -0.000014512325409
29 2
    -0.000042514167438    -0.000164410861436    -0.000000000000000
    -0.000164405036858     0.000622898886926     0.000000000000000
    -0.000000000000000     0.000000000000000    -0.000006064447298
29 3
    -0.003732791930520    -0.012390625180183     0.000000000000000
    -0.012383764024413    -0.035750942946161    -0.000000000000000
    -0.000000000000000    -0.000000000000000     0.373399274727822
29 4
     1.089046968293711    -1.815672274341750     0.000000000000000
    -0.000417653521522    -0.002157190130990    -0.000000000000000
     0.000000000000001    -0.000000000000001     1.484092630329694
29 5
     0.000028349403350     0.000408807648488    -0.000000000000000
     0.000408795522202     0.000758606103183     0.000000000000000
     0.000000000000000     0.000000000000000    -0.000007649160678
29 6
     0.000064312645071     0.000261219789757    -0.000000000000000
     0.000261214483627     0.000366012294564     0.000000000000000
     0.000000000000000     0.000000000000000    -0.000006831747370
29 7
     0.000220542347686    -0.001518602736785    -0.000000000000000
    -0.001518630290960     0.002011958335566     0.000000000000000
    -0.000000000000000     0.000000000000000    -0.000039993443722
29 8
     0.000211277447910    -0.000516930086266    -0.000000000000000
    -0.000516920591952     0.000567298075761     0.000000000000000
    -0.000000000000000    -0.000000000000000    -0.000007340318624
29 9
     1.077512024353852     0.000387019508039     0.000000000000000
     1.796617784168216    -0.002034329677802    -0.000000000000000
     0.000000000000002    -0.000000000000000     1.513816568291644
29 10
   -36.915697291138798    14.245441092855321    -0.000000000000001
    13.809698006722881   -22.753800918334321     0.000000000000000
    -0.000000000000018    -0.000000000000006   -11.460729540120747
29 11
    -0.001065369489556    -0.000001317815787     0.000000000000000
    -0.000001421257704    -0.000822773808780    -0.000000000000000
    -0.000000000000000    -0.000000000000000     0.000173500621208
29 12
    -0.000319289076210     0.000695900355844    -0.000000000000000
     0.000695890149482     0.002307582830777     0.000000000000000
     0.000000000000000     0.000000000000000    -0.000033353011440
29 13
     0.000087355385480    -0.000105022241527    -0.000000000000000
    -0.000105021186867     0.000208622815867     0.000000000000000
     0.000000000000000     0.000000000000000    -0.000006159197943
29 14
     0.000178344972417    -0.000144256932058    -0.000000000000000
    -0.000144258060598     0.000055119315915     0.000000000000000
     0.000000000000000    -0.000000000000000    -0.000002583906701
29 15
   -14.543342587289070    -1.016954140861948    -0.000000000000000
     1.016713310510839   -45.544586587403970     0.000000000000000
    -0.000000000000017    -0.000000000000023   -11.332108261083841
29 16
   -26.173468826860894    -7.661667619900691    -0.000000000000000
    -8.014188782105840   -15.669209598931698     0.000000000000000
    -0.000000000000023    -0.000000000000019    -8.026933581615213
29 17
     0.000073979322743     0.000209245533093    -0.000000000000000
     0.000209241943391     0.000315589042156     0.000000000000000
     0.000000000000000     0.000000000000000    -0.000007304440768
29 18
    -0.000002842723679     0.000008363660655    -0.000000000000000
     0.000008363485290     0.000096619366253     0.000000000000000
    -0.000000000000000     0.000000000000000    -0.000000965506909
29 19
     0.000064323788106    -0.000261165936967    -0.000000000000000
    -0.000261160406570     0.000365882684427     0.000000000000000
    -0.000000000000000     0.000000000000000    -0.000006830453459
29 20
     0.000048836131481    -0.000276496808947    -0.000000000000000
    -0.000276487603142     0.000412937701257     0.000000000000000
    -0.000000000000000     0.000000000000000    -0.000008156491571
29 21
    -0.610728791605411     1.012118397790930     0.000000000000000
    -1.012171239682837     1.683295053079215    -0.000000000000000
    -0.000000000000001     0.000000000000002     1.333047048198704
29 22
    -0.000594320781077    -0.000073385682979     0.000000000000000
    -0.000073465960991    -0.000505897251507    -0.000000000000000
    -0.000000000000000    -0.000000000000000     0.000042743224438
29 23
     0.000240655110246     0.001488929076561    -0.000000000000000
     0.001488943170199     0.001959946768386     0.000000000000000
     0.000000000000000     0.000000000000000    -0.000039046105384
29 24
     0.000072975149705     0.000101293640771    -0.000000000000000
     0.000101292821428     0.000080784951268     0.000000000000000
     0.000000000000000     0.000000000000000    -0.000001564701834
29 25
     0.000306590776185    -0.000365404533131    -0.000000000000000
    -0.000365403144346     0.000266661421377     0.000000000000000
    -0.000000000000000    -0.000000000000000    -0.000005997285142
29 26
     0.000024822791301    -0.000007199520985    -0.000000000000000
    -0.000007199496861     0.000031209829183     0.000000000000000
     0.000000000000000     0.000000000000000    -0.000001314169378
29 27
    -0.000039807619003     0.000165419095602    -0.000000000000000
     0.000165414010838     0.000613052321093     0.000000000000000
     0.000000000000000     0.000000000000000    -0.000005997679998
29 28
     0.000048744910176     0.000067115957277    -0.000000000000000
     0.000067115447911     0.000060542540719     0.000000000000000
     0.000000000000000     0.000000000000000    -0.000001209304863
29 29
    77.403600538466179    -5.788660721403378     0.000000000000002
    -5.788671990046957    84.994392568926713    -0.000000000000000
     0.000000000000063     0.000000000000062    23.990537896142751
29 30
     1.500121384034257     2.832066078396215     0.000000000000000
    -0.000189865849354    -0.000354570328328    -0.000000000000000
     0.000000000000001     0.000000000000001     1.927965228768409
29 31
     0.000322421664962    -0.000190594946136    -0.000000000000000
    -0.000232463606133     0.000851820437544     0.000000000000000
     0.000000000000000     0.000000000000000    -0.000007235152880
29 32
     0.000017128953645    -0.000053411283265    -0.000000000000000
    -0.000053410221470     0.000077257604471     0.000000000000000
    -0.000000000000000    -0.000000000000000    -0.000001672617070
29 33
     0.000527656499850     0.000360151302934    -0.000000000000000
     0.000319045286310     0.000635526127651     0.000000000000000
     0.000000000000000     0.000000000000000    -0.000007118089828
29 34
     0.000121150734127     0.000698458582366    -0.000000000000000
     0.000698599179195     0.000486721031566     0.000000000000000
     0.000000000000000     0.000000000000000    -0.000033309717365
29 35
    -2.916726420805459    -1.851209713424339    -0.000000000000000
    -1.851392866442552    -0.786497380687082     0.000000000000000
    -0.000000000000002    -0.000000000000002    -0.434818005304239
29 36
    -0.024974862299894     0.003686936059407     0.000000000000000
     0.003688363762534     0.000123119496063    -0.000000000000000
    -0.000000000000000    -0.000000000000000     0.496740134003689
29 37
    -0.010773054822022     0.012839614597182     0.000000000000000
     0.012835426560251    -0.015524797694183    -0.000000000000000
    -0.000000000000000     0.000000000000000     0.155917471277275
29 38
     0.129831397478239     0.038430791660236    -0.000000000000000
     0.038361156032417    -1.887120333235899     0.000000000000000
    -0.000000000000000    -0.000000000000002    -0.020814838577479
29 39
    -0.000256838802545    -0.000599450885940    -0.000000000000000
    -0.000599436730255     0.001965414512344     0.000000000000000
    -0.000000000000000     0.000000000000000    -0.000033010355412
29 40
    -0.000920539749282     0.000034480724206     0.000000000000000
     0.000034462204213     0.001768209508441    -0.000000000000000
    -0.000000000000000     0.000000000000000     0.000001372881958
29 41
     0.000190921758196     0.001224726592778    -0.000000000000000
     0.001224720964023     0.001703981306689     0.000000000000000
     0.000000000000000     0.000000000000000    -0.000039623066269
29 42
    -0.000036397236041     0.000131410336861    -0.000000000000000
     0.000131406048321     0.000498664271236     0.000000000000000
     0.000000000000000     0.000000000000000    -0.000004799068761
30 1
    -0.000462439748308     0.000011539033758     0.000000000000000
     0.000011911513407    -0.000421047552095    -0.000000000000000
    -0.000000000000000    -0.000000000000000     0.000032033065676
30 2
    -0.000261797199648    -0.000101772038792    -0.000000000000000
    -0.000101775267065     0.001226363074427     0.000000000000000
     0.000000000000000     0.000000000000000    -0.000034465869843
30 3
    -0.506813507268034    -0.445659057490348    -0.000000000000000
    -0.445628190346739    -0.291988277734362     0.000000000000000
    -0.000000000000001    -0.000000000000000    -0.448437892319673
30 4
    -0.698358563723367     1.162130687655196     0.000000000000000
    -1.317739893986696     2.192684953483459    -0.000000000000000
    -0.000000000000001     0.000000000000003     1.743000066118702
30 5
     0.000249894652037     0.000435825426929    -0.000000000000000
     0.000435820613439     0.000358560272205     0.000000000000000
     0.000000000000000     0.000000000000000    -0.000013588208937
30 6
     0.000069019582716     0.000097369540911    -0.000000000000000
     0.000097368719901     0.000079380517113     0.000000000000000
     0.000000000000000     0.000000000000000    -0.000001506662370
30 7
     0.000015005639573    -0.000063613095826    -0.000000000000000
    -0.000063611617065     0.000091957861184     0.000000000000000
    -0.000000000000000     0.000000000000000    -0.000001054906941
30 8
     0.000011754308538    -0.000075496501219    -0.000000000000000
    -0.000075494339130     0.000123822249945     0.000000000000000
    -0.000000000000000     0.000000000000000    -0.000001249888064
30 9
     0.000061792420163    -0.000571345709347    -0.000000000000000
    -0.000571345391202     0.000847832616848     0.000000000000000
    -0.000000000000000     0.000000000000000    -0.000029456381865
30 10
    -0.009876894615767     0.013013933036230     0.000000000000000
     0.013009414936608    -0.015366959592305    -0.000000000000000
    -0.000000000000000     0.000000000000000     0.495934549489513
30 11
    -0.000020614299866    -0.000038430705771    -0.000000000000000
    -0.000038428980091     0.000194042719933     0.000000000000000
    -0.000000000000000     0.000000000000000    -0.000001857386571
30 12
    -0.000004804977938     0.000007270453810    -0.000000000000000
     0.000007270302440     0.000103973949725     0.000000000000000
     0.000000000000000     0.000000000000000    -0.000000992856830
30 13
    -0.000039007588393    -0.000018772560390    -0.000000000000000
    -0.000018771438273     0.000272468349359     0.000000000000000
    -0.000000000000000     0.000000000000000    -0.000002584244152
30 14
     0.000004151514479    -0.000006366268755    -0.000000000000000
    -0.000006366188977     0.000011502511209     0.000000000000000
     0.000000000000000     0.000000000000000    -0.000000307336827
30 15
   -26.173346543615160     8.013609031655406    -0.000000000000000
     7.661605808699685   -15.670246690151604     0.000000000000000
    -0.000000000000016    -0.000000000000007    -8.028070761528612
30 16
     0.044721136159552     0.000017423732387    -0.000000000000000
    -0.000001154160777    -0.634892838745540     0.000000000000000
     0.000000000000000    -0.000000000000001    -0.617861601220914
30 17
     0.000064511312118     0.000047249713094    -0.000000000000000
     0.000047249911343     0.000029266057918     0.000000000000000
     0.000000000000000     0.000000000000000    -0.000000965506910
30 18
     0.000007868724286    -0.000002644487061    -0.000000000000000
    -0.000002644495743     0.000004815118853     0.000000000000000
     0.000000000000000     0.000000000000000    -0.000000285699907
30 19
     0.000082471593117    -0.000295914776721    -0.000000000000000
    -0.000295906343405     0.000379303494423     0.000000000000000
    -0.000000000000000     0.000000000000000    -0.000008156402202
30 20
    -0.001498137223134     0.002601424604341     0.000000000000000
     0.002599550797080    -0.004498758379346    -0.000000000000000
     0.000000000000000    -0.000000000000000     0.000287624584281
30 21
    -0.000594363836421     0.000073405399330     0.000000000000000
     0.000073490588758    -0.000505909070202    -0.000000000000000
    -0.000000000000000    -0.000000000000000     0.000042592248212
30 22
     0.000454728970959     0.000000000060822    -0.000000000000000
     0.000000000048274    -0.000088704323925     0.000000000000000
     0.000000000000000    -0.000000000000000    -0.000018281879545
30 23
    -0.000008890332977     0.000054030832515    -0.000000000000000
     0.000054028953089     0.000162648449711     0.000000000000000
     0.000000000000000     0.000000000000000    -0.000001564701833
30 24
     0.000003238588306     0.000012971206658    -0.000000000000000
     0.000012970930712     0.000018215970064     0.000000000000000
     0.000000000000000     0.000000000000000    -0.000000334955906
30 25
    -0.000000530841805    -0.000038667885433    -0.000000000000000
    -0.000038666692363     0.000109817337860     0.000000000000000
    -0.000000000000000     0.000000000000000    -0.000001209277497
30 26
    -0.000003163544788     0.000003796342685    -0.000000000000000
     0.000003796218526     0.000032881422883     0.000000000000000
    -0.000000000000000     0.000000000000000    -0.000000279722677
30 27
     0.000023378123514     0.000006365425500    -0.000000000000000
     0.000006365416640     0.000032654481317     0.000000000000000
     0.000000000000000     0.000000000000000    -0.000001314172480
30 28
     0.000027157781547     0.000013709536154    -0.000000000000000
     0.000013709745711     0.000002560200679     0.000000000000000
     0.000000000000000     0.000000000000000    -0.000000279717512
30 29
     1.499624883767177    -0.000159299872380     0.000000000000000
     2.831947691224380    -0.000296896659507    -0.000000000000000
     0.000000000000003     0.000000000000000     1.928280861004082
30 30
    25.956611410616446    -8.348858273987624     0.000000000000000
    -8.349400862874184    15.333433331667118    -0.000000000000000
     0.000000000000013     0.000000000000005     4.353576911672558
30 31
    -0.000209721622349    -0.000507354164909    -0.000000000000000
    -0.000507542169861     0.000817622288080     0.000000000000000
    -0.000000000000000     0.000000000000000    -0.000033343553284
30 32
     0.000042334497928    -0.000066921350714    -0.000000000000000
    -0.000066920323669     0.000053820449745     0.000000000000000
     0.000000000000000    -0.000000000000000    -0.000001705974240
30 33
     0.000015971227874     0.000052742853162    -0.000000000000000
     0.000052741825313     0.000078415196645     0.000000000000000
     0.000000000000000     0.000000000000000    -0.000001672648346
30 34
    -0.000007006224368     0.000038436417523    -0.000000000000000
     0.000038434475423     0.000103159206326     0.000000000000000
     0.000000000000000     0.000000000000000    -0.000001706344559
30 35
    -0.024974862299881     0.003686936059417     0.000000000000000
     0.003688363762525     0.000123119496058    -0.000000000000000
    -0.000000000000000    -0.000000000000000     0.496745743687309
30 36
     0.000152527563578    -0.000105237198237    -0.000000000000000
    -0.000105239210075     0.000022435009218     0.000000000000000
     0.000000000000000    -0.000000000000000    -0.000004921792182
30 37
     0.000048225843913    -0.000128980123775    -0.000000000000000
    -0.000128976866786     0.000148846888555     0.000000000000000
    -0.000000000000000    -0.000000000000000    -0.000002355284880
30 38
    -0.000091475017716    -0.000158547273018    -0.000000000000000
    -0.000158539166213     0.000653207433594     0.000000000000000
    -0.000000000000000     0.000000000000000    -0.000015042217764
30 39
     0.000006694177281    -0.000032729838459    -0.000000000000000
    -0.000032729055236     0.000063304519686     0.000000000000000
    -0.000000000000000     0.000000000000000    -0.000000826156874
30 40
    -0.086410090202986    -0.400056332483567     0.000000000000000
    -0.399754546717726    -0.914651177967371    -0.000000000000000
    -0.000000000000000    -0.000000000000001     0.076715049257716
30 41
     0.000656214394235     0.000725163124931    -0.000000000000000
     0.000725181852673     0.000180943994188     0.000000000000000
     0.000000000000000     0.000000000000000    -0.000049963900876
30 42
     0.000028042723551     0.000306445701548    -0.000000000000000
     0.000306435095302     0.000512033887931     0.000000000000000
     0.000000000000000     0.000000000000000    -0.000013902406975
31 1
    -0.510273631993426    -0.879909291010246     0.000000000000000
     0.916321473649930     1.585751385733945     0.000000000000000
     0.000000000000001     0.000000000000002     1.513816568291644
31 2
   -38.442505734234565   -12.928194724704831    -0.000000000000001
   -13.363937810837269   -21.226992418442332    -0.000000000000000
    -0.000000000000004    -0.000000000000019   -11.460729540120747
31 3
    -0.000882236652428    -0.000104310537076     0.000000000000000
    -0.000104413978993    -0.001005906652720     0.000000000000000
     0.000000000000000    -0.000000000000000     0.000173500621208
31 4
     0.001048201833680    -0.001485411409106    -0.000000000000000
    -0.001485421615468     0.000940091870017    -0.000000000000000
    -0.000000000000000     0.000000000000000    -0.000033353011440
31 5
     0.002879264737622    -0.000016383825121    -0.000000000000000
    -0.000016411379296    -0.000646764153273    -0.000000000000000
    -0.000000000000000    -0.000000000000000    -0.000039993443722
31 6
     0.000925963370173     0.000104296474674    -0.000000000000000
     0.000104305968987    -0.000147387873087    -0.000000000000000
     0.000000000000000    -0.000000000000000    -0.000007340318624
31 7
    -0.017018779187138     0.020054432486143     0.000000000000000
     0.020061293641912    -0.022464955195315     0.000000000000000
     0.000000000000000    -0.000000000000000     0.373399274727822
31 8
     1.057033841452122     0.018900441264886     0.000000000000000
     1.834155062085113     0.029855937901460     0.000000000000000
     0.000000000000001     0.000000000000000     1.484092630329694
31 9
     0.000222009355629    -0.000520605149861    -0.000000000000000
    -0.000520617276147     0.000564946143700    -0.000000000000000
    -0.000000000000000     0.000000000000000    -0.000007649160678
31 10
     0.000064366699908    -0.000261245692202    -0.000000000000000
    -0.000261250998332     0.000365958239726    -0.000000000000000
    -0.000000000000000     0.000000000000000    -0.000006831747370
31 11
     0.001032889590199    -0.000742286035205    -0.000000000000000
    -0.000742285460574     0.000192613184566    -0.000000000000000
    -0.000000000000000     0.000000000000000    -0.000014512325409
31 12
     0.000598927063854    -0.000205931237586    -0.000000000000000
    -0.000205925413008    -0.000018542368227    -0.000000000000000
    -0.000000000000000     0.000000000000000    -0.000006064447298
31 13
     1.109811926155014     0.018816574656110     0.000000000000000
    -2.005473062817656    -0.037245728684065     0.000000000000000
    -0.000000000000002    -0.000000000000000     1.333047048198704
31 14
    -0.000464414493835    -0.000001535470312     0.000000000000000
    -0.000001615748325    -0.000635803543581     0.000000000000000
     0.000000000000000    -0.000000000000000     0.000042743224438
31 15
     0.000240667315693    -0.001488950217017    -0.000000000000000
    -0.001488936123380     0.001959934562938    -0.000000000000000
    -0.000000000000000     0.000000000000000    -0.000039046105384
31 16
    -0.000008890011109    -0.000054027947915    -0.000000000000000
    -0.000054028767259     0.000162650115127    -0.000000000000000
    -0.000000000000000     0.000000000000000    -0.000001564701834
31 17
     0.000516666887216    -0.000000000008325    -0.000000000000000
     0.000000005522072    -0.000086460431511    -0.000000000000000
    -0.000000000000000    -0.000000000000000    -0.000006830453459
31 18
     0.000561361567222    -0.000019419100653    -0.000000000000000
    -0.000019409894848    -0.000099587753549    -0.000000000000000
    -0.000000000000000    -0.000000000000000    -0.000008156491571
31 19
   -37.794170034107182    12.407158424470291    -0.000000000000000
    14.440825875843077   -22.293758275672094    -0.000000000000000
     0.000000000000011    -0.000000000000026   -11.332108261083841
31 20
   -11.507429159895780    -0.453253325053483    -0.000000000000000
    -0.805774487258633   -30.335249811462781    -0.000000000000000
     0.000000000000005    -0.000000000000030    -8.026933581615213
31 21
     0.000073976213968    -0.000209240148539    -0.000000000000000
    -0.000209243738241     0.000315592150930    -0.000000000000000
    -0.000000000000000     0.000000000000000    -0.000007304440768
31 22
     0.000064510774548    -0.000047250046345    -0.000000000000000
    -0.000047250221711     0.000029265865520    -0.000000000000000
    -0.000000000000000     0.000000000000000    -0.000000965506909
31 23
     0.000269257423202    -0.000000000005531    -0.000000000000000
     0.000000001049129     0.000026720771379    -0.000000000000000
    -0.000000000000000     0.000000000000000    -0.000006159197943
31 24
     0.000210856382685     0.000125487588778    -0.000000000000000
     0.000125486460239     0.000022607904437    -0.000000000000000
     0.000000000000000    -0.000000000000000    -0.000002583906701
31 25
     0.284219298547124     0.003325959339593    -0.000000000000000
     0.003142806321380    -3.987443219112510    -0.000000000000000
     0.000000000000000    -0.000000000000003    -0.434818005304239
31 26
    -0.009344974400125    -0.012712283916711     0.000000000000000
    -0.012710856213583    -0.015506768985126     0.000000000000000
    -0.000000000000000    -0.000000000000000     0.496740134003689
31 27
     0.000902660444003    -0.000102537415371    -0.000000000000000
    -0.000144406075368     0.000271581636919    -0.000000000000000
    -0.000000000000000     0.000000000000000    -0.000007235152880
31 28
     0.000108480507134     0.000000668376491    -0.000000000000000
     0.000000669438286    -0.000014093952416    -0.000000000000000
     0.000000000000000    -0.000000000000000    -0.000001672617070
31 29
     0.000314457958216    -0.000195955048617    -0.000000000000000
    -0.000237061065241     0.000848724677216    -0.000000000000000
    -0.000000000000000     0.000000000000000    -0.000007118089828
31 30
    -0.000209615301154    -0.000507631316134    -0.000000000000000
    -0.000507490719305     0.000817487079152    -0.000000000000000
    -0.000000000000000     0.000000000000000    -0.000033309717365
31 31
    88.109824214862471    -0.392569246493771     0.000000000000001
    -0.392580515137354    74.288168494266699     0.000000000000001
    -0.000000000000023     0.000000000000085    23.990537896142751
31 32
    -0.851473929139425     1.357884078187856     0.000000000000000
    -1.474371866057713     2.351240830322983     0.000000000000000
    -0.000000000000001     0.000000000000001     1.927965228768409
31 33
     0.000593092753741     0.000199991147404    -0.000000000000000
     0.000199992536189    -0.000019840566837    -0.000000000000000
     0.000000000000000    -0.000000000000000    -0.000005997285142
31 34
     0.000035848026348     0.000000834074320    -0.000000000000000
     0.000000834098444     0.000020184593726    -0.000000000000000
    -0.000000000000000     0.000000000000000    -0.000001314169378
31 35
     0.000306582384335    -0.000365402376229    -0.000000000000000
    -0.000365407460993     0.000266662304870    -0.000000000000000
    -0.000000000000000     0.000000000000000    -0.000005997679998
31 36
    -0.000000530770964    -0.000038666119611    -0.000000000000000
    -0.000038666628976     0.000109818223692    -0.000000000000000
    -0.000000000000000     0.000000000000000    -0.000001209304863
31 37
     0.000265074487040    -0.001267533062779    -0.000000000000000
    -0.001267538691533     0.001629828575087    -0.000000000000000
    -0.000000000000000     0.000000000000000    -0.000039623066269
31 38
     0.000251096049572    -0.000297390377247    -0.000000000000000
    -0.000297394665787     0.000211170974928    -0.000000000000000
    -0.000000000000000     0.000000000000000    -0.000004799068761
31 39
     0.001066168981523    -0.001181489046078     0.000000000000000
    -0.001181507566072    -0.000218499296268     0.000000000000000
    -0.000000000000000     0.000000000000000     0.000001372881958
31 40
    -1.416134236043232     0.854202535240474    -0.000000000000000
     0.854132899612655    -0.341154642205637    -0.000000000000000
     0.000000000000002    -0.000000000000001    -0.020814838577479
31 41
     0.001928984685086    -0.000662549072202    -0.000000000000000
    -0.000662534916516    -0.000220409056598    -0.000000000000000
    -0.000000000000000    -0.000000000000000    -0.000033010355412
31 42
    -0.025454480279000    -0.004359101462920     0.000000000000000
    -0.004363289499852    -0.000843371691067     0.000000000000000
    -0.000000000000000    -0.000000000000000     0.155917471277275
32 1
     0.001146122295696    -0.000054692765972    -0.000000000000000
    -0.000054692447826    -0.000236497299022    -0.000000000000000
    -0.000000000000000    -0.000000000000000    -0.000029456381865
32 2
    -0.025262882927852    -0.004126310277655     0.000000000000000
    -0.004130828377277     0.000019029292128     0.000000000000000
    -0.000000000000000    -0.000000000000000     0.495934549489513
32 3
     0.000173659679193    -0.000073735156101    -0.000000000000000
    -0.000073733430421    -0.000000231266352    -0.000000000000000
    -0.000000000000000     0.000000000000000    -0.000001857386571
32 4
     0.000070482882874    -0.000050737769955    -0.000000000000000
    -0.000050737921325     0.000028686086113    -0.000000000000000
    -0.000000000000000     0.000000000000000    -0.000000992856830
32 5
     0.000127809718867    -0.000001515849693    -0.000000000000000
    -0.000001514370932    -0.000020846222307    -0.000000000000000
    -0.000000000000000    -0.000000000000000    -0.000001054906941
32 6
     0.000161186211663    -0.000010780211969    -0.000000000000000
    -0.000010778049880    -0.000025609658739    -0.000000000000000
    -0.000000000000000    -0.000000000000000    -0.000001249888064
32 7
     0.040244115198231     0.129784318879024    -0.000000000000000
     0.129815186022633    -0.839045920550772    -0.000000000000000
     0.000000000000000    -0.000000000000001    -0.448437892319673
32 8
     1.537304774626696     0.026979039765229     0.000000000000000
    -2.452891541876663    -0.042978468031644     0.000000000000000
    -0.000000000000003     0.000000000000000     1.743000066118702
32 9
    -0.000046039942854    -0.000264962692238    -0.000000000000000
    -0.000264967505728     0.000654494878105    -0.000000000000000
    -0.000000000000000     0.000000000000000    -0.000013588208937
32 10
    -0.000007533857608    -0.000053170569700    -0.000000000000000
    -0.000053171390710     0.000155933960286    -0.000000000000000
    -0.000000000000000     0.000000000000000    -0.000001506662370
32 11
    -0.000441549974002    -0.000023972230451     0.000000000000000
    -0.000023599750802    -0.000441937327179     0.000000000000000
     0.000000000000000    -0.000000000000000     0.000032033065676
32 12
     0.000942461538926    -0.000593503852757    -0.000000000000000
    -0.000593507081030     0.000022104291056    -0.000000000000000
    -0.000000000000000     0.000000000000000    -0.000034465869843
32 13
    -0.000591630575158    -0.000075068637913     0.000000000000000
    -0.000074983448485    -0.000508642331566     0.000000000000000
     0.000000000000000    -0.000000000000000     0.000042592248212
32 14
     0.000047153955030     0.000235313501264    -0.000000000000000
     0.000235313488716     0.000318870707165    -0.000000000000000
     0.000000000000000     0.000000000000000    -0.000018281879545
32 15
     0.000072972490641    -0.000101292477221    -0.000000000000000
    -0.000101294356647     0.000080785623048    -0.000000000000000
    -0.000000000000000     0.000000000000000    -0.000001564701833
32 16
     0.000003238349330    -0.000012970792738    -0.000000000000000
    -0.000012971068685     0.000018216209041    -0.000000000000000
    -0.000000000000000     0.000000000000000    -0.000000334955906
32 17
     0.000561361566011     0.000019419083500    -0.000000000000000
     0.000019427516816    -0.000099586496285    -0.000000000000000
    -0.000000000000000    -0.000000000000000    -0.000008156402202
32 18
    -0.006000691333936     0.000000000079183     0.000000000000000
    -0.000001873728078     0.000003795898948     0.000000000000000
     0.000000000000000     0.000000000000000     0.000287624584281
32 19
   -25.083588220843083    -8.290778081406101    -0.000000000000000
    -8.642781304361824   -16.760005053461860    -0.000000000000000
    -0.000000000000001    -0.000000000000017    -8.028070761528612
32 20
    -0.464996372237136     0.294286700317874    -0.000000000000000
     0.294268122424710    -0.125175311387734    -0.000000000000000
     0.000000000000001    -0.000000000000000    -0.617861601220914
32 21
    -0.000002842166292    -0.000008363361729    -0.000000000000000
    -0.000008363163479     0.000096619538835    -0.000000000000000
    -0.000000000000000     0.000000000000000    -0.000000965506910
32 22
     0.000007868716769     0.000002644500083    -0.000000000000000
     0.000002644491402     0.000004815126370    -0.000000000000000
     0.000000000000000     0.000000000000000    -0.000000285699907
32 23
     0.000210856385318    -0.000125487596893    -0.000000000000000
    -0.000125486474776     0.000022604366353    -0.000000000000000
    -0.000000000000000     0.000000000000000    -0.000002584244152
32 24
     0.000015178077528    -0.000000000000286    -0.000000000000000
     0.000000000079493     0.000000475947751    -0.000000000000000
    -0.000000000000000     0.000000000000000    -0.000000307336827
32 25
    -0.009344974400126    -0.012712283916694     0.000000000000000
    -0.012710856213586    -0.015506768985117     0.000000000000000
    -0.000000000000000    -0.000000000000000     0.496745743687309
32 26
     0.000146097103734     0.000108951837866    -0.000000000000000
     0.000108949826028     0.000028865469301    -0.000000000000000
     0.000000000000000     0.000000000000000    -0.000004921792182
32 27
     0.001000249283547    -0.000191034871363    -0.000000000000000
    -0.000191222876315    -0.000392348662826    -0.000000000000000
    -0.000000000000000    -0.000000000000000    -0.000033343553284
32 28
     0.000108904104262     0.000028486342817    -0.000000000000000
     0.000028487369863    -0.000012749159065    -0.000000000000000
     0.000000000000000    -0.000000000000000    -0.000001705974240
32 29
     0.000017127997480    -0.000053409686569    -0.000000000000000
    -0.000053410714418     0.000077258426997    -0.000000000000000
    -0.000000000000000     0.000000000000000    -0.000001672648346
32 30
     0.000042331773342    -0.000066919782212    -0.000000000000000
    -0.000066921724312     0.000053821206780    -0.000000000000000
    -0.000000000000000     0.000000000000000    -0.000001706344559
32 31
    -0.851516771264025    -1.474515398541431     0.000000000000000
     1.357591592555329     2.350844845832449     0.000000000000000
     0.000000000000001     0.000000000000003     1.928280861004082
32 32
    25.219785594873272     8.774807453851725     0.000000000000000
     8.774264864965165    16.070259174819636     0.000000000000000
     0.000000000000003     0.000000000000014     4.353576911672558
32 33
     0.000115717143739    -0.000028449114631    -0.000000000000000
    -0.000028447921562    -0.000006430652007    -0.000000000000000
    -0.000000000000000    -0.000000000000000    -0.000001209277497
32 34
     0.000020582504664    -0.000017506006825    -0.000000000000000
    -0.000017506130984     0.000009135372547    -0.000000000000000
    -0.000000000000000     0.000000000000000    -0.000000279722677
32 35
     0.000024822774705    -0.000007199486410    -0.000000000000000
    -0.000007199495269     0.000031209830072    -0.000000000000000
    -0.000000000000000     0.000000000000000    -0.000001314172480
32 36
    -0.000003163301279     0.000003796139947    -0.000000000000000
     0.000003796349503     0.000032881284633    -0.000000000000000
     0.000000000000000     0.000000000000000    -0.000000279717512
32 37
    -0.000328256196596    -0.000156797481476    -0.000000000000000
    -0.000156778753734     0.001165414621640    -0.000000000000000
     0.000000000000000     0.000000000000000    -0.000049963900876
32 38
     0.000125650917705    -0.000362789213520    -0.000000000000000
    -0.000362799819766     0.000414425690146    -0.000000000000000
    -0.000000000000000     0.000000000000000    -0.000013902406975
32 39
    -0.361262617143845     0.558440730085985     0.000000000000000
     0.558742515851826    -0.639798640802200     0.000000000000000
     0.000000000000001    -0.000000000000001     0.076715049257716
32 40
     0.000604339255773    -0.000243189399364    -0.000000000000000
    -0.000243181292559    -0.000042606865779    -0.000000000000000
    -0.000000000000000     0.000000000000000    -0.000015042217764
32 41
     0.000077496464213    -0.000008148664944    -0.000000000000000
    -0.000008147881721    -0.000007497769880    -0.000000000000000
    -0.000000000000000    -0.000000000000000    -0.000000826156874
32 42
     0.000235390274619     0.000020917430326    -0.000000000000000
     0.000020920687314    -0.000038317549114    -0.000000000000000
     0.000000000000000    -0.000000000000000    -0.000002355284880
33 1
    -0.000884608759610     0.000105783515738     0.000000000000000
     0.000105680073822    -0.001003534545450    -0.000000000000000
    -0.000000000000000     0.000000000000000     0.000173500621208
33 2
     0.002253527745620     0.000789526362805     0.000000000000000
     0.000789516156443    -0.000265234086759     0.000000000000000
     0.000000000000000     0.000000000000000    -0.000033353011440
33 3
     0.000248943827305     0.001535027893168     0.000000000000000
     0.001535000338993     0.001983556854890     0.000000000000000
    -0.000000000000000     0.000000000000000    -0.000039993443722
33 4
     0.000030622435769     0.000412619370122    -0.000000000000000
     0.000412628864436     0.000747953094623     0.000000000000000
    -0.000000000000000     0.000000000000000    -0.000007340318624
33 5
     1.045978149767166    -1.814823875488060     0.000000000000000
    -0.018593110827883     0.029499546081925    -0.000000000000000
     0.000000000000001    -0.000000000000002     1.513816568291644
33 6
   -14.146043019199158    -0.663631738951740     0.000000000000000
    -1.099374825084181   -45.523456037288440     0.000000000000001
    -0.000000000000014     0.000000000000013   -11.460729540120747
33 7
     0.000930074458491     0.000111815690802    -0.000000000000000
     0.000111803564516    -0.000143118985502     0.000000000000000
     0.000000000000000     0.000000000000000    -0.000007649160678
33 8
     0.000516808044051     0.000000033861640     0.000000000000000
     0.000000028555510    -0.000086483121248     0.000000000000000
     0.000000000000000     0.000000000000000    -0.000006831747370
33 9
     0.001045520583183     0.000734992953239     0.000000000000000
     0.000734993527870     0.000179982191112     0.000000000000000
     0.000000000000000     0.000000000000000    -0.000014512325409
33 10
     0.000314164148059     0.000370333362155     0.000000000000000
     0.000370339186733     0.000266220558160     0.000000000000000
     0.000000000000000     0.000000000000000    -0.000006064447298
33 11
    -0.038474029202501    -0.007674099039615     0.000000000000000
    -0.007667237883845    -0.001009704381832    -0.000000000000000
    -0.000000000000000    -0.000000000000000     0.373399274727822
33 12
    -0.515746142381385    -0.926110098153479     0.000000000000000
     0.889144522666748     1.602635980241236    -0.000000000000000
    -0.000000000000000    -0.000000000000001     1.484092630329694
33 13
     0.002819580282645    -0.000000000000000     0.000000000000000
     0.000000014093637    -0.000618978499948     0.000000000000000
     0.000000000000000     0.000000000000000    -0.000039046105384
33 14
     0.000166555008355    -0.000047264463840     0.000000000000000
    -0.000047265283184    -0.000012794910863     0.000000000000000
     0.000000000000000    -0.000000000000000    -0.000001564701834
33 15
     0.000064319013061     0.000261157649696    -0.000000000000000
     0.000261163180094     0.000365887459472     0.000000000000000
    -0.000000000000000     0.000000000000000    -0.000006830453459
33 16
     0.000082463027363     0.000295902100892    -0.000000000000000
     0.000295911306698     0.000379310804124     0.000000000000000
    -0.000000000000000     0.000000000000000    -0.000008156491571
33 17
     1.109766163735088     2.005499483763609     0.000000000000000
    -0.018790153710158    -0.037199966262441    -0.000000000000000
     0.000000000000001     0.000000000000002     1.333047048198704
33 18
    -0.000591591745735     0.000075041570309     0.000000000000000
     0.000074961292297    -0.000508626286950    -0.000000000000000
    -0.000000000000000     0.000000000000000     0.000042743224438
33 19
     0.000436396993027    -0.000000000000001     0.000000000000000
    -0.000000003589703    -0.000046828641611     0.000000000000000
     0.000000000000000     0.000000000000000    -0.000007304440768
33 20
     0.000078996907600     0.000038886648738     0.000000000000000
     0.000038886473373     0.000014779731929     0.000000000000000
     0.000000000000000     0.000000000000000    -0.000000965506909
33 21
     0.000087354481698     0.000105020665068     0.000000000000000
     0.000105021719728     0.000208623719650     0.000000000000000
     0.000000000000000    -0.000000000000000    -0.000006159197943
33 22
    -0.000039004925680     0.000018771036089     0.000000000000000
     0.000018769907549     0.000272469222097     0.000000000000000
    -0.000000000000000    -0.000000000000000    -0.000002583906701
33 23
   -37.794378599305389   -14.440705460667433     0.000000000000000
   -12.407038009294645   -22.293549710466074     0.000000000000001
    -0.000000000000028     0.000000000000004   -11.332108261083841
33 24
   -25.083118777607545     8.643702688261964     0.000000000000000
     8.291181526056812   -16.759559688745306     0.000000000000000
    -0.000000000000028     0.000000000000011    -8.026933581615213
33 25
     0.000902659447724    -0.000102537229381    -0.000000000000000
    -0.000143643246005     0.000260523165827     0.000000000000000
     0.000000000000000    -0.000000000000000    -0.000007118089828
33 26
     0.001000272188408    -0.000191038161475    -0.000000000000000
    -0.000190897564646    -0.000392400455417     0.000000000000000
     0.000000000000000    -0.000000000000000    -0.000033309717365
33 27
    -2.922328536094792     1.848158483612072    -0.000000000000000
     1.847975330593859    -0.780895265189362     0.000000000000000
    -0.000000000000003     0.000000000000001    -0.434818005304239
33 28
    -0.002957777512597     0.009023206302613     0.000000000000000
     0.009024634005740    -0.021893966110253    -0.000000000000000
    -0.000000000000000     0.000000000000000     0.496740134003689
33 29
     0.000536280997264     0.000355935351503     0.000000000000000
     0.000314066691506     0.000637961097287     0.000000000000000
     0.000000000000000    -0.000000000000000    -0.000007235152880
33 30
     0.000015970372084     0.000052741314081     0.000000000000000
     0.000052742375876     0.000078416186075     0.000000000000000
    -0.000000000000000     0.000000000000000    -0.000001672617070
33 31
     0.000593092253595     0.000199990907773     0.000000000000000
     0.000199985823009    -0.000019847575049     0.000000000000000
     0.000000000000000     0.000000000000000    -0.000005997679998
33 32
     0.000115717033752    -0.000028449073618     0.000000000000000
    -0.000028449582983    -0.000006429585348     0.000000000000000
     0.000000000000000    -0.000000000000000    -0.000001209304863
33 33
    78.083560165166887     6.181246870862279     0.000000000000000
     6.181235602218701    84.314432916931978    -0.000000000000002
     0.000000000000085    -0.000000000000023    23.990537896142751
33 34
     1.601002765683850     0.058433759784280     0.000000000000000
    -2.773822184461289    -0.101235955730630    -0.000000000000000
     0.000000000000001     0.000000000000000     1.927965228768409
33 35
    -0.000039805248462     0.000165411302550     0.000000000000000
     0.000165412691334     0.000613057458910     0.000000000000000
    -0.000000000000000    -0.000000000000000    -0.000005997285142
33 36
     0.000023378111336     0.000006365410479     0.000000000000000
     0.000006365434603     0.000032654509202     0.000000000000000
     0.000000000000000    -0.000000000000000    -0.000001314169378
33 37
     0.000478701711437     0.000165986473196     0.000000000000000
     0.000165982184656    -0.000016434695403     0.000000000000000
     0.000000000000000     0.000000000000000    -0.000004799068761
33 38
     0.001125875307834     0.001147036101863    -0.000000000000000
     0.001147017581869    -0.000278205624800    -0.000000000000000
     0.000000000000000     0.000000000000000     0.000001372881958
33 39
     0.002386358257012     0.000042814913133    -0.000000000000000
     0.000042809284378    -0.000491455273795     0.000000000000000
     0.000000000000000     0.000000000000000    -0.000039623066269
33 40
     0.000890717572489     0.001261978724614     0.000000000000000
     0.001261992880300     0.000817858094621     0.000000000000000
     0.000000000000000     0.000000000000000    -0.000033010355412
33 41
    -0.003219242807019    -0.008474231078865     0.000000000000000
    -0.008478419115796    -0.023078609990182    -0.000000000000000
     0.000000000000000     0.000000000000000     0.155917471277275
33 42
    -1.349630459772254    -0.892528873458980     0.000000000000000
    -0.892598509086798    -0.407658420950504     0.000000000000000
    -0.000000000000002    -0.000000000000001    -0.020814838577479
34 1
     0.000107097239947     0.000112163273352     0.000000000000000
     0.000112164999032     0.000066331175370     0.000000000000000
     0.000000000000000     0.000000000000000    -0.000001857386571
34 2
     0.000083075546943     0.000043467543200     0.000000000000000
     0.000043467391830     0.000016093421575     0.000000000000000
     0.000000000000000     0.000000000000000    -0.000000992856830
34 3
     0.000017629887564     0.000065126727377     0.000000000000000
     0.000065128206138     0.000089333613095     0.000000000000000
    -0.000000000000000     0.000000000000000    -0.000001054906941
34 4
     0.000030424310614     0.000086273470055     0.000000000000000
     0.000086275632144     0.000105152247174     0.000000000000000
    -0.000000000000000     0.000000000000000    -0.000001249888064
34 5
     0.000156522792349     0.000626037998101    -0.000000000000000
     0.000626038316246     0.000753102241138     0.000000000000000
    -0.000000000000000     0.000000000000000    -0.000029456381865
34 6
    -0.002726002911029    -0.008880845609142     0.000000000000000
    -0.008885363708764    -0.022517851563051    -0.000000000000000
     0.000000000000000     0.000000000000000     0.495934549489513
34 7
     0.000708827657173    -0.000170855514456     0.000000000000000
    -0.000170860327946    -0.000100372750002     0.000000000000000
     0.000000000000000    -0.000000000000000    -0.000013588208937
34 8
     0.000161114420207    -0.000044197739696    -0.000000000000000
    -0.000044198560706    -0.000012714323803     0.000000000000000
     0.000000000000000    -0.000000000000000    -0.000001506662370
34 9
    -0.000421241204802     0.000011874477219     0.000000000000000
     0.000012246956868    -0.000462246097135    -0.000000000000000
    -0.000000000000000     0.000000000000000     0.000032033065676
34 10
     0.000766184404461     0.000695280733958     0.000000000000000
     0.000695277505685     0.000198381432078     0.000000000000000
     0.000000000000000     0.000000000000000    -0.000034465869843
34 11
    -0.731633269141167     0.315828437895912     0.000000000000000
     0.315859305039521    -0.067168507498099     0.000000000000000
    -0.000000000000001     0.000000000000000    -0.448437892319673
34 12
     1.402543251387397     2.530696145042411     0.000000000000000
     0.050825563400518     0.091783060220680    -0.000000000000000
     0.000000000000002     0.000000000000003     1.743000066118702
34 13
     0.000166555008361     0.000047264463844     0.000000000000000
     0.000047262584418    -0.000012796898154     0.000000000000000
     0.000000000000000     0.000000000000000    -0.000001564701833
34 14
     0.000025704898903    -0.000000000000000    -0.000000000000000
    -0.000000000275947    -0.000004250341368     0.000000000000000
     0.000000000000000     0.000000000000000    -0.000000334955906
34 15
     0.000048829451018     0.000276483043247    -0.000000000000000
     0.000276491476563     0.000412945637774     0.000000000000000
    -0.000000000000000     0.000000000000000    -0.000008156402202
34 16
    -0.001496514595624    -0.002598613972632     0.000000000000000
    -0.002600487779894    -0.004500381006917    -0.000000000000000
     0.000000000000000    -0.000000000000000     0.000287624584281
34 17
    -0.000464414920126     0.000001535454441     0.000000000000000
     0.000001620643869    -0.000635857991331    -0.000000000000000
    -0.000000000000000     0.000000000000000     0.000042592248212
34 18
     0.000047154049511    -0.000235313543264    -0.000000000000000
    -0.000235313555812     0.000318870612684     0.000000000000000
     0.000000000000000    -0.000000000000000    -0.000018281879545
34 19
     0.000078996907596    -0.000038886648739     0.000000000000000
    -0.000038886450490     0.000014780461902     0.000000000000000
     0.000000000000000    -0.000000000000000    -0.000000965506910
34 20
     0.000003288323385     0.000000000000000     0.000000000000000
    -0.000000000008681     0.000009395519924     0.000000000000000
     0.000000000000000    -0.000000000000000    -0.000000285699907
34 21
     0.000178342329321     0.000144258474108     0.000000000000000
     0.000144259596225     0.000055118423560     0.000000000000000
     0.000000000000000     0.000000000000000    -0.000002584244152
34 22
     0.000004151445884     0.000006366149373     0.000000000000000
     0.000006366229152     0.000011502579804     0.000000000000000
     0.000000000000000    -0.000000000000000    -0.000000307336827
34 23
   -11.508454211809319     0.805173884184341    -0.000000000000000
     0.453170661228618   -30.335139567480716     0.000000000000000
    -0.000000000000014     0.000000000000010    -8.028070761528612
34 24
    -0.464982282375075    -0.294276257210514    -0.000000000000000
    -0.294294835103678    -0.125189401250318     0.000000000000000
    -0.000000000000000    -0.000000000000000    -0.617861601220914
34 25
     0.000108480407050     0.000000668375180     0.000000000000000
     0.000000667347331    -0.000014093985972     0.000000000000000
     0.000000000000000     0.000000000000000    -0.000001672648346
34 26
     0.000108903918206     0.000028486277839     0.000000000000000
     0.000028484335739    -0.000012750940560     0.000000000000000
     0.000000000000000     0.000000000000000    -0.000001706344559
34 27
    -0.002957777512597     0.009023206302615     0.000000000000000
     0.009024634005723    -0.021893966110245    -0.000000000000000
    -0.000000000000000     0.000000000000000     0.496745743687309
34 28
    -0.000036180809371    -0.000003711621872     0.000000000000000
    -0.000003713633710     0.000211143389186     0.000000000000000
    -0.000000000000000    -0.000000000000000    -0.000004921792182
34 29
     0.000121323291776     0.000698671043700     0.000000000000000
     0.000698483038748     0.000486577361640     0.000000000000000
    -0.000000000000000     0.000000000000000    -0.000033343553284
34 30
    -0.000007006183683     0.000038433467329     0.000000000000000
     0.000038434494374     0.000103161133192     0.000000000000000
    -0.000000000000000    -0.000000000000000    -0.000001705974240
34 31
     0.000035848007205     0.000000834074199    -0.000000000000000
     0.000000834065340     0.000020184597162     0.000000000000000
     0.000000000000000    -0.000000000000000    -0.000001314172480
34 32
     0.000020582492928    -0.000017505990436    -0.000000000000000
    -0.000017505780879     0.000009135489543     0.000000000000000
     0.000000000000000    -0.000000000000000    -0.000000279717512
34 33
     1.600883868174924    -2.773485788231332     0.000000000000000
     0.058621202865428    -0.101555884834009    -0.000000000000000
     0.000000000000002    -0.000000000000003     1.928280861004082
34 34
    10.758669252346857    -0.425135296534325     0.000000000000000
    -0.425677885420886    30.531376055289034    -0.000000000000000
     0.000000000000011    -0.000000000000009     4.353576911672558
34 35
     0.000048743436022     0.000067115210460     0.000000000000000
     0.000067116403529     0.000060543058201     0.000000000000000
    -0.000000000000000     0.000000000000000    -0.000001209277497
34 36
     0.000027157855431     0.000013709850378     0.000000000000000
     0.000013709726219     0.000002560021536     0.000000000000000
     0.000000000000000     0.000000000000000    -0.000000279722677
34 37
     0.000656421247396     0.000056359421341     0.000000000000000
     0.000056348815095    -0.000116344659289     0.000000000000000
     0.000000000000000     0.000000000000000    -0.000013902406975
34 38
    -1.053919143872174    -0.158837076251178     0.000000000000000
    -0.158535290485338     0.052857911692447    -0.000000000000000
    -0.000000000000001    -0.000000000000000     0.076715049257716
34 39
     0.000927779374899    -0.000568393735068     0.000000000000000
    -0.000568375007326    -0.000090620996578     0.000000000000000
     0.000000000000000    -0.000000000000000    -0.000049963900876
34 40
     0.000020807400424     0.000040877328568    -0.000000000000000
     0.000040878111791     0.000049191296017     0.000000000000000
    -0.000000000000000     0.000000000000000    -0.000000826156874
34 41
     0.000011992971864     0.000108057807967     0.000000000000000
     0.000108061064955     0.000185079761951     0.000000000000000
    -0.000000000000000     0.000000000000000    -0.000002355284880
34 42
     0.000329734349312     0.000401724512174    -0.000000000000000
     0.000401732618980     0.000231998050898     0.000000000000000
     0.000000000000000     0.000000000000000    -0.000015042217764
35 1
     0.000220542347686    -0.001518602736785    -0.000000000000000
    -0.001518630290960     0.002011958335566     0.000000000000000
    -0.000000000000000     0.000000000000000    -0.000039993443722
35 2
     0.000211277447910    -0.000516930086266    -0.000000000000000
    -0.000516920591952     0.000567298075761     0.000000000000000
    -0.000000000000000    -0.000000000000000    -0.000007340318624
35 3
     1.077512024353852     0.000387019508039     0.000000000000000
     1.796617784168216    -0.002034329677802    -0.000000000000000
     0.000000000000002    -0.000000000000000     1.513816568291644
35 4
   -36.915697291138798    14.245441092855321    -0.000000000000001
    13.809698006722881   -22.753800918334321     0.000000000000000
    -0.000000000000018    -0.000000000000006   -11.460729540120747
35 5
    -0.001065369489556    -0.000001317815787     0.000000000000000
    -0.000001421257704    -0.000822773808780    -0.000000000000000
    -0.000000000000000    -0.000000000000000     0.000173500621208
35 6
    -0.000319289076210     0.000695900355844    -0.000000000000000
     0.000695890149482     0.002307582830777     0.000000000000000
     0.000000000000000     0.000000000000000    -0.000033353011440
35 7
    -0.000240156021983     0.000007292220020    -0.000000000000000
     0.000007292794650     0.001465658844104     0.000000000000000
    -0.000000000000000     0.000000000000000    -0.000014512325409
35 8
    -0.000042514167438    -0.000164410861436    -0.000000000000000
    -0.000164405036858     0.000622898886926     0.000000000000000
    -0.000000000000000     0.000000000000000    -0.000006064447298
35 9
    -0.003732791930520    -0.012390625180183     0.000000000000000
    -0.012383764024413    -0.035750942946161    -0.000000000000000
    -0.000000000000000    -0.000000000000000     0.373399274727822
35 10
     1.089046968293711    -1.815672274341750     0.000000000000000
    -0.000417653521522    -0.002157190130990    -0.000000000000000
     0.000000000000001    -0.000000000000001     1.484092630329694
35 11
     0.000028349403350     0.000408807648488    -0.000000000000000
     0.000408795522202     0.000758606103183     0.000000000000000
     0.000000000000000     0.000000000000000    -0.000007649160678
35 12
     0.000064312645071     0.000261219789757    -0.000000000000000
     0.000261214483627     0.000366012294564     0.000000000000000
     0.000000000000000     0.000000000000000    -0.000006831747370
35 13
     0.000064323788106    -0.000261165936967    -0.000000000000000
    -0.000261160406570     0.000365882684427     0.000000000000000
    -0.000000000000000     0.000000000000000    -0.000006830453459
35 14
     0.000048836131481    -0.000276496808947    -0.000000000000000
    -0.000276487603142     0.000412937701257     0.000000000000000
    -0.000000000000000     0.000000000000000    -0.000008156491571
35 15
    -0.610728791605411     1.012118397790930     0.000000000000000
    -1.012171239682837     1.683295053079215    -0.000000000000000
    -0.000000000000001     0.000000000000002     1.333047048198704
35 16
    -0.000594320781077    -0.000073385682979     0.000000000000000
    -0.000073465960991    -0.000505897251507    -0.000000000000000
    -0.000000000000000    -0.000000000000000     0.000042743224438
35 17
     0.000240655110246     0.001488929076561    -0.000000000000000
     0.001488943170199     0.001959946768386     0.000000000000000
     0.000000000000000     0.000000000000000    -0.000039046105384
35 18
     0.000072975149705     0.000101293640771    -0.000000000000000
     0.000101292821428     0.000080784951268     0.000000000000000
     0.000000000000000     0.000000000000000    -0.000001564701834
35 19
     0.000087355385480    -0.000105022241527    -0.000000000000000
    -0.000105021186867     0.000208622815867     0.000000000000000
     0.000000000000000     0.000000000000000    -0.000006159197943
35 20
     0.000178344972417    -0.000144256932058    -0.000000000000000
    -0.000144258060598     0.000055119315915     0.000000000000000
     0.000000000000000    -0.000000000000000    -0.000002583906701
35 21
   -14.543342587289070    -1.016954140861948    -0.000000000000000
     1.016713310510839   -45.544586587403970     0.000000000000000
    -0.000000000000017    -0.000000000000023   -11.332108261083841
35 22
   -26.173468826860894    -7.661667619900691    -0.000000000000000
    -8.014188782105840   -15.669209598931698     0.000000000000000
    -0.000000000000023    -0.000000000000019    -8.026933581615213
35 23
     0.000073979322743     0.000209245533093    -0.000000000000000
     0.000209241943391     0.000315589042156     0.000000000000000
     0.000000000000000     0.000000000000000    -0.000007304440768
35 24
    -0.000002842723679     0.000008363660655    -0.000000000000000
     0.000008363485290     0.000096619366253     0.000000000000000
    -0.000000000000000     0.000000000000000    -0.000000965506909
35 25
     0.000322421664962    -0.000190594946136    -0.000000000000000
    -0.000232463606133     0.000851820437544     0.000000000000000
     0.000000000000000     0.000000000000000    -0.000007235152880
35 26
     0.000017128953645    -0.000053411283265    -0.000000000000000
    -0.000053410221470     0.000077257604471     0.000000000000000
    -0.000000000000000    -0.000000000000000    -0.000001672617070
35 27
     0.000527656499850     0.000360151302934    -0.000000000000000
     0.000319045286310     0.000635526127651     0.000000000000000
     0.000000000000000     0.000000000000000    -0.000007118089828
35 28
     0.000121150734127     0.000698458582366    -0.000000000000000
     0.000698599179195     0.000486721031566     0.000000000000000
     0.000000000000000     0.000000000000000    -0.000033309717365
35 29
    -2.916726420805459    -1.851209713424339    -0.000000000000000
    -1.851392866442552    -0.786497380687082     0.000000000000000
    -0.000000000000002    -0.000000000000002    -0.434818005304239
35 30
    -0.024974862299894     0.003686936059407     0.000000000000000
     0.003688363762534     0.000123119496063    -0.000000000000000
    -0.000000000000000    -0.000000000000000     0.496740134003689
35 31
     0.000306590776185    -0.000365404533131    -0.000000000000000
    -0.000365403144346     0.000266661421377     0.000000000000000
    -0.000000000000000    -0.000000000000000    -0.000005997285142
35 32
     0.000024822791301    -0.000007199520985    -0.000000000000000
    -0.000007199496861     0.000031209829183     0.000000000000000
     0.000000000000000     0.000000000000000    -0.000001314169378
35 33
    -0.000039807619003     0.000165419095602    -0.000000000000000
     0.000165414010838     0.000613052321093     0.000000000000000
     0.000000000000000     0.000000000000000    -0.000005997679998
35 34
     0.000048744910176     0.000067115957277    -0.000000000000000
     0.000067115447911     0.000060542540719     0.000000000000000
     0.000000000000000     0.000000000000000    -0.000001209304863
35 35
    77.403600538466179    -5.788660721403378     0.000000000000002
    -5.788671990046957    84.994392568926713    -0.000000000000000
     0.000000000000063     0.000000000000062    23.990537896142751
35 36
     1.500121384034257     2.832066078396215     0.000000000000000
    -0.000189865849354    -0.000354570328328    -0.000000000000000
     0.000000000000001     0.000000000000001     1.927965228768409
35 37
    -0.000920539749282     0.000034480724206     0.000000000000000
     0.000034462204213     0.001768209508441    -0.000000000000000
    -0.000000000000000     0.000000000000000     0.000001372881958
35 38
     0.000190921758196     0.001224726592778    -0.000000000000000
     0.001224720964023     0.001703981306689     0.000000000000000
     0.000000000000000     0.000000000000000    -0.000039623066269
35 39
    -0.000036397236041     0.000131410336861    -0.000000000000000
     0.000131406048321     0.000498664271236     0.000000000000000
     0.000000000000000     0.000000000000000    -0.000004799068761
35 40
    -0.010773054822022     0.012839614597182     0.000000000000000
     0.012835426560251    -0.015524797694183    -0.000000000000000
    -0.000000000000000     0.000000000000000     0.155917471277275
35 41
     0.129831397478239     0.038430791660236    -0.000000000000000
     0.038361156032417    -1.887120333235899     0.000000000000000
    -0.000000000000000    -0.000000000000002    -0.020814838577479
35 42
    -0.000256838802545    -0.000599450885940    -0.000000000000000
    -0.000599436730255     0.001965414512344     0.000000000000000
    -0.000000000000000     0.000000000000000    -0.000033010355412
36 1
     0.000015005639573    -0.000063613095826    -0.000000000000000
    -0.000063611617065     0.000091957861184     0.000000000000000
    -0.000000000000000     0.000000000000000    -0.000001054906941
36 2
     0.000011754308538    -0.000075496501219    -0.000000000000000
    -0.000075494339130     0.000123822249945     0.000000000000000
    -0.000000000000000     0.000000000000000    -0.000001249888064
36 3
     0.000061792420163    -0.000571345709347    -0.000000000000000
    -0.000571345391202     0.000847832616848     0.000000000000000
    -0.000000000000000     0.000000000000000    -0.000029456381865
36 4
    -0.009876894615767     0.013013933036230     0.000000000000000
     0.013009414936608    -0.015366959592305    -0.000000000000000
    -0.000000000000000     0.000000000000000     0.495934549489513
36 5
    -0.000020614299866    -0.000038430705771    -0.000000000000000
    -0.000038428980091     0.000194042719933     0.000000000000000
    -0.000000000000000     0.000000000000000    -0.000001857386571
36 6
    -0.000004804977938     0.000007270453810    -0.000000000000000
     0.000007270302440     0.000103973949725     0.000000000000000
     0.000000000000000     0.000000000000000    -0.000000992856830
36 7
    -0.000462439748308     0.000011539033758     0.000000000000000
     0.000011911513407    -0.000421047552095    -0.000000000000000
    -0.000000000000000    -0.000000000000000     0.000032033065676
36 8
    -0.000261797199648    -0.000101772038792    -0.000000000000000
    -0.000101775267065     0.001226363074427     0.000000000000000
     0.000000000000000     0.000000000000000    -0.000034465869843
36 9
    -0.506813507268034    -0.445659057490348    -0.000000000000000
    -0.445628190346739    -0.291988277734362     0.000000000000000
    -0.000000000000001    -0.000000000000000    -0.448437892319673
36 10
    -0.698358563723367     1.162130687655196     0.000000000000000
    -1.317739893986696     2.192684953483459    -0.000000000000000
    -0.000000000000001     0.000000000000003     1.743000066118702
36 11
     0.000249894652037     0.000435825426929    -0.000000000000000
     0.000435820613439     0.000358560272205     0.000000000000000
     0.000000000000000     0.000000000000000    -0.000013588208937
36 12
     0.000069019582716     0.000097369540911    -0.000000000000000
     0.000097368719901     0.000079380517113     0.000000000000000
     0.000000000000000     0.000000000000000    -0.000001506662370
36 13
     0.000082471593117    -0.000295914776721    -0.000000000000000
    -0.000295906343405     0.000379303494423     0.000000000000000
    -0.000000000000000     0.000000000000000    -0.000008156402202
36 14
    -0.001498137223134     0.002601424604341     0.000000000000000
     0.002599550797080    -0.004498758379346    -0.000000000000000
     0.000000000000000    -0.000000000000000     0.000287624584281
36 15
    -0.000594363836421     0.000073405399330     0.000000000000000
     0.000073490588758    -0.000505909070202    -0.000000000000000
    -0.000000000000000    -0.000000000000000     0.000042592248212
36 16
     0.000454728970959     0.000000000060822    -0.000000000000000
     0.000000000048274    -0.000088704323925     0.000000000000000
     0.000000000000000    -0.000000000000000    -0.000018281879545
36 17
    -0.000008890332977     0.000054030832515    -0.000000000000000
     0.000054028953089     0.000162648449711     0.000000000000000
     0.000000000000000     0.000000000000000    -0.000001564701833
36 18
     0.000003238588306     0.000012971206658    -0.000000000000000
     0.000012970930712     0.000018215970064     0.000000000000000
     0.000000000000000     0.000000000000000    -0.000000334955906
36 19
    -0.000039007588393    -0.000018772560390    -0.000000000000000
    -0.000018771438273     0.000272468349359     0.000000000000000
    -0.000000000000000     0.000000000000000    -0.000002584244152
36 20
     0.000004151514479    -0.000006366268755    -0.000000000000000
    -0.000006366188977     0.000011502511209     0.000000000000000
     0.000000000000000     0.000000000000000    -0.000000307336827
36 21
   -26.173346543615160     8.013609031655406    -0.000000000000000
     7.661605808699685   -15.670246690151604     0.000000000000000
    -0.000000000000016    -0.000000000000007    -8.028070761528612
36 22
     0.044721136159552     0.000017423732387    -0.000000000000000
    -0.000001154160777    -0.634892838745540     0.000000000000000
     0.000000000000000    -0.000000000000001    -0.617861601220914
36 23
     0.000064511312118     0.000047249713094    -0.000000000000000
     0.000047249911343     0.000029266057918     0.000000000000000
     0.000000000000000     0.000000000000000    -0.000000965506910
36 24
     0.000007868724286    -0.000002644487061    -0.000000000000000
    -0.000002644495743     0.000004815118853     0.000000000000000
     0.000000000000000     0.000000000000000    -0.000000285699907
36 25
    -0.000209721622349    -0.000507354164909    -0.000000000000000
    -0.000507542169861     0.000817622288080     0.000000000000000
    -0.000000000000000     0.000000000000000    -0.000033343553284
36 26
     0.000042334497928    -0.000066921350714    -0.000000000000000
    -0.000066920323669     0.000053820449745     0.000000000000000
     0.000000000000000    -0.000000000000000    -0.000001705974240
36 27
     0.000015971227874     0.000052742853162    -0.000000000000000
     0.000052741825313     0.000078415196645     0.000000000000000
     0.000000000000000     0.000000000000000    -0.000001672648346
36 28
    -0.000007006224368     0.000038436417523    -0.000000000000000
     0.000038434475423     0.000103159206326     0.000000000000000
     0.000000000000000     0.000000000000000    -0.000001706344559
36 29
    -0.024974862299881     0.003686936059417     0.000000000000000
     0.003688363762525     0.000123119496058    -0.000000000000000
    -0.000000000000000    -0.000000000000000     0.496745743687309
36 30
     0.000152527563578    -0.000105237198237    -0.000000000000000
    -0.000105239210075     0.000022435009218     0.000000000000000
     0.000000000000000    -0.000000000000000    -0.000004921792182
36 31
    -0.000000530841805    -0.000038667885433    -0.000000000000000
    -0.000038666692363     0.000109817337860     0.000000000000000
    -0.000000000000000     0.000000000000000    -0.000001209277497
36 32
    -0.000003163544788     0.000003796342685    -0.000000000000000
     0.000003796218526     0.000032881422883     0.000000000000000
    -0.000000000000000     0.000000000000000    -0.000000279722677
36 33
     0.000023378123514     0.000006365425500    -0.000000000000000
     0.000006365416640     0.000032654481317     0.000000000000000
     0.000000000000000     0.000000000000000    -0.000001314172480
36 34
     0.000027157781547     0.000013709536154    -0.000000000000000
     0.000013709745711     0.000002560200679     0.000000000000000
     0.000000000000000     0.000000000000000    -0.000000279717512
36 35
     1.499624883767177    -0.000159299872380     0.000000000000000
     2.831947691224380    -0.000296896659507    -0.000000000000000
     0.000000000000003     0.000000000000000     1.928280861004082
36 36
    25.956611410616446    -8.348858273987624     0.000000000000000
    -8.349400862874184    15.333433331667118    -0.000000000000000
     0.000000000000013     0.000000000000005     4.353576911672558
36 37
    -0.086410090202986    -0.400056332483567     0.000000000000000
    -0.399754546717726    -0.914651177967371    -0.000000000000000
    -0.000000000000000    -0.000000000000001     0.076715049257716
36 38
     0.000656214394235     0.000725163124931    -0.000000000000000
     0.000725181852673     0.000180943994188     0.000000000000000
     0.000000000000000     0.000000000000000    -0.000049963900876
36 39
     0.000028042723551     0.000306445701548    -0.000000000000000
     0.000306435095302     0.000512033887931     0.000000000000000
     0.000000000000000     0.000000000000000    -0.000013902406975
36 40
     0.000048225843913    -0.000128980123775    -0.000000000000000
    -0.000128976866786     0.000148846888555     0.000000000000000
    -0.000000000000000    -0.000000000000000    -0.000002355284880
36 41
    -0.000091475017716    -0.000158547273018    -0.000000000000000
    -0.000158539166213     0.000653207433594     0.000000000000000
    -0.000000000000000     0.000000000000000    -0.000015042217764
36 42
     0.000006694177281    -0.000032729838459    -0.000000000000000
    -0.000032729055236     0.000063304519686     0.000000000000000
    -0.000000000000000     0.000000000000000    -0.000000826156874
37 1
     0.000227265323878    -0.000260488048473    -0.000000000000000
    -0.000260485234044     0.000188025781015     0.000000000000000
     0.000000000000000    -0.000000000000000    -0.000004445821840
37 2
     0.000844714963061    -0.001130819020937    -0.000000000000000
    -0.001130804480131     0.000708795264390     0.000000000000000
    -0.000000000000000    -0.000000000000000    -0.000027811518274
37 3
    -0.000027752381946    -0.000113250685987    -0.000000000000000
    -0.000113253514319     0.000443043486838     0.000000000000000
     0.000000000000000    -0.000000000000000    -0.000004445821840
37 4
    -0.000236536513803    -0.000506543618448    -0.000000000000000
    -0.000506558220163     0.001790046741254     0.000000000000000
     0.000000000000000    -0.000000000000000    -0.000027811518274
37 5
     0.000091344232887     0.000002111111806    -0.000000000000000
     0.000002111111885     0.000088906530903     0.000000000000000
    -0.000000000000000    -0.000000000000000    -0.000004314422162
37 6
     0.000214518972777     0.000125336606588    -0.000000000000000
     0.000125336611250     0.000069792722980     0.000000000000000
    -0.000000000000000    -0.000000000000000    -0.000003067819841
37 7
   -10.936829609361448     0.937474975072748    -0.000000000000000
    -1.288171547711312   -45.566318037432524     0.000000000000001
    -0.000000000000000     0.000000000000007   -10.201817056259326
37 8
     1.079888552285269     1.872305917691642    -0.000000000000000
     0.024881212254204     0.042399283683567    -0.000000000000000
    -0.000000000000001    -0.000000000000000     0.233098185769600
37 9
   -37.060801982952199    13.794510701870362    -0.000000000000000
    16.020157772673500   -19.442345663841763     0.000000000000001
    -0.000000000000000     0.000000000000001   -10.201817056259326
37 10
     1.123277740845922    -0.000169547900837    -0.000000000000000
     1.847255227178704    -0.000989904877087    -0.000000000000000
    -0.000000000000000     0.000000000000000     0.233098185769600
37 11
    -2.881166746980826    -1.825811384129899    -0.000000000000000
    -1.825811452048747    -0.772901319534096     0.000000000000000
     0.000000000000001     0.000000000000000    -1.292042470439300
37 12
    -0.000156621141865     0.000475884147282    -0.000000000000000
     0.000475884164984    -0.000706124833158    -0.000000000000000
    -0.000000000000000     0.000000000000000     0.000086961101675
37 13
     0.001125875307840    -0.001147036101867    -0.000000000000000
    -0.001147060150075    -0.000278261630648    -0.000000000000000
    -0.000000000000000     0.000000000000000     0.000001317900395
37 14
    -1.053919143872145     0.158837076251182    -0.000000000000000
     0.159076272565792     0.052729714816274    -0.000000000000000
    -0.000000000000000    -0.000000000000000     0.076656678507533
37 15
     0.000190918911468    -0.001224718713387    -0.000000000000000
    -0.001224719638032     0.001703977761755     0.000000000000000
     0.000000000000000    -0.000000000000000    -0.000039623234252
37 16
     0.000656250236487    -0.000725191372539    -0.000000000000000
    -0.000725202877098     0.000180960196719     0.000000000000000
     0.000000000000000    -0.000000000000000    -0.000049975819804
37 17
     0.000251096012121     0.000297390208486    -0.000000000000000
     0.000297394693576     0.000211171054560     0.000000000000000
    -0.000000000000000    -0.000000000000000    -0.000004798998702
37 18
     0.000125651036375     0.000362789155160    -0.000000000000000
     0.000362799753358     0.000414425699423     0.000000000000000
    -0.000000000000000    -0.000000000000000    -0.000013901431833
37 19
    -0.003219242807023     0.008474231078857    -0.000000000000000
     0.008475682496256    -0.023068537022935    -0.000000000000000
    -0.000000000000000     0.000000000000000     0.155922063318708
37 20
     0.000011992971866    -0.000108057807971    -0.000000000000000
    -0.000108058520935     0.000185072811133     0.000000000000000
     0.000000000000000    -0.000000000000000    -0.000002355319129
37 21
     0.129681708574737    -0.038347761558113    -0.000000000000000
    -0.038278572032975    -1.887125878172522     0.000000000000000
    -0.000000000000000     0.000000000000000    -0.020887748578132
37 22
    -0.000091469194193     0.000158535506522    -0.000000000000000
     0.000158535899129     0.000653213492087     0.000000000000000
    -0.000000000000000    -0.000000000000000    -0.000015041938561
37 23
     0.001928984674468     0.000662548599236    -0.000000000000000
     0.000662534969596    -0.000220408816667     0.000000000000000
    -0.000000000000000    -0.000000000000000    -0.000033010821433
37 24
     0.000077496400159     0.000008148653951    -0.000000000000000
     0.000008147920219    -0.000007497764310     0.000000000000000
    -0.000000000000000     0.000000000000000    -0.000000826165280
37 25
    -1.416104157230634     0.854181298523784    -0.000000000000000
     0.854112139347057    -0.341340012367150     0.000000000000000
    -0.000000000000000    -0.000000000000000    -0.020887748578132
37 26
     0.000604338766570    -0.000243189012748    -0.000000000000000
    -0.000243189408504    -0.000042594468677     0.000000000000000
    -0.000000000000000    -0.000000000000000    -0.000015041938561
37 27
     0.000890717572490     0.001261978724618    -0.000000000000000
     0.001261992425850     0.000817858285311     0.000000000000000
    -0.000000000000000    -0.000000000000000    -0.000033010821433
37 28
     0.000020807400420     0.000040877328566    -0.000000000000000
     0.000040878064122     0.000049191235428     0.000000000000000
    -0.000000000000000    -0.000000000000000    -0.000000826165280
37 29
    -0.010766685594970     0.012833200225233    -0.000000000000000
     0.012831749600454    -0.015521094234989    -0.000000000000000
    -0.000000000000000     0.000000000000000     0.155922063318708
37 30
     0.000048221735814    -0.000128975203144    -0.000000000000000
    -0.000128974498997     0.000148844047186     0.000000000000000
     0.000000000000000    -0.000000000000000    -0.000002355319129
37 31
     0.000265075130517    -0.001267533704707    -0.000000000000000
    -0.001267532872772     0.001629821542706     0.000000000000000
     0.000000000000000    -0.000000000000000    -0.000039623234252
37 32
    -0.000328256426184    -0.000156797673981    -0.000000000000000
    -0.000156786202232     0.001165466859389     0.000000000000000
     0.000000000000000    -0.000000000000000    -0.000049975819804
37 33
     0.000478701711437     0.000165986473188    -0.000000000000000
     0.000165982005336    -0.000016434644756     0.000000000000000
    -0.000000000000000    -0.000000000000000    -0.000004798998702
37 34
     0.000656421247401     0.000056359421348    -0.000000000000000
     0.000056348838742    -0.000116344511604     0.000000000000000
    -0.000000000000000     0.000000000000000    -0.000013901431833
37 35
    -0.000920600212480     0.000034473063165    -0.000000000000000
     0.000034497069987     0.001768213889672    -0.000000000000000
     0.000000000000000    -0.000000000000000     0.000001317900395
37 36
    -0.086271981718916    -0.399595072510391    -0.000000000000000
    -0.399834277781023    -0.914917447336955    -0.000000000000000
     0.000000000000000     0.000000000000000     0.076656678507533
37 37
    50.579065308726008   -14.272496893477552    -0.000000000000000
   -14.272497424403980    67.059525462171308    -0.000000000000001
    -0.000000000000014    -0.000000000000021    12.437721949429285
37 38
    -0.686569060316196     1.127451881956572    -0.000000000000000
    -1.127302394419141     1.850894040210413    -0.000000000000000
     0.000000000000001    -0.000000000000001     4.184343115054485
37 39
     1.216593013240755    -2.226093467526801    -0.000000000000000
     0.028660767980250    -0.052268033346539    -0.000000000000000
    -0.000000000000000     0.000000000000000     4.184343115054485
37 40
     0.000042441350523    -0.000112687110894    -0.000000000000000
    -0.000112687115086     0.000172561220561     0.000000000000000
     0.000000000000000    -0.000000000000000    -0.000004090129675
37 41
     0.000004082815337    -0.000000000000007    -0.000000000000000
    -0.000000000545046     0.000194114387240     0.000000000000000
    -0.000000000000000    -0.000000000000000    -0.000002248504140
37 42
     0.000146606258250    -0.000082286491646    -0.000000000000000
    -0.000082285949669     0.000051590944328     0.000000000000000
    -0.000000000000000     0.000000000000000    -0.000002248504140
38 1
     0.000091344230373    -0.000002111113337     0.000000000000000
    -0.000002111113258     0.000088906533417     0.000000000000000
    -0.000000000000000     0.000000000000000    -0.000004314422162
38 2
     0.000214518968811    -0.000125336613540     0.000000000000000
    -0.000125336608878     0.000069792726946     0.000000000000000
    -0.000000000000000     0.000000000000000    -0.000003067819841
38 3
    -0.000027752382996     0.000113250689593     0.000000000000000
     0.000113253504023     0.000443043497375     0.000000000000000
     0.000000000000000    -0.000000000000000    -0.000004445821840
38 4
    -0.000236536515363     0.000506543636390     0.000000000000000
     0.000506558177197     0.001790046783035     0.000000000000000
     0.000000000000000     0.000000000000000    -0.000027811518274
38 5
     0.000227265313341     0.000260488052080     0.000000000000000
     0.000260485223748     0.000188025782064     0.000000000000000
    -0.000000000000000    -0.000000000000000    -0.000004445821840
38 6
     0.000844714921279     0.001130819038880     0.000000000000000
     0.001130804437165     0.000708795265950     0.000000000000000
    -0.000000000000000    -0.000000000000000    -0.000027811518274
38 7
    -2.881166696007582     1.825811481478170     0.000000000000000
     1.825811413559322    -0.772901370507349     0.000000000000000
     0.000000000000001    -0.000000000000001    -1.292042470439300
38 8
    -0.000156621129830    -0.000475884158036    -0.000000000000000
    -0.000475884140333    -0.000706124845193    -0.000000000000000
    -0.000000000000000     0.000000000000000     0.000086961101675
38 9
   -37.060800726777600   -13.794510489763230     0.000000000000000
   -16.020157012547291   -19.442345948223696     0.000000000000000
     0.000000000000006     0.000000000000004   -10.201817056259324
38 10
     1.123277709504360     0.000169529812082    -0.000000000000000
    -1.847255175625356    -0.000989875149566    -0.000000000000000
    -0.000000000000000     0.000000000000001     0.233098185769600
38 11
   -10.936829289129300    -0.937474825059979     0.000000000000001
     1.288172245743157   -45.566319329457329     0.000000000000000
     0.000000000000001     0.000000000000000   -10.201817056259324
38 12
     1.079888552315618    -1.872305987322532    -0.000000000000000
    -0.024881212242991     0.042399285267267    -0.000000000000000
    -0.000000000000000     0.000000000000000     0.233098185769600
38 13
     0.000478701700755    -0.000165986485530     0.000000000000000
    -0.000165982000440    -0.000016434642541     0.000000000000000
    -0.000000000000000     0.000000000000000    -0.000004798998702
38 14
     0.000656421229995    -0.000056359433494     0.000000000000000
    -0.000056348835296    -0.000116344513942     0.000000000000000
    -0.000000000000000     0.000000000000000    -0.000013901431833
38 15
    -0.000920600186241    -0.000034473049298    -0.000000000000000
    -0.000034497097507     0.001768213939560    -0.000000000000000
     0.000000000000000     0.000000000000000     0.000001317900395
38 16
    -0.086271985748555     0.399595085048523    -0.000000000000000
     0.399834281363133    -0.914917479303084    -0.000000000000000
    -0.000000000000000    -0.000000000000000     0.076656678507533
38 17
     0.000265075102704     0.001267533735801     0.000000000000000
     0.001267532811156     0.001629821567760     0.000000000000000
     0.000000000000000    -0.000000000000000    -0.000039623234252
38 18
    -0.000328256419551     0.000156797683644     0.000000000000000
     0.000156786179084     0.001165466889379     0.000000000000000
     0.000000000000000    -0.000000000000000    -0.000049975819804
38 19
     0.000890717567967    -0.001261978774174     0.000000000000000
    -0.001261992403815     0.000817858328456     0.000000000000000
    -0.000000000000000     0.000000000000000    -0.000033010821433
38 20
     0.000020807400498    -0.000040877330042     0.000000000000000
    -0.000040878063774     0.000049191237459     0.000000000000000
     0.000000000000000     0.000000000000000    -0.000000826165280
38 21
    -0.010766685087871    -0.012833200409845    -0.000000000000000
    -0.012831748992445    -0.015521094461328    -0.000000000000000
     0.000000000000000     0.000000000000000     0.155922063318708
38 22
     0.000048221732391     0.000128975205966     0.000000000000000
     0.000128974493001     0.000148844049261     0.000000000000000
    -0.000000000000000    -0.000000000000000    -0.000002355319129
38 23
    -1.416104103963163    -0.854181299544711     0.000000000000000
    -0.854112110019574    -0.341340008132517     0.000000000000000
     0.000000000000000     0.000000000000000    -0.020887748578132
38 24
     0.000604338745792     0.000243189009798     0.000000000000000
     0.000243189402405    -0.000042594473782     0.000000000000000
    -0.000000000000000    -0.000000000000000    -0.000015041938561
38 25
     0.001928984631322    -0.000662548648793     0.000000000000000
    -0.000662534947561    -0.000220408812144     0.000000000000000
    -0.000000000000000    -0.000000000000000    -0.000033010821433
38 26
     0.000077496398128    -0.000008148655427     0.000000000000000
    -0.000008147919871    -0.000007497764388     0.000000000000000
    -0.000000000000000     0.000000000000000    -0.000000826165280
38 27
    -0.003219242580707    -0.008474231263428    -0.000000000000000
    -0.008475681888207    -0.023068537530010    -0.000000000000000
     0.000000000000000     0.000000000000000     0.155922063318708
38 28
     0.000011992969791     0.000108057810792     0.000000000000000
     0.000108058514939     0.000185072814556     0.000000000000000
    -0.000000000000000    -0.000000000000000    -0.000002355319129
38 29
     0.129681704338992     0.038347760539114     0.000000000000000
     0.038278601362386    -1.887125931438879     0.000000000000000
    -0.000000000000000    -0.000000000000000    -0.020887748578132
38 30
    -0.000091469189088    -0.000158535509471     0.000000000000000
    -0.000158535905227     0.000653213512865     0.000000000000000
    -0.000000000000000     0.000000000000000    -0.000015041938561
38 31
     0.000251096009906    -0.000297390220828     0.000000000000000
    -0.000297394688680     0.000211171065242     0.000000000000000
     0.000000000000000     0.000000000000000    -0.000004798998702
38 32
     0.000125651038713    -0.000362789167306     0.000000000000000
    -0.000362799749911     0.000414425716829     0.000000000000000
    -0.000000000000000     0.000000000000000    -0.000013901431833
38 33
     0.001125875257953     0.001147036115733    -0.000000000000000
     0.001147060122555    -0.000278261656888    -0.000000000000000
    -0.000000000000000    -0.000000000000000     0.000001317900395
38 34
    -1.053919111909872    -0.158837063706376    -0.000000000000000
    -0.159076268977007     0.052729718849766    -0.000000000000000
     0.000000000000000     0.000000000000000     0.076656678507533
38 35
     0.000190918886414     0.001224718744481     0.000000000000000
     0.001224719576416     0.001703977789568     0.000000000000000
    -0.000000000000000    -0.000000000000000    -0.000039623234252
38 36
     0.000656250206497     0.000725191382201     0.000000000000000
     0.000725202853951     0.000180960190086     0.000000000000000
    -0.000000000000000    -0.000000000000000    -0.000049975819804
38 37
    -0.686569023000578    -1.127451902352773    -0.000000000000000
     1.127302333154277     1.850894073691029    -0.000000000000000
     0.000000000000000     0.000000000000000     4.184343115054484
38 38
    50.579063667700019    14.272496476957064    -0.000000000000001
    14.272495946030636    67.059527103197283    -0.000000000000000
    -0.000000000000026     0.000000000000002    12.437721949429282
38 39
     1.216592943441110     2.226093510037002    -0.000000000000000
    -0.028660766338711    -0.052268034343132    -0.000000000000000
    -0.000000000000000    -0.000000000000001     4.184343115054484
38 40
     0.000004082815223    -0.000000000000059     0.000000000000000
     0.000000000541919     0.000194114392656     0.000000000000000
    -0.000000000000000     0.000000000000000    -0.000002248504140
38 41
     0.000042441347524     0.000112687113355     0.000000000000000
     0.000112687109163     0.000172561223561     0.000000000000000
    -0.000000000000000    -0.000000000000000    -0.000004090129675
38 42
     0.000146606252834     0.000082286491581     0.000000000000000
     0.000082285946542     0.000051590944441     0.000000000000000
    -0.000000000000000    -0.000000000000000    -0.000002248504140
39 1
     0.000423423701222    -0.000147233123595     0.000000000000000
    -0.000147235951927    -0.000008132613113    -0.000000000000000
    -0.000000000000000     0.000000000000000    -0.000004445821840
39 2
     0.001722086833818    -0.000624253517859     0.000000000000000
    -0.000624268119575    -0.000168576679226    -0.000000000000000
    -0.000000000000000     0.000000000000000    -0.000027811518274
39 3
     0.000087687677464     0.000000000001412     0.000000000000000
     0.000000000001491     0.000092563086462    -0.000000000000000
    -0.000000000000000     0.000000000000000    -0.000004314422162
39 4
    -0.000002570401847    -0.000000000000041     0.000000000000000
     0.000000000004621     0.000286882105680    -0.000000000000000
     0.000000000000000     0.000000000000000    -0.000003067819841
39 5
     0.000423423705965     0.000147233137235     0.000000000000000
     0.000147235951665    -0.000008132608370    -0.000000000000000
    -0.000000000000000    -0.000000000000000    -0.000004445821840
39 6
     0.001722086853928     0.000624253573337     0.000000000000000
     0.000624268114144    -0.000168576659115    -0.000000000000000
     0.000000000000000     0.000000000000000    -0.000027811518274
39 7
   -36.757089113247858   -16.195506483014995     0.000000000000001
   -13.969859412211861   -19.746058544843926    -0.000000000000000
     0.000000000000001    -0.000000000000000   -10.201817056259324
39 8
    -0.519734539153049    -0.898661627395945    -0.000000000000000
     0.948763147683597     1.642022436240742     0.000000000000000
     0.000000000000000     0.000000000000000     0.233098185769600
39 9
     0.281231386343064     0.000000004530007     0.000000000000000
    -0.000000063388841    -3.935299570496889    -0.000000000000000
    -0.000000000000000    -0.000000000000001    -1.292042470439300
39 10
    -0.000980876651439    -0.000000000015800    -0.000000000000000
     0.000000000001903     0.000118130707077     0.000000000000000
     0.000000000000000     0.000000000000000     0.000086961101675
39 11
   -36.757088591501386    16.195505298866660     0.000000000000000
    13.969858776082601   -19.746058094797842    -0.000000000000000
     0.000000000000006    -0.000000000000004   -10.201817056259324
39 12
    -0.519734510202206     0.898661610652431    -0.000000000000000
    -0.948763094785006     1.642022405675852     0.000000000000000
     0.000000000000000     0.000000000000001     0.233098185769600
39 13
     0.002386350900582    -0.000042813635447     0.000000000000000
    -0.000042814560091    -0.000491454309028    -0.000000000000000
    -0.000000000000000    -0.000000000000000    -0.000039623234252
39 14
     0.000927821822775     0.000568410945734     0.000000000000000
     0.000568399441175    -0.000090611399672    -0.000000000000000
    -0.000000000000000    -0.000000000000000    -0.000049975819804
39 15
    -0.000036397124638    -0.000131410450591     0.000000000000000
    -0.000131405965501     0.000498664202013    -0.000000000000000
    -0.000000000000000     0.000000000000000    -0.000004798998702
39 16
     0.000028042814202    -0.000306445618963     0.000000000000000
    -0.000306435020765     0.000512033925226    -0.000000000000000
     0.000000000000000     0.000000000000000    -0.000013901431833
39 17
     0.001066145409715     0.001181545223478    -0.000000000000000
     0.001181521175269    -0.000218531730301     0.000000000000000
     0.000000000000000    -0.000000000000000     0.000001317900395
39 18
    -0.361593016905366    -0.558790955771618    -0.000000000000000
    -0.558551759457008    -0.639596437904529     0.000000000000000
    -0.000000000000000     0.000000000000000     0.076656678507533
39 19
    -1.349743753708698     0.892425276815121     0.000000000000000
     0.892494466340259    -0.407700360855542    -0.000000000000000
     0.000000000000000    -0.000000000000000    -0.020887748578132
39 20
     0.000329746858793    -0.000401725105230     0.000000000000000
    -0.000401724712623     0.000231997423432    -0.000000000000000
    -0.000000000000000     0.000000000000000    -0.000015041938561
39 21
    -0.000256838443435     0.000599450619398     0.000000000000000
     0.000599436989758     0.001965414382547    -0.000000000000000
     0.000000000000000     0.000000000000000    -0.000033010821433
39 22
     0.000006694153534     0.000032729776689     0.000000000000000
     0.000032729042957     0.000063304484948    -0.000000000000000
     0.000000000000000    -0.000000000000000    -0.000000826165280
39 23
    -0.025445740562844     0.004356792204889    -0.000000000000000
     0.004358243622288    -0.000842038440305     0.000000000000000
     0.000000000000000    -0.000000000000000     0.155922063318708
39 24
     0.000235383959915    -0.000020916328548     0.000000000000000
    -0.000020917041513    -0.000038318185225    -0.000000000000000
    -0.000000000000000    -0.000000000000000    -0.000002355319129
39 25
    -0.025445740703200    -0.004356793024637    -0.000000000000000
    -0.004358243649415    -0.000842038580708     0.000000000000000
     0.000000000000000     0.000000000000000     0.155922063318708
39 26
     0.000235383960589     0.000020916336131     0.000000000000000
     0.000020917040278    -0.000038318184552    -0.000000000000000
    -0.000000000000000    -0.000000000000000    -0.000002355319129
39 27
    -1.349743782458634    -0.892425320297804     0.000000000000000
    -0.892494479474531    -0.407700389607704    -0.000000000000000
    -0.000000000000000     0.000000000000000    -0.020887748578132
39 28
     0.000329746871735     0.000401725115853     0.000000000000000
     0.000401724720097     0.000231997436373    -0.000000000000000
     0.000000000000000     0.000000000000000    -0.000015041938561
39 29
    -0.000256838462747    -0.000599450627673     0.000000000000000
    -0.000599436926441     0.001965414363235    -0.000000000000000
    -0.000000000000000     0.000000000000000    -0.000033010821433
39 30
     0.000006694152480    -0.000032729776473     0.000000000000000
    -0.000032729040917     0.000063304483893    -0.000000000000000
    -0.000000000000000     0.000000000000000    -0.000000826165280
39 31
     0.001066145371651    -0.001181545189132    -0.000000000000000
    -0.001181521182310    -0.000218531768364     0.000000000000000
    -0.000000000000000     0.000000000000000     0.000001317900395
39 32
    -0.361592998903631     0.558790944122715    -0.000000000000000
     0.558551738852084    -0.639596419910502     0.000000000000000
     0.000000000000000    -0.000000000000000     0.076656678507533
39 33
     0.002386350901961     0.000042813712324     0.000000000000000
     0.000042814544259    -0.000491454307649    -0.000000000000000
    -0.000000000000000    -0.000000000000000    -0.000039623234252
39 34
     0.000927821804463    -0.000568410915844     0.000000000000000
    -0.000568399444094    -0.000090611417983    -0.000000000000000
    -0.000000000000000     0.000000000000000    -0.000049975819804
39 35
    -0.000036397120404     0.000131410449418     0.000000000000000
     0.000131405981566     0.000498664206246    -0.000000000000000
     0.000000000000000     0.000000000000000    -0.000004798998702
39 36
     0.000028042824074     0.000306445619866     0.000000000000000
     0.000306435037261     0.000512033935098    -0.000000000000000
     0.000000000000000     0.000000000000000    -0.000013901431833
39 37
     1.216463483438555     0.028586022569994    -0.000000000000000
    -2.226168253805719    -0.052138574335756     0.000000000000000
    -0.000000000000001    -0.000000000000000     4.184343115054484
39 38
     1.216463482517643    -0.028585983381004    -0.000000000000000
     2.226168252126047    -0.052138502618612     0.000000000000000
     0.000000000000000    -0.000000000000000     4.184343115054484
39 39
    75.299753438072003     0.000001212909940    -0.000000000000001
     0.000000681983511    42.338836413233736     0.000000000000000
    -0.000000000000011     0.000000000000023    12.437721949429282
39 40
     0.000146606724863    -0.000082285674016     0.000000000000000
    -0.000082286219054     0.000051590472412    -0.000000000000000
    -0.000000000000000     0.000000000000000    -0.000002248504140
39 41
     0.000146606727514     0.000082285678739     0.000000000000000
     0.000082286220716     0.000051590475063    -0.000000000000000
     0.000000000000000     0.000000000000000    -0.000002248504140
39 42
     0.000237621148951     0.000000000003828     0.000000000000000
    -0.000000000000364    -0.000022618585127    -0.000000000000000
    -0.000000000000000    -0.000000000000000    -0.000004090129675
40 1
   -10.936829609361448     0.937474975072748     0.000000000000000
    -1.288171547711312   -45.566318037432524     0.000000000000001
     0.000000000000000     0.000000000000007   -10.201817056259324
40 2
     1.079888552285269     1.872305917691642     0.000000000000000
     0.024881212254204     0.042399283683567    -0.000000000000000
    -0.000000000000001     0.000000000000000     0.233098185769600
40 3
   -37.060801982952199    13.794510701870362     0.000000000000000
    16.020157772673500   -19.442345663841763     0.000000000000001
     0.000000000000000     0.000000000000001   -10.201817056259324
40 4
     1.123277740845922    -0.000169547900837     0.000000000000000
     1.847255227178704    -0.000989904877087    -0.000000000000000
    -0.000000000000000     0.000000000000000     0.233098185769600
40 5
    -2.881166746980826    -1.825811384129899     0.000000000000000
    -1.825811452048747    -0.772901319534096     0.000000000000000
     0.000000000000001     0.000000000000000    -1.292042470439300
40 6
    -0.000156621141865     0.000475884147282     0.000000000000000
     0.000475884164984    -0.000706124833158    -0.000000000000000
    -0.000000000000000     0.000000000000000     0.000086961101675
40 7
     0.000227265323878    -0.000260488048473     0.000000000000000
    -0.000260485234044     0.000188025781015     0.000000000000000
     0.000000000000000     0.000000000000000    -0.000004445821840
40 8
     0.000844714963061    -0.001130819020937     0.000000000000000
    -0.001130804480131     0.000708795264390     0.000000000000000
     0.000000000000000     0.000000000000000    -0.000027811518274
40 9
    -0.000027752381946    -0.000113250685987     0.000000000000000
    -0.000113253514319     0.000443043486838     0.000000000000000
     0.000000000000000    -0.000000000000000    -0.000004445821840
40 10
    -0.000236536513803    -0.000506543618448     0.000000000000000
    -0.000506558220163     0.001790046741254     0.000000000000000
     0.000000000000000    -0.000000000000000    -0.000027811518274
40 11
     0.000091344232887     0.000002111111806     0.000000000000000
     0.000002111111885     0.000088906530903     0.000000000000000
    -0.000000000000000    -0.000000000000000    -0.000004314422162
40 12
     0.000214518972777     0.000125336606588     0.000000000000000
     0.000125336611250     0.000069792722980     0.000000000000000
    -0.000000000000000     0.000000000000000    -0.000003067819841
40 13
    -0.003219242807023     0.008474231078857     0.000000000000000
     0.008475682496256    -0.023068537022935    -0.000000000000000
    -0.000000000000000     0.000000000000000     0.155922063318708
40 14
     0.000011992971866    -0.000108057807971     0.000000000000000
    -0.000108058520935     0.000185072811133     0.000000000000000
     0.000000000000000    -0.000000000000000    -0.000002355319129
40 15
     0.129681708574737    -0.038347761558113     0.000000000000000
    -0.038278572032975    -1.887125878172522     0.000000000000000
    -0.000000000000000     0.000000000000000    -0.020887748578132
40 16
    -0.000091469194193     0.000158535506522     0.000000000000000
     0.000158535899129     0.000653213492087     0.000000000000000
    -0.000000000000000    -0.000000000000000    -0.000015041938561
40 17
     0.001928984674468     0.000662548599236     0.000000000000000
     0.000662534969596    -0.000220408816667     0.000000000000000
    -0.000000000000000    -0.000000000000000    -0.000033010821433
40 18
     0.000077496400159     0.000008148653951     0.000000000000000
     0.000008147920219    -0.000007497764310     0.000000000000000
     0.000000000000000     0.000000000000000    -0.000000826165280
40 19
     0.001125875307840    -0.001147036101867     0.000000000000000
    -0.001147060150075    -0.000278261630648    -0.000000000000000
     0.000000000000000     0.000000000000000     0.000001317900395
40 20
    -1.053919143872145     0.158837076251182     0.000000000000000
     0.159076272565792     0.052729714816274    -0.000000000000000
     0.000000000000000    -0.000000000000000     0.076656678507533
40 21
     0.000190918911468    -0.001224718713387     0.000000000000000
    -0.001224719638032     0.001703977761755     0.000000000000000
     0.000000000000000    -0.000000000000000    -0.000039623234252
40 22
     0.000656250236487    -0.000725191372539     0.000000000000000
    -0.000725202877098     0.000180960196719     0.000000000000000
     0.000000000000000     0.000000000000000    -0.000049975819804
40 23
     0.000251096012121     0.000297390208486     0.000000000000000
     0.000297394693576     0.000211171054560     0.000000000000000
    -0.000000000000000    -0.000000000000000    -0.000004798998702
40 24
     0.000125651036375     0.000362789155160     0.000000000000000
     0.000362799753358     0.000414425699423     0.000000000000000
    -0.000000000000000     0.000000000000000    -0.000013901431833
40 25
     0.000265075130517    -0.001267533704707     0.000000000000000
    -0.001267532872772     0.001629821542706     0.000000000000000
     0.000000000000000    -0.000000000000000    -0.000039623234252
40 26
    -0.000328256426184    -0.000156797673981     0.000000000000000
    -0.000156786202232     0.001165466859389     0.000000000000000
     0.000000000000000    -0.000000000000000    -0.000049975819804
40 27
     0.000478701711437     0.000165986473188     0.000000000000000
     0.000165982005336    -0.000016434644756     0.000000000000000
     0.000000000000000     0.000000000000000    -0.000004798998702
40 28
     0.000656421247401     0.000056359421348     0.000000000000000
     0.000056348838742    -0.000116344511604     0.000000000000000
    -0.000000000000000     0.000000000000000    -0.000013901431833
40 29
    -0.000920600212480     0.000034473063165     0.000000000000000
     0.000034497069987     0.001768213889672    -0.000000000000000
     0.000000000000000    -0.000000000000000     0.000001317900395
40 30
    -0.086271981718916    -0.399595072510391     0.000000000000000
    -0.399834277781023    -0.914917447336955    -0.000000000000000
     0.000000000000000     0.000000000000000     0.076656678507533
40 31
    -1.416104157230634     0.854181298523784     0.000000000000000
     0.854112139347057    -0.341340012367150     0.000000000000000
     0.000000000000000    -0.000000000000000    -0.020887748578132
40 32
     0.000604338766570    -0.000243189012748     0.000000000000000
    -0.000243189408504    -0.000042594468677     0.000000000000000
    -0.000000000000000     0.000000000000000    -0.000015041938561
40 33
     0.000890717572490     0.001261978724618     0.000000000000000
     0.001261992425850     0.000817858285311     0.000000000000000
    -0.000000000000000    -0.000000000000000    -0.000033010821433
40 34
     0.000020807400420     0.000040877328566     0.000000000000000
     0.000040878064122     0.000049191235428     0.000000000000000
    -0.000000000000000    -0.000000000000000    -0.000000826165280
40 35
    -0.010766685594970     0.012833200225233     0.000000000000000
     0.012831749600454    -0.015521094234989    -0.000000000000000
    -0.000000000000000     0.000000000000000     0.155922063318708
40 36
     0.000048221735814    -0.000128975203144     0.000000000000000
    -0.000128974498997     0.000148844047186     0.000000000000000
     0.000000000000000    -0.000000000000000    -0.000002355319129
40 37
     0.000042441350523    -0.000112687110894     0.000000000000000
    -0.000112687115086     0.000172561220561     0.000000000000000
     0.000000000000000    -0.000000000000000    -0.000004090129675
40 38
     0.000004082815337    -0.000000000000007     0.000000000000000
    -0.000000000545046     0.000194114387240     0.000000000000000
     0.000000000000000    -0.000000000000000    -0.000002248504140
40 39
     0.000146606258250    -0.000082286491646     0.000000000000000
    -0.000082285949669     0.000051590944328     0.000000000000000
    -0.000000000000000     0.000000000000000    -0.000002248504140
40 40
    50.579065308726008   -14.272496893477552     0.000000000000000
   -14.272497424403980    67.059525462171308    -0.000000000000001
    -0.000000000000014    -0.000000000000021    12.437721949429282
40 41
    -0.686569060316196     1.127451881956572     0.000000000000000
    -1.127302394419141     1.850894040210413    -0.000000000000000
     0.000000000000001    -0.000000000000001     4.184343115054484
40 42
     1.216593013240755    -2.226093467526801     0.000000000000000
     0.028660767980250    -0.052268033346539    -0.000000000000000
    -0.000000000000000     0.000000000000000     4.184343115054484
41 1
    -2.881166696007582     1.825811481478170     0.000000000000000
     1.825811413559322    -0.772901370507349     0.000000000000000
     0.000000000000001    -0.000000000000001    -1.292042470439300
41 2
    -0.000156621129830    -0.000475884158036    -0.000000000000000
    -0.000475884140333    -0.000706124845193    -0.000000000000000
    -0.000000000000000     0.000000000000000     0.000086961101675
41 3
   -37.060800726777600   -13.794510489763230     0.000000000000000
   -16.020157012547291   -19.442345948223696     0.000000000000000
     0.000000000000006     0.000000000000004   -10.201817056259324
41 4
     1.123277709504360     0.000169529812082    -0.000000000000000
    -1.847255175625356    -0.000989875149566    -0.000000000000000
    -0.000000000000000     0.000000000000001     0.233098185769600
41 5
   -10.936829289129300    -0.937474825059979     0.000000000000001
     1.288172245743157   -45.566319329457329     0.000000000000000
     0.000000000000001     0.000000000000000   -10.201817056259324
41 6
     1.079888552315618    -1.872305987322532    -0.000000000000000
    -0.024881212242991     0.042399285267267    -0.000000000000000
    -0.000000000000000     0.000000000000000     0.233098185769600
41 7
     0.000091344230373    -0.000002111113337     0.000000000000000
    -0.000002111113258     0.000088906533417     0.000000000000000
    -0.000000000000000     0.000000000000000    -0.000004314422162
41 8
     0.000214518968811    -0.000125336613540     0.000000000000000
    -0.000125336608878     0.000069792726946     0.000000000000000
    -0.000000000000000     0.000000000000000    -0.000003067819841
41 9
    -0.000027752382996     0.000113250689593     0.000000000000000
     0.000113253504023     0.000443043497375     0.000000000000000
     0.000000000000000    -0.000000000000000    -0.000004445821840
41 10
    -0.000236536515363     0.000506543636390     0.000000000000000
     0.000506558177197     0.001790046783035     0.000000000000000
     0.000000000000000     0.000000000000000    -0.000027811518274
41 11
     0.000227265313341     0.000260488052080     0.000000000000000
     0.000260485223748     0.000188025782064     0.000000000000000
    -0.000000000000000    -0.000000000000000    -0.000004445821840
41 12
     0.000844714921279     0.001130819038880     0.000000000000000
     0.001130804437165     0.000708795265950     0.000000000000000
    -0.000000000000000    -0.000000000000000    -0.000027811518274
41 13
     0.000890717567967    -0.001261978774174     0.000000000000000
    -0.001261992403815     0.000817858328456     0.000000000000000
    -0.000000000000000     0.000000000000000    -0.000033010821433
41 14
     0.000020807400498    -0.000040877330042     0.000000000000000
    -0.000040878063774     0.000049191237459     0.000000000000000
     0.000000000000000     0.000000000000000    -0.000000826165280
41 15
    -0.010766685087871    -0.012833200409845    -0.000000000000000
    -0.012831748992445    -0.015521094461328    -0.000000000000000
     0.000000000000000     0.000000000000000     0.155922063318708
41 16
     0.000048221732391     0.000128975205966     0.000000000000000
     0.000128974493001     0.000148844049261     0.000000000000000
    -0.000000000000000    -0.000000000000000    -0.000002355319129
41 17
    -1.416104103963163    -0.854181299544711     0.000000000000000
    -0.854112110019574    -0.341340008132517     0.000000000000000
     0.000000000000000     0.000000000000000    -0.020887748578132
41 18
     0.000604338745792     0.000243189009798     0.000000000000000
     0.000243189402405    -0.000042594473782     0.000000000000000
    -0.000000000000000    -0.000000000000000    -0.000015041938561
41 19
     0.000478701700755    -0.000165986485530     0.000000000000000
    -0.000165982000440    -0.000016434642541     0.000000000000000
    -0.000000000000000     0.000000000000000    -0.000004798998702
41 20
     0.000656421229995    -0.000056359433494     0.000000000000000
    -0.000056348835296    -0.000116344513942     0.000000000000000
    -0.000000000000000     0.000000000000000    -0.000013901431833
41 21
    -0.000920600186241    -0.000034473049298    -0.000000000000000
    -0.000034497097507     0.001768213939560    -0.000000000000000
     0.000000000000000     0.000000000000000     0.000001317900395
41 22
    -0.086271985748555     0.399595085048523    -0.000000000000000
     0.399834281363133    -0.914917479303084    -0.000000000000000
    -0.000000000000000    -0.000000000000000     0.076656678507533
41 23
     0.000265075102704     0.001267533735801     0.000000000000000
     0.001267532811156     0.001629821567760     0.000000000000000
     0.000000000000000    -0.000000000000000    -0.000039623234252
41 24
    -0.000328256419551     0.000156797683644     0.000000000000000
     0.000156786179084     0.001165466889379     0.000000000000000
     0.000000000000000    -0.000000000000000    -0.000049975819804
41 25
     0.000251096009906    -0.000297390220828     0.000000000000000
    -0.000297394688680     0.000211171065242     0.000000000000000
     0.000000000000000     0.000000000000000    -0.000004798998702
41 26
     0.000125651038713    -0.000362789167306     0.000000000000000
    -0.000362799749911     0.000414425716829     0.000000000000000
    -0.000000000000000     0.000000000000000    -0.000013901431833
41 27
     0.001125875257953     0.001147036115733    -0.000000000000000
     0.001147060122555    -0.000278261656888    -0.000000000000000
    -0.000000000000000    -0.000000000000000     0.000001317900395
41 28
    -1.053919111909872    -0.158837063706376    -0.000000000000000
    -0.159076268977007     0.052729718849766    -0.000000000000000
     0.000000000000000     0.000000000000000     0.076656678507533
41 29
     0.000190918886414     0.001224718744481     0.000000000000000
     0.001224719576416     0.001703977789568     0.000000000000000
    -0.000000000000000    -0.000000000000000    -0.000039623234252
41 30
     0.000656250206497     0.000725191382201     0.000000000000000
     0.000725202853951     0.000180960190086     0.000000000000000
    -0.000000000000000    -0.000000000000000    -0.000049975819804
41 31
     0.001928984631322    -0.000662548648793     0.000000000000000
    -0.000662534947561    -0.000220408812144     0.000000000000000
    -0.000000000000000    -0.000000000000000    -0.000033010821433
41 32
     0.000077496398128    -0.000008148655427     0.000000000000000
    -0.000008147919871    -0.000007497764388     0.000000000000000
    -0.000000000000000     0.000000000000000    -0.000000826165280
41 33
    -0.003219242580707    -0.008474231263428    -0.000000000000000
    -0.008475681888207    -0.023068537530010    -0.000000000000000
     0.000000000000000     0.000000000000000     0.155922063318708
41 34
     0.000011992969791     0.000108057810792     0.000000000000000
     0.000108058514939     0.000185072814556     0.000000000000000
    -0.000000000000000    -0.000000000000000    -0.000002355319129
41 35
     0.129681704338992     0.038347760539114     0.000000000000000
     0.038278601362386    -1.887125931438879     0.000000000000000
    -0.000000000000000    -0.000000000000000    -0.020887748578132
41 36
    -0.000091469189088    -0.000158535509471     0.000000000000000
    -0.000158535905227     0.000653213512865     0.000000000000000
    -0.000000000000000     0.000000000000000    -0.000015041938561
41 37
     0.000004082815223    -0.000000000000059     0.000000000000000
     0.000000000541919     0.000194114392656     0.000000000000000
    -0.000000000000000     0.000000000000000    -0.000002248504140
41 38
     0.000042441347524     0.000112687113355     0.000000000000000
     0.000112687109163     0.000172561223561     0.000000000000000
    -0.000000000000000    -0.000000000000000    -0.000004090129675
41 39
     0.000146606252834     0.000082286491581     0.000000000000000
     0.000082285946542     0.000051590944441     0.000000000000000
    -0.000000000000000    -0.000000000000000    -0.000002248504140
41 40
    -0.686569023000578    -1.127451902352773    -0.000000000000000
     1.127302333154277     1.850894073691029    -0.000000000000000
     0.000000000000000     0.000000000000000     4.184343115054484
41 41
    50.579063667700019    14.272496476957064    -0.000000000000001
    14.272495946030636    67.059527103197283    -0.000000000000000
    -0.000000000000026     0.000000000000002    12.437721949429282
41 42
     1.216592943441110     2.226093510037002    -0.000000000000000
    -0.028660766338711    -0.052268034343132    -0.000000000000000
    -0.000000000000000    -0.000000000000001     4.184343115054484
42 1
   -36.757089113247858   -16.195506483014995     0.000000000000001
   -13.969859412211861   -19.746058544843926    -0.000000000000000
     0.000000000000001    -0.000000000000000   -10.201817056259324
42 2
    -0.519734539153049    -0.898661627395945    -0.000000000000000
     0.948763147683597     1.642022436240742     0.000000000000000
     0.000000000000000     0.000000000000000     0.233098185769600
42 3
     0.281231386343064     0.000000004530007     0.000000000000000
    -0.000000063388841    -3.935299570496889    -0.000000000000000
    -0.000000000000000    -0.000000000000001    -1.292042470439300
42 4
    -0.000980876651439    -0.000000000015800    -0.000000000000000
     0.000000000001903     0.000118130707077     0.000000000000000
     0.000000000000000     0.000000000000000     0.000086961101675
42 5
   -36.757088591501386    16.195505298866660     0.000000000000000
    13.969858776082601   -19.746058094797842    -0.000000000000000
     0.000000000000006    -0.000000000000004   -10.201817056259324
42 6
    -0.519734510202206     0.898661610652431    -0.000000000000000
    -0.948763094785006     1.642022405675852     0.000000000000000
     0.000000000000000     0.000000000000001     0.233098185769600
42 7
     0.000423423701222    -0.000147233123595     0.000000000000000
    -0.000147235951927    -0.000008132613113    -0.000000000000000
    -0.000000000000000     0.000000000000000    -0.000004445821840
42 8
     0.001722086833818    -0.000624253517859     0.000000000000000
    -0.000624268119575    -0.000168576679226    -0.000000000000000
    -0.000000000000000     0.000000000000000    -0.000027811518274
42 9
     0.000087687677464     0.000000000001412     0.000000000000000
     0.000000000001491     0.000092563086462    -0.000000000000000
    -0.000000000000000     0.000000000000000    -0.000004314422162
42 10
    -0.000002570401847    -0.000000000000041     0.000000000000000
     0.000000000004621     0.000286882105680    -0.000000000000000
     0.000000000000000     0.000000000000000    -0.000003067819841
42 11
     0.000423423705965     0.000147233137235     0.000000000000000
     0.000147235951665    -0.000008132608370    -0.000000000000000
    -0.000000000000000    -0.000000000000000    -0.000004445821840
42 12
     0.001722086853928     0.000624253573337     0.000000000000000
     0.000624268114144    -0.000168576659115    -0.000000000000000
     0.000000000000000     0.000000000000000    -0.000027811518274
42 13
    -1.349743753708698     0.892425276815121     0.000000000000000
     0.892494466340259    -0.407700360855542    -0.000000000000000
     0.000000000000000    -0.000000000000000    -0.020887748578132
42 14
     0.000329746858793    -0.000401725105230     0.000000000000000
    -0.000401724712623     0.000231997423432    -0.000000000000000
    -0.000000000000000     0.000000000000000    -0.000015041938561
42 15
    -0.000256838443435     0.000599450619398     0.000000000000000
     0.000599436989758     0.001965414382547    -0.000000000000000
     0.000000000000000     0.000000000000000    -0.000033010821433
42 16
     0.000006694153534     0.000032729776689     0.000000000000000
     0.000032729042957     0.000063304484948    -0.000000000000000
     0.000000000000000    -0.000000000000000    -0.000000826165280
42 17
    -0.025445740562844     0.004356792204889    -0.000000000000000
     0.004358243622288    -0.000842038440305     0.000000000000000
     0.000000000000000    -0.000000000000000     0.155922063318708
42 18
     0.000235383959915    -0.000020916328548     0.000000000000000
    -0.000020917041513    -0.000038318185225    -0.000000000000000
    -0.000000000000000    -0.000000000000000    -0.000002355319129
42 19
     0.002386350900582    -0.000042813635447     0.000000000000000
    -0.000042814560091    -0.000491454309028    -0.000000000000000
    -0.000000000000000    -0.000000000000000    -0.000039623234252
42 20
     0.000927821822775     0.000568410945734     0.000000000000000
     0.000568399441175    -0.000090611399672    -0.000000000000000
    -0.000000000000000    -0.000000000000000    -0.000049975819804
42 21
    -0.000036397124638    -0.000131410450591     0.000000000000000
    -0.000131405965501     0.000498664202013    -0.000000000000000
    -0.000000000000000     0.000000000000000    -0.000004798998702
42 22
     0.000028042814202    -0.000306445618963     0.000000000000000
    -0.000306435020765     0.000512033925226    -0.000000000000000
     0.000000000000000     0.000000000000000    -0.000013901431833
42 23
     0.001066145409715     0.001181545223478    -0.000000000000000
     0.001181521175269    -0.000218531730301     0.000000000000000
     0.000000000000000    -0.000000000000000     0.000001317900395
42 24
    -0.361593016905366    -0.558790955771618    -0.000000000000000
    -0.558551759457008    -0.639596437904529     0.000000000000000
    -0.000000000000000     0.000000000000000     0.076656678507533
42 25
     0.001066145371651    -0.001181545189132    -0.000000000000000
    -0.001181521182310    -0.000218531768364     0.000000000000000
    -0.000000000000000     0.000000000000000     0.000001317900395
42 26
    -0.361592998903631     0.558790944122715    -0.000000000000000
     0.558551738852084    -0.639596419910502     0.000000000000000
     0.000000000000000    -0.000000000000000     0.076656678507533
42 27
     0.002386350901961     0.000042813712324     0.000000000000000
     0.000042814544259    -0.000491454307649    -0.000000000000000
    -0.000000000000000    -0.000000000000000    -0.000039623234252
42 28
     0.000927821804463    -0.000568410915844     0.000000000000000
    -0.000568399444094    -0.000090611417983    -0.000000000000000
    -0.000000000000000     0.000000000000000    -0.000049975819804
42 29
    -0.000036397120404     0.000131410449418     0.000000000000000
     0.000131405981566     0.000498664206246    -0.000000000000000
     0.000000000000000     0.000000000000000    -0.000004798998702
42 30
     0.000028042824074     0.000306445619866     0.000000000000000
     0.000306435037261     0.000512033935098    -0.000000000000000
     0.000000000000000     0.000000000000000    -0.000013901431833
42 31
    -0.025445740703200    -0.004356793024637    -0.000000000000000
    -0.004358243649415    -0.000842038580708     0.000000000000000
     0.000000000000000     0.000000000000000     0.155922063318708
42 32
     0.000235383960589     0.000020916336131     0.000000000000000
     0.000020917040278    -0.000038318184552    -0.000000000000000
    -0.000000000000000    -0.000000000000000    -0.000002355319129
42 33
    -1.349743782458634    -0.892425320297804     0.000000000000000
    -0.892494479474531    -0.407700389607704    -0.000000000000000
    -0.000000000000000     0.000000000000000    -0.020887748578132
42 34
     0.000329746871735     0.000401725115853     0.000000000000000
     0.000401724720097     0.000231997436373    -0.000000000000000
     0.000000000000000     0.000000000000000    -0.000015041938561
42 35
    -0.000256838462747    -0.000599450627673     0.000000000000000
    -0.000599436926441     0.001965414363235    -0.000000000000000
    -0.000000000000000     0.000000000000000    -0.000033010821433
42 36
     0.000006694152480    -0.000032729776473     0.000000000000000
    -0.000032729040917     0.000063304483893    -0.000000000000000
    -0.000000000000000     0.000000000000000    -0.000000826165280
42 37
     0.000146606724863    -0.000082285674016     0.000000000000000
    -0.000082286219054     0.000051590472412    -0.000000000000000
    -0.000000000000000     0.000000000000000    -0.000002248504140
42 38
     0.000146606727514     0.000082285678739     0.000000000000000
     0.000082286220716     0.000051590475063    -0.000000000000000
     0.000000000000000     0.000000000000000    -0.000002248504140
42 39
     0.000237621148951     0.000000000003828     0.000000000000000
    -0.000000000000364    -0.000022618585127    -0.000000000000000
    -0.000000000000000    -0.000000000000000    -0.000004090129675
42 40
     1.216463483438555     0.028586022569994    -0.000000000000000
    -2.226168253805719    -0.052138574335756     0.000000000000000
    -0.000000000000001    -0.000000000000000     4.184343115054484
42 41
     1.216463482517643    -0.028585983381004    -0.000000000000000
     2.226168252126047    -0.052138502618612     0.000000000000000
     0.000000000000000    -0.000000000000000     4.184343115054484
42 42
    75.299753438072003     0.000001212909940    -0.000000000000001
     0.000000681983511    42.338836413233736     0.000000000000000
    -0.000000000000011     0.000000000000023    12.437721949429282