  50   50
1 1
    44.811845842196931    -0.000000000000000    -0.000000000000002
     0.000000000000000    44.811845842196931     0.000000000000000
     0.000000000000007    -0.000000000000011    48.925795658815176
1 2
    -0.379075443826530    -0.000000000000000     0.000000000000000
     0.000000000000000    -0.379075443826530    -0.000000000000000
    -0.000000000000000     0.000000000000000    -0.804766399077163
1 3
     1.032783848689910     0.000000000000000    -0.000000000000000
     0.000000000000000     0.804388574074370    -0.000461508180706
     0.000000000000000    -1.109329431020214     0.001118323696389
1 4
   -21.180124465052891    -0.000000000000000    12.672861815044548
     0.000000000000001    -3.694359529480471    -0.000000000000001
    12.515118194914194     0.000000000000001   -13.067035238381433
1 5
   -21.180124465052891    -0.000000000000000   -12.672861815044547
    -0.000000000000001    -3.694359529480470    -0.000000000000001
   -12.515118194914201     0.000000000000001   -13.067035238381438
1 6
    -3.694359529480471    -0.000000000000001     0.000000000000001
     0.000000000000000   -21.180124465052891    12.672861815044545
    -0.000000000000000    12.515118194914201   -13.067035238381440
1 7
    -3.694359529480471     0.000000000000001     0.000000000000000
     0.000000000000000   -21.180124465052891   -12.672861815044545
    -0.000000000000000   -12.515118194914194   -13.067035238381434
1 8
     0.804388574074371    -0.000000000000000    -0.000461508180706
    -0.000000000000000     1.032783848689910     0.000000000000000
    -1.109329431020214    -0.000000000000000     0.001118323696389
1 9
     0.804388574074371    -0.000000000000000     0.000461508180706
     0.000000000000000     1.032783848689910    -0.000000000000000
     1.109329431020214    -0.000000000000000     0.001118323696389
1 10
     1.032783848689911    -0.000000000000000    -0.000000000000000
     0.000000000000000     0.804388574074370     0.000461508180706
     0.000000000000000     1.109329431020214     0.001118323696389
1 11
    -0.255141338603355    -0.000000000000000     0.753169614210964
    -0.000000000000000     1.161123416791426    -0.000000000000000
    -0.351609628413581    -0.000000000000000     1.038194758823662
1 12
     0.000837539261111     0.000000000000000    -0.000056349032300
    -0.000000000000000    -0.000140835375665    -0.000000000000000
    -0.000056349668569     0.000000000000000    -0.000084175292316
1 13
    -0.255141338603355     0.000000000000000    -0.753169614210964
     0.000000000000000     1.161123416791426     0.000000000000000
     0.351609628413581    -0.000000000000000     1.038194758823662
1 14
     0.000837539261111    -0.000000000000000     0.000056349032300
     0.000000000000000    -0.000140835375665    -0.000000000000000
     0.000056349668569     0.000000000000000    -0.000084175292316
1 15
     1.161123416791427     0.000000000000000    -0.000000000000000
     0.000000000000000    -0.255141338603355     0.753169614210964
     0.000000000000000    -0.351609628413581     1.038194758823662
1 16
    -0.000140835375665     0.000000000000000     0.000000000000000
    -0.000000000000000     0.000837539261111    -0.000056349032300
    -0.000000000000000    -0.000056349668569    -0.000084175292316
1 17
     1.161123416791426    -0.000000000000000    -0.000000000000000
    -0.000000000000000    -0.255141338603355    -0.753169614210964
     0.000000000000000     0.351609628413582     1.038194758823662
1 18
    -0.000140835375665    -0.000000000000000     0.000000000000000
     0.000000000000000     0.000837539261111     0.000056349032300
    -0.000000000000000     0.000056349668569    -0.000084175292316
1 19
     0.267219462689634    -0.000000000000000     0.000000000000000
    -0.000000000000000    -0.012351755584255     0.014087199976018
     0.000000000000000     0.014086734515012    -0.011917648040321
1 20
    -0.012351755584255    -0.000000000000000    -0.014087199976018
    -0.000000000000000     0.267219462689634    -0.000000000000000
    -0.014086734515012    -0.000000000000000    -0.011917648040321
1 21
     0.000462589471602     0.000000000000000     0.000051841305310
     0.000000000000000    -0.000094189399564     0.000000000000000
     0.000051841810882     0.000000000000000     0.000075069809663
1 22
    -0.012351755584255     0.000000000000000     0.014087199976018
     0.000000000000000     0.267219462689634    -0.000000000000000
     0.014086734515012    -0.000000000000000    -0.011917648040321
1 23
     0.000462589471602    -0.000000000000000    -0.000051841305310
    -0.000000000000000    -0.000094189399564     0.000000000000000
    -0.000051841810882     0.000000000000000     0.000075069809663
1 24
    -0.000094189399564     0.000000000000000    -0.000000000000000
     0.000000000000000     0.000462589471602    -0.000051841305310
    -0.000000000000000    -0.000051841810882     0.000075069809663
1 25
     0.258443255120992    -0.000000000000000     0.000000000000000
    -0.000000000000000    -0.013203311841587     0.006654404115784
     0.000000000000000     0.006654950564013    -0.002668785339440
1 26
    -0.000229173936104     0.000000000000000    -0.000000000000000
    -0.000000000000000     0.001071397895648    -0.000312591289117
    -0.000000000000000    -0.000312592037381     0.000008130272626
1 27
     0.258443255120992     0.000000000000000     0.000000000000000
    -0.000000000000000    -0.013203311841587    -0.006654404115784
     0.000000000000000    -0.006654950564013    -0.002668785339440
1 28
    -0.000229173936104    -0.000000000000000    -0.000000000000000
    -0.000000000000000     0.001071397895648     0.000312591289117
    -0.000000000000000     0.000312592037381     0.000008130272626
1 29
    -0.013203311841587     0.000000000000000     0.006654404115784
     0.000000000000000     0.258443255120992    -0.000000000000000
     0.006654950564013    -0.000000000000000    -0.002668785339440
1 30
     0.001071397895648     0.000000000000000    -0.000312591289117
    -0.000000000000000    -0.000229173936104     0.000000000000000
    -0.000312592037381     0.000000000000000     0.000008130272626
1 31
    -0.013203311841587     0.000000000000000    -0.006654404115784
    -0.000000000000000     0.258443255120992    -0.000000000000000
    -0.006654950564013    -0.000000000000000    -0.002668785339440
1 32
     0.001071397895648     0.000000000000000     0.000312591289117
     0.000000000000000    -0.000229173936104     0.000000000000000
     0.000312592037381     0.000000000000000     0.000008130272626
1 33
     0.267219462689634     0.000000000000000     0.000000000000000
     0.000000000000000    -0.012351755584255    -0.014087199976018
     0.000000000000000    -0.014086734515012    -0.011917648040321
1 34
    -0.000094189399564    -0.000000000000000    -0.000000000000000
    -0.000000000000000     0.000462589471602     0.000051841305310
    -0.000000000000000     0.000051841810882     0.000075069809663
1 35
    -0.000272507988372     0.000000000000000    -0.000000000000000
     0.000000000000000     0.000345287066069    -0.000056382186957
    -0.000000000000000    -0.000056387216064     0.000528288964314
1 36
    -0.000030844261307     0.000000000000000    -0.000000000000000
    -0.000000000000000     0.000140887498803    -0.000014309167526
    -0.000000000000000    -0.000014309307640     0.000036738430983
1 37
    -0.200596619289685    -0.000000000000000    -0.018630161640839
    -0.000000000000000    -0.386943267645013     0.000000000000000
    -0.018633482948507     0.000000000000000     0.011529756129582
1 38
     0.000343292595344     0.000000000000000     0.000017436640798
     0.000000000000000    -0.000056911881863    -0.000000000000000
     0.000017436871451     0.000000000000000    -0.000042534008186
1 39
    -0.200596619289685     0.000000000000000     0.018630161640839
     0.000000000000000    -0.386943267645013     0.000000000000000
     0.018633482948507     0.000000000000000     0.011529756129582
1 40
     0.000343292595344    -0.000000000000000    -0.000017436640798
    -0.000000000000000    -0.000056911881863    -0.000000000000000
    -0.000017436871451     0.000000000000000    -0.000042534008186
1 41
    -0.386943267645013     0.000000000000000    -0.000000000000000
     0.000000000000000    -0.200596619289685    -0.018630161640839
    -0.000000000000000    -0.018633482948507     0.011529756129582
1 42
    -0.000056911881863    -0.000000000000000     0.000000000000000
    -0.000000000000000     0.000343292595344     0.000017436640798
    -0.000000000000000     0.000017436871451    -0.000042534008186
1 43
    -0.386943267645013    -0.000000000000000    -0.000000000000000
    -0.000000000000000    -0.200596619289685     0.018630161640839
    -0.000000000000000     0.018633482948507     0.011529756129582
1 44
    -0.000056911881863     0.000000000000000     0.000000000000000
     0.000000000000000     0.000343292595344    -0.000017436640798
    -0.000000000000000    -0.000017436871451    -0.000042534008186
1 45
     0.000345287066069    -0.000000000000000    -0.000056382186957
    -0.000000000000000    -0.000272507988372     0.000000000000000
    -0.000056387216064     0.000000000000000     0.000528288964314
1 46
     0.000140887498803     0.000000000000000    -0.000014309167526
    -0.000000000000000    -0.000030844261307     0.000000000000000
    -0.000014309307640     0.000000000000000     0.000036738430983
1 47
     0.000345287066069     0.000000000000000     0.000056382186957
     0.000000000000000    -0.000272507988372     0.000000000000000
     0.000056387216064     0.000000000000000     0.000528288964314
1 48
     0.000140887498803    -0.000000000000000     0.000014309167526
     0.000000000000000    -0.000030844261307     0.000000000000000
     0.000014309307640     0.000000000000000     0.000036738430983
1 49
    -0.000272507988372    -0.000000000000000    -0.000000000000000
    -0.000000000000000     0.000345287066069     0.000056382186957
    -0.000000000000000     0.000056387216064     0.000528288964314
1 50
    -0.000030844261307    -0.000000000000000    -0.000000000000000
     0.000000000000000     0.000140887498803     0.000014309167526
    -0.000000000000000     0.000014309307640     0.000036738430983
2 1
    -0.379075443826530    -0.000000000000000     0.000000000000000
     0.000000000000000    -0.379075443826530    -0.000000000000000
    -0.000000000000000     0.000000000000000    -0.804766399077163
2 2
    44.811845842196924    -0.000000000000000    -0.000000000000002
     0.000000000000000    44.811845842196924     0.000000000000000
     0.000000000000007    -0.000000000000011    48.925795658815176
2 3
    -3.694359529480470    -0.000000000000001     0.000000000000001
     0.000000000000000   -21.180124465052888    12.672861815044543
    -0.000000000000000    12.515118194914200   -13.067035238381440
2 4
     0.804388574074370    -0.000000000000000    -0.000461508180706
    -0.000000000000000     1.032783848689910     0.000000000000000
    -1.109329431020214    -0.000000000000000     0.001118323696389
2 5
     0.804388574074370    -0.000000000000000     0.000461508180706
     0.000000000000000     1.032783848689910    -0.000000000000000
     1.109329431020214    -0.000000000000000     0.001118323696389
2 6
     1.032783848689910     0.000000000000000    -0.000000000000000
     0.000000000000000     0.804388574074370    -0.000461508180706
     0.000000000000000    -1.109329431020214     0.001118323696389
2 7
     1.032783848689910    -0.000000000000000    -0.000000000000000
     0.000000000000000     0.804388574074370     0.000461508180706
     0.000000000000000     1.109329431020214     0.001118323696389
2 8
   -21.180124465052888    -0.000000000000000    12.672861815044547
     0.000000000000001    -3.694359529480470    -0.000000000000001
    12.515118194914193     0.000000000000001   -13.067035238381433
2 9
   -21.180124465052888    -0.000000000000000   -12.672861815044545
    -0.000000000000001    -3.694359529480469    -0.000000000000001
   -12.515118194914200     0.000000000000001   -13.067035238381438
2 10
    -3.694359529480470     0.000000000000001     0.000000000000000
     0.000000000000000   -21.180124465052888   -12.672861815044543
    -0.000000000000000   -12.515118194914193   -13.067035238381434
2 11
    -0.012351755584255    -0.000000000000000    -0.014087199976018
    -0.000000000000000     0.267219462689634    -0.000000000000000
    -0.014086734515012    -0.000000000000000    -0.011917648040321
2 12
     0.000462589471602     0.000000000000000     0.000051841305310
     0.000000000000000    -0.000094189399564     0.000000000000000
     0.000051841810882     0.000000000000000     0.000075069809663
2 13
    -0.012351755584255     0.000000000000000     0.014087199976018
     0.000000000000000     0.267219462689634    -0.000000000000000
     0.014086734515012    -0.000000000000000    -0.011917648040321
2 14
     0.000462589471602    -0.000000000000000    -0.000051841305310
    -0.000000000000000    -0.000094189399564     0.000000000000000
    -0.000051841810882     0.000000000000000     0.000075069809663
2 15
     0.267219462689634     0.000000000000000     0.000000000000000
     0.000000000000000    -0.012351755584255    -0.014087199976018
     0.000000000000000    -0.014086734515012    -0.011917648040321
2 16
    -0.000094189399564    -0.000000000000000    -0.000000000000000
    -0.000000000000000     0.000462589471602     0.000051841305310
    -0.000000000000000     0.000051841810882     0.000075069809663
2 17
     0.267219462689634    -0.000000000000000     0.000000000000000
    -0.000000000000000    -0.012351755584255     0.014087199976018
     0.000000000000000     0.014086734515012    -0.011917648040321
2 18
    -0.000094189399564     0.000000000000000    -0.000000000000000
     0.000000000000000     0.000462589471602    -0.000051841305310
    -0.000000000000000    -0.000051841810882     0.000075069809663
2 19
     1.161123416791426    -0.000000000000000    -0.000000000000000
    -0.000000000000000    -0.255141338603354    -0.753169614210964
     0.000000000000000     0.351609628413581     1.038194758823662
2 20
    -0.255141338603355    -0.000000000000000     0.753169614210964
    -0.000000000000000     1.161123416791426    -0.000000000000000
    -0.351609628413581    -0.000000000000000     1.038194758823662
2 21
     0.000837539261111     0.000000000000000    -0.000056349032300
    -0.000000000000000    -0.000140835375665    -0.000000000000000
    -0.000056349668569     0.000000000000000    -0.000084175292316
2 22
    -0.255141338603355     0.000000000000000    -0.753169614210964
     0.000000000000000     1.161123416791426     0.000000000000000
     0.351609628413581    -0.000000000000000     1.038194758823662
2 23
     0.000837539261111    -0.000000000000000     0.000056349032300
     0.000000000000000    -0.000140835375665    -0.000000000000000
     0.000056349668569     0.000000000000000    -0.000084175292316
2 24
    -0.000140835375665    -0.000000000000000     0.000000000000000
     0.000000000000000     0.000837539261111     0.000056349032300
    -0.000000000000000     0.000056349668569    -0.000084175292316
2 25
     0.258443255120992     0.000000000000000     0.000000000000000
    -0.000000000000000    -0.013203311841587    -0.006654404115784
     0.000000000000000    -0.006654950564013    -0.002668785339440
2 26
    -0.000229173936104    -0.000000000000000    -0.000000000000000
    -0.000000000000000     0.001071397895648     0.000312591289117
    -0.000000000000000     0.000312592037381     0.000008130272626
2 27
     0.258443255120992    -0.000000000000000     0.000000000000000
    -0.000000000000000    -0.013203311841587     0.006654404115784
     0.000000000000000     0.006654950564013    -0.002668785339440
2 28
    -0.000229173936104     0.000000000000000    -0.000000000000000
    -0.000000000000000     0.001071397895648    -0.000312591289117
    -0.000000000000000    -0.000312592037381     0.000008130272626
2 29
    -0.013203311841587     0.000000000000000    -0.006654404115784
    -0.000000000000000     0.258443255120992    -0.000000000000000
    -0.006654950564013    -0.000000000000000    -0.002668785339440
2 30
     0.001071397895648     0.000000000000000     0.000312591289117
     0.000000000000000    -0.000229173936104     0.000000000000000
     0.000312592037381     0.000000000000000     0.000008130272626
2 31
    -0.013203311841587     0.000000000000000     0.006654404115784
     0.000000000000000     0.258443255120992    -0.000000000000000
     0.006654950564013    -0.000000000000000    -0.002668785339440
2 32
     0.001071397895648     0.000000000000000    -0.000312591289117
    -0.000000000000000    -0.000229173936104     0.000000000000000
    -0.000312592037381     0.000000000000000     0.000008130272626
2 33
     1.161123416791426     0.000000000000000    -0.000000000000000
     0.000000000000000    -0.255141338603354     0.753169614210964
     0.000000000000000    -0.351609628413581     1.038194758823662
2 34
    -0.000140835375665     0.000000000000000     0.000000000000000
    -0.000000000000000     0.000837539261111    -0.000056349032300
    -0.000000000000000    -0.000056349668569    -0.000084175292316
2 35
    -0.386943267645013     0.000000000000000    -0.000000000000000
     0.000000000000000    -0.200596619289685    -0.018630161640839
    -0.000000000000000    -0.018633482948507     0.011529756129582
2 36
    -0.000056911881863    -0.000000000000000     0.000000000000000
    -0.000000000000000     0.000343292595344     0.000017436640798
    -0.000000000000000     0.000017436871451    -0.000042534008186
2 37
     0.000345287066069    -0.000000000000000    -0.000056382186957
    -0.000000000000000    -0.000272507988372     0.000000000000000
    -0.000056387216064     0.000000000000000     0.000528288964314
2 38
     0.000140887498803     0.000000000000000    -0.000014309167526
    -0.000000000000000    -0.000030844261307     0.000000000000000
    -0.000014309307640     0.000000000000000     0.000036738430983
2 39
     0.000345287066069     0.000000000000000     0.000056382186957
     0.000000000000000    -0.000272507988372     0.000000000000000
     0.000056387216064     0.000000000000000     0.000528288964314
2 40
     0.000140887498803    -0.000000000000000     0.000014309167526
     0.000000000000000    -0.000030844261307     0.000000000000000
     0.000014309307640     0.000000000000000     0.000036738430983
2 41
    -0.000272507988372     0.000000000000000    -0.000000000000000
     0.000000000000000     0.000345287066069    -0.000056382186957
    -0.000000000000000    -0.000056387216064     0.000528288964314
2 42
    -0.000030844261307     0.000000000000000    -0.000000000000000
    -0.000000000000000     0.000140887498803    -0.000014309167526
    -0.000000000000000    -0.000014309307640     0.000036738430983
2 43
    -0.000272507988372    -0.000000000000000    -0.000000000000000
    -0.000000000000000     0.000345287066069     0.000056382186957
    -0.000000000000000     0.000056387216064     0.000528288964314
2 44
    -0.000030844261307    -0.000000000000000    -0.000000000000000
     0.000000000000000     0.000140887498803     0.000014309167526
    -0.000000000000000     0.000014309307640     0.000036738430983
2 45
    -0.200596619289685    -0.000000000000000    -0.018630161640839
    -0.000000000000000    -0.386943267645012     0.000000000000000
    -0.018633482948507     0.000000000000000     0.011529756129582
2 46
     0.000343292595344     0.000000000000000     0.000017436640798
     0.000000000000000    -0.000056911881863    -0.000000000000000
     0.000017436871451     0.000000000000000    -0.000042534008186
2 47
    -0.200596619289685     0.000000000000000     0.018630161640839
     0.000000000000000    -0.386943267645012     0.000000000000000
     0.018633482948507     0.000000000000000     0.011529756129582
2 48
     0.000343292595344    -0.000000000000000    -0.000017436640798
    -0.000000000000000    -0.000056911881863    -0.000000000000000
    -0.000017436871451     0.000000000000000    -0.000042534008186
2 49
    -0.386943267645013    -0.000000000000000    -0.000000000000000
    -0.000000000000000    -0.200596619289685     0.018630161640839
    -0.000000000000000     0.018633482948507     0.011529756129582
2 50
    -0.000056911881863     0.000000000000000     0.000000000000000
     0.000000000000000     0.000343292595344    -0.000017436640798
    -0.000000000000000    -0.000017436871451    -0.000042534008186
3 1
     1.032774458315374    -0.000000000000000     0.000000000000000
    -0.000000000000000     0.804400837645596    -1.109323255562024
    -0.000000000000000    -0.000461504851531     0.001118280089652
3 2
    -3.693903508163483    -0.000000000000001     0.000000000000000
     0.000000000000000   -21.180055823049578    12.514898833994714
    -0.000000000000000    12.672927498757783   -13.066214899730939
3 3
    19.090948568977147     0.000000000000000    -0.000000000000000
    -0.000000000000001    76.907107246325907    -3.862490135726986
     0.000000000000000    -3.863379488688286    73.980395065279694
3 4
    -0.000521424616707    -0.000565838698293    -0.000000000000003
    -0.000565838698292    -0.000521424616690     0.000000000000003
    -0.000000000000004     0.000000000000000     0.001846683653340
3 5
    -0.000521424616707     0.000565838698293     0.000000000000003
     0.000565838698292    -0.000521424616690     0.000000000000003
     0.000000000000004     0.000000000000000     0.001846683653340
3 6
     0.002546269597661     0.000000000000000     0.000000000000000
    -0.000000000000000    -0.054615866937223    -0.023629513446506
    -0.000000000000000    -0.023625809588340    -0.006996199563441
3 7
   -10.671495210487990    -0.000000000000000     0.000000000000000
     0.000000000000001   -14.690484056214336    -1.850147464343121
     0.000000000000000     1.850170103722066   -45.531868800204791
3 8
    -0.029470947283259    -0.212682857936153    -0.040316683376747
    -0.092563554148387    -0.029504742859008    -0.127444436910442
    -0.127468882424500    -0.040291769873939    -0.175384381020250
3 9
    -0.029470947283259     0.212682857936153     0.040316683376747
     0.092563554148387    -0.029504742859008    -0.127444436910442
     0.127468882424500    -0.040291769873939    -0.175384381020250
3 10
    -0.284135036831290     0.000000000000000     0.000000000000000
     0.000000000000000    -0.118931351233896     0.163932298314701
     0.000000000000000    -0.163882927947111     0.225948249770397
3 11
     0.000718882767924    -0.000770044443539    -0.000432202618027
    -0.000770034130191    -0.000258779250530     0.000238639715943
    -0.000432186078276     0.000238646846993     0.001362729320384
3 12
     0.000230320226376    -0.000041856454320    -0.000023142767809
    -0.000041857558154    -0.000030824358656     0.000007913709355
    -0.000023142269544     0.000007913229914     0.000037857309811
3 13
     0.000718882767924     0.000770044443539     0.000432202618027
     0.000770034130191    -0.000258779250530     0.000238639715943
     0.000432186078276     0.000238646846993     0.001362729320384
3 14
     0.000230320226376     0.000041856454320     0.000023142767809
     0.000041857558154    -0.000030824358656     0.000007913709355
     0.000023142269544     0.000007913229914     0.000037857309811
3 15
    -0.000388568218016    -0.000000000000000     0.000000000000000
     0.000000000000000     0.001607212092891     0.000665905112355
    -0.000000000000000     0.000665905087287     0.000011942405170
3 16
    -0.000083796441748     0.000000000000000     0.000000000000000
     0.000000000000000     0.000472997951741    -0.000097899113353
    -0.000000000000000    -0.000097896897136     0.000006225910925
3 17
     1.359309907684187    -0.000000000000000     0.000000000000000
    -0.000000000000000     1.002440406403084     2.959099253727774
     0.000000000000000     0.000194712845535     0.000740732569911
3 18
    -0.000388257575063     0.000000000000000     0.000000000000000
     0.000000000000000     0.001570677619679    -0.000689580621947
     0.000000000000000    -0.000689580113671     0.000058536576652
3 19
    -0.000532702809766     0.000000000000000    -0.000000000000000
     0.000000000000000     0.001850506585479    -0.000213857361133
     0.000000000000000    -0.000213873651004    -0.000448320134223
3 20
    -0.011646486907916    -0.006444936205324     0.007789078008228
    -0.006446473681488    -0.003540837333999     0.004302340941764
     0.007787688098815     0.004300574072114    -0.004636692256134
3 21
     0.000329201256225     0.000064267479866    -0.000052735541877
     0.000064269715852    -0.000035680982647    -0.000018379754764
    -0.000052734121057    -0.000018378523647    -0.000000849333442
3 22
    -0.011646486907916     0.006444936205324    -0.007789078008228
     0.006446473681488    -0.003540837333999     0.004302340941764
    -0.007787688098815     0.004300574072114    -0.004636692256134
3 23
     0.000329201256225    -0.000064267479866     0.000052735541877
    -0.000064269715852    -0.000035680982647    -0.000018379754764
     0.000052734121057    -0.000018378523647    -0.000000849333442
3 24
    -0.000105681967563     0.000000000000000     0.000000000000000
     0.000000000000000     0.000660738726135     0.000048985200643
    -0.000000000000000     0.000048983879443    -0.000068578408876
3 25
    -0.000178667357833    -0.000000000000000     0.000000000000000
     0.000000000000000     0.001058862955969     0.000126138044334
    -0.000000000000000     0.000126135062782    -0.000121661983027
3 26
    -0.000066347808810    -0.000000000000000    -0.000000000000000
     0.000000000000000     0.000421774471003    -0.000005137388312
     0.000000000000000    -0.000005137248594    -0.000035620858021
3 27
     1.044467621017367     0.000000000000000     0.000000000000000
    -0.000000000000000    -0.698534571845254    -0.573039002400714
     0.000000000000000     2.061716732029629     1.691615681084689
3 28
     0.377527395418814     0.000000000000000     0.000000000000000
    -0.000000000000000    -0.028055232628692     0.005148281398698
    -0.000000000000000     0.005146989993507    -0.000313545354121
3 29
     0.000893546079065    -0.000514701985109     0.000471124953997
    -0.000514708918008    -0.000128389518173    -0.000198517817615
     0.000471120354166    -0.000198513626436     0.000587106188468
3 30
     0.000365653931866    -0.000118609688241     0.000085075820955
    -0.000118612889620    -0.000047068971926    -0.000026531807756
     0.000085074074783    -0.000026530267382     0.000091827322719
3 31
     0.000893546079065     0.000514701985109    -0.000471124953997
     0.000514708918008    -0.000128389518173    -0.000198517817615
    -0.000471120354166    -0.000198513626436     0.000587106188468
3 32
     0.000365653931866     0.000118609688241    -0.000085075820955
     0.000118612889620    -0.000047068971926    -0.000026531807756
    -0.000085074074783    -0.000026530267382     0.000091827322719
3 33
   -10.334319566415550     0.000000000000000    -0.000000000000000
     0.000000000000001   -42.731374984228260    -7.771373220295254
     0.000000000000000    -9.962038093464148   -17.583380328002441
3 34
    -0.000546378593937    -0.000000000000000    -0.000000000000000
     0.000000000000000     0.001782689927852     0.000262560057506
     0.000000000000000     0.000262583440176    -0.000446586335952
3 35
     1.640488528579585     0.000000000000000    -0.000000000000000
    -0.000000000000000     0.856368190053058    -0.229546571427490
     0.000000000000000    -2.527548566509771     0.677503247058240
3 36
    -0.000217416337348     0.000000000000000     0.000000000000000
     0.000000000000000     0.000817817890440     0.000356953318231
    -0.000000000000000     0.000356959937966    -0.000048671979125
3 37
     0.000458450737744    -0.000354427981397    -0.000422469374643
    -0.000354413092761    -0.000065542187459     0.000213493900687
    -0.000422479468559     0.000213509684154     0.000157194205730
3 38
     0.000092412104091    -0.000026138987098    -0.000024641716256
    -0.000026139910150    -0.000009741388809     0.000007599743247
    -0.000024641064676     0.000007599217526     0.000006304945168
3 39
     0.000458450737744     0.000354427981397     0.000422469374643
     0.000354413092761    -0.000065542187459     0.000213493900687
     0.000422479468559     0.000213509684154     0.000157194205730
3 40
     0.000092412104091     0.000026138987098     0.000024641716256
     0.000026139910150    -0.000009741388809     0.000007599743247
     0.000024641064676     0.000007599217526     0.000006304945168
3 41
    -0.000045228217027    -0.000000000000000     0.000000000000000
     0.000000000000000     0.000199133976801     0.000081192695035
     0.000000000000000     0.000081191570870     0.000056968615555
3 42
    -0.000011828878744    -0.000000000000000     0.000000000000000
     0.000000000000000     0.000062709860250    -0.000005441471145
    -0.000000000000000    -0.000005441358709     0.000007463554411
3 43
     0.519154920288861    -0.000000000000000    -0.000000000000000
    -0.000000000000000    -0.009984805661119     0.021673295015561
     0.000000000000000     0.021681893319444    -0.035038044038308
3 44
    -0.000107096221457     0.000000000000000     0.000000000000000
     0.000000000000000     0.000379151136064    -0.000224965727911
     0.000000000000000    -0.000224964412285     0.000178847471635
3 45
    -0.001891986471569    -0.000818421466146     0.000463711847129
    -0.000818949715240    -0.000689086694094     0.000234665248188
     0.000463395998204     0.000234357809382    -0.000374045087305
3 46
     0.000143064692687     0.000041538854455    -0.000019604067461
     0.000041540679458    -0.000011486614840    -0.000005997267478
    -0.000019603410281    -0.000005996784672    -0.000013845731945
3 47
    -0.001891986471569     0.000818421466146    -0.000463711847129
     0.000818949715240    -0.000689086694094     0.000234665248188
    -0.000463395998204     0.000234357809382    -0.000374045087305
3 48
     0.000143064692687    -0.000041538854455     0.000019604067461
    -0.000041540679458    -0.000011486614840    -0.000005997267478
     0.000019603410281    -0.000005996784672    -0.000013845731945
3 49
    -0.000078857237699    -0.000000000000000     0.000000000000000
     0.000000000000000     0.000432115729324    -0.000137691499301
     0.000000000000000    -0.000137688365836    -0.000016741347009
3 50
    -0.000014893348804     0.000000000000000     0.000000000000000
     0.000000000000000     0.000090832000695     0.000008460103400
     0.000000000000000     0.000008459881886    -0.000003021479729
4 1
   -21.180055823049575    -0.000000000000000    12.514898833994712
     0.000000000000001    -3.693903508163482    -0.000000000000000
    12.672927498757781     0.000000000000000   -13.066214899730939
4 2
     0.804400837645595     0.000000000000000    -1.109323255562023
     0.000000000000000     1.032774458315373    -0.000000000000000
    -0.000461504851531     0.000000000000000     0.001118280089652
4 3
    -0.000521424616690    -0.000565838698292     0.000000000000003
    -0.000565838698293    -0.000521424616707    -0.000000000000003
     0.000000000000000    -0.000000000000004     0.001846683653340
4 4
    76.907107246325893     0.000000000000001    -3.862490135726986
    -0.000000000000000    19.090948568977144     0.000000000000000
    -3.863379488688286    -0.000000000000000    73.980395065279694
4 5
    -0.118931351233896    -0.000000000000000     0.163932298314701
    -0.000000000000000    -0.284135036831290    -0.000000000000000
    -0.163882927947111    -0.000000000000000     0.225948249770397
4 6
    -0.029504742859008    -0.092563554148387    -0.127444436910442
    -0.212682857936153    -0.029470947283259    -0.040316683376747
    -0.040291769873939    -0.127468882424500    -0.175384381020250
4 7
    -0.029504742859008     0.092563554148387    -0.127444436910442
     0.212682857936153    -0.029470947283259     0.040316683376747
    -0.040291769873939     0.127468882424500    -0.175384381020250
4 8
    -0.054615866937223     0.000000000000000    -0.023629513446506
    -0.000000000000000     0.002546269597661    -0.000000000000000
    -0.023625809588340     0.000000000000000    -0.006996199563441
4 9
   -14.690484056214332    -0.000000000000001    -1.850147464343121
     0.000000000000000   -10.671495210487988    -0.000000000000000
     1.850170103722066    -0.000000000000000   -45.531868800204791
4 10
    -0.000521424616690     0.000565838698292     0.000000000000003
     0.000565838698293    -0.000521424616707     0.000000000000003
     0.000000000000000     0.000000000000004     0.001846683653340
4 11
   -42.731374984228253    -0.000000000000001    -7.771373220295253
    -0.000000000000000   -10.334319566415548     0.000000000000000
    -9.962038093464146    -0.000000000000000   -17.583380328002441
4 12
     0.001782689927852    -0.000000000000000     0.000262560057506
     0.000000000000000    -0.000546378593937     0.000000000000000
     0.000262583440176    -0.000000000000000    -0.000446586335952
4 13
     0.001850506585479    -0.000000000000000    -0.000213857361133
    -0.000000000000000    -0.000532702809766     0.000000000000000
    -0.000213873651004    -0.000000000000000    -0.000448320134223
4 14
     0.000660738726135    -0.000000000000000     0.000048985200643
    -0.000000000000000    -0.000105681967563    -0.000000000000000
     0.000048983879443     0.000000000000000    -0.000068578408876
4 15
    -0.003540837333999    -0.006446473681488     0.004302340941764
    -0.006444936205324    -0.011646486907916     0.007789078008228
     0.004300574072114     0.007787688098815    -0.004636692256134
4 16
    -0.000035680982647     0.000064269715852    -0.000018379754764
     0.000064267479866     0.000329201256225    -0.000052735541877
    -0.000018378523647    -0.000052734121057    -0.000000849333442
4 17
    -0.003540837333999     0.006446473681488     0.004302340941764
     0.006444936205324    -0.011646486907916    -0.007789078008228
     0.004300574072114    -0.007787688098815    -0.004636692256134
4 18
    -0.000035680982647    -0.000064269715852    -0.000018379754764
    -0.000064267479866     0.000329201256225     0.000052735541877
    -0.000018378523647     0.000052734121057    -0.000000849333442
4 19
    -0.000258779250530     0.000770034130191     0.000238639715943
     0.000770044443539     0.000718882767924     0.000432202618027
     0.000238646846993     0.000432186078276     0.001362729320384
4 20
     0.001607212092891    -0.000000000000000     0.000665905112355
     0.000000000000000    -0.000388568218016    -0.000000000000000
     0.000665905087287     0.000000000000000     0.000011942405170
4 21
     0.000472997951741    -0.000000000000000    -0.000097899113353
    -0.000000000000000    -0.000083796441748    -0.000000000000000
    -0.000097896897136     0.000000000000000     0.000006225910925
4 22
     1.002440406403084     0.000000000000000     2.959099253727773
     0.000000000000000     1.359309907684187    -0.000000000000000
     0.000194712845535    -0.000000000000000     0.000740732569911
4 23
     0.001570677619679    -0.000000000000000    -0.000689580621947
    -0.000000000000000    -0.000388257575063    -0.000000000000000
    -0.000689580113671    -0.000000000000000     0.000058536576652
4 24
    -0.000030824358656     0.000041857558154     0.000007913709355
     0.000041856454320     0.000230320226376     0.000023142767809
     0.000007913229914     0.000023142269544     0.000037857309811
4 25
    -0.000128389518173     0.000514708918008    -0.000198517817615
     0.000514701985109     0.000893546079065    -0.000471124953997
    -0.000198513626436    -0.000471120354166     0.000587106188468
4 26
    -0.000047068971926     0.000118612889620    -0.000026531807756
     0.000118609688241     0.000365653931866    -0.000085075820955
    -0.000026530267382    -0.000085074074783     0.000091827322719
4 27
    -0.000128389518173    -0.000514708918008    -0.000198517817615
    -0.000514701985109     0.000893546079065     0.000471124953997
    -0.000198513626436     0.000471120354166     0.000587106188468
4 28
    -0.000047068971926    -0.000118612889620    -0.000026531807756
    -0.000118609688241     0.000365653931866     0.000085075820955
    -0.000026530267382     0.000085074074783     0.000091827322719
4 29
    -0.698534571845254     0.000000000000000    -0.573039002400714
    -0.000000000000000     1.044467621017366    -0.000000000000000
     2.061716732029629    -0.000000000000000     1.691615681084689
4 30
    -0.028055232628692     0.000000000000000     0.005148281398698
    -0.000000000000000     0.377527395418814    -0.000000000000000
     0.005146989993507     0.000000000000000    -0.000313545354121
4 31
     0.001058862955969    -0.000000000000000     0.000126138044334
     0.000000000000000    -0.000178667357833    -0.000000000000000
     0.000126135062782     0.000000000000000    -0.000121661983027
4 32
     0.000421774471003    -0.000000000000000    -0.000005137388312
     0.000000000000000    -0.000066347808810     0.000000000000000
    -0.000005137248594    -0.000000000000000    -0.000035620858021
4 33
    -0.000258779250530    -0.000770034130191     0.000238639715943
    -0.000770044443539     0.000718882767924    -0.000432202618027
     0.000238646846993    -0.000432186078276     0.001362729320384
4 34
    -0.000030824358656    -0.000041857558154     0.000007913709355
    -0.000041856454320     0.000230320226376    -0.000023142767809
     0.000007913229914    -0.000023142269544     0.000037857309811
4 35
    -0.000065542187459    -0.000354413092761     0.000213493900687
    -0.000354427981397     0.000458450737744    -0.000422469374643
     0.000213509684154    -0.000422479468559     0.000157194205730
4 36
    -0.000009741388809    -0.000026139910150     0.000007599743247
    -0.000026138987098     0.000092412104091    -0.000024641716256
     0.000007599217526    -0.000024641064676     0.000006304945168
4 37
     0.856368190053058     0.000000000000000    -0.229546571427490
    -0.000000000000000     1.640488528579584     0.000000000000000
    -2.527548566509771    -0.000000000000000     0.677503247058240
4 38
     0.000817817890440    -0.000000000000000     0.000356953318231
    -0.000000000000000    -0.000217416337348    -0.000000000000000
     0.000356959937966     0.000000000000000    -0.000048671979125
4 39
     0.000432115729324    -0.000000000000000    -0.000137691499301
     0.000000000000000    -0.000078857237699    -0.000000000000000
    -0.000137688365836    -0.000000000000000    -0.000016741347009
4 40
     0.000090832000695    -0.000000000000000     0.000008460103400
    -0.000000000000000    -0.000014893348804    -0.000000000000000
     0.000008459881886    -0.000000000000000    -0.000003021479729
4 41
    -0.000689086694094    -0.000818949715240     0.000234665248188
    -0.000818421466146    -0.001891986471569     0.000463711847129
     0.000234357809382     0.000463395998204    -0.000374045087305
4 42
    -0.000011486614840     0.000041540679458    -0.000005997267478
     0.000041538854455     0.000143064692687    -0.000019604067461
    -0.000005996784672    -0.000019603410281    -0.000013845731945
4 43
    -0.000689086694094     0.000818949715240     0.000234665248188
     0.000818421466146    -0.001891986471569    -0.000463711847129
     0.000234357809382    -0.000463395998204    -0.000374045087305
4 44
    -0.000011486614840    -0.000041540679458    -0.000005997267478
    -0.000041538854455     0.000143064692687     0.000019604067461
    -0.000005996784672     0.000019603410281    -0.000013845731945
4 45
     0.000199133976801    -0.000000000000000     0.000081192695035
     0.000000000000000    -0.000045228217027    -0.000000000000000
     0.000081191570870    -0.000000000000000     0.000056968615555
4 46
     0.000062709860250    -0.000000000000000    -0.000005441471145
     0.000000000000000    -0.000011828878744    -0.000000000000000
    -0.000005441358709     0.000000000000000     0.000007463554411
4 47
    -0.009984805661119     0.000000000000000     0.021673295015561
     0.000000000000000     0.519154920288861     0.000000000000000
     0.021681893319444    -0.000000000000000    -0.035038044038308
4 48
     0.000379151136064    -0.000000000000000    -0.000224965727911
    -0.000000000000000    -0.000107096221457    -0.000000000000000
    -0.000224964412285    -0.000000000000000     0.000178847471635
4 49
    -0.000065542187459     0.000354413092761     0.000213493900687
     0.000354427981397     0.000458450737744     0.000422469374643
     0.000213509684154     0.000422479468559     0.000157194205730
4 50
    -0.000009741388809     0.000026139910150     0.000007599743247
     0.000026138987098     0.000092412104091     0.000024641716256
     0.000007599217526     0.000024641064676     0.000006304945168
5 1
   -21.180055823049575    -0.000000000000000   -12.514898833994712
     0.000000000000001    -3.693903508163482     0.000000000000000
   -12.672927498757781    -0.000000000000000   -13.066214899730939
5 2
     0.804400837645595     0.000000000000000     1.109323255562023
     0.000000000000000     1.032774458315373     0.000000000000000
     0.000461504851531    -0.000000000000000     0.001118280089652
5 3
    -0.000521424616690     0.000565838698292    -0.000000000000003
     0.000565838698293    -0.000521424616707    -0.000000000000003
    -0.000000000000000    -0.000000000000004     0.001846683653340
5 4
    -0.118931351233896    -0.000000000000000    -0.163932298314701
    -0.000000000000000    -0.284135036831290     0.000000000000000
     0.163882927947111     0.000000000000000     0.225948249770397
5 5
    76.907107246325893     0.000000000000001     3.862490135726986
    -0.000000000000000    19.090948568977144    -0.000000000000000
     3.863379488688286     0.000000000000000    73.980395065279694
5 6
    -0.029504742859008     0.092563554148387     0.127444436910442
     0.212682857936153    -0.029470947283259    -0.040316683376747
     0.040291769873939    -0.127468882424500    -0.175384381020250
5 7
    -0.029504742859008    -0.092563554148387     0.127444436910442
    -0.212682857936153    -0.029470947283259     0.040316683376747
     0.040291769873939     0.127468882424500    -0.175384381020250
5 8
   -14.690484056214332    -0.000000000000001     1.850147464343121
     0.000000000000000   -10.671495210487988     0.000000000000000
    -1.850170103722066     0.000000000000000   -45.531868800204791
5 9
    -0.054615866937223     0.000000000000000     0.023629513446506
    -0.000000000000000     0.002546269597661     0.000000000000000
     0.023625809588340    -0.000000000000000    -0.006996199563441
5 10
    -0.000521424616690    -0.000565838698292    -0.000000000000003
    -0.000565838698293    -0.000521424616707     0.000000000000003
    -0.000000000000000     0.000000000000004     0.001846683653340
5 11
     0.001850506585479    -0.000000000000000     0.000213857361133
    -0.000000000000000    -0.000532702809766    -0.000000000000000
     0.000213873651004     0.000000000000000    -0.000448320134223
5 12
     0.000660738726135    -0.000000000000000    -0.000048985200643
    -0.000000000000000    -0.000105681967563     0.000000000000000
    -0.000048983879443    -0.000000000000000    -0.000068578408876
5 13
   -42.731374984228253    -0.000000000000001     7.771373220295253
    -0.000000000000000   -10.334319566415548    -0.000000000000000
     9.962038093464146     0.000000000000000   -17.583380328002441
5 14
     0.001782689927852    -0.000000000000000    -0.000262560057506
     0.000000000000000    -0.000546378593937    -0.000000000000000
    -0.000262583440176     0.000000000000000    -0.000446586335952
5 15
    -0.003540837333999     0.006446473681488    -0.004302340941764
     0.006444936205324    -0.011646486907916     0.007789078008228
    -0.004300574072114     0.007787688098815    -0.004636692256134
5 16
    -0.000035680982647    -0.000064269715852     0.000018379754764
    -0.000064267479866     0.000329201256225    -0.000052735541877
     0.000018378523647    -0.000052734121057    -0.000000849333442
5 17
    -0.003540837333999    -0.006446473681488    -0.004302340941764
    -0.006444936205324    -0.011646486907916    -0.007789078008228
    -0.004300574072114    -0.007787688098815    -0.004636692256134
5 18
    -0.000035680982647     0.000064269715852     0.000018379754764
     0.000064267479866     0.000329201256225     0.000052735541877
     0.000018378523647     0.000052734121057    -0.000000849333442
5 19
    -0.000258779250530    -0.000770034130191    -0.000238639715943
    -0.000770044443539     0.000718882767924     0.000432202618027
    -0.000238646846993     0.000432186078276     0.001362729320384
5 20
     1.002440406403084     0.000000000000000    -2.959099253727773
     0.000000000000000     1.359309907684187     0.000000000000000
    -0.000194712845535     0.000000000000000     0.000740732569911
5 21
     0.001570677619679    -0.000000000000000     0.000689580621947
    -0.000000000000000    -0.000388257575063     0.000000000000000
     0.000689580113671     0.000000000000000     0.000058536576652
5 22
     0.001607212092891    -0.000000000000000    -0.000665905112355
     0.000000000000000    -0.000388568218016     0.000000000000000
    -0.000665905087287    -0.000000000000000     0.000011942405170
5 23
     0.000472997951741    -0.000000000000000     0.000097899113353
    -0.000000000000000    -0.000083796441748     0.000000000000000
     0.000097896897136    -0.000000000000000     0.000006225910925
5 24
    -0.000030824358656    -0.000041857558154    -0.000007913709355
    -0.000041856454320     0.000230320226376     0.000023142767809
    -0.000007913229914     0.000023142269544     0.000037857309811
5 25
    -0.000128389518173    -0.000514708918008     0.000198517817615
    -0.000514701985109     0.000893546079065    -0.000471124953997
     0.000198513626436    -0.000471120354166     0.000587106188468
5 26
    -0.000047068971926    -0.000118612889620     0.000026531807756
    -0.000118609688241     0.000365653931866    -0.000085075820955
     0.000026530267382    -0.000085074074783     0.000091827322719
5 27
    -0.000128389518173     0.000514708918008     0.000198517817615
     0.000514701985109     0.000893546079065     0.000471124953997
     0.000198513626436     0.000471120354166     0.000587106188468
5 28
    -0.000047068971926     0.000118612889620     0.000026531807756
     0.000118609688241     0.000365653931866     0.000085075820955
     0.000026530267382     0.000085074074783     0.000091827322719
5 29
     0.001058862955969    -0.000000000000000    -0.000126138044334
     0.000000000000000    -0.000178667357833     0.000000000000000
    -0.000126135062782    -0.000000000000000    -0.000121661983027
5 30
     0.000421774471003    -0.000000000000000     0.000005137388312
     0.000000000000000    -0.000066347808810    -0.000000000000000
     0.000005137248594     0.000000000000000    -0.000035620858021
5 31
    -0.698534571845254     0.000000000000000     0.573039002400714
    -0.000000000000000     1.044467621017366     0.000000000000000
    -2.061716732029629     0.000000000000000     1.691615681084689
5 32
    -0.028055232628692     0.000000000000000    -0.005148281398698
    -0.000000000000000     0.377527395418814     0.000000000000000
    -0.005146989993507    -0.000000000000000    -0.000313545354121
5 33
    -0.000258779250530     0.000770034130191    -0.000238639715943
     0.000770044443539     0.000718882767924    -0.000432202618027
    -0.000238646846993    -0.000432186078276     0.001362729320384
5 34
    -0.000030824358656     0.000041857558154    -0.000007913709355
     0.000041856454320     0.000230320226376    -0.000023142767809
    -0.000007913229914    -0.000023142269544     0.000037857309811
5 35
    -0.000065542187459     0.000354413092761    -0.000213493900687
     0.000354427981397     0.000458450737744    -0.000422469374643
    -0.000213509684154    -0.000422479468559     0.000157194205730
5 36
    -0.000009741388809     0.000026139910150    -0.000007599743247
     0.000026138987098     0.000092412104091    -0.000024641716256
    -0.000007599217526    -0.000024641064676     0.000006304945168
5 37
     0.000432115729324    -0.000000000000000     0.000137691499301
     0.000000000000000    -0.000078857237699     0.000000000000000
     0.000137688365836     0.000000000000000    -0.000016741347009
5 38
     0.000090832000695    -0.000000000000000    -0.000008460103400
    -0.000000000000000    -0.000014893348804     0.000000000000000
    -0.000008459881886     0.000000000000000    -0.000003021479729
5 39
     0.856368190053058     0.000000000000000     0.229546571427490
    -0.000000000000000     1.640488528579584    -0.000000000000000
     2.527548566509771     0.000000000000000     0.677503247058240
5 40
     0.000817817890440    -0.000000000000000    -0.000356953318231
    -0.000000000000000    -0.000217416337348     0.000000000000000
    -0.000356959937966    -0.000000000000000    -0.000048671979125
5 41
    -0.000689086694094     0.000818949715240    -0.000234665248188
     0.000818421466146    -0.001891986471569     0.000463711847129
    -0.000234357809382     0.000463395998204    -0.000374045087305
5 42
    -0.000011486614840    -0.000041540679458     0.000005997267478
    -0.000041538854455     0.000143064692687    -0.000019604067461
     0.000005996784672    -0.000019603410281    -0.000013845731945
5 43
    -0.000689086694094    -0.000818949715240    -0.000234665248188
    -0.000818421466146    -0.001891986471569    -0.000463711847129
    -0.000234357809382    -0.000463395998204    -0.000374045087305
5 44
    -0.000011486614840     0.000041540679458     0.000005997267478
     0.000041538854455     0.000143064692687     0.000019604067461
     0.000005996784672     0.000019603410281    -0.000013845731945
5 45
    -0.009984805661119     0.000000000000000    -0.021673295015561
     0.000000000000000     0.519154920288861    -0.000000000000000
    -0.021681893319444     0.000000000000000    -0.035038044038308
5 46
     0.000379151136064    -0.000000000000000     0.000224965727911
    -0.000000000000000    -0.000107096221457     0.000000000000000
     0.000224964412285     0.000000000000000     0.000178847471635
5 47
     0.000199133976801    -0.000000000000000    -0.000081192695035
     0.000000000000000    -0.000045228217027     0.000000000000000
    -0.000081191570870     0.000000000000000     0.000056968615555
5 48
     0.000062709860250    -0.000000000000000     0.000005441471145
     0.000000000000000    -0.000011828878744     0.000000000000000
     0.000005441358709    -0.000000000000000     0.000007463554411
5 49
    -0.000065542187459    -0.000354413092761    -0.000213493900687
    -0.000354427981397     0.000458450737744     0.000422469374643
    -0.000213509684154     0.000422479468559     0.000157194205730
5 50
    -0.000009741388809    -0.000026139910150    -0.000007599743247
    -0.000026138987098     0.000092412104091     0.000024641716256
    -0.000007599217526     0.000024641064676     0.000006304945168
6 1
    -3.693903508163482    -0.000000000000001     0.000000000000000
     0.000000000000000   -21.180055823049575    12.514898833994712
    -0.000000000000000    12.672927498757781   -13.066214899730939
6 2
     1.032774458315373    -0.000000000000000     0.000000000000000
    -0.000000000000000     0.804400837645595    -1.109323255562023
    -0.000000000000000    -0.000461504851531     0.001118280089652
6 3
     0.002546269597661     0.000000000000000     0.000000000000000
    -0.000000000000000    -0.054615866937223    -0.023629513446506
    -0.000000000000000    -0.023625809588340    -0.006996199563441
6 4
    -0.029470947283259    -0.212682857936153    -0.040316683376747
    -0.092563554148387    -0.029504742859008    -0.127444436910442
    -0.127468882424500    -0.040291769873939    -0.175384381020250
6 5
    -0.029470947283259     0.212682857936153     0.040316683376747
     0.092563554148387    -0.029504742859008    -0.127444436910442
     0.127468882424500    -0.040291769873939    -0.175384381020250
6 6
    19.090948568977144     0.000000000000000    -0.000000000000000
    -0.000000000000001    76.907107246325893    -3.862490135726986
     0.000000000000000    -3.863379488688286    73.980395065279694
6 7
    -0.284135036831290     0.000000000000000     0.000000000000000
     0.000000000000000    -0.118931351233896     0.163932298314701
     0.000000000000000    -0.163882927947111     0.225948249770397
6 8
    -0.000521424616707    -0.000565838698293    -0.000000000000003
    -0.000565838698292    -0.000521424616690     0.000000000000003
    -0.000000000000004     0.000000000000000     0.001846683653340
6 9
    -0.000521424616707     0.000565838698293     0.000000000000003
     0.000565838698292    -0.000521424616690     0.000000000000003
     0.000000000000004     0.000000000000000     0.001846683653340
6 10
   -10.671495210487988    -0.000000000000000     0.000000000000000
     0.000000000000001   -14.690484056214332    -1.850147464343121
     0.000000000000000     1.850170103722066   -45.531868800204791
6 11
    -0.011646486907916    -0.006444936205324     0.007789078008228
    -0.006446473681488    -0.003540837333999     0.004302340941764
     0.007787688098815     0.004300574072114    -0.004636692256134
6 12
     0.000329201256225     0.000064267479866    -0.000052735541877
     0.000064269715852    -0.000035680982647    -0.000018379754764
    -0.000052734121057    -0.000018378523647    -0.000000849333442
6 13
    -0.011646486907916     0.006444936205324    -0.007789078008228
     0.006446473681488    -0.003540837333999     0.004302340941764
    -0.007787688098815     0.004300574072114    -0.004636692256134
6 14
     0.000329201256225    -0.000064267479866     0.000052735541877
    -0.000064269715852    -0.000035680982647    -0.000018379754764
     0.000052734121057    -0.000018378523647    -0.000000849333442
6 15
   -10.334319566415548     0.000000000000000    -0.000000000000000
     0.000000000000001   -42.731374984228253    -7.771373220295253
     0.000000000000000    -9.962038093464146   -17.583380328002441
6 16
    -0.000546378593937    -0.000000000000000    -0.000000000000000
     0.000000000000000     0.001782689927852     0.000262560057506
     0.000000000000000     0.000262583440176    -0.000446586335952
6 17
    -0.000532702809766     0.000000000000000    -0.000000000000000
     0.000000000000000     0.001850506585479    -0.000213857361133
     0.000000000000000    -0.000213873651004    -0.000448320134223
6 18
    -0.000105681967563     0.000000000000000     0.000000000000000
     0.000000000000000     0.000660738726135     0.000048985200643
    -0.000000000000000     0.000048983879443    -0.000068578408876
6 19
     1.359309907684187    -0.000000000000000     0.000000000000000
    -0.000000000000000     1.002440406403084     2.959099253727773
     0.000000000000000     0.000194712845535     0.000740732569911
6 20
     0.000718882767924    -0.000770044443539    -0.000432202618027
    -0.000770034130191    -0.000258779250530     0.000238639715943
    -0.000432186078276     0.000238646846993     0.001362729320384
6 21
     0.000230320226376    -0.000041856454320    -0.000023142767809
    -0.000041857558154    -0.000030824358656     0.000007913709355
    -0.000023142269544     0.000007913229914     0.000037857309811
6 22
     0.000718882767924     0.000770044443539     0.000432202618027
     0.000770034130191    -0.000258779250530     0.000238639715943
     0.000432186078276     0.000238646846993     0.001362729320384
6 23
     0.000230320226376     0.000041856454320     0.000023142767809
     0.000041857558154    -0.000030824358656     0.000007913709355
     0.000023142269544     0.000007913229914     0.000037857309811
6 24
    -0.000388257575063     0.000000000000000     0.000000000000000
     0.000000000000000     0.001570677619679    -0.000689580621947
     0.000000000000000    -0.000689580113671     0.000058536576652
6 25
     1.044467621017366     0.000000000000000     0.000000000000000
    -0.000000000000000    -0.698534571845254    -0.573039002400714
     0.000000000000000     2.061716732029629     1.691615681084689
6 26
     0.377527395418814     0.000000000000000     0.000000000000000
    -0.000000000000000    -0.028055232628692     0.005148281398698
    -0.000000000000000     0.005146989993507    -0.000313545354121
6 27
    -0.000178667357833    -0.000000000000000     0.000000000000000
     0.000000000000000     0.001058862955969     0.000126138044334
    -0.000000000000000     0.000126135062782    -0.000121661983027
6 28
    -0.000066347808810    -0.000000000000000    -0.000000000000000
     0.000000000000000     0.000421774471003    -0.000005137388312
     0.000000000000000    -0.000005137248594    -0.000035620858021
6 29
     0.000893546079065     0.000514701985109    -0.000471124953997
     0.000514708918008    -0.000128389518173    -0.000198517817615
    -0.000471120354166    -0.000198513626436     0.000587106188468
6 30
     0.000365653931866     0.000118609688241    -0.000085075820955
     0.000118612889620    -0.000047068971926    -0.000026531807756
    -0.000085074074783    -0.000026530267382     0.000091827322719
6 31
     0.000893546079065    -0.000514701985109     0.000471124953997
    -0.000514708918008    -0.000128389518173    -0.000198517817615
     0.000471120354166    -0.000198513626436     0.000587106188468
6 32
     0.000365653931866    -0.000118609688241     0.000085075820955
    -0.000118612889620    -0.000047068971926    -0.000026531807756
     0.000085074074783    -0.000026530267382     0.000091827322719
6 33
    -0.000388568218016    -0.000000000000000     0.000000000000000
     0.000000000000000     0.001607212092891     0.000665905112355
    -0.000000000000000     0.000665905087287     0.000011942405170
6 34
    -0.000083796441748     0.000000000000000     0.000000000000000
     0.000000000000000     0.000472997951741    -0.000097899113353
    -0.000000000000000    -0.000097896897136     0.000006225910925
6 35
    -0.000045228217027    -0.000000000000000     0.000000000000000
     0.000000000000000     0.000199133976801     0.000081192695035
     0.000000000000000     0.000081191570870     0.000056968615555
6 36
    -0.000011828878744    -0.000000000000000     0.000000000000000
     0.000000000000000     0.000062709860250    -0.000005441471145
    -0.000000000000000    -0.000005441358709     0.000007463554411
6 37
    -0.001891986471569    -0.000818421466146     0.000463711847129
    -0.000818949715240    -0.000689086694094     0.000234665248188
     0.000463395998204     0.000234357809382    -0.000374045087305
6 38
     0.000143064692687     0.000041538854455    -0.000019604067461
     0.000041540679458    -0.000011486614840    -0.000005997267478
    -0.000019603410281    -0.000005996784672    -0.000013845731945
6 39
    -0.001891986471569     0.000818421466146    -0.000463711847129
     0.000818949715240    -0.000689086694094     0.000234665248188
    -0.000463395998204     0.000234357809382    -0.000374045087305
6 40
     0.000143064692687    -0.000041538854455     0.000019604067461
    -0.000041540679458    -0.000011486614840    -0.000005997267478
     0.000019603410281    -0.000005996784672    -0.000013845731945
6 41
     1.640488528579584     0.000000000000000    -0.000000000000000
    -0.000000000000000     0.856368190053058    -0.229546571427490
     0.000000000000000    -2.527548566509771     0.677503247058240
6 42
    -0.000217416337348     0.000000000000000     0.000000000000000
     0.000000000000000     0.000817817890440     0.000356953318231
    -0.000000000000000     0.000356959937966    -0.000048671979125
6 43
    -0.000078857237699    -0.000000000000000     0.000000000000000
     0.000000000000000     0.000432115729324    -0.000137691499301
     0.000000000000000    -0.000137688365836    -0.000016741347009
6 44
    -0.000014893348804     0.000000000000000     0.000000000000000
     0.000000000000000     0.000090832000695     0.000008460103400
     0.000000000000000     0.000008459881886    -0.000003021479729
6 45
     0.000458450737744    -0.000354427981397    -0.000422469374643
    -0.000354413092761    -0.000065542187459     0.000213493900687
    -0.000422479468559     0.000213509684154     0.000157194205730
6 46
     0.000092412104091    -0.000026138987098    -0.000024641716256
    -0.000026139910150    -0.000009741388809     0.000007599743247
    -0.000024641064676     0.000007599217526     0.000006304945168
6 47
     0.000458450737744     0.000354427981397     0.000422469374643
     0.000354413092761    -0.000065542187459     0.000213493900687
     0.000422479468559     0.000213509684154     0.000157194205730
6 48
     0.000092412104091     0.000026138987098     0.000024641716256
     0.000026139910150    -0.000009741388809     0.000007599743247
     0.000024641064676     0.000007599217526     0.000006304945168
6 49
     0.519154920288861    -0.000000000000000    -0.000000000000000
    -0.000000000000000    -0.009984805661119     0.021673295015561
     0.000000000000000     0.021681893319444    -0.035038044038308
6 50
    -0.000107096221457     0.000000000000000     0.000000000000000
     0.000000000000000     0.000379151136064    -0.000224965727911
     0.000000000000000    -0.000224964412285     0.000178847471635
7 1
    -3.693903508163482    -0.000000000000001    -0.000000000000000
     0.000000000000000   -21.180055823049575   -12.514898833994712
     0.000000000000000   -12.672927498757781   -13.066214899730939
7 2
     1.032774458315373    -0.000000000000000    -0.000000000000000
    -0.000000000000000     0.804400837645595     1.109323255562023
     0.000000000000000     0.000461504851531     0.001118280089652
7 3
   -10.671495210487988    -0.000000000000000    -0.000000000000000
     0.000000000000001   -14.690484056214332     1.850147464343121
    -0.000000000000000    -1.850170103722066   -45.531868800204791
7 4
    -0.029470947283259     0.212682857936153    -0.040316683376747
     0.092563554148387    -0.029504742859008     0.127444436910442
    -0.127468882424500     0.040291769873939    -0.175384381020250
7 5
    -0.029470947283259    -0.212682857936153     0.040316683376747
    -0.092563554148387    -0.029504742859008     0.127444436910442
     0.127468882424500     0.040291769873939    -0.175384381020250
7 6
    -0.284135036831290     0.000000000000000    -0.000000000000000
     0.000000000000000    -0.118931351233896    -0.163932298314701
    -0.000000000000000     0.163882927947111     0.225948249770397
7 7
    19.090948568977144     0.000000000000000     0.000000000000000
    -0.000000000000001    76.907107246325893     3.862490135726986
    -0.000000000000000     3.863379488688286    73.980395065279694
7 8
    -0.000521424616707     0.000565838698293    -0.000000000000003
     0.000565838698292    -0.000521424616690    -0.000000000000003
    -0.000000000000004    -0.000000000000000     0.001846683653340
7 9
    -0.000521424616707    -0.000565838698293     0.000000000000003
    -0.000565838698292    -0.000521424616690    -0.000000000000003
     0.000000000000004    -0.000000000000000     0.001846683653340
7 10
     0.002546269597661     0.000000000000000    -0.000000000000000
    -0.000000000000000    -0.054615866937223     0.023629513446506
     0.000000000000000     0.023625809588340    -0.006996199563441
7 11
    -0.011646486907916     0.006444936205324     0.007789078008228
     0.006446473681488    -0.003540837333999    -0.004302340941764
     0.007787688098815    -0.004300574072114    -0.004636692256134
7 12
     0.000329201256225    -0.000064267479866    -0.000052735541877
    -0.000064269715852    -0.000035680982647     0.000018379754764
    -0.000052734121057     0.000018378523647    -0.000000849333442
7 13
    -0.011646486907916    -0.006444936205324    -0.007789078008228
    -0.006446473681488    -0.003540837333999    -0.004302340941764
    -0.007787688098815    -0.004300574072114    -0.004636692256134
7 14
     0.000329201256225     0.000064267479866     0.000052735541877
     0.000064269715852    -0.000035680982647     0.000018379754764
     0.000052734121057     0.000018378523647    -0.000000849333442
7 15
    -0.000532702809766     0.000000000000000     0.000000000000000
     0.000000000000000     0.001850506585479     0.000213857361133
    -0.000000000000000     0.000213873651004    -0.000448320134223
7 16
    -0.000105681967563     0.000000000000000    -0.000000000000000
     0.000000000000000     0.000660738726135    -0.000048985200643
     0.000000000000000    -0.000048983879443    -0.000068578408876
7 17
   -10.334319566415548     0.000000000000000     0.000000000000000
     0.000000000000001   -42.731374984228253     7.771373220295253
    -0.000000000000000     9.962038093464146   -17.583380328002441
7 18
    -0.000546378593937    -0.000000000000000     0.000000000000000
     0.000000000000000     0.001782689927852    -0.000262560057506
    -0.000000000000000    -0.000262583440176    -0.000446586335952
7 19
    -0.000388568218016    -0.000000000000000    -0.000000000000000
     0.000000000000000     0.001607212092891    -0.000665905112355
     0.000000000000000    -0.000665905087287     0.000011942405170
7 20
     0.000718882767924     0.000770044443539    -0.000432202618027
     0.000770034130191    -0.000258779250530    -0.000238639715943
    -0.000432186078276    -0.000238646846993     0.001362729320384
7 21
     0.000230320226376     0.000041856454320    -0.000023142767809
     0.000041857558154    -0.000030824358656    -0.000007913709355
    -0.000023142269544    -0.000007913229914     0.000037857309811
7 22
     0.000718882767924    -0.000770044443539     0.000432202618027
    -0.000770034130191    -0.000258779250530    -0.000238639715943
     0.000432186078276    -0.000238646846993     0.001362729320384
7 23
     0.000230320226376    -0.000041856454320     0.000023142767809
    -0.000041857558154    -0.000030824358656    -0.000007913709355
     0.000023142269544    -0.000007913229914     0.000037857309811
7 24
    -0.000083796441748     0.000000000000000    -0.000000000000000
     0.000000000000000     0.000472997951741     0.000097899113353
     0.000000000000000     0.000097896897136     0.000006225910925
7 25
    -0.000178667357833    -0.000000000000000    -0.000000000000000
     0.000000000000000     0.001058862955969    -0.000126138044334
     0.000000000000000    -0.000126135062782    -0.000121661983027
7 26
    -0.000066347808810    -0.000000000000000     0.000000000000000
     0.000000000000000     0.000421774471003     0.000005137388312
    -0.000000000000000     0.000005137248594    -0.000035620858021
7 27
     1.044467621017366     0.000000000000000    -0.000000000000000
    -0.000000000000000    -0.698534571845254     0.573039002400714
    -0.000000000000000    -2.061716732029629     1.691615681084689
7 28
     0.377527395418814     0.000000000000000    -0.000000000000000
    -0.000000000000000    -0.028055232628692    -0.005148281398698
     0.000000000000000    -0.005146989993507    -0.000313545354121
7 29
     0.000893546079065    -0.000514701985109    -0.000471124953997
    -0.000514708918008    -0.000128389518173     0.000198517817615
    -0.000471120354166     0.000198513626436     0.000587106188468
7 30
     0.000365653931866    -0.000118609688241    -0.000085075820955
    -0.000118612889620    -0.000047068971926     0.000026531807756
    -0.000085074074783     0.000026530267382     0.000091827322719
7 31
     0.000893546079065     0.000514701985109     0.000471124953997
     0.000514708918008    -0.000128389518173     0.000198517817615
     0.000471120354166     0.000198513626436     0.000587106188468
7 32
     0.000365653931866     0.000118609688241     0.000085075820955
     0.000118612889620    -0.000047068971926     0.000026531807756
     0.000085074074783     0.000026530267382     0.000091827322719
7 33
     1.359309907684187    -0.000000000000000    -0.000000000000000
    -0.000000000000000     1.002440406403084    -2.959099253727773
    -0.000000000000000    -0.000194712845535     0.000740732569911
7 34
    -0.000388257575063     0.000000000000000    -0.000000000000000
     0.000000000000000     0.001570677619679     0.000689580621947
    -0.000000000000000     0.000689580113671     0.000058536576652
7 35
     0.519154920288861    -0.000000000000000     0.000000000000000
    -0.000000000000000    -0.009984805661119    -0.021673295015561
    -0.000000000000000    -0.021681893319444    -0.035038044038308
7 36
    -0.000107096221457     0.000000000000000    -0.000000000000000
     0.000000000000000     0.000379151136064     0.000224965727911
    -0.000000000000000     0.000224964412285     0.000178847471635
7 37
    -0.001891986471569     0.000818421466146     0.000463711847129
     0.000818949715240    -0.000689086694094    -0.000234665248188
     0.000463395998204    -0.000234357809382    -0.000374045087305
7 38
     0.000143064692687    -0.000041538854455    -0.000019604067461
    -0.000041540679458    -0.000011486614840     0.000005997267478
    -0.000019603410281     0.000005996784672    -0.000013845731945
7 39
    -0.001891986471569    -0.000818421466146    -0.000463711847129
    -0.000818949715240    -0.000689086694094    -0.000234665248188
    -0.000463395998204    -0.000234357809382    -0.000374045087305
7 40
     0.000143064692687     0.000041538854455     0.000019604067461
     0.000041540679458    -0.000011486614840     0.000005997267478
     0.000019603410281     0.000005996784672    -0.000013845731945
7 41
    -0.000078857237699    -0.000000000000000    -0.000000000000000
     0.000000000000000     0.000432115729324     0.000137691499301
    -0.000000000000000     0.000137688365836    -0.000016741347009
7 42
    -0.000014893348804     0.000000000000000    -0.000000000000000
     0.000000000000000     0.000090832000695    -0.000008460103400
    -0.000000000000000    -0.000008459881886    -0.000003021479729
7 43
     1.640488528579584     0.000000000000000     0.000000000000000
    -0.000000000000000     0.856368190053058     0.229546571427490
    -0.000000000000000     2.527548566509771     0.677503247058240
7 44
    -0.000217416337348     0.000000000000000    -0.000000000000000
     0.000000000000000     0.000817817890440    -0.000356953318231
     0.000000000000000    -0.000356959937966    -0.000048671979125
7 45
     0.000458450737744     0.000354427981397    -0.000422469374643
     0.000354413092761    -0.000065542187459    -0.000213493900687
    -0.000422479468559    -0.000213509684154     0.000157194205730
7 46
     0.000092412104091     0.000026138987098    -0.000024641716256
     0.000026139910150    -0.000009741388809    -0.000007599743247
    -0.000024641064676    -0.000007599217526     0.000006304945168
7 47
     0.000458450737744    -0.000354427981397     0.000422469374643
    -0.000354413092761    -0.000065542187459    -0.000213493900687
     0.000422479468559    -0.000213509684154     0.000157194205730
7 48
     0.000092412104091    -0.000026138987098     0.000024641716256
    -0.000026139910150    -0.000009741388809    -0.000007599743247
     0.000024641064676    -0.000007599217526     0.000006304945168
7 49
    -0.000045228217027    -0.000000000000000    -0.000000000000000
     0.000000000000000     0.000199133976801    -0.000081192695035
    -0.000000000000000    -0.000081191570870     0.000056968615555
7 50
    -0.000011828878744    -0.000000000000000    -0.000000000000000
     0.000000000000000     0.000062709860250     0.000005441471145
     0.000000000000000     0.000005441358709     0.000007463554411
8 1
     0.804400837645595     0.000000000000000    -1.109323255562023
     0.000000000000000     1.032774458315373    -0.000000000000000
    -0.000461504851531     0.000000000000000     0.001118280089652
8 2
   -21.180055823049575    -0.000000000000000    12.514898833994712
     0.000000000000001    -3.693903508163482    -0.000000000000000
    12.672927498757781     0.000000000000000   -13.066214899730939
8 3
    -0.029504742859008    -0.092563554148387    -0.127444436910442
    -0.212682857936153    -0.029470947283259    -0.040316683376747
    -0.040291769873939    -0.127468882424500    -0.175384381020250
8 4
    -0.054615866937223     0.000000000000000    -0.023629513446506
    -0.000000000000000     0.002546269597661    -0.000000000000000
    -0.023625809588340     0.000000000000000    -0.006996199563441
8 5
   -14.690484056214332    -0.000000000000001    -1.850147464343121
     0.000000000000000   -10.671495210487988    -0.000000000000000
     1.850170103722066    -0.000000000000000   -45.531868800204791
8 6
    -0.000521424616690    -0.000565838698292     0.000000000000003
    -0.000565838698293    -0.000521424616707    -0.000000000000003
     0.000000000000000    -0.000000000000004     0.001846683653340
8 7
    -0.000521424616690     0.000565838698292     0.000000000000003
     0.000565838698293    -0.000521424616707     0.000000000000003
     0.000000000000000     0.000000000000004     0.001846683653340
8 8
    76.907107246325893     0.000000000000001    -3.862490135726986
    -0.000000000000000    19.090948568977144     0.000000000000000
    -3.863379488688286    -0.000000000000000    73.980395065279694
8 9
    -0.118931351233896    -0.000000000000000     0.163932298314701
    -0.000000000000000    -0.284135036831290    -0.000000000000000
    -0.163882927947111    -0.000000000000000     0.225948249770397
8 10
    -0.029504742859008     0.092563554148387    -0.127444436910442
     0.212682857936153    -0.029470947283259     0.040316683376747
    -0.040291769873939     0.127468882424500    -0.175384381020250
8 11
     0.001607212092891    -0.000000000000000     0.000665905112355
     0.000000000000000    -0.000388568218016    -0.000000000000000
     0.000665905087287     0.000000000000000     0.000011942405170
8 12
     0.000472997951741    -0.000000000000000    -0.000097899113353
    -0.000000000000000    -0.000083796441748    -0.000000000000000
    -0.000097896897136     0.000000000000000     0.000006225910925
8 13
     1.002440406403084     0.000000000000000     2.959099253727773
     0.000000000000000     1.359309907684187    -0.000000000000000
     0.000194712845535    -0.000000000000000     0.000740732569911
8 14
     0.001570677619679    -0.000000000000000    -0.000689580621947
    -0.000000000000000    -0.000388257575063    -0.000000000000000
    -0.000689580113671    -0.000000000000000     0.000058536576652
8 15
    -0.000258779250530    -0.000770034130191     0.000238639715943
    -0.000770044443539     0.000718882767924    -0.000432202618027
     0.000238646846993    -0.000432186078276     0.001362729320384
8 16
    -0.000030824358656    -0.000041857558154     0.000007913709355
    -0.000041856454320     0.000230320226376    -0.000023142767809
     0.000007913229914    -0.000023142269544     0.000037857309811
8 17
    -0.000258779250530     0.000770034130191     0.000238639715943
     0.000770044443539     0.000718882767924     0.000432202618027
     0.000238646846993     0.000432186078276     0.001362729320384
8 18
    -0.000030824358656     0.000041857558154     0.000007913709355
     0.000041856454320     0.000230320226376     0.000023142767809
     0.000007913229914     0.000023142269544     0.000037857309811
8 19
    -0.003540837333999     0.006446473681488     0.004302340941764
     0.006444936205324    -0.011646486907916    -0.007789078008228
     0.004300574072114    -0.007787688098815    -0.004636692256134
8 20
   -42.731374984228253    -0.000000000000001    -7.771373220295253
    -0.000000000000000   -10.334319566415548     0.000000000000000
    -9.962038093464146    -0.000000000000000   -17.583380328002441
8 21
     0.001782689927852    -0.000000000000000     0.000262560057506
     0.000000000000000    -0.000546378593937     0.000000000000000
     0.000262583440176    -0.000000000000000    -0.000446586335952
8 22
     0.001850506585479    -0.000000000000000    -0.000213857361133
    -0.000000000000000    -0.000532702809766     0.000000000000000
    -0.000213873651004    -0.000000000000000    -0.000448320134223
8 23
     0.000660738726135    -0.000000000000000     0.000048985200643
    -0.000000000000000    -0.000105681967563    -0.000000000000000
     0.000048983879443     0.000000000000000    -0.000068578408876
8 24
    -0.000035680982647    -0.000064269715852    -0.000018379754764
    -0.000064267479866     0.000329201256225     0.000052735541877
    -0.000018378523647     0.000052734121057    -0.000000849333442
8 25
    -0.000128389518173    -0.000514708918008    -0.000198517817615
    -0.000514701985109     0.000893546079065     0.000471124953997
    -0.000198513626436     0.000471120354166     0.000587106188468
8 26
    -0.000047068971926    -0.000118612889620    -0.000026531807756
    -0.000118609688241     0.000365653931866     0.000085075820955
    -0.000026530267382     0.000085074074783     0.000091827322719
8 27
    -0.000128389518173     0.000514708918008    -0.000198517817615
     0.000514701985109     0.000893546079065    -0.000471124953997
    -0.000198513626436    -0.000471120354166     0.000587106188468
8 28
    -0.000047068971926     0.000118612889620    -0.000026531807756
     0.000118609688241     0.000365653931866    -0.000085075820955
    -0.000026530267382    -0.000085074074783     0.000091827322719
8 29
     0.001058862955969    -0.000000000000000     0.000126138044334
     0.000000000000000    -0.000178667357833    -0.000000000000000
     0.000126135062782     0.000000000000000    -0.000121661983027
8 30
     0.000421774471003    -0.000000000000000    -0.000005137388312
     0.000000000000000    -0.000066347808810     0.000000000000000
    -0.000005137248594    -0.000000000000000    -0.000035620858021
8 31
    -0.698534571845254     0.000000000000000    -0.573039002400714
    -0.000000000000000     1.044467621017366    -0.000000000000000
     2.061716732029629    -0.000000000000000     1.691615681084689
8 32
    -0.028055232628692     0.000000000000000     0.005148281398698
    -0.000000000000000     0.377527395418814    -0.000000000000000
     0.005146989993507     0.000000000000000    -0.000313545354121
8 33
    -0.003540837333999    -0.006446473681488     0.004302340941764
    -0.006444936205324    -0.011646486907916     0.007789078008228
     0.004300574072114     0.007787688098815    -0.004636692256134
8 34
    -0.000035680982647     0.000064269715852    -0.000018379754764
     0.000064267479866     0.000329201256225    -0.000052735541877
    -0.000018378523647    -0.000052734121057    -0.000000849333442
8 35
    -0.000689086694094    -0.000818949715240     0.000234665248188
    -0.000818421466146    -0.001891986471569     0.000463711847129
     0.000234357809382     0.000463395998204    -0.000374045087305
8 36
    -0.000011486614840     0.000041540679458    -0.000005997267478
     0.000041538854455     0.000143064692687    -0.000019604067461
    -0.000005996784672    -0.000019603410281    -0.000013845731945
8 37
     0.000199133976801    -0.000000000000000     0.000081192695035
     0.000000000000000    -0.000045228217027    -0.000000000000000
     0.000081191570870    -0.000000000000000     0.000056968615555
8 38
     0.000062709860250    -0.000000000000000    -0.000005441471145
     0.000000000000000    -0.000011828878744    -0.000000000000000
    -0.000005441358709     0.000000000000000     0.000007463554411
8 39
    -0.009984805661119     0.000000000000000     0.021673295015561
     0.000000000000000     0.519154920288861     0.000000000000000
     0.021681893319444    -0.000000000000000    -0.035038044038308
8 40
     0.000379151136064    -0.000000000000000    -0.000224965727911
    -0.000000000000000    -0.000107096221457    -0.000000000000000
    -0.000224964412285    -0.000000000000000     0.000178847471635
8 41
    -0.000065542187459    -0.000354413092761     0.000213493900687
    -0.000354427981397     0.000458450737744    -0.000422469374643
     0.000213509684154    -0.000422479468559     0.000157194205730
8 42
    -0.000009741388809    -0.000026139910150     0.000007599743247
    -0.000026138987098     0.000092412104091    -0.000024641716256
     0.000007599217526    -0.000024641064676     0.000006304945168
8 43
    -0.000065542187459     0.000354413092761     0.000213493900687
     0.000354427981397     0.000458450737744     0.000422469374643
     0.000213509684154     0.000422479468559     0.000157194205730
8 44
    -0.000009741388809     0.000026139910150     0.000007599743247
     0.000026138987098     0.000092412104091     0.000024641716256
     0.000007599217526     0.000024641064676     0.000006304945168
8 45
     0.856368190053058     0.000000000000000    -0.229546571427490
    -0.000000000000000     1.640488528579584     0.000000000000000
    -2.527548566509771    -0.000000000000000     0.677503247058240
8 46
     0.000817817890440    -0.000000000000000     0.000356953318231
    -0.000000000000000    -0.000217416337348    -0.000000000000000
     0.000356959937966     0.000000000000000    -0.000048671979125
8 47
     0.000432115729324    -0.000000000000000    -0.000137691499301
     0.000000000000000    -0.000078857237699    -0.000000000000000
    -0.000137688365836    -0.000000000000000    -0.000016741347009
8 48
     0.000090832000695    -0.000000000000000     0.000008460103400
    -0.000000000000000    -0.000014893348804    -0.000000000000000
     0.000008459881886    -0.000000000000000    -0.000003021479729
8 49
    -0.000689086694094     0.000818949715240     0.000234665248188
     0.000818421466146    -0.001891986471569    -0.000463711847129
     0.000234357809382    -0.000463395998204    -0.000374045087305
8 50
    -0.000011486614840    -0.000041540679458    -0.000005997267478
    -0.000041538854455     0.000143064692687     0.000019604067461
    -0.000005996784672     0.000019603410281    -0.000013845731945
9 1
     0.804400837645595     0.000000000000000     1.109323255562023
     0.000000000000000     1.032774458315373     0.000000000000000
     0.000461504851531    -0.000000000000000     0.001118280089652
9 2
   -21.180055823049575    -0.000000000000000   -12.514898833994712
     0.000000000000001    -3.693903508163482     0.000000000000000
   -12.672927498757781    -0.000000000000000   -13.066214899730939
9 3
    -0.029504742859008     0.092563554148387     0.127444436910442
     0.212682857936153    -0.029470947283259    -0.040316683376747
     0.040291769873939    -0.127468882424500    -0.175384381020250
9 4
   -14.690484056214332    -0.000000000000001     1.850147464343121
     0.000000000000000   -10.671495210487988     0.000000000000000
    -1.850170103722066     0.000000000000000   -45.531868800204791
9 5
    -0.054615866937223     0.000000000000000     0.023629513446506
    -0.000000000000000     0.002546269597661     0.000000000000000
     0.023625809588340    -0.000000000000000    -0.006996199563441
9 6
    -0.000521424616690     0.000565838698292    -0.000000000000003
     0.000565838698293    -0.000521424616707    -0.000000000000003
    -0.000000000000000    -0.000000000000004     0.001846683653340
9 7
    -0.000521424616690    -0.000565838698292    -0.000000000000003
    -0.000565838698293    -0.000521424616707     0.000000000000003
    -0.000000000000000     0.000000000000004     0.001846683653340
9 8
    -0.118931351233896    -0.000000000000000    -0.163932298314701
    -0.000000000000000    -0.284135036831290     0.000000000000000
     0.163882927947111     0.000000000000000     0.225948249770397
9 9
    76.907107246325893     0.000000000000001     3.862490135726986
    -0.000000000000000    19.090948568977144    -0.000000000000000
     3.863379488688286     0.000000000000000    73.980395065279694
9 10
    -0.029504742859008    -0.092563554148387     0.127444436910442
    -0.212682857936153    -0.029470947283259     0.040316683376747
     0.040291769873939     0.127468882424500    -0.175384381020250
9 11
     1.002440406403084     0.000000000000000    -2.959099253727773
     0.000000000000000     1.359309907684187     0.000000000000000
    -0.000194712845535     0.000000000000000     0.000740732569911
9 12
     0.001570677619679    -0.000000000000000     0.000689580621947
    -0.000000000000000    -0.000388257575063     0.000000000000000
     0.000689580113671     0.000000000000000     0.000058536576652
9 13
     0.001607212092891    -0.000000000000000    -0.000665905112355
     0.000000000000000    -0.000388568218016     0.000000000000000
    -0.000665905087287    -0.000000000000000     0.000011942405170
9 14
     0.000472997951741    -0.000000000000000     0.000097899113353
    -0.000000000000000    -0.000083796441748     0.000000000000000
     0.000097896897136    -0.000000000000000     0.000006225910925
9 15
    -0.000258779250530     0.000770034130191    -0.000238639715943
     0.000770044443539     0.000718882767924    -0.000432202618027
    -0.000238646846993    -0.000432186078276     0.001362729320384
9 16
    -0.000030824358656     0.000041857558154    -0.000007913709355
     0.000041856454320     0.000230320226376    -0.000023142767809
    -0.000007913229914    -0.000023142269544     0.000037857309811
9 17
    -0.000258779250530    -0.000770034130191    -0.000238639715943
    -0.000770044443539     0.000718882767924     0.000432202618027
    -0.000238646846993     0.000432186078276     0.001362729320384
9 18
    -0.000030824358656    -0.000041857558154    -0.000007913709355
    -0.000041856454320     0.000230320226376     0.000023142767809
    -0.000007913229914     0.000023142269544     0.000037857309811
9 19
    -0.003540837333999    -0.006446473681488    -0.004302340941764
    -0.006444936205324    -0.011646486907916    -0.007789078008228
    -0.004300574072114    -0.007787688098815    -0.004636692256134
9 20
     0.001850506585479    -0.000000000000000     0.000213857361133
    -0.000000000000000    -0.000532702809766    -0.000000000000000
     0.000213873651004     0.000000000000000    -0.000448320134223
9 21
     0.000660738726135    -0.000000000000000    -0.000048985200643
    -0.000000000000000    -0.000105681967563     0.000000000000000
    -0.000048983879443    -0.000000000000000    -0.000068578408876
9 22
   -42.731374984228253    -0.000000000000001     7.771373220295253
    -0.000000000000000   -10.334319566415548    -0.000000000000000
     9.962038093464146     0.000000000000000   -17.583380328002441
9 23
     0.001782689927852    -0.000000000000000    -0.000262560057506
     0.000000000000000    -0.000546378593937    -0.000000000000000
    -0.000262583440176     0.000000000000000    -0.000446586335952
9 24
    -0.000035680982647     0.000064269715852     0.000018379754764
     0.000064267479866     0.000329201256225     0.000052735541877
     0.000018378523647     0.000052734121057    -0.000000849333442
9 25
    -0.000128389518173     0.000514708918008     0.000198517817615
     0.000514701985109     0.000893546079065     0.000471124953997
     0.000198513626436     0.000471120354166     0.000587106188468
9 26
    -0.000047068971926     0.000118612889620     0.000026531807756
     0.000118609688241     0.000365653931866     0.000085075820955
     0.000026530267382     0.000085074074783     0.000091827322719
9 27
    -0.000128389518173    -0.000514708918008     0.000198517817615
    -0.000514701985109     0.000893546079065    -0.000471124953997
     0.000198513626436    -0.000471120354166     0.000587106188468
9 28
    -0.000047068971926    -0.000118612889620     0.000026531807756
    -0.000118609688241     0.000365653931866    -0.000085075820955
     0.000026530267382    -0.000085074074783     0.000091827322719
9 29
    -0.698534571845254     0.000000000000000     0.573039002400714
    -0.000000000000000     1.044467621017366     0.000000000000000
    -2.061716732029629     0.000000000000000     1.691615681084689
9 30
    -0.028055232628692     0.000000000000000    -0.005148281398698
    -0.000000000000000     0.377527395418814     0.000000000000000
    -0.005146989993507    -0.000000000000000    -0.000313545354121
9 31
     0.001058862955969    -0.000000000000000    -0.000126138044334
     0.000000000000000    -0.000178667357833     0.000000000000000
    -0.000126135062782    -0.000000000000000    -0.000121661983027
9 32
     0.000421774471003    -0.000000000000000     0.000005137388312
     0.000000000000000    -0.000066347808810    -0.000000000000000
     0.000005137248594     0.000000000000000    -0.000035620858021
9 33
    -0.003540837333999     0.006446473681488    -0.004302340941764
     0.006444936205324    -0.011646486907916     0.007789078008228
    -0.004300574072114     0.007787688098815    -0.004636692256134
9 34
    -0.000035680982647    -0.000064269715852     0.000018379754764
    -0.000064267479866     0.000329201256225    -0.000052735541877
     0.000018378523647    -0.000052734121057    -0.000000849333442
9 35
    -0.000689086694094     0.000818949715240    -0.000234665248188
     0.000818421466146    -0.001891986471569     0.000463711847129
    -0.000234357809382     0.000463395998204    -0.000374045087305
9 36
    -0.000011486614840    -0.000041540679458     0.000005997267478
    -0.000041538854455     0.000143064692687    -0.000019604067461
     0.000005996784672    -0.000019603410281    -0.000013845731945
9 37
    -0.009984805661119     0.000000000000000    -0.021673295015561
     0.000000000000000     0.519154920288861    -0.000000000000000
    -0.021681893319444     0.000000000000000    -0.035038044038308
9 38
     0.000379151136064    -0.000000000000000     0.000224965727911
    -0.000000000000000    -0.000107096221457     0.000000000000000
     0.000224964412285     0.000000000000000     0.000178847471635
9 39
     0.000199133976801    -0.000000000000000    -0.000081192695035
     0.000000000000000    -0.000045228217027     0.000000000000000
    -0.000081191570870     0.000000000000000     0.000056968615555
9 40
     0.000062709860250    -0.000000000000000     0.000005441471145
     0.000000000000000    -0.000011828878744     0.000000000000000
     0.000005441358709    -0.000000000000000     0.000007463554411
9 41
    -0.000065542187459     0.000354413092761    -0.000213493900687
     0.000354427981397     0.000458450737744    -0.000422469374643
    -0.000213509684154    -0.000422479468559     0.000157194205730
9 42
    -0.000009741388809     0.000026139910150    -0.000007599743247
     0.000026138987098     0.000092412104091    -0.000024641716256
    -0.000007599217526    -0.000024641064676     0.000006304945168
9 43
    -0.000065542187459    -0.000354413092761    -0.000213493900687
    -0.000354427981397     0.000458450737744     0.000422469374643
    -0.000213509684154     0.000422479468559     0.000157194205730
9 44
    -0.000009741388809    -0.000026139910150    -0.000007599743247
    -0.000026138987098     0.000092412104091     0.000024641716256
    -0.000007599217526     0.000024641064676     0.000006304945168
9 45
     0.000432115729324    -0.000000000000000     0.000137691499301
     0.000000000000000    -0.000078857237699     0.000000000000000
     0.000137688365836     0.000000000000000    -0.000016741347009
9 46
     0.000090832000695    -0.000000000000000    -0.000008460103400
    -0.000000000000000    -0.000014893348804     0.000000000000000
    -0.000008459881886     0.000000000000000    -0.000003021479729
9 47
     0.856368190053058     0.000000000000000     0.229546571427490
    -0.000000000000000     1.640488528579584    -0.000000000000000
     2.527548566509771     0.000000000000000     0.677503247058240
9 48
     0.000817817890440    -0.000000000000000    -0.000356953318231
    -0.000000000000000    -0.000217416337348     0.000000000000000
    -0.000356959937966    -0.000000000000000    -0.000048671979125
9 49
    -0.000689086694094    -0.000818949715240    -0.000234665248188
    -0.000818421466146    -0.001891986471569    -0.000463711847129
    -0.000234357809382    -0.000463395998204    -0.000374045087305
9 50
    -0.000011486614840     0.000041540679458     0.000005997267478
     0.000041538854455     0.000143064692687     0.000019604067461
     0.000005996784672     0.000019603410281    -0.000013845731945
10 1
     1.032774458315373    -0.000000000000000    -0.000000000000000
    -0.000000000000000     0.804400837645595     1.109323255562023
     0.000000000000000     0.000461504851531     0.001118280089652
10 2
    -3.693903508163482    -0.000000000000001    -0.000000000000000
     0.000000000000000   -21.180055823049575   -12.514898833994712
     0.000000000000000   -12.672927498757781   -13.066214899730939
10 3
    -0.284135036831290     0.000000000000000    -0.000000000000000
     0.000000000000000    -0.118931351233896    -0.163932298314701
    -0.000000000000000     0.163882927947111     0.225948249770397
10 4
    -0.000521424616707     0.000565838698293    -0.000000000000003
     0.000565838698292    -0.000521424616690    -0.000000000000003
    -0.000000000000004    -0.000000000000000     0.001846683653340
10 5
    -0.000521424616707    -0.000565838698293     0.000000000000003
    -0.000565838698292    -0.000521424616690    -0.000000000000003
     0.000000000000004    -0.000000000000000     0.001846683653340
10 6
   -10.671495210487988    -0.000000000000000    -0.000000000000000
     0.000000000000001   -14.690484056214332     1.850147464343121
    -0.000000000000000    -1.850170103722066   -45.531868800204791
10 7
     0.002546269597661     0.000000000000000    -0.000000000000000
    -0.000000000000000    -0.054615866937223     0.023629513446506
     0.000000000000000     0.023625809588340    -0.006996199563441
10 8
    -0.029470947283259     0.212682857936153    -0.040316683376747
     0.092563554148387    -0.029504742859008     0.127444436910442
    -0.127468882424500     0.040291769873939    -0.175384381020250
10 9
    -0.029470947283259    -0.212682857936153     0.040316683376747
    -0.092563554148387    -0.029504742859008     0.127444436910442
     0.127468882424500     0.040291769873939    -0.175384381020250
10 10
    19.090948568977144     0.000000000000000     0.000000000000000
    -0.000000000000001    76.907107246325893     3.862490135726986
    -0.000000000000000     3.863379488688286    73.980395065279694
10 11
     0.000718882767924     0.000770044443539    -0.000432202618027
     0.000770034130191    -0.000258779250530    -0.000238639715943
    -0.000432186078276    -0.000238646846993     0.001362729320384
10 12
     0.000230320226376     0.000041856454320    -0.000023142767809
     0.000041857558154    -0.000030824358656    -0.000007913709355
    -0.000023142269544    -0.000007913229914     0.000037857309811
10 13
     0.000718882767924    -0.000770044443539     0.000432202618027
    -0.000770034130191    -0.000258779250530    -0.000238639715943
     0.000432186078276    -0.000238646846993     0.001362729320384
10 14
     0.000230320226376    -0.000041856454320     0.000023142767809
    -0.000041857558154    -0.000030824358656    -0.000007913709355
     0.000023142269544    -0.000007913229914     0.000037857309811
10 15
     1.359309907684187    -0.000000000000000    -0.000000000000000
    -0.000000000000000     1.002440406403084    -2.959099253727773
    -0.000000000000000    -0.000194712845535     0.000740732569911
10 16
    -0.000388257575063     0.000000000000000    -0.000000000000000
     0.000000000000000     0.001570677619679     0.000689580621947
    -0.000000000000000     0.000689580113671     0.000058536576652
10 17
    -0.000388568218016    -0.000000000000000    -0.000000000000000
     0.000000000000000     0.001607212092891    -0.000665905112355
     0.000000000000000    -0.000665905087287     0.000011942405170
10 18
    -0.000083796441748     0.000000000000000    -0.000000000000000
     0.000000000000000     0.000472997951741     0.000097899113353
     0.000000000000000     0.000097896897136     0.000006225910925
10 19
   -10.334319566415548     0.000000000000000     0.000000000000000
     0.000000000000001   -42.731374984228253     7.771373220295253
    -0.000000000000000     9.962038093464146   -17.583380328002441
10 20
    -0.011646486907916     0.006444936205324     0.007789078008228
     0.006446473681488    -0.003540837333999    -0.004302340941764
     0.007787688098815    -0.004300574072114    -0.004636692256134
10 21
     0.000329201256225    -0.000064267479866    -0.000052735541877
    -0.000064269715852    -0.000035680982647     0.000018379754764
    -0.000052734121057     0.000018378523647    -0.000000849333442
10 22
    -0.011646486907916    -0.006444936205324    -0.007789078008228
    -0.006446473681488    -0.003540837333999    -0.004302340941764
    -0.007787688098815    -0.004300574072114    -0.004636692256134
10 23
     0.000329201256225     0.000064267479866     0.000052735541877
     0.000064269715852    -0.000035680982647     0.000018379754764
     0.000052734121057     0.000018378523647    -0.000000849333442
10 24
    -0.000546378593937    -0.000000000000000     0.000000000000000
     0.000000000000000     0.001782689927852    -0.000262560057506
    -0.000000000000000    -0.000262583440176    -0.000446586335952
10 25
     1.044467621017366     0.000000000000000    -0.000000000000000
    -0.000000000000000    -0.698534571845254     0.573039002400714
    -0.000000000000000    -2.061716732029629     1.691615681084689
10 26
     0.377527395418814     0.000000000000000    -0.000000000000000
    -0.000000000000000    -0.028055232628692    -0.005148281398698
     0.000000000000000    -0.005146989993507    -0.000313545354121
10 27
    -0.000178667357833    -0.000000000000000    -0.000000000000000
     0.000000000000000     0.001058862955969    -0.000126138044334
     0.000000000000000    -0.000126135062782    -0.000121661983027
10 28
    -0.000066347808810    -0.000000000000000     0.000000000000000
     0.000000000000000     0.000421774471003     0.000005137388312
    -0.000000000000000     0.000005137248594    -0.000035620858021
10 29
     0.000893546079065     0.000514701985109     0.000471124953997
     0.000514708918008    -0.000128389518173     0.000198517817615
     0.000471120354166     0.000198513626436     0.000587106188468
10 30
     0.000365653931866     0.000118609688241     0.000085075820955
     0.000118612889620    -0.000047068971926     0.000026531807756
     0.000085074074783     0.000026530267382     0.000091827322719
10 31
     0.000893546079065    -0.000514701985109    -0.000471124953997
    -0.000514708918008    -0.000128389518173     0.000198517817615
    -0.000471120354166     0.000198513626436     0.000587106188468
10 32
     0.000365653931866    -0.000118609688241    -0.000085075820955
    -0.000118612889620    -0.000047068971926     0.000026531807756
    -0.000085074074783     0.000026530267382     0.000091827322719
10 33
    -0.000532702809766     0.000000000000000     0.000000000000000
     0.000000000000000     0.001850506585479     0.000213857361133
    -0.000000000000000     0.000213873651004    -0.000448320134223
10 34
    -0.000105681967563     0.000000000000000    -0.000000000000000
     0.000000000000000     0.000660738726135    -0.000048985200643
     0.000000000000000    -0.000048983879443    -0.000068578408876
10 35
    -0.000078857237699    -0.000000000000000    -0.000000000000000
     0.000000000000000     0.000432115729324     0.000137691499301
    -0.000000000000000     0.000137688365836    -0.000016741347009
10 36
    -0.000014893348804     0.000000000000000    -0.000000000000000
     0.000000000000000     0.000090832000695    -0.000008460103400
    -0.000000000000000    -0.000008459881886    -0.000003021479729
10 37
     0.000458450737744     0.000354427981397    -0.000422469374643
     0.000354413092761    -0.000065542187459    -0.000213493900687
    -0.000422479468559    -0.000213509684154     0.000157194205730
10 38
     0.000092412104091     0.000026138987098    -0.000024641716256
     0.000026139910150    -0.000009741388809    -0.000007599743247
    -0.000024641064676    -0.000007599217526     0.000006304945168
10 39
     0.000458450737744    -0.000354427981397     0.000422469374643
    -0.000354413092761    -0.000065542187459    -0.000213493900687
     0.000422479468559    -0.000213509684154     0.000157194205730
10 40
     0.000092412104091    -0.000026138987098     0.000024641716256
    -0.000026139910150    -0.000009741388809    -0.000007599743247
     0.000024641064676    -0.000007599217526     0.000006304945168
10 41
     0.519154920288861    -0.000000000000000     0.000000000000000
    -0.000000000000000    -0.009984805661119    -0.021673295015561
    -0.000000000000000    -0.021681893319444    -0.035038044038308
10 42
    -0.000107096221457     0.000000000000000    -0.000000000000000
     0.000000000000000     0.000379151136064     0.000224965727911
    -0.000000000000000     0.000224964412285     0.000178847471635
10 43
    -0.000045228217027    -0.000000000000000    -0.000000000000000
     0.000000000000000     0.000199133976801    -0.000081192695035
    -0.000000000000000    -0.000081191570870     0.000056968615555
10 44
    -0.000011828878744    -0.000000000000000    -0.000000000000000
     0.000000000000000     0.000062709860250     0.000005441471145
     0.000000000000000     0.000005441358709     0.000007463554411
10 45
    -0.001891986471569     0.000818421466146     0.000463711847129
     0.000818949715240    -0.000689086694094    -0.000234665248188
     0.000463395998204    -0.000234357809382    -0.000374045087305
10 46
     0.000143064692687    -0.000041538854455    -0.000019604067461
    -0.000041540679458    -0.000011486614840     0.000005997267478
    -0.000019603410281     0.000005996784672    -0.000013845731945
10 47
    -0.001891986471569    -0.000818421466146    -0.000463711847129
    -0.000818949715240    -0.000689086694094    -0.000234665248188
    -0.000463395998204    -0.000234357809382    -0.000374045087305
10 48
     0.000143064692687     0.000041538854455     0.000019604067461
     0.000041540679458    -0.000011486614840     0.000005997267478
     0.000019603410281     0.000005996784672    -0.000013845731945
10 49
     1.640488528579584     0.000000000000000     0.000000000000000
    -0.000000000000000     0.856368190053058     0.229546571427490
    -0.000000000000000     2.527548566509771     0.677503247058240
10 50
    -0.000217416337348     0.000000000000000    -0.000000000000000
     0.000000000000000     0.000817817890440    -0.000356953318231
     0.000000000000000    -0.000356959937966    -0.000048671979125
11 1
    -0.255129283813852    -0.000000000000000    -0.351593974296168
     0.000000000000000     1.161056034677040     0.000000000000000
     0.753104036844188     0.000000000000000     1.038107213326019
11 2
    -0.012349437484482    -0.000000000000000    -0.014084846601857
     0.000000000000000     0.267227960846229     0.000000000000000
    -0.014086310429578     0.000000000000000    -0.011916231089498
11 3
     0.000718882767924    -0.000770044443541    -0.000432202618034
    -0.000770034130191    -0.000258779250527     0.000238639715949
    -0.000432186078276     0.000238646846993     0.001362729320381
11 4
   -42.731625277771862     0.000000000000000    -9.961976582453763
     0.000000000000002   -10.334491012155295     0.000000000000000
    -7.771221425890710    -0.000000000000000   -17.583230447324066
11 5
     0.001850506585490     0.000000000000000     0.000213857361129
    -0.000000000000000    -0.000532702809766    -0.000000000000000
     0.000213873651033     0.000000000000000    -0.000448320134222
11 6
    -0.011646486907909    -0.006444936205322     0.007789078008223
    -0.006446473681492    -0.003540837334008     0.004302340941770
     0.007787688098815     0.004300574072113    -0.004636692256134
11 7
    -0.011646486907909     0.006444936205322     0.007789078008223
     0.006446473681492    -0.003540837334008    -0.004302340941770
     0.007787688098815    -0.004300574072113    -0.004636692256134
11 8
     0.001607212092902    -0.000000000000000     0.000665905112350
    -0.000000000000000    -0.000388568218016    -0.000000000000000
     0.000665905087269     0.000000000000000     0.000011942405173
11 9
     1.002488343429896    -0.000000000000000    -0.000194704521793
    -0.000000000000000     1.359325054605737     0.000000000000000
    -2.959209569154360    -0.000000000000000     0.000740732569904
11 10
     0.000718882767924     0.000770044443541    -0.000432202618034
     0.000770034130191    -0.000258779250527    -0.000238639715949
    -0.000432186078276    -0.000238646846993     0.001362729320381
11 11
    79.119475898737093    -0.000000000000000    -0.960773552547125
    -0.000000000000005    22.967481903807474     0.000000000000000
    -0.960016042665286     0.000000000000000    78.510378023880975
11 12
    -0.782676411491710    -0.000000000000000    -0.029063293683490
     0.000000000000000    -0.115325900843811     0.000000000000000
    -0.029055454325240     0.000000000000000     0.050687537106304
11 13
     0.000970082095428     0.000000000000000     0.000000000000000
    -0.000000000000000    -0.000157364137158    -0.000000000000000
    -0.000000000000000    -0.000000000000000    -0.000116054461879
11 14
     0.001810327417099     0.000000000000000     0.000051435730515
    -0.000000000000000    -0.000589235797417    -0.000000000000000
     0.000051441411668    -0.000000000000000    -0.000513300964220
11 15
    -0.000517032035274     0.000163977365113     0.000000873459220
     0.000163977365115    -0.000517032035277     0.000000873459221
     0.000000574754100     0.000000574754099    -0.000498765301403
11 16
     0.000014521640871     0.000088722089603    -0.000020403127623
     0.000088719960565     0.000268367906925    -0.000031326866511
    -0.000020401874898    -0.000031325808370    -0.000014554580718
11 17
    -0.000517032035274    -0.000163977365113     0.000000873459220
    -0.000163977365115    -0.000517032035277    -0.000000873459221
     0.000000574754100    -0.000000574754099    -0.000498765301403
11 18
     0.000014521640871    -0.000088722089603    -0.000020403127623
    -0.000088719960565     0.000268367906925     0.000031326866511
    -0.000020401874898     0.000031325808370    -0.000014554580718
11 19
     0.000393312803141     0.000785568035528     0.000000000000001
     0.000785568035528     0.000393312803156    -0.000000000000003
     0.000000000000000    -0.000000000000009     0.000849895611728
11 20
     0.000592308917826    -0.000000000000000     0.000138013753202
    -0.000000000000000    -0.000111279676222    -0.000000000000000
     0.000138010958393    -0.000000000000000     0.000038200146784
11 21
     0.001423394828743    -0.000000000000000    -0.000642543711880
    -0.000000000000000    -0.000355088077318     0.000000000000000
    -0.000642538962369    -0.000000000000000     0.000230046297782
11 22
     1.786416079450624    -0.000000000000000    -1.465876607398587
    -0.000000000000000     0.923857950027093     0.000000000000000
     1.465953196245936     0.000000000000000    -1.200888359343595
11 23
    -0.014482078485574     0.000000000000000     0.011171083275429
     0.000000000000000     0.166923280611280    -0.000000000000000
     0.011171217393720     0.000000000000000    -0.007201022411383
11 24
     0.000002879608086     0.000053421677279     0.000001916669924
     0.000053420802202     0.000175759066457     0.000002937293221
     0.000001916560119     0.000002937207406     0.000028773736729
11 25
     0.000240322297210     0.000648607507850    -0.000283187521094
     0.000648602937766     0.000606177098393    -0.000370993580960
    -0.000283178900198    -0.000370985226679     0.000244003727058
11 26
     0.000029987421651     0.000167732882099    -0.000043922536950
     0.000167729887816     0.000291275842030    -0.000078550673954
    -0.000043920123224    -0.000078548309178     0.000043003455238
11 27
     0.000240322297210    -0.000648607507850    -0.000283187521094
    -0.000648602937766     0.000606177098393     0.000370993580960
    -0.000283178900198     0.000370985226679     0.000244003727058
11 28
     0.000029987421651    -0.000167732882099    -0.000043922536950
    -0.000167729887816     0.000291275842030     0.000078550673954
    -0.000043920123224     0.000078548309178     0.000043003455238
11 29
   -26.358732068643469    -0.000000000000000    16.971185277477449
     0.000000000000001   -10.376932843814657    -0.000000000000001
    14.523265498501472    -0.000000000000000   -32.597399888618398
11 30
     0.000002874963150    -0.000000000000000     1.111785919872536
    -0.000000000000000     1.517605735952638    -0.000000000000000
     0.000115360952466     0.000000000000000     0.912288890746195
11 31
     0.000517985321148     0.000000000000000     0.000007885489074
    -0.000000000000000    -0.000083865705419    -0.000000000000000
     0.000007885288406    -0.000000000000000    -0.000031794385884
11 32
     0.001235954583541    -0.000000000000000    -0.000239838163884
    -0.000000000000000    -0.000220422287735     0.000000000000000
    -0.000239833418392    -0.000000000000000    -0.000103854660827
11 33
     0.000393312803141    -0.000785568035528     0.000000000000001
    -0.000785568035528     0.000393312803156     0.000000000000003
     0.000000000000000     0.000000000000009     0.000849895611728
11 34
     0.000002879608086    -0.000053421677279     0.000001916669924
    -0.000053420802202     0.000175759066457    -0.000002937293221
     0.000001916560119    -0.000002937207406     0.000028773736729
11 35
     0.000132913258602    -0.000259079760494     0.000150123132135
    -0.000259079008912     0.000179259333437    -0.000163956636042
     0.000150118623849    -0.000163952259546     0.000139248648739
11 36
     0.000004133102163    -0.000027383575497     0.000006683302062
    -0.000027383048172     0.000056671789623    -0.000012182620358
     0.000006682909484    -0.000012182245434     0.000007552803834
11 37
   -11.413070413993539    -0.000000000000000    -5.193737522754815
     0.000000000000001    -8.032795362988317     0.000000000000000
    -4.903207463778123     0.000000000000000   -29.008974360422044
11 38
    -0.333796181514684     0.000000000000000    -0.137346960414532
     0.000000000000000     0.025464952907423     0.000000000000000
    -0.137319165849005    -0.000000000000000    -0.026956359276424
11 39
     0.000166716125077    -0.000000000000000    -0.000018700536653
    -0.000000000000000    -0.000026610803860     0.000000000000000
    -0.000018700017379    -0.000000000000000    -0.000012394726297
11 40
     0.000458813518361    -0.000000000000000     0.000095859176744
    -0.000000000000000    -0.000078703486288    -0.000000000000000
     0.000095856771049    -0.000000000000000    -0.000041615990560
11 41
     0.000307785114298     0.000600193388222    -0.000080926214511
     0.000600198575129     0.000414335209908    -0.000088371442861
    -0.000080934749575    -0.000088379964610    -0.000210532576954
11 42
     0.000010667498233     0.000049630245003    -0.000003453649431
     0.000049628903839     0.000097831298441    -0.000006142372019
    -0.000003453409886    -0.000006142126935    -0.000012644201573
11 43
     0.000307785114298    -0.000600193388222    -0.000080926214511
    -0.000600198575129     0.000414335209908     0.000088371442861
    -0.000080934749575     0.000088379964610    -0.000210532576954
11 44
     0.000010667498233    -0.000049630245003    -0.000003453649431
    -0.000049628903839     0.000097831298441     0.000006142372019
    -0.000003453409886     0.000006142126935    -0.000012644201573
11 45
     0.000088276796974     0.000000000000000     0.000008149523859
    -0.000000000000000    -0.000017659625387    -0.000000000000000
     0.000008149376408    -0.000000000000000     0.000016003140119
11 46
     0.000167167671801    -0.000000000000000    -0.000033541601382
    -0.000000000000000    -0.000038982337909     0.000000000000000
    -0.000033541133300     0.000000000000000     0.000057616746953
11 47
     0.002885030373177    -0.000000000000000     0.006287285092216
    -0.000000000000000     0.477259038542118    -0.000000000000000
     0.006290904592032     0.000000000000000    -0.070161042611930
11 48
     0.000320407152811    -0.000000000000000    -0.000197160986389
    -0.000000000000000    -0.000388992669592     0.000000000000000
    -0.000197103070907    -0.000000000000000     0.000834803281164
11 49
     0.000132913258602     0.000259079760494     0.000150123132135
     0.000259079008912     0.000179259333437     0.000163956636042
     0.000150118623849     0.000163952259546     0.000139248648739
11 50
     0.000004133102163     0.000027383575497     0.000006683302062
     0.000027383048172     0.000056671789623     0.000012182620358
     0.000006682909484     0.000012182245434     0.000007552803834
12 1
     0.000837532746271     0.000000000000000    -0.000056348833275
    -0.000000000000000    -0.000140840609867     0.000000000000000
    -0.000056347664614     0.000000000000000    -0.000084171909763
12 2
     0.000462584299766     0.000000000000000     0.000051840949760
    -0.000000000000000    -0.000094191640535    -0.000000000000000
     0.000051840081837     0.000000000000000     0.000075066748379
12 3
     0.000230320226372    -0.000041856454313    -0.000023142767817
    -0.000041857558147    -0.000030824358645     0.000007913709358
    -0.000023142269540     0.000007913229921     0.000037857309809
12 4
     0.001782689927874     0.000000000000000     0.000262560057514
    -0.000000000000000    -0.000546378593935    -0.000000000000000
     0.000262583440176    -0.000000000000000    -0.000446586335948
12 5
     0.000660738726135    -0.000000000000000    -0.000048985200654
    -0.000000000000000    -0.000105681967562     0.000000000000000
    -0.000048983879443     0.000000000000000    -0.000068578408884
12 6
     0.000329201256228     0.000064267479869    -0.000052735541869
     0.000064269715852    -0.000035680982654    -0.000018379754757
    -0.000052734121058    -0.000018378523645    -0.000000849333454
12 7
     0.000329201256228    -0.000064267479869    -0.000052735541869
    -0.000064269715852    -0.000035680982654     0.000018379754757
    -0.000052734121058     0.000018378523645    -0.000000849333454
12 8
     0.000472997951730    -0.000000000000000    -0.000097899113343
    -0.000000000000000    -0.000083796441748     0.000000000000000
    -0.000097896897136     0.000000000000000     0.000006225910910
12 9
     0.001570677619692    -0.000000000000000     0.000689580621942
    -0.000000000000000    -0.000388257575062    -0.000000000000000
     0.000689580113677     0.000000000000000     0.000058536576650
12 10
     0.000230320226372     0.000041856454313    -0.000023142767817
     0.000041857558147    -0.000030824358645    -0.000007913709358
    -0.000023142269540    -0.000007913229921     0.000037857309809
12 11
    -0.782676411491729     0.000000000000000    -0.029063293683487
     0.000000000000000    -0.115327130235880     0.000000000000000
    -0.029055454325244    -0.000000000000000     0.050687537106296
12 12
    85.081971473853599    -0.000000000000000     6.038889678420929
    -0.000000000000003    24.480552216498943    -0.000000000000000
     6.038480151502467     0.000000000000000    77.267869536777042
12 13
     0.001810327417099    -0.000000000000000    -0.000051435730515
    -0.000000000000000    -0.000589235797417     0.000000000000000
    -0.000051441411660    -0.000000000000000    -0.000513300964205
12 14
   -45.531803292167737     0.000000000000000    -1.195251092693055
     0.000000000000001   -11.688224482478672     0.000000000000000
     1.195551442097445    -0.000000000000000   -14.609166519712062
12 15
     0.000268367906923     0.000088719960564    -0.000031326866501
     0.000088722089600     0.000014521640872    -0.000020403127634
    -0.000031325808369    -0.000020401874906    -0.000014554580722
12 16
     0.000040246119641     0.000011070482684    -0.000002664660602
     0.000011070482685     0.000040246119644    -0.000002664660602
    -0.000002664569277    -0.000002664569275    -0.000004728394506
12 17
     0.000268367906923    -0.000088719960564    -0.000031326866501
    -0.000088722089600     0.000014521640872     0.000020403127634
    -0.000031325808369     0.000020401874906    -0.000014554580722
12 18
     0.000040246119641    -0.000011070482684    -0.000002664660602
    -0.000011070482685     0.000040246119644     0.000002664660602
    -0.000002664569277     0.000002664569275    -0.000004728394506
12 19
     0.000175759066445     0.000053420802193    -0.000002937293222
     0.000053421677287     0.000002879608083    -0.000001916669933
    -0.000002937207404    -0.000001916560111     0.000028773736725
12 20
     0.001423394828742     0.000000000000000    -0.000642543711869
    -0.000000000000000    -0.000355088077318     0.000000000000000
    -0.000642538962361    -0.000000000000000     0.000230046297782
12 21
    -0.921886614932130     0.000000000000000     2.086195009083549
     0.000000000000000    -0.382436414319712    -0.000000000000000
     2.087019384195869    -0.000000000000000    -3.188580588640700
12 22
    -0.014482078485561     0.000000000000000    -0.011171083275432
     0.000000000000000     0.166924510003346     0.000000000000000
    -0.011171217393720    -0.000000000000000    -0.007201022411376
12 23
     1.746904887031393    -0.000000000000000     1.125550718572928
    -0.000000000000000     1.355022609899484    -0.000000000000000
    -1.125649176533625    -0.000000000000000    -0.723056821133447
12 24
     0.000034568078113     0.000007628634051    -0.000000000000003
     0.000007628634044     0.000034568078113     0.000000000000003
     0.000000000000000    -0.000000000000004     0.000001182986607
12 25
     0.000126232460053     0.000047383615739    -0.000014784301934
     0.000047384200349     0.000028608258359    -0.000012532287302
    -0.000014783810667    -0.000012531615613     0.000007387945524
12 26
     0.000052427480127     0.000019778088831    -0.000004403487279
     0.000019778141344     0.000037045402443    -0.000005040725279
    -0.000004403332359    -0.000005040509858     0.000001059600919
12 27
     0.000126232460053    -0.000047383615739    -0.000014784301934
    -0.000047384200349     0.000028608258359     0.000012532287302
    -0.000014783810667     0.000012531615613     0.000007387945524
12 28
     0.000052427480127    -0.000019778088831    -0.000004403487279
    -0.000019778141344     0.000037045402443     0.000005040725279
    -0.000004403332359     0.000005040509858     0.000001059600919
12 29
    -0.000001545392891     0.000000000000000    -1.595095009713611
     0.000000000000000     1.359753216426524     0.000000000000000
    -0.000135851700299     0.000000000000000     1.027762112651092
12 30
   -23.714485583011506    -0.000000000000000   -14.273808398818376
     0.000000000000001   -11.361736339425905     0.000000000000001
   -14.587832728550490     0.000000000000000   -35.992358785508543
12 31
    -0.022881852058745    -0.000000000000000     0.007676395451771
     0.000000000000000     0.368141717333067    -0.000000000000000
     0.007674951425587    -0.000000000000000    -0.002038932041571
12 32
     0.000040955804005     0.000000000000000     0.000165137565125
     0.000000000000000     1.446445952859979     0.000000000000000
     1.645128077905172    -0.000000000000000     1.059996614458914
12 33
     0.000175759066445    -0.000053420802193    -0.000002937293222
    -0.000053421677287     0.000002879608083     0.000001916669933
    -0.000002937207404     0.000001916560111     0.000028773736725
12 34
     0.000034568078113    -0.000007628634051    -0.000000000000003
    -0.000007628634044     0.000034568078113    -0.000000000000003
     0.000000000000000     0.000000000000004     0.000001182986607
12 35
     0.000038830140292    -0.000012849967366     0.000004591040300
    -0.000012850185468     0.000003020368961    -0.000003038772890
     0.000004590903020    -0.000003038596760     0.000004253663442
12 36
     0.000009898745219    -0.000003241624292     0.000000505387574
    -0.000003241628808     0.000008182150479    -0.000000610270956
     0.000000505364340    -0.000000610240744     0.000000147795618
12 37
    -0.159548220853541    -0.000000000000000     0.052177406860138
     0.000000000000000     0.010691358742138    -0.000000000000000
     0.052165465735657     0.000000000000000    -0.005234934186705
12 38
   -15.694290696746029    -0.000000000000000     7.797143656368323
     0.000000000000001    -7.998867843734297    -0.000000000000000
     7.571800878840129     0.000000000000000   -26.326557972877296
12 39
     0.000935923602716     0.000000000000000     0.000222147061406
    -0.000000000000000    -0.000215530631833    -0.000000000000000
     0.000222150994985    -0.000000000000000    -0.000143899959577
12 40
     0.000029746815265     0.000000000000000    -0.000038521556424
     0.000000000000000     1.889630724967519    -0.000000000000000
    -2.840603295406853     0.000000000000000     1.478454937920777
12 41
     0.000060856811748     0.000022223575641    -0.000001965723310
     0.000022224112251     0.000006589065323    -0.000001396271183
    -0.000001965647513    -0.000001396181201    -0.000006922055270
12 42
     0.000012216616810     0.000004308865965    -0.000000187448797
     0.000004308874700     0.000010001513020    -0.000000233105683
    -0.000000187439715    -0.000000233093936    -0.000001602185034
12 43
     0.000060856811748    -0.000022223575641    -0.000001965723310
    -0.000022224112251     0.000006589065323     0.000001396271183
    -0.000001965647513     0.000001396181201    -0.000006922055270
12 44
     0.000012216616810    -0.000004308865965    -0.000000187448797
    -0.000004308874700     0.000010001513020     0.000000233105683
    -0.000000187439715     0.000000233093936    -0.000001602185034
12 45
     0.000285070050979     0.000000000000000    -0.000074024296415
    -0.000000000000000    -0.000080534226238     0.000000000000000
    -0.000074023769494    -0.000000000000000     0.000161862602777
12 46
    -0.000571350993417     0.000000000000000     0.000945675489861
     0.000000000000000    -0.000528531492112    -0.000000000000000
     0.000946134135947     0.000000000000000    -0.000382432763782
12 47
     0.000453149463444     0.000000000000000     0.000240311430856
    -0.000000000000000    -0.000325652543689    -0.000000000000000
     0.000240293311730     0.000000000000000     0.000837903978323
12 48
     0.000227646178610    -0.000000000000000    -0.004553377980727
    -0.000000000000000     0.472645309332795     0.000000000000000
    -0.004555881408669    -0.000000000000000    -0.030409847154397
12 49
     0.000038830140292     0.000012849967366     0.000004591040300
     0.000012850185468     0.000003020368961     0.000003038772890
     0.000004590903020     0.000003038596760     0.000004253663442
12 50
     0.000009898745219     0.000003241624292     0.000000505387574
     0.000003241628808     0.000008182150479     0.000000610270956
     0.000000505364340     0.000000610240744     0.000000147795618
13 1
    -0.255129283813852    -0.000000000000000     0.351593974296168
     0.000000000000000     1.161056034677040    -0.000000000000000
    -0.753104036844188    -0.000000000000000     1.038107213326019
13 2
    -0.012349437484482    -0.000000000000000     0.014084846601857
     0.000000000000000     0.267227960846229    -0.000000000000000
     0.014086310429578    -0.000000000000000    -0.011916231089498
13 3
     0.000718882767924     0.000770044443541     0.000432202618034
     0.000770034130191    -0.000258779250527     0.000238639715949
     0.000432186078276     0.000238646846993     0.001362729320381
13 4
     0.001850506585490     0.000000000000000    -0.000213857361129
    -0.000000000000000    -0.000532702809766     0.000000000000000
    -0.000213873651033    -0.000000000000000    -0.000448320134222
13 5
   -42.731625277771855     0.000000000000000     9.961976582453762
     0.000000000000002   -10.334491012155294    -0.000000000000000
     7.771221425890709     0.000000000000000   -17.583230447324066
13 6
    -0.011646486907909     0.006444936205322    -0.007789078008223
     0.006446473681492    -0.003540837334008     0.004302340941770
    -0.007787688098815     0.004300574072113    -0.004636692256134
13 7
    -0.011646486907909    -0.006444936205322    -0.007789078008223
    -0.006446473681492    -0.003540837334008    -0.004302340941770
    -0.007787688098815    -0.004300574072113    -0.004636692256134
13 8
     1.002488343429895    -0.000000000000000     0.000194704521793
    -0.000000000000000     1.359325054605737    -0.000000000000000
     2.959209569154360     0.000000000000000     0.000740732569904
13 9
     0.001607212092902    -0.000000000000000    -0.000665905112350
    -0.000000000000000    -0.000388568218016     0.000000000000000
    -0.000665905087269    -0.000000000000000     0.000011942405173
13 10
     0.000718882767924    -0.000770044443541     0.000432202618034
    -0.000770034130191    -0.000258779250527    -0.000238639715949
     0.000432186078276    -0.000238646846993     0.001362729320381
13 11
     0.000970082095428     0.000000000000000    -0.000000000000000
    -0.000000000000000    -0.000157364137158     0.000000000000000
     0.000000000000000     0.000000000000000    -0.000116054461879
13 12
     0.001810327417099     0.000000000000000    -0.000051435730515
    -0.000000000000000    -0.000589235797417     0.000000000000000
    -0.000051441411668     0.000000000000000    -0.000513300964220
13 13
    79.119475898737079    -0.000000000000000     0.960773552547125
    -0.000000000000005    22.967481903807471    -0.000000000000000
     0.960016042665286    -0.000000000000000    78.510378023880975
13 14
    -0.782676411491710    -0.000000000000000     0.029063293683490
     0.000000000000000    -0.115325900843811    -0.000000000000000
     0.029055454325240    -0.000000000000000     0.050687537106304
13 15
    -0.000517032035274    -0.000163977365113    -0.000000873459220
    -0.000163977365115    -0.000517032035277     0.000000873459221
    -0.000000574754100     0.000000574754099    -0.000498765301403
13 16
     0.000014521640871    -0.000088722089603     0.000020403127623
    -0.000088719960565     0.000268367906925    -0.000031326866511
     0.000020401874898    -0.000031325808370    -0.000014554580718
13 17
    -0.000517032035274     0.000163977365113    -0.000000873459220
     0.000163977365115    -0.000517032035277    -0.000000873459221
    -0.000000574754100    -0.000000574754099    -0.000498765301403
13 18
     0.000014521640871     0.000088722089603     0.000020403127623
     0.000088719960565     0.000268367906925     0.000031326866511
     0.000020401874898     0.000031325808370    -0.000014554580718
13 19
     0.000393312803141    -0.000785568035528    -0.000000000000001
    -0.000785568035528     0.000393312803156    -0.000000000000003
    -0.000000000000000    -0.000000000000009     0.000849895611728
13 20
     1.786416079450623    -0.000000000000000     1.465876607398587
    -0.000000000000000     0.923857950027093    -0.000000000000000
    -1.465953196245936    -0.000000000000000    -1.200888359343595
13 21
    -0.014482078485574     0.000000000000000    -0.011171083275429
     0.000000000000000     0.166923280611280     0.000000000000000
    -0.011171217393720    -0.000000000000000    -0.007201022411383
13 22
     0.000592308917826    -0.000000000000000    -0.000138013753202
    -0.000000000000000    -0.000111279676222     0.000000000000000
    -0.000138010958393     0.000000000000000     0.000038200146784
13 23
     0.001423394828743    -0.000000000000000     0.000642543711880
    -0.000000000000000    -0.000355088077318    -0.000000000000000
     0.000642538962369     0.000000000000000     0.000230046297782
13 24
     0.000002879608086    -0.000053421677279    -0.000001916669924
    -0.000053420802202     0.000175759066457     0.000002937293221
    -0.000001916560119     0.000002937207406     0.000028773736729
13 25
     0.000240322297210    -0.000648607507850     0.000283187521094
    -0.000648602937766     0.000606177098393    -0.000370993580960
     0.000283178900198    -0.000370985226679     0.000244003727058
13 26
     0.000029987421651    -0.000167732882099     0.000043922536950
    -0.000167729887816     0.000291275842030    -0.000078550673954
     0.000043920123224    -0.000078548309178     0.000043003455238
13 27
     0.000240322297210     0.000648607507850     0.000283187521094
     0.000648602937766     0.000606177098393     0.000370993580960
     0.000283178900198     0.000370985226679     0.000244003727058
13 28
     0.000029987421651     0.000167732882099     0.000043922536950
     0.000167729887816     0.000291275842030     0.000078550673954
     0.000043920123224     0.000078548309178     0.000043003455238
13 29
     0.000517985321148     0.000000000000000    -0.000007885489074
    -0.000000000000000    -0.000083865705419     0.000000000000000
    -0.000007885288406     0.000000000000000    -0.000031794385884
13 30
     0.001235954583541    -0.000000000000000     0.000239838163884
    -0.000000000000000    -0.000220422287735    -0.000000000000000
     0.000239833418392     0.000000000000000    -0.000103854660827
13 31
   -26.358732068643462    -0.000000000000000   -16.971185277477446
     0.000000000000001   -10.376932843814656     0.000000000000001
   -14.523265498501470     0.000000000000000   -32.597399888618398
13 32
     0.000002874963150    -0.000000000000000    -1.111785919872536
    -0.000000000000000     1.517605735952638     0.000000000000000
    -0.000115360952466    -0.000000000000000     0.912288890746195
13 33
     0.000393312803141     0.000785568035528    -0.000000000000001
     0.000785568035528     0.000393312803156     0.000000000000003
    -0.000000000000000     0.000000000000009     0.000849895611728
13 34
     0.000002879608086     0.000053421677279    -0.000001916669924
     0.000053420802202     0.000175759066457    -0.000002937293221
    -0.000001916560119    -0.000002937207406     0.000028773736729
13 35
     0.000132913258602     0.000259079760494    -0.000150123132135
     0.000259079008912     0.000179259333437    -0.000163956636042
    -0.000150118623849    -0.000163952259546     0.000139248648739
13 36
     0.000004133102163     0.000027383575497    -0.000006683302062
     0.000027383048172     0.000056671789623    -0.000012182620358
    -0.000006682909484    -0.000012182245434     0.000007552803834
13 37
     0.000166716125077    -0.000000000000000     0.000018700536653
    -0.000000000000000    -0.000026610803860    -0.000000000000000
     0.000018700017379     0.000000000000000    -0.000012394726297
13 38
     0.000458813518361    -0.000000000000000    -0.000095859176744
    -0.000000000000000    -0.000078703486288     0.000000000000000
    -0.000095856771049     0.000000000000000    -0.000041615990560
13 39
   -11.413070413993537    -0.000000000000000     5.193737522754814
     0.000000000000001    -8.032795362988315    -0.000000000000000
     4.903207463778122    -0.000000000000000   -29.008974360422044
13 40
    -0.333796181514684     0.000000000000000     0.137346960414532
     0.000000000000000     0.025464952907423    -0.000000000000000
     0.137319165849005     0.000000000000000    -0.026956359276424
13 41
     0.000307785114298    -0.000600193388222     0.000080926214511
    -0.000600198575129     0.000414335209908    -0.000088371442861
     0.000080934749575    -0.000088379964610    -0.000210532576954
13 42
     0.000010667498233    -0.000049630245003     0.000003453649431
    -0.000049628903839     0.000097831298441    -0.000006142372019
     0.000003453409886    -0.000006142126935    -0.000012644201573
13 43
     0.000307785114298     0.000600193388222     0.000080926214511
     0.000600198575129     0.000414335209908     0.000088371442861
     0.000080934749575     0.000088379964610    -0.000210532576954
13 44
     0.000010667498233     0.000049630245003     0.000003453649431
     0.000049628903839     0.000097831298441     0.000006142372019
     0.000003453409886     0.000006142126935    -0.000012644201573
13 45
     0.002885030373177    -0.000000000000000    -0.006287285092216
    -0.000000000000000     0.477259038542118     0.000000000000000
    -0.006290904592032    -0.000000000000000    -0.070161042611930
13 46
     0.000320407152811    -0.000000000000000     0.000197160986389
    -0.000000000000000    -0.000388992669592    -0.000000000000000
     0.000197103070907     0.000000000000000     0.000834803281164
13 47
     0.000088276796974     0.000000000000000    -0.000008149523859
    -0.000000000000000    -0.000017659625387     0.000000000000000
    -0.000008149376408     0.000000000000000     0.000016003140119
13 48
     0.000167167671801    -0.000000000000000     0.000033541601382
    -0.000000000000000    -0.000038982337909    -0.000000000000000
     0.000033541133300    -0.000000000000000     0.000057616746953
13 49
     0.000132913258602    -0.000259079760494    -0.000150123132135
    -0.000259079008912     0.000179259333437     0.000163956636042
    -0.000150118623849     0.000163952259546     0.000139248648739
13 50
     0.000004133102163    -0.000027383575497    -0.000006683302062
    -0.000027383048172     0.000056671789623     0.000012182620358
    -0.000006682909484     0.000012182245434     0.000007552803834
14 1
     0.000837532746271     0.000000000000000     0.000056348833275
    -0.000000000000000    -0.000140840609867    -0.000000000000000
     0.000056347664614    -0.000000000000000    -0.000084171909763
14 2
     0.000462584299766     0.000000000000000    -0.000051840949760
    -0.000000000000000    -0.000094191640535     0.000000000000000
    -0.000051840081837    -0.000000000000000     0.000075066748379
14 3
     0.000230320226372     0.000041856454313     0.000023142767817
     0.000041857558147    -0.000030824358645     0.000007913709358
     0.000023142269540     0.000007913229921     0.000037857309809
14 4
     0.000660738726135    -0.000000000000000     0.000048985200654
    -0.000000000000000    -0.000105681967562    -0.000000000000000
     0.000048983879443    -0.000000000000000    -0.000068578408884
14 5
     0.001782689927874     0.000000000000000    -0.000262560057514
    -0.000000000000000    -0.000546378593935     0.000000000000000
    -0.000262583440176     0.000000000000000    -0.000446586335948
14 6
     0.000329201256228    -0.000064267479869     0.000052735541869
    -0.000064269715852    -0.000035680982654    -0.000018379754757
     0.000052734121058    -0.000018378523645    -0.000000849333454
14 7
     0.000329201256228     0.000064267479869     0.000052735541869
     0.000064269715852    -0.000035680982654     0.000018379754757
     0.000052734121058     0.000018378523645    -0.000000849333454
14 8
     0.001570677619692    -0.000000000000000    -0.000689580621942
    -0.000000000000000    -0.000388257575062     0.000000000000000
    -0.000689580113677    -0.000000000000000     0.000058536576650
14 9
     0.000472997951730    -0.000000000000000     0.000097899113343
    -0.000000000000000    -0.000083796441748    -0.000000000000000
     0.000097896897136    -0.000000000000000     0.000006225910910
14 10
     0.000230320226372    -0.000041856454313     0.000023142767817
    -0.000041857558147    -0.000030824358645    -0.000007913709358
     0.000023142269540    -0.000007913229921     0.000037857309809
14 11
     0.001810327417099    -0.000000000000000     0.000051435730515
    -0.000000000000000    -0.000589235797417    -0.000000000000000
     0.000051441411660     0.000000000000000    -0.000513300964205
14 12
   -45.531803292167730     0.000000000000000     1.195251092693055
     0.000000000000001   -11.688224482478670    -0.000000000000000
    -1.195551442097444     0.000000000000000   -14.609166519712062
14 13
    -0.782676411491729     0.000000000000000     0.029063293683487
     0.000000000000000    -0.115327130235880    -0.000000000000000
     0.029055454325244     0.000000000000000     0.050687537106296
14 14
    85.081971473853585    -0.000000000000000    -6.038889678420928
    -0.000000000000003    24.480552216498936     0.000000000000000
    -6.038480151502466    -0.000000000000000    77.267869536777042
14 15
     0.000268367906923    -0.000088719960564     0.000031326866501
    -0.000088722089600     0.000014521640872    -0.000020403127634
     0.000031325808369    -0.000020401874906    -0.000014554580722
14 16
     0.000040246119641    -0.000011070482684     0.000002664660602
    -0.000011070482685     0.000040246119644    -0.000002664660602
     0.000002664569277    -0.000002664569275    -0.000004728394506
14 17
     0.000268367906923     0.000088719960564     0.000031326866501
     0.000088722089600     0.000014521640872     0.000020403127634
     0.000031325808369     0.000020401874906    -0.000014554580722
14 18
     0.000040246119641     0.000011070482684     0.000002664660602
     0.000011070482685     0.000040246119644     0.000002664660602
     0.000002664569277     0.000002664569275    -0.000004728394506
14 19
     0.000175759066445    -0.000053420802193     0.000002937293222
    -0.000053421677287     0.000002879608083    -0.000001916669933
     0.000002937207404    -0.000001916560111     0.000028773736725
14 20
    -0.014482078485561     0.000000000000000     0.011171083275432
     0.000000000000000     0.166924510003346    -0.000000000000000
     0.011171217393720     0.000000000000000    -0.007201022411376
14 21
     1.746904887031393    -0.000000000000000    -1.125550718572927
    -0.000000000000000     1.355022609899484     0.000000000000000
     1.125649176533625     0.000000000000000    -0.723056821133447
14 22
     0.001423394828742     0.000000000000000     0.000642543711869
    -0.000000000000000    -0.000355088077318    -0.000000000000000
     0.000642538962361     0.000000000000000     0.000230046297782
14 23
    -0.921886614932129     0.000000000000000    -2.086195009083549
     0.000000000000000    -0.382436414319712     0.000000000000000
    -2.087019384195868     0.000000000000000    -3.188580588640700
14 24
     0.000034568078113    -0.000007628634051     0.000000000000003
    -0.000007628634044     0.000034568078113     0.000000000000003
    -0.000000000000000    -0.000000000000004     0.000001182986607
14 25
     0.000126232460053    -0.000047383615739     0.000014784301934
    -0.000047384200349     0.000028608258359    -0.000012532287302
     0.000014783810667    -0.000012531615613     0.000007387945524
14 26
     0.000052427480127    -0.000019778088831     0.000004403487279
    -0.000019778141344     0.000037045402443    -0.000005040725279
     0.000004403332359    -0.000005040509858     0.000001059600919
14 27
     0.000126232460053     0.000047383615739     0.000014784301934
     0.000047384200349     0.000028608258359     0.000012532287302
     0.000014783810667     0.000012531615613     0.000007387945524
14 28
     0.000052427480127     0.000019778088831     0.000004403487279
     0.000019778141344     0.000037045402443     0.000005040725279
     0.000004403332359     0.000005040509858     0.000001059600919
14 29
    -0.022881852058745    -0.000000000000000    -0.007676395451771
     0.000000000000000     0.368141717333067     0.000000000000000
    -0.007674951425587     0.000000000000000    -0.002038932041571
14 30
     0.000040955804005     0.000000000000000    -0.000165137565125
     0.000000000000000     1.446445952859979    -0.000000000000000
    -1.645128077905172     0.000000000000000     1.059996614458914
14 31
    -0.000001545392891     0.000000000000000     1.595095009713611
     0.000000000000000     1.359753216426524    -0.000000000000000
     0.000135851700299    -0.000000000000000     1.027762112651092
14 32
   -23.714485583011502    -0.000000000000000    14.273808398818375
     0.000000000000001   -11.361736339425903    -0.000000000000001
    14.587832728550488    -0.000000000000000   -35.992358785508543
14 33
     0.000175759066445     0.000053420802193     0.000002937293222
     0.000053421677287     0.000002879608083     0.000001916669933
     0.000002937207404     0.000001916560111     0.000028773736725
14 34
     0.000034568078113     0.000007628634051     0.000000000000003
     0.000007628634044     0.000034568078113    -0.000000000000003
    -0.000000000000000     0.000000000000004     0.000001182986607
14 35
     0.000038830140292     0.000012849967366    -0.000004591040300
     0.000012850185468     0.000003020368961    -0.000003038772890
    -0.000004590903020    -0.000003038596760     0.000004253663442
14 36
     0.000009898745219     0.000003241624292    -0.000000505387574
     0.000003241628808     0.000008182150479    -0.000000610270956
    -0.000000505364340    -0.000000610240744     0.000000147795618
14 37
     0.000935923602716     0.000000000000000    -0.000222147061406
    -0.000000000000000    -0.000215530631833     0.000000000000000
    -0.000222150994985     0.000000000000000    -0.000143899959577
14 38
     0.000029746815265     0.000000000000000     0.000038521556424
     0.000000000000000     1.889630724967519     0.000000000000000
     2.840603295406852    -0.000000000000000     1.478454937920777
14 39
    -0.159548220853541    -0.000000000000000    -0.052177406860138
     0.000000000000000     0.010691358742138     0.000000000000000
    -0.052165465735657    -0.000000000000000    -0.005234934186705
14 40
   -15.694290696746025    -0.000000000000000    -7.797143656368323
     0.000000000000001    -7.998867843734295     0.000000000000000
    -7.571800878840128    -0.000000000000000   -26.326557972877296
14 41
     0.000060856811748    -0.000022223575641     0.000001965723310
    -0.000022224112251     0.000006589065323    -0.000001396271183
     0.000001965647513    -0.000001396181201    -0.000006922055270
14 42
     0.000012216616810    -0.000004308865965     0.000000187448797
    -0.000004308874700     0.000010001513020    -0.000000233105683
     0.000000187439715    -0.000000233093936    -0.000001602185034
14 43
     0.000060856811748     0.000022223575641     0.000001965723310
     0.000022224112251     0.000006589065323     0.000001396271183
     0.000001965647513     0.000001396181201    -0.000006922055270
14 44
     0.000012216616810     0.000004308865965     0.000000187448797
     0.000004308874700     0.000010001513020     0.000000233105683
     0.000000187439715     0.000000233093936    -0.000001602185034
14 45
     0.000453149463444     0.000000000000000    -0.000240311430856
    -0.000000000000000    -0.000325652543689     0.000000000000000
    -0.000240293311730    -0.000000000000000     0.000837903978323
14 46
     0.000227646178610    -0.000000000000000     0.004553377980727
    -0.000000000000000     0.472645309332794    -0.000000000000000
     0.004555881408669     0.000000000000000    -0.030409847154397
14 47
     0.000285070050979     0.000000000000000     0.000074024296415
    -0.000000000000000    -0.000080534226238    -0.000000000000000
     0.000074023769494     0.000000000000000     0.000161862602777
14 48
    -0.000571350993417     0.000000000000000    -0.000945675489861
     0.000000000000000    -0.000528531492112     0.000000000000000
    -0.000946134135947    -0.000000000000000    -0.000382432763782
14 49
     0.000038830140292    -0.000012849967366    -0.000004591040300
    -0.000012850185468     0.000003020368961     0.000003038772890
    -0.000004590903020     0.000003038596760     0.000004253663442
14 50
     0.000009898745219    -0.000003241624292    -0.000000505387574
    -0.000003241628808     0.000008182150479     0.000000610270956
    -0.000000505364340     0.000000610240744     0.000000147795618
15 1
     1.161056034677040    -0.000000000000000    -0.000000000000000
     0.000000000000000    -0.255129283813852    -0.351593974296168
    -0.000000000000000     0.753104036844188     1.038107213326019
15 2
     0.267227960846229    -0.000000000000000    -0.000000000000000
     0.000000000000000    -0.012349437484482    -0.014084846601857
    -0.000000000000000    -0.014086310429578    -0.011916231089498
15 3
    -0.000388568218016     0.000000000000000     0.000000000000000
     0.000000000000000     0.001607212092902     0.000665905112350
    -0.000000000000000     0.000665905087269     0.000011942405173
15 4
    -0.003540837334008    -0.006446473681492     0.004302340941770
    -0.006444936205322    -0.011646486907909     0.007789078008223
     0.004300574072113     0.007787688098815    -0.004636692256134
15 5
    -0.003540837334008     0.006446473681492    -0.004302340941770
     0.006444936205322    -0.011646486907909     0.007789078008223
    -0.004300574072113     0.007787688098815    -0.004636692256134
15 6
   -10.334491012155294    -0.000000000000002    -0.000000000000000
    -0.000000000000000   -42.731625277771855    -9.961976582453762
     0.000000000000000    -7.771221425890709   -17.583230447324066
15 7
    -0.000532702809766     0.000000000000000     0.000000000000000
    -0.000000000000000     0.001850506585490     0.000213857361129
    -0.000000000000000     0.000213873651033    -0.000448320134222
15 8
    -0.000258779250527    -0.000770034130191     0.000238639715949
    -0.000770044443541     0.000718882767924    -0.000432202618034
     0.000238646846993    -0.000432186078276     0.001362729320381
15 9
    -0.000258779250527     0.000770034130191    -0.000238639715949
     0.000770044443541     0.000718882767924    -0.000432202618034
    -0.000238646846993    -0.000432186078276     0.001362729320381
15 10
     1.359325054605737     0.000000000000000    -0.000000000000000
     0.000000000000000     1.002488343429895    -0.000194704521793
     0.000000000000000    -2.959209569154360     0.000740732569904
15 11
    -0.000517032035277     0.000163977365115     0.000000873459221
     0.000163977365113    -0.000517032035274     0.000000873459220
     0.000000574754099     0.000000574754100    -0.000498765301403
15 12
     0.000268367906925     0.000088719960565    -0.000031326866511
     0.000088722089603     0.000014521640871    -0.000020403127623
    -0.000031325808370    -0.000020401874898    -0.000014554580718
15 13
    -0.000517032035277    -0.000163977365115    -0.000000873459221
    -0.000163977365113    -0.000517032035274     0.000000873459220
    -0.000000574754099     0.000000574754100    -0.000498765301403
15 14
     0.000268367906925    -0.000088719960565     0.000031326866511
    -0.000088722089603     0.000014521640871    -0.000020403127623
     0.000031325808370    -0.000020401874898    -0.000014554580718
15 15
    22.967481903807471     0.000000000000005    -0.000000000000000
     0.000000000000000    79.119475898737079    -0.960773552547125
    -0.000000000000000    -0.960016042665286    78.510378023880975
15 16
    -0.115325900843811    -0.000000000000000    -0.000000000000000
     0.000000000000000    -0.782676411491710    -0.029063293683490
    -0.000000000000000    -0.029055454325240     0.050687537106304
15 17
    -0.000157364137158     0.000000000000000     0.000000000000000
    -0.000000000000000     0.000970082095428     0.000000000000000
     0.000000000000000    -0.000000000000000    -0.000116054461879
15 18
    -0.000589235797417     0.000000000000000     0.000000000000000
    -0.000000000000000     0.001810327417099     0.000051435730515
     0.000000000000000     0.000051441411668    -0.000513300964220
15 19
     0.923857950027093     0.000000000000000    -0.000000000000000
     0.000000000000000     1.786416079450623    -1.465876607398587
    -0.000000000000000     1.465953196245936    -1.200888359343595
15 20
     0.000393312803156    -0.000785568035528     0.000000000000003
    -0.000785568035528     0.000393312803141     0.000000000000001
     0.000000000000009     0.000000000000000     0.000849895611728
15 21
     0.000175759066457    -0.000053420802202    -0.000002937293221
    -0.000053421677279     0.000002879608086     0.000001916669924
    -0.000002937207406     0.000001916560119     0.000028773736729
15 22
     0.000393312803156     0.000785568035528    -0.000000000000003
     0.000785568035528     0.000393312803141     0.000000000000001
    -0.000000000000009     0.000000000000000     0.000849895611728
15 23
     0.000175759066457     0.000053420802202     0.000002937293221
     0.000053421677279     0.000002879608086     0.000001916669924
     0.000002937207406     0.000001916560119     0.000028773736729
15 24
     0.166923280611280    -0.000000000000000     0.000000000000000
    -0.000000000000000    -0.014482078485574     0.011171083275429
    -0.000000000000000     0.011171217393720    -0.007201022411383
15 25
   -10.376932843814656    -0.000000000000001     0.000000000000001
     0.000000000000000   -26.358732068643462    16.971185277477446
     0.000000000000000    14.523265498501470   -32.597399888618398
15 26
     1.517605735952638     0.000000000000000     0.000000000000000
     0.000000000000000     0.000002874963150     1.111785919872536
    -0.000000000000000     0.000115360952466     0.912288890746195
15 27
    -0.000083865705419     0.000000000000000     0.000000000000000
    -0.000000000000000     0.000517985321148     0.000007885489074
     0.000000000000000     0.000007885288406    -0.000031794385884
15 28
    -0.000220422287735     0.000000000000000    -0.000000000000000
     0.000000000000000     0.001235954583541    -0.000239838163884
     0.000000000000000    -0.000239833418392    -0.000103854660827
15 29
     0.000606177098393     0.000648602937766    -0.000370993580960
     0.000648607507850     0.000240322297210    -0.000283187521094
    -0.000370985226679    -0.000283178900198     0.000244003727058
15 30
     0.000291275842030     0.000167729887816    -0.000078550673954
     0.000167732882099     0.000029987421651    -0.000043922536950
    -0.000078548309178    -0.000043920123224     0.000043003455238
15 31
     0.000606177098393    -0.000648602937766     0.000370993580960
    -0.000648607507850     0.000240322297210    -0.000283187521094
     0.000370985226679    -0.000283178900198     0.000244003727058
15 32
     0.000291275842030    -0.000167729887816     0.000078550673954
    -0.000167732882099     0.000029987421651    -0.000043922536950
     0.000078548309178    -0.000043920123224     0.000043003455238
15 33
    -0.000111279676222     0.000000000000000     0.000000000000000
     0.000000000000000     0.000592308917826     0.000138013753202
     0.000000000000000     0.000138010958393     0.000038200146784
15 34
    -0.000355088077318     0.000000000000000    -0.000000000000000
     0.000000000000000     0.001423394828743    -0.000642543711880
     0.000000000000000    -0.000642538962369     0.000230046297782
15 35
    -0.000017659625387     0.000000000000000     0.000000000000000
    -0.000000000000000     0.000088276796974     0.000008149523859
     0.000000000000000     0.000008149376408     0.000016003140119
15 36
    -0.000038982337909     0.000000000000000    -0.000000000000000
     0.000000000000000     0.000167167671801    -0.000033541601382
    -0.000000000000000    -0.000033541133300     0.000057616746953
15 37
     0.000414335209908     0.000600198575129    -0.000088371442861
     0.000600193388222     0.000307785114298    -0.000080926214511
    -0.000088379964610    -0.000080934749575    -0.000210532576954
15 38
     0.000097831298441     0.000049628903839    -0.000006142372019
     0.000049630245003     0.000010667498233    -0.000003453649431
    -0.000006142126935    -0.000003453409886    -0.000012644201573
15 39
     0.000414335209908    -0.000600198575129     0.000088371442861
    -0.000600193388222     0.000307785114298    -0.000080926214511
     0.000088379964610    -0.000080934749575    -0.000210532576954
15 40
     0.000097831298441    -0.000049628903839     0.000006142372019
    -0.000049630245003     0.000010667498233    -0.000003453649431
     0.000006142126935    -0.000003453409886    -0.000012644201573
15 41
    -8.032795362988315    -0.000000000000001    -0.000000000000000
     0.000000000000000   -11.413070413993537    -5.193737522754814
    -0.000000000000000    -4.903207463778122   -29.008974360422044
15 42
     0.025464952907423    -0.000000000000000    -0.000000000000000
    -0.000000000000000    -0.333796181514684    -0.137346960414532
     0.000000000000000    -0.137319165849005    -0.026956359276424
15 43
    -0.000026610803860     0.000000000000000    -0.000000000000000
     0.000000000000000     0.000166716125077    -0.000018700536653
     0.000000000000000    -0.000018700017379    -0.000012394726297
15 44
    -0.000078703486288     0.000000000000000     0.000000000000000
     0.000000000000000     0.000458813518361     0.000095859176744
     0.000000000000000     0.000095856771049    -0.000041615990560
15 45
     0.000179259333437    -0.000259079008912    -0.000163956636042
    -0.000259079760494     0.000132913258602     0.000150123132135
    -0.000163952259546     0.000150118623849     0.000139248648739
15 46
     0.000056671789623    -0.000027383048172    -0.000012182620358
    -0.000027383575497     0.000004133102163     0.000006683302062
    -0.000012182245434     0.000006682909484     0.000007552803834
15 47
     0.000179259333437     0.000259079008912     0.000163956636042
     0.000259079760494     0.000132913258602     0.000150123132135
     0.000163952259546     0.000150118623849     0.000139248648739
15 48
     0.000056671789623     0.000027383048172     0.000012182620358
     0.000027383575497     0.000004133102163     0.000006683302062
     0.000012182245434     0.000006682909484     0.000007552803834
15 49
     0.477259038542118     0.000000000000000     0.000000000000000
     0.000000000000000     0.002885030373177     0.006287285092216
    -0.000000000000000     0.006290904592032    -0.070161042611930
15 50
    -0.000388992669592     0.000000000000000    -0.000000000000000
     0.000000000000000     0.000320407152811    -0.000197160986389
     0.000000000000000    -0.000197103070907     0.000834803281164
16 1
    -0.000140840609867     0.000000000000000    -0.000000000000000
    -0.000000000000000     0.000837532746271    -0.000056348833275
    -0.000000000000000    -0.000056347664614    -0.000084171909763
16 2
    -0.000094191640535     0.000000000000000     0.000000000000000
    -0.000000000000000     0.000462584299766     0.000051840949760
    -0.000000000000000     0.000051840081837     0.000075066748379
16 3
    -0.000083796441748     0.000000000000000    -0.000000000000000
     0.000000000000000     0.000472997951730    -0.000097899113343
    -0.000000000000000    -0.000097896897136     0.000006225910910
16 4
    -0.000035680982654     0.000064269715852    -0.000018379754757
     0.000064267479869     0.000329201256228    -0.000052735541869
    -0.000018378523645    -0.000052734121058    -0.000000849333454
16 5
    -0.000035680982654    -0.000064269715852     0.000018379754757
    -0.000064267479869     0.000329201256228    -0.000052735541869
     0.000018378523645    -0.000052734121058    -0.000000849333454
16 6
    -0.000546378593935     0.000000000000000     0.000000000000000
    -0.000000000000000     0.001782689927874     0.000262560057514
     0.000000000000000     0.000262583440176    -0.000446586335948
16 7
    -0.000105681967562     0.000000000000000    -0.000000000000000
     0.000000000000000     0.000660738726135    -0.000048985200654
    -0.000000000000000    -0.000048983879443    -0.000068578408884
16 8
    -0.000030824358645    -0.000041857558147     0.000007913709358
    -0.000041856454313     0.000230320226372    -0.000023142767817
     0.000007913229921    -0.000023142269540     0.000037857309809
16 9
    -0.000030824358645     0.000041857558147    -0.000007913709358
     0.000041856454313     0.000230320226372    -0.000023142767817
    -0.000007913229921    -0.000023142269540     0.000037857309809
16 10
    -0.000388257575062     0.000000000000000     0.000000000000000
     0.000000000000000     0.001570677619692     0.000689580621942
    -0.000000000000000     0.000689580113677     0.000058536576650
16 11
     0.000014521640872     0.000088722089600    -0.000020403127634
     0.000088719960564     0.000268367906923    -0.000031326866501
    -0.000020401874906    -0.000031325808369    -0.000014554580722
16 12
     0.000040246119644     0.000011070482685    -0.000002664660602
     0.000011070482684     0.000040246119641    -0.000002664660602
    -0.000002664569275    -0.000002664569277    -0.000004728394506
16 13
     0.000014521640872    -0.000088722089600     0.000020403127634
    -0.000088719960564     0.000268367906923    -0.000031326866501
     0.000020401874906    -0.000031325808369    -0.000014554580722
16 14
     0.000040246119644    -0.000011070482685     0.000002664660602
    -0.000011070482684     0.000040246119641    -0.000002664660602
     0.000002664569275    -0.000002664569277    -0.000004728394506
16 15
    -0.115327130235880    -0.000000000000000    -0.000000000000000
    -0.000000000000000    -0.782676411491729    -0.029063293683487
     0.000000000000000    -0.029055454325244     0.050687537106296
16 16
    24.480552216498936     0.000000000000003     0.000000000000000
     0.000000000000000    85.081971473853585     6.038889678420928
    -0.000000000000000     6.038480151502466    77.267869536777042
16 17
    -0.000589235797417     0.000000000000000    -0.000000000000000
     0.000000000000000     0.001810327417099    -0.000051435730515
     0.000000000000000    -0.000051441411660    -0.000513300964205
16 18
   -11.688224482478670    -0.000000000000001    -0.000000000000000
    -0.000000000000000   -45.531803292167730    -1.195251092693055
     0.000000000000000     1.195551442097444   -14.609166519712062
16 19
     0.166924510003346    -0.000000000000000    -0.000000000000000
    -0.000000000000000    -0.014482078485561    -0.011171083275432
     0.000000000000000    -0.011171217393720    -0.007201022411376
16 20
     0.000002879608083    -0.000053421677287     0.000001916669933
    -0.000053420802193     0.000175759066445    -0.000002937293222
     0.000001916560111    -0.000002937207404     0.000028773736725
16 21
     0.000034568078113    -0.000007628634044    -0.000000000000003
    -0.000007628634051     0.000034568078113    -0.000000000000003
     0.000000000000004     0.000000000000000     0.000001182986607
16 22
     0.000002879608083     0.000053421677287    -0.000001916669933
     0.000053420802193     0.000175759066445    -0.000002937293222
    -0.000001916560111    -0.000002937207404     0.000028773736725
16 23
     0.000034568078113     0.000007628634044     0.000000000000003
     0.000007628634051     0.000034568078113    -0.000000000000003
    -0.000000000000004     0.000000000000000     0.000001182986607
16 24
     1.355022609899484     0.000000000000000     0.000000000000000
     0.000000000000000     1.746904887031393     1.125550718572927
     0.000000000000000    -1.125649176533625    -0.723056821133447
16 25
     1.359753216426524    -0.000000000000000    -0.000000000000000
    -0.000000000000000    -0.000001545392891    -1.595095009713611
    -0.000000000000000    -0.000135851700299     1.027762112651092
16 26
   -11.361736339425903    -0.000000000000001    -0.000000000000001
     0.000000000000000   -23.714485583011502   -14.273808398818375
    -0.000000000000000   -14.587832728550488   -35.992358785508543
16 27
     0.368141717333067    -0.000000000000000     0.000000000000000
     0.000000000000000    -0.022881852058745     0.007676395451771
     0.000000000000000     0.007674951425587    -0.002038932041571
16 28
     1.446445952859979    -0.000000000000000    -0.000000000000000
    -0.000000000000000     0.000040955804005     0.000165137565125
     0.000000000000000     1.645128077905172     1.059996614458914
16 29
     0.000028608258359     0.000047384200349    -0.000012532287302
     0.000047383615739     0.000126232460053    -0.000014784301934
    -0.000012531615613    -0.000014783810667     0.000007387945524
16 30
     0.000037045402443     0.000019778141344    -0.000005040725279
     0.000019778088831     0.000052427480127    -0.000004403487279
    -0.000005040509858    -0.000004403332359     0.000001059600919
16 31
     0.000028608258359    -0.000047384200349     0.000012532287302
    -0.000047383615739     0.000126232460053    -0.000014784301934
     0.000012531615613    -0.000014783810667     0.000007387945524
16 32
     0.000037045402443    -0.000019778141344     0.000005040725279
    -0.000019778088831     0.000052427480127    -0.000004403487279
     0.000005040509858    -0.000004403332359     0.000001059600919
16 33
    -0.000355088077318     0.000000000000000    -0.000000000000000
    -0.000000000000000     0.001423394828742    -0.000642543711869
     0.000000000000000    -0.000642538962361     0.000230046297782
16 34
    -0.382436414319712    -0.000000000000000     0.000000000000000
    -0.000000000000000    -0.921886614932129     2.086195009083549
     0.000000000000000     2.087019384195868    -3.188580588640700
16 35
    -0.000080534226238     0.000000000000000    -0.000000000000000
    -0.000000000000000     0.000285070050979    -0.000074024296415
     0.000000000000000    -0.000074023769494     0.000161862602777
16 36
    -0.000528531492112    -0.000000000000000     0.000000000000000
    -0.000000000000000    -0.000571350993417     0.000945675489861
    -0.000000000000000     0.000946134135947    -0.000382432763782
16 37
     0.000006589065323     0.000022224112251    -0.000001396271183
     0.000022223575641     0.000060856811748    -0.000001965723310
    -0.000001396181201    -0.000001965647513    -0.000006922055270
16 38
     0.000010001513020     0.000004308874700    -0.000000233105683
     0.000004308865965     0.000012216616810    -0.000000187448797
    -0.000000233093936    -0.000000187439715    -0.000001602185034
16 39
     0.000006589065323    -0.000022224112251     0.000001396271183
    -0.000022223575641     0.000060856811748    -0.000001965723310
     0.000001396181201    -0.000001965647513    -0.000006922055270
16 40
     0.000010001513020    -0.000004308874700     0.000000233105683
    -0.000004308865965     0.000012216616810    -0.000000187448797
     0.000000233093936    -0.000000187439715    -0.000001602185034
16 41
     0.010691358742138    -0.000000000000000     0.000000000000000
     0.000000000000000    -0.159548220853541     0.052177406860138
    -0.000000000000000     0.052165465735657    -0.005234934186705
16 42
    -7.998867843734295    -0.000000000000001     0.000000000000000
     0.000000000000000   -15.694290696746025     7.797143656368323
    -0.000000000000000     7.571800878840128   -26.326557972877296
16 43
    -0.000215530631833     0.000000000000000     0.000000000000000
    -0.000000000000000     0.000935923602716     0.000222147061406
     0.000000000000000     0.000222150994985    -0.000143899959577
16 44
     1.889630724967519    -0.000000000000000     0.000000000000000
    -0.000000000000000     0.000029746815265    -0.000038521556424
    -0.000000000000000    -2.840603295406852     1.478454937920777
16 45
     0.000003020368961    -0.000012850185468    -0.000003038772890
    -0.000012849967366     0.000038830140292     0.000004591040300
    -0.000003038596760     0.000004590903020     0.000004253663442
16 46
     0.000008182150479    -0.000003241628808    -0.000000610270956
    -0.000003241624292     0.000009898745219     0.000000505387574
    -0.000000610240744     0.000000505364340     0.000000147795618
16 47
     0.000003020368961     0.000012850185468     0.000003038772890
     0.000012849967366     0.000038830140292     0.000004591040300
     0.000003038596760     0.000004590903020     0.000004253663442
16 48
     0.000008182150479     0.000003241628808     0.000000610270956
     0.000003241624292     0.000009898745219     0.000000505387574
     0.000000610240744     0.000000505364340     0.000000147795618
16 49
    -0.000325652543689     0.000000000000000     0.000000000000000
    -0.000000000000000     0.000453149463444     0.000240311430856
    -0.000000000000000     0.000240293311730     0.000837903978323
16 50
     0.472645309332794     0.000000000000000    -0.000000000000000
     0.000000000000000     0.000227646178610    -0.004553377980727
     0.000000000000000    -0.004555881408669    -0.030409847154397
17 1
     1.161056034677040    -0.000000000000000     0.000000000000000
     0.000000000000000    -0.255129283813852     0.351593974296168
     0.000000000000000    -0.753104036844188     1.038107213326019
17 2
     0.267227960846229    -0.000000000000000     0.000000000000000
     0.000000000000000    -0.012349437484482     0.014084846601857
     0.000000000000000     0.014086310429578    -0.011916231089498
17 3
     1.359325054605737     0.000000000000000     0.000000000000000
     0.000000000000000     1.002488343429895     0.000194704521793
    -0.000000000000000     2.959209569154360     0.000740732569904
17 4
    -0.003540837334008     0.006446473681492     0.004302340941770
     0.006444936205322    -0.011646486907909    -0.007789078008223
     0.004300574072113    -0.007787688098815    -0.004636692256134
17 5
    -0.003540837334008    -0.006446473681492    -0.004302340941770
    -0.006444936205322    -0.011646486907909    -0.007789078008223
    -0.004300574072113    -0.007787688098815    -0.004636692256134
17 6
    -0.000532702809766     0.000000000000000    -0.000000000000000
    -0.000000000000000     0.001850506585490    -0.000213857361129
     0.000000000000000    -0.000213873651033    -0.000448320134222
17 7
   -10.334491012155294    -0.000000000000002     0.000000000000000
    -0.000000000000000   -42.731625277771855     9.961976582453762
    -0.000000000000000     7.771221425890709   -17.583230447324066
17 8
    -0.000258779250527     0.000770034130191     0.000238639715949
     0.000770044443541     0.000718882767924     0.000432202618034
     0.000238646846993     0.000432186078276     0.001362729320381
17 9
    -0.000258779250527    -0.000770034130191    -0.000238639715949
    -0.000770044443541     0.000718882767924     0.000432202618034
    -0.000238646846993     0.000432186078276     0.001362729320381
17 10
    -0.000388568218016     0.000000000000000    -0.000000000000000
     0.000000000000000     0.001607212092902    -0.000665905112350
     0.000000000000000    -0.000665905087269     0.000011942405173
17 11
    -0.000517032035277    -0.000163977365115     0.000000873459221
    -0.000163977365113    -0.000517032035274    -0.000000873459220
     0.000000574754099    -0.000000574754100    -0.000498765301403
17 12
     0.000268367906925    -0.000088719960565    -0.000031326866511
    -0.000088722089603     0.000014521640871     0.000020403127623
    -0.000031325808370     0.000020401874898    -0.000014554580718
17 13
    -0.000517032035277     0.000163977365115    -0.000000873459221
     0.000163977365113    -0.000517032035274    -0.000000873459220
    -0.000000574754099    -0.000000574754100    -0.000498765301403
17 14
     0.000268367906925     0.000088719960565     0.000031326866511
     0.000088722089603     0.000014521640871     0.000020403127623
     0.000031325808370     0.000020401874898    -0.000014554580718
17 15
    -0.000157364137158     0.000000000000000    -0.000000000000000
    -0.000000000000000     0.000970082095428    -0.000000000000000
    -0.000000000000000     0.000000000000000    -0.000116054461879
17 16
    -0.000589235797417     0.000000000000000    -0.000000000000000
    -0.000000000000000     0.001810327417099    -0.000051435730515
    -0.000000000000000    -0.000051441411668    -0.000513300964220
17 17
    22.967481903807471     0.000000000000005     0.000000000000000
     0.000000000000000    79.119475898737079     0.960773552547125
     0.000000000000000     0.960016042665286    78.510378023880975
17 18
    -0.115325900843811    -0.000000000000000     0.000000000000000
     0.000000000000000    -0.782676411491710     0.029063293683490
     0.000000000000000     0.029055454325240     0.050687537106304
17 19
    -0.000111279676222     0.000000000000000    -0.000000000000000
     0.000000000000000     0.000592308917826    -0.000138013753202
    -0.000000000000000    -0.000138010958393     0.000038200146784
17 20
     0.000393312803156     0.000785568035528     0.000000000000003
     0.000785568035528     0.000393312803141    -0.000000000000001
     0.000000000000009    -0.000000000000000     0.000849895611728
17 21
     0.000175759066457     0.000053420802202    -0.000002937293221
     0.000053421677279     0.000002879608086    -0.000001916669924
    -0.000002937207406    -0.000001916560119     0.000028773736729
17 22
     0.000393312803156    -0.000785568035528    -0.000000000000003
    -0.000785568035528     0.000393312803141    -0.000000000000001
    -0.000000000000009    -0.000000000000000     0.000849895611728
17 23
     0.000175759066457    -0.000053420802202     0.000002937293221
    -0.000053421677279     0.000002879608086    -0.000001916669924
     0.000002937207406    -0.000001916560119     0.000028773736729
17 24
    -0.000355088077318     0.000000000000000     0.000000000000000
     0.000000000000000     0.001423394828743     0.000642543711880
    -0.000000000000000     0.000642538962369     0.000230046297782
17 25
    -0.000083865705419     0.000000000000000    -0.000000000000000
    -0.000000000000000     0.000517985321148    -0.000007885489074
    -0.000000000000000    -0.000007885288406    -0.000031794385884
17 26
    -0.000220422287735     0.000000000000000     0.000000000000000
     0.000000000000000     0.001235954583541     0.000239838163884
     0.000000000000000     0.000239833418392    -0.000103854660827
17 27
   -10.376932843814656    -0.000000000000001    -0.000000000000001
     0.000000000000000   -26.358732068643462   -16.971185277477446
    -0.000000000000000   -14.523265498501470   -32.597399888618398
17 28
     1.517605735952638     0.000000000000000    -0.000000000000000
     0.000000000000000     0.000002874963150    -1.111785919872536
     0.000000000000000    -0.000115360952466     0.912288890746195
17 29
     0.000606177098393    -0.000648602937766    -0.000370993580960
    -0.000648607507850     0.000240322297210     0.000283187521094
    -0.000370985226679     0.000283178900198     0.000244003727058
17 30
     0.000291275842030    -0.000167729887816    -0.000078550673954
    -0.000167732882099     0.000029987421651     0.000043922536950
    -0.000078548309178     0.000043920123224     0.000043003455238
17 31
     0.000606177098393     0.000648602937766     0.000370993580960
     0.000648607507850     0.000240322297210     0.000283187521094
     0.000370985226679     0.000283178900198     0.000244003727058
17 32
     0.000291275842030     0.000167729887816     0.000078550673954
     0.000167732882099     0.000029987421651     0.000043922536950
     0.000078548309178     0.000043920123224     0.000043003455238
17 33
     0.923857950027093     0.000000000000000     0.000000000000000
     0.000000000000000     1.786416079450623     1.465876607398587
     0.000000000000000    -1.465953196245936    -1.200888359343595
17 34
     0.166923280611280    -0.000000000000000    -0.000000000000000
    -0.000000000000000    -0.014482078485574    -0.011171083275429
     0.000000000000000    -0.011171217393720    -0.007201022411383
17 35
     0.477259038542118     0.000000000000000    -0.000000000000000
     0.000000000000000     0.002885030373177    -0.006287285092216
     0.000000000000000    -0.006290904592032    -0.070161042611930
17 36
    -0.000388992669592     0.000000000000000     0.000000000000000
     0.000000000000000     0.000320407152811     0.000197160986389
    -0.000000000000000     0.000197103070907     0.000834803281164
17 37
     0.000414335209908    -0.000600198575129    -0.000088371442861
    -0.000600193388222     0.000307785114298     0.000080926214511
    -0.000088379964610     0.000080934749575    -0.000210532576954
17 38
     0.000097831298441    -0.000049628903839    -0.000006142372019
    -0.000049630245003     0.000010667498233     0.000003453649431
    -0.000006142126935     0.000003453409886    -0.000012644201573
17 39
     0.000414335209908     0.000600198575129     0.000088371442861
     0.000600193388222     0.000307785114298     0.000080926214511
     0.000088379964610     0.000080934749575    -0.000210532576954
17 40
     0.000097831298441     0.000049628903839     0.000006142372019
     0.000049630245003     0.000010667498233     0.000003453649431
     0.000006142126935     0.000003453409886    -0.000012644201573
17 41
    -0.000026610803860     0.000000000000000     0.000000000000000
     0.000000000000000     0.000166716125077     0.000018700536653
    -0.000000000000000     0.000018700017379    -0.000012394726297
17 42
    -0.000078703486288     0.000000000000000    -0.000000000000000
     0.000000000000000     0.000458813518361    -0.000095859176744
    -0.000000000000000    -0.000095856771049    -0.000041615990560
17 43
    -8.032795362988315    -0.000000000000001     0.000000000000000
     0.000000000000000   -11.413070413993537     5.193737522754814
     0.000000000000000     4.903207463778122   -29.008974360422044
17 44
     0.025464952907423    -0.000000000000000     0.000000000000000
    -0.000000000000000    -0.333796181514684     0.137346960414532
    -0.000000000000000     0.137319165849005    -0.026956359276424
17 45
     0.000179259333437     0.000259079008912    -0.000163956636042
     0.000259079760494     0.000132913258602    -0.000150123132135
    -0.000163952259546    -0.000150118623849     0.000139248648739
17 46
     0.000056671789623     0.000027383048172    -0.000012182620358
     0.000027383575497     0.000004133102163    -0.000006683302062
    -0.000012182245434    -0.000006682909484     0.000007552803834
17 47
     0.000179259333437    -0.000259079008912     0.000163956636042
    -0.000259079760494     0.000132913258602    -0.000150123132135
     0.000163952259546    -0.000150118623849     0.000139248648739
17 48
     0.000056671789623    -0.000027383048172     0.000012182620358
    -0.000027383575497     0.000004133102163    -0.000006683302062
     0.000012182245434    -0.000006682909484     0.000007552803834
17 49
    -0.000017659625387     0.000000000000000    -0.000000000000000
    -0.000000000000000     0.000088276796974    -0.000008149523859
    -0.000000000000000    -0.000008149376408     0.000016003140119
17 50
    -0.000038982337909     0.000000000000000     0.000000000000000
     0.000000000000000     0.000167167671801     0.000033541601382
     0.000000000000000     0.000033541133300     0.000057616746953
18 1
    -0.000140840609867     0.000000000000000     0.000000000000000
    -0.000000000000000     0.000837532746271     0.000056348833275
     0.000000000000000     0.000056347664614    -0.000084171909763
18 2
    -0.000094191640535     0.000000000000000    -0.000000000000000
    -0.000000000000000     0.000462584299766    -0.000051840949760
     0.000000000000000    -0.000051840081837     0.000075066748379
18 3
    -0.000388257575062     0.000000000000000    -0.000000000000000
     0.000000000000000     0.001570677619692    -0.000689580621942
     0.000000000000000    -0.000689580113677     0.000058536576650
18 4
    -0.000035680982654    -0.000064269715852    -0.000018379754757
    -0.000064267479869     0.000329201256228     0.000052735541869
    -0.000018378523645     0.000052734121058    -0.000000849333454
18 5
    -0.000035680982654     0.000064269715852     0.000018379754757
     0.000064267479869     0.000329201256228     0.000052735541869
     0.000018378523645     0.000052734121058    -0.000000849333454
18 6
    -0.000105681967562     0.000000000000000     0.000000000000000
     0.000000000000000     0.000660738726135     0.000048985200654
     0.000000000000000     0.000048983879443    -0.000068578408884
18 7
    -0.000546378593935     0.000000000000000    -0.000000000000000
    -0.000000000000000     0.001782689927874    -0.000262560057514
    -0.000000000000000    -0.000262583440176    -0.000446586335948
18 8
    -0.000030824358645     0.000041857558147     0.000007913709358
     0.000041856454313     0.000230320226372     0.000023142767817
     0.000007913229921     0.000023142269540     0.000037857309809
18 9
    -0.000030824358645    -0.000041857558147    -0.000007913709358
    -0.000041856454313     0.000230320226372     0.000023142767817
    -0.000007913229921     0.000023142269540     0.000037857309809
18 10
    -0.000083796441748     0.000000000000000     0.000000000000000
     0.000000000000000     0.000472997951730     0.000097899113343
     0.000000000000000     0.000097896897136     0.000006225910910
18 11
     0.000014521640872    -0.000088722089600    -0.000020403127634
    -0.000088719960564     0.000268367906923     0.000031326866501
    -0.000020401874906     0.000031325808369    -0.000014554580722
18 12
     0.000040246119644    -0.000011070482685    -0.000002664660602
    -0.000011070482684     0.000040246119641     0.000002664660602
    -0.000002664569275     0.000002664569277    -0.000004728394506
18 13
     0.000014521640872     0.000088722089600     0.000020403127634
     0.000088719960564     0.000268367906923     0.000031326866501
     0.000020401874906     0.000031325808369    -0.000014554580722
18 14
     0.000040246119644     0.000011070482685     0.000002664660602
     0.000011070482684     0.000040246119641     0.000002664660602
     0.000002664569275     0.000002664569277    -0.000004728394506
18 15
    -0.000589235797417     0.000000000000000     0.000000000000000
     0.000000000000000     0.001810327417099     0.000051435730515
    -0.000000000000000     0.000051441411660    -0.000513300964205
18 16
   -11.688224482478670    -0.000000000000001     0.000000000000000
    -0.000000000000000   -45.531803292167730     1.195251092693055
    -0.000000000000000    -1.195551442097444   -14.609166519712062
18 17
    -0.115327130235880    -0.000000000000000     0.000000000000000
    -0.000000000000000    -0.782676411491729     0.029063293683487
    -0.000000000000000     0.029055454325244     0.050687537106296
18 18
    24.480552216498936     0.000000000000003    -0.000000000000000
     0.000000000000000    85.081971473853585    -6.038889678420928
     0.000000000000000    -6.038480151502466    77.267869536777042
18 19
    -0.000355088077318     0.000000000000000     0.000000000000000
    -0.000000000000000     0.001423394828742     0.000642543711869
    -0.000000000000000     0.000642538962361     0.000230046297782
18 20
     0.000002879608083     0.000053421677287     0.000001916669933
     0.000053420802193     0.000175759066445     0.000002937293222
     0.000001916560111     0.000002937207404     0.000028773736725
18 21
     0.000034568078113     0.000007628634044    -0.000000000000003
     0.000007628634051     0.000034568078113     0.000000000000003
     0.000000000000004    -0.000000000000000     0.000001182986607
18 22
     0.000002879608083    -0.000053421677287    -0.000001916669933
    -0.000053420802193     0.000175759066445     0.000002937293222
    -0.000001916560111     0.000002937207404     0.000028773736725
18 23
     0.000034568078113    -0.000007628634044     0.000000000000003
    -0.000007628634051     0.000034568078113     0.000000000000003
    -0.000000000000004    -0.000000000000000     0.000001182986607
18 24
    -0.382436414319712    -0.000000000000000    -0.000000000000000
    -0.000000000000000    -0.921886614932129    -2.086195009083549
    -0.000000000000000    -2.087019384195868    -3.188580588640700
18 25
     0.368141717333067    -0.000000000000000    -0.000000000000000
     0.000000000000000    -0.022881852058745    -0.007676395451771
    -0.000000000000000    -0.007674951425587    -0.002038932041571
18 26
     1.446445952859979    -0.000000000000000     0.000000000000000
    -0.000000000000000     0.000040955804005    -0.000165137565125
    -0.000000000000000    -1.645128077905172     1.059996614458914
18 27
     1.359753216426524    -0.000000000000000     0.000000000000000
    -0.000000000000000    -0.000001545392891     1.595095009713611
     0.000000000000000     0.000135851700299     1.027762112651092
18 28
   -11.361736339425903    -0.000000000000001     0.000000000000001
     0.000000000000000   -23.714485583011502    14.273808398818375
     0.000000000000000    14.587832728550488   -35.992358785508543
18 29
     0.000028608258359    -0.000047384200349    -0.000012532287302
    -0.000047383615739     0.000126232460053     0.000014784301934
    -0.000012531615613     0.000014783810667     0.000007387945524
18 30
     0.000037045402443    -0.000019778141344    -0.000005040725279
    -0.000019778088831     0.000052427480127     0.000004403487279
    -0.000005040509858     0.000004403332359     0.000001059600919
18 31
     0.000028608258359     0.000047384200349     0.000012532287302
     0.000047383615739     0.000126232460053     0.000014784301934
     0.000012531615613     0.000014783810667     0.000007387945524
18 32
     0.000037045402443     0.000019778141344     0.000005040725279
     0.000019778088831     0.000052427480127     0.000004403487279
     0.000005040509858     0.000004403332359     0.000001059600919
18 33
     0.166924510003346    -0.000000000000000     0.000000000000000
    -0.000000000000000    -0.014482078485561     0.011171083275432
    -0.000000000000000     0.011171217393720    -0.007201022411376
18 34
     1.355022609899484     0.000000000000000    -0.000000000000000
     0.000000000000000     1.746904887031393    -1.125550718572927
    -0.000000000000000     1.125649176533625    -0.723056821133447
18 35
    -0.000325652543689     0.000000000000000    -0.000000000000000
    -0.000000000000000     0.000453149463444    -0.000240311430856
     0.000000000000000    -0.000240293311730     0.000837903978323
18 36
     0.472645309332794     0.000000000000000     0.000000000000000
     0.000000000000000     0.000227646178610     0.004553377980727
    -0.000000000000000     0.004555881408669    -0.030409847154397
18 37
     0.000006589065323    -0.000022224112251    -0.000001396271183
    -0.000022223575641     0.000060856811748     0.000001965723310
    -0.000001396181201     0.000001965647513    -0.000006922055270
18 38
     0.000010001513020    -0.000004308874700    -0.000000233105683
    -0.000004308865965     0.000012216616810     0.000000187448797
    -0.000000233093936     0.000000187439715    -0.000001602185034
18 39
     0.000006589065323     0.000022224112251     0.000001396271183
     0.000022223575641     0.000060856811748     0.000001965723310
     0.000001396181201     0.000001965647513    -0.000006922055270
18 40
     0.000010001513020     0.000004308874700     0.000000233105683
     0.000004308865965     0.000012216616810     0.000000187448797
     0.000000233093936     0.000000187439715    -0.000001602185034
18 41
    -0.000215530631833     0.000000000000000    -0.000000000000000
    -0.000000000000000     0.000935923602716    -0.000222147061406
    -0.000000000000000    -0.000222150994985    -0.000143899959577
18 42
     1.889630724967519    -0.000000000000000    -0.000000000000000
    -0.000000000000000     0.000029746815265     0.000038521556424
     0.000000000000000     2.840603295406852     1.478454937920777
18 43
     0.010691358742138    -0.000000000000000    -0.000000000000000
     0.000000000000000    -0.159548220853541    -0.052177406860138
     0.000000000000000    -0.052165465735657    -0.005234934186705
18 44
    -7.998867843734295    -0.000000000000001    -0.000000000000000
     0.000000000000000   -15.694290696746025    -7.797143656368323
     0.000000000000000    -7.571800878840128   -26.326557972877296
18 45
     0.000003020368961     0.000012850185468    -0.000003038772890
     0.000012849967366     0.000038830140292    -0.000004591040300
    -0.000003038596760    -0.000004590903020     0.000004253663442
18 46
     0.000008182150479     0.000003241628808    -0.000000610270956
     0.000003241624292     0.000009898745219    -0.000000505387574
    -0.000000610240744    -0.000000505364340     0.000000147795618
18 47
     0.000003020368961    -0.000012850185468     0.000003038772890
    -0.000012849967366     0.000038830140292    -0.000004591040300
     0.000003038596760    -0.000004590903020     0.000004253663442
18 48
     0.000008182150479    -0.000003241628808     0.000000610270956
    -0.000003241624292     0.000009898745219    -0.000000505387574
     0.000000610240744    -0.000000505364340     0.000000147795618
18 49
    -0.000080534226238     0.000000000000000     0.000000000000000
    -0.000000000000000     0.000285070050979     0.000074024296415
    -0.000000000000000     0.000074023769494     0.000161862602777
18 50
    -0.000528531492112    -0.000000000000000    -0.000000000000000
    -0.000000000000000    -0.000571350993417    -0.000945675489861
     0.000000000000000    -0.000946134135947    -0.000382432763782
19 1
     0.267227960846229    -0.000000000000000     0.000000000000000
     0.000000000000000    -0.012349437484482     0.014084846601857
     0.000000000000000     0.014086310429578    -0.011916231089498
19 2
     1.161056034677040    -0.000000000000000     0.000000000000000
     0.000000000000000    -0.255129283813852     0.351593974296168
     0.000000000000000    -0.753104036844188     1.038107213326019
19 3
    -0.000532702809766     0.000000000000000    -0.000000000000000
    -0.000000000000000     0.001850506585490    -0.000213857361129
     0.000000000000000    -0.000213873651033    -0.000448320134222
19 4
    -0.000258779250527     0.000770034130191     0.000238639715949
     0.000770044443541     0.000718882767924     0.000432202618034
     0.000238646846993     0.000432186078276     0.001362729320381
19 5
    -0.000258779250527    -0.000770034130191    -0.000238639715949
    -0.000770044443541     0.000718882767924     0.000432202618034
    -0.000238646846993     0.000432186078276     0.001362729320381
19 6
     1.359325054605737     0.000000000000000     0.000000000000000
     0.000000000000000     1.002488343429895     0.000194704521793
    -0.000000000000000     2.959209569154360     0.000740732569904
19 7
    -0.000388568218016     0.000000000000000    -0.000000000000000
     0.000000000000000     0.001607212092902    -0.000665905112350
     0.000000000000000    -0.000665905087269     0.000011942405173
19 8
    -0.003540837334008     0.006446473681492     0.004302340941770
     0.006444936205322    -0.011646486907909    -0.007789078008223
     0.004300574072113    -0.007787688098815    -0.004636692256134
19 9
    -0.003540837334008    -0.006446473681492    -0.004302340941770
    -0.006444936205322    -0.011646486907909    -0.007789078008223
    -0.004300574072113    -0.007787688098815    -0.004636692256134
19 10
   -10.334491012155294    -0.000000000000002     0.000000000000000
    -0.000000000000000   -42.731625277771855     9.961976582453762
    -0.000000000000000     7.771221425890709   -17.583230447324066
19 11
     0.000393312803156     0.000785568035528     0.000000000000003
     0.000785568035528     0.000393312803141    -0.000000000000001
     0.000000000000009    -0.000000000000000     0.000849895611728
19 12
     0.000175759066457     0.000053420802202    -0.000002937293221
     0.000053421677279     0.000002879608086    -0.000001916669924
    -0.000002937207406    -0.000001916560119     0.000028773736729
19 13
     0.000393312803156    -0.000785568035528    -0.000000000000003
    -0.000785568035528     0.000393312803141    -0.000000000000001
    -0.000000000000009    -0.000000000000000     0.000849895611728
19 14
     0.000175759066457    -0.000053420802202     0.000002937293221
    -0.000053421677279     0.000002879608086    -0.000001916669924
     0.000002937207406    -0.000001916560119     0.000028773736729
19 15
     0.923857950027093     0.000000000000000     0.000000000000000
     0.000000000000000     1.786416079450623     1.465876607398587
     0.000000000000000    -1.465953196245936    -1.200888359343595
19 16
     0.166923280611280    -0.000000000000000    -0.000000000000000
    -0.000000000000000    -0.014482078485574    -0.011171083275429
     0.000000000000000    -0.011171217393720    -0.007201022411383
19 17
    -0.000111279676222     0.000000000000000    -0.000000000000000
     0.000000000000000     0.000592308917826    -0.000138013753202
    -0.000000000000000    -0.000138010958393     0.000038200146784
19 18
    -0.000355088077318     0.000000000000000     0.000000000000000
     0.000000000000000     0.001423394828743     0.000642543711880
    -0.000000000000000     0.000642538962369     0.000230046297782
19 19
    22.967481903807471     0.000000000000005     0.000000000000000
     0.000000000000000    79.119475898737079     0.960773552547125
     0.000000000000000     0.960016042665286    78.510378023880975
19 20
    -0.000517032035277    -0.000163977365115     0.000000873459221
    -0.000163977365113    -0.000517032035274    -0.000000873459220
     0.000000574754099    -0.000000574754100    -0.000498765301403
19 21
     0.000268367906925    -0.000088719960565    -0.000031326866511
    -0.000088722089603     0.000014521640871     0.000020403127623
    -0.000031325808370     0.000020401874898    -0.000014554580718
19 22
    -0.000517032035277     0.000163977365115    -0.000000873459221
     0.000163977365113    -0.000517032035274    -0.000000873459220
    -0.000000574754099    -0.000000574754100    -0.000498765301403
19 23
     0.000268367906925     0.000088719960565     0.000031326866511
     0.000088722089603     0.000014521640871     0.000020403127623
     0.000031325808370     0.000020401874898    -0.000014554580718
19 24
    -0.115325900843811    -0.000000000000000     0.000000000000000
     0.000000000000000    -0.782676411491710     0.029063293683490
     0.000000000000000     0.029055454325240     0.050687537106304
19 25
   -10.376932843814656    -0.000000000000001    -0.000000000000001
     0.000000000000000   -26.358732068643462   -16.971185277477446
    -0.000000000000000   -14.523265498501470   -32.597399888618398
19 26
     1.517605735952638     0.000000000000000    -0.000000000000000
     0.000000000000000     0.000002874963150    -1.111785919872536
     0.000000000000000    -0.000115360952466     0.912288890746195
19 27
    -0.000083865705419     0.000000000000000    -0.000000000000000
    -0.000000000000000     0.000517985321148    -0.000007885489074
    -0.000000000000000    -0.000007885288406    -0.000031794385884
19 28
    -0.000220422287735     0.000000000000000     0.000000000000000
     0.000000000000000     0.001235954583541     0.000239838163884
     0.000000000000000     0.000239833418392    -0.000103854660827
19 29
     0.000606177098393     0.000648602937766     0.000370993580960
     0.000648607507850     0.000240322297210     0.000283187521094
     0.000370985226679     0.000283178900198     0.000244003727058
19 30
     0.000291275842030     0.000167729887816     0.000078550673954
     0.000167732882099     0.000029987421651     0.000043922536950
     0.000078548309178     0.000043920123224     0.000043003455238
19 31
     0.000606177098393    -0.000648602937766    -0.000370993580960
    -0.000648607507850     0.000240322297210     0.000283187521094
    -0.000370985226679     0.000283178900198     0.000244003727058
19 32
     0.000291275842030    -0.000167729887816    -0.000078550673954
    -0.000167732882099     0.000029987421651     0.000043922536950
    -0.000078548309178     0.000043920123224     0.000043003455238
19 33
    -0.000157364137158     0.000000000000000    -0.000000000000000
    -0.000000000000000     0.000970082095428    -0.000000000000000
    -0.000000000000000     0.000000000000000    -0.000116054461879
19 34
    -0.000589235797417     0.000000000000000    -0.000000000000000
    -0.000000000000000     0.001810327417099    -0.000051435730515
    -0.000000000000000    -0.000051441411668    -0.000513300964220
19 35
    -0.000026610803860     0.000000000000000     0.000000000000000
     0.000000000000000     0.000166716125077     0.000018700536653
    -0.000000000000000     0.000018700017379    -0.000012394726297
19 36
    -0.000078703486288     0.000000000000000    -0.000000000000000
     0.000000000000000     0.000458813518361    -0.000095859176744
    -0.000000000000000    -0.000095856771049    -0.000041615990560
19 37
     0.000179259333437     0.000259079008912    -0.000163956636042
     0.000259079760494     0.000132913258602    -0.000150123132135
    -0.000163952259546    -0.000150118623849     0.000139248648739
19 38
     0.000056671789623     0.000027383048172    -0.000012182620358
     0.000027383575497     0.000004133102163    -0.000006683302062
    -0.000012182245434    -0.000006682909484     0.000007552803834
19 39
     0.000179259333437    -0.000259079008912     0.000163956636042
    -0.000259079760494     0.000132913258602    -0.000150123132135
     0.000163952259546    -0.000150118623849     0.000139248648739
19 40
     0.000056671789623    -0.000027383048172     0.000012182620358
    -0.000027383575497     0.000004133102163    -0.000006683302062
     0.000012182245434    -0.000006682909484     0.000007552803834
19 41
     0.477259038542118     0.000000000000000    -0.000000000000000
     0.000000000000000     0.002885030373177    -0.006287285092216
     0.000000000000000    -0.006290904592032    -0.070161042611930
19 42
    -0.000388992669592     0.000000000000000     0.000000000000000
     0.000000000000000     0.000320407152811     0.000197160986389
    -0.000000000000000     0.000197103070907     0.000834803281164
19 43
    -0.000017659625387     0.000000000000000    -0.000000000000000
    -0.000000000000000     0.000088276796974    -0.000008149523859
    -0.000000000000000    -0.000008149376408     0.000016003140119
19 44
    -0.000038982337909     0.000000000000000     0.000000000000000
     0.000000000000000     0.000167167671801     0.000033541601382
     0.000000000000000     0.000033541133300     0.000057616746953
19 45
     0.000414335209908    -0.000600198575129    -0.000088371442861
    -0.000600193388222     0.000307785114298     0.000080926214511
    -0.000088379964610     0.000080934749575    -0.000210532576954
19 46
     0.000097831298441    -0.000049628903839    -0.000006142372019
    -0.000049630245003     0.000010667498233     0.000003453649431
    -0.000006142126935     0.000003453409886    -0.000012644201573
19 47
     0.000414335209908     0.000600198575129     0.000088371442861
     0.000600193388222     0.000307785114298     0.000080926214511
     0.000088379964610     0.000080934749575    -0.000210532576954
19 48
     0.000097831298441     0.000049628903839     0.000006142372019
     0.000049630245003     0.000010667498233     0.000003453649431
     0.000006142126935     0.000003453409886    -0.000012644201573
19 49
    -8.032795362988315    -0.000000000000001     0.000000000000000
     0.000000000000000   -11.413070413993537     5.193737522754814
     0.000000000000000     4.903207463778122   -29.008974360422044
19 50
     0.025464952907423    -0.000000000000000     0.000000000000000
    -0.000000000000000    -0.333796181514684     0.137346960414532
    -0.000000000000000     0.137319165849005    -0.026956359276424
20 1
    -0.012349437484482    -0.000000000000000    -0.014084846601857
     0.000000000000000     0.267227960846229     0.000000000000000
    -0.014086310429578     0.000000000000000    -0.011916231089498
20 2
    -0.255129283813852    -0.000000000000000    -0.351593974296168
     0.000000000000000     1.161056034677040     0.000000000000000
     0.753104036844188     0.000000000000000     1.038107213326019
20 3
    -0.011646486907909    -0.006444936205322     0.007789078008223
    -0.006446473681492    -0.003540837334008     0.004302340941770
     0.007787688098815     0.004300574072113    -0.004636692256134
20 4
     0.001607212092902    -0.000000000000000     0.000665905112350
    -0.000000000000000    -0.000388568218016    -0.000000000000000
     0.000665905087269     0.000000000000000     0.000011942405173
20 5
     1.002488343429895    -0.000000000000000    -0.000194704521793
    -0.000000000000000     1.359325054605737     0.000000000000000
    -2.959209569154360    -0.000000000000000     0.000740732569904
20 6
     0.000718882767924    -0.000770044443541    -0.000432202618034
    -0.000770034130191    -0.000258779250527     0.000238639715949
    -0.000432186078276     0.000238646846993     0.001362729320381
20 7
     0.000718882767924     0.000770044443541    -0.000432202618034
     0.000770034130191    -0.000258779250527    -0.000238639715949
    -0.000432186078276    -0.000238646846993     0.001362729320381
20 8
   -42.731625277771855     0.000000000000000    -9.961976582453762
     0.000000000000002   -10.334491012155294     0.000000000000000
    -7.771221425890709    -0.000000000000000   -17.583230447324066
20 9
     0.001850506585490     0.000000000000000     0.000213857361129
    -0.000000000000000    -0.000532702809766    -0.000000000000000
     0.000213873651033     0.000000000000000    -0.000448320134222
20 10
    -0.011646486907909     0.006444936205322     0.007789078008223
     0.006446473681492    -0.003540837334008    -0.004302340941770
     0.007787688098815    -0.004300574072113    -0.004636692256134
20 11
     0.000592308917826    -0.000000000000000     0.000138013753202
    -0.000000000000000    -0.000111279676222    -0.000000000000000
     0.000138010958393    -0.000000000000000     0.000038200146784
20 12
     0.001423394828743    -0.000000000000000    -0.000642543711880
    -0.000000000000000    -0.000355088077318     0.000000000000000
    -0.000642538962369    -0.000000000000000     0.000230046297782
20 13
     1.786416079450623    -0.000000000000000    -1.465876607398587
    -0.000000000000000     0.923857950027093     0.000000000000000
     1.465953196245936     0.000000000000000    -1.200888359343595
20 14
    -0.014482078485574     0.000000000000000     0.011171083275429
     0.000000000000000     0.166923280611280    -0.000000000000000
     0.011171217393720     0.000000000000000    -0.007201022411383
20 15
     0.000393312803141    -0.000785568035528     0.000000000000001
    -0.000785568035528     0.000393312803156     0.000000000000003
     0.000000000000000     0.000000000000009     0.000849895611728
20 16
     0.000002879608086    -0.000053421677279     0.000001916669924
    -0.000053420802202     0.000175759066457    -0.000002937293221
     0.000001916560119    -0.000002937207406     0.000028773736729
20 17
     0.000393312803141     0.000785568035528     0.000000000000001
     0.000785568035528     0.000393312803156    -0.000000000000003
     0.000000000000000    -0.000000000000009     0.000849895611728
20 18
     0.000002879608086     0.000053421677279     0.000001916669924
     0.000053420802202     0.000175759066457     0.000002937293221
     0.000001916560119     0.000002937207406     0.000028773736729
20 19
    -0.000517032035274    -0.000163977365113     0.000000873459220
    -0.000163977365115    -0.000517032035277    -0.000000873459221
     0.000000574754100    -0.000000574754099    -0.000498765301403
20 20
    79.119475898737079    -0.000000000000000    -0.960773552547125
    -0.000000000000005    22.967481903807471     0.000000000000000
    -0.960016042665286     0.000000000000000    78.510378023880975
20 21
    -0.782676411491710    -0.000000000000000    -0.029063293683490
     0.000000000000000    -0.115325900843811     0.000000000000000
    -0.029055454325240     0.000000000000000     0.050687537106304
20 22
     0.000970082095428     0.000000000000000     0.000000000000000
    -0.000000000000000    -0.000157364137158    -0.000000000000000
    -0.000000000000000    -0.000000000000000    -0.000116054461879
20 23
     0.001810327417099     0.000000000000000     0.000051435730515
    -0.000000000000000    -0.000589235797417    -0.000000000000000
     0.000051441411668    -0.000000000000000    -0.000513300964220
20 24
     0.000014521640871    -0.000088722089603    -0.000020403127623
    -0.000088719960565     0.000268367906925     0.000031326866511
    -0.000020401874898     0.000031325808370    -0.000014554580718
20 25
     0.000240322297210    -0.000648607507850    -0.000283187521094
    -0.000648602937766     0.000606177098393     0.000370993580960
    -0.000283178900198     0.000370985226679     0.000244003727058
20 26
     0.000029987421651    -0.000167732882099    -0.000043922536950
    -0.000167729887816     0.000291275842030     0.000078550673954
    -0.000043920123224     0.000078548309178     0.000043003455238
20 27
     0.000240322297210     0.000648607507850    -0.000283187521094
     0.000648602937766     0.000606177098393    -0.000370993580960
    -0.000283178900198    -0.000370985226679     0.000244003727058
20 28
     0.000029987421651     0.000167732882099    -0.000043922536950
     0.000167729887816     0.000291275842030    -0.000078550673954
    -0.000043920123224    -0.000078548309178     0.000043003455238
20 29
     0.000517985321148     0.000000000000000     0.000007885489074
    -0.000000000000000    -0.000083865705419    -0.000000000000000
     0.000007885288406    -0.000000000000000    -0.000031794385884
20 30
     0.001235954583541    -0.000000000000000    -0.000239838163884
    -0.000000000000000    -0.000220422287735     0.000000000000000
    -0.000239833418392     0.000000000000000    -0.000103854660827
20 31
   -26.358732068643462    -0.000000000000000    16.971185277477446
     0.000000000000001   -10.376932843814656    -0.000000000000001
    14.523265498501470    -0.000000000000000   -32.597399888618398
20 32
     0.000002874963150    -0.000000000000000     1.111785919872536
    -0.000000000000000     1.517605735952638    -0.000000000000000
     0.000115360952466     0.000000000000000     0.912288890746195
20 33
    -0.000517032035274     0.000163977365113     0.000000873459220
     0.000163977365115    -0.000517032035277     0.000000873459221
     0.000000574754100     0.000000574754099    -0.000498765301403
20 34
     0.000014521640871     0.000088722089603    -0.000020403127623
     0.000088719960565     0.000268367906925    -0.000031326866511
    -0.000020401874898    -0.000031325808370    -0.000014554580718
20 35
     0.000307785114298     0.000600193388222    -0.000080926214511
     0.000600198575129     0.000414335209908    -0.000088371442861
    -0.000080934749575    -0.000088379964610    -0.000210532576954
20 36
     0.000010667498233     0.000049630245003    -0.000003453649431
     0.000049628903839     0.000097831298441    -0.000006142372019
    -0.000003453409886    -0.000006142126935    -0.000012644201573
20 37
     0.000088276796974     0.000000000000000     0.000008149523859
    -0.000000000000000    -0.000017659625387    -0.000000000000000
     0.000008149376408    -0.000000000000000     0.000016003140119
20 38
     0.000167167671801    -0.000000000000000    -0.000033541601382
    -0.000000000000000    -0.000038982337909     0.000000000000000
    -0.000033541133300     0.000000000000000     0.000057616746953
20 39
     0.002885030373177    -0.000000000000000     0.006287285092216
    -0.000000000000000     0.477259038542118    -0.000000000000000
     0.006290904592032     0.000000000000000    -0.070161042611930
20 40
     0.000320407152811    -0.000000000000000    -0.000197160986389
    -0.000000000000000    -0.000388992669592     0.000000000000000
    -0.000197103070907    -0.000000000000000     0.000834803281164
20 41
     0.000132913258602    -0.000259079760494     0.000150123132135
    -0.000259079008912     0.000179259333437    -0.000163956636042
     0.000150118623849    -0.000163952259546     0.000139248648739
20 42
     0.000004133102163    -0.000027383575497     0.000006683302062
    -0.000027383048172     0.000056671789623    -0.000012182620358
     0.000006682909484    -0.000012182245434     0.000007552803834
20 43
     0.000132913258602     0.000259079760494     0.000150123132135
     0.000259079008912     0.000179259333437     0.000163956636042
     0.000150118623849     0.000163952259546     0.000139248648739
20 44
     0.000004133102163     0.000027383575497     0.000006683302062
     0.000027383048172     0.000056671789623     0.000012182620358
     0.000006682909484     0.000012182245434     0.000007552803834
20 45
   -11.413070413993537    -0.000000000000000    -5.193737522754814
     0.000000000000001    -8.032795362988315     0.000000000000000
    -4.903207463778122     0.000000000000000   -29.008974360422044
20 46
    -0.333796181514684     0.000000000000000    -0.137346960414532
     0.000000000000000     0.025464952907423     0.000000000000000
    -0.137319165849005    -0.000000000000000    -0.026956359276424
20 47
     0.000166716125077    -0.000000000000000    -0.000018700536653
    -0.000000000000000    -0.000026610803860     0.000000000000000
    -0.000018700017379    -0.000000000000000    -0.000012394726297
20 48
     0.000458813518361    -0.000000000000000     0.000095859176744
    -0.000000000000000    -0.000078703486288    -0.000000000000000
     0.000095856771049    -0.000000000000000    -0.000041615990560
20 49
     0.000307785114298    -0.000600193388222    -0.000080926214511
    -0.000600198575129     0.000414335209908     0.000088371442861
    -0.000080934749575     0.000088379964610    -0.000210532576954
20 50
     0.000010667498233    -0.000049630245003    -0.000003453649431
    -0.000049628903839     0.000097831298441     0.000006142372019
    -0.000003453409886     0.000006142126935    -0.000012644201573
21 1
     0.000462584299766     0.000000000000000     0.000051840949760
    -0.000000000000000    -0.000094191640535    -0.000000000000000
     0.000051840081837     0.000000000000000     0.000075066748379
21 2
     0.000837532746271     0.000000000000000    -0.000056348833275
    -0.000000000000000    -0.000140840609867     0.000000000000000
    -0.000056347664614     0.000000000000000    -0.000084171909763
21 3
     0.000329201256228     0.000064267479869    -0.000052735541869
     0.000064269715852    -0.000035680982654    -0.000018379754757
    -0.000052734121058    -0.000018378523645    -0.000000849333454
21 4
     0.000472997951730    -0.000000000000000    -0.000097899113343
    -0.000000000000000    -0.000083796441748     0.000000000000000
    -0.000097896897136     0.000000000000000     0.000006225910910
21 5
     0.001570677619692    -0.000000000000000     0.000689580621942
    -0.000000000000000    -0.000388257575062    -0.000000000000000
     0.000689580113677     0.000000000000000     0.000058536576650
21 6
     0.000230320226372    -0.000041856454313    -0.000023142767817
    -0.000041857558147    -0.000030824358645     0.000007913709358
    -0.000023142269540     0.000007913229921     0.000037857309809
21 7
     0.000230320226372     0.000041856454313    -0.000023142767817
     0.000041857558147    -0.000030824358645    -0.000007913709358
    -0.000023142269540    -0.000007913229921     0.000037857309809
21 8
     0.001782689927874     0.000000000000000     0.000262560057514
    -0.000000000000000    -0.000546378593935    -0.000000000000000
     0.000262583440176    -0.000000000000000    -0.000446586335948
21 9
     0.000660738726135    -0.000000000000000    -0.000048985200654
    -0.000000000000000    -0.000105681967562     0.000000000000000
    -0.000048983879443     0.000000000000000    -0.000068578408884
21 10
     0.000329201256228    -0.000064267479869    -0.000052735541869
    -0.000064269715852    -0.000035680982654     0.000018379754757
    -0.000052734121058     0.000018378523645    -0.000000849333454
21 11
     0.001423394828742     0.000000000000000    -0.000642543711869
    -0.000000000000000    -0.000355088077318     0.000000000000000
    -0.000642538962361    -0.000000000000000     0.000230046297782
21 12
    -0.921886614932129     0.000000000000000     2.086195009083549
     0.000000000000000    -0.382436414319712    -0.000000000000000
     2.087019384195868    -0.000000000000000    -3.188580588640700
21 13
    -0.014482078485561     0.000000000000000    -0.011171083275432
     0.000000000000000     0.166924510003346     0.000000000000000
    -0.011171217393720    -0.000000000000000    -0.007201022411376
21 14
     1.746904887031393    -0.000000000000000     1.125550718572927
    -0.000000000000000     1.355022609899484    -0.000000000000000
    -1.125649176533625    -0.000000000000000    -0.723056821133447
21 15
     0.000175759066445    -0.000053420802193    -0.000002937293222
    -0.000053421677287     0.000002879608083     0.000001916669933
    -0.000002937207404     0.000001916560111     0.000028773736725
21 16
     0.000034568078113    -0.000007628634051    -0.000000000000003
    -0.000007628634044     0.000034568078113    -0.000000000000003
     0.000000000000000     0.000000000000004     0.000001182986607
21 17
     0.000175759066445     0.000053420802193    -0.000002937293222
     0.000053421677287     0.000002879608083    -0.000001916669933
    -0.000002937207404    -0.000001916560111     0.000028773736725
21 18
     0.000034568078113     0.000007628634051    -0.000000000000003
     0.000007628634044     0.000034568078113     0.000000000000003
     0.000000000000000    -0.000000000000004     0.000001182986607
21 19
     0.000268367906923    -0.000088719960564    -0.000031326866501
    -0.000088722089600     0.000014521640872     0.000020403127634
    -0.000031325808369     0.000020401874906    -0.000014554580722
21 20
    -0.782676411491729     0.000000000000000    -0.029063293683487
     0.000000000000000    -0.115327130235880     0.000000000000000
    -0.029055454325244    -0.000000000000000     0.050687537106296
21 21
    85.081971473853585    -0.000000000000000     6.038889678420928
    -0.000000000000003    24.480552216498936    -0.000000000000000
     6.038480151502466     0.000000000000000    77.267869536777042
21 22
     0.001810327417099    -0.000000000000000    -0.000051435730515
    -0.000000000000000    -0.000589235797417     0.000000000000000
    -0.000051441411660    -0.000000000000000    -0.000513300964205
21 23
   -45.531803292167730     0.000000000000000    -1.195251092693055
     0.000000000000001   -11.688224482478670     0.000000000000000
     1.195551442097444    -0.000000000000000   -14.609166519712062
21 24
     0.000040246119641    -0.000011070482684    -0.000002664660602
    -0.000011070482685     0.000040246119644     0.000002664660602
    -0.000002664569277     0.000002664569275    -0.000004728394506
21 25
     0.000126232460053    -0.000047383615739    -0.000014784301934
    -0.000047384200349     0.000028608258359     0.000012532287302
    -0.000014783810667     0.000012531615613     0.000007387945524
21 26
     0.000052427480127    -0.000019778088831    -0.000004403487279
    -0.000019778141344     0.000037045402443     0.000005040725279
    -0.000004403332359     0.000005040509858     0.000001059600919
21 27
     0.000126232460053     0.000047383615739    -0.000014784301934
     0.000047384200349     0.000028608258359    -0.000012532287302
    -0.000014783810667    -0.000012531615613     0.000007387945524
21 28
     0.000052427480127     0.000019778088831    -0.000004403487279
     0.000019778141344     0.000037045402443    -0.000005040725279
    -0.000004403332359    -0.000005040509858     0.000001059600919
21 29
    -0.022881852058745    -0.000000000000000     0.007676395451771
     0.000000000000000     0.368141717333067    -0.000000000000000
     0.007674951425587    -0.000000000000000    -0.002038932041571
21 30
     0.000040955804005     0.000000000000000     0.000165137565125
     0.000000000000000     1.446445952859979     0.000000000000000
     1.645128077905172    -0.000000000000000     1.059996614458914
21 31
    -0.000001545392891     0.000000000000000    -1.595095009713611
     0.000000000000000     1.359753216426524     0.000000000000000
    -0.000135851700299     0.000000000000000     1.027762112651092
21 32
   -23.714485583011502    -0.000000000000000   -14.273808398818375
     0.000000000000001   -11.361736339425903     0.000000000000001
   -14.587832728550488     0.000000000000000   -35.992358785508543
21 33
     0.000268367906923     0.000088719960564    -0.000031326866501
     0.000088722089600     0.000014521640872    -0.000020403127634
    -0.000031325808369    -0.000020401874906    -0.000014554580722
21 34
     0.000040246119641     0.000011070482684    -0.000002664660602
     0.000011070482685     0.000040246119644    -0.000002664660602
    -0.000002664569277    -0.000002664569275    -0.000004728394506
21 35
     0.000060856811748     0.000022223575641    -0.000001965723310
     0.000022224112251     0.000006589065323    -0.000001396271183
    -0.000001965647513    -0.000001396181201    -0.000006922055270
21 36
     0.000012216616810     0.000004308865965    -0.000000187448797
     0.000004308874700     0.000010001513020    -0.000000233105683
    -0.000000187439715    -0.000000233093936    -0.000001602185034
21 37
     0.000285070050979     0.000000000000000    -0.000074024296415
    -0.000000000000000    -0.000080534226238     0.000000000000000
    -0.000074023769494    -0.000000000000000     0.000161862602777
21 38
    -0.000571350993417     0.000000000000000     0.000945675489861
     0.000000000000000    -0.000528531492112    -0.000000000000000
     0.000946134135947     0.000000000000000    -0.000382432763782
21 39
     0.000453149463444     0.000000000000000     0.000240311430856
    -0.000000000000000    -0.000325652543689    -0.000000000000000
     0.000240293311730     0.000000000000000     0.000837903978323
21 40
     0.000227646178610    -0.000000000000000    -0.004553377980727
    -0.000000000000000     0.472645309332794     0.000000000000000
    -0.004555881408669    -0.000000000000000    -0.030409847154397
21 41
     0.000038830140292    -0.000012849967366     0.000004591040300
    -0.000012850185468     0.000003020368961    -0.000003038772890
     0.000004590903020    -0.000003038596760     0.000004253663442
21 42
     0.000009898745219    -0.000003241624292     0.000000505387574
    -0.000003241628808     0.000008182150479    -0.000000610270956
     0.000000505364340    -0.000000610240744     0.000000147795618
21 43
     0.000038830140292     0.000012849967366     0.000004591040300
     0.000012850185468     0.000003020368961     0.000003038772890
     0.000004590903020     0.000003038596760     0.000004253663442
21 44
     0.000009898745219     0.000003241624292     0.000000505387574
     0.000003241628808     0.000008182150479     0.000000610270956
     0.000000505364340     0.000000610240744     0.000000147795618
21 45
    -0.159548220853541    -0.000000000000000     0.052177406860138
     0.000000000000000     0.010691358742138    -0.000000000000000
     0.052165465735657     0.000000000000000    -0.005234934186705
21 46
   -15.694290696746025    -0.000000000000000     7.797143656368323
     0.000000000000001    -7.998867843734295    -0.000000000000000
     7.571800878840128     0.000000000000000   -26.326557972877296
21 47
     0.000935923602716     0.000000000000000     0.000222147061406
    -0.000000000000000    -0.000215530631833    -0.000000000000000
     0.000222150994985    -0.000000000000000    -0.000143899959577
21 48
     0.000029746815265     0.000000000000000    -0.000038521556424
     0.000000000000000     1.889630724967519    -0.000000000000000
    -2.840603295406852     0.000000000000000     1.478454937920777
21 49
     0.000060856811748    -0.000022223575641    -0.000001965723310
    -0.000022224112251     0.000006589065323     0.000001396271183
    -0.000001965647513     0.000001396181201    -0.000006922055270
21 50
     0.000012216616810    -0.000004308865965    -0.000000187448797
    -0.000004308874700     0.000010001513020     0.000000233105683
    -0.000000187439715     0.000000233093936    -0.000001602185034
22 1
    -0.012349437484482    -0.000000000000000     0.014084846601857
     0.000000000000000     0.267227960846229    -0.000000000000000
     0.014086310429578    -0.000000000000000    -0.011916231089498
22 2
    -0.255129283813852    -0.000000000000000     0.351593974296168
     0.000000000000000     1.161056034677040    -0.000000000000000
    -0.753104036844188    -0.000000000000000     1.038107213326019
22 3
    -0.011646486907909     0.006444936205322    -0.007789078008223
     0.006446473681492    -0.003540837334008     0.004302340941770
    -0.007787688098815     0.004300574072113    -0.004636692256134
22 4
     1.002488343429895    -0.000000000000000     0.000194704521793
    -0.000000000000000     1.359325054605737    -0.000000000000000
     2.959209569154360     0.000000000000000     0.000740732569904
22 5
     0.001607212092902    -0.000000000000000    -0.000665905112350
    -0.000000000000000    -0.000388568218016     0.000000000000000
    -0.000665905087269    -0.000000000000000     0.000011942405173
22 6
     0.000718882767924     0.000770044443541     0.000432202618034
     0.000770034130191    -0.000258779250527     0.000238639715949
     0.000432186078276     0.000238646846993     0.001362729320381
22 7
     0.000718882767924    -0.000770044443541     0.000432202618034
    -0.000770034130191    -0.000258779250527    -0.000238639715949
     0.000432186078276    -0.000238646846993     0.001362729320381
22 8
     0.001850506585490     0.000000000000000    -0.000213857361129
    -0.000000000000000    -0.000532702809766     0.000000000000000
    -0.000213873651033    -0.000000000000000    -0.000448320134222
22 9
   -42.731625277771855     0.000000000000000     9.961976582453762
     0.000000000000002   -10.334491012155294    -0.000000000000000
     7.771221425890709     0.000000000000000   -17.583230447324066
22 10
    -0.011646486907909    -0.006444936205322    -0.007789078008223
    -0.006446473681492    -0.003540837334008    -0.004302340941770
    -0.007787688098815    -0.004300574072113    -0.004636692256134
22 11
     1.786416079450623    -0.000000000000000     1.465876607398587
    -0.000000000000000     0.923857950027093    -0.000000000000000
    -1.465953196245936    -0.000000000000000    -1.200888359343595
22 12
    -0.014482078485574     0.000000000000000    -0.011171083275429
     0.000000000000000     0.166923280611280     0.000000000000000
    -0.011171217393720    -0.000000000000000    -0.007201022411383
22 13
     0.000592308917826    -0.000000000000000    -0.000138013753202
    -0.000000000000000    -0.000111279676222     0.000000000000000
    -0.000138010958393     0.000000000000000     0.000038200146784
22 14
     0.001423394828743    -0.000000000000000     0.000642543711880
    -0.000000000000000    -0.000355088077318    -0.000000000000000
     0.000642538962369     0.000000000000000     0.000230046297782
22 15
     0.000393312803141     0.000785568035528    -0.000000000000001
     0.000785568035528     0.000393312803156     0.000000000000003
    -0.000000000000000     0.000000000000009     0.000849895611728
22 16
     0.000002879608086     0.000053421677279    -0.000001916669924
     0.000053420802202     0.000175759066457    -0.000002937293221
    -0.000001916560119    -0.000002937207406     0.000028773736729
22 17
     0.000393312803141    -0.000785568035528    -0.000000000000001
    -0.000785568035528     0.000393312803156    -0.000000000000003
    -0.000000000000000    -0.000000000000009     0.000849895611728
22 18
     0.000002879608086    -0.000053421677279    -0.000001916669924
    -0.000053420802202     0.000175759066457     0.000002937293221
    -0.000001916560119     0.000002937207406     0.000028773736729
22 19
    -0.000517032035274     0.000163977365113    -0.000000873459220
     0.000163977365115    -0.000517032035277    -0.000000873459221
    -0.000000574754100    -0.000000574754099    -0.000498765301403
22 20
     0.000970082095428     0.000000000000000    -0.000000000000000
    -0.000000000000000    -0.000157364137158     0.000000000000000
     0.000000000000000     0.000000000000000    -0.000116054461879
22 21
     0.001810327417099     0.000000000000000    -0.000051435730515
    -0.000000000000000    -0.000589235797417     0.000000000000000
    -0.000051441411668     0.000000000000000    -0.000513300964220
22 22
    79.119475898737079    -0.000000000000000     0.960773552547125
    -0.000000000000005    22.967481903807471    -0.000000000000000
     0.960016042665286    -0.000000000000000    78.510378023880975
22 23
    -0.782676411491710    -0.000000000000000     0.029063293683490
     0.000000000000000    -0.115325900843811    -0.000000000000000
     0.029055454325240    -0.000000000000000     0.050687537106304
22 24
     0.000014521640871     0.000088722089603     0.000020403127623
     0.000088719960565     0.000268367906925     0.000031326866511
     0.000020401874898     0.000031325808370    -0.000014554580718
22 25
     0.000240322297210     0.000648607507850     0.000283187521094
     0.000648602937766     0.000606177098393     0.000370993580960
     0.000283178900198     0.000370985226679     0.000244003727058
22 26
     0.000029987421651     0.000167732882099     0.000043922536950
     0.000167729887816     0.000291275842030     0.000078550673954
     0.000043920123224     0.000078548309178     0.000043003455238
22 27
     0.000240322297210    -0.000648607507850     0.000283187521094
    -0.000648602937766     0.000606177098393    -0.000370993580960
     0.000283178900198    -0.000370985226679     0.000244003727058
22 28
     0.000029987421651    -0.000167732882099     0.000043922536950
    -0.000167729887816     0.000291275842030    -0.000078550673954
     0.000043920123224    -0.000078548309178     0.000043003455238
22 29
   -26.358732068643462    -0.000000000000000   -16.971185277477446
     0.000000000000001   -10.376932843814656     0.000000000000001
   -14.523265498501470     0.000000000000000   -32.597399888618398
22 30
     0.000002874963150    -0.000000000000000    -1.111785919872536
    -0.000000000000000     1.517605735952638     0.000000000000000
    -0.000115360952466    -0.000000000000000     0.912288890746195
22 31
     0.000517985321148     0.000000000000000    -0.000007885489074
    -0.000000000000000    -0.000083865705419     0.000000000000000
    -0.000007885288406     0.000000000000000    -0.000031794385884
22 32
     0.001235954583541    -0.000000000000000     0.000239838163884
    -0.000000000000000    -0.000220422287735    -0.000000000000000
     0.000239833418392     0.000000000000000    -0.000103854660827
22 33
    -0.000517032035274    -0.000163977365113    -0.000000873459220
    -0.000163977365115    -0.000517032035277     0.000000873459221
    -0.000000574754100     0.000000574754099    -0.000498765301403
22 34
     0.000014521640871    -0.000088722089603     0.000020403127623
    -0.000088719960565     0.000268367906925    -0.000031326866511
     0.000020401874898    -0.000031325808370    -0.000014554580718
22 35
     0.000307785114298    -0.000600193388222     0.000080926214511
    -0.000600198575129     0.000414335209908    -0.000088371442861
     0.000080934749575    -0.000088379964610    -0.000210532576954
22 36
     0.000010667498233    -0.000049630245003     0.000003453649431
    -0.000049628903839     0.000097831298441    -0.000006142372019
     0.000003453409886    -0.000006142126935    -0.000012644201573
22 37
     0.002885030373177    -0.000000000000000    -0.006287285092216
    -0.000000000000000     0.477259038542118     0.000000000000000
    -0.006290904592032    -0.000000000000000    -0.070161042611930
22 38
     0.000320407152811    -0.000000000000000     0.000197160986389
    -0.000000000000000    -0.000388992669592    -0.000000000000000
     0.000197103070907     0.000000000000000     0.000834803281164
22 39
     0.000088276796974     0.000000000000000    -0.000008149523859
    -0.000000000000000    -0.000017659625387     0.000000000000000
    -0.000008149376408     0.000000000000000     0.000016003140119
22 40
     0.000167167671801    -0.000000000000000     0.000033541601382
    -0.000000000000000    -0.000038982337909    -0.000000000000000
     0.000033541133300    -0.000000000000000     0.000057616746953
22 41
     0.000132913258602     0.000259079760494    -0.000150123132135
     0.000259079008912     0.000179259333437    -0.000163956636042
    -0.000150118623849    -0.000163952259546     0.000139248648739
22 42
     0.000004133102163     0.000027383575497    -0.000006683302062
     0.000027383048172     0.000056671789623    -0.000012182620358
    -0.000006682909484    -0.000012182245434     0.000007552803834
22 43
     0.000132913258602    -0.000259079760494    -0.000150123132135
    -0.000259079008912     0.000179259333437     0.000163956636042
    -0.000150118623849     0.000163952259546     0.000139248648739
22 44
     0.000004133102163    -0.000027383575497    -0.000006683302062
    -0.000027383048172     0.000056671789623     0.000012182620358
    -0.000006682909484     0.000012182245434     0.000007552803834
22 45
     0.000166716125077    -0.000000000000000     0.000018700536653
    -0.000000000000000    -0.000026610803860    -0.000000000000000
     0.000018700017379     0.000000000000000    -0.000012394726297
22 46
     0.000458813518361    -0.000000000000000    -0.000095859176744
    -0.000000000000000    -0.000078703486288     0.000000000000000
    -0.000095856771049     0.000000000000000    -0.000041615990560
22 47
   -11.413070413993537    -0.000000000000000     5.193737522754814
     0.000000000000001    -8.032795362988315    -0.000000000000000
     4.903207463778122    -0.000000000000000   -29.008974360422044
22 48
    -0.333796181514684     0.000000000000000     0.137346960414532
     0.000000000000000     0.025464952907423    -0.000000000000000
     0.137319165849005     0.000000000000000    -0.026956359276424
22 49
     0.000307785114298     0.000600193388222     0.000080926214511
     0.000600198575129     0.000414335209908     0.000088371442861
     0.000080934749575     0.000088379964610    -0.000210532576954
22 50
     0.000010667498233     0.000049630245003     0.000003453649431
     0.000049628903839     0.000097831298441     0.000006142372019
     0.000003453409886     0.000006142126935    -0.000012644201573
23 1
     0.000462584299766     0.000000000000000    -0.000051840949760
    -0.000000000000000    -0.000094191640535     0.000000000000000
    -0.000051840081837    -0.000000000000000     0.000075066748379
23 2
     0.000837532746271     0.000000000000000     0.000056348833275
    -0.000000000000000    -0.000140840609867    -0.000000000000000
     0.000056347664614    -0.000000000000000    -0.000084171909763
23 3
     0.000329201256228    -0.000064267479869     0.000052735541869
    -0.000064269715852    -0.000035680982654    -0.000018379754757
     0.000052734121058    -0.000018378523645    -0.000000849333454
23 4
     0.001570677619692    -0.000000000000000    -0.000689580621942
    -0.000000000000000    -0.000388257575062     0.000000000000000
    -0.000689580113677    -0.000000000000000     0.000058536576650
23 5
     0.000472997951730    -0.000000000000000     0.000097899113343
    -0.000000000000000    -0.000083796441748    -0.000000000000000
     0.000097896897136    -0.000000000000000     0.000006225910910
23 6
     0.000230320226372     0.000041856454313     0.000023142767817
     0.000041857558147    -0.000030824358645     0.000007913709358
     0.000023142269540     0.000007913229921     0.000037857309809
23 7
     0.000230320226372    -0.000041856454313     0.000023142767817
    -0.000041857558147    -0.000030824358645    -0.000007913709358
     0.000023142269540    -0.000007913229921     0.000037857309809
23 8
     0.000660738726135    -0.000000000000000     0.000048985200654
    -0.000000000000000    -0.000105681967562    -0.000000000000000
     0.000048983879443    -0.000000000000000    -0.000068578408884
23 9
     0.001782689927874     0.000000000000000    -0.000262560057514
    -0.000000000000000    -0.000546378593935     0.000000000000000
    -0.000262583440176     0.000000000000000    -0.000446586335948
23 10
     0.000329201256228     0.000064267479869     0.000052735541869
     0.000064269715852    -0.000035680982654     0.000018379754757
     0.000052734121058     0.000018378523645    -0.000000849333454
23 11
    -0.014482078485561     0.000000000000000     0.011171083275432
     0.000000000000000     0.166924510003346    -0.000000000000000
     0.011171217393720     0.000000000000000    -0.007201022411376
23 12
     1.746904887031393    -0.000000000000000    -1.125550718572927
    -0.000000000000000     1.355022609899484     0.000000000000000
     1.125649176533625     0.000000000000000    -0.723056821133447
23 13
     0.001423394828742     0.000000000000000     0.000642543711869
    -0.000000000000000    -0.000355088077318    -0.000000000000000
     0.000642538962361     0.000000000000000     0.000230046297782
23 14
    -0.921886614932129     0.000000000000000    -2.086195009083549
     0.000000000000000    -0.382436414319712     0.000000000000000
    -2.087019384195868     0.000000000000000    -3.188580588640700
23 15
     0.000175759066445     0.000053420802193     0.000002937293222
     0.000053421677287     0.000002879608083     0.000001916669933
     0.000002937207404     0.000001916560111     0.000028773736725
23 16
     0.000034568078113     0.000007628634051     0.000000000000003
     0.000007628634044     0.000034568078113    -0.000000000000003
    -0.000000000000000     0.000000000000004     0.000001182986607
23 17
     0.000175759066445    -0.000053420802193     0.000002937293222
    -0.000053421677287     0.000002879608083    -0.000001916669933
     0.000002937207404    -0.000001916560111     0.000028773736725
23 18
     0.000034568078113    -0.000007628634051     0.000000000000003
    -0.000007628634044     0.000034568078113     0.000000000000003
    -0.000000000000000    -0.000000000000004     0.000001182986607
23 19
     0.000268367906923     0.000088719960564     0.000031326866501
     0.000088722089600     0.000014521640872     0.000020403127634
     0.000031325808369     0.000020401874906    -0.000014554580722
23 20
     0.001810327417099    -0.000000000000000     0.000051435730515
    -0.000000000000000    -0.000589235797417    -0.000000000000000
     0.000051441411660     0.000000000000000    -0.000513300964205
23 21
   -45.531803292167730     0.000000000000000     1.195251092693055
     0.000000000000001   -11.688224482478670    -0.000000000000000
    -1.195551442097444     0.000000000000000   -14.609166519712062
23 22
    -0.782676411491729     0.000000000000000     0.029063293683487
     0.000000000000000    -0.115327130235880    -0.000000000000000
     0.029055454325244     0.000000000000000     0.050687537106296
23 23
    85.081971473853585    -0.000000000000000    -6.038889678420928
    -0.000000000000003    24.480552216498936     0.000000000000000
    -6.038480151502466    -0.000000000000000    77.267869536777042
23 24
     0.000040246119641     0.000011070482684     0.000002664660602
     0.000011070482685     0.000040246119644     0.000002664660602
     0.000002664569277     0.000002664569275    -0.000004728394506
23 25
     0.000126232460053     0.000047383615739     0.000014784301934
     0.000047384200349     0.000028608258359     0.000012532287302
     0.000014783810667     0.000012531615613     0.000007387945524
23 26
     0.000052427480127     0.000019778088831     0.000004403487279
     0.000019778141344     0.000037045402443     0.000005040725279
     0.000004403332359     0.000005040509858     0.000001059600919
23 27
     0.000126232460053    -0.000047383615739     0.000014784301934
    -0.000047384200349     0.000028608258359    -0.000012532287302
     0.000014783810667    -0.000012531615613     0.000007387945524
23 28
     0.000052427480127    -0.000019778088831     0.000004403487279
    -0.000019778141344     0.000037045402443    -0.000005040725279
     0.000004403332359    -0.000005040509858     0.000001059600919
23 29
    -0.000001545392891     0.000000000000000     1.595095009713611
     0.000000000000000     1.359753216426524    -0.000000000000000
     0.000135851700299    -0.000000000000000     1.027762112651092
23 30
   -23.714485583011502    -0.000000000000000    14.273808398818375
     0.000000000000001   -11.361736339425903    -0.000000000000001
    14.587832728550488    -0.000000000000000   -35.992358785508543
23 31
    -0.022881852058745    -0.000000000000000    -0.007676395451771
     0.000000000000000     0.368141717333067     0.000000000000000
    -0.007674951425587     0.000000000000000    -0.002038932041571
23 32
     0.000040955804005     0.000000000000000    -0.000165137565125
     0.000000000000000     1.446445952859979    -0.000000000000000
    -1.645128077905172     0.000000000000000     1.059996614458914
23 33
     0.000268367906923    -0.000088719960564     0.000031326866501
    -0.000088722089600     0.000014521640872    -0.000020403127634
     0.000031325808369    -0.000020401874906    -0.000014554580722
23 34
     0.000040246119641    -0.000011070482684     0.000002664660602
    -0.000011070482685     0.000040246119644    -0.000002664660602
     0.000002664569277    -0.000002664569275    -0.000004728394506
23 35
     0.000060856811748    -0.000022223575641     0.000001965723310
    -0.000022224112251     0.000006589065323    -0.000001396271183
     0.000001965647513    -0.000001396181201    -0.000006922055270
23 36
     0.000012216616810    -0.000004308865965     0.000000187448797
    -0.000004308874700     0.000010001513020    -0.000000233105683
     0.000000187439715    -0.000000233093936    -0.000001602185034
23 37
     0.000453149463444     0.000000000000000    -0.000240311430856
    -0.000000000000000    -0.000325652543689     0.000000000000000
    -0.000240293311730    -0.000000000000000     0.000837903978323
23 38
     0.000227646178610    -0.000000000000000     0.004553377980727
    -0.000000000000000     0.472645309332794    -0.000000000000000
     0.004555881408669     0.000000000000000    -0.030409847154397
23 39
     0.000285070050979     0.000000000000000     0.000074024296415
    -0.000000000000000    -0.000080534226238    -0.000000000000000
     0.000074023769494     0.000000000000000     0.000161862602777
23 40
    -0.000571350993417     0.000000000000000    -0.000945675489861
     0.000000000000000    -0.000528531492112     0.000000000000000
    -0.000946134135947    -0.000000000000000    -0.000382432763782
23 41
     0.000038830140292     0.000012849967366    -0.000004591040300
     0.000012850185468     0.000003020368961    -0.000003038772890
    -0.000004590903020    -0.000003038596760     0.000004253663442
23 42
     0.000009898745219     0.000003241624292    -0.000000505387574
     0.000003241628808     0.000008182150479    -0.000000610270956
    -0.000000505364340    -0.000000610240744     0.000000147795618
23 43
     0.000038830140292    -0.000012849967366    -0.000004591040300
    -0.000012850185468     0.000003020368961     0.000003038772890
    -0.000004590903020     0.000003038596760     0.000004253663442
23 44
     0.000009898745219    -0.000003241624292    -0.000000505387574
    -0.000003241628808     0.000008182150479     0.000000610270956
    -0.000000505364340     0.000000610240744     0.000000147795618
23 45
     0.000935923602716     0.000000000000000    -0.000222147061406
    -0.000000000000000    -0.000215530631833     0.000000000000000
    -0.000222150994985     0.000000000000000    -0.000143899959577
23 46
     0.000029746815265     0.000000000000000     0.000038521556424
     0.000000000000000     1.889630724967519     0.000000000000000
     2.840603295406852    -0.000000000000000     1.478454937920777
23 47
    -0.159548220853541    -0.000000000000000    -0.052177406860138
     0.000000000000000     0.010691358742138     0.000000000000000
    -0.052165465735657    -0.000000000000000    -0.005234934186705
23 48
   -15.694290696746025    -0.000000000000000    -7.797143656368323
     0.000000000000001    -7.998867843734295     0.000000000000000
    -7.571800878840128    -0.000000000000000   -26.326557972877296
23 49
     0.000060856811748     0.000022223575641     0.000001965723310
     0.000022224112251     0.000006589065323     0.000001396271183
     0.000001965647513     0.000001396181201    -0.000006922055270
23 50
     0.000012216616810     0.000004308865965     0.000000187448797
     0.000004308874700     0.000010001513020     0.000000233105683
     0.000000187439715     0.000000233093936    -0.000001602185034
24 1
    -0.000094191640535     0.000000000000000    -0.000000000000000
    -0.000000000000000     0.000462584299766    -0.000051840949760
     0.000000000000000    -0.000051840081837     0.000075066748379
24 2
    -0.000140840609867     0.000000000000000     0.000000000000000
    -0.000000000000000     0.000837532746271     0.000056348833275
     0.000000000000000     0.000056347664614    -0.000084171909763
24 3
    -0.000105681967562     0.000000000000000     0.000000000000000
     0.000000000000000     0.000660738726135     0.000048985200654
     0.000000000000000     0.000048983879443    -0.000068578408884
24 4
    -0.000030824358645     0.000041857558147     0.000007913709358
     0.000041856454313     0.000230320226372     0.000023142767817
     0.000007913229921     0.000023142269540     0.000037857309809
24 5
    -0.000030824358645    -0.000041857558147    -0.000007913709358
    -0.000041856454313     0.000230320226372     0.000023142767817
    -0.000007913229921     0.000023142269540     0.000037857309809
24 6
    -0.000388257575062     0.000000000000000    -0.000000000000000
     0.000000000000000     0.001570677619692    -0.000689580621942
     0.000000000000000    -0.000689580113677     0.000058536576650
24 7
    -0.000083796441748     0.000000000000000     0.000000000000000
     0.000000000000000     0.000472997951730     0.000097899113343
     0.000000000000000     0.000097896897136     0.000006225910910
24 8
    -0.000035680982654    -0.000064269715852    -0.000018379754757
    -0.000064267479869     0.000329201256228     0.000052735541869
    -0.000018378523645     0.000052734121058    -0.000000849333454
24 9
    -0.000035680982654     0.000064269715852     0.000018379754757
     0.000064267479869     0.000329201256228     0.000052735541869
     0.000018378523645     0.000052734121058    -0.000000849333454
24 10
    -0.000546378593935     0.000000000000000    -0.000000000000000
    -0.000000000000000     0.001782689927874    -0.000262560057514
    -0.000000000000000    -0.000262583440176    -0.000446586335948
24 11
     0.000002879608083     0.000053421677287     0.000001916669933
     0.000053420802193     0.000175759066445     0.000002937293222
     0.000001916560111     0.000002937207404     0.000028773736725
24 12
     0.000034568078113     0.000007628634044    -0.000000000000003
     0.000007628634051     0.000034568078113     0.000000000000003
     0.000000000000004    -0.000000000000000     0.000001182986607
24 13
     0.000002879608083    -0.000053421677287    -0.000001916669933
    -0.000053420802193     0.000175759066445     0.000002937293222
    -0.000001916560111     0.000002937207404     0.000028773736725
24 14
     0.000034568078113    -0.000007628634044     0.000000000000003
    -0.000007628634051     0.000034568078113     0.000000000000003
    -0.000000000000004    -0.000000000000000     0.000001182986607
24 15
     0.166924510003346    -0.000000000000000     0.000000000000000
    -0.000000000000000    -0.014482078485561     0.011171083275432
    -0.000000000000000     0.011171217393720    -0.007201022411376
24 16
     1.355022609899484     0.000000000000000    -0.000000000000000
     0.000000000000000     1.746904887031393    -1.125550718572927
    -0.000000000000000     1.125649176533625    -0.723056821133447
24 17
    -0.000355088077318     0.000000000000000     0.000000000000000
    -0.000000000000000     0.001423394828742     0.000642543711869
    -0.000000000000000     0.000642538962361     0.000230046297782
24 18
    -0.382436414319712    -0.000000000000000    -0.000000000000000
    -0.000000000000000    -0.921886614932129    -2.086195009083549
    -0.000000000000000    -2.087019384195868    -3.188580588640700
24 19
    -0.115327130235880    -0.000000000000000     0.000000000000000
    -0.000000000000000    -0.782676411491729     0.029063293683487
    -0.000000000000000     0.029055454325244     0.050687537106296
24 20
     0.000014521640872    -0.000088722089600    -0.000020403127634
    -0.000088719960564     0.000268367906923     0.000031326866501
    -0.000020401874906     0.000031325808369    -0.000014554580722
24 21
     0.000040246119644    -0.000011070482685    -0.000002664660602
    -0.000011070482684     0.000040246119641     0.000002664660602
    -0.000002664569275     0.000002664569277    -0.000004728394506
24 22
     0.000014521640872     0.000088722089600     0.000020403127634
     0.000088719960564     0.000268367906923     0.000031326866501
     0.000020401874906     0.000031325808369    -0.000014554580722
24 23
     0.000040246119644     0.000011070482685     0.000002664660602
     0.000011070482684     0.000040246119641     0.000002664660602
     0.000002664569275     0.000002664569277    -0.000004728394506
24 24
    24.480552216498936     0.000000000000003    -0.000000000000000
     0.000000000000000    85.081971473853585    -6.038889678420928
     0.000000000000000    -6.038480151502466    77.267869536777042
24 25
     1.359753216426524    -0.000000000000000     0.000000000000000
    -0.000000000000000    -0.000001545392891     1.595095009713611
     0.000000000000000     0.000135851700299     1.027762112651092
24 26
   -11.361736339425903    -0.000000000000001     0.000000000000001
     0.000000000000000   -23.714485583011502    14.273808398818375
     0.000000000000000    14.587832728550488   -35.992358785508543
24 27
     0.368141717333067    -0.000000000000000    -0.000000000000000
     0.000000000000000    -0.022881852058745    -0.007676395451771
    -0.000000000000000    -0.007674951425587    -0.002038932041571
24 28
     1.446445952859979    -0.000000000000000     0.000000000000000
    -0.000000000000000     0.000040955804005    -0.000165137565125
    -0.000000000000000    -1.645128077905172     1.059996614458914
24 29
     0.000028608258359     0.000047384200349     0.000012532287302
     0.000047383615739     0.000126232460053     0.000014784301934
     0.000012531615613     0.000014783810667     0.000007387945524
24 30
     0.000037045402443     0.000019778141344     0.000005040725279
     0.000019778088831     0.000052427480127     0.000004403487279
     0.000005040509858     0.000004403332359     0.000001059600919
24 31
     0.000028608258359    -0.000047384200349    -0.000012532287302
    -0.000047383615739     0.000126232460053     0.000014784301934
    -0.000012531615613     0.000014783810667     0.000007387945524
24 32
     0.000037045402443    -0.000019778141344    -0.000005040725279
    -0.000019778088831     0.000052427480127     0.000004403487279
    -0.000005040509858     0.000004403332359     0.000001059600919
24 33
    -0.000589235797417     0.000000000000000     0.000000000000000
     0.000000000000000     0.001810327417099     0.000051435730515
    -0.000000000000000     0.000051441411660    -0.000513300964205
24 34
   -11.688224482478670    -0.000000000000001     0.000000000000000
    -0.000000000000000   -45.531803292167730     1.195251092693055
    -0.000000000000000    -1.195551442097444   -14.609166519712062
24 35
    -0.000215530631833     0.000000000000000    -0.000000000000000
    -0.000000000000000     0.000935923602716    -0.000222147061406
    -0.000000000000000    -0.000222150994985    -0.000143899959577
24 36
     1.889630724967519    -0.000000000000000    -0.000000000000000
    -0.000000000000000     0.000029746815265     0.000038521556424
     0.000000000000000     2.840603295406852     1.478454937920777
24 37
     0.000003020368961     0.000012850185468    -0.000003038772890
     0.000012849967366     0.000038830140292    -0.000004591040300
    -0.000003038596760    -0.000004590903020     0.000004253663442
24 38
     0.000008182150479     0.000003241628808    -0.000000610270956
     0.000003241624292     0.000009898745219    -0.000000505387574
    -0.000000610240744    -0.000000505364340     0.000000147795618
24 39
     0.000003020368961    -0.000012850185468     0.000003038772890
    -0.000012849967366     0.000038830140292    -0.000004591040300
     0.000003038596760    -0.000004590903020     0.000004253663442
24 40
     0.000008182150479    -0.000003241628808     0.000000610270956
    -0.000003241624292     0.000009898745219    -0.000000505387574
     0.000000610240744    -0.000000505364340     0.000000147795618
24 41
    -0.000325652543689     0.000000000000000    -0.000000000000000
    -0.000000000000000     0.000453149463444    -0.000240311430856
     0.000000000000000    -0.000240293311730     0.000837903978323
24 42
     0.472645309332794     0.000000000000000     0.000000000000000
     0.000000000000000     0.000227646178610     0.004553377980727
    -0.000000000000000     0.004555881408669    -0.030409847154397
24 43
    -0.000080534226238     0.000000000000000     0.000000000000000
    -0.000000000000000     0.000285070050979     0.000074024296415
    -0.000000000000000     0.000074023769494     0.000161862602777
24 44
    -0.000528531492112    -0.000000000000000    -0.000000000000000
    -0.000000000000000    -0.000571350993417    -0.000945675489861
     0.000000000000000    -0.000946134135947    -0.000382432763782
24 45
     0.000006589065323    -0.000022224112251    -0.000001396271183
    -0.000022223575641     0.000060856811748     0.000001965723310
    -0.000001396181201     0.000001965647513    -0.000006922055270
24 46
     0.000010001513020    -0.000004308874700    -0.000000233105683
    -0.000004308865965     0.000012216616810     0.000000187448797
    -0.000000233093936     0.000000187439715    -0.000001602185034
24 47
     0.000006589065323     0.000022224112251     0.000001396271183
     0.000022223575641     0.000060856811748     0.000001965723310
     0.000001396181201     0.000001965647513    -0.000006922055270
24 48
     0.000010001513020     0.000004308874700     0.000000233105683
     0.000004308865965     0.000012216616810     0.000000187448797
     0.000000233093936     0.000000187439715    -0.000001602185034
24 49
     0.010691358742138    -0.000000000000000    -0.000000000000000
     0.000000000000000    -0.159548220853541    -0.052177406860138
     0.000000000000000    -0.052165465735657    -0.005234934186705
24 50
    -7.998867843734295    -0.000000000000001    -0.000000000000000
     0.000000000000000   -15.694290696746025    -7.797143656368323
     0.000000000000000    -7.571800878840128   -26.326557972877296
25 1
     0.258445295036154    -0.000000000000000     0.000000000000000
    -0.000000000000000    -0.013201588204416     0.006653505822243
    -0.000000000000000     0.006655207919708    -0.002668905208994
25 2
     0.258445295036154     0.000000000000000    -0.000000000000000
    -0.000000000000000    -0.013201588204416    -0.006653505822243
    -0.000000000000000    -0.006655207919708    -0.002668905208994
25 3
    -0.000178666328269     0.000000000000000     0.000000000000000
     0.000000000000000     0.001058861188827     0.000126137155717
     0.000000000000000     0.000126141005463    -0.000121668171130
25 4
    -0.000128389528760     0.000514710627206    -0.000198516579383
     0.000514704567836     0.000893549691101    -0.000471122689905
    -0.000198515116347    -0.000471123874618     0.000587120616845
25 5
    -0.000128389528760    -0.000514710627206     0.000198516579383
    -0.000514704567836     0.000893549691101    -0.000471122689905
     0.000198515116347    -0.000471123874618     0.000587120616845
25 6
     1.044461716757703     0.000000000000000    -0.000000000000000
    -0.000000000000000    -0.698542373129221     2.061765307659298
    -0.000000000000000    -0.573027718735942     1.691603336261691
25 7
    -0.000178666328269     0.000000000000000    -0.000000000000000
     0.000000000000000     0.001058861188827    -0.000126137155717
     0.000000000000000    -0.000126141005463    -0.000121668171130
25 8
    -0.000128389528760    -0.000514710627206    -0.000198516579383
    -0.000514704567836     0.000893549691101     0.000471122689905
    -0.000198515116347     0.000471123874618     0.000587120616845
25 9
    -0.000128389528760     0.000514710627206     0.000198516579383
     0.000514704567836     0.000893549691101     0.000471122689905
     0.000198515116347     0.000471123874618     0.000587120616845
25 10
     1.044461716757703    -0.000000000000000    -0.000000000000000
     0.000000000000000    -0.698542373129221    -2.061765307659298
    -0.000000000000000     0.573027718735942     1.691603336261691
25 11
     0.000240322491425     0.000648608437943    -0.000283185626299
     0.000648604443601     0.000606177951586    -0.000370991469587
    -0.000283185503179    -0.000370993866780     0.000244012727818
25 12
     0.000126232375392     0.000047383622214    -0.000014784199052
     0.000047384133182     0.000028608182622    -0.000012532164017
    -0.000014784476561    -0.000012532211393     0.000007388423752
25 13
     0.000240322491425    -0.000648608437943     0.000283185626299
    -0.000648604443601     0.000606177951586    -0.000370991469587
     0.000283185503179    -0.000370993866780     0.000244012727818
25 14
     0.000126232375392    -0.000047383622214     0.000014784199052
    -0.000047384133182     0.000028608182622    -0.000012532164017
     0.000014784476561    -0.000012532211393     0.000007388423752
25 15
   -10.376849079318299    -0.000000000000000    -0.000000000000000
     0.000000000000000   -26.359147431983775    14.522210785555766
     0.000000000000000    16.970863585796721   -32.598545846050357
25 16
     1.359735466840993    -0.000000000000000     0.000000000000000
    -0.000000000000000    -0.000017697091691    -0.000125444178019
    -0.000000000000000    -1.595144340189506     1.027791482178353
25 17
    -0.000083865367481    -0.000000000000000    -0.000000000000000
     0.000000000000000     0.000517984645895    -0.000007885435368
     0.000000000000000    -0.000007885708881    -0.000031795793315
25 18
     0.368143197077543    -0.000000000000000     0.000000000000000
    -0.000000000000000    -0.022881685352117    -0.007676166124389
    -0.000000000000000    -0.007678918862856    -0.002039783800477
25 19
   -10.376849079318299     0.000000000000000     0.000000000000000
     0.000000000000000   -26.359147431983775   -14.522210785555764
     0.000000000000000   -16.970863585796721   -32.598545846050357
25 20
     0.000240322491425    -0.000648608437943    -0.000283185626299
    -0.000648604443601     0.000606177951586     0.000370991469587
    -0.000283185503179     0.000370993866780     0.000244012727818
25 21
     0.000126232375392    -0.000047383622214    -0.000014784199052
    -0.000047384133182     0.000028608182622     0.000012532164017
    -0.000014784476561     0.000012532211393     0.000007388423752
25 22
     0.000240322491425     0.000648608437943     0.000283185626299
     0.000648604443601     0.000606177951586     0.000370991469587
     0.000283185503179     0.000370993866780     0.000244012727818
25 23
     0.000126232375392     0.000047383622214     0.000014784199052
     0.000047384133182     0.000028608182622     0.000012532164017
     0.000014784476561     0.000012532211393     0.000007388423752
25 24
     1.359735466840993     0.000000000000000    -0.000000000000000
    -0.000000000000000    -0.000017697091691     0.000125444178019
    -0.000000000000000     1.595144340189506     1.027791482178353
25 25
    23.285023752241436     0.000000000000000     0.000000000000001
    -0.000000000000000    81.331665224139982     0.000000000000001
    -0.000000000000002     0.000000000000006    73.201969671195471
25 26
   -11.479513830228164    -0.000000000000000    -0.000000000000000
     0.000000000000000   -30.354602367224970    -0.000000000000000
     0.000000000000000    -0.000000000000001   -11.896643698192854
25 27
    -0.000134581309601    -0.000000000000000     0.000000000000000
     0.000000000000000     0.000841068459931    -0.000000000000000
     0.000000000000000     0.000000000000000    -0.000095649145556
25 28
    -0.000646246923138    -0.000000000000000     0.000000000000000
     0.000000000000000     0.001163286560036    -0.000000000000000
     0.000000000000000     0.000000000000000    -0.000566670493934
25 29
     0.000195323279481     0.000294120489846     0.000000000000000
     0.000294120489858     0.000195323279484     0.000000000000000
     0.000000000000000    -0.000000000000000     0.000166045023429
25 30
     0.000135975128820     0.000095607318364    -0.000000000000000
     0.000095608032866     0.000046428244962     0.000000000000000
     0.000000000000000    -0.000000000000000     0.000034209802324
25 31
     0.000195323279481    -0.000294120489846     0.000000000000000
    -0.000294120489858     0.000195323279484     0.000000000000000
    -0.000000000000000     0.000000000000000     0.000166045023429
25 32
     0.000135975128820    -0.000095607318364    -0.000000000000000
    -0.000095608032866     0.000046428244962     0.000000000000000
    -0.000000000000000     0.000000000000000     0.000034209802324
25 33
    -0.000083865367481     0.000000000000000    -0.000000000000000
     0.000000000000000     0.000517984645895     0.000007885435368
     0.000000000000000     0.000007885708881    -0.000031795793315
25 34
     0.368143197077543    -0.000000000000000     0.000000000000000
    -0.000000000000000    -0.022881685352117     0.007676166124389
    -0.000000000000000     0.007678918862856    -0.002039783800477
25 35
    -0.000016780955622    -0.000000000000000     0.000000000000000
     0.000000000000000     0.000096087940501    -0.000004823655046
     0.000000000000000    -0.000004823821333     0.000003065279906
25 36
    -0.000160323674641    -0.000000000000000     0.000000000000000
     0.000000000000000     0.000643650958483    -0.000346149533364
     0.000000000000000    -0.000346151250062     0.000093196761273
25 37
     0.000128815902350     0.000245321372182    -0.000088546392945
     0.000245319610509     0.000220656201562    -0.000106247592784
    -0.000088546953382    -0.000106249091826    -0.000010518392944
25 38
     0.000049337675846     0.000014065394848    -0.000000463801554
     0.000005409099546     0.000049055824633    -0.000027163482362
     0.000005256671097    -0.000028254461314     0.000011361148867
25 39
     0.000128815902350    -0.000245321372182     0.000088546392945
    -0.000245319610509     0.000220656201562    -0.000106247592784
     0.000088546953382    -0.000106249091826    -0.000010518392944
25 40
     0.000049337675846    -0.000014065394848     0.000000463801554
    -0.000005409099546     0.000049055824633    -0.000027163482362
    -0.000005256671097    -0.000028254461314     0.000011361148867
25 41
     1.893797334469092     0.000000000000000    -0.000000000000000
     0.000000000000000     1.842770337237603    -0.493830575658515
    -0.000000000000000     1.511870306802975    -0.404738910935496
25 42
    -0.450822777668254     0.000000000000000     0.000000000000000
     0.000000000000000    -0.244667599405056    -0.344809000192439
     0.000000000000000    -0.344835774279151    -0.365554981077404
25 43
    -0.000016780955622    -0.000000000000000    -0.000000000000000
     0.000000000000000     0.000096087940501     0.000004823655046
     0.000000000000000     0.000004823821333     0.000003065279906
25 44
    -0.000160323674641    -0.000000000000000    -0.000000000000000
     0.000000000000000     0.000643650958483     0.000346149533364
     0.000000000000000     0.000346151250062     0.000093196761273
25 45
     0.000128815902350    -0.000245321372182    -0.000088546392945
    -0.000245319610509     0.000220656201562     0.000106247592784
    -0.000088546953382     0.000106249091826    -0.000010518392944
25 46
     0.000049337675846    -0.000014065394848    -0.000000463801554
    -0.000005409099546     0.000049055824633     0.000027163482362
     0.000005256671097     0.000028254461314     0.000011361148867
25 47
     0.000128815902350     0.000245321372182     0.000088546392945
     0.000245319610509     0.000220656201562     0.000106247592784
     0.000088546953382     0.000106249091826    -0.000010518392944
25 48
     0.000049337675846     0.000014065394848     0.000000463801554
     0.000005409099546     0.000049055824633     0.000027163482362
    -0.000005256671097     0.000028254461314     0.000011361148867
25 49
     1.893797334469092    -0.000000000000000    -0.000000000000000
    -0.000000000000000     1.842770337237603     0.493830575658515
    -0.000000000000000    -1.511870306802975    -0.404738910935496
25 50
    -0.450822777668253     0.000000000000000    -0.000000000000000
     0.000000000000000    -0.244667599405056     0.344809000192439
     0.000000000000000     0.344835774279150    -0.365554981077404
26 1
    -0.000229179797020    -0.000000000000000     0.000000000000000
     0.000000000000000     0.001071394943196    -0.000312590659986
     0.000000000000000    -0.000312592380271     0.000008130161369
26 2
    -0.000229179797020    -0.000000000000000     0.000000000000000
     0.000000000000000     0.001071394943196     0.000312590659986
     0.000000000000000     0.000312592380271     0.000008130161369
26 3
    -0.000066347512422    -0.000000000000000    -0.000000000000000
    -0.000000000000000     0.000421773745441    -0.000005137351113
     0.000000000000000    -0.000005137539701    -0.000035622582543
26 4
    -0.000047068929440     0.000118612908647    -0.000026531555041
     0.000118610110566     0.000365654828384    -0.000085075416854
    -0.000026531372262    -0.000085077589635     0.000091831695535
26 5
    -0.000047068929440    -0.000118612908647     0.000026531555041
    -0.000118610110566     0.000365654828384    -0.000085075416854
     0.000026531372262    -0.000085077589635     0.000091831695535
26 6
     0.377528304033331     0.000000000000000    -0.000000000000000
    -0.000000000000000    -0.028054583177215     0.005148037266022
    -0.000000000000000     0.005150171829766    -0.000313238116027
26 7
    -0.000066347512422    -0.000000000000000    -0.000000000000000
     0.000000000000000     0.000421773745441     0.000005137351113
    -0.000000000000000     0.000005137539701    -0.000035622582543
26 8
    -0.000047068929440    -0.000118612908647    -0.000026531555041
    -0.000118610110566     0.000365654828384     0.000085075416854
    -0.000026531372262     0.000085077589635     0.000091831695535
26 9
    -0.000047068929440     0.000118612908647     0.000026531555041
     0.000118610110566     0.000365654828384     0.000085075416854
     0.000026531372262     0.000085077589635     0.000091831695535
26 10
     0.377528304033331     0.000000000000000    -0.000000000000000
    -0.000000000000000    -0.028054583177215    -0.005148037266022
    -0.000000000000000    -0.005150171829766    -0.000313238116027
26 11
     0.000029987330316     0.000167732715305    -0.000043922112123
     0.000167730098221     0.000291275917809    -0.000078550167386
    -0.000043922124758    -0.000078551811896     0.000043005755226
26 12
     0.000052427415544     0.000019778077007    -0.000004403456616
     0.000019778122910     0.000037045341595    -0.000005040683659
    -0.000004403506486    -0.000005040725142     0.000001059751856
26 13
     0.000029987330316    -0.000167732715305     0.000043922112123
    -0.000167730098221     0.000291275917809    -0.000078550167386
     0.000043922124758    -0.000078551811896     0.000043005755226
26 14
     0.000052427415544    -0.000019778077007     0.000004403456616
    -0.000019778122910     0.000037045341595    -0.000005040683659
     0.000004403506486    -0.000005040725142     0.000001059751856
26 15
     1.517691468062805    -0.000000000000000     0.000000000000000
    -0.000000000000000     0.000004075461883     0.000116342999557
    -0.000000000000000     1.111842199270407     0.912390948766446
26 16
   -11.382500528323140     0.000000000000000    -0.000000000000000
     0.000000000000000   -23.714984742913156   -14.586816005614052
     0.000000000000001   -14.273715731314118   -35.992927971854527
26 17
    -0.000220421222317    -0.000000000000000     0.000000000000000
     0.000000000000000     0.001235953451390     0.000239836669767
     0.000000000000000     0.000239842692715    -0.000103859329600
26 18
     1.452564242204702     0.000000000000000    -0.000000000000000
    -0.000000000000000    -0.000003853311461    -1.645183747593041
    -0.000000000000000    -0.000136273478825     1.059999168792559
26 19
     1.517691468062805     0.000000000000000    -0.000000000000000
     0.000000000000000     0.000004075461883    -0.000116342999557
    -0.000000000000000    -1.111842199270407     0.912390948766446
26 20
     0.000029987330316    -0.000167732715305    -0.000043922112123
    -0.000167730098221     0.000291275917809     0.000078550167386
    -0.000043922124758     0.000078551811896     0.000043005755226
26 21
     0.000052427415544    -0.000019778077007    -0.000004403456616
    -0.000019778122910     0.000037045341595     0.000005040683659
    -0.000004403506486     0.000005040725142     0.000001059751856
26 22
     0.000029987330316     0.000167732715305     0.000043922112123
     0.000167730098221     0.000291275917809     0.000078550167386
     0.000043922124758     0.000078551811896     0.000043005755226
26 23
     0.000052427415544     0.000019778077007     0.000004403456616
     0.000019778122910     0.000037045341595     0.000005040683659
     0.000004403506486     0.000005040725142     0.000001059751856
26 24
   -11.382500528323138     0.000000000000001    -0.000000000000000
     0.000000000000000   -23.714984742913156    14.586816005614052
     0.000000000000000    14.273715731314116   -35.992927971854520
26 25
   -11.479407735924875     0.000000000000000     0.000000000000000
     0.000000000000001   -30.354518779371798    -0.000000000000000
     0.000000000000001    -0.000000000000001   -11.895522639110478
26 26
    24.632514496821027     0.000000000000000     0.000000000000001
    -0.000000000000001    75.358442143816234     0.000000000000002
    -0.000000000000001     0.000000000000005    81.542946923225429
26 27
    -0.000646246923138     0.000000000000000    -0.000000000000000
     0.000000000000000     0.001163286560036    -0.000000000000000
     0.000000000000000     0.000000000000000    -0.000566670493934
26 28
    -0.635369905663775    -0.000000000000000     0.000000000000000
     0.000000000000000    -1.776079305240303     0.000000000000000
     0.000000000000000    -0.000000000000000     0.123285253880977
26 29
     0.000046428244968     0.000095608032866    -0.000000000000000
     0.000095607318377     0.000135975128827     0.000000000000000
    -0.000000000000000     0.000000000000000     0.000034209802324
26 30
     0.000051476949635     0.000038932275540    -0.000000000000000
     0.000038932275534     0.000051476949640     0.000000000000000
    -0.000000000000000     0.000000000000000     0.000008205858929
26 31
     0.000046428244968    -0.000095608032866     0.000000000000000
    -0.000095607318377     0.000135975128827     0.000000000000000
    -0.000000000000000     0.000000000000000     0.000034209802324
26 32
     0.000051476949635    -0.000038932275540    -0.000000000000000
    -0.000038932275534     0.000051476949640     0.000000000000000
    -0.000000000000000     0.000000000000000     0.000008205858929
26 33
    -0.000220421222317    -0.000000000000000     0.000000000000000
     0.000000000000000     0.001235953451390    -0.000239836669767
     0.000000000000000    -0.000239842692715    -0.000103859329600
26 34
     1.452564242204702    -0.000000000000000    -0.000000000000000
    -0.000000000000000    -0.000003853311461     1.645183747593041
    -0.000000000000000     0.000136273478825     1.059999168792559
26 35
    -0.000053319666257    -0.000000000000000     0.000000000000000
     0.000000000000000     0.000275837400926    -0.000099534475210
     0.000000000000000    -0.000099537737448     0.000021310286212
26 36
     0.500903048192477    -0.000000000000000    -0.000000000000000
    -0.000000000000000    -0.013476376059477     0.011286781988104
    -0.000000000000000     0.011289155226835    -0.007991164883193
26 37
     0.000015437093508     0.000050922769345    -0.000012019510996
     0.000050921872419     0.000080321722513    -0.000019345134389
    -0.000012019549793    -0.000019345601111    -0.000003133895469
26 38
     0.000014275802059     0.000009420146524    -0.000001856157783
     0.000009420159129     0.000012227231446    -0.000001831672732
    -0.000001856181996    -0.000001831693483    -0.000001113489249
26 39
     0.000015437093508    -0.000050922769345     0.000012019510996
    -0.000050921872419     0.000080321722513    -0.000019345134389
     0.000012019549793    -0.000019345601111    -0.000003133895469
26 40
     0.000014275802059    -0.000009420146524     0.000001856157783
    -0.000009420159129     0.000012227231446    -0.000001831672732
     0.000001856181996    -0.000001831693483    -0.000001113489249
26 41
    -0.562001547433650     0.000000000000000     0.000000000000000
     0.000000000000000    -0.107117950727189     0.120256028045906
     0.000000000000000     0.120251328863233    -0.104480245274670
26 42
     1.837610954688312     0.000000000000000     0.000000000000000
    -0.000000000000000     2.244364296141582     1.168082053511990
    -0.000000000000000    -1.445747117432669    -0.751944605014081
26 43
    -0.000053319666257     0.000000000000000     0.000000000000000
     0.000000000000000     0.000275837400926     0.000099534475210
     0.000000000000000     0.000099537737448     0.000021310286212
26 44
     0.500903048192477    -0.000000000000000     0.000000000000000
    -0.000000000000000    -0.013476376059477    -0.011286781988104
    -0.000000000000000    -0.011289155226835    -0.007991164883193
26 45
     0.000015437093508    -0.000050922769345    -0.000012019510996
    -0.000050921872419     0.000080321722513     0.000019345134389
    -0.000012019549793     0.000019345601111    -0.000003133895469
26 46
     0.000014275802059    -0.000009420146524    -0.000001856157783
    -0.000009420159129     0.000012227231446     0.000001831672732
    -0.000001856181996     0.000001831693483    -0.000001113489249
26 47
     0.000015437093508     0.000050922769345     0.000012019510996
     0.000050921872419     0.000080321722513     0.000019345134389
     0.000012019549793     0.000019345601111    -0.000003133895469
26 48
     0.000014275802059     0.000009420146524     0.000001856157783
     0.000009420159129     0.000012227231446     0.000001831672732
     0.000001856181996     0.000001831693483    -0.000001113489249
26 49
    -0.562001547433650     0.000000000000000    -0.000000000000000
     0.000000000000000    -0.107117950727189    -0.120256028045906
     0.000000000000000    -0.120251328863233    -0.104480245274670
26 50
     1.837610954688312     0.000000000000000    -0.000000000000000
    -0.000000000000000     2.244364296141582    -1.168082053511990
    -0.000000000000000     1.445747117432669    -0.751944605014081
27 1
     0.258445295036154     0.000000000000000    -0.000000000000000
    -0.000000000000000    -0.013201588204416    -0.006653505822243
    -0.000000000000000    -0.006655207919708    -0.002668905208994
27 2
     0.258445295036154    -0.000000000000000     0.000000000000000
    -0.000000000000000    -0.013201588204416     0.006653505822243
    -0.000000000000000     0.006655207919708    -0.002668905208994
27 3
     1.044461716757703     0.000000000000000    -0.000000000000000
    -0.000000000000000    -0.698542373129221     2.061765307659298
    -0.000000000000000    -0.573027718735942     1.691603336261691
27 4
    -0.000128389528760    -0.000514710627206    -0.000198516579383
    -0.000514704567836     0.000893549691101     0.000471122689905
    -0.000198515116347     0.000471123874618     0.000587120616845
27 5
    -0.000128389528760     0.000514710627206     0.000198516579383
     0.000514704567836     0.000893549691101     0.000471122689905
     0.000198515116347     0.000471123874618     0.000587120616845
27 6
    -0.000178666328269     0.000000000000000     0.000000000000000
     0.000000000000000     0.001058861188827     0.000126137155717
     0.000000000000000     0.000126141005463    -0.000121668171130
27 7
     1.044461716757703    -0.000000000000000    -0.000000000000000
     0.000000000000000    -0.698542373129221    -2.061765307659297
    -0.000000000000000     0.573027718735942     1.691603336261691
27 8
    -0.000128389528760     0.000514710627206    -0.000198516579383
     0.000514704567836     0.000893549691101    -0.000471122689905
    -0.000198515116347    -0.000471123874618     0.000587120616845
27 9
    -0.000128389528760    -0.000514710627206     0.000198516579383
    -0.000514704567836     0.000893549691101    -0.000471122689905
     0.000198515116347    -0.000471123874618     0.000587120616845
27 10
    -0.000178666328269     0.000000000000000    -0.000000000000000
     0.000000000000000     0.001058861188827    -0.000126137155717
     0.000000000000000    -0.000126141005463    -0.000121668171130
27 11
     0.000240322491425    -0.000648608437943    -0.000283185626299
    -0.000648604443601     0.000606177951586     0.000370991469587
    -0.000283185503179     0.000370993866780     0.000244012727818
27 12
     0.000126232375392    -0.000047383622214    -0.000014784199052
    -0.000047384133182     0.000028608182622     0.000012532164017
    -0.000014784476561     0.000012532211393     0.000007388423752
27 13
     0.000240322491425     0.000648608437943     0.000283185626299
     0.000648604443601     0.000606177951586     0.000370991469587
     0.000283185503179     0.000370993866780     0.000244012727818
27 14
     0.000126232375392     0.000047383622214     0.000014784199052
     0.000047384133182     0.000028608182622     0.000012532164017
     0.000014784476561     0.000012532211393     0.000007388423752
27 15
    -0.000083865367481     0.000000000000000    -0.000000000000000
     0.000000000000000     0.000517984645895     0.000007885435368
     0.000000000000000     0.000007885708881    -0.000031795793315
27 16
     0.368143197077543    -0.000000000000000     0.000000000000000
    -0.000000000000000    -0.022881685352117     0.007676166124389
    -0.000000000000000     0.007678918862856    -0.002039783800477
27 17
   -10.376849079318298     0.000000000000000     0.000000000000000
     0.000000000000000   -26.359147431983768   -14.522210785555762
     0.000000000000000   -16.970863585796717   -32.598545846050357
27 18
     1.359735466840993     0.000000000000000    -0.000000000000000
    -0.000000000000000    -0.000017697091691     0.000125444178019
    -0.000000000000000     1.595144340189506     1.027791482178353
27 19
    -0.000083865367481    -0.000000000000000    -0.000000000000000
     0.000000000000000     0.000517984645895    -0.000007885435368
     0.000000000000000    -0.000007885708881    -0.000031795793315
27 20
     0.000240322491425     0.000648608437943    -0.000283185626299
     0.000648604443601     0.000606177951586    -0.000370991469587
    -0.000283185503179    -0.000370993866780     0.000244012727818
27 21
     0.000126232375392     0.000047383622214    -0.000014784199052
     0.000047384133182     0.000028608182622    -0.000012532164017
    -0.000014784476561    -0.000012532211393     0.000007388423752
27 22
     0.000240322491425    -0.000648608437943     0.000283185626299
    -0.000648604443601     0.000606177951586    -0.000370991469587
     0.000283185503179    -0.000370993866780     0.000244012727818
27 23
     0.000126232375392    -0.000047383622214     0.000014784199052
    -0.000047384133182     0.000028608182622    -0.000012532164017
     0.000014784476561    -0.000012532211393     0.000007388423752
27 24
     0.368143197077543    -0.000000000000000     0.000000000000000
    -0.000000000000000    -0.022881685352117    -0.007676166124389
    -0.000000000000000    -0.007678918862856    -0.002039783800477
27 25
    -0.000134581309601    -0.000000000000000     0.000000000000000
     0.000000000000000     0.000841068459931    -0.000000000000000
     0.000000000000000     0.000000000000000    -0.000095649145556
27 26
    -0.000646246923138    -0.000000000000000     0.000000000000000
     0.000000000000000     0.001163286560036    -0.000000000000000
     0.000000000000000     0.000000000000000    -0.000566670493934
27 27
    23.285023752241433     0.000000000000000     0.000000000000001
    -0.000000000000000    81.331665224139968     0.000000000000001
    -0.000000000000002     0.000000000000006    73.201969671195471
27 28
   -11.479513830228163    -0.000000000000000    -0.000000000000000
     0.000000000000000   -30.354602367224963    -0.000000000000000
     0.000000000000000    -0.000000000000001   -11.896643698192854
27 29
     0.000195323279481    -0.000294120489846     0.000000000000000
    -0.000294120489858     0.000195323279484     0.000000000000000
    -0.000000000000000     0.000000000000000     0.000166045023429
27 30
     0.000135975128820    -0.000095607318364    -0.000000000000000
    -0.000095608032866     0.000046428244962     0.000000000000000
    -0.000000000000000     0.000000000000000     0.000034209802324
27 31
     0.000195323279481     0.000294120489846     0.000000000000000
     0.000294120489858     0.000195323279484     0.000000000000000
     0.000000000000000    -0.000000000000000     0.000166045023429
27 32
     0.000135975128820     0.000095607318364    -0.000000000000000
     0.000095608032866     0.000046428244962     0.000000000000000
     0.000000000000000    -0.000000000000000     0.000034209802324
27 33
   -10.376849079318298    -0.000000000000000    -0.000000000000000
     0.000000000000000   -26.359147431983768    14.522210785555764
     0.000000000000000    16.970863585796717   -32.598545846050357
27 34
     1.359735466840993    -0.000000000000000     0.000000000000000
    -0.000000000000000    -0.000017697091691    -0.000125444178019
    -0.000000000000000    -1.595144340189506     1.027791482178353
27 35
     1.893797334469092     0.000000000000000    -0.000000000000000
     0.000000000000000     1.842770337237603    -0.493830575658515
    -0.000000000000000     1.511870306802975    -0.404738910935496
27 36
    -0.450822777668253     0.000000000000000     0.000000000000000
     0.000000000000000    -0.244667599405056    -0.344809000192439
     0.000000000000000    -0.344835774279151    -0.365554981077404
27 37
     0.000128815902350    -0.000245321372182    -0.000088546392945
    -0.000245319610509     0.000220656201562     0.000106247592784
    -0.000088546953382     0.000106249091826    -0.000010518392944
27 38
     0.000049337675846    -0.000014065394848    -0.000000463801554
    -0.000005409099546     0.000049055824633     0.000027163482362
     0.000005256671097     0.000028254461314     0.000011361148867
27 39
     0.000128815902350     0.000245321372182     0.000088546392945
     0.000245319610509     0.000220656201562     0.000106247592784
     0.000088546953382     0.000106249091826    -0.000010518392944
27 40
     0.000049337675846     0.000014065394848     0.000000463801554
     0.000005409099546     0.000049055824633     0.000027163482362
    -0.000005256671097     0.000028254461314     0.000011361148867
27 41
    -0.000016780955622    -0.000000000000000     0.000000000000000
     0.000000000000000     0.000096087940501    -0.000004823655046
     0.000000000000000    -0.000004823821333     0.000003065279906
27 42
    -0.000160323674641    -0.000000000000000     0.000000000000000
     0.000000000000000     0.000643650958483    -0.000346149533364
     0.000000000000000    -0.000346151250062     0.000093196761273
27 43
     1.893797334469092    -0.000000000000000    -0.000000000000000
    -0.000000000000000     1.842770337237603     0.493830575658515
    -0.000000000000000    -1.511870306802975    -0.404738910935496
27 44
    -0.450822777668253     0.000000000000000    -0.000000000000000
     0.000000000000000    -0.244667599405056     0.344809000192439
     0.000000000000000     0.344835774279150    -0.365554981077404
27 45
     0.000128815902350     0.000245321372182    -0.000088546392945
     0.000245319610509     0.000220656201562    -0.000106247592784
    -0.000088546953382    -0.000106249091826    -0.000010518392944
27 46
     0.000049337675846     0.000014065394848    -0.000000463801554
     0.000005409099546     0.000049055824633    -0.000027163482362
     0.000005256671097    -0.000028254461314     0.000011361148867
27 47
     0.000128815902350    -0.000245321372182     0.000088546392945
    -0.000245319610509     0.000220656201562    -0.000106247592784
     0.000088546953382    -0.000106249091826    -0.000010518392944
27 48
     0.000049337675846    -0.000014065394848     0.000000463801554
    -0.000005409099546     0.000049055824633    -0.000027163482362
    -0.000005256671097    -0.000028254461314     0.000011361148867
27 49
    -0.000016780955622    -0.000000000000000    -0.000000000000000
     0.000000000000000     0.000096087940501     0.000004823655046
     0.000000000000000     0.000004823821333     0.000003065279906
27 50
    -0.000160323674641    -0.000000000000000    -0.000000000000000
     0.000000000000000     0.000643650958483     0.000346149533364
     0.000000000000000     0.000346151250062     0.000093196761273
28 1
    -0.000229179797020    -0.000000000000000     0.000000000000000
     0.000000000000000     0.001071394943196     0.000312590659986
     0.000000000000000     0.000312592380271     0.000008130161369
28 2
    -0.000229179797020    -0.000000000000000     0.000000000000000
     0.000000000000000     0.001071394943196    -0.000312590659986
     0.000000000000000    -0.000312592380271     0.000008130161369
28 3
     0.377528304033331     0.000000000000000    -0.000000000000000
    -0.000000000000000    -0.028054583177215     0.005148037266022
    -0.000000000000000     0.005150171829766    -0.000313238116027
28 4
    -0.000047068929440    -0.000118612908647    -0.000026531555041
    -0.000118610110566     0.000365654828384     0.000085075416854
    -0.000026531372262     0.000085077589635     0.000091831695535
28 5
    -0.000047068929440     0.000118612908647     0.000026531555041
     0.000118610110566     0.000365654828384     0.000085075416854
     0.000026531372262     0.000085077589635     0.000091831695535
28 6
    -0.000066347512422    -0.000000000000000    -0.000000000000000
    -0.000000000000000     0.000421773745441    -0.000005137351113
     0.000000000000000    -0.000005137539701    -0.000035622582543
28 7
     0.377528304033331     0.000000000000000    -0.000000000000000
    -0.000000000000000    -0.028054583177215    -0.005148037266022
    -0.000000000000000    -0.005150171829766    -0.000313238116027
28 8
    -0.000047068929440     0.000118612908647    -0.000026531555041
     0.000118610110566     0.000365654828384    -0.000085075416854
    -0.000026531372262    -0.000085077589635     0.000091831695535
28 9
    -0.000047068929440    -0.000118612908647     0.000026531555041
    -0.000118610110566     0.000365654828384    -0.000085075416854
     0.000026531372262    -0.000085077589635     0.000091831695535
28 10
    -0.000066347512422    -0.000000000000000    -0.000000000000000
     0.000000000000000     0.000421773745441     0.000005137351113
    -0.000000000000000     0.000005137539701    -0.000035622582543
28 11
     0.000029987330316    -0.000167732715305    -0.000043922112123
    -0.000167730098221     0.000291275917809     0.000078550167386
    -0.000043922124758     0.000078551811896     0.000043005755226
28 12
     0.000052427415544    -0.000019778077007    -0.000004403456616
    -0.000019778122910     0.000037045341595     0.000005040683659
    -0.000004403506486     0.000005040725142     0.000001059751856
28 13
     0.000029987330316     0.000167732715305     0.000043922112123
     0.000167730098221     0.000291275917809     0.000078550167386
     0.000043922124758     0.000078551811896     0.000043005755226
28 14
     0.000052427415544     0.000019778077007     0.000004403456616
     0.000019778122910     0.000037045341595     0.000005040683659
     0.000004403506486     0.000005040725142     0.000001059751856
28 15
    -0.000220421222317    -0.000000000000000     0.000000000000000
     0.000000000000000     0.001235953451390    -0.000239836669767
     0.000000000000000    -0.000239842692715    -0.000103859329600
28 16
     1.452564242204702    -0.000000000000000    -0.000000000000000
    -0.000000000000000    -0.000003853311461     1.645183747593040
    -0.000000000000000     0.000136273478825     1.059999168792559
28 17
     1.517691468062804     0.000000000000000    -0.000000000000000
     0.000000000000000     0.000004075461883    -0.000116342999557
    -0.000000000000000    -1.111842199270407     0.912390948766446
28 18
   -11.382500528323137     0.000000000000001    -0.000000000000000
     0.000000000000000   -23.714984742913153    14.586816005614050
     0.000000000000000    14.273715731314114   -35.992927971854520
28 19
    -0.000220421222317    -0.000000000000000     0.000000000000000
     0.000000000000000     0.001235953451390     0.000239836669767
     0.000000000000000     0.000239842692715    -0.000103859329600
28 20
     0.000029987330316     0.000167732715305    -0.000043922112123
     0.000167730098221     0.000291275917809    -0.000078550167386
    -0.000043922124758    -0.000078551811896     0.000043005755226
28 21
     0.000052427415544     0.000019778077007    -0.000004403456616
     0.000019778122910     0.000037045341595    -0.000005040683659
    -0.000004403506486    -0.000005040725142     0.000001059751856
28 22
     0.000029987330316    -0.000167732715305     0.000043922112123
    -0.000167730098221     0.000291275917809    -0.000078550167386
     0.000043922124758    -0.000078551811896     0.000043005755226
28 23
     0.000052427415544    -0.000019778077007     0.000004403456616
    -0.000019778122910     0.000037045341595    -0.000005040683659
     0.000004403506486    -0.000005040725142     0.000001059751856
28 24
     1.452564242204702     0.000000000000000    -0.000000000000000
    -0.000000000000000    -0.000003853311461    -1.645183747593040
    -0.000000000000000    -0.000136273478825     1.059999168792559
28 25
    -0.000646246923138     0.000000000000000    -0.000000000000000
     0.000000000000000     0.001163286560036    -0.000000000000000
     0.000000000000000     0.000000000000000    -0.000566670493934
28 26
    -0.635369905663774    -0.000000000000000     0.000000000000000
     0.000000000000000    -1.776079305240302     0.000000000000000
     0.000000000000000    -0.000000000000000     0.123285253880977
28 27
   -11.479407735924873     0.000000000000000     0.000000000000000
     0.000000000000001   -30.354518779371791    -0.000000000000000
     0.000000000000001    -0.000000000000001   -11.895522639110478
28 28
    24.632514496821020     0.000000000000000     0.000000000000001
    -0.000000000000001    75.358442143816220     0.000000000000002
    -0.000000000000001     0.000000000000005    81.542946923225429
28 29
     0.000046428244968    -0.000095608032866     0.000000000000000
    -0.000095607318377     0.000135975128827     0.000000000000000
    -0.000000000000000     0.000000000000000     0.000034209802324
28 30
     0.000051476949635    -0.000038932275540    -0.000000000000000
    -0.000038932275534     0.000051476949640     0.000000000000000
    -0.000000000000000     0.000000000000000     0.000008205858929
28 31
     0.000046428244968     0.000095608032866    -0.000000000000000
     0.000095607318377     0.000135975128827     0.000000000000000
    -0.000000000000000     0.000000000000000     0.000034209802324
28 32
     0.000051476949635     0.000038932275540    -0.000000000000000
     0.000038932275534     0.000051476949640     0.000000000000000
    -0.000000000000000     0.000000000000000     0.000008205858929
28 33
     1.517691468062804    -0.000000000000000     0.000000000000000
    -0.000000000000000     0.000004075461883     0.000116342999557
    -0.000000000000000     1.111842199270407     0.912390948766446
28 34
   -11.382500528323138     0.000000000000000    -0.000000000000000
     0.000000000000000   -23.714984742913153   -14.586816005614050
     0.000000000000001   -14.273715731314116   -35.992927971854527
28 35
    -0.562001547433650     0.000000000000000     0.000000000000000
     0.000000000000000    -0.107117950727189     0.120256028045906
     0.000000000000000     0.120251328863233    -0.104480245274670
28 36
     1.837610954688312     0.000000000000000     0.000000000000000
    -0.000000000000000     2.244364296141582     1.168082053511990
    -0.000000000000000    -1.445747117432669    -0.751944605014081
28 37
     0.000015437093508    -0.000050922769345    -0.000012019510996
    -0.000050921872419     0.000080321722513     0.000019345134389
    -0.000012019549793     0.000019345601111    -0.000003133895469
28 38
     0.000014275802059    -0.000009420146524    -0.000001856157783
    -0.000009420159129     0.000012227231446     0.000001831672732
    -0.000001856181996     0.000001831693483    -0.000001113489249
28 39
     0.000015437093508     0.000050922769345     0.000012019510996
     0.000050921872419     0.000080321722513     0.000019345134389
     0.000012019549793     0.000019345601111    -0.000003133895469
28 40
     0.000014275802059     0.000009420146524     0.000001856157783
     0.000009420159129     0.000012227231446     0.000001831672732
     0.000001856181996     0.000001831693483    -0.000001113489249
28 41
    -0.000053319666257    -0.000000000000000     0.000000000000000
     0.000000000000000     0.000275837400926    -0.000099534475210
     0.000000000000000    -0.000099537737448     0.000021310286212
28 42
     0.500903048192477    -0.000000000000000    -0.000000000000000
    -0.000000000000000    -0.013476376059477     0.011286781988104
    -0.000000000000000     0.011289155226835    -0.007991164883193
28 43
    -0.562001547433650     0.000000000000000    -0.000000000000000
     0.000000000000000    -0.107117950727189    -0.120256028045906
     0.000000000000000    -0.120251328863233    -0.104480245274670
28 44
     1.837610954688312     0.000000000000000    -0.000000000000000
    -0.000000000000000     2.244364296141582    -1.168082053511990
    -0.000000000000000     1.445747117432669    -0.751944605014081
28 45
     0.000015437093508     0.000050922769345    -0.000012019510996
     0.000050921872419     0.000080321722513    -0.000019345134389
    -0.000012019549793    -0.000019345601111    -0.000003133895469
28 46
     0.000014275802059     0.000009420146524    -0.000001856157783
     0.000009420159129     0.000012227231446    -0.000001831672732
    -0.000001856181996    -0.000001831693483    -0.000001113489249
28 47
     0.000015437093508    -0.000050922769345     0.000012019510996
    -0.000050921872419     0.000080321722513    -0.000019345134389
     0.000012019549793    -0.000019345601111    -0.000003133895469
28 48
     0.000014275802059    -0.000009420146524     0.000001856157783
    -0.000009420159129     0.000012227231446    -0.000001831672732
     0.000001856181996    -0.000001831693483    -0.000001113489249
28 49
    -0.000053319666257     0.000000000000000     0.000000000000000
     0.000000000000000     0.000275837400926     0.000099534475210
     0.000000000000000     0.000099537737448     0.000021310286212
28 50
     0.500903048192477    -0.000000000000000     0.000000000000000
    -0.000000000000000    -0.013476376059477    -0.011286781988104
    -0.000000000000000    -0.011289155226835    -0.007991164883193
29 1
    -0.013201588204416     0.000000000000000     0.006653505822243
     0.000000000000000     0.258445295036154    -0.000000000000000
     0.006655207919708     0.000000000000000    -0.002668905208994
29 2
    -0.013201588204416     0.000000000000000    -0.006653505822243
    -0.000000000000000     0.258445295036154     0.000000000000000
    -0.006655207919708     0.000000000000000    -0.002668905208994
29 3
     0.000893549691101    -0.000514704567836     0.000471122689905
    -0.000514710627206    -0.000128389528760    -0.000198516579383
     0.000471123874618    -0.000198515116347     0.000587120616845
29 4
    -0.698542373129221     0.000000000000000     2.061765307659298
    -0.000000000000000     1.044461716757703     0.000000000000000
    -0.573027718735942     0.000000000000000     1.691603336261691
29 5
     0.001058861188827    -0.000000000000000    -0.000126137155717
    -0.000000000000000    -0.000178666328269     0.000000000000000
    -0.000126141005463    -0.000000000000000    -0.000121668171130
29 6
     0.000893549691101     0.000514704567836    -0.000471122689905
     0.000514710627206    -0.000128389528760    -0.000198516579383
    -0.000471123874618    -0.000198515116347     0.000587120616845
29 7
     0.000893549691101    -0.000514704567836    -0.000471122689905
    -0.000514710627206    -0.000128389528760     0.000198516579383
    -0.000471123874618     0.000198515116347     0.000587120616845
29 8
     0.001058861188827    -0.000000000000000     0.000126137155717
    -0.000000000000000    -0.000178666328269    -0.000000000000000
     0.000126141005463    -0.000000000000000    -0.000121668171130
29 9
    -0.698542373129221    -0.000000000000000    -2.061765307659297
     0.000000000000000     1.044461716757703     0.000000000000000
     0.573027718735942     0.000000000000000     1.691603336261691
29 10
     0.000893549691101     0.000514704567836     0.000471122689905
     0.000514710627206    -0.000128389528760     0.000198516579383
     0.000471123874618     0.000198515116347     0.000587120616845
29 11
   -26.359147431983768    -0.000000000000000    14.522210785555764
     0.000000000000000   -10.376849079318298     0.000000000000000
    16.970863585796717    -0.000000000000000   -32.598545846050357
29 12
    -0.000017697091691     0.000000000000000    -0.000125444178019
     0.000000000000000     1.359735466840993    -0.000000000000000
    -1.595144340189506     0.000000000000000     1.027791482178353
29 13
     0.000517984645895    -0.000000000000000    -0.000007885435368
     0.000000000000000    -0.000083865367481     0.000000000000000
    -0.000007885708881    -0.000000000000000    -0.000031795793315
29 14
    -0.022881685352117     0.000000000000000    -0.007676166124389
     0.000000000000000     0.368143197077543    -0.000000000000000
    -0.007678918862856     0.000000000000000    -0.002039783800477
29 15
     0.000606177951586     0.000648604443601    -0.000370991469587
     0.000648608437943     0.000240322491425    -0.000283185626299
    -0.000370993866780    -0.000283185503179     0.000244012727818
29 16
     0.000028608182622     0.000047384133182    -0.000012532164017
     0.000047383622214     0.000126232375392    -0.000014784199052
    -0.000012532211393    -0.000014784476561     0.000007388423752
29 17
     0.000606177951586    -0.000648604443601    -0.000370991469587
    -0.000648608437943     0.000240322491425     0.000283185626299
    -0.000370993866780     0.000283185503179     0.000244012727818
29 18
     0.000028608182622    -0.000047384133182    -0.000012532164017
    -0.000047383622214     0.000126232375392     0.000014784199052
    -0.000012532211393     0.000014784476561     0.000007388423752
29 19
     0.000606177951586     0.000648604443601     0.000370991469587
     0.000648608437943     0.000240322491425     0.000283185626299
     0.000370993866780     0.000283185503179     0.000244012727818
29 20
     0.000517984645895    -0.000000000000000     0.000007885435368
    -0.000000000000000    -0.000083865367481     0.000000000000000
     0.000007885708881    -0.000000000000000    -0.000031795793315
29 21
    -0.022881685352117     0.000000000000000     0.007676166124389
     0.000000000000000     0.368143197077543    -0.000000000000000
     0.007678918862856     0.000000000000000    -0.002039783800477
29 22
   -26.359147431983768    -0.000000000000000   -14.522210785555762
    -0.000000000000000   -10.376849079318298    -0.000000000000000
   -16.970863585796717    -0.000000000000000   -32.598545846050357
29 23
    -0.000017697091691     0.000000000000000     0.000125444178019
    -0.000000000000000     1.359735466840993     0.000000000000000
     1.595144340189506     0.000000000000000     1.027791482178353
29 24
     0.000028608182622     0.000047384133182     0.000012532164017
     0.000047383622214     0.000126232375392     0.000014784199052
     0.000012532211393     0.000014784476561     0.000007388423752
29 25
     0.000195323279484     0.000294120489858     0.000000000000000
     0.000294120489846     0.000195323279481    -0.000000000000000
     0.000000000000000     0.000000000000000     0.000166045023429
29 26
     0.000046428244962     0.000095608032866     0.000000000000000
     0.000095607318364     0.000135975128820     0.000000000000000
     0.000000000000000     0.000000000000000     0.000034209802324
29 27
     0.000195323279484    -0.000294120489858     0.000000000000000
    -0.000294120489846     0.000195323279481    -0.000000000000000
    -0.000000000000000    -0.000000000000000     0.000166045023429
29 28
     0.000046428244962    -0.000095608032866     0.000000000000000
    -0.000095607318364     0.000135975128820     0.000000000000000
    -0.000000000000000    -0.000000000000000     0.000034209802324
29 29
    81.331665224139968     0.000000000000000     0.000000000000001
    -0.000000000000000    23.285023752241433    -0.000000000000001
     0.000000000000006     0.000000000000002    73.201969671195471
29 30
   -30.354602367224963    -0.000000000000000    -0.000000000000000
     0.000000000000000   -11.479513830228163     0.000000000000000
    -0.000000000000001    -0.000000000000000   -11.896643698192854
29 31
     0.000841068459931    -0.000000000000000    -0.000000000000000
     0.000000000000000    -0.000134581309601    -0.000000000000000
     0.000000000000000    -0.000000000000000    -0.000095649145556
29 32
     0.001163286560036    -0.000000000000000    -0.000000000000000
     0.000000000000000    -0.000646246923138    -0.000000000000000
     0.000000000000000    -0.000000000000000    -0.000566670493934
29 33
     0.000606177951586    -0.000648604443601     0.000370991469587
    -0.000648608437943     0.000240322491425    -0.000283185626299
     0.000370993866780    -0.000283185503179     0.000244012727818
29 34
     0.000028608182622    -0.000047384133182     0.000012532164017
    -0.000047383622214     0.000126232375392    -0.000014784199052
     0.000012532211393    -0.000014784476561     0.000007388423752
29 35
     0.000220656201562    -0.000245319610509     0.000106247592784
    -0.000245321372182     0.000128815902350    -0.000088546392945
     0.000106249091826    -0.000088546953382    -0.000010518392944
29 36
     0.000049055824633    -0.000005409099546     0.000027163482362
    -0.000014065394848     0.000049337675846    -0.000000463801554
     0.000028254461314     0.000005256671097     0.000011361148867
29 37
     1.842770337237603    -0.000000000000000    -0.493830575658515
    -0.000000000000000     1.893797334469092     0.000000000000000
     1.511870306802975     0.000000000000000    -0.404738910935496
29 38
    -0.244667599405056    -0.000000000000000    -0.344809000192439
    -0.000000000000000    -0.450822777668253    -0.000000000000000
    -0.344835774279151    -0.000000000000000    -0.365554981077404
29 39
     0.000096087940501    -0.000000000000000     0.000004823655046
     0.000000000000000    -0.000016780955622     0.000000000000000
     0.000004823821333    -0.000000000000000     0.000003065279906
29 40
     0.000643650958483    -0.000000000000000     0.000346149533364
     0.000000000000000    -0.000160323674641     0.000000000000000
     0.000346151250062    -0.000000000000000     0.000093196761273
29 41
     0.000220656201562     0.000245319610509    -0.000106247592784
     0.000245321372182     0.000128815902350    -0.000088546392945
    -0.000106249091826    -0.000088546953382    -0.000010518392944
29 42
     0.000049055824633     0.000005409099546    -0.000027163482362
     0.000014065394848     0.000049337675846    -0.000000463801554
    -0.000028254461314     0.000005256671097     0.000011361148867
29 43
     0.000220656201562    -0.000245319610509    -0.000106247592784
    -0.000245321372182     0.000128815902350     0.000088546392945
    -0.000106249091826     0.000088546953382    -0.000010518392944
29 44
     0.000049055824633    -0.000005409099546    -0.000027163482362
    -0.000014065394848     0.000049337675846     0.000000463801554
    -0.000028254461314    -0.000005256671097     0.000011361148867
29 45
     0.000096087940501    -0.000000000000000    -0.000004823655046
     0.000000000000000    -0.000016780955622    -0.000000000000000
    -0.000004823821333    -0.000000000000000     0.000003065279906
29 46
     0.000643650958483    -0.000000000000000    -0.000346149533364
     0.000000000000000    -0.000160323674641    -0.000000000000000
    -0.000346151250062    -0.000000000000000     0.000093196761273
29 47
     1.842770337237603     0.000000000000000     0.493830575658515
     0.000000000000000     1.893797334469092     0.000000000000000
    -1.511870306802975     0.000000000000000    -0.404738910935496
29 48
    -0.244667599405056    -0.000000000000000     0.344809000192439
    -0.000000000000000    -0.450822777668253     0.000000000000000
     0.344835774279150    -0.000000000000000    -0.365554981077404
29 49
     0.000220656201562     0.000245319610509     0.000106247592784
     0.000245321372182     0.000128815902350     0.000088546392945
     0.000106249091826     0.000088546953382    -0.000010518392944
29 50
     0.000049055824633     0.000005409099546     0.000027163482362
     0.000014065394848     0.000049337675846     0.000000463801554
     0.000028254461314    -0.000005256671097     0.000011361148867
30 1
     0.001071394943196    -0.000000000000000    -0.000312590659986
     0.000000000000000    -0.000229179797020    -0.000000000000000
    -0.000312592380271    -0.000000000000000     0.000008130161369
30 2
     0.001071394943196    -0.000000000000000     0.000312590659986
     0.000000000000000    -0.000229179797020    -0.000000000000000
     0.000312592380271    -0.000000000000000     0.000008130161369
30 3
     0.000365654828384    -0.000118610110566     0.000085075416854
    -0.000118612908647    -0.000047068929440    -0.000026531555041
     0.000085077589635    -0.000026531372262     0.000091831695535
30 4
    -0.028054583177215     0.000000000000000     0.005148037266022
    -0.000000000000000     0.377528304033331     0.000000000000000
     0.005150171829766     0.000000000000000    -0.000313238116027
30 5
     0.000421773745441    -0.000000000000000     0.000005137351113
     0.000000000000000    -0.000066347512422     0.000000000000000
     0.000005137539701     0.000000000000000    -0.000035622582543
30 6
     0.000365654828384     0.000118610110566    -0.000085075416854
     0.000118612908647    -0.000047068929440    -0.000026531555041
    -0.000085077589635    -0.000026531372262     0.000091831695535
30 7
     0.000365654828384    -0.000118610110566    -0.000085075416854
    -0.000118612908647    -0.000047068929440     0.000026531555041
    -0.000085077589635     0.000026531372262     0.000091831695535
30 8
     0.000421773745441     0.000000000000000    -0.000005137351113
     0.000000000000000    -0.000066347512422     0.000000000000000
    -0.000005137539701    -0.000000000000000    -0.000035622582543
30 9
    -0.028054583177215     0.000000000000000    -0.005148037266022
    -0.000000000000000     0.377528304033331     0.000000000000000
    -0.005150171829766     0.000000000000000    -0.000313238116027
30 10
     0.000365654828384     0.000118610110566     0.000085075416854
     0.000118612908647    -0.000047068929440     0.000026531555041
     0.000085077589635     0.000026531372262     0.000091831695535
30 11
     0.000004075461883     0.000000000000000     0.000116342999557
     0.000000000000000     1.517691468062804    -0.000000000000000
     1.111842199270407     0.000000000000000     0.912390948766446
30 12
   -23.714984742913153    -0.000000000000000   -14.586816005614050
    -0.000000000000000   -11.382500528323138     0.000000000000000
   -14.273715731314116    -0.000000000000001   -35.992927971854527
30 13
     0.001235953451390    -0.000000000000000     0.000239836669767
     0.000000000000000    -0.000220421222317    -0.000000000000000
     0.000239842692715    -0.000000000000000    -0.000103859329600
30 14
    -0.000003853311461     0.000000000000000    -1.645183747593040
    -0.000000000000000     1.452564242204702     0.000000000000000
    -0.000136273478825     0.000000000000000     1.059999168792559
30 15
     0.000291275917809     0.000167730098221    -0.000078550167386
     0.000167732715305     0.000029987330316    -0.000043922112123
    -0.000078551811896    -0.000043922124758     0.000043005755226
30 16
     0.000037045341595     0.000019778122910    -0.000005040683659
     0.000019778077007     0.000052427415544    -0.000004403456616
    -0.000005040725142    -0.000004403506486     0.000001059751856
30 17
     0.000291275917809    -0.000167730098221    -0.000078550167386
    -0.000167732715305     0.000029987330316     0.000043922112123
    -0.000078551811896     0.000043922124758     0.000043005755226
30 18
     0.000037045341595    -0.000019778122910    -0.000005040683659
    -0.000019778077007     0.000052427415544     0.000004403456616
    -0.000005040725142     0.000004403506486     0.000001059751856
30 19
     0.000291275917809     0.000167730098221     0.000078550167386
     0.000167732715305     0.000029987330316     0.000043922112123
     0.000078551811896     0.000043922124758     0.000043005755226
30 20
     0.001235953451390    -0.000000000000000    -0.000239836669767
     0.000000000000000    -0.000220421222317    -0.000000000000000
    -0.000239842692715    -0.000000000000000    -0.000103859329600
30 21
    -0.000003853311461     0.000000000000000     1.645183747593040
     0.000000000000000     1.452564242204702     0.000000000000000
     0.000136273478825     0.000000000000000     1.059999168792559
30 22
     0.000004075461883    -0.000000000000000    -0.000116342999557
    -0.000000000000000     1.517691468062804     0.000000000000000
    -1.111842199270407     0.000000000000000     0.912390948766446
30 23
   -23.714984742913153    -0.000000000000000    14.586816005614050
    -0.000000000000001   -11.382500528323137     0.000000000000000
    14.273715731314114    -0.000000000000000   -35.992927971854520
30 24
     0.000037045341595     0.000019778122910     0.000005040683659
     0.000019778077007     0.000052427415544     0.000004403456616
     0.000005040725142     0.000004403506486     0.000001059751856
30 25
     0.000135975128827     0.000095607318377     0.000000000000000
     0.000095608032866     0.000046428244968    -0.000000000000000
     0.000000000000000     0.000000000000000     0.000034209802324
30 26
     0.000051476949640     0.000038932275534     0.000000000000000
     0.000038932275540     0.000051476949635     0.000000000000000
     0.000000000000000     0.000000000000000     0.000008205858929
30 27
     0.000135975128827    -0.000095607318377     0.000000000000000
    -0.000095608032866     0.000046428244968     0.000000000000000
     0.000000000000000     0.000000000000000     0.000034209802324
30 28
     0.000051476949640    -0.000038932275534     0.000000000000000
    -0.000038932275540     0.000051476949635     0.000000000000000
     0.000000000000000     0.000000000000000     0.000008205858929
30 29
   -30.354518779371791    -0.000000000000001    -0.000000000000000
    -0.000000000000000   -11.479407735924873    -0.000000000000000
    -0.000000000000001    -0.000000000000001   -11.895522639110478
30 30
    75.358442143816220     0.000000000000001     0.000000000000002
    -0.000000000000000    24.632514496821020    -0.000000000000001
     0.000000000000005     0.000000000000001    81.542946923225429
30 31
     0.001163286560036    -0.000000000000000    -0.000000000000000
    -0.000000000000000    -0.000646246923138     0.000000000000000
     0.000000000000000    -0.000000000000000    -0.000566670493934
30 32
    -1.776079305240302    -0.000000000000000     0.000000000000000
     0.000000000000000    -0.635369905663774    -0.000000000000000
    -0.000000000000000    -0.000000000000000     0.123285253880977
30 33
     0.000291275917809    -0.000167730098221     0.000078550167386
    -0.000167732715305     0.000029987330316    -0.000043922112123
     0.000078551811896    -0.000043922124758     0.000043005755226
30 34
     0.000037045341595    -0.000019778122910     0.000005040683659
    -0.000019778077007     0.000052427415544    -0.000004403456616
     0.000005040725142    -0.000004403506486     0.000001059751856
30 35
     0.000080321722513    -0.000050921872419     0.000019345134389
    -0.000050922769345     0.000015437093508    -0.000012019510996
     0.000019345601111    -0.000012019549793    -0.000003133895469
30 36
     0.000012227231446    -0.000009420159129     0.000001831672732
    -0.000009420146524     0.000014275802059    -0.000001856157783
     0.000001831693483    -0.000001856181996    -0.000001113489249
30 37
    -0.107117950727189    -0.000000000000000     0.120256028045906
    -0.000000000000000    -0.562001547433650    -0.000000000000000
     0.120251328863233    -0.000000000000000    -0.104480245274670
30 38
     2.244364296141582     0.000000000000000     1.168082053511990
    -0.000000000000000     1.837610954688312    -0.000000000000000
    -1.445747117432669     0.000000000000000    -0.751944605014081
30 39
     0.000275837400926    -0.000000000000000     0.000099534475210
    -0.000000000000000    -0.000053319666257    -0.000000000000000
     0.000099537737448    -0.000000000000000     0.000021310286212
30 40
    -0.013476376059477     0.000000000000000    -0.011286781988104
     0.000000000000000     0.500903048192477    -0.000000000000000
    -0.011289155226835     0.000000000000000    -0.007991164883193
30 41
     0.000080321722513     0.000050921872419    -0.000019345134389
     0.000050922769345     0.000015437093508    -0.000012019510996
    -0.000019345601111    -0.000012019549793    -0.000003133895469
30 42
     0.000012227231446     0.000009420159129    -0.000001831672732
     0.000009420146524     0.000014275802059    -0.000001856157783
    -0.000001831693483    -0.000001856181996    -0.000001113489249
30 43
     0.000080321722513    -0.000050921872419    -0.000019345134389
    -0.000050922769345     0.000015437093508     0.000012019510996
    -0.000019345601111     0.000012019549793    -0.000003133895469
30 44
     0.000012227231446    -0.000009420159129    -0.000001831672732
    -0.000009420146524     0.000014275802059     0.000001856157783
    -0.000001831693483     0.000001856181996    -0.000001113489249
30 45
     0.000275837400926    -0.000000000000000    -0.000099534475210
     0.000000000000000    -0.000053319666257    -0.000000000000000
    -0.000099537737448    -0.000000000000000     0.000021310286212
30 46
    -0.013476376059477     0.000000000000000     0.011286781988104
     0.000000000000000     0.500903048192477     0.000000000000000
     0.011289155226835     0.000000000000000    -0.007991164883193
30 47
    -0.107117950727189    -0.000000000000000    -0.120256028045906
    -0.000000000000000    -0.562001547433650     0.000000000000000
    -0.120251328863233    -0.000000000000000    -0.104480245274670
30 48
     2.244364296141582     0.000000000000000    -1.168082053511990
    -0.000000000000000     1.837610954688312     0.000000000000000
     1.445747117432669     0.000000000000000    -0.751944605014081
30 49
     0.000080321722513     0.000050921872419     0.000019345134389
     0.000050922769345     0.000015437093508     0.000012019510996
     0.000019345601111     0.000012019549793    -0.000003133895469
30 50
     0.000012227231446     0.000009420159129     0.000001831672732
     0.000009420146524     0.000014275802059     0.000001856157783
     0.000001831693483     0.000001856181996    -0.000001113489249
31 1
    -0.013201588204416     0.000000000000000    -0.006653505822243
    -0.000000000000000     0.258445295036154     0.000000000000000
    -0.006655207919708     0.000000000000000    -0.002668905208994
31 2
    -0.013201588204416     0.000000000000000     0.006653505822243
     0.000000000000000     0.258445295036154    -0.000000000000000
     0.006655207919708     0.000000000000000    -0.002668905208994
31 3
     0.000893549691101     0.000514704567836    -0.000471122689905
     0.000514710627206    -0.000128389528760    -0.000198516579383
    -0.000471123874618    -0.000198515116347     0.000587120616845
31 4
     0.001058861188827    -0.000000000000000     0.000126137155717
    -0.000000000000000    -0.000178666328269    -0.000000000000000
     0.000126141005463    -0.000000000000000    -0.000121668171130
31 5
    -0.698542373129221    -0.000000000000000    -2.061765307659297
     0.000000000000000     1.044461716757703     0.000000000000000
     0.573027718735942     0.000000000000000     1.691603336261691
31 6
     0.000893549691101    -0.000514704567836     0.000471122689905
    -0.000514710627206    -0.000128389528760    -0.000198516579383
     0.000471123874618    -0.000198515116347     0.000587120616845
31 7
     0.000893549691101     0.000514704567836     0.000471122689905
     0.000514710627206    -0.000128389528760     0.000198516579383
     0.000471123874618     0.000198515116347     0.000587120616845
31 8
    -0.698542373129221     0.000000000000000     2.061765307659298
    -0.000000000000000     1.044461716757703     0.000000000000000
    -0.573027718735942     0.000000000000000     1.691603336261691
31 9
     0.001058861188827    -0.000000000000000    -0.000126137155717
    -0.000000000000000    -0.000178666328269     0.000000000000000
    -0.000126141005463    -0.000000000000000    -0.000121668171130
31 10
     0.000893549691101    -0.000514704567836    -0.000471122689905
    -0.000514710627206    -0.000128389528760     0.000198516579383
    -0.000471123874618     0.000198515116347     0.000587120616845
31 11
     0.000517984645895    -0.000000000000000     0.000007885435368
    -0.000000000000000    -0.000083865367481     0.000000000000000
     0.000007885708881    -0.000000000000000    -0.000031795793315
31 12
    -0.022881685352117     0.000000000000000     0.007676166124389
     0.000000000000000     0.368143197077543    -0.000000000000000
     0.007678918862856     0.000000000000000    -0.002039783800477
31 13
   -26.359147431983768    -0.000000000000000   -14.522210785555762
    -0.000000000000000   -10.376849079318298    -0.000000000000000
   -16.970863585796717    -0.000000000000000   -32.598545846050357
31 14
    -0.000017697091691     0.000000000000000     0.000125444178019
    -0.000000000000000     1.359735466840993     0.000000000000000
     1.595144340189506     0.000000000000000     1.027791482178353
31 15
     0.000606177951586    -0.000648604443601     0.000370991469587
    -0.000648608437943     0.000240322491425    -0.000283185626299
     0.000370993866780    -0.000283185503179     0.000244012727818
31 16
     0.000028608182622    -0.000047384133182     0.000012532164017
    -0.000047383622214     0.000126232375392    -0.000014784199052
     0.000012532211393    -0.000014784476561     0.000007388423752
31 17
     0.000606177951586     0.000648604443601     0.000370991469587
     0.000648608437943     0.000240322491425     0.000283185626299
     0.000370993866780     0.000283185503179     0.000244012727818
31 18
     0.000028608182622     0.000047384133182     0.000012532164017
     0.000047383622214     0.000126232375392     0.000014784199052
     0.000012532211393     0.000014784476561     0.000007388423752
31 19
     0.000606177951586    -0.000648604443601    -0.000370991469587
    -0.000648608437943     0.000240322491425     0.000283185626299
    -0.000370993866780     0.000283185503179     0.000244012727818
31 20
   -26.359147431983768    -0.000000000000000    14.522210785555764
     0.000000000000000   -10.376849079318298     0.000000000000000
    16.970863585796717    -0.000000000000000   -32.598545846050357
31 21
    -0.000017697091691     0.000000000000000    -0.000125444178019
     0.000000000000000     1.359735466840993    -0.000000000000000
    -1.595144340189506     0.000000000000000     1.027791482178353
31 22
     0.000517984645895    -0.000000000000000    -0.000007885435368
     0.000000000000000    -0.000083865367481     0.000000000000000
    -0.000007885708881    -0.000000000000000    -0.000031795793315
31 23
    -0.022881685352117     0.000000000000000    -0.007676166124389
     0.000000000000000     0.368143197077543    -0.000000000000000
    -0.007678918862856     0.000000000000000    -0.002039783800477
31 24
     0.000028608182622    -0.000047384133182    -0.000012532164017
    -0.000047383622214     0.000126232375392     0.000014784199052
    -0.000012532211393     0.000014784476561     0.000007388423752
31 25
     0.000195323279484    -0.000294120489858     0.000000000000000
    -0.000294120489846     0.000195323279481    -0.000000000000000
    -0.000000000000000    -0.000000000000000     0.000166045023429
31 26
     0.000046428244962    -0.000095608032866     0.000000000000000
    -0.000095607318364     0.000135975128820     0.000000000000000
    -0.000000000000000    -0.000000000000000     0.000034209802324
31 27
     0.000195323279484     0.000294120489858     0.000000000000000
     0.000294120489846     0.000195323279481    -0.000000000000000
     0.000000000000000     0.000000000000000     0.000166045023429
31 28
     0.000046428244962     0.000095608032866     0.000000000000000
     0.000095607318364     0.000135975128820     0.000000000000000
     0.000000000000000     0.000000000000000     0.000034209802324
31 29
     0.000841068459931    -0.000000000000000    -0.000000000000000
     0.000000000000000    -0.000134581309601    -0.000000000000000
     0.000000000000000    -0.000000000000000    -0.000095649145556
31 30
     0.001163286560036    -0.000000000000000    -0.000000000000000
     0.000000000000000    -0.000646246923138    -0.000000000000000
     0.000000000000000    -0.000000000000000    -0.000566670493934
31 31
    81.331665224139968     0.000000000000000     0.000000000000001
    -0.000000000000000    23.285023752241433    -0.000000000000001
     0.000000000000006     0.000000000000002    73.201969671195471
31 32
   -30.354602367224963    -0.000000000000000    -0.000000000000000
     0.000000000000000   -11.479513830228163     0.000000000000000
    -0.000000000000001    -0.000000000000000   -11.896643698192854
31 33
     0.000606177951586     0.000648604443601    -0.000370991469587
     0.000648608437943     0.000240322491425    -0.000283185626299
    -0.000370993866780    -0.000283185503179     0.000244012727818
31 34
     0.000028608182622     0.000047384133182    -0.000012532164017
     0.000047383622214     0.000126232375392    -0.000014784199052
    -0.000012532211393    -0.000014784476561     0.000007388423752
31 35
     0.000220656201562     0.000245319610509    -0.000106247592784
     0.000245321372182     0.000128815902350    -0.000088546392945
    -0.000106249091826    -0.000088546953382    -0.000010518392944
31 36
     0.000049055824633     0.000005409099546    -0.000027163482362
     0.000014065394848     0.000049337675846    -0.000000463801554
    -0.000028254461314     0.000005256671097     0.000011361148867
31 37
     0.000096087940501    -0.000000000000000    -0.000004823655046
     0.000000000000000    -0.000016780955622    -0.000000000000000
    -0.000004823821333    -0.000000000000000     0.000003065279906
31 38
     0.000643650958483    -0.000000000000000    -0.000346149533364
     0.000000000000000    -0.000160323674641    -0.000000000000000
    -0.000346151250062    -0.000000000000000     0.000093196761273
31 39
     1.842770337237603     0.000000000000000     0.493830575658515
     0.000000000000000     1.893797334469092     0.000000000000000
    -1.511870306802975     0.000000000000000    -0.404738910935496
31 40
    -0.244667599405056    -0.000000000000000     0.344809000192439
    -0.000000000000000    -0.450822777668253     0.000000000000000
     0.344835774279150    -0.000000000000000    -0.365554981077404
31 41
     0.000220656201562    -0.000245319610509     0.000106247592784
    -0.000245321372182     0.000128815902350    -0.000088546392945
     0.000106249091826    -0.000088546953382    -0.000010518392944
31 42
     0.000049055824633    -0.000005409099546     0.000027163482362
    -0.000014065394848     0.000049337675846    -0.000000463801554
     0.000028254461314     0.000005256671097     0.000011361148867
31 43
     0.000220656201562     0.000245319610509     0.000106247592784
     0.000245321372182     0.000128815902350     0.000088546392945
     0.000106249091826     0.000088546953382    -0.000010518392944
31 44
     0.000049055824633     0.000005409099546     0.000027163482362
     0.000014065394848     0.000049337675846     0.000000463801554
     0.000028254461314    -0.000005256671097     0.000011361148867
31 45
     1.842770337237603    -0.000000000000000    -0.493830575658515
    -0.000000000000000     1.893797334469092     0.000000000000000
     1.511870306802975     0.000000000000000    -0.404738910935496
31 46
    -0.244667599405056    -0.000000000000000    -0.344809000192439
    -0.000000000000000    -0.450822777668253    -0.000000000000000
    -0.344835774279151    -0.000000000000000    -0.365554981077404
31 47
     0.000096087940501    -0.000000000000000     0.000004823655046
     0.000000000000000    -0.000016780955622     0.000000000000000
     0.000004823821333    -0.000000000000000     0.000003065279906
31 48
     0.000643650958483    -0.000000000000000     0.000346149533364
     0.000000000000000    -0.000160323674641     0.000000000000000
     0.000346151250062    -0.000000000000000     0.000093196761273
31 49
     0.000220656201562    -0.000245319610509    -0.000106247592784
    -0.000245321372182     0.000128815902350     0.000088546392945
    -0.000106249091826     0.000088546953382    -0.000010518392944
31 50
     0.000049055824633    -0.000005409099546    -0.000027163482362
    -0.000014065394848     0.000049337675846     0.000000463801554
    -0.000028254461314    -0.000005256671097     0.000011361148867
32 1
     0.001071394943196    -0.000000000000000     0.000312590659986
     0.000000000000000    -0.000229179797020    -0.000000000000000
     0.000312592380271    -0.000000000000000     0.000008130161369
32 2
     0.001071394943196    -0.000000000000000    -0.000312590659986
     0.000000000000000    -0.000229179797020    -0.000000000000000
    -0.000312592380271    -0.000000000000000     0.000008130161369
32 3
     0.000365654828384     0.000118610110566    -0.000085075416854
     0.000118612908647    -0.000047068929440    -0.000026531555041
    -0.000085077589635    -0.000026531372262     0.000091831695535
32 4
     0.000421773745441     0.000000000000000    -0.000005137351113
     0.000000000000000    -0.000066347512422     0.000000000000000
    -0.000005137539701    -0.000000000000000    -0.000035622582543
32 5
    -0.028054583177215     0.000000000000000    -0.005148037266022
    -0.000000000000000     0.377528304033331     0.000000000000000
    -0.005150171829766     0.000000000000000    -0.000313238116027
32 6
     0.000365654828384    -0.000118610110566     0.000085075416854
    -0.000118612908647    -0.000047068929440    -0.000026531555041
     0.000085077589635    -0.000026531372262     0.000091831695535
32 7
     0.000365654828384     0.000118610110566     0.000085075416854
     0.000118612908647    -0.000047068929440     0.000026531555041
     0.000085077589635     0.000026531372262     0.000091831695535
32 8
    -0.028054583177215     0.000000000000000     0.005148037266022
    -0.000000000000000     0.377528304033331     0.000000000000000
     0.005150171829766     0.000000000000000    -0.000313238116027
32 9
     0.000421773745441    -0.000000000000000     0.000005137351113
     0.000000000000000    -0.000066347512422     0.000000000000000
     0.000005137539701     0.000000000000000    -0.000035622582543
32 10
     0.000365654828384    -0.000118610110566    -0.000085075416854
    -0.000118612908647    -0.000047068929440     0.000026531555041
    -0.000085077589635     0.000026531372262     0.000091831695535
32 11
     0.001235953451390    -0.000000000000000    -0.000239836669767
     0.000000000000000    -0.000220421222317    -0.000000000000000
    -0.000239842692715    -0.000000000000000    -0.000103859329600
32 12
    -0.000003853311461     0.000000000000000     1.645183747593040
     0.000000000000000     1.452564242204702     0.000000000000000
     0.000136273478825     0.000000000000000     1.059999168792559
32 13
     0.000004075461883    -0.000000000000000    -0.000116342999557
    -0.000000000000000     1.517691468062804     0.000000000000000
    -1.111842199270407     0.000000000000000     0.912390948766446
32 14
   -23.714984742913153    -0.000000000000000    14.586816005614050
    -0.000000000000001   -11.382500528323137     0.000000000000000
    14.273715731314114    -0.000000000000000   -35.992927971854520
32 15
     0.000291275917809    -0.000167730098221     0.000078550167386
    -0.000167732715305     0.000029987330316    -0.000043922112123
     0.000078551811896    -0.000043922124758     0.000043005755226
32 16
     0.000037045341595    -0.000019778122910     0.000005040683659
    -0.000019778077007     0.000052427415544    -0.000004403456616
     0.000005040725142    -0.000004403506486     0.000001059751856
32 17
     0.000291275917809     0.000167730098221     0.000078550167386
     0.000167732715305     0.000029987330316     0.000043922112123
     0.000078551811896     0.000043922124758     0.000043005755226
32 18
     0.000037045341595     0.000019778122910     0.000005040683659
     0.000019778077007     0.000052427415544     0.000004403456616
     0.000005040725142     0.000004403506486     0.000001059751856
32 19
     0.000291275917809    -0.000167730098221    -0.000078550167386
    -0.000167732715305     0.000029987330316     0.000043922112123
    -0.000078551811896     0.000043922124758     0.000043005755226
32 20
     0.000004075461883     0.000000000000000     0.000116342999557
     0.000000000000000     1.517691468062804    -0.000000000000000
     1.111842199270407     0.000000000000000     0.912390948766446
32 21
   -23.714984742913153    -0.000000000000000   -14.586816005614050
    -0.000000000000000   -11.382500528323138     0.000000000000000
   -14.273715731314116    -0.000000000000001   -35.992927971854527
32 22
     0.001235953451390    -0.000000000000000     0.000239836669767
     0.000000000000000    -0.000220421222317    -0.000000000000000
     0.000239842692715    -0.000000000000000    -0.000103859329600
32 23
    -0.000003853311461     0.000000000000000    -1.645183747593040
    -0.000000000000000     1.452564242204702     0.000000000000000
    -0.000136273478825     0.000000000000000     1.059999168792559
32 24
     0.000037045341595    -0.000019778122910    -0.000005040683659
    -0.000019778077007     0.000052427415544     0.000004403456616
    -0.000005040725142     0.000004403506486     0.000001059751856
32 25
     0.000135975128827    -0.000095607318377     0.000000000000000
    -0.000095608032866     0.000046428244968     0.000000000000000
     0.000000000000000     0.000000000000000     0.000034209802324
32 26
     0.000051476949640    -0.000038932275534     0.000000000000000
    -0.000038932275540     0.000051476949635     0.000000000000000
     0.000000000000000     0.000000000000000     0.000008205858929
32 27
     0.000135975128827     0.000095607318377     0.000000000000000
     0.000095608032866     0.000046428244968    -0.000000000000000
     0.000000000000000     0.000000000000000     0.000034209802324
32 28
     0.000051476949640     0.000038932275534     0.000000000000000
     0.000038932275540     0.000051476949635     0.000000000000000
     0.000000000000000     0.000000000000000     0.000008205858929
32 29
     0.001163286560036    -0.000000000000000    -0.000000000000000
    -0.000000000000000    -0.000646246923138     0.000000000000000
     0.000000000000000    -0.000000000000000    -0.000566670493934
32 30
    -1.776079305240302    -0.000000000000000     0.000000000000000
     0.000000000000000    -0.635369905663774    -0.000000000000000
    -0.000000000000000    -0.000000000000000     0.123285253880977
32 31
   -30.354518779371791    -0.000000000000001    -0.000000000000000
    -0.000000000000000   -11.479407735924873    -0.000000000000000
    -0.000000000000001    -0.000000000000001   -11.895522639110478
32 32
    75.358442143816220     0.000000000000001     0.000000000000002
    -0.000000000000000    24.632514496821020    -0.000000000000001
     0.000000000000005     0.000000000000001    81.542946923225429
32 33
     0.000291275917809     0.000167730098221    -0.000078550167386
     0.000167732715305     0.000029987330316    -0.000043922112123
    -0.000078551811896    -0.000043922124758     0.000043005755226
32 34
     0.000037045341595     0.000019778122910    -0.000005040683659
     0.000019778077007     0.000052427415544    -0.000004403456616
    -0.000005040725142    -0.000004403506486     0.000001059751856
32 35
     0.000080321722513     0.000050921872419    -0.000019345134389
     0.000050922769345     0.000015437093508    -0.000012019510996
    -0.000019345601111    -0.000012019549793    -0.000003133895469
32 36
     0.000012227231446     0.000009420159129    -0.000001831672732
     0.000009420146524     0.000014275802059    -0.000001856157783
    -0.000001831693483    -0.000001856181996    -0.000001113489249
32 37
     0.000275837400926    -0.000000000000000    -0.000099534475210
     0.000000000000000    -0.000053319666257    -0.000000000000000
    -0.000099537737448    -0.000000000000000     0.000021310286212
32 38
    -0.013476376059477     0.000000000000000     0.011286781988104
     0.000000000000000     0.500903048192477     0.000000000000000
     0.011289155226835     0.000000000000000    -0.007991164883193
32 39
    -0.107117950727189    -0.000000000000000    -0.120256028045906
    -0.000000000000000    -0.562001547433650     0.000000000000000
    -0.120251328863233    -0.000000000000000    -0.104480245274670
32 40
     2.244364296141582     0.000000000000000    -1.168082053511990
    -0.000000000000000     1.837610954688312     0.000000000000000
     1.445747117432669     0.000000000000000    -0.751944605014081
32 41
     0.000080321722513    -0.000050921872419     0.000019345134389
    -0.000050922769345     0.000015437093508    -0.000012019510996
     0.000019345601111    -0.000012019549793    -0.000003133895469
32 42
     0.000012227231446    -0.000009420159129     0.000001831672732
    -0.000009420146524     0.000014275802059    -0.000001856157783
     0.000001831693483    -0.000001856181996    -0.000001113489249
32 43
     0.000080321722513     0.000050921872419     0.000019345134389
     0.000050922769345     0.000015437093508     0.000012019510996
     0.000019345601111     0.000012019549793    -0.000003133895469
32 44
     0.000012227231446     0.000009420159129     0.000001831672732
     0.000009420146524     0.000014275802059     0.000001856157783
     0.000001831693483     0.000001856181996    -0.000001113489249
32 45
    -0.107117950727189    -0.000000000000000     0.120256028045906
    -0.000000000000000    -0.562001547433650    -0.000000000000000
     0.120251328863233    -0.000000000000000    -0.104480245274670
32 46
     2.244364296141582     0.000000000000000     1.168082053511990
    -0.000000000000000     1.837610954688312    -0.000000000000000
    -1.445747117432669     0.000000000000000    -0.751944605014081
32 47
     0.000275837400926    -0.000000000000000     0.000099534475210
    -0.000000000000000    -0.000053319666257    -0.000000000000000
     0.000099537737448    -0.000000000000000     0.000021310286212
32 48
    -0.013476376059477     0.000000000000000    -0.011286781988104
     0.000000000000000     0.500903048192477    -0.000000000000000
    -0.011289155226835     0.000000000000000    -0.007991164883193
32 49
     0.000080321722513    -0.000050921872419    -0.000019345134389
    -0.000050922769345     0.000015437093508     0.000012019510996
    -0.000019345601111     0.000012019549793    -0.000003133895469
32 50
     0.000012227231446    -0.000009420159129    -0.000001831672732
    -0.000009420146524     0.000014275802059     0.000001856157783
    -0.000001831693483     0.000001856181996    -0.000001113489249
33 1
     0.267227960846229    -0.000000000000000    -0.000000000000000
     0.000000000000000    -0.012349437484482    -0.014084846601857
    -0.000000000000000    -0.014086310429578    -0.011916231089498
33 2
     1.161056034677040    -0.000000000000000    -0.000000000000000
     0.000000000000000    -0.255129283813852    -0.351593974296168
    -0.000000000000000     0.753104036844188     1.038107213326019
33 3
   -10.334491012155294    -0.000000000000002    -0.000000000000000
    -0.000000000000000   -42.731625277771855    -9.961976582453762
     0.000000000000000    -7.771221425890709   -17.583230447324066
33 4
    -0.000258779250527    -0.000770034130191     0.000238639715949
    -0.000770044443541     0.000718882767924    -0.000432202618034
     0.000238646846993    -0.000432186078276     0.001362729320381
33 5
    -0.000258779250527     0.000770034130191    -0.000238639715949
     0.000770044443541     0.000718882767924    -0.000432202618034
    -0.000238646846993    -0.000432186078276     0.001362729320381
33 6
    -0.000388568218016     0.000000000000000     0.000000000000000
     0.000000000000000     0.001607212092902     0.000665905112350
    -0.000000000000000     0.000665905087269     0.000011942405173
33 7
     1.359325054605737     0.000000000000000    -0.000000000000000
     0.000000000000000     1.002488343429895    -0.000194704521793
     0.000000000000000    -2.959209569154360     0.000740732569904
33 8
    -0.003540837334008    -0.006446473681492     0.004302340941770
    -0.006444936205322    -0.011646486907909     0.007789078008223
     0.004300574072113     0.007787688098815    -0.004636692256134
33 9
    -0.003540837334008     0.006446473681492    -0.004302340941770
     0.006444936205322    -0.011646486907909     0.007789078008223
    -0.004300574072113     0.007787688098815    -0.004636692256134
33 10
    -0.000532702809766     0.000000000000000     0.000000000000000
    -0.000000000000000     0.001850506585490     0.000213857361129
    -0.000000000000000     0.000213873651033    -0.000448320134222
33 11
     0.000393312803156    -0.000785568035528     0.000000000000003
    -0.000785568035528     0.000393312803141     0.000000000000001
     0.000000000000009     0.000000000000000     0.000849895611728
33 12
     0.000175759066457    -0.000053420802202    -0.000002937293221
    -0.000053421677279     0.000002879608086     0.000001916669924
    -0.000002937207406     0.000001916560119     0.000028773736729
33 13
     0.000393312803156     0.000785568035528    -0.000000000000003
     0.000785568035528     0.000393312803141     0.000000000000001
    -0.000000000000009     0.000000000000000     0.000849895611728
33 14
     0.000175759066457     0.000053420802202     0.000002937293221
     0.000053421677279     0.000002879608086     0.000001916669924
     0.000002937207406     0.000001916560119     0.000028773736729
33 15
    -0.000111279676222     0.000000000000000     0.000000000000000
     0.000000000000000     0.000592308917826     0.000138013753202
     0.000000000000000     0.000138010958393     0.000038200146784
33 16
    -0.000355088077318     0.000000000000000    -0.000000000000000
     0.000000000000000     0.001423394828743    -0.000642543711880
     0.000000000000000    -0.000642538962369     0.000230046297782
33 17
     0.923857950027093     0.000000000000000    -0.000000000000000
     0.000000000000000     1.786416079450623    -1.465876607398587
    -0.000000000000000     1.465953196245936    -1.200888359343595
33 18
     0.166923280611280    -0.000000000000000     0.000000000000000
    -0.000000000000000    -0.014482078485574     0.011171083275429
    -0.000000000000000     0.011171217393720    -0.007201022411383
33 19
    -0.000157364137158     0.000000000000000     0.000000000000000
    -0.000000000000000     0.000970082095428     0.000000000000000
     0.000000000000000    -0.000000000000000    -0.000116054461879
33 20
    -0.000517032035277     0.000163977365115     0.000000873459221
     0.000163977365113    -0.000517032035274     0.000000873459220
     0.000000574754099     0.000000574754100    -0.000498765301403
33 21
     0.000268367906925     0.000088719960565    -0.000031326866511
     0.000088722089603     0.000014521640871    -0.000020403127623
    -0.000031325808370    -0.000020401874898    -0.000014554580718
33 22
    -0.000517032035277    -0.000163977365115    -0.000000873459221
    -0.000163977365113    -0.000517032035274     0.000000873459220
    -0.000000574754099     0.000000574754100    -0.000498765301403
33 23
     0.000268367906925    -0.000088719960565     0.000031326866511
    -0.000088722089603     0.000014521640871    -0.000020403127623
     0.000031325808370    -0.000020401874898    -0.000014554580718
33 24
    -0.000589235797417     0.000000000000000     0.000000000000000
    -0.000000000000000     0.001810327417099     0.000051435730515
     0.000000000000000     0.000051441411668    -0.000513300964220
33 25
    -0.000083865705419     0.000000000000000     0.000000000000000
    -0.000000000000000     0.000517985321148     0.000007885489074
     0.000000000000000     0.000007885288406    -0.000031794385884
33 26
    -0.000220422287735     0.000000000000000    -0.000000000000000
     0.000000000000000     0.001235954583541    -0.000239838163884
     0.000000000000000    -0.000239833418392    -0.000103854660827
33 27
   -10.376932843814656    -0.000000000000001     0.000000000000001
     0.000000000000000   -26.358732068643462    16.971185277477446
     0.000000000000000    14.523265498501470   -32.597399888618398
33 28
     1.517605735952638     0.000000000000000     0.000000000000000
     0.000000000000000     0.000002874963150     1.111785919872536
    -0.000000000000000     0.000115360952466     0.912288890746195
33 29
     0.000606177098393    -0.000648602937766     0.000370993580960
    -0.000648607507850     0.000240322297210    -0.000283187521094
     0.000370985226679    -0.000283178900198     0.000244003727058
33 30
     0.000291275842030    -0.000167729887816     0.000078550673954
    -0.000167732882099     0.000029987421651    -0.000043922536950
     0.000078548309178    -0.000043920123224     0.000043003455238
33 31
     0.000606177098393     0.000648602937766    -0.000370993580960
     0.000648607507850     0.000240322297210    -0.000283187521094
    -0.000370985226679    -0.000283178900198     0.000244003727058
33 32
     0.000291275842030     0.000167729887816    -0.000078550673954
     0.000167732882099     0.000029987421651    -0.000043922536950
    -0.000078548309178    -0.000043920123224     0.000043003455238
33 33
    22.967481903807471     0.000000000000005    -0.000000000000000
     0.000000000000000    79.119475898737079    -0.960773552547125
    -0.000000000000000    -0.960016042665286    78.510378023880975
33 34
    -0.115325900843811    -0.000000000000000    -0.000000000000000
     0.000000000000000    -0.782676411491710    -0.029063293683490
    -0.000000000000000    -0.029055454325240     0.050687537106304
33 35
    -8.032795362988315    -0.000000000000001    -0.000000000000000
     0.000000000000000   -11.413070413993537    -5.193737522754814
    -0.000000000000000    -4.903207463778122   -29.008974360422044
33 36
     0.025464952907423    -0.000000000000000    -0.000000000000000
    -0.000000000000000    -0.333796181514684    -0.137346960414532
     0.000000000000000    -0.137319165849005    -0.026956359276424
33 37
     0.000179259333437    -0.000259079008912    -0.000163956636042
    -0.000259079760494     0.000132913258602     0.000150123132135
    -0.000163952259546     0.000150118623849     0.000139248648739
33 38
     0.000056671789623    -0.000027383048172    -0.000012182620358
    -0.000027383575497     0.000004133102163     0.000006683302062
    -0.000012182245434     0.000006682909484     0.000007552803834
33 39
     0.000179259333437     0.000259079008912     0.000163956636042
     0.000259079760494     0.000132913258602     0.000150123132135
     0.000163952259546     0.000150118623849     0.000139248648739
33 40
     0.000056671789623     0.000027383048172     0.000012182620358
     0.000027383575497     0.000004133102163     0.000006683302062
     0.000012182245434     0.000006682909484     0.000007552803834
33 41
    -0.000017659625387     0.000000000000000     0.000000000000000
    -0.000000000000000     0.000088276796974     0.000008149523859
     0.000000000000000     0.000008149376408     0.000016003140119
33 42
    -0.000038982337909     0.000000000000000    -0.000000000000000
     0.000000000000000     0.000167167671801    -0.000033541601382
    -0.000000000000000    -0.000033541133300     0.000057616746953
33 43
     0.477259038542118     0.000000000000000     0.000000000000000
     0.000000000000000     0.002885030373177     0.006287285092216
    -0.000000000000000     0.006290904592032    -0.070161042611930
33 44
    -0.000388992669592     0.000000000000000    -0.000000000000000
     0.000000000000000     0.000320407152811    -0.000197160986389
     0.000000000000000    -0.000197103070907     0.000834803281164
33 45
     0.000414335209908     0.000600198575129    -0.000088371442861
     0.000600193388222     0.000307785114298    -0.000080926214511
    -0.000088379964610    -0.000080934749575    -0.000210532576954
33 46
     0.000097831298441     0.000049628903839    -0.000006142372019
     0.000049630245003     0.000010667498233    -0.000003453649431
    -0.000006142126935    -0.000003453409886    -0.000012644201573
33 47
     0.000414335209908    -0.000600198575129     0.000088371442861
    -0.000600193388222     0.000307785114298    -0.000080926214511
     0.000088379964610    -0.000080934749575    -0.000210532576954
33 48
     0.000097831298441    -0.000049628903839     0.000006142372019
    -0.000049630245003     0.000010667498233    -0.000003453649431
     0.000006142126935    -0.000003453409886    -0.000012644201573
33 49
    -0.000026610803860     0.000000000000000    -0.000000000000000
     0.000000000000000     0.000166716125077    -0.000018700536653
     0.000000000000000    -0.000018700017379    -0.000012394726297
33 50
    -0.000078703486288     0.000000000000000     0.000000000000000
     0.000000000000000     0.000458813518361     0.000095859176744
     0.000000000000000     0.000095856771049    -0.000041615990560
34 1
    -0.000094191640535     0.000000000000000     0.000000000000000
    -0.000000000000000     0.000462584299766     0.000051840949760
    -0.000000000000000     0.000051840081837     0.000075066748379
34 2
    -0.000140840609867     0.000000000000000    -0.000000000000000
    -0.000000000000000     0.000837532746271    -0.000056348833275
    -0.000000000000000    -0.000056347664614    -0.000084171909763
34 3
    -0.000546378593935     0.000000000000000     0.000000000000000
    -0.000000000000000     0.001782689927874     0.000262560057514
     0.000000000000000     0.000262583440176    -0.000446586335948
34 4
    -0.000030824358645    -0.000041857558147     0.000007913709358
    -0.000041856454313     0.000230320226372    -0.000023142767817
     0.000007913229921    -0.000023142269540     0.000037857309809
34 5
    -0.000030824358645     0.000041857558147    -0.000007913709358
     0.000041856454313     0.000230320226372    -0.000023142767817
    -0.000007913229921    -0.000023142269540     0.000037857309809
34 6
    -0.000083796441748     0.000000000000000    -0.000000000000000
     0.000000000000000     0.000472997951730    -0.000097899113343
    -0.000000000000000    -0.000097896897136     0.000006225910910
34 7
    -0.000388257575062     0.000000000000000     0.000000000000000
     0.000000000000000     0.001570677619692     0.000689580621942
    -0.000000000000000     0.000689580113677     0.000058536576650
34 8
    -0.000035680982654     0.000064269715852    -0.000018379754757
     0.000064267479869     0.000329201256228    -0.000052735541869
    -0.000018378523645    -0.000052734121058    -0.000000849333454
34 9
    -0.000035680982654    -0.000064269715852     0.000018379754757
    -0.000064267479869     0.000329201256228    -0.000052735541869
     0.000018378523645    -0.000052734121058    -0.000000849333454
34 10
    -0.000105681967562     0.000000000000000    -0.000000000000000
     0.000000000000000     0.000660738726135    -0.000048985200654
    -0.000000000000000    -0.000048983879443    -0.000068578408884
34 11
     0.000002879608083    -0.000053421677287     0.000001916669933
    -0.000053420802193     0.000175759066445    -0.000002937293222
     0.000001916560111    -0.000002937207404     0.000028773736725
34 12
     0.000034568078113    -0.000007628634044    -0.000000000000003
    -0.000007628634051     0.000034568078113    -0.000000000000003
     0.000000000000004     0.000000000000000     0.000001182986607
34 13
     0.000002879608083     0.000053421677287    -0.000001916669933
     0.000053420802193     0.000175759066445    -0.000002937293222
    -0.000001916560111    -0.000002937207404     0.000028773736725
34 14
     0.000034568078113     0.000007628634044     0.000000000000003
     0.000007628634051     0.000034568078113    -0.000000000000003
    -0.000000000000004     0.000000000000000     0.000001182986607
34 15
    -0.000355088077318     0.000000000000000    -0.000000000000000
    -0.000000000000000     0.001423394828742    -0.000642543711869
     0.000000000000000    -0.000642538962361     0.000230046297782
34 16
    -0.382436414319712    -0.000000000000000     0.000000000000000
    -0.000000000000000    -0.921886614932129     2.086195009083549
     0.000000000000000     2.087019384195868    -3.188580588640700
34 17
     0.166924510003346    -0.000000000000000    -0.000000000000000
    -0.000000000000000    -0.014482078485561    -0.011171083275432
     0.000000000000000    -0.011171217393720    -0.007201022411376
34 18
     1.355022609899484     0.000000000000000     0.000000000000000
     0.000000000000000     1.746904887031393     1.125550718572927
     0.000000000000000    -1.125649176533625    -0.723056821133447
34 19
    -0.000589235797417     0.000000000000000    -0.000000000000000
     0.000000000000000     0.001810327417099    -0.000051435730515
     0.000000000000000    -0.000051441411660    -0.000513300964205
34 20
     0.000014521640872     0.000088722089600    -0.000020403127634
     0.000088719960564     0.000268367906923    -0.000031326866501
    -0.000020401874906    -0.000031325808369    -0.000014554580722
34 21
     0.000040246119644     0.000011070482685    -0.000002664660602
     0.000011070482684     0.000040246119641    -0.000002664660602
    -0.000002664569275    -0.000002664569277    -0.000004728394506
34 22
     0.000014521640872    -0.000088722089600     0.000020403127634
    -0.000088719960564     0.000268367906923    -0.000031326866501
     0.000020401874906    -0.000031325808369    -0.000014554580722
34 23
     0.000040246119644    -0.000011070482685     0.000002664660602
    -0.000011070482684     0.000040246119641    -0.000002664660602
     0.000002664569275    -0.000002664569277    -0.000004728394506
34 24
   -11.688224482478670    -0.000000000000001    -0.000000000000000
    -0.000000000000000   -45.531803292167730    -1.195251092693055
     0.000000000000000     1.195551442097444   -14.609166519712062
34 25
     0.368141717333067    -0.000000000000000     0.000000000000000
     0.000000000000000    -0.022881852058745     0.007676395451771
     0.000000000000000     0.007674951425587    -0.002038932041571
34 26
     1.446445952859979    -0.000000000000000    -0.000000000000000
    -0.000000000000000     0.000040955804005     0.000165137565125
     0.000000000000000     1.645128077905172     1.059996614458914
34 27
     1.359753216426524    -0.000000000000000    -0.000000000000000
    -0.000000000000000    -0.000001545392891    -1.595095009713611
    -0.000000000000000    -0.000135851700299     1.027762112651092
34 28
   -11.361736339425903    -0.000000000000001    -0.000000000000001
     0.000000000000000   -23.714485583011502   -14.273808398818375
    -0.000000000000000   -14.587832728550488   -35.992358785508543
34 29
     0.000028608258359    -0.000047384200349     0.000012532287302
    -0.000047383615739     0.000126232460053    -0.000014784301934
     0.000012531615613    -0.000014783810667     0.000007387945524
34 30
     0.000037045402443    -0.000019778141344     0.000005040725279
    -0.000019778088831     0.000052427480127    -0.000004403487279
     0.000005040509858    -0.000004403332359     0.000001059600919
34 31
     0.000028608258359     0.000047384200349    -0.000012532287302
     0.000047383615739     0.000126232460053    -0.000014784301934
    -0.000012531615613    -0.000014783810667     0.000007387945524
34 32
     0.000037045402443     0.000019778141344    -0.000005040725279
     0.000019778088831     0.000052427480127    -0.000004403487279
    -0.000005040509858    -0.000004403332359     0.000001059600919
34 33
    -0.115327130235880    -0.000000000000000    -0.000000000000000
    -0.000000000000000    -0.782676411491729    -0.029063293683487
     0.000000000000000    -0.029055454325244     0.050687537106296
34 34
    24.480552216498936     0.000000000000003     0.000000000000000
     0.000000000000000    85.081971473853585     6.038889678420928
    -0.000000000000000     6.038480151502466    77.267869536777042
34 35
     0.010691358742138    -0.000000000000000     0.000000000000000
     0.000000000000000    -0.159548220853541     0.052177406860138
    -0.000000000000000     0.052165465735657    -0.005234934186705
34 36
    -7.998867843734295    -0.000000000000001     0.000000000000000
     0.000000000000000   -15.694290696746025     7.797143656368323
    -0.000000000000000     7.571800878840128   -26.326557972877296
34 37
     0.000003020368961    -0.000012850185468    -0.000003038772890
    -0.000012849967366     0.000038830140292     0.000004591040300
    -0.000003038596760     0.000004590903020     0.000004253663442
34 38
     0.000008182150479    -0.000003241628808    -0.000000610270956
    -0.000003241624292     0.000009898745219     0.000000505387574
    -0.000000610240744     0.000000505364340     0.000000147795618
34 39
     0.000003020368961     0.000012850185468     0.000003038772890
     0.000012849967366     0.000038830140292     0.000004591040300
     0.000003038596760     0.000004590903020     0.000004253663442
34 40
     0.000008182150479     0.000003241628808     0.000000610270956
     0.000003241624292     0.000009898745219     0.000000505387574
     0.000000610240744     0.000000505364340     0.000000147795618
34 41
    -0.000080534226238     0.000000000000000    -0.000000000000000
    -0.000000000000000     0.000285070050979    -0.000074024296415
     0.000000000000000    -0.000074023769494     0.000161862602777
34 42
    -0.000528531492112    -0.000000000000000     0.000000000000000
    -0.000000000000000    -0.000571350993417     0.000945675489861
    -0.000000000000000     0.000946134135947    -0.000382432763782
34 43
    -0.000325652543689     0.000000000000000     0.000000000000000
    -0.000000000000000     0.000453149463444     0.000240311430856
    -0.000000000000000     0.000240293311730     0.000837903978323
34 44
     0.472645309332794     0.000000000000000    -0.000000000000000
     0.000000000000000     0.000227646178610    -0.004553377980727
     0.000000000000000    -0.004555881408669    -0.030409847154397
34 45
     0.000006589065323     0.000022224112251    -0.000001396271183
     0.000022223575641     0.000060856811748    -0.000001965723310
    -0.000001396181201    -0.000001965647513    -0.000006922055270
34 46
     0.000010001513020     0.000004308874700    -0.000000233105683
     0.000004308865965     0.000012216616810    -0.000000187448797
    -0.000000233093936    -0.000000187439715    -0.000001602185034
34 47
     0.000006589065323    -0.000022224112251     0.000001396271183
    -0.000022223575641     0.000060856811748    -0.000001965723310
     0.000001396181201    -0.000001965647513    -0.000006922055270
34 48
     0.000010001513020    -0.000004308874700     0.000000233105683
    -0.000004308865965     0.000012216616810    -0.000000187448797
     0.000000233093936    -0.000000187439715    -0.000001602185034
34 49
    -0.000215530631833     0.000000000000000     0.000000000000000
    -0.000000000000000     0.000935923602716     0.000222147061406
     0.000000000000000     0.000222150994985    -0.000143899959577
34 50
     1.889630724967519    -0.000000000000000     0.000000000000000
    -0.000000000000000     0.000029746815265    -0.000038521556424
    -0.000000000000000    -2.840603295406852     1.478454937920777
35 1
    -0.000272508327442    -0.000000000000000     0.000000000000000
     0.000000000000000     0.000345312663369    -0.000056408659971
    -0.000000000000000    -0.000056390929480     0.000528294721817
35 2
    -0.386918173858475     0.000000000000000     0.000000000000000
     0.000000000000000    -0.200569455223560    -0.018628069096045
    -0.000000000000000    -0.018623138508688     0.011523662568846
35 3
     1.640725764831065    -0.000000000000000     0.000000000000000
    -0.000000000000000     0.856366303082400    -2.527606127344180
     0.000000000000000    -0.229547650022360     0.677523345840039
35 4
    -0.000065542187450    -0.000354413092759     0.000213493900687
    -0.000354427981412     0.000458450737745    -0.000422469374645
     0.000213509684154    -0.000422479468561     0.000157194205730
35 5
    -0.000065542187450     0.000354413092759    -0.000213493900687
     0.000354427981412     0.000458450737745    -0.000422469374645
    -0.000213509684154    -0.000422479468561     0.000157194205730
35 6
    -0.000045228217024     0.000000000000000    -0.000000000000000
     0.000000000000000     0.000199133976797     0.000081192695045
    -0.000000000000000     0.000081191570872     0.000056968615559
35 7
     0.519137986253625    -0.000000000000000     0.000000000000000
    -0.000000000000000    -0.009984805661111    -0.021673295015568
     0.000000000000000    -0.021681893319435    -0.035038044038309
35 8
    -0.000689086694107    -0.000818949715242     0.000234665248190
    -0.000818421466151    -0.001891986471574     0.000463711847133
     0.000234357809381     0.000463395998202    -0.000374045087303
35 9
    -0.000689086694107     0.000818949715242    -0.000234665248190
     0.000818421466151    -0.001891986471574     0.000463711847133
    -0.000234357809381     0.000463395998202    -0.000374045087303
35 10
    -0.000078857237697    -0.000000000000000    -0.000000000000000
     0.000000000000000     0.000432115729333     0.000137691499286
     0.000000000000000     0.000137688365832    -0.000016741347016
35 11
     0.000132913258598    -0.000259079760492     0.000150123132135
    -0.000259079008915     0.000179259333436    -0.000163956636050
     0.000150118623844    -0.000163952259547     0.000139248648738
35 12
     0.000038830140288    -0.000012849967365     0.000004591040299
    -0.000012850185471     0.000003020368959    -0.000003038772885
     0.000004590903020    -0.000003038596759     0.000004253663439
35 13
     0.000132913258598     0.000259079760492    -0.000150123132135
     0.000259079008915     0.000179259333436    -0.000163956636050
    -0.000150118623844    -0.000163952259547     0.000139248648738
35 14
     0.000038830140288     0.000012849967365    -0.000004591040299
     0.000012850185471     0.000003020368959    -0.000003038772885
    -0.000004590903020    -0.000003038596759     0.000004253663439
35 15
    -0.000017659625387     0.000000000000000     0.000000000000000
     0.000000000000000     0.000088276796973     0.000008149523854
    -0.000000000000000     0.000008149376409     0.000016003140110
35 16
    -0.000080534226238     0.000000000000000    -0.000000000000000
     0.000000000000000     0.000285070050985    -0.000074024296417
    -0.000000000000000    -0.000074023769489     0.000161862602777
35 17
     0.477250210813452    -0.000000000000000     0.000000000000000
    -0.000000000000000     0.002885030373183    -0.006287285092223
     0.000000000000000    -0.006290904592036    -0.070161042611928
35 18
    -0.000325652543689     0.000000000000000     0.000000000000000
     0.000000000000000     0.000453149463440    -0.000240311430860
     0.000000000000000    -0.000240293311731     0.000837903978328
35 19
    -0.000026610803860    -0.000000000000000     0.000000000000000
     0.000000000000000     0.000166716125084     0.000018700536651
     0.000000000000000     0.000018700017374    -0.000012394726299
35 20
     0.000307785114302     0.000600193388222    -0.000080926214506
     0.000600198575126     0.000414335209907    -0.000088371442864
    -0.000080934749569    -0.000088379964609    -0.000210532576961
35 21
     0.000060856811749     0.000022223575640    -0.000001965723314
     0.000022224112252     0.000006589065326    -0.000001396271181
    -0.000001965647515    -0.000001396181198    -0.000006922055259
35 22
     0.000307785114302    -0.000600193388222     0.000080926214506
    -0.000600198575126     0.000414335209907    -0.000088371442864
     0.000080934749569    -0.000088379964609    -0.000210532576961
35 23
     0.000060856811749    -0.000022223575640     0.000001965723314
    -0.000022224112252     0.000006589065326    -0.000001396271181
     0.000001965647515    -0.000001396181198    -0.000006922055259
35 24
    -0.000215530631833    -0.000000000000000     0.000000000000000
     0.000000000000000     0.000935923602714    -0.000222147061416
    -0.000000000000000    -0.000222150994992    -0.000143899959587
35 25
    -0.000016781003353    -0.000000000000000    -0.000000000000000
     0.000000000000000     0.000096087938359    -0.000004823683548
    -0.000000000000000    -0.000004823571628     0.000003065076242
35 26
    -0.000053319843960     0.000000000000000    -0.000000000000000
     0.000000000000000     0.000275837094418    -0.000099535003513
     0.000000000000000    -0.000099533012871     0.000021308719111
35 27
     1.894009231093324    -0.000000000000000    -0.000000000000000
    -0.000000000000000     1.842763913430227     1.511941391307644
    -0.000000000000000    -0.493922071780819    -0.404834426327446
35 28
    -0.561991043320870    -0.000000000000000     0.000000000000000
     0.000000000000000    -0.107112077900893     0.120216561198994
    -0.000000000000000     0.120241789019885    -0.104474544869460
35 29
     0.000220656801039    -0.000245319931303     0.000106248533146
    -0.000245321946919     0.000128816410955    -0.000088547276283
     0.000106244073111    -0.000088542769444    -0.000010518400465
35 30
     0.000080321903291    -0.000050921938340     0.000019345294284
    -0.000050922964545     0.000015437190854    -0.000012019646521
     0.000019344541995    -0.000012018893146    -0.000003133819199
35 31
     0.000220656801039     0.000245319931303    -0.000106248533146
     0.000245321946919     0.000128816410955    -0.000088547276283
    -0.000106244073111    -0.000088542769444    -0.000010518400465
35 32
     0.000080321903291     0.000050921938340    -0.000019345294284
     0.000050922964545     0.000015437190854    -0.000012019646521
    -0.000019344541995    -0.000012018893146    -0.000003133819199
35 33
    -8.033232240880174     0.000000000000000     0.000000000000000
     0.000000000000000   -11.412674823427457    -4.901781236395303
     0.000000000000000    -5.194726635198530   -29.009117575317287
35 34
     0.010691358742140    -0.000000000000000    -0.000000000000000
    -0.000000000000000    -0.159548220853589     0.052177406860152
     0.000000000000000     0.052165465735651    -0.005234934186707
35 35
     4.404130908902773    -0.000000000000000     0.000000000000000
    -0.000000000000000     9.709449506207200     5.799237059024502
    -0.000000000000000     5.799990559693218    28.912694256557973
35 36
     0.036751304956382    -0.000000000000000     0.000000000000000
    -0.000000000000000    -0.524463251361957    -0.006810565690432
    -0.000000000000000    -0.006807524870325     0.036638777817633
35 37
     0.000019894717433    -0.000033883795450     0.000000000000000
    -0.000033883795449     0.000019894717434     0.000000000000000
     0.000000000000001     0.000000000000000     0.000030850551873
35 38
     0.000011728397486    -0.000006074818468    -0.000005448978242
    -0.000007270106806     0.000002658897815     0.000005423661432
    -0.000003978643715     0.000002258995214     0.000009626916743
35 39
     0.000019894717433     0.000033883795450    -0.000000000000000
     0.000033883795449     0.000019894717434     0.000000000000000
    -0.000000000000001     0.000000000000000     0.000030850551873
35 40
     0.000011728397486     0.000006074818468     0.000005448978242
     0.000007270106806     0.000002658897815     0.000005423661432
     0.000003978643715     0.000002258995214     0.000009626916743
35 41
    -0.000003369575643     0.000000000000000     0.000000000000000
     0.000000000000000     0.000024578111365     0.000008989419755
     0.000000000000000     0.000003802488293     0.000009864228571
35 42
    -0.000011519454798     0.000000000000000    -0.000000000000000
     0.000000000000000     0.000049085441657     0.000015552166581
    -0.000000000000000     0.000015551966927     0.000018062423786
35 43
     0.000268072946607    -0.000000000000000     0.000000000000000
    -0.000000000000000     0.000268072946607    -0.000000000000000
     0.000000000000000     0.000000000000000    -0.010735674118416
35 44
    -0.000143256040235     0.000000000000000    -0.000000000000000
     0.000000000000000     0.000136108310845     0.000204690715952
     0.000000000000000     0.000204673582240     0.000374885513631
35 45
     0.000115464734066     0.000162109110836     0.000027336480570
     0.000162109110836     0.000115464734066     0.000027336480569
     0.000027334915609     0.000027334915612    -0.000038277059579
35 46
     0.000017467327160     0.000009571519983     0.000001491931814
     0.000009571751283     0.000002849555229     0.000000918122406
     0.000001491868910     0.000000918059280    -0.000002156989986
35 47
     0.000115464734066    -0.000162109110836    -0.000027336480570
    -0.000162109110836     0.000115464734066     0.000027336480569
    -0.000027334915609     0.000027334915612    -0.000038277059579
35 48
     0.000017467327160    -0.000009571519983    -0.000001491931814
    -0.000009571751283     0.000002849555229     0.000000918122406
    -0.000001491868910     0.000000918059280    -0.000002156989986
35 49
    -0.000005117630693     0.000000000000000    -0.000000000000000
     0.000000000000000     0.000033667560650     0.000000000000000
     0.000000000000000    -0.000000000000000    -0.000003401897022
35 50
    -0.000030015965728    -0.000000000000000    -0.000000000000000
     0.000000000000000     0.000189166022580     0.000001262438737
     0.000000000000000     0.000001262395592    -0.000026758400475
36 1
    -0.000030845005031     0.000000000000000    -0.000000000000000
     0.000000000000000     0.000140885541504    -0.000014309031021
    -0.000000000000000    -0.000014308799438     0.000036736983911
36 2
    -0.000056914512065    -0.000000000000000    -0.000000000000000
     0.000000000000000     0.000343289517422     0.000017436556448
    -0.000000000000000     0.000017436140215    -0.000042532074626
36 3
    -0.000217416337350    -0.000000000000000     0.000000000000000
     0.000000000000000     0.000817817890455     0.000356953318230
     0.000000000000000     0.000356959937957    -0.000048671979131
36 4
    -0.000009741388802    -0.000026139910145     0.000007599743243
    -0.000026138987094     0.000092412104093    -0.000024641716253
     0.000007599217530    -0.000024641064677     0.000006304945169
36 5
    -0.000009741388802     0.000026139910145    -0.000007599743243
     0.000026138987094     0.000092412104093    -0.000024641716253
    -0.000007599217530    -0.000024641064677     0.000006304945169
36 6
    -0.000011828878747    -0.000000000000000     0.000000000000000
     0.000000000000000     0.000062709860253    -0.000005441471146
    -0.000000000000000    -0.000005441358711     0.000007463554397
36 7
    -0.000107096221456    -0.000000000000000    -0.000000000000000
     0.000000000000000     0.000379151136056     0.000224965727903
     0.000000000000000     0.000224964412303     0.000178847471632
36 8
    -0.000011486614844     0.000041540679456    -0.000005997267484
     0.000041538854452     0.000143064692687    -0.000019604067469
    -0.000005996784671    -0.000019603410281    -0.000013845731943
36 9
    -0.000011486614844    -0.000041540679456     0.000005997267484
    -0.000041538854452     0.000143064692687    -0.000019604067469
     0.000005996784671    -0.000019603410281    -0.000013845731943
36 10
    -0.000014893348805    -0.000000000000000     0.000000000000000
     0.000000000000000     0.000090832000681    -0.000008460103410
     0.000000000000000    -0.000008459881891    -0.000003021479735
36 11
     0.000004133102169    -0.000027383575498     0.000006683302051
    -0.000027383048172     0.000056671789625    -0.000012182620356
     0.000006682909489    -0.000012182245433     0.000007552803834
36 12
     0.000009898745214    -0.000003241624293     0.000000505387570
    -0.000003241628806     0.000008182150480    -0.000000610270958
     0.000000505364342    -0.000000610240744     0.000000147795624
36 13
     0.000004133102169     0.000027383575498    -0.000006683302051
     0.000027383048172     0.000056671789625    -0.000012182620356
    -0.000006682909489    -0.000012182245433     0.000007552803834
36 14
     0.000009898745214     0.000003241624293    -0.000000505387570
     0.000003241628806     0.000008182150480    -0.000000610270958
    -0.000000505364342    -0.000000610240744     0.000000147795624
36 15
    -0.000038982337909    -0.000000000000000    -0.000000000000000
     0.000000000000000     0.000167167671819    -0.000033541601381
    -0.000000000000000    -0.000033541133309     0.000057616746948
36 16
    -0.000528531492112    -0.000000000000000    -0.000000000000000
     0.000000000000000    -0.000571350993414     0.000945675489874
    -0.000000000000000     0.000946134135950    -0.000382432763772
36 17
    -0.000388992669592    -0.000000000000000     0.000000000000000
     0.000000000000000     0.000320407152814     0.000197160986383
     0.000000000000000     0.000197103070910     0.000834803281156
36 18
     0.472640645927768     0.000000000000000    -0.000000000000000
    -0.000000000000000     0.000227646178611     0.004553377980717
     0.000000000000000     0.004555881408668    -0.030409847154401
36 19
    -0.000078703486288     0.000000000000000    -0.000000000000000
     0.000000000000000     0.000458813518365    -0.000095859176747
     0.000000000000000    -0.000095856771057    -0.000041615990559
36 20
     0.000010667498230     0.000049630245003    -0.000003453649418
     0.000049628903830     0.000097831298442    -0.000006142372011
    -0.000003453409886    -0.000006142126934    -0.000012644201569
36 21
     0.000012216616815     0.000004308865965    -0.000000187448801
     0.000004308874696     0.000010001513021    -0.000000233105688
    -0.000000187439712    -0.000000233093937    -0.000001602185034
36 22
     0.000010667498230    -0.000049630245003     0.000003453649418
    -0.000049628903830     0.000097831298442    -0.000006142372011
     0.000003453409886    -0.000006142126934    -0.000012644201569
36 23
     0.000012216616815    -0.000004308865965     0.000000187448801
    -0.000004308874696     0.000010001513021    -0.000000233105688
     0.000000187439712    -0.000000233093937    -0.000001602185034
36 24
     1.889796799785401    -0.000000000000000    -0.000000000000000
    -0.000000000000000    -0.000003982319869     2.840730690463004
    -0.000000000000000     0.000020968121173     1.478517044698504
36 25
    -0.000160323987962     0.000000000000000     0.000000000000000
     0.000000000000000     0.000643649865065    -0.000346151079055
    -0.000000000000000    -0.000346148680451     0.000093195153986
36 26
     0.500883466649611    -0.000000000000000     0.000000000000000
    -0.000000000000000    -0.013475482640246     0.011286313181941
     0.000000000000000     0.011286829808637    -0.007988495699692
36 27
    -0.450820264160749     0.000000000000000    -0.000000000000000
     0.000000000000000    -0.244632323056667    -0.344772231123459
    -0.000000000000000    -0.344862463564220    -0.365520675494777
36 28
     1.829536700888174     0.000000000000000     0.000000000000000
    -0.000000000000000     2.244313135817360    -1.445753998552006
     0.000000000000000     1.168281385459542    -0.752093722089757
36 29
     0.000035430818016    -0.000013191611955     0.000019115352922
    -0.000003584853731     0.000055321119278     0.000005726828752
     0.000037685785010     0.000010677411233     0.000016950022921
36 30
     0.000012227263543    -0.000009420179879     0.000001831689599
    -0.000009420165459     0.000014275836174    -0.000001856173886
     0.000001831603358    -0.000001856092646    -0.000001113464829
36 31
     0.000035430818016     0.000013191611955    -0.000019115352922
     0.000003584853731     0.000055321119278     0.000005726828752
    -0.000037685785010     0.000010677411233     0.000016950022921
36 32
     0.000012227263543     0.000009420179879    -0.000001831689599
     0.000009420165459     0.000014275836174    -0.000001856173886
    -0.000001831603358    -0.000001856092646    -0.000001113464829
36 33
     0.025464952907427    -0.000000000000000     0.000000000000000
    -0.000000000000000    -0.333796181514698    -0.137346960414525
    -0.000000000000000    -0.137319165849004    -0.026956359276432
36 34
    -7.999393943174336     0.000000000000000    -0.000000000000000
     0.000000000000000   -15.694667559802816     7.570214426000221
    -0.000000000000000     7.797557129014389   -26.326929537242226
36 35
     0.036751304956383     0.000000000000000     0.000000000000000
    -0.000000000000000    -0.524463251361825    -0.006810565690428
    -0.000000000000000    -0.006807524870324     0.036638777817634
36 36
     4.312600537819645     0.000000000000000    -0.000000000000000
    -0.000000000000000    15.180460825088881    -8.493227994430118
    -0.000000000000000    -8.493853234096251    25.964972785021860
36 37
     0.000002658897817    -0.000007270106809     0.000005423661434
    -0.000006074818470     0.000011728397486    -0.000005448978242
     0.000002258995214    -0.000003978643716     0.000009626916743
36 38
     0.000002086079188    -0.000001129596447     0.000000000000001
    -0.000001129596448     0.000002086079188     0.000000000000000
     0.000000000000001     0.000000000000000     0.000000207096644
36 39
     0.000002658897817     0.000007270106809    -0.000005423661434
     0.000006074818470     0.000011728397486    -0.000005448978242
    -0.000002258995214    -0.000003978643716     0.000009626916743
36 40
     0.000002086079188     0.000001129596447    -0.000000000000001
     0.000001129596448     0.000002086079188     0.000000000000000
    -0.000000000000001     0.000000000000000     0.000000207096644
36 41
    -0.000011519454798     0.000000000000000     0.000000000000000
     0.000000000000000     0.000049085441657     0.000015552166581
     0.000000000000000     0.000015551966926     0.000018062423786
36 42
    -0.000148882988328     0.000000000000000     0.000000000000000
     0.000000000000000     0.000126887031406     0.000205613470129
    -0.000000000000000     0.000205591221806     0.000366883939902
36 43
    -0.000143256040235     0.000000000000000     0.000000000000000
     0.000000000000000     0.000136108310849    -0.000204690715954
     0.000000000000000    -0.000204673582239     0.000374885513631
36 44
     0.000538812469589    -0.000000000000000     0.000000000000000
    -0.000000000000000     0.000538812469588    -0.000000000000000
     0.000000000000000    -0.000000000000000    -0.015302912776905
36 45
     0.000002849555229     0.000009571751285     0.000000918122406
     0.000009571519985     0.000017467327162     0.000001491931814
     0.000000918059282     0.000001491868910    -0.000002156989983
36 46
     0.000002780137443     0.000001689035694     0.000000150787554
     0.000001689035694     0.000002780137443     0.000000150787554
     0.000000150780233     0.000000150780233    -0.000000393923927
36 47
     0.000002849555229    -0.000009571751285    -0.000000918122406
    -0.000009571519985     0.000017467327162     0.000001491931814
    -0.000000918059282     0.000001491868910    -0.000002156989983
36 48
     0.000002780137443    -0.000001689035694    -0.000000150787554
    -0.000001689035694     0.000002780137443     0.000000150787554
    -0.000000150780233     0.000000150780233    -0.000000393923927
36 49
    -0.000030015965728     0.000000000000000     0.000000000000000
     0.000000000000000     0.000189166022578    -0.000001262438738
     0.000000000000000    -0.000001262395592    -0.000026758400476
36 50
    -0.616178252762534     0.000000000000000    -0.000000000000000
     0.000000000000000    -0.618879903715954    -0.000000000000000
     0.000000000000000     0.000000000000000     0.043631413647857
37 1
    -0.200569455223560    -0.000000000000000    -0.018628069096045
    -0.000000000000000    -0.386918173858475    -0.000000000000000
    -0.018623138508688     0.000000000000000     0.011523662568846
37 2
     0.000345312663369    -0.000000000000000    -0.000056408659971
     0.000000000000000    -0.000272508327442    -0.000000000000000
    -0.000056390929480     0.000000000000000     0.000528294721817
37 3
     0.000458450737745    -0.000354427981412    -0.000422469374645
    -0.000354413092759    -0.000065542187450     0.000213493900687
    -0.000422479468561     0.000213509684154     0.000157194205730
37 4
     0.856366303082399     0.000000000000000    -2.527606127344179
     0.000000000000000     1.640725764831065    -0.000000000000000
    -0.229547650022360    -0.000000000000000     0.677523345840039
37 5
     0.000432115729333    -0.000000000000000     0.000137691499286
     0.000000000000000    -0.000078857237697     0.000000000000000
     0.000137688365832    -0.000000000000000    -0.000016741347016
37 6
    -0.001891986471574    -0.000818421466151     0.000463711847133
    -0.000818949715242    -0.000689086694107     0.000234665248190
     0.000463395998202     0.000234357809381    -0.000374045087303
37 7
    -0.001891986471574     0.000818421466151     0.000463711847133
     0.000818949715242    -0.000689086694107    -0.000234665248190
     0.000463395998202    -0.000234357809381    -0.000374045087303
37 8
     0.000199133976797    -0.000000000000000     0.000081192695045
    -0.000000000000000    -0.000045228217024     0.000000000000000
     0.000081191570872     0.000000000000000     0.000056968615559
37 9
    -0.009984805661111     0.000000000000000    -0.021673295015568
     0.000000000000000     0.519137986253624    -0.000000000000000
    -0.021681893319435    -0.000000000000000    -0.035038044038309
37 10
     0.000458450737745     0.000354427981412    -0.000422469374645
     0.000354413092759    -0.000065542187450    -0.000213493900687
    -0.000422479468561    -0.000213509684154     0.000157194205730
37 11
   -11.412674823427455    -0.000000000000000    -4.901781236395302
    -0.000000000000000    -8.033232240880173    -0.000000000000000
    -5.194726635198529    -0.000000000000000   -29.009117575317287
37 12
    -0.159548220853589     0.000000000000000     0.052177406860152
     0.000000000000000     0.010691358742140     0.000000000000000
     0.052165465735651    -0.000000000000000    -0.005234934186707
37 13
     0.000166716125084    -0.000000000000000     0.000018700536651
     0.000000000000000    -0.000026610803860    -0.000000000000000
     0.000018700017374    -0.000000000000000    -0.000012394726299
37 14
     0.000935923602714    -0.000000000000000    -0.000222147061416
     0.000000000000000    -0.000215530631833    -0.000000000000000
    -0.000222150994992     0.000000000000000    -0.000143899959587
37 15
     0.000414335209907     0.000600198575126    -0.000088371442864
     0.000600193388222     0.000307785114302    -0.000080926214506
    -0.000088379964609    -0.000080934749569    -0.000210532576961
37 16
     0.000006589065326     0.000022224112252    -0.000001396271181
     0.000022223575640     0.000060856811749    -0.000001965723314
    -0.000001396181198    -0.000001965647515    -0.000006922055259
37 17
     0.000414335209907    -0.000600198575126    -0.000088371442864
    -0.000600193388222     0.000307785114302     0.000080926214506
    -0.000088379964609     0.000080934749569    -0.000210532576961
37 18
     0.000006589065326    -0.000022224112252    -0.000001396271181
    -0.000022223575640     0.000060856811749     0.000001965723314
    -0.000001396181198     0.000001965647515    -0.000006922055259
37 19
     0.000179259333436     0.000259079008915    -0.000163956636050
     0.000259079760492     0.000132913258598    -0.000150123132135
    -0.000163952259547    -0.000150118623844     0.000139248648738
37 20
     0.000088276796973    -0.000000000000000     0.000008149523854
    -0.000000000000000    -0.000017659625387    -0.000000000000000
     0.000008149376409     0.000000000000000     0.000016003140110
37 21
     0.000285070050985    -0.000000000000000    -0.000074024296417
    -0.000000000000000    -0.000080534226238     0.000000000000000
    -0.000074023769489     0.000000000000000     0.000161862602777
37 22
     0.002885030373183     0.000000000000000    -0.006287285092223
     0.000000000000000     0.477250210813452    -0.000000000000000
    -0.006290904592036    -0.000000000000000    -0.070161042611928
37 23
     0.000453149463440    -0.000000000000000    -0.000240311430860
    -0.000000000000000    -0.000325652543689    -0.000000000000000
    -0.000240293311731    -0.000000000000000     0.000837903978328
37 24
     0.000003020368959     0.000012850185471    -0.000003038772885
     0.000012849967365     0.000038830140288    -0.000004591040299
    -0.000003038596759    -0.000004590903020     0.000004253663439
37 25
     0.000128816410955     0.000245321946919    -0.000088547276283
     0.000245319931303     0.000220656801039    -0.000106248533146
    -0.000088542769444    -0.000106244073111    -0.000010518400465
37 26
     0.000015437190854     0.000050922964545    -0.000012019646521
     0.000050921938340     0.000080321903291    -0.000019345294284
    -0.000012018893146    -0.000019344541995    -0.000003133819199
37 27
     0.000128816410955    -0.000245321946919    -0.000088547276283
    -0.000245319931303     0.000220656801039     0.000106248533146
    -0.000088542769444     0.000106244073111    -0.000010518400465
37 28
     0.000015437190854    -0.000050922964545    -0.000012019646521
    -0.000050921938340     0.000080321903291     0.000019345294284
    -0.000012018893146     0.000019344541995    -0.000003133819199
37 29
     1.842763913430226     0.000000000000000     1.511941391307644
     0.000000000000000     1.894009231093324     0.000000000000000
    -0.493922071780818     0.000000000000000    -0.404834426327446
37 30
    -0.107112077900893    -0.000000000000000     0.120216561198994
     0.000000000000000    -0.561991043320870    -0.000000000000000
     0.120241789019885     0.000000000000000    -0.104474544869460
37 31
     0.000096087938359    -0.000000000000000    -0.000004823683548
     0.000000000000000    -0.000016781003353     0.000000000000000
    -0.000004823571628     0.000000000000000     0.000003065076242
37 32
     0.000275837094418    -0.000000000000000    -0.000099535003513
    -0.000000000000000    -0.000053319843960     0.000000000000000
    -0.000099533012871    -0.000000000000000     0.000021308719111
37 33
     0.000179259333436    -0.000259079008915    -0.000163956636050
    -0.000259079760492     0.000132913258598     0.000150123132135
    -0.000163952259547     0.000150118623844     0.000139248648738
37 34
     0.000003020368959    -0.000012850185471    -0.000003038772885
    -0.000012849967365     0.000038830140288     0.000004591040299
    -0.000003038596759     0.000004590903020     0.000004253663439
37 35
     0.000019894717434    -0.000033883795449     0.000000000000000
    -0.000033883795450     0.000019894717433     0.000000000000000
     0.000000000000000     0.000000000000001     0.000030850551873
37 36
     0.000002658897815    -0.000007270106806     0.000005423661432
    -0.000006074818468     0.000011728397486    -0.000005448978242
     0.000002258995214    -0.000003978643715     0.000009626916743
37 37
     9.709449506207198     0.000000000000000     5.799237059024501
     0.000000000000000     4.404130908902772    -0.000000000000000
     5.799990559693217     0.000000000000000    28.912694256557973
37 38
    -0.524463251361957     0.000000000000000    -0.006810565690432
     0.000000000000000     0.036751304956382    -0.000000000000000
    -0.006807524870325     0.000000000000000     0.036638777817633
37 39
     0.000033667560650    -0.000000000000000     0.000000000000000
    -0.000000000000000    -0.000005117630693     0.000000000000000
    -0.000000000000000    -0.000000000000000    -0.000003401897022
37 40
     0.000189166022580    -0.000000000000000     0.000001262438737
     0.000000000000000    -0.000030015965728     0.000000000000000
     0.000001262395592    -0.000000000000000    -0.000026758400475
37 41
     0.000115464734066     0.000162109110836     0.000027336480569
     0.000162109110836     0.000115464734066     0.000027336480570
     0.000027334915612     0.000027334915609    -0.000038277059579
37 42
     0.000002849555229     0.000009571751283     0.000000918122406
     0.000009571519983     0.000017467327160     0.000001491931814
     0.000000918059280     0.000001491868910    -0.000002156989986
37 43
     0.000115464734066    -0.000162109110836     0.000027336480569
    -0.000162109110836     0.000115464734066    -0.000027336480570
     0.000027334915612    -0.000027334915609    -0.000038277059579
37 44
     0.000002849555229    -0.000009571751283     0.000000918122406
    -0.000009571519983     0.000017467327160    -0.000001491931814
     0.000000918059280    -0.000001491868910    -0.000002156989986
37 45
     0.000024578111365    -0.000000000000000     0.000008989419755
    -0.000000000000000    -0.000003369575643    -0.000000000000000
     0.000003802488293    -0.000000000000000     0.000009864228571
37 46
     0.000049085441657    -0.000000000000000     0.000015552166581
    -0.000000000000000    -0.000011519454798     0.000000000000000
     0.000015551966927     0.000000000000000     0.000018062423786
37 47
     0.000268072946607     0.000000000000000    -0.000000000000000
     0.000000000000000     0.000268072946607    -0.000000000000000
     0.000000000000000    -0.000000000000000    -0.010735674118416
37 48
     0.000136108310845    -0.000000000000000     0.000204690715952
    -0.000000000000000    -0.000143256040235     0.000000000000000
     0.000204673582240    -0.000000000000000     0.000374885513631
37 49
     0.000019894717434     0.000033883795449     0.000000000000000
     0.000033883795450     0.000019894717433    -0.000000000000000
     0.000000000000000    -0.000000000000001     0.000030850551873
37 50
     0.000002658897815     0.000007270106806     0.000005423661432
     0.000006074818468     0.000011728397486     0.000005448978242
     0.000002258995214     0.000003978643715     0.000009626916743
38 1
     0.000343289517422    -0.000000000000000     0.000017436556448
     0.000000000000000    -0.000056914512065     0.000000000000000
     0.000017436140215     0.000000000000000    -0.000042532074626
38 2
     0.000140885541504    -0.000000000000000    -0.000014309031021
    -0.000000000000000    -0.000030845005031     0.000000000000000
    -0.000014308799438     0.000000000000000     0.000036736983911
38 3
     0.000092412104093    -0.000026138987094    -0.000024641716253
    -0.000026139910145    -0.000009741388802     0.000007599743243
    -0.000024641064677     0.000007599217530     0.000006304945169
38 4
     0.000817817890455    -0.000000000000000     0.000356953318230
     0.000000000000000    -0.000217416337350    -0.000000000000000
     0.000356959937957    -0.000000000000000    -0.000048671979131
38 5
     0.000090832000681    -0.000000000000000    -0.000008460103410
     0.000000000000000    -0.000014893348805    -0.000000000000000
    -0.000008459881891    -0.000000000000000    -0.000003021479735
38 6
     0.000143064692687     0.000041538854452    -0.000019604067469
     0.000041540679456    -0.000011486614844    -0.000005997267484
    -0.000019603410281    -0.000005996784671    -0.000013845731943
38 7
     0.000143064692687    -0.000041538854452    -0.000019604067469
    -0.000041540679456    -0.000011486614844     0.000005997267484
    -0.000019603410281     0.000005996784671    -0.000013845731943
38 8
     0.000062709860253    -0.000000000000000    -0.000005441471146
     0.000000000000000    -0.000011828878747    -0.000000000000000
    -0.000005441358711     0.000000000000000     0.000007463554397
38 9
     0.000379151136056    -0.000000000000000     0.000224965727903
     0.000000000000000    -0.000107096221456     0.000000000000000
     0.000224964412303    -0.000000000000000     0.000178847471632
38 10
     0.000092412104093     0.000026138987094    -0.000024641716253
     0.000026139910145    -0.000009741388802    -0.000007599743243
    -0.000024641064677    -0.000007599217530     0.000006304945169
38 11
    -0.333796181514697     0.000000000000000    -0.137346960414525
     0.000000000000000     0.025464952907427    -0.000000000000000
    -0.137319165849004     0.000000000000000    -0.026956359276432
38 12
   -15.694667559802813    -0.000000000000000     7.570214426000220
    -0.000000000000000    -7.999393943174335     0.000000000000000
     7.797557129014388     0.000000000000000   -26.326929537242226
38 13
     0.000458813518365    -0.000000000000000    -0.000095859176747
    -0.000000000000000    -0.000078703486288     0.000000000000000
    -0.000095856771057    -0.000000000000000    -0.000041615990559
38 14
    -0.000003982319869     0.000000000000000     2.840730690463003
     0.000000000000000     1.889796799785401     0.000000000000000
     0.000020968121173     0.000000000000000     1.478517044698504
38 15
     0.000097831298442     0.000049628903830    -0.000006142372011
     0.000049630245003     0.000010667498230    -0.000003453649418
    -0.000006142126934    -0.000003453409886    -0.000012644201569
38 16
     0.000010001513021     0.000004308874696    -0.000000233105688
     0.000004308865965     0.000012216616815    -0.000000187448801
    -0.000000233093937    -0.000000187439712    -0.000001602185034
38 17
     0.000097831298442    -0.000049628903830    -0.000006142372011
    -0.000049630245003     0.000010667498230     0.000003453649418
    -0.000006142126934     0.000003453409886    -0.000012644201569
38 18
     0.000010001513021    -0.000004308874696    -0.000000233105688
    -0.000004308865965     0.000012216616815     0.000000187448801
    -0.000000233093937     0.000000187439712    -0.000001602185034
38 19
     0.000056671789625     0.000027383048172    -0.000012182620356
     0.000027383575498     0.000004133102169    -0.000006683302051
    -0.000012182245433    -0.000006682909489     0.000007552803834
38 20
     0.000167167671819    -0.000000000000000    -0.000033541601381
     0.000000000000000    -0.000038982337909     0.000000000000000
    -0.000033541133309     0.000000000000000     0.000057616746948
38 21
    -0.000571350993414    -0.000000000000000     0.000945675489874
     0.000000000000000    -0.000528531492112     0.000000000000000
     0.000946134135950     0.000000000000000    -0.000382432763772
38 22
     0.000320407152814    -0.000000000000000     0.000197160986383
     0.000000000000000    -0.000388992669592    -0.000000000000000
     0.000197103070910    -0.000000000000000     0.000834803281156
38 23
     0.000227646178611     0.000000000000000     0.004553377980717
    -0.000000000000000     0.472640645927768     0.000000000000000
     0.004555881408668    -0.000000000000000    -0.030409847154401
38 24
     0.000008182150480     0.000003241628806    -0.000000610270958
     0.000003241624293     0.000009898745214    -0.000000505387570
    -0.000000610240744    -0.000000505364342     0.000000147795624
38 25
     0.000055321119278     0.000003584853731     0.000005726828752
     0.000013191611955     0.000035430818016    -0.000019115352922
     0.000010677411233    -0.000037685785010     0.000016950022921
38 26
     0.000014275836174     0.000009420165459    -0.000001856173886
     0.000009420179879     0.000012227263543    -0.000001831689599
    -0.000001856092646    -0.000001831603358    -0.000001113464829
38 27
     0.000055321119278    -0.000003584853731     0.000005726828752
    -0.000013191611955     0.000035430818016     0.000019115352922
     0.000010677411233     0.000037685785010     0.000016950022921
38 28
     0.000014275836174    -0.000009420165459    -0.000001856173886
    -0.000009420179879     0.000012227263543     0.000001831689599
    -0.000001856092646     0.000001831603358    -0.000001113464829
38 29
    -0.244632323056667    -0.000000000000000    -0.344772231123459
    -0.000000000000000    -0.450820264160749     0.000000000000000
    -0.344862463564220     0.000000000000000    -0.365520675494777
38 30
     2.244313135817359     0.000000000000000    -1.445753998552006
    -0.000000000000000     1.829536700888174    -0.000000000000000
     1.168281385459542    -0.000000000000000    -0.752093722089757
38 31
     0.000643649865065    -0.000000000000000    -0.000346151079055
    -0.000000000000000    -0.000160323987962    -0.000000000000000
    -0.000346148680451     0.000000000000000     0.000093195153986
38 32
    -0.013475482640246     0.000000000000000     0.011286313181941
     0.000000000000000     0.500883466649611    -0.000000000000000
     0.011286829808637    -0.000000000000000    -0.007988495699692
38 33
     0.000056671789625    -0.000027383048172    -0.000012182620356
    -0.000027383575498     0.000004133102169     0.000006683302051
    -0.000012182245433     0.000006682909489     0.000007552803834
38 34
     0.000008182150480    -0.000003241628806    -0.000000610270958
    -0.000003241624293     0.000009898745214     0.000000505387570
    -0.000000610240744     0.000000505364342     0.000000147795624
38 35
     0.000011728397486    -0.000006074818470    -0.000005448978242
    -0.000007270106809     0.000002658897817     0.000005423661434
    -0.000003978643716     0.000002258995214     0.000009626916743
38 36
     0.000002086079188    -0.000001129596448     0.000000000000000
    -0.000001129596447     0.000002086079188     0.000000000000001
     0.000000000000000     0.000000000000001     0.000000207096644
38 37
    -0.524463251361825     0.000000000000000    -0.006810565690428
    -0.000000000000000     0.036751304956383    -0.000000000000000
    -0.006807524870324     0.000000000000000     0.036638777817634
38 38
    15.180460825088877     0.000000000000000    -8.493227994430116
    -0.000000000000000     4.312600537819645     0.000000000000000
    -8.493853234096250     0.000000000000000    25.964972785021860
38 39
     0.000189166022578    -0.000000000000000    -0.000001262438738
    -0.000000000000000    -0.000030015965728    -0.000000000000000
    -0.000001262395592    -0.000000000000000    -0.000026758400476
38 40
    -0.618879903715954    -0.000000000000000    -0.000000000000000
    -0.000000000000000    -0.616178252762534     0.000000000000000
     0.000000000000000    -0.000000000000000     0.043631413647857
38 41
     0.000017467327162     0.000009571519985     0.000001491931814
     0.000009571751285     0.000002849555229     0.000000918122406
     0.000001491868910     0.000000918059282    -0.000002156989983
38 42
     0.000002780137443     0.000001689035694     0.000000150787554
     0.000001689035694     0.000002780137443     0.000000150787554
     0.000000150780233     0.000000150780233    -0.000000393923927
38 43
     0.000017467327162    -0.000009571519985     0.000001491931814
    -0.000009571751285     0.000002849555229    -0.000000918122406
     0.000001491868910    -0.000000918059282    -0.000002156989983
38 44
     0.000002780137443    -0.000001689035694     0.000000150787554
    -0.000001689035694     0.000002780137443    -0.000000150787554
     0.000000150780233    -0.000000150780233    -0.000000393923927
38 45
     0.000049085441657    -0.000000000000000     0.000015552166581
    -0.000000000000000    -0.000011519454798    -0.000000000000000
     0.000015551966926    -0.000000000000000     0.000018062423786
38 46
     0.000126887031406    -0.000000000000000     0.000205613470129
    -0.000000000000000    -0.000148882988328    -0.000000000000000
     0.000205591221806     0.000000000000000     0.000366883939902
38 47
     0.000136108310849    -0.000000000000000    -0.000204690715954
    -0.000000000000000    -0.000143256040235    -0.000000000000000
    -0.000204673582239    -0.000000000000000     0.000374885513631
38 48
     0.000538812469588     0.000000000000000    -0.000000000000000
     0.000000000000000     0.000538812469589    -0.000000000000000
    -0.000000000000000    -0.000000000000000    -0.015302912776905
38 49
     0.000011728397486     0.000006074818470    -0.000005448978242
     0.000007270106809     0.000002658897817    -0.000005423661434
    -0.000003978643716    -0.000002258995214     0.000009626916743
38 50
     0.000002086079188     0.000001129596448     0.000000000000000
     0.000001129596447     0.000002086079188    -0.000000000000001
     0.000000000000000    -0.000000000000001     0.000000207096644
39 1
    -0.200569455223560    -0.000000000000000     0.018628069096045
    -0.000000000000000    -0.386918173858475     0.000000000000000
     0.018623138508688    -0.000000000000000     0.011523662568846
39 2
     0.000345312663369    -0.000000000000000     0.000056408659971
     0.000000000000000    -0.000272508327442     0.000000000000000
     0.000056390929480    -0.000000000000000     0.000528294721817
39 3
     0.000458450737745     0.000354427981412     0.000422469374645
     0.000354413092759    -0.000065542187450     0.000213493900687
     0.000422479468561     0.000213509684154     0.000157194205730
39 4
     0.000432115729333    -0.000000000000000    -0.000137691499286
     0.000000000000000    -0.000078857237697    -0.000000000000000
    -0.000137688365832     0.000000000000000    -0.000016741347016
39 5
     0.856366303082399     0.000000000000000     2.527606127344179
     0.000000000000000     1.640725764831065     0.000000000000000
     0.229547650022360     0.000000000000000     0.677523345840039
39 6
    -0.001891986471574     0.000818421466151    -0.000463711847133
     0.000818949715242    -0.000689086694107     0.000234665248190
    -0.000463395998202     0.000234357809381    -0.000374045087303
39 7
    -0.001891986471574    -0.000818421466151    -0.000463711847133
    -0.000818949715242    -0.000689086694107    -0.000234665248190
    -0.000463395998202    -0.000234357809381    -0.000374045087303
39 8
    -0.009984805661111     0.000000000000000     0.021673295015568
     0.000000000000000     0.519137986253624     0.000000000000000
     0.021681893319435     0.000000000000000    -0.035038044038309
39 9
     0.000199133976797    -0.000000000000000    -0.000081192695045
    -0.000000000000000    -0.000045228217024    -0.000000000000000
    -0.000081191570872    -0.000000000000000     0.000056968615559
39 10
     0.000458450737745    -0.000354427981412     0.000422469374645
    -0.000354413092759    -0.000065542187450    -0.000213493900687
     0.000422479468561    -0.000213509684154     0.000157194205730
39 11
     0.000166716125084    -0.000000000000000    -0.000018700536651
     0.000000000000000    -0.000026610803860     0.000000000000000
    -0.000018700017374     0.000000000000000    -0.000012394726299
39 12
     0.000935923602714    -0.000000000000000     0.000222147061416
     0.000000000000000    -0.000215530631833     0.000000000000000
     0.000222150994992    -0.000000000000000    -0.000143899959587
39 13
   -11.412674823427455    -0.000000000000000     4.901781236395302
    -0.000000000000000    -8.033232240880173     0.000000000000000
     5.194726635198529     0.000000000000000   -29.009117575317287
39 14
    -0.159548220853589     0.000000000000000    -0.052177406860152
     0.000000000000000     0.010691358742140    -0.000000000000000
    -0.052165465735651     0.000000000000000    -0.005234934186707
39 15
     0.000414335209907    -0.000600198575126     0.000088371442864
    -0.000600193388222     0.000307785114302    -0.000080926214506
     0.000088379964609    -0.000080934749569    -0.000210532576961
39 16
     0.000006589065326    -0.000022224112252     0.000001396271181
    -0.000022223575640     0.000060856811749    -0.000001965723314
     0.000001396181198    -0.000001965647515    -0.000006922055259
39 17
     0.000414335209907     0.000600198575126     0.000088371442864
     0.000600193388222     0.000307785114302     0.000080926214506
     0.000088379964609     0.000080934749569    -0.000210532576961
39 18
     0.000006589065326     0.000022224112252     0.000001396271181
     0.000022223575640     0.000060856811749     0.000001965723314
     0.000001396181198     0.000001965647515    -0.000006922055259
39 19
     0.000179259333436    -0.000259079008915     0.000163956636050
    -0.000259079760492     0.000132913258598    -0.000150123132135
     0.000163952259547    -0.000150118623844     0.000139248648738
39 20
     0.002885030373183     0.000000000000000     0.006287285092223
     0.000000000000000     0.477250210813452     0.000000000000000
     0.006290904592036     0.000000000000000    -0.070161042611928
39 21
     0.000453149463440    -0.000000000000000     0.000240311430860
    -0.000000000000000    -0.000325652543689     0.000000000000000
     0.000240293311731     0.000000000000000     0.000837903978328
39 22
     0.000088276796973    -0.000000000000000    -0.000008149523854
    -0.000000000000000    -0.000017659625387     0.000000000000000
    -0.000008149376409    -0.000000000000000     0.000016003140110
39 23
     0.000285070050985    -0.000000000000000     0.000074024296417
    -0.000000000000000    -0.000080534226238    -0.000000000000000
     0.000074023769489    -0.000000000000000     0.000161862602777
39 24
     0.000003020368959    -0.000012850185471     0.000003038772885
    -0.000012849967365     0.000038830140288    -0.000004591040299
     0.000003038596759    -0.000004590903020     0.000004253663439
39 25
     0.000128816410955    -0.000245321946919     0.000088547276283
    -0.000245319931303     0.000220656801039    -0.000106248533146
     0.000088542769444    -0.000106244073111    -0.000010518400465
39 26
     0.000015437190854    -0.000050922964545     0.000012019646521
    -0.000050921938340     0.000080321903291    -0.000019345294284
     0.000012018893146    -0.000019344541995    -0.000003133819199
39 27
     0.000128816410955     0.000245321946919     0.000088547276283
     0.000245319931303     0.000220656801039     0.000106248533146
     0.000088542769444     0.000106244073111    -0.000010518400465
39 28
     0.000015437190854     0.000050922964545     0.000012019646521
     0.000050921938340     0.000080321903291     0.000019345294284
     0.000012018893146     0.000019344541995    -0.000003133819199
39 29
     0.000096087938359    -0.000000000000000     0.000004823683548
     0.000000000000000    -0.000016781003353    -0.000000000000000
     0.000004823571628    -0.000000000000000     0.000003065076242
39 30
     0.000275837094418    -0.000000000000000     0.000099535003513
    -0.000000000000000    -0.000053319843960    -0.000000000000000
     0.000099533012871     0.000000000000000     0.000021308719111
39 31
     1.842763913430226     0.000000000000000    -1.511941391307644
     0.000000000000000     1.894009231093324    -0.000000000000000
     0.493922071780818    -0.000000000000000    -0.404834426327446
39 32
    -0.107112077900893    -0.000000000000000    -0.120216561198994
     0.000000000000000    -0.561991043320870     0.000000000000000
    -0.120241789019885    -0.000000000000000    -0.104474544869460
39 33
     0.000179259333436     0.000259079008915     0.000163956636050
     0.000259079760492     0.000132913258598     0.000150123132135
     0.000163952259547     0.000150118623844     0.000139248648738
39 34
     0.000003020368959     0.000012850185471     0.000003038772885
     0.000012849967365     0.000038830140288     0.000004591040299
     0.000003038596759     0.000004590903020     0.000004253663439
39 35
     0.000019894717434     0.000033883795449    -0.000000000000000
     0.000033883795450     0.000019894717433     0.000000000000000
    -0.000000000000000     0.000000000000001     0.000030850551873
39 36
     0.000002658897815     0.000007270106806    -0.000005423661432
     0.000006074818468     0.000011728397486    -0.000005448978242
    -0.000002258995214    -0.000003978643715     0.000009626916743
39 37
     0.000033667560650    -0.000000000000000    -0.000000000000000
    -0.000000000000000    -0.000005117630693    -0.000000000000000
     0.000000000000000     0.000000000000000    -0.000003401897022
39 38
     0.000189166022580    -0.000000000000000    -0.000001262438737
     0.000000000000000    -0.000030015965728    -0.000000000000000
    -0.000001262395592     0.000000000000000    -0.000026758400475
39 39
     9.709449506207198     0.000000000000000    -5.799237059024501
     0.000000000000000     4.404130908902772     0.000000000000000
    -5.799990559693217    -0.000000000000000    28.912694256557973
39 40
    -0.524463251361957     0.000000000000000     0.006810565690432
     0.000000000000000     0.036751304956382     0.000000000000000
     0.006807524870325    -0.000000000000000     0.036638777817633
39 41
     0.000115464734066    -0.000162109110836    -0.000027336480569
    -0.000162109110836     0.000115464734066     0.000027336480570
    -0.000027334915612     0.000027334915609    -0.000038277059579
39 42
     0.000002849555229    -0.000009571751283    -0.000000918122406
    -0.000009571519983     0.000017467327160     0.000001491931814
    -0.000000918059280     0.000001491868910    -0.000002156989986
39 43
     0.000115464734066     0.000162109110836    -0.000027336480569
     0.000162109110836     0.000115464734066    -0.000027336480570
    -0.000027334915612    -0.000027334915609    -0.000038277059579
39 44
     0.000002849555229     0.000009571751283    -0.000000918122406
     0.000009571519983     0.000017467327160    -0.000001491931814
    -0.000000918059280    -0.000001491868910    -0.000002156989986
39 45
     0.000268072946607     0.000000000000000     0.000000000000000
     0.000000000000000     0.000268072946607     0.000000000000000
    -0.000000000000000     0.000000000000000    -0.010735674118416
39 46
     0.000136108310845    -0.000000000000000    -0.000204690715952
    -0.000000000000000    -0.000143256040235    -0.000000000000000
    -0.000204673582240     0.000000000000000     0.000374885513631
39 47
     0.000024578111365    -0.000000000000000    -0.000008989419755
    -0.000000000000000    -0.000003369575643     0.000000000000000
    -0.000003802488293     0.000000000000000     0.000009864228571
39 48
     0.000049085441657    -0.000000000000000    -0.000015552166581
    -0.000000000000000    -0.000011519454798    -0.000000000000000
    -0.000015551966927    -0.000000000000000     0.000018062423786
39 49
     0.000019894717434    -0.000033883795449    -0.000000000000000
    -0.000033883795450     0.000019894717433    -0.000000000000000
    -0.000000000000000    -0.000000000000001     0.000030850551873
39 50
     0.000002658897815    -0.000007270106806    -0.000005423661432
    -0.000006074818468     0.000011728397486     0.000005448978242
    -0.000002258995214     0.000003978643715     0.000009626916743
40 1
     0.000343289517422    -0.000000000000000    -0.000017436556448
     0.000000000000000    -0.000056914512065    -0.000000000000000
    -0.000017436140215    -0.000000000000000    -0.000042532074626
40 2
     0.000140885541504    -0.000000000000000     0.000014309031021
    -0.000000000000000    -0.000030845005031    -0.000000000000000
     0.000014308799438    -0.000000000000000     0.000036736983911
40 3
     0.000092412104093     0.000026138987094     0.000024641716253
     0.000026139910145    -0.000009741388802     0.000007599743243
     0.000024641064677     0.000007599217530     0.000006304945169
40 4
     0.000090832000681    -0.000000000000000     0.000008460103410
     0.000000000000000    -0.000014893348805     0.000000000000000
     0.000008459881891     0.000000000000000    -0.000003021479735
40 5
     0.000817817890455    -0.000000000000000    -0.000356953318230
     0.000000000000000    -0.000217416337350     0.000000000000000
    -0.000356959937957     0.000000000000000    -0.000048671979131
40 6
     0.000143064692687    -0.000041538854452     0.000019604067469
    -0.000041540679456    -0.000011486614844    -0.000005997267484
     0.000019603410281    -0.000005996784671    -0.000013845731943
40 7
     0.000143064692687     0.000041538854452     0.000019604067469
     0.000041540679456    -0.000011486614844     0.000005997267484
     0.000019603410281     0.000005996784671    -0.000013845731943
40 8
     0.000379151136056    -0.000000000000000    -0.000224965727903
     0.000000000000000    -0.000107096221456    -0.000000000000000
    -0.000224964412303     0.000000000000000     0.000178847471632
40 9
     0.000062709860253    -0.000000000000000     0.000005441471146
     0.000000000000000    -0.000011828878747     0.000000000000000
     0.000005441358711    -0.000000000000000     0.000007463554397
40 10
     0.000092412104093    -0.000026138987094     0.000024641716253
    -0.000026139910145    -0.000009741388802    -0.000007599743243
     0.000024641064677    -0.000007599217530     0.000006304945169
40 11
     0.000458813518365    -0.000000000000000     0.000095859176747
    -0.000000000000000    -0.000078703486288    -0.000000000000000
     0.000095856771057     0.000000000000000    -0.000041615990559
40 12
    -0.000003982319869     0.000000000000000    -2.840730690463003
     0.000000000000000     1.889796799785401    -0.000000000000000
    -0.000020968121173    -0.000000000000000     1.478517044698504
40 13
    -0.333796181514697     0.000000000000000     0.137346960414525
     0.000000000000000     0.025464952907427     0.000000000000000
     0.137319165849004    -0.000000000000000    -0.026956359276432
40 14
   -15.694667559802813    -0.000000000000000    -7.570214426000220
    -0.000000000000000    -7.999393943174335    -0.000000000000000
    -7.797557129014388    -0.000000000000000   -26.326929537242226
40 15
     0.000097831298442    -0.000049628903830     0.000006142372011
    -0.000049630245003     0.000010667498230    -0.000003453649418
     0.000006142126934    -0.000003453409886    -0.000012644201569
40 16
     0.000010001513021    -0.000004308874696     0.000000233105688
    -0.000004308865965     0.000012216616815    -0.000000187448801
     0.000000233093937    -0.000000187439712    -0.000001602185034
40 17
     0.000097831298442     0.000049628903830     0.000006142372011
     0.000049630245003     0.000010667498230     0.000003453649418
     0.000006142126934     0.000003453409886    -0.000012644201569
40 18
     0.000010001513021     0.000004308874696     0.000000233105688
     0.000004308865965     0.000012216616815     0.000000187448801
     0.000000233093937     0.000000187439712    -0.000001602185034
40 19
     0.000056671789625    -0.000027383048172     0.000012182620356
    -0.000027383575498     0.000004133102169    -0.000006683302051
     0.000012182245433    -0.000006682909489     0.000007552803834
40 20
     0.000320407152814    -0.000000000000000    -0.000197160986383
     0.000000000000000    -0.000388992669592     0.000000000000000
    -0.000197103070910     0.000000000000000     0.000834803281156
40 21
     0.000227646178611     0.000000000000000    -0.004553377980717
    -0.000000000000000     0.472640645927768    -0.000000000000000
    -0.004555881408668     0.000000000000000    -0.030409847154401
40 22
     0.000167167671819    -0.000000000000000     0.000033541601381
     0.000000000000000    -0.000038982337909    -0.000000000000000
     0.000033541133309    -0.000000000000000     0.000057616746948
40 23
    -0.000571350993414    -0.000000000000000    -0.000945675489874
     0.000000000000000    -0.000528531492112    -0.000000000000000
    -0.000946134135950    -0.000000000000000    -0.000382432763772
40 24
     0.000008182150480    -0.000003241628806     0.000000610270958
    -0.000003241624293     0.000009898745214    -0.000000505387570
     0.000000610240744    -0.000000505364342     0.000000147795624
40 25
     0.000055321119278    -0.000003584853731    -0.000005726828752
    -0.000013191611955     0.000035430818016    -0.000019115352922
    -0.000010677411233    -0.000037685785010     0.000016950022921
40 26
     0.000014275836174    -0.000009420165459     0.000001856173886
    -0.000009420179879     0.000012227263543    -0.000001831689599
     0.000001856092646    -0.000001831603358    -0.000001113464829
40 27
     0.000055321119278     0.000003584853731    -0.000005726828752
     0.000013191611955     0.000035430818016     0.000019115352922
    -0.000010677411233     0.000037685785010     0.000016950022921
40 28
     0.000014275836174     0.000009420165459     0.000001856173886
     0.000009420179879     0.000012227263543     0.000001831689599
     0.000001856092646     0.000001831603358    -0.000001113464829
40 29
     0.000643649865065    -0.000000000000000     0.000346151079055
    -0.000000000000000    -0.000160323987962     0.000000000000000
     0.000346148680451    -0.000000000000000     0.000093195153986
40 30
    -0.013475482640246     0.000000000000000    -0.011286313181941
     0.000000000000000     0.500883466649611     0.000000000000000
    -0.011286829808637     0.000000000000000    -0.007988495699692
40 31
    -0.244632323056667    -0.000000000000000     0.344772231123459
    -0.000000000000000    -0.450820264160749    -0.000000000000000
     0.344862463564220    -0.000000000000000    -0.365520675494777
40 32
     2.244313135817359     0.000000000000000     1.445753998552006
    -0.000000000000000     1.829536700888174     0.000000000000000
    -1.168281385459542     0.000000000000000    -0.752093722089757
40 33
     0.000056671789625     0.000027383048172     0.000012182620356
     0.000027383575498     0.000004133102169     0.000006683302051
     0.000012182245433     0.000006682909489     0.000007552803834
40 34
     0.000008182150480     0.000003241628806     0.000000610270958
     0.000003241624293     0.000009898745214     0.000000505387570
     0.000000610240744     0.000000505364342     0.000000147795624
40 35
     0.000011728397486     0.000006074818470     0.000005448978242
     0.000007270106809     0.000002658897817     0.000005423661434
     0.000003978643716     0.000002258995214     0.000009626916743
40 36
     0.000002086079188     0.000001129596448    -0.000000000000000
     0.000001129596447     0.000002086079188     0.000000000000001
    -0.000000000000000     0.000000000000001     0.000000207096644
40 37
     0.000189166022578    -0.000000000000000     0.000001262438738
    -0.000000000000000    -0.000030015965728     0.000000000000000
     0.000001262395592     0.000000000000000    -0.000026758400476
40 38
    -0.618879903715954    -0.000000000000000     0.000000000000000
    -0.000000000000000    -0.616178252762534    -0.000000000000000
    -0.000000000000000     0.000000000000000     0.043631413647857
40 39
    -0.524463251361825     0.000000000000000     0.006810565690428
    -0.000000000000000     0.036751304956383     0.000000000000000
     0.006807524870324    -0.000000000000000     0.036638777817634
40 40
    15.180460825088877     0.000000000000000     8.493227994430116
    -0.000000000000000     4.312600537819645    -0.000000000000000
     8.493853234096250    -0.000000000000000    25.964972785021860
40 41
     0.000017467327162    -0.000009571519985    -0.000001491931814
    -0.000009571751285     0.000002849555229     0.000000918122406
    -0.000001491868910     0.000000918059282    -0.000002156989983
40 42
     0.000002780137443    -0.000001689035694    -0.000000150787554
    -0.000001689035694     0.000002780137443     0.000000150787554
    -0.000000150780233     0.000000150780233    -0.000000393923927
40 43
     0.000017467327162     0.000009571519985    -0.000001491931814
     0.000009571751285     0.000002849555229    -0.000000918122406
    -0.000001491868910    -0.000000918059282    -0.000002156989983
40 44
     0.000002780137443     0.000001689035694    -0.000000150787554
     0.000001689035694     0.000002780137443    -0.000000150787554
    -0.000000150780233    -0.000000150780233    -0.000000393923927
40 45
     0.000136108310849    -0.000000000000000     0.000204690715954
    -0.000000000000000    -0.000143256040235     0.000000000000000
     0.000204673582239     0.000000000000000     0.000374885513631
40 46
     0.000538812469588     0.000000000000000     0.000000000000000
     0.000000000000000     0.000538812469589     0.000000000000000
     0.000000000000000     0.000000000000000    -0.015302912776905
40 47
     0.000049085441657    -0.000000000000000    -0.000015552166581
    -0.000000000000000    -0.000011519454798     0.000000000000000
    -0.000015551966926     0.000000000000000     0.000018062423786
40 48
     0.000126887031406    -0.000000000000000    -0.000205613470129
    -0.000000000000000    -0.000148882988328     0.000000000000000
    -0.000205591221806    -0.000000000000000     0.000366883939902
40 49
     0.000011728397486    -0.000006074818470     0.000005448978242
    -0.000007270106809     0.000002658897817    -0.000005423661434
     0.000003978643716    -0.000002258995214     0.000009626916743
40 50
     0.000002086079188    -0.000001129596448    -0.000000000000000
    -0.000001129596447     0.000002086079188    -0.000000000000001
    -0.000000000000000    -0.000000000000001     0.000000207096644
41 1
    -0.386918173858475     0.000000000000000     0.000000000000000
     0.000000000000000    -0.200569455223560    -0.018628069096045
    -0.000000000000000    -0.018623138508688     0.011523662568846
41 2
    -0.000272508327442    -0.000000000000000     0.000000000000000
     0.000000000000000     0.000345312663369    -0.000056408659971
    -0.000000000000000    -0.000056390929480     0.000528294721817
41 3
    -0.000045228217024     0.000000000000000    -0.000000000000000
     0.000000000000000     0.000199133976797     0.000081192695045
    -0.000000000000000     0.000081191570872     0.000056968615559
41 4
    -0.000689086694107    -0.000818949715242     0.000234665248190
    -0.000818421466151    -0.001891986471574     0.000463711847133
     0.000234357809381     0.000463395998202    -0.000374045087303
41 5
    -0.000689086694107     0.000818949715242    -0.000234665248190
     0.000818421466151    -0.001891986471574     0.000463711847133
    -0.000234357809381     0.000463395998202    -0.000374045087303
41 6
     1.640725764831065    -0.000000000000000     0.000000000000000
    -0.000000000000000     0.856366303082399    -2.527606127344179
     0.000000000000000    -0.229547650022360     0.677523345840039
41 7
    -0.000078857237697    -0.000000000000000    -0.000000000000000
     0.000000000000000     0.000432115729333     0.000137691499286
     0.000000000000000     0.000137688365832    -0.000016741347016
41 8
    -0.000065542187450    -0.000354413092759     0.000213493900687
    -0.000354427981412     0.000458450737745    -0.000422469374645
     0.000213509684154    -0.000422479468561     0.000157194205730
41 9
    -0.000065542187450     0.000354413092759    -0.000213493900687
     0.000354427981412     0.000458450737745    -0.000422469374645
    -0.000213509684154    -0.000422479468561     0.000157194205730
41 10
     0.519137986253624    -0.000000000000000     0.000000000000000
    -0.000000000000000    -0.009984805661111    -0.021673295015568
     0.000000000000000    -0.021681893319435    -0.035038044038309
41 11
     0.000307785114302     0.000600193388222    -0.000080926214506
     0.000600198575126     0.000414335209907    -0.000088371442864
    -0.000080934749569    -0.000088379964609    -0.000210532576961
41 12
     0.000060856811749     0.000022223575640    -0.000001965723314
     0.000022224112252     0.000006589065326    -0.000001396271181
    -0.000001965647515    -0.000001396181198    -0.000006922055259
41 13
     0.000307785114302    -0.000600193388222     0.000080926214506
    -0.000600198575126     0.000414335209907    -0.000088371442864
     0.000080934749569    -0.000088379964609    -0.000210532576961
41 14
     0.000060856811749    -0.000022223575640     0.000001965723314
    -0.000022224112252     0.000006589065326    -0.000001396271181
     0.000001965647515    -0.000001396181198    -0.000006922055259
41 15
    -8.033232240880173     0.000000000000000     0.000000000000000
     0.000000000000000   -11.412674823427455    -4.901781236395302
     0.000000000000000    -5.194726635198529   -29.009117575317287
41 16
     0.010691358742140    -0.000000000000000    -0.000000000000000
    -0.000000000000000    -0.159548220853589     0.052177406860152
     0.000000000000000     0.052165465735651    -0.005234934186707
41 17
    -0.000026610803860    -0.000000000000000     0.000000000000000
     0.000000000000000     0.000166716125084     0.000018700536651
     0.000000000000000     0.000018700017374    -0.000012394726299
41 18
    -0.000215530631833    -0.000000000000000     0.000000000000000
     0.000000000000000     0.000935923602714    -0.000222147061416
    -0.000000000000000    -0.000222150994992    -0.000143899959587
41 19
     0.477250210813452    -0.000000000000000     0.000000000000000
    -0.000000000000000     0.002885030373183    -0.006287285092223
     0.000000000000000    -0.006290904592036    -0.070161042611928
41 20
     0.000132913258598    -0.000259079760492     0.000150123132135
    -0.000259079008915     0.000179259333436    -0.000163956636050
     0.000150118623844    -0.000163952259547     0.000139248648738
41 21
     0.000038830140288    -0.000012849967365     0.000004591040299
    -0.000012850185471     0.000003020368959    -0.000003038772885
     0.000004590903020    -0.000003038596759     0.000004253663439
41 22
     0.000132913258598     0.000259079760492    -0.000150123132135
     0.000259079008915     0.000179259333436    -0.000163956636050
    -0.000150118623844    -0.000163952259547     0.000139248648738
41 23
     0.000038830140288     0.000012849967365    -0.000004591040299
     0.000012850185471     0.000003020368959    -0.000003038772885
    -0.000004590903020    -0.000003038596759     0.000004253663439
41 24
    -0.000325652543689     0.000000000000000     0.000000000000000
     0.000000000000000     0.000453149463440    -0.000240311430860
     0.000000000000000    -0.000240293311731     0.000837903978328
41 25
     1.894009231093324    -0.000000000000000    -0.000000000000000
    -0.000000000000000     1.842763913430226     1.511941391307644
    -0.000000000000000    -0.493922071780818    -0.404834426327446
41 26
    -0.561991043320870    -0.000000000000000     0.000000000000000
     0.000000000000000    -0.107112077900893     0.120216561198994
    -0.000000000000000     0.120241789019885    -0.104474544869460
41 27
    -0.000016781003353    -0.000000000000000    -0.000000000000000
     0.000000000000000     0.000096087938359    -0.000004823683548
    -0.000000000000000    -0.000004823571628     0.000003065076242
41 28
    -0.000053319843960     0.000000000000000    -0.000000000000000
     0.000000000000000     0.000275837094418    -0.000099535003513
     0.000000000000000    -0.000099533012871     0.000021308719111
41 29
     0.000220656801039     0.000245319931303    -0.000106248533146
     0.000245321946919     0.000128816410955    -0.000088547276283
    -0.000106244073111    -0.000088542769444    -0.000010518400465
41 30
     0.000080321903291     0.000050921938340    -0.000019345294284
     0.000050922964545     0.000015437190854    -0.000012019646521
    -0.000019344541995    -0.000012018893146    -0.000003133819199
41 31
     0.000220656801039    -0.000245319931303     0.000106248533146
    -0.000245321946919     0.000128816410955    -0.000088547276283
     0.000106244073111    -0.000088542769444    -0.000010518400465
41 32
     0.000080321903291    -0.000050921938340     0.000019345294284
    -0.000050922964545     0.000015437190854    -0.000012019646521
     0.000019344541995    -0.000012018893146    -0.000003133819199
41 33
    -0.000017659625387     0.000000000000000     0.000000000000000
     0.000000000000000     0.000088276796973     0.000008149523854
    -0.000000000000000     0.000008149376409     0.000016003140110
41 34
    -0.000080534226238     0.000000000000000    -0.000000000000000
     0.000000000000000     0.000285070050985    -0.000074024296417
    -0.000000000000000    -0.000074023769489     0.000161862602777
41 35
    -0.000003369575643     0.000000000000000     0.000000000000000
     0.000000000000000     0.000024578111365     0.000008989419755
     0.000000000000000     0.000003802488293     0.000009864228571
41 36
    -0.000011519454798     0.000000000000000    -0.000000000000000
     0.000000000000000     0.000049085441657     0.000015552166581
    -0.000000000000000     0.000015551966927     0.000018062423786
41 37
     0.000115464734066     0.000162109110836     0.000027336480570
     0.000162109110836     0.000115464734066     0.000027336480569
     0.000027334915609     0.000027334915612    -0.000038277059579
41 38
     0.000017467327160     0.000009571519983     0.000001491931814
     0.000009571751283     0.000002849555229     0.000000918122406
     0.000001491868910     0.000000918059280    -0.000002156989986
41 39
     0.000115464734066    -0.000162109110836    -0.000027336480570
    -0.000162109110836     0.000115464734066     0.000027336480569
    -0.000027334915609     0.000027334915612    -0.000038277059579
41 40
     0.000017467327160    -0.000009571519983    -0.000001491931814
    -0.000009571751283     0.000002849555229     0.000000918122406
    -0.000001491868910     0.000000918059280    -0.000002156989986
41 41
     4.404130908902772    -0.000000000000000     0.000000000000000
    -0.000000000000000     9.709449506207198     5.799237059024501
    -0.000000000000000     5.799990559693217    28.912694256557973
41 42
     0.036751304956382    -0.000000000000000     0.000000000000000
    -0.000000000000000    -0.524463251361957    -0.006810565690432
    -0.000000000000000    -0.006807524870325     0.036638777817633
41 43
    -0.000005117630693     0.000000000000000    -0.000000000000000
     0.000000000000000     0.000033667560650     0.000000000000000
     0.000000000000000    -0.000000000000000    -0.000003401897022
41 44
    -0.000030015965728    -0.000000000000000    -0.000000000000000
     0.000000000000000     0.000189166022580     0.000001262438737
     0.000000000000000     0.000001262395592    -0.000026758400475
41 45
     0.000019894717433    -0.000033883795450     0.000000000000000
    -0.000033883795449     0.000019894717434     0.000000000000000
     0.000000000000001     0.000000000000000     0.000030850551873
41 46
     0.000011728397486    -0.000006074818468    -0.000005448978242
    -0.000007270106806     0.000002658897815     0.000005423661432
    -0.000003978643715     0.000002258995214     0.000009626916743
41 47
     0.000019894717433     0.000033883795450    -0.000000000000000
     0.000033883795449     0.000019894717434     0.000000000000000
    -0.000000000000001     0.000000000000000     0.000030850551873
41 48
     0.000011728397486     0.000006074818468     0.000005448978242
     0.000007270106806     0.000002658897815     0.000005423661432
     0.000003978643715     0.000002258995214     0.000009626916743
41 49
     0.000268072946607    -0.000000000000000     0.000000000000000
    -0.000000000000000     0.000268072946607    -0.000000000000000
     0.000000000000000     0.000000000000000    -0.010735674118416
41 50
    -0.000143256040235     0.000000000000000    -0.000000000000000
     0.000000000000000     0.000136108310845     0.000204690715952
     0.000000000000000     0.000204673582240     0.000374885513631
42 1
    -0.000056914512065    -0.000000000000000    -0.000000000000000
     0.000000000000000     0.000343289517422     0.000017436556448
    -0.000000000000000     0.000017436140215    -0.000042532074626
42 2
    -0.000030845005031     0.000000000000000    -0.000000000000000
     0.000000000000000     0.000140885541504    -0.000014309031021
    -0.000000000000000    -0.000014308799438     0.000036736983911
42 3
    -0.000011828878747    -0.000000000000000     0.000000000000000
     0.000000000000000     0.000062709860253    -0.000005441471146
    -0.000000000000000    -0.000005441358711     0.000007463554397
42 4
    -0.000011486614844     0.000041540679456    -0.000005997267484
     0.000041538854452     0.000143064692687    -0.000019604067469
    -0.000005996784671    -0.000019603410281    -0.000013845731943
42 5
    -0.000011486614844    -0.000041540679456     0.000005997267484
    -0.000041538854452     0.000143064692687    -0.000019604067469
     0.000005996784671    -0.000019603410281    -0.000013845731943
42 6
    -0.000217416337350    -0.000000000000000     0.000000000000000
     0.000000000000000     0.000817817890455     0.000356953318230
     0.000000000000000     0.000356959937957    -0.000048671979131
42 7
    -0.000014893348805    -0.000000000000000     0.000000000000000
     0.000000000000000     0.000090832000681    -0.000008460103410
     0.000000000000000    -0.000008459881891    -0.000003021479735
42 8
    -0.000009741388802    -0.000026139910145     0.000007599743243
    -0.000026138987094     0.000092412104093    -0.000024641716253
     0.000007599217530    -0.000024641064677     0.000006304945169
42 9
    -0.000009741388802     0.000026139910145    -0.000007599743243
     0.000026138987094     0.000092412104093    -0.000024641716253
    -0.000007599217530    -0.000024641064677     0.000006304945169
42 10
    -0.000107096221456    -0.000000000000000    -0.000000000000000
     0.000000000000000     0.000379151136056     0.000224965727903
     0.000000000000000     0.000224964412303     0.000178847471632
42 11
     0.000010667498230     0.000049630245003    -0.000003453649418
     0.000049628903830     0.000097831298442    -0.000006142372011
    -0.000003453409886    -0.000006142126934    -0.000012644201569
42 12
     0.000012216616815     0.000004308865965    -0.000000187448801
     0.000004308874696     0.000010001513021    -0.000000233105688
    -0.000000187439712    -0.000000233093937    -0.000001602185034
42 13
     0.000010667498230    -0.000049630245003     0.000003453649418
    -0.000049628903830     0.000097831298442    -0.000006142372011
     0.000003453409886    -0.000006142126934    -0.000012644201569
42 14
     0.000012216616815    -0.000004308865965     0.000000187448801
    -0.000004308874696     0.000010001513021    -0.000000233105688
     0.000000187439712    -0.000000233093937    -0.000001602185034
42 15
     0.025464952907427    -0.000000000000000     0.000000000000000
    -0.000000000000000    -0.333796181514697    -0.137346960414525
    -0.000000000000000    -0.137319165849004    -0.026956359276432
42 16
    -7.999393943174335     0.000000000000000    -0.000000000000000
     0.000000000000000   -15.694667559802813     7.570214426000220
    -0.000000000000000     7.797557129014388   -26.326929537242226
42 17
    -0.000078703486288     0.000000000000000    -0.000000000000000
     0.000000000000000     0.000458813518365    -0.000095859176747
     0.000000000000000    -0.000095856771057    -0.000041615990559
42 18
     1.889796799785401    -0.000000000000000    -0.000000000000000
    -0.000000000000000    -0.000003982319869     2.840730690463003
    -0.000000000000000     0.000020968121173     1.478517044698504
42 19
    -0.000388992669592    -0.000000000000000     0.000000000000000
     0.000000000000000     0.000320407152814     0.000197160986383
     0.000000000000000     0.000197103070910     0.000834803281156
42 20
     0.000004133102169    -0.000027383575498     0.000006683302051
    -0.000027383048172     0.000056671789625    -0.000012182620356
     0.000006682909489    -0.000012182245433     0.000007552803834
42 21
     0.000009898745214    -0.000003241624293     0.000000505387570
    -0.000003241628806     0.000008182150480    -0.000000610270958
     0.000000505364342    -0.000000610240744     0.000000147795624
42 22
     0.000004133102169     0.000027383575498    -0.000006683302051
     0.000027383048172     0.000056671789625    -0.000012182620356
    -0.000006682909489    -0.000012182245433     0.000007552803834
42 23
     0.000009898745214     0.000003241624293    -0.000000505387570
     0.000003241628806     0.000008182150480    -0.000000610270958
    -0.000000505364342    -0.000000610240744     0.000000147795624
42 24
     0.472640645927768     0.000000000000000    -0.000000000000000
    -0.000000000000000     0.000227646178611     0.004553377980717
     0.000000000000000     0.004555881408668    -0.030409847154401
42 25
    -0.450820264160749     0.000000000000000    -0.000000000000000
     0.000000000000000    -0.244632323056667    -0.344772231123459
    -0.000000000000000    -0.344862463564220    -0.365520675494777
42 26
     1.829536700888174     0.000000000000000     0.000000000000000
    -0.000000000000000     2.244313135817359    -1.445753998552006
     0.000000000000000     1.168281385459542    -0.752093722089757
42 27
    -0.000160323987962     0.000000000000000     0.000000000000000
     0.000000000000000     0.000643649865065    -0.000346151079055
    -0.000000000000000    -0.000346148680451     0.000093195153986
42 28
     0.500883466649611    -0.000000000000000     0.000000000000000
    -0.000000000000000    -0.013475482640246     0.011286313181941
     0.000000000000000     0.011286829808637    -0.007988495699692
42 29
     0.000035430818016     0.000013191611955    -0.000019115352922
     0.000003584853731     0.000055321119278     0.000005726828752
    -0.000037685785010     0.000010677411233     0.000016950022921
42 30
     0.000012227263543     0.000009420179879    -0.000001831689599
     0.000009420165459     0.000014275836174    -0.000001856173886
    -0.000001831603358    -0.000001856092646    -0.000001113464829
42 31
     0.000035430818016    -0.000013191611955     0.000019115352922
    -0.000003584853731     0.000055321119278     0.000005726828752
     0.000037685785010     0.000010677411233     0.000016950022921
42 32
     0.000012227263543    -0.000009420179879     0.000001831689599
    -0.000009420165459     0.000014275836174    -0.000001856173886
     0.000001831603358    -0.000001856092646    -0.000001113464829
42 33
    -0.000038982337909    -0.000000000000000    -0.000000000000000
     0.000000000000000     0.000167167671819    -0.000033541601381
    -0.000000000000000    -0.000033541133309     0.000057616746948
42 34
    -0.000528531492112    -0.000000000000000    -0.000000000000000
     0.000000000000000    -0.000571350993414     0.000945675489874
    -0.000000000000000     0.000946134135950    -0.000382432763772
42 35
    -0.000011519454798     0.000000000000000     0.000000000000000
     0.000000000000000     0.000049085441657     0.000015552166581
     0.000000000000000     0.000015551966926     0.000018062423786
42 36
    -0.000148882988328     0.000000000000000     0.000000000000000
     0.000000000000000     0.000126887031406     0.000205613470129
    -0.000000000000000     0.000205591221806     0.000366883939902
42 37
     0.000002849555229     0.000009571751285     0.000000918122406
     0.000009571519985     0.000017467327162     0.000001491931814
     0.000000918059282     0.000001491868910    -0.000002156989983
42 38
     0.000002780137443     0.000001689035694     0.000000150787554
     0.000001689035694     0.000002780137443     0.000000150787554
     0.000000150780233     0.000000150780233    -0.000000393923927
42 39
     0.000002849555229    -0.000009571751285    -0.000000918122406
    -0.000009571519985     0.000017467327162     0.000001491931814
    -0.000000918059282     0.000001491868910    -0.000002156989983
42 40
     0.000002780137443    -0.000001689035694    -0.000000150787554
    -0.000001689035694     0.000002780137443     0.000000150787554
    -0.000000150780233     0.000000150780233    -0.000000393923927
42 41
     0.036751304956383     0.000000000000000     0.000000000000000
    -0.000000000000000    -0.524463251361825    -0.006810565690428
    -0.000000000000000    -0.006807524870324     0.036638777817634
42 42
     4.312600537819645     0.000000000000000    -0.000000000000000
    -0.000000000000000    15.180460825088877    -8.493227994430116
    -0.000000000000000    -8.493853234096250    25.964972785021860
42 43
    -0.000030015965728     0.000000000000000     0.000000000000000
     0.000000000000000     0.000189166022578    -0.000001262438738
     0.000000000000000    -0.000001262395592    -0.000026758400476
42 44
    -0.616178252762534     0.000000000000000    -0.000000000000000
     0.000000000000000    -0.618879903715954    -0.000000000000000
     0.000000000000000     0.000000000000000     0.043631413647857
42 45
     0.000002658897817    -0.000007270106809     0.000005423661434
    -0.000006074818470     0.000011728397486    -0.000005448978242
     0.000002258995214    -0.000003978643716     0.000009626916743
42 46
     0.000002086079188    -0.000001129596447     0.000000000000001
    -0.000001129596448     0.000002086079188     0.000000000000000
     0.000000000000001     0.000000000000000     0.000000207096644
42 47
     0.000002658897817     0.000007270106809    -0.000005423661434
     0.000006074818470     0.000011728397486    -0.000005448978242
    -0.000002258995214    -0.000003978643716     0.000009626916743
42 48
     0.000002086079188     0.000001129596447    -0.000000000000001
     0.000001129596448     0.000002086079188     0.000000000000000
    -0.000000000000001     0.000000000000000     0.000000207096644
42 49
    -0.000143256040235     0.000000000000000     0.000000000000000
     0.000000000000000     0.000136108310849    -0.000204690715954
     0.000000000000000    -0.000204673582239     0.000374885513631
42 50
     0.000538812469589    -0.000000000000000     0.000000000000000
    -0.000000000000000     0.000538812469588    -0.000000000000000
     0.000000000000000    -0.000000000000000    -0.015302912776905
43 1
    -0.386918173858475     0.000000000000000    -0.000000000000000
     0.000000000000000    -0.200569455223560     0.018628069096045
     0.000000000000000     0.018623138508688     0.011523662568846
43 2
    -0.000272508327442    -0.000000000000000    -0.000000000000000
     0.000000000000000     0.000345312663369     0.000056408659971
     0.000000000000000     0.000056390929480     0.000528294721817
43 3
     0.519137986253624    -0.000000000000000    -0.000000000000000
    -0.000000000000000    -0.009984805661111     0.021673295015568
    -0.000000000000000     0.021681893319435    -0.035038044038309
43 4
    -0.000689086694107     0.000818949715242     0.000234665248190
     0.000818421466151    -0.001891986471574    -0.000463711847133
     0.000234357809381    -0.000463395998202    -0.000374045087303
43 5
    -0.000689086694107    -0.000818949715242    -0.000234665248190
    -0.000818421466151    -0.001891986471574    -0.000463711847133
    -0.000234357809381    -0.000463395998202    -0.000374045087303
43 6
    -0.000078857237697    -0.000000000000000     0.000000000000000
     0.000000000000000     0.000432115729333    -0.000137691499286
    -0.000000000000000    -0.000137688365832    -0.000016741347016
43 7
     1.640725764831065    -0.000000000000000    -0.000000000000000
    -0.000000000000000     0.856366303082399     2.527606127344179
    -0.000000000000000     0.229547650022360     0.677523345840039
43 8
    -0.000065542187450     0.000354413092759     0.000213493900687
     0.000354427981412     0.000458450737745     0.000422469374645
     0.000213509684154     0.000422479468561     0.000157194205730
43 9
    -0.000065542187450    -0.000354413092759    -0.000213493900687
    -0.000354427981412     0.000458450737745     0.000422469374645
    -0.000213509684154     0.000422479468561     0.000157194205730
43 10
    -0.000045228217024     0.000000000000000     0.000000000000000
     0.000000000000000     0.000199133976797    -0.000081192695045
     0.000000000000000    -0.000081191570872     0.000056968615559
43 11
     0.000307785114302    -0.000600193388222    -0.000080926214506
    -0.000600198575126     0.000414335209907     0.000088371442864
    -0.000080934749569     0.000088379964609    -0.000210532576961
43 12
     0.000060856811749    -0.000022223575640    -0.000001965723314
    -0.000022224112252     0.000006589065326     0.000001396271181
    -0.000001965647515     0.000001396181198    -0.000006922055259
43 13
     0.000307785114302     0.000600193388222     0.000080926214506
     0.000600198575126     0.000414335209907     0.000088371442864
     0.000080934749569     0.000088379964609    -0.000210532576961
43 14
     0.000060856811749     0.000022223575640     0.000001965723314
     0.000022224112252     0.000006589065326     0.000001396271181
     0.000001965647515     0.000001396181198    -0.000006922055259
43 15
    -0.000026610803860    -0.000000000000000    -0.000000000000000
     0.000000000000000     0.000166716125084    -0.000018700536651
    -0.000000000000000    -0.000018700017374    -0.000012394726299
43 16
    -0.000215530631833    -0.000000000000000    -0.000000000000000
     0.000000000000000     0.000935923602714     0.000222147061416
     0.000000000000000     0.000222150994992    -0.000143899959587
43 17
    -8.033232240880173     0.000000000000000    -0.000000000000000
     0.000000000000000   -11.412674823427455     4.901781236395302
    -0.000000000000000     5.194726635198529   -29.009117575317287
43 18
     0.010691358742140    -0.000000000000000     0.000000000000000
    -0.000000000000000    -0.159548220853589    -0.052177406860152
    -0.000000000000000    -0.052165465735651    -0.005234934186707
43 19
    -0.000017659625387     0.000000000000000    -0.000000000000000
     0.000000000000000     0.000088276796973    -0.000008149523854
     0.000000000000000    -0.000008149376409     0.000016003140110
43 20
     0.000132913258598     0.000259079760492     0.000150123132135
     0.000259079008915     0.000179259333436     0.000163956636050
     0.000150118623844     0.000163952259547     0.000139248648738
43 21
     0.000038830140288     0.000012849967365     0.000004591040299
     0.000012850185471     0.000003020368959     0.000003038772885
     0.000004590903020     0.000003038596759     0.000004253663439
43 22
     0.000132913258598    -0.000259079760492    -0.000150123132135
    -0.000259079008915     0.000179259333436     0.000163956636050
    -0.000150118623844     0.000163952259547     0.000139248648738
43 23
     0.000038830140288    -0.000012849967365    -0.000004591040299
    -0.000012850185471     0.000003020368959     0.000003038772885
    -0.000004590903020     0.000003038596759     0.000004253663439
43 24
    -0.000080534226238     0.000000000000000     0.000000000000000
     0.000000000000000     0.000285070050985     0.000074024296417
     0.000000000000000     0.000074023769489     0.000161862602777
43 25
    -0.000016781003353    -0.000000000000000     0.000000000000000
     0.000000000000000     0.000096087938359     0.000004823683548
     0.000000000000000     0.000004823571628     0.000003065076242
43 26
    -0.000053319843960     0.000000000000000     0.000000000000000
     0.000000000000000     0.000275837094418     0.000099535003513
    -0.000000000000000     0.000099533012871     0.000021308719111
43 27
     1.894009231093324    -0.000000000000000     0.000000000000000
    -0.000000000000000     1.842763913430226    -1.511941391307644
     0.000000000000000     0.493922071780818    -0.404834426327446
43 28
    -0.561991043320870    -0.000000000000000    -0.000000000000000
     0.000000000000000    -0.107112077900893    -0.120216561198994
     0.000000000000000    -0.120241789019885    -0.104474544869460
43 29
     0.000220656801039    -0.000245319931303    -0.000106248533146
    -0.000245321946919     0.000128816410955     0.000088547276283
    -0.000106244073111     0.000088542769444    -0.000010518400465
43 30
     0.000080321903291    -0.000050921938340    -0.000019345294284
    -0.000050922964545     0.000015437190854     0.000012019646521
    -0.000019344541995     0.000012018893146    -0.000003133819199
43 31
     0.000220656801039     0.000245319931303     0.000106248533146
     0.000245321946919     0.000128816410955     0.000088547276283
     0.000106244073111     0.000088542769444    -0.000010518400465
43 32
     0.000080321903291     0.000050921938340     0.000019345294284
     0.000050922964545     0.000015437190854     0.000012019646521
     0.000019344541995     0.000012018893146    -0.000003133819199
43 33
     0.477250210813452    -0.000000000000000    -0.000000000000000
    -0.000000000000000     0.002885030373183     0.006287285092223
    -0.000000000000000     0.006290904592036    -0.070161042611928
43 34
    -0.000325652543689     0.000000000000000    -0.000000000000000
     0.000000000000000     0.000453149463440     0.000240311430860
    -0.000000000000000     0.000240293311731     0.000837903978328
43 35
     0.000268072946607    -0.000000000000000    -0.000000000000000
    -0.000000000000000     0.000268072946607     0.000000000000000
    -0.000000000000000    -0.000000000000000    -0.010735674118416
43 36
    -0.000143256040235     0.000000000000000     0.000000000000000
     0.000000000000000     0.000136108310845    -0.000204690715952
    -0.000000000000000    -0.000204673582240     0.000374885513631
43 37
     0.000115464734066    -0.000162109110836     0.000027336480570
    -0.000162109110836     0.000115464734066    -0.000027336480569
     0.000027334915609    -0.000027334915612    -0.000038277059579
43 38
     0.000017467327160    -0.000009571519983     0.000001491931814
    -0.000009571751283     0.000002849555229    -0.000000918122406
     0.000001491868910    -0.000000918059280    -0.000002156989986
43 39
     0.000115464734066     0.000162109110836    -0.000027336480570
     0.000162109110836     0.000115464734066    -0.000027336480569
    -0.000027334915609    -0.000027334915612    -0.000038277059579
43 40
     0.000017467327160     0.000009571519983    -0.000001491931814
     0.000009571751283     0.000002849555229    -0.000000918122406
    -0.000001491868910    -0.000000918059280    -0.000002156989986
43 41
    -0.000005117630693     0.000000000000000     0.000000000000000
     0.000000000000000     0.000033667560650    -0.000000000000000
    -0.000000000000000     0.000000000000000    -0.000003401897022
43 42
    -0.000030015965728    -0.000000000000000     0.000000000000000
     0.000000000000000     0.000189166022580    -0.000001262438737
    -0.000000000000000    -0.000001262395592    -0.000026758400475
43 43
     4.404130908902772    -0.000000000000000    -0.000000000000000
    -0.000000000000000     9.709449506207198    -5.799237059024501
     0.000000000000000    -5.799990559693217    28.912694256557973
43 44
     0.036751304956382    -0.000000000000000    -0.000000000000000
    -0.000000000000000    -0.524463251361957     0.006810565690432
     0.000000000000000     0.006807524870325     0.036638777817633
43 45
     0.000019894717433     0.000033883795450     0.000000000000000
     0.000033883795449     0.000019894717434    -0.000000000000000
     0.000000000000001    -0.000000000000000     0.000030850551873
43 46
     0.000011728397486     0.000006074818468    -0.000005448978242
     0.000007270106806     0.000002658897815    -0.000005423661432
    -0.000003978643715    -0.000002258995214     0.000009626916743
43 47
     0.000019894717433    -0.000033883795450    -0.000000000000000
    -0.000033883795449     0.000019894717434    -0.000000000000000
    -0.000000000000001    -0.000000000000000     0.000030850551873
43 48
     0.000011728397486    -0.000006074818468     0.000005448978242
    -0.000007270106806     0.000002658897815    -0.000005423661432
     0.000003978643715    -0.000002258995214     0.000009626916743
43 49
    -0.000003369575643     0.000000000000000    -0.000000000000000
     0.000000000000000     0.000024578111365    -0.000008989419755
    -0.000000000000000    -0.000003802488293     0.000009864228571
43 50
    -0.000011519454798     0.000000000000000     0.000000000000000
     0.000000000000000     0.000049085441657    -0.000015552166581
     0.000000000000000    -0.000015551966927     0.000018062423786
44 1
    -0.000056914512065    -0.000000000000000     0.000000000000000
     0.000000000000000     0.000343289517422    -0.000017436556448
     0.000000000000000    -0.000017436140215    -0.000042532074626
44 2
    -0.000030845005031     0.000000000000000     0.000000000000000
     0.000000000000000     0.000140885541504     0.000014309031021
     0.000000000000000     0.000014308799438     0.000036736983911
44 3
    -0.000107096221456    -0.000000000000000     0.000000000000000
     0.000000000000000     0.000379151136056    -0.000224965727903
    -0.000000000000000    -0.000224964412303     0.000178847471632
44 4
    -0.000011486614844    -0.000041540679456    -0.000005997267484
    -0.000041538854452     0.000143064692687     0.000019604067469
    -0.000005996784671     0.000019603410281    -0.000013845731943
44 5
    -0.000011486614844     0.000041540679456     0.000005997267484
     0.000041538854452     0.000143064692687     0.000019604067469
     0.000005996784671     0.000019603410281    -0.000013845731943
44 6
    -0.000014893348805    -0.000000000000000    -0.000000000000000
     0.000000000000000     0.000090832000681     0.000008460103410
    -0.000000000000000     0.000008459881891    -0.000003021479735
44 7
    -0.000217416337350    -0.000000000000000    -0.000000000000000
     0.000000000000000     0.000817817890455    -0.000356953318230
    -0.000000000000000    -0.000356959937957    -0.000048671979131
44 8
    -0.000009741388802     0.000026139910145     0.000007599743243
     0.000026138987094     0.000092412104093     0.000024641716253
     0.000007599217530     0.000024641064677     0.000006304945169
44 9
    -0.000009741388802    -0.000026139910145    -0.000007599743243
    -0.000026138987094     0.000092412104093     0.000024641716253
    -0.000007599217530     0.000024641064677     0.000006304945169
44 10
    -0.000011828878747    -0.000000000000000    -0.000000000000000
     0.000000000000000     0.000062709860253     0.000005441471146
     0.000000000000000     0.000005441358711     0.000007463554397
44 11
     0.000010667498230    -0.000049630245003    -0.000003453649418
    -0.000049628903830     0.000097831298442     0.000006142372011
    -0.000003453409886     0.000006142126934    -0.000012644201569
44 12
     0.000012216616815    -0.000004308865965    -0.000000187448801
    -0.000004308874696     0.000010001513021     0.000000233105688
    -0.000000187439712     0.000000233093937    -0.000001602185034
44 13
     0.000010667498230     0.000049630245003     0.000003453649418
     0.000049628903830     0.000097831298442     0.000006142372011
     0.000003453409886     0.000006142126934    -0.000012644201569
44 14
     0.000012216616815     0.000004308865965     0.000000187448801
     0.000004308874696     0.000010001513021     0.000000233105688
     0.000000187439712     0.000000233093937    -0.000001602185034
44 15
    -0.000078703486288     0.000000000000000     0.000000000000000
     0.000000000000000     0.000458813518365     0.000095859176747
    -0.000000000000000     0.000095856771057    -0.000041615990559
44 16
     1.889796799785401    -0.000000000000000     0.000000000000000
    -0.000000000000000    -0.000003982319869    -2.840730690463003
     0.000000000000000    -0.000020968121173     1.478517044698504
44 17
     0.025464952907427    -0.000000000000000    -0.000000000000000
    -0.000000000000000    -0.333796181514697     0.137346960414525
     0.000000000000000     0.137319165849004    -0.026956359276432
44 18
    -7.999393943174335     0.000000000000000     0.000000000000000
     0.000000000000000   -15.694667559802813    -7.570214426000220
     0.000000000000000    -7.797557129014388   -26.326929537242226
44 19
    -0.000038982337909    -0.000000000000000     0.000000000000000
     0.000000000000000     0.000167167671819     0.000033541601381
     0.000000000000000     0.000033541133309     0.000057616746948
44 20
     0.000004133102169     0.000027383575498     0.000006683302051
     0.000027383048172     0.000056671789625     0.000012182620356
     0.000006682909489     0.000012182245433     0.000007552803834
44 21
     0.000009898745214     0.000003241624293     0.000000505387570
     0.000003241628806     0.000008182150480     0.000000610270958
     0.000000505364342     0.000000610240744     0.000000147795624
44 22
     0.000004133102169    -0.000027383575498    -0.000006683302051
    -0.000027383048172     0.000056671789625     0.000012182620356
    -0.000006682909489     0.000012182245433     0.000007552803834
44 23
     0.000009898745214    -0.000003241624293    -0.000000505387570
    -0.000003241628806     0.000008182150480     0.000000610270958
    -0.000000505364342     0.000000610240744     0.000000147795624
44 24
    -0.000528531492112    -0.000000000000000     0.000000000000000
     0.000000000000000    -0.000571350993414    -0.000945675489874
     0.000000000000000    -0.000946134135950    -0.000382432763772
44 25
    -0.000160323987962     0.000000000000000    -0.000000000000000
     0.000000000000000     0.000643649865065     0.000346151079055
     0.000000000000000     0.000346148680451     0.000093195153986
44 26
     0.500883466649611    -0.000000000000000    -0.000000000000000
    -0.000000000000000    -0.013475482640246    -0.011286313181941
    -0.000000000000000    -0.011286829808637    -0.007988495699692
44 27
    -0.450820264160749     0.000000000000000     0.000000000000000
     0.000000000000000    -0.244632323056667     0.344772231123459
     0.000000000000000     0.344862463564220    -0.365520675494777
44 28
     1.829536700888174     0.000000000000000    -0.000000000000000
    -0.000000000000000     2.244313135817359     1.445753998552006
    -0.000000000000000    -1.168281385459542    -0.752093722089757
44 29
     0.000035430818016    -0.000013191611955    -0.000019115352922
    -0.000003584853731     0.000055321119278    -0.000005726828752
    -0.000037685785010    -0.000010677411233     0.000016950022921
44 30
     0.000012227263543    -0.000009420179879    -0.000001831689599
    -0.000009420165459     0.000014275836174     0.000001856173886
    -0.000001831603358     0.000001856092646    -0.000001113464829
44 31
     0.000035430818016     0.000013191611955     0.000019115352922
     0.000003584853731     0.000055321119278    -0.000005726828752
     0.000037685785010    -0.000010677411233     0.000016950022921
44 32
     0.000012227263543     0.000009420179879     0.000001831689599
     0.000009420165459     0.000014275836174     0.000001856173886
     0.000001831603358     0.000001856092646    -0.000001113464829
44 33
    -0.000388992669592    -0.000000000000000    -0.000000000000000
     0.000000000000000     0.000320407152814    -0.000197160986383
    -0.000000000000000    -0.000197103070910     0.000834803281156
44 34
     0.472640645927768     0.000000000000000     0.000000000000000
    -0.000000000000000     0.000227646178611    -0.004553377980717
    -0.000000000000000    -0.004555881408668    -0.030409847154401
44 35
    -0.000143256040235     0.000000000000000    -0.000000000000000
     0.000000000000000     0.000136108310849     0.000204690715954
    -0.000000000000000     0.000204673582239     0.000374885513631
44 36
     0.000538812469589    -0.000000000000000    -0.000000000000000
    -0.000000000000000     0.000538812469588     0.000000000000000
    -0.000000000000000     0.000000000000000    -0.015302912776905
44 37
     0.000002849555229    -0.000009571751285     0.000000918122406
    -0.000009571519985     0.000017467327162    -0.000001491931814
     0.000000918059282    -0.000001491868910    -0.000002156989983
44 38
     0.000002780137443    -0.000001689035694     0.000000150787554
    -0.000001689035694     0.000002780137443    -0.000000150787554
     0.000000150780233    -0.000000150780233    -0.000000393923927
44 39
     0.000002849555229     0.000009571751285    -0.000000918122406
     0.000009571519985     0.000017467327162    -0.000001491931814
    -0.000000918059282    -0.000001491868910    -0.000002156989983
44 40
     0.000002780137443     0.000001689035694    -0.000000150787554
     0.000001689035694     0.000002780137443    -0.000000150787554
    -0.000000150780233    -0.000000150780233    -0.000000393923927
44 41
    -0.000030015965728     0.000000000000000    -0.000000000000000
     0.000000000000000     0.000189166022578     0.000001262438738
    -0.000000000000000     0.000001262395592    -0.000026758400476
44 42
    -0.616178252762534     0.000000000000000     0.000000000000000
     0.000000000000000    -0.618879903715954     0.000000000000000
    -0.000000000000000    -0.000000000000000     0.043631413647857
44 43
     0.036751304956383     0.000000000000000    -0.000000000000000
    -0.000000000000000    -0.524463251361825     0.006810565690428
     0.000000000000000     0.006807524870324     0.036638777817634
44 44
     4.312600537819645     0.000000000000000     0.000000000000000
    -0.000000000000000    15.180460825088877     8.493227994430116
     0.000000000000000     8.493853234096250    25.964972785021860
44 45
     0.000002658897817     0.000007270106809     0.000005423661434
     0.000006074818470     0.000011728397486     0.000005448978242
     0.000002258995214     0.000003978643716     0.000009626916743
44 46
     0.000002086079188     0.000001129596447     0.000000000000001
     0.000001129596448     0.000002086079188    -0.000000000000000
     0.000000000000001    -0.000000000000000     0.000000207096644
44 47
     0.000002658897817    -0.000007270106809    -0.000005423661434
    -0.000006074818470     0.000011728397486     0.000005448978242
    -0.000002258995214     0.000003978643716     0.000009626916743
44 48
     0.000002086079188    -0.000001129596447    -0.000000000000001
    -0.000001129596448     0.000002086079188    -0.000000000000000
    -0.000000000000001    -0.000000000000000     0.000000207096644
44 49
    -0.000011519454798     0.000000000000000    -0.000000000000000
     0.000000000000000     0.000049085441657    -0.000015552166581
    -0.000000000000000    -0.000015551966926     0.000018062423786
44 50
    -0.000148882988328     0.000000000000000    -0.000000000000000
     0.000000000000000     0.000126887031406    -0.000205613470129
     0.000000000000000    -0.000205591221806     0.000366883939902
45 1
     0.000345312663369    -0.000000000000000    -0.000056408659971
     0.000000000000000    -0.000272508327442    -0.000000000000000
    -0.000056390929480     0.000000000000000     0.000528294721817
45 2
    -0.200569455223560    -0.000000000000000    -0.018628069096045
    -0.000000000000000    -0.386918173858475    -0.000000000000000
    -0.018623138508688     0.000000000000000     0.011523662568846
45 3
    -0.001891986471574    -0.000818421466151     0.000463711847133
    -0.000818949715242    -0.000689086694107     0.000234665248190
     0.000463395998202     0.000234357809381    -0.000374045087303
45 4
     0.000199133976797    -0.000000000000000     0.000081192695045
    -0.000000000000000    -0.000045228217024     0.000000000000000
     0.000081191570872     0.000000000000000     0.000056968615559
45 5
    -0.009984805661111     0.000000000000000    -0.021673295015568
     0.000000000000000     0.519137986253624    -0.000000000000000
    -0.021681893319435    -0.000000000000000    -0.035038044038309
45 6
     0.000458450737745    -0.000354427981412    -0.000422469374645
    -0.000354413092759    -0.000065542187450     0.000213493900687
    -0.000422479468561     0.000213509684154     0.000157194205730
45 7
     0.000458450737745     0.000354427981412    -0.000422469374645
     0.000354413092759    -0.000065542187450    -0.000213493900687
    -0.000422479468561    -0.000213509684154     0.000157194205730
45 8
     0.856366303082399     0.000000000000000    -2.527606127344179
     0.000000000000000     1.640725764831065    -0.000000000000000
    -0.229547650022360    -0.000000000000000     0.677523345840039
45 9
     0.000432115729333    -0.000000000000000     0.000137691499286
     0.000000000000000    -0.000078857237697     0.000000000000000
     0.000137688365832    -0.000000000000000    -0.000016741347016
45 10
    -0.001891986471574     0.000818421466151     0.000463711847133
     0.000818949715242    -0.000689086694107    -0.000234665248190
     0.000463395998202    -0.000234357809381    -0.000374045087303
45 11
     0.000088276796973    -0.000000000000000     0.000008149523854
    -0.000000000000000    -0.000017659625387    -0.000000000000000
     0.000008149376409     0.000000000000000     0.000016003140110
45 12
     0.000285070050985    -0.000000000000000    -0.000074024296417
    -0.000000000000000    -0.000080534226238     0.000000000000000
    -0.000074023769489     0.000000000000000     0.000161862602777
45 13
     0.002885030373183     0.000000000000000    -0.006287285092223
     0.000000000000000     0.477250210813452    -0.000000000000000
    -0.006290904592036    -0.000000000000000    -0.070161042611928
45 14
     0.000453149463440    -0.000000000000000    -0.000240311430860
    -0.000000000000000    -0.000325652543689    -0.000000000000000
    -0.000240293311731    -0.000000000000000     0.000837903978328
45 15
     0.000179259333436    -0.000259079008915    -0.000163956636050
    -0.000259079760492     0.000132913258598     0.000150123132135
    -0.000163952259547     0.000150118623844     0.000139248648738
45 16
     0.000003020368959    -0.000012850185471    -0.000003038772885
    -0.000012849967365     0.000038830140288     0.000004591040299
    -0.000003038596759     0.000004590903020     0.000004253663439
45 17
     0.000179259333436     0.000259079008915    -0.000163956636050
     0.000259079760492     0.000132913258598    -0.000150123132135
    -0.000163952259547    -0.000150118623844     0.000139248648738
45 18
     0.000003020368959     0.000012850185471    -0.000003038772885
     0.000012849967365     0.000038830140288    -0.000004591040299
    -0.000003038596759    -0.000004590903020     0.000004253663439
45 19
     0.000414335209907    -0.000600198575126    -0.000088371442864
    -0.000600193388222     0.000307785114302     0.000080926214506
    -0.000088379964609     0.000080934749569    -0.000210532576961
45 20
   -11.412674823427455    -0.000000000000000    -4.901781236395302
    -0.000000000000000    -8.033232240880173    -0.000000000000000
    -5.194726635198529    -0.000000000000000   -29.009117575317287
45 21
    -0.159548220853589     0.000000000000000     0.052177406860152
     0.000000000000000     0.010691358742140     0.000000000000000
     0.052165465735651    -0.000000000000000    -0.005234934186707
45 22
     0.000166716125084    -0.000000000000000     0.000018700536651
     0.000000000000000    -0.000026610803860    -0.000000000000000
     0.000018700017374    -0.000000000000000    -0.000012394726299
45 23
     0.000935923602714    -0.000000000000000    -0.000222147061416
     0.000000000000000    -0.000215530631833    -0.000000000000000
    -0.000222150994992     0.000000000000000    -0.000143899959587
45 24
     0.000006589065326    -0.000022224112252    -0.000001396271181
    -0.000022223575640     0.000060856811749     0.000001965723314
    -0.000001396181198     0.000001965647515    -0.000006922055259
45 25
     0.000128816410955    -0.000245321946919    -0.000088547276283
    -0.000245319931303     0.000220656801039     0.000106248533146
    -0.000088542769444     0.000106244073111    -0.000010518400465
45 26
     0.000015437190854    -0.000050922964545    -0.000012019646521
    -0.000050921938340     0.000080321903291     0.000019345294284
    -0.000012018893146     0.000019344541995    -0.000003133819199
45 27
     0.000128816410955     0.000245321946919    -0.000088547276283
     0.000245319931303     0.000220656801039    -0.000106248533146
    -0.000088542769444    -0.000106244073111    -0.000010518400465
45 28
     0.000015437190854     0.000050922964545    -0.000012019646521
     0.000050921938340     0.000080321903291    -0.000019345294284
    -0.000012018893146    -0.000019344541995    -0.000003133819199
45 29
     0.000096087938359    -0.000000000000000    -0.000004823683548
     0.000000000000000    -0.000016781003353     0.000000000000000
    -0.000004823571628     0.000000000000000     0.000003065076242
45 30
     0.000275837094418    -0.000000000000000    -0.000099535003513
    -0.000000000000000    -0.000053319843960     0.000000000000000
    -0.000099533012871    -0.000000000000000     0.000021308719111
45 31
     1.842763913430226     0.000000000000000     1.511941391307644
     0.000000000000000     1.894009231093324     0.000000000000000
    -0.493922071780818     0.000000000000000    -0.404834426327446
45 32
    -0.107112077900893    -0.000000000000000     0.120216561198994
     0.000000000000000    -0.561991043320870    -0.000000000000000
     0.120241789019885     0.000000000000000    -0.104474544869460
45 33
     0.000414335209907     0.000600198575126    -0.000088371442864
     0.000600193388222     0.000307785114302    -0.000080926214506
    -0.000088379964609    -0.000080934749569    -0.000210532576961
45 34
     0.000006589065326     0.000022224112252    -0.000001396271181
     0.000022223575640     0.000060856811749    -0.000001965723314
    -0.000001396181198    -0.000001965647515    -0.000006922055259
45 35
     0.000115464734066     0.000162109110836     0.000027336480569
     0.000162109110836     0.000115464734066     0.000027336480570
     0.000027334915612     0.000027334915609    -0.000038277059579
45 36
     0.000002849555229     0.000009571751283     0.000000918122406
     0.000009571519983     0.000017467327160     0.000001491931814
     0.000000918059280     0.000001491868910    -0.000002156989986
45 37
     0.000024578111365    -0.000000000000000     0.000008989419755
    -0.000000000000000    -0.000003369575643    -0.000000000000000
     0.000003802488293    -0.000000000000000     0.000009864228571
45 38
     0.000049085441657    -0.000000000000000     0.000015552166581
    -0.000000000000000    -0.000011519454798     0.000000000000000
     0.000015551966927     0.000000000000000     0.000018062423786
45 39
     0.000268072946607     0.000000000000000    -0.000000000000000
     0.000000000000000     0.000268072946607    -0.000000000000000
     0.000000000000000    -0.000000000000000    -0.010735674118416
45 40
     0.000136108310845    -0.000000000000000     0.000204690715952
    -0.000000000000000    -0.000143256040235     0.000000000000000
     0.000204673582240    -0.000000000000000     0.000374885513631
45 41
     0.000019894717434    -0.000033883795449     0.000000000000000
    -0.000033883795450     0.000019894717433     0.000000000000000
     0.000000000000000     0.000000000000001     0.000030850551873
45 42
     0.000002658897815    -0.000007270106806     0.000005423661432
    -0.000006074818468     0.000011728397486    -0.000005448978242
     0.000002258995214    -0.000003978643715     0.000009626916743
45 43
     0.000019894717434     0.000033883795449     0.000000000000000
     0.000033883795450     0.000019894717433    -0.000000000000000
     0.000000000000000    -0.000000000000001     0.000030850551873
45 44
     0.000002658897815     0.000007270106806     0.000005423661432
     0.000006074818468     0.000011728397486     0.000005448978242
     0.000002258995214     0.000003978643715     0.000009626916743
45 45
     9.709449506207198     0.000000000000000     5.799237059024501
     0.000000000000000     4.404130908902772    -0.000000000000000
     5.799990559693217     0.000000000000000    28.912694256557973
45 46
    -0.524463251361957     0.000000000000000    -0.006810565690432
     0.000000000000000     0.036751304956382    -0.000000000000000
    -0.006807524870325     0.000000000000000     0.036638777817633
45 47
     0.000033667560650    -0.000000000000000     0.000000000000000
    -0.000000000000000    -0.000005117630693     0.000000000000000
    -0.000000000000000    -0.000000000000000    -0.000003401897022
45 48
     0.000189166022580    -0.000000000000000     0.000001262438737
     0.000000000000000    -0.000030015965728     0.000000000000000
     0.000001262395592    -0.000000000000000    -0.000026758400475
45 49
     0.000115464734066    -0.000162109110836     0.000027336480569
    -0.000162109110836     0.000115464734066    -0.000027336480570
     0.000027334915612    -0.000027334915609    -0.000038277059579
45 50
     0.000002849555229    -0.000009571751283     0.000000918122406
    -0.000009571519983     0.000017467327160    -0.000001491931814
     0.000000918059280    -0.000001491868910    -0.000002156989986
46 1
     0.000140885541504    -0.000000000000000    -0.000014309031021
    -0.000000000000000    -0.000030845005031     0.000000000000000
    -0.000014308799438     0.000000000000000     0.000036736983911
46 2
     0.000343289517422    -0.000000000000000     0.000017436556448
     0.000000000000000    -0.000056914512065     0.000000000000000
     0.000017436140215     0.000000000000000    -0.000042532074626
46 3
     0.000143064692687     0.000041538854452    -0.000019604067469
     0.000041540679456    -0.000011486614844    -0.000005997267484
    -0.000019603410281    -0.000005996784671    -0.000013845731943
46 4
     0.000062709860253    -0.000000000000000    -0.000005441471146
     0.000000000000000    -0.000011828878747    -0.000000000000000
    -0.000005441358711     0.000000000000000     0.000007463554397
46 5
     0.000379151136056    -0.000000000000000     0.000224965727903
     0.000000000000000    -0.000107096221456     0.000000000000000
     0.000224964412303    -0.000000000000000     0.000178847471632
46 6
     0.000092412104093    -0.000026138987094    -0.000024641716253
    -0.000026139910145    -0.000009741388802     0.000007599743243
    -0.000024641064677     0.000007599217530     0.000006304945169
46 7
     0.000092412104093     0.000026138987094    -0.000024641716253
     0.000026139910145    -0.000009741388802    -0.000007599743243
    -0.000024641064677    -0.000007599217530     0.000006304945169
46 8
     0.000817817890455    -0.000000000000000     0.000356953318230
     0.000000000000000    -0.000217416337350    -0.000000000000000
     0.000356959937957    -0.000000000000000    -0.000048671979131
46 9
     0.000090832000681    -0.000000000000000    -0.000008460103410
     0.000000000000000    -0.000014893348805    -0.000000000000000
    -0.000008459881891    -0.000000000000000    -0.000003021479735
46 10
     0.000143064692687    -0.000041538854452    -0.000019604067469
    -0.000041540679456    -0.000011486614844     0.000005997267484
    -0.000019603410281     0.000005996784671    -0.000013845731943
46 11
     0.000167167671819    -0.000000000000000    -0.000033541601381
     0.000000000000000    -0.000038982337909     0.000000000000000
    -0.000033541133309     0.000000000000000     0.000057616746948
46 12
    -0.000571350993414    -0.000000000000000     0.000945675489874
     0.000000000000000    -0.000528531492112     0.000000000000000
     0.000946134135950     0.000000000000000    -0.000382432763772
46 13
     0.000320407152814    -0.000000000000000     0.000197160986383
     0.000000000000000    -0.000388992669592    -0.000000000000000
     0.000197103070910    -0.000000000000000     0.000834803281156
46 14
     0.000227646178611     0.000000000000000     0.004553377980717
    -0.000000000000000     0.472640645927768     0.000000000000000
     0.004555881408668    -0.000000000000000    -0.030409847154401
46 15
     0.000056671789625    -0.000027383048172    -0.000012182620356
    -0.000027383575498     0.000004133102169     0.000006683302051
    -0.000012182245433     0.000006682909489     0.000007552803834
46 16
     0.000008182150480    -0.000003241628806    -0.000000610270958
    -0.000003241624293     0.000009898745214     0.000000505387570
    -0.000000610240744     0.000000505364342     0.000000147795624
46 17
     0.000056671789625     0.000027383048172    -0.000012182620356
     0.000027383575498     0.000004133102169    -0.000006683302051
    -0.000012182245433    -0.000006682909489     0.000007552803834
46 18
     0.000008182150480     0.000003241628806    -0.000000610270958
     0.000003241624293     0.000009898745214    -0.000000505387570
    -0.000000610240744    -0.000000505364342     0.000000147795624
46 19
     0.000097831298442    -0.000049628903830    -0.000006142372011
    -0.000049630245003     0.000010667498230     0.000003453649418
    -0.000006142126934     0.000003453409886    -0.000012644201569
46 20
    -0.333796181514697     0.000000000000000    -0.137346960414525
     0.000000000000000     0.025464952907427    -0.000000000000000
    -0.137319165849004     0.000000000000000    -0.026956359276432
46 21
   -15.694667559802813    -0.000000000000000     7.570214426000220
    -0.000000000000000    -7.999393943174335     0.000000000000000
     7.797557129014388     0.000000000000000   -26.326929537242226
46 22
     0.000458813518365    -0.000000000000000    -0.000095859176747
    -0.000000000000000    -0.000078703486288     0.000000000000000
    -0.000095856771057    -0.000000000000000    -0.000041615990559
46 23
    -0.000003982319869     0.000000000000000     2.840730690463003
     0.000000000000000     1.889796799785401     0.000000000000000
     0.000020968121173     0.000000000000000     1.478517044698504
46 24
     0.000010001513021    -0.000004308874696    -0.000000233105688
    -0.000004308865965     0.000012216616815     0.000000187448801
    -0.000000233093937     0.000000187439712    -0.000001602185034
46 25
     0.000055321119278    -0.000003584853731     0.000005726828752
    -0.000013191611955     0.000035430818016     0.000019115352922
     0.000010677411233     0.000037685785010     0.000016950022921
46 26
     0.000014275836174    -0.000009420165459    -0.000001856173886
    -0.000009420179879     0.000012227263543     0.000001831689599
    -0.000001856092646     0.000001831603358    -0.000001113464829
46 27
     0.000055321119278     0.000003584853731     0.000005726828752
     0.000013191611955     0.000035430818016    -0.000019115352922
     0.000010677411233    -0.000037685785010     0.000016950022921
46 28
     0.000014275836174     0.000009420165459    -0.000001856173886
     0.000009420179879     0.000012227263543    -0.000001831689599
    -0.000001856092646    -0.000001831603358    -0.000001113464829
46 29
     0.000643649865065    -0.000000000000000    -0.000346151079055
    -0.000000000000000    -0.000160323987962    -0.000000000000000
    -0.000346148680451     0.000000000000000     0.000093195153986
46 30
    -0.013475482640246     0.000000000000000     0.011286313181941
     0.000000000000000     0.500883466649611    -0.000000000000000
     0.011286829808637    -0.000000000000000    -0.007988495699692
46 31
    -0.244632323056667    -0.000000000000000    -0.344772231123459
    -0.000000000000000    -0.450820264160749     0.000000000000000
    -0.344862463564220     0.000000000000000    -0.365520675494777
46 32
     2.244313135817359     0.000000000000000    -1.445753998552006
    -0.000000000000000     1.829536700888174    -0.000000000000000
     1.168281385459542    -0.000000000000000    -0.752093722089757
46 33
     0.000097831298442     0.000049628903830    -0.000006142372011
     0.000049630245003     0.000010667498230    -0.000003453649418
    -0.000006142126934    -0.000003453409886    -0.000012644201569
46 34
     0.000010001513021     0.000004308874696    -0.000000233105688
     0.000004308865965     0.000012216616815    -0.000000187448801
    -0.000000233093937    -0.000000187439712    -0.000001602185034
46 35
     0.000017467327162     0.000009571519985     0.000001491931814
     0.000009571751285     0.000002849555229     0.000000918122406
     0.000001491868910     0.000000918059282    -0.000002156989983
46 36
     0.000002780137443     0.000001689035694     0.000000150787554
     0.000001689035694     0.000002780137443     0.000000150787554
     0.000000150780233     0.000000150780233    -0.000000393923927
46 37
     0.000049085441657    -0.000000000000000     0.000015552166581
    -0.000000000000000    -0.000011519454798    -0.000000000000000
     0.000015551966926    -0.000000000000000     0.000018062423786
46 38
     0.000126887031406    -0.000000000000000     0.000205613470129
    -0.000000000000000    -0.000148882988328    -0.000000000000000
     0.000205591221806     0.000000000000000     0.000366883939902
46 39
     0.000136108310849    -0.000000000000000    -0.000204690715954
    -0.000000000000000    -0.000143256040235    -0.000000000000000
    -0.000204673582239    -0.000000000000000     0.000374885513631
46 40
     0.000538812469588     0.000000000000000    -0.000000000000000
     0.000000000000000     0.000538812469589    -0.000000000000000
    -0.000000000000000    -0.000000000000000    -0.015302912776905
46 41
     0.000011728397486    -0.000006074818470    -0.000005448978242
    -0.000007270106809     0.000002658897817     0.000005423661434
    -0.000003978643716     0.000002258995214     0.000009626916743
46 42
     0.000002086079188    -0.000001129596448     0.000000000000000
    -0.000001129596447     0.000002086079188     0.000000000000001
     0.000000000000000     0.000000000000001     0.000000207096644
46 43
     0.000011728397486     0.000006074818470    -0.000005448978242
     0.000007270106809     0.000002658897817    -0.000005423661434
    -0.000003978643716    -0.000002258995214     0.000009626916743
46 44
     0.000002086079188     0.000001129596448     0.000000000000000
     0.000001129596447     0.000002086079188    -0.000000000000001
     0.000000000000000    -0.000000000000001     0.000000207096644
46 45
    -0.524463251361825     0.000000000000000    -0.006810565690428
    -0.000000000000000     0.036751304956383    -0.000000000000000
    -0.006807524870324     0.000000000000000     0.036638777817634
46 46
    15.180460825088877     0.000000000000000    -8.493227994430116
    -0.000000000000000     4.312600537819645     0.000000000000000
    -8.493853234096250     0.000000000000000    25.964972785021860
46 47
     0.000189166022578    -0.000000000000000    -0.000001262438738
    -0.000000000000000    -0.000030015965728    -0.000000000000000
    -0.000001262395592    -0.000000000000000    -0.000026758400476
46 48
    -0.618879903715954    -0.000000000000000    -0.000000000000000
    -0.000000000000000    -0.616178252762534     0.000000000000000
     0.000000000000000    -0.000000000000000     0.043631413647857
46 49
     0.000017467327162    -0.000009571519985     0.000001491931814
    -0.000009571751285     0.000002849555229    -0.000000918122406
     0.000001491868910    -0.000000918059282    -0.000002156989983
46 50
     0.000002780137443    -0.000001689035694     0.000000150787554
    -0.000001689035694     0.000002780137443    -0.000000150787554
     0.000000150780233    -0.000000150780233    -0.000000393923927
47 1
     0.000345312663369    -0.000000000000000     0.000056408659971
     0.000000000000000    -0.000272508327442     0.000000000000000
     0.000056390929480    -0.000000000000000     0.000528294721817
47 2
    -0.200569455223560    -0.000000000000000     0.018628069096045
    -0.000000000000000    -0.386918173858475     0.000000000000000
     0.018623138508688    -0.000000000000000     0.011523662568846
47 3
    -0.001891986471574     0.000818421466151    -0.000463711847133
     0.000818949715242    -0.000689086694107     0.000234665248190
    -0.000463395998202     0.000234357809381    -0.000374045087303
47 4
    -0.009984805661111     0.000000000000000     0.021673295015568
     0.000000000000000     0.519137986253624     0.000000000000000
     0.021681893319435     0.000000000000000    -0.035038044038309
47 5
     0.000199133976797    -0.000000000000000    -0.000081192695045
    -0.000000000000000    -0.000045228217024    -0.000000000000000
    -0.000081191570872    -0.000000000000000     0.000056968615559
47 6
     0.000458450737745     0.000354427981412     0.000422469374645
     0.000354413092759    -0.000065542187450     0.000213493900687
     0.000422479468561     0.000213509684154     0.000157194205730
47 7
     0.000458450737745    -0.000354427981412     0.000422469374645
    -0.000354413092759    -0.000065542187450    -0.000213493900687
     0.000422479468561    -0.000213509684154     0.000157194205730
47 8
     0.000432115729333    -0.000000000000000    -0.000137691499286
     0.000000000000000    -0.000078857237697    -0.000000000000000
    -0.000137688365832     0.000000000000000    -0.000016741347016
47 9
     0.856366303082399     0.000000000000000     2.527606127344179
     0.000000000000000     1.640725764831065     0.000000000000000
     0.229547650022360     0.000000000000000     0.677523345840039
47 10
    -0.001891986471574    -0.000818421466151    -0.000463711847133
    -0.000818949715242    -0.000689086694107    -0.000234665248190
    -0.000463395998202    -0.000234357809381    -0.000374045087303
47 11
     0.002885030373183     0.000000000000000     0.006287285092223
     0.000000000000000     0.477250210813452     0.000000000000000
     0.006290904592036     0.000000000000000    -0.070161042611928
47 12
     0.000453149463440    -0.000000000000000     0.000240311430860
    -0.000000000000000    -0.000325652543689     0.000000000000000
     0.000240293311731     0.000000000000000     0.000837903978328
47 13
     0.000088276796973    -0.000000000000000    -0.000008149523854
    -0.000000000000000    -0.000017659625387     0.000000000000000
    -0.000008149376409    -0.000000000000000     0.000016003140110
47 14
     0.000285070050985    -0.000000000000000     0.000074024296417
    -0.000000000000000    -0.000080534226238    -0.000000000000000
     0.000074023769489    -0.000000000000000     0.000161862602777
47 15
     0.000179259333436     0.000259079008915     0.000163956636050
     0.000259079760492     0.000132913258598     0.000150123132135
     0.000163952259547     0.000150118623844     0.000139248648738
47 16
     0.000003020368959     0.000012850185471     0.000003038772885
     0.000012849967365     0.000038830140288     0.000004591040299
     0.000003038596759     0.000004590903020     0.000004253663439
47 17
     0.000179259333436    -0.000259079008915     0.000163956636050
    -0.000259079760492     0.000132913258598    -0.000150123132135
     0.000163952259547    -0.000150118623844     0.000139248648738
47 18
     0.000003020368959    -0.000012850185471     0.000003038772885
    -0.000012849967365     0.000038830140288    -0.000004591040299
     0.000003038596759    -0.000004590903020     0.000004253663439
47 19
     0.000414335209907     0.000600198575126     0.000088371442864
     0.000600193388222     0.000307785114302     0.000080926214506
     0.000088379964609     0.000080934749569    -0.000210532576961
47 20
     0.000166716125084    -0.000000000000000    -0.000018700536651
     0.000000000000000    -0.000026610803860     0.000000000000000
    -0.000018700017374     0.000000000000000    -0.000012394726299
47 21
     0.000935923602714    -0.000000000000000     0.000222147061416
     0.000000000000000    -0.000215530631833     0.000000000000000
     0.000222150994992    -0.000000000000000    -0.000143899959587
47 22
   -11.412674823427455    -0.000000000000000     4.901781236395302
    -0.000000000000000    -8.033232240880173     0.000000000000000
     5.194726635198529     0.000000000000000   -29.009117575317287
47 23
    -0.159548220853589     0.000000000000000    -0.052177406860152
     0.000000000000000     0.010691358742140    -0.000000000000000
    -0.052165465735651     0.000000000000000    -0.005234934186707
47 24
     0.000006589065326     0.000022224112252     0.000001396271181
     0.000022223575640     0.000060856811749     0.000001965723314
     0.000001396181198     0.000001965647515    -0.000006922055259
47 25
     0.000128816410955     0.000245321946919     0.000088547276283
     0.000245319931303     0.000220656801039     0.000106248533146
     0.000088542769444     0.000106244073111    -0.000010518400465
47 26
     0.000015437190854     0.000050922964545     0.000012019646521
     0.000050921938340     0.000080321903291     0.000019345294284
     0.000012018893146     0.000019344541995    -0.000003133819199
47 27
     0.000128816410955    -0.000245321946919     0.000088547276283
    -0.000245319931303     0.000220656801039    -0.000106248533146
     0.000088542769444    -0.000106244073111    -0.000010518400465
47 28
     0.000015437190854    -0.000050922964545     0.000012019646521
    -0.000050921938340     0.000080321903291    -0.000019345294284
     0.000012018893146    -0.000019344541995    -0.000003133819199
47 29
     1.842763913430226     0.000000000000000    -1.511941391307644
     0.000000000000000     1.894009231093324    -0.000000000000000
     0.493922071780818    -0.000000000000000    -0.404834426327446
47 30
    -0.107112077900893    -0.000000000000000    -0.120216561198994
     0.000000000000000    -0.561991043320870     0.000000000000000
    -0.120241789019885    -0.000000000000000    -0.104474544869460
47 31
     0.000096087938359    -0.000000000000000     0.000004823683548
     0.000000000000000    -0.000016781003353    -0.000000000000000
     0.000004823571628    -0.000000000000000     0.000003065076242
47 32
     0.000275837094418    -0.000000000000000     0.000099535003513
    -0.000000000000000    -0.000053319843960    -0.000000000000000
     0.000099533012871     0.000000000000000     0.000021308719111
47 33
     0.000414335209907    -0.000600198575126     0.000088371442864
    -0.000600193388222     0.000307785114302    -0.000080926214506
     0.000088379964609    -0.000080934749569    -0.000210532576961
47 34
     0.000006589065326    -0.000022224112252     0.000001396271181
    -0.000022223575640     0.000060856811749    -0.000001965723314
     0.000001396181198    -0.000001965647515    -0.000006922055259
47 35
     0.000115464734066    -0.000162109110836    -0.000027336480569
    -0.000162109110836     0.000115464734066     0.000027336480570
    -0.000027334915612     0.000027334915609    -0.000038277059579
47 36
     0.000002849555229    -0.000009571751283    -0.000000918122406
    -0.000009571519983     0.000017467327160     0.000001491931814
    -0.000000918059280     0.000001491868910    -0.000002156989986
47 37
     0.000268072946607     0.000000000000000     0.000000000000000
     0.000000000000000     0.000268072946607     0.000000000000000
    -0.000000000000000     0.000000000000000    -0.010735674118416
47 38
     0.000136108310845    -0.000000000000000    -0.000204690715952
    -0.000000000000000    -0.000143256040235    -0.000000000000000
    -0.000204673582240     0.000000000000000     0.000374885513631
47 39
     0.000024578111365    -0.000000000000000    -0.000008989419755
    -0.000000000000000    -0.000003369575643     0.000000000000000
    -0.000003802488293     0.000000000000000     0.000009864228571
47 40
     0.000049085441657    -0.000000000000000    -0.000015552166581
    -0.000000000000000    -0.000011519454798    -0.000000000000000
    -0.000015551966927    -0.000000000000000     0.000018062423786
47 41
     0.000019894717434     0.000033883795449    -0.000000000000000
     0.000033883795450     0.000019894717433     0.000000000000000
    -0.000000000000000     0.000000000000001     0.000030850551873
47 42
     0.000002658897815     0.000007270106806    -0.000005423661432
     0.000006074818468     0.000011728397486    -0.000005448978242
    -0.000002258995214    -0.000003978643715     0.000009626916743
47 43
     0.000019894717434    -0.000033883795449    -0.000000000000000
    -0.000033883795450     0.000019894717433    -0.000000000000000
    -0.000000000000000    -0.000000000000001     0.000030850551873
47 44
     0.000002658897815    -0.000007270106806    -0.000005423661432
    -0.000006074818468     0.000011728397486     0.000005448978242
    -0.000002258995214     0.000003978643715     0.000009626916743
47 45
     0.000033667560650    -0.000000000000000    -0.000000000000000
    -0.000000000000000    -0.000005117630693    -0.000000000000000
     0.000000000000000     0.000000000000000    -0.000003401897022
47 46
     0.000189166022580    -0.000000000000000    -0.000001262438737
     0.000000000000000    -0.000030015965728    -0.000000000000000
    -0.000001262395592     0.000000000000000    -0.000026758400475
47 47
     9.709449506207198     0.000000000000000    -5.799237059024501
     0.000000000000000     4.404130908902772     0.000000000000000
    -5.799990559693217    -0.000000000000000    28.912694256557973
47 48
    -0.524463251361957     0.000000000000000     0.006810565690432
     0.000000000000000     0.036751304956382     0.000000000000000
     0.006807524870325    -0.000000000000000     0.036638777817633
47 49
     0.000115464734066     0.000162109110836    -0.000027336480569
     0.000162109110836     0.000115464734066    -0.000027336480570
    -0.000027334915612    -0.000027334915609    -0.000038277059579
47 50
     0.000002849555229     0.000009571751283    -0.000000918122406
     0.000009571519983     0.000017467327160    -0.000001491931814
    -0.000000918059280    -0.000001491868910    -0.000002156989986
48 1
     0.000140885541504    -0.000000000000000     0.000014309031021
    -0.000000000000000    -0.000030845005031    -0.000000000000000
     0.000014308799438    -0.000000000000000     0.000036736983911
48 2
     0.000343289517422    -0.000000000000000    -0.000017436556448
     0.000000000000000    -0.000056914512065    -0.000000000000000
    -0.000017436140215    -0.000000000000000    -0.000042532074626
48 3
     0.000143064692687    -0.000041538854452     0.000019604067469
    -0.000041540679456    -0.000011486614844    -0.000005997267484
     0.000019603410281    -0.000005996784671    -0.000013845731943
48 4
     0.000379151136056    -0.000000000000000    -0.000224965727903
     0.000000000000000    -0.000107096221456    -0.000000000000000
    -0.000224964412303     0.000000000000000     0.000178847471632
48 5
     0.000062709860253    -0.000000000000000     0.000005441471146
     0.000000000000000    -0.000011828878747     0.000000000000000
     0.000005441358711    -0.000000000000000     0.000007463554397
48 6
     0.000092412104093     0.000026138987094     0.000024641716253
     0.000026139910145    -0.000009741388802     0.000007599743243
     0.000024641064677     0.000007599217530     0.000006304945169
48 7
     0.000092412104093    -0.000026138987094     0.000024641716253
    -0.000026139910145    -0.000009741388802    -0.000007599743243
     0.000024641064677    -0.000007599217530     0.000006304945169
48 8
     0.000090832000681    -0.000000000000000     0.000008460103410
     0.000000000000000    -0.000014893348805     0.000000000000000
     0.000008459881891     0.000000000000000    -0.000003021479735
48 9
     0.000817817890455    -0.000000000000000    -0.000356953318230
     0.000000000000000    -0.000217416337350     0.000000000000000
    -0.000356959937957     0.000000000000000    -0.000048671979131
48 10
     0.000143064692687     0.000041538854452     0.000019604067469
     0.000041540679456    -0.000011486614844     0.000005997267484
     0.000019603410281     0.000005996784671    -0.000013845731943
48 11
     0.000320407152814    -0.000000000000000    -0.000197160986383
     0.000000000000000    -0.000388992669592     0.000000000000000
    -0.000197103070910     0.000000000000000     0.000834803281156
48 12
     0.000227646178611     0.000000000000000    -0.004553377980717
    -0.000000000000000     0.472640645927768    -0.000000000000000
    -0.004555881408668     0.000000000000000    -0.030409847154401
48 13
     0.000167167671819    -0.000000000000000     0.000033541601381
     0.000000000000000    -0.000038982337909    -0.000000000000000
     0.000033541133309    -0.000000000000000     0.000057616746948
48 14
    -0.000571350993414    -0.000000000000000    -0.000945675489874
     0.000000000000000    -0.000528531492112    -0.000000000000000
    -0.000946134135950    -0.000000000000000    -0.000382432763772
48 15
     0.000056671789625     0.000027383048172     0.000012182620356
     0.000027383575498     0.000004133102169     0.000006683302051
     0.000012182245433     0.000006682909489     0.000007552803834
48 16
     0.000008182150480     0.000003241628806     0.000000610270958
     0.000003241624293     0.000009898745214     0.000000505387570
     0.000000610240744     0.000000505364342     0.000000147795624
48 17
     0.000056671789625    -0.000027383048172     0.000012182620356
    -0.000027383575498     0.000004133102169    -0.000006683302051
     0.000012182245433    -0.000006682909489     0.000007552803834
48 18
     0.000008182150480    -0.000003241628806     0.000000610270958
    -0.000003241624293     0.000009898745214    -0.000000505387570
     0.000000610240744    -0.000000505364342     0.000000147795624
48 19
     0.000097831298442     0.000049628903830     0.000006142372011
     0.000049630245003     0.000010667498230     0.000003453649418
     0.000006142126934     0.000003453409886    -0.000012644201569
48 20
     0.000458813518365    -0.000000000000000     0.000095859176747
    -0.000000000000000    -0.000078703486288    -0.000000000000000
     0.000095856771057     0.000000000000000    -0.000041615990559
48 21
    -0.000003982319869     0.000000000000000    -2.840730690463003
     0.000000000000000     1.889796799785401    -0.000000000000000
    -0.000020968121173    -0.000000000000000     1.478517044698504
48 22
    -0.333796181514697     0.000000000000000     0.137346960414525
     0.000000000000000     0.025464952907427     0.000000000000000
     0.137319165849004    -0.000000000000000    -0.026956359276432
48 23
   -15.694667559802813    -0.000000000000000    -7.570214426000220
    -0.000000000000000    -7.999393943174335    -0.000000000000000
    -7.797557129014388    -0.000000000000000   -26.326929537242226
48 24
     0.000010001513021     0.000004308874696     0.000000233105688
     0.000004308865965     0.000012216616815     0.000000187448801
     0.000000233093937     0.000000187439712    -0.000001602185034
48 25
     0.000055321119278     0.000003584853731    -0.000005726828752
     0.000013191611955     0.000035430818016     0.000019115352922
    -0.000010677411233     0.000037685785010     0.000016950022921
48 26
     0.000014275836174     0.000009420165459     0.000001856173886
     0.000009420179879     0.000012227263543     0.000001831689599
     0.000001856092646     0.000001831603358    -0.000001113464829
48 27
     0.000055321119278    -0.000003584853731    -0.000005726828752
    -0.000013191611955     0.000035430818016    -0.000019115352922
    -0.000010677411233    -0.000037685785010     0.000016950022921
48 28
     0.000014275836174    -0.000009420165459     0.000001856173886
    -0.000009420179879     0.000012227263543    -0.000001831689599
     0.000001856092646    -0.000001831603358    -0.000001113464829
48 29
    -0.244632323056667    -0.000000000000000     0.344772231123459
    -0.000000000000000    -0.450820264160749    -0.000000000000000
     0.344862463564220    -0.000000000000000    -0.365520675494777
48 30
     2.244313135817359     0.000000000000000     1.445753998552006
    -0.000000000000000     1.829536700888174     0.000000000000000
    -1.168281385459542     0.000000000000000    -0.752093722089757
48 31
     0.000643649865065    -0.000000000000000     0.000346151079055
    -0.000000000000000    -0.000160323987962     0.000000000000000
     0.000346148680451    -0.000000000000000     0.000093195153986
48 32
    -0.013475482640246     0.000000000000000    -0.011286313181941
     0.000000000000000     0.500883466649611     0.000000000000000
    -0.011286829808637     0.000000000000000    -0.007988495699692
48 33
     0.000097831298442    -0.000049628903830     0.000006142372011
    -0.000049630245003     0.000010667498230    -0.000003453649418
     0.000006142126934    -0.000003453409886    -0.000012644201569
48 34
     0.000010001513021    -0.000004308874696     0.000000233105688
    -0.000004308865965     0.000012216616815    -0.000000187448801
     0.000000233093937    -0.000000187439712    -0.000001602185034
48 35
     0.000017467327162    -0.000009571519985    -0.000001491931814
    -0.000009571751285     0.000002849555229     0.000000918122406
    -0.000001491868910     0.000000918059282    -0.000002156989983
48 36
     0.000002780137443    -0.000001689035694    -0.000000150787554
    -0.000001689035694     0.000002780137443     0.000000150787554
    -0.000000150780233     0.000000150780233    -0.000000393923927
48 37
     0.000136108310849    -0.000000000000000     0.000204690715954
    -0.000000000000000    -0.000143256040235     0.000000000000000
     0.000204673582239     0.000000000000000     0.000374885513631
48 38
     0.000538812469588     0.000000000000000     0.000000000000000
     0.000000000000000     0.000538812469589     0.000000000000000
     0.000000000000000     0.000000000000000    -0.015302912776905
48 39
     0.000049085441657    -0.000000000000000    -0.000015552166581
    -0.000000000000000    -0.000011519454798     0.000000000000000
    -0.000015551966926     0.000000000000000     0.000018062423786
48 40
     0.000126887031406    -0.000000000000000    -0.000205613470129
    -0.000000000000000    -0.000148882988328     0.000000000000000
    -0.000205591221806    -0.000000000000000     0.000366883939902
48 41
     0.000011728397486     0.000006074818470     0.000005448978242
     0.000007270106809     0.000002658897817     0.000005423661434
     0.000003978643716     0.000002258995214     0.000009626916743
48 42
     0.000002086079188     0.000001129596448    -0.000000000000000
     0.000001129596447     0.000002086079188     0.000000000000001
    -0.000000000000000     0.000000000000001     0.000000207096644
48 43
     0.000011728397486    -0.000006074818470     0.000005448978242
    -0.000007270106809     0.000002658897817    -0.000005423661434
     0.000003978643716    -0.000002258995214     0.000009626916743
48 44
     0.000002086079188    -0.000001129596448    -0.000000000000000
    -0.000001129596447     0.000002086079188    -0.000000000000001
    -0.000000000000000    -0.000000000000001     0.000000207096644
48 45
     0.000189166022578    -0.000000000000000     0.000001262438738
    -0.000000000000000    -0.000030015965728     0.000000000000000
     0.000001262395592     0.000000000000000    -0.000026758400476
48 46
    -0.618879903715954    -0.000000000000000     0.000000000000000
    -0.000000000000000    -0.616178252762534    -0.000000000000000
    -0.000000000000000     0.000000000000000     0.043631413647857
48 47
    -0.524463251361825     0.000000000000000     0.006810565690428
    -0.000000000000000     0.036751304956383     0.000000000000000
     0.006807524870324    -0.000000000000000     0.036638777817634
48 48
    15.180460825088877     0.000000000000000     8.493227994430116
    -0.000000000000000     4.312600537819645    -0.000000000000000
     8.493853234096250    -0.000000000000000    25.964972785021860
48 49
     0.000017467327162     0.000009571519985    -0.000001491931814
     0.000009571751285     0.000002849555229    -0.000000918122406
    -0.000001491868910    -0.000000918059282    -0.000002156989983
48 50
     0.000002780137443     0.000001689035694    -0.000000150787554
     0.000001689035694     0.000002780137443    -0.000000150787554
    -0.000000150780233    -0.000000150780233    -0.000000393923927
49 1
    -0.000272508327442    -0.000000000000000    -0.000000000000000
     0.000000000000000     0.000345312663369     0.000056408659971
     0.000000000000000     0.000056390929480     0.000528294721817
49 2
    -0.386918173858475     0.000000000000000    -0.000000000000000
     0.000000000000000    -0.200569455223560     0.018628069096045
     0.000000000000000     0.018623138508688     0.011523662568846
49 3
    -0.000078857237697    -0.000000000000000     0.000000000000000
     0.000000000000000     0.000432115729333    -0.000137691499286
    -0.000000000000000    -0.000137688365832    -0.000016741347016
49 4
    -0.000065542187450     0.000354413092759     0.000213493900687
     0.000354427981412     0.000458450737745     0.000422469374645
     0.000213509684154     0.000422479468561     0.000157194205730
49 5
    -0.000065542187450    -0.000354413092759    -0.000213493900687
    -0.000354427981412     0.000458450737745     0.000422469374645
    -0.000213509684154     0.000422479468561     0.000157194205730
49 6
     0.519137986253624    -0.000000000000000    -0.000000000000000
    -0.000000000000000    -0.009984805661111     0.021673295015568
    -0.000000000000000     0.021681893319435    -0.035038044038309
49 7
    -0.000045228217024     0.000000000000000     0.000000000000000
     0.000000000000000     0.000199133976797    -0.000081192695045
     0.000000000000000    -0.000081191570872     0.000056968615559
49 8
    -0.000689086694107     0.000818949715242     0.000234665248190
     0.000818421466151    -0.001891986471574    -0.000463711847133
     0.000234357809381    -0.000463395998202    -0.000374045087303
49 9
    -0.000689086694107    -0.000818949715242    -0.000234665248190
    -0.000818421466151    -0.001891986471574    -0.000463711847133
    -0.000234357809381    -0.000463395998202    -0.000374045087303
49 10
     1.640725764831065    -0.000000000000000    -0.000000000000000
    -0.000000000000000     0.856366303082399     2.527606127344179
    -0.000000000000000     0.229547650022360     0.677523345840039
49 11
     0.000132913258598     0.000259079760492     0.000150123132135
     0.000259079008915     0.000179259333436     0.000163956636050
     0.000150118623844     0.000163952259547     0.000139248648738
49 12
     0.000038830140288     0.000012849967365     0.000004591040299
     0.000012850185471     0.000003020368959     0.000003038772885
     0.000004590903020     0.000003038596759     0.000004253663439
49 13
     0.000132913258598    -0.000259079760492    -0.000150123132135
    -0.000259079008915     0.000179259333436     0.000163956636050
    -0.000150118623844     0.000163952259547     0.000139248648738
49 14
     0.000038830140288    -0.000012849967365    -0.000004591040299
    -0.000012850185471     0.000003020368959     0.000003038772885
    -0.000004590903020     0.000003038596759     0.000004253663439
49 15
     0.477250210813452    -0.000000000000000    -0.000000000000000
    -0.000000000000000     0.002885030373183     0.006287285092223
    -0.000000000000000     0.006290904592036    -0.070161042611928
49 16
    -0.000325652543689     0.000000000000000    -0.000000000000000
     0.000000000000000     0.000453149463440     0.000240311430860
    -0.000000000000000     0.000240293311731     0.000837903978328
49 17
    -0.000017659625387     0.000000000000000    -0.000000000000000
     0.000000000000000     0.000088276796973    -0.000008149523854
     0.000000000000000    -0.000008149376409     0.000016003140110
49 18
    -0.000080534226238     0.000000000000000     0.000000000000000
     0.000000000000000     0.000285070050985     0.000074024296417
     0.000000000000000     0.000074023769489     0.000161862602777
49 19
    -8.033232240880173     0.000000000000000    -0.000000000000000
     0.000000000000000   -11.412674823427455     4.901781236395302
    -0.000000000000000     5.194726635198529   -29.009117575317287
49 20
     0.000307785114302    -0.000600193388222    -0.000080926214506
    -0.000600198575126     0.000414335209907     0.000088371442864
    -0.000080934749569     0.000088379964609    -0.000210532576961
49 21
     0.000060856811749    -0.000022223575640    -0.000001965723314
    -0.000022224112252     0.000006589065326     0.000001396271181
    -0.000001965647515     0.000001396181198    -0.000006922055259
49 22
     0.000307785114302     0.000600193388222     0.000080926214506
     0.000600198575126     0.000414335209907     0.000088371442864
     0.000080934749569     0.000088379964609    -0.000210532576961
49 23
     0.000060856811749     0.000022223575640     0.000001965723314
     0.000022224112252     0.000006589065326     0.000001396271181
     0.000001965647515     0.000001396181198    -0.000006922055259
49 24
     0.010691358742140    -0.000000000000000     0.000000000000000
    -0.000000000000000    -0.159548220853589    -0.052177406860152
    -0.000000000000000    -0.052165465735651    -0.005234934186707
49 25
     1.894009231093324    -0.000000000000000     0.000000000000000
    -0.000000000000000     1.842763913430226    -1.511941391307644
     0.000000000000000     0.493922071780818    -0.404834426327446
49 26
    -0.561991043320870    -0.000000000000000    -0.000000000000000
     0.000000000000000    -0.107112077900893    -0.120216561198994
     0.000000000000000    -0.120241789019885    -0.104474544869460
49 27
    -0.000016781003353    -0.000000000000000     0.000000000000000
     0.000000000000000     0.000096087938359     0.000004823683548
     0.000000000000000     0.000004823571628     0.000003065076242
49 28
    -0.000053319843960     0.000000000000000     0.000000000000000
     0.000000000000000     0.000275837094418     0.000099535003513
    -0.000000000000000     0.000099533012871     0.000021308719111
49 29
     0.000220656801039     0.000245319931303     0.000106248533146
     0.000245321946919     0.000128816410955     0.000088547276283
     0.000106244073111     0.000088542769444    -0.000010518400465
49 30
     0.000080321903291     0.000050921938340     0.000019345294284
     0.000050922964545     0.000015437190854     0.000012019646521
     0.000019344541995     0.000012018893146    -0.000003133819199
49 31
     0.000220656801039    -0.000245319931303    -0.000106248533146
    -0.000245321946919     0.000128816410955     0.000088547276283
    -0.000106244073111     0.000088542769444    -0.000010518400465
49 32
     0.000080321903291    -0.000050921938340    -0.000019345294284
    -0.000050922964545     0.000015437190854     0.000012019646521
    -0.000019344541995     0.000012018893146    -0.000003133819199
49 33
    -0.000026610803860    -0.000000000000000    -0.000000000000000
     0.000000000000000     0.000166716125084    -0.000018700536651
    -0.000000000000000    -0.000018700017374    -0.000012394726299
49 34
    -0.000215530631833    -0.000000000000000    -0.000000000000000
     0.000000000000000     0.000935923602714     0.000222147061416
     0.000000000000000     0.000222150994992    -0.000143899959587
49 35
    -0.000005117630693     0.000000000000000     0.000000000000000
     0.000000000000000     0.000033667560650    -0.000000000000000
    -0.000000000000000     0.000000000000000    -0.000003401897022
49 36
    -0.000030015965728    -0.000000000000000     0.000000000000000
     0.000000000000000     0.000189166022580    -0.000001262438737
    -0.000000000000000    -0.000001262395592    -0.000026758400475
49 37
     0.000019894717433     0.000033883795450     0.000000000000000
     0.000033883795449     0.000019894717434    -0.000000000000000
     0.000000000000001    -0.000000000000000     0.000030850551873
49 38
     0.000011728397486     0.000006074818468    -0.000005448978242
     0.000007270106806     0.000002658897815    -0.000005423661432
    -0.000003978643715    -0.000002258995214     0.000009626916743
49 39
     0.000019894717433    -0.000033883795450    -0.000000000000000
    -0.000033883795449     0.000019894717434    -0.000000000000000
    -0.000000000000001    -0.000000000000000     0.000030850551873
49 40
     0.000011728397486    -0.000006074818468     0.000005448978242
    -0.000007270106806     0.000002658897815    -0.000005423661432
     0.000003978643715    -0.000002258995214     0.000009626916743
49 41
     0.000268072946607    -0.000000000000000    -0.000000000000000
    -0.000000000000000     0.000268072946607     0.000000000000000
    -0.000000000000000    -0.000000000000000    -0.010735674118416
49 42
    -0.000143256040235     0.000000000000000     0.000000000000000
     0.000000000000000     0.000136108310845    -0.000204690715952
    -0.000000000000000    -0.000204673582240     0.000374885513631
49 43
    -0.000003369575643     0.000000000000000    -0.000000000000000
     0.000000000000000     0.000024578111365    -0.000008989419755
    -0.000000000000000    -0.000003802488293     0.000009864228571
49 44
    -0.000011519454798     0.000000000000000     0.000000000000000
     0.000000000000000     0.000049085441657    -0.000015552166581
     0.000000000000000    -0.000015551966927     0.000018062423786
49 45
     0.000115464734066    -0.000162109110836     0.000027336480570
    -0.000162109110836     0.000115464734066    -0.000027336480569
     0.000027334915609    -0.000027334915612    -0.000038277059579
49 46
     0.000017467327160    -0.000009571519983     0.000001491931814
    -0.000009571751283     0.000002849555229    -0.000000918122406
     0.000001491868910    -0.000000918059280    -0.000002156989986
49 47
     0.000115464734066     0.000162109110836    -0.000027336480570
     0.000162109110836     0.000115464734066    -0.000027336480569
    -0.000027334915609    -0.000027334915612    -0.000038277059579
49 48
     0.000017467327160     0.000009571519983    -0.000001491931814
     0.000009571751283     0.000002849555229    -0.000000918122406
    -0.000001491868910    -0.000000918059280    -0.000002156989986
49 49
     4.404130908902772    -0.000000000000000    -0.000000000000000
    -0.000000000000000     9.709449506207198    -5.799237059024501
     0.000000000000000    -5.799990559693217    28.912694256557973
49 50
     0.036751304956382    -0.000000000000000    -0.000000000000000
    -0.000000000000000    -0.524463251361957     0.006810565690432
     0.000000000000000     0.006807524870325     0.036638777817633
50 1
    -0.000030845005031     0.000000000000000     0.000000000000000
     0.000000000000000     0.000140885541504     0.000014309031021
     0.000000000000000     0.000014308799438     0.000036736983911
50 2
    -0.000056914512065    -0.000000000000000     0.000000000000000
     0.000000000000000     0.000343289517422    -0.000017436556448
     0.000000000000000    -0.000017436140215    -0.000042532074626
50 3
    -0.000014893348805    -0.000000000000000    -0.000000000000000
     0.000000000000000     0.000090832000681     0.000008460103410
    -0.000000000000000     0.000008459881891    -0.000003021479735
50 4
    -0.000009741388802     0.000026139910145     0.000007599743243
     0.000026138987094     0.000092412104093     0.000024641716253
     0.000007599217530     0.000024641064677     0.000006304945169
50 5
    -0.000009741388802    -0.000026139910145    -0.000007599743243
    -0.000026138987094     0.000092412104093     0.000024641716253
    -0.000007599217530     0.000024641064677     0.000006304945169
50 6
    -0.000107096221456    -0.000000000000000     0.000000000000000
     0.000000000000000     0.000379151136056    -0.000224965727903
    -0.000000000000000    -0.000224964412303     0.000178847471632
50 7
    -0.000011828878747    -0.000000000000000    -0.000000000000000
     0.000000000000000     0.000062709860253     0.000005441471146
     0.000000000000000     0.000005441358711     0.000007463554397
50 8
    -0.000011486614844    -0.000041540679456    -0.000005997267484
    -0.000041538854452     0.000143064692687     0.000019604067469
    -0.000005996784671     0.000019603410281    -0.000013845731943
50 9
    -0.000011486614844     0.000041540679456     0.000005997267484
     0.000041538854452     0.000143064692687     0.000019604067469
     0.000005996784671     0.000019603410281    -0.000013845731943
50 10
    -0.000217416337350    -0.000000000000000    -0.000000000000000
     0.000000000000000     0.000817817890455    -0.000356953318230
    -0.000000000000000    -0.000356959937957    -0.000048671979131
50 11
     0.000004133102169     0.000027383575498     0.000006683302051
     0.000027383048172     0.000056671789625     0.000012182620356
     0.000006682909489     0.000012182245433     0.000007552803834
50 12
     0.000009898745214     0.000003241624293     0.000000505387570
     0.000003241628806     0.000008182150480     0.000000610270958
     0.000000505364342     0.000000610240744     0.000000147795624
50 13
     0.000004133102169    -0.000027383575498    -0.000006683302051
    -0.000027383048172     0.000056671789625     0.000012182620356
    -0.000006682909489     0.000012182245433     0.000007552803834
50 14
     0.000009898745214    -0.000003241624293    -0.000000505387570
    -0.000003241628806     0.000008182150480     0.000000610270958
    -0.000000505364342     0.000000610240744     0.000000147795624
50 15
    -0.000388992669592    -0.000000000000000    -0.000000000000000
     0.000000000000000     0.000320407152814    -0.000197160986383
    -0.000000000000000    -0.000197103070910     0.000834803281156
50 16
     0.472640645927768     0.000000000000000     0.000000000000000
    -0.000000000000000     0.000227646178611    -0.004553377980717
    -0.000000000000000    -0.004555881408668    -0.030409847154401
50 17
    -0.000038982337909    -0.000000000000000     0.000000000000000
     0.000000000000000     0.000167167671819     0.000033541601381
     0.000000000000000     0.000033541133309     0.000057616746948
50 18
    -0.000528531492112    -0.000000000000000     0.000000000000000
     0.000000000000000    -0.000571350993414    -0.000945675489874
     0.000000000000000    -0.000946134135950    -0.000382432763772
50 19
     0.025464952907427    -0.000000000000000    -0.000000000000000
    -0.000000000000000    -0.333796181514697     0.137346960414525
     0.000000000000000     0.137319165849004    -0.026956359276432
50 20
     0.000010667498230    -0.000049630245003    -0.000003453649418
    -0.000049628903830     0.000097831298442     0.000006142372011
    -0.000003453409886     0.000006142126934    -0.000012644201569
50 21
     0.000012216616815    -0.000004308865965    -0.000000187448801
    -0.000004308874696     0.000010001513021     0.000000233105688
    -0.000000187439712     0.000000233093937    -0.000001602185034
50 22
     0.000010667498230     0.000049630245003     0.000003453649418
     0.000049628903830     0.000097831298442     0.000006142372011
     0.000003453409886     0.000006142126934    -0.000012644201569
50 23
     0.000012216616815     0.000004308865965     0.000000187448801
     0.000004308874696     0.000010001513021     0.000000233105688
     0.000000187439712     0.000000233093937    -0.000001602185034
50 24
    -7.999393943174335     0.000000000000000     0.000000000000000
     0.000000000000000   -15.694667559802813    -7.570214426000220
     0.000000000000000    -7.797557129014388   -26.326929537242226
50 25
    -0.450820264160749     0.000000000000000     0.000000000000000
     0.000000000000000    -0.244632323056667     0.344772231123459
     0.000000000000000     0.344862463564220    -0.365520675494777
50 26
     1.829536700888174     0.000000000000000    -0.000000000000000
    -0.000000000000000     2.244313135817359     1.445753998552006
    -0.000000000000000    -1.168281385459542    -0.752093722089757
50 27
    -0.000160323987962     0.000000000000000    -0.000000000000000
     0.000000000000000     0.000643649865065     0.000346151079055
     0.000000000000000     0.000346148680451     0.000093195153986
50 28
     0.500883466649611    -0.000000000000000    -0.000000000000000
    -0.000000000000000    -0.013475482640246    -0.011286313181941
    -0.000000000000000    -0.011286829808637    -0.007988495699692
50 29
     0.000035430818016     0.000013191611955     0.000019115352922
     0.000003584853731     0.000055321119278    -0.000005726828752
     0.000037685785010    -0.000010677411233     0.000016950022921
50 30
     0.000012227263543     0.000009420179879     0.000001831689599
     0.000009420165459     0.000014275836174     0.000001856173886
     0.000001831603358     0.000001856092646    -0.000001113464829
50 31
     0.000035430818016    -0.000013191611955    -0.000019115352922
    -0.000003584853731     0.000055321119278    -0.000005726828752
    -0.000037685785010    -0.000010677411233     0.000016950022921
50 32
     0.000012227263543    -0.000009420179879    -0.000001831689599
    -0.000009420165459     0.000014275836174     0.000001856173886
    -0.000001831603358     0.000001856092646    -0.000001113464829
50 33
    -0.000078703486288     0.000000000000000     0.000000000000000
     0.000000000000000     0.000458813518365     0.000095859176747
    -0.000000000000000     0.000095856771057    -0.000041615990559
50 34
     1.889796799785401    -0.000000000000000     0.000000000000000
    -0.000000000000000    -0.000003982319869    -2.840730690463003
     0.000000000000000    -0.000020968121173     1.478517044698504
50 35
    -0.000030015965728     0.000000000000000    -0.000000000000000
     0.000000000000000     0.000189166022578     0.000001262438738
    -0.000000000000000     0.000001262395592    -0.000026758400476
50 36
    -0.616178252762534     0.000000000000000     0.000000000000000
     0.000000000000000    -0.618879903715954     0.000000000000000
    -0.000000000000000    -0.000000000000000     0.043631413647857
50 37
     0.000002658897817     0.000007270106809     0.000005423661434
     0.000006074818470     0.000011728397486     0.000005448978242
     0.000002258995214     0.000003978643716     0.000009626916743
50 38
     0.000002086079188     0.000001129596447     0.000000000000001
     0.000001129596448     0.000002086079188    -0.000000000000000
     0.000000000000001    -0.000000000000000     0.000000207096644
50 39
     0.000002658897817    -0.000007270106809    -0.000005423661434
    -0.000006074818470     0.000011728397486     0.000005448978242
    -0.000002258995214     0.000003978643716     0.000009626916743
50 40
     0.000002086079188    -0.000001129596447    -0.000000000000001
    -0.000001129596448     0.000002086079188    -0.000000000000000
    -0.000000000000001    -0.000000000000000     0.000000207096644
50 41
    -0.000143256040235     0.000000000000000    -0.000000000000000
     0.000000000000000     0.000136108310849     0.000204690715954
    -0.000000000000000     0.000204673582239     0.000374885513631
50 42
     0.000538812469589    -0.000000000000000    -0.000000000000000
    -0.000000000000000     0.000538812469588     0.000000000000000
    -0.000000000000000     0.000000000000000    -0.015302912776905
50 43
    -0.000011519454798     0.000000000000000    -0.000000000000000
     0.000000000000000     0.000049085441657    -0.000015552166581
    -0.000000000000000    -0.000015551966926     0.000018062423786
50 44
    -0.000148882988328     0.000000000000000    -0.000000000000000
     0.000000000000000     0.000126887031406    -0.000205613470129
     0.000000000000000    -0.000205591221806     0.000366883939902
50 45
     0.000002849555229    -0.000009571751285     0.000000918122406
    -0.000009571519985     0.000017467327162    -0.000001491931814
     0.000000918059282    -0.000001491868910    -0.000002156989983
50 46
     0.000002780137443    -0.000001689035694     0.000000150787554
    -0.000001689035694     0.000002780137443    -0.000000150787554
     0.000000150780233    -0.000000150780233    -0.000000393923927
50 47
     0.000002849555229     0.000009571751285    -0.000000918122406
     0.000009571519985     0.000017467327162    -0.000001491931814
    -0.000000918059282    -0.000001491868910    -0.000002156989983
50 48
     0.000002780137443     0.000001689035694    -0.000000150787554
     0.000001689035694     0.000002780137443    -0.000000150787554
    -0.000000150780233    -0.000000150780233    -0.000000393923927
50 49
     0.036751304956383     0.000000000000000    -0.000000000000000
    -0.000000000000000    -0.524463251361825     0.006810565690428
     0.000000000000000     0.006807524870324     0.036638777817634
50 50
     4.312600537819645     0.000000000000000     0.000000000000000
    -0.000000000000000    15.180460825088877     8.493227994430116
     0.000000000000000     8.493853234096250    25.964972785021860