# End points of segments: 
#   0.00000000 0.03728560 0.07457120 0.12730100 0.19674550 0.23403110 0.27131670 0.32404650 
0.000000 -0.003192
0.000761 0.014984
0.001522 0.030463
0.002283 0.045805
0.003044 0.061086
0.003805 0.076309
0.004566 0.091471
0.005326 0.106560
0.006087 0.121568
0.006848 0.136483
0.007609 0.151293
0.008370 0.165987
0.009131 0.180553
0.009892 0.194979
0.010653 0.209252
0.011414 0.223360
0.012175 0.237291
0.012936 0.251032
0.013697 0.264569
0.014458 0.277888
0.015219 0.290978
0.015980 0.303823
0.016740 0.316410
0.017501 0.328725
0.018262 0.340753
0.019023 0.352480
0.019784 0.363891
0.020545 0.374971
0.021306 0.385704
0.022067 0.396076
0.022828 0.406071
0.023589 0.415674
0.024350 0.424869
0.025111 0.433641
0.025872 0.441975
0.026633 0.449856
0.027394 0.457269
0.028154 0.464200
0.028915 0.470634
0.029676 0.476559
0.030437 0.481962
0.031198 0.486831
0.031959 0.491154
0.032720 0.494923
0.033481 0.498127
0.034242 0.500760
0.035003 0.502815
0.035764 0.504286
0.036525 0.505170
0.037286 0.505465

0.037286 0.505465
0.038046 0.515669
0.038808 0.545113
0.039568 0.590867
0.040329 0.649399
0.041090 0.717468
0.041851 0.792478
0.042612 0.872476
0.043373 0.956029
0.044134 1.017131
0.044895 1.020169
0.045656 1.023611
0.046417 1.027478
0.047178 1.031797
0.047939 1.036594
0.048700 1.041897
0.049460 1.047735
0.050221 1.054137
0.050982 1.061135
0.051743 1.068759
0.052504 1.077039
0.053265 1.086007
0.054026 1.095693
0.054787 1.106127
0.055548 1.117337
0.056309 1.129351
0.057070 1.142194
0.057831 1.155892
0.058592 1.170467
0.059353 1.185937
0.060114 1.202321
0.060874 1.210471
0.061635 1.212876
0.062396 1.215117
0.063157 1.217195
0.063918 1.219113
0.064679 1.220875
0.065440 1.222484
0.066201 1.223944
0.066962 1.225260
0.067723 1.226436
0.068484 1.227476
0.069245 1.228383
0.070006 1.229162
0.070767 1.229815
0.071527 1.230346
0.072288 1.230756
0.073049 1.231048
0.073810 1.231222
0.074571 1.231280

0.074571 1.231280
0.075647 1.231164
0.076724 1.230816
0.077800 1.230234
0.078876 1.229418
0.079952 1.228367
0.081028 1.227079
0.082104 1.225550
0.083180 1.223778
0.084256 1.221759
0.085332 1.219486
0.086408 1.188236
0.087485 1.144665
0.088561 1.101621
0.089637 1.059146
0.090713 1.017273
0.091789 0.976033
0.092865 0.935448
0.093941 0.895541
0.095018 0.856330
0.096094 0.817831
0.097170 0.780058
0.098246 0.743023
0.099322 0.706736
0.100398 0.671204
0.101474 0.636433
0.102550 0.602428
0.103626 0.569190
0.104703 0.536719
0.105779 0.505010
0.106855 0.474060
0.107931 0.443859
0.109007 0.414397
0.110083 0.385660
0.111159 0.357630
0.112235 0.330286
0.113311 0.303606
0.114388 0.277561
0.115464 0.252120
0.116540 0.227250
0.117616 0.202913
0.118692 0.179066
0.119768 0.155665
0.120844 0.132661
0.121920 0.110005
0.122997 0.087641
0.124073 0.065515
0.125149 0.043565
0.126225 0.021723
0.127301 -0.003192

0.127301 -0.003192
0.128718 0.005821
0.130135 0.012888
0.131553 0.019657
0.132970 0.026359
0.134387 0.033032
0.135804 0.039690
0.137222 0.046336
0.138639 0.052974
0.140056 0.059603
0.141473 0.066223
0.142891 0.072833
0.144308 0.079430
0.145725 0.086013
0.147142 0.092578
0.148560 0.099124
0.149977 0.105646
0.151394 0.112141
0.152811 0.118604
0.154228 0.125029
0.155646 0.131410
0.157063 0.137743
0.158480 0.144019
0.159897 0.150231
0.161315 0.156370
0.162732 0.162427
0.164149 0.168394
0.165566 0.174258
0.166984 0.180009
0.168401 0.185635
0.169818 0.191124
0.171235 0.196461
0.172652 0.201633
0.174070 0.206625
0.175487 0.211423
0.176904 0.216010
0.178321 0.220372
0.179739 0.224493
0.181156 0.228356
0.182573 0.231947
0.183990 0.235249
0.185408 0.238249
0.186825 0.240933
0.188242 0.243287
0.189659 0.245300
0.191077 0.246961
0.192494 0.248263
0.193911 0.249198
0.195328 0.249761
0.196745 0.249949

0.196745 0.249949
0.197506 0.252319
0.198267 0.259293
0.199028 0.270495
0.199789 0.285396
0.200550 0.303410
0.201311 0.323969
0.202072 0.346563
0.202833 0.370756
0.203594 0.396189
0.204355 0.422565
0.205116 0.449643
0.205877 0.477224
0.206638 0.505144
0.207399 0.533267
0.208159 0.561475
0.208920 0.589669
0.209681 0.617762
0.210442 0.645676
0.211203 0.673342
0.211964 0.700697
0.212725 0.727682
0.213486 0.754242
0.214247 0.780327
0.215008 0.805888
0.215769 0.830876
0.216530 0.855249
0.217291 0.878961
0.218052 0.901970
0.218812 0.924236
0.219573 0.945717
0.220334 0.966374
0.221095 0.986169
0.221856 1.005064
0.222617 1.023023
0.223378 1.040010
0.224139 1.055992
0.224900 1.070935
0.225661 1.084809
0.226422 1.097584
0.227183 1.104260
0.227944 1.103033
0.228705 1.101891
0.229465 1.100852
0.230226 1.099935
0.230987 1.099158
0.231748 1.098535
0.232509 1.098081
0.233270 1.097804
0.234031 1.097711

0.234031 1.097711
0.234792 1.097959
0.235553 1.098702
0.236314 1.099938
0.237075 1.101663
0.237836 1.103871
0.238597 1.106556
0.239358 1.109708
0.240119 1.113320
0.240879 1.117378
0.241640 1.121871
0.242401 1.126784
0.243162 1.132103
0.243923 1.137811
0.244684 1.143890
0.245445 1.150323
0.246206 1.157088
0.246967 1.164165
0.247728 1.171533
0.248489 1.179169
0.249250 1.187048
0.250011 1.195146
0.250772 1.203438
0.251532 1.211896
0.252293 1.220493
0.253054 1.229200
0.253815 1.237988
0.254576 1.246826
0.255337 1.255682
0.256098 1.264523
0.256859 1.273315
0.257620 1.282022
0.258381 1.290609
0.259142 1.299036
0.259903 1.307265
0.260664 1.315255
0.261425 1.322965
0.262186 1.330352
0.262946 1.337371
0.263707 1.343980
0.264468 1.350133
0.265229 1.355786
0.265990 1.360897
0.266751 1.365424
0.267512 1.369328
0.268273 1.372575
0.269034 1.375134
0.269795 1.376981
0.270556 1.378096
0.271317 1.378469

0.271317 1.378469
0.272393 1.378098
0.273469 1.376992
0.274545 1.375175
0.275621 1.372682
0.276697 1.369558
0.277773 1.365854
0.278849 1.361624
0.279926 1.356918
0.281002 1.351787
0.282078 1.346278
0.283154 1.340431
0.284230 1.334287
0.285306 1.327880
0.286382 1.321242
0.287459 1.314403
0.288535 1.307391
0.289611 1.300233
0.290687 1.292954
0.291763 1.285580
0.292839 1.278135
0.293915 1.270644
0.294991 1.263131
0.296067 1.255621
0.297144 1.248137
0.298220 1.240704
0.299296 1.233346
0.300372 1.226087
0.301448 1.218951
0.302524 1.211961
0.303600 1.205141
0.304676 1.198512
0.305752 1.192098
0.306829 1.185920
0.307905 1.179997
0.308981 1.174351
0.310057 1.168997
0.311133 1.163937
0.312209 1.153126
0.313285 1.056196
0.314361 0.958390
0.315438 0.860772
0.316514 0.763732
0.317590 0.667808
0.318666 0.573833
0.319742 0.483206
0.320818 0.398473
0.321894 0.324518
0.322970 0.270535
0.324047 0.249949


0.000000 -0.003192
0.000761 0.015331
0.001522 0.030780
0.002283 0.046281
0.003044 0.061881
0.003805 0.077616
0.004566 0.093522
0.005326 0.109631
0.006087 0.125974
0.006848 0.142581
0.007609 0.159481
0.008370 0.176702
0.009131 0.194269
0.009892 0.212206
0.010653 0.230537
0.011414 0.249281
0.012175 0.268458
0.012936 0.288084
0.013697 0.308175
0.014458 0.328742
0.015219 0.349797
0.015980 0.371348
0.016740 0.393401
0.017501 0.415958
0.018262 0.439019
0.019023 0.462583
0.019784 0.486643
0.020545 0.511189
0.021306 0.536206
0.022067 0.561676
0.022828 0.587574
0.023589 0.613868
0.024350 0.640518
0.025111 0.667477
0.025872 0.694683
0.026633 0.722062
0.027394 0.749522
0.028154 0.776950
0.028915 0.804205
0.029676 0.831114
0.030437 0.857462
0.031198 0.882982
0.031959 0.907349
0.032720 0.930166
0.033481 0.950960
0.034242 0.969187
0.035003 0.984256
0.035764 0.995570
0.036525 1.002605
0.037286 1.004994

0.037286 1.004994
0.038046 1.005135
0.038808 1.005561
0.039568 1.006276
0.040329 1.007284
0.041090 1.008596
0.041851 1.010222
0.042612 1.012176
0.043373 1.014473
0.044134 1.042083
0.044895 1.129850
0.045656 1.141901
0.046417 1.145069
0.047178 1.148407
0.047939 1.151894
0.048700 1.155502
0.049460 1.159206
0.050221 1.162981
0.050982 1.166799
0.051743 1.170635
0.052504 1.174464
0.053265 1.178261
0.054026 1.182003
0.054787 1.185670
0.055548 1.189241
0.056309 1.192701
0.057070 1.196035
0.057831 1.199230
0.058592 1.202277
0.059353 1.205170
0.060114 1.207902
0.060874 1.219632
0.061635 1.237882
0.062396 1.257077
0.063157 1.277220
0.063918 1.298308
0.064679 1.320331
0.065440 1.343272
0.066201 1.367103
0.066962 1.391781
0.067723 1.417243
0.068484 1.443396
0.069245 1.470101
0.070006 1.487404
0.070767 1.489804
0.071527 1.491797
0.072288 1.493366
0.073049 1.494497
0.073810 1.495179
0.074571 1.495408

0.074571 1.495408
0.075647 1.494951
0.076724 1.493584
0.077800 1.491314
0.078876 1.488155
0.079952 1.455929
0.081028 1.411359
0.082104 1.366439
0.083180 1.321496
0.084256 1.276732
0.085332 1.232281
0.086408 1.216953
0.087485 1.214151
0.088561 1.211069
0.089637 1.207695
0.090713 1.204012
0.091789 1.199998
0.092865 1.195630
0.093941 1.190877
0.095018 1.185701
0.096094 1.180054
0.097170 1.173880
0.098246 1.167108
0.099322 1.159650
0.100398 1.151398
0.101474 1.142219
0.102550 1.131948
0.103626 1.120382
0.104703 1.107268
0.105779 1.092302
0.106855 1.075115
0.107931 1.055270
0.109007 1.032266
0.110083 1.005553
0.111159 0.974569
0.112235 0.938793
0.113311 0.897814
0.114388 0.851406
0.115464 0.799568
0.116540 0.742530
0.117616 0.680711
0.118692 0.614651
0.119768 0.544948
0.120844 0.472200
0.121920 0.396969
0.122997 0.319771
0.124073 0.241070
0.125149 0.161279
0.126225 0.080765
0.127301 -0.003192

0.127301 -0.003192
0.128718 0.005821
0.130135 0.012888
0.131553 0.019657
0.132970 0.026359
0.134387 0.033032
0.135804 0.039690
0.137222 0.046336
0.138639 0.052974
0.140056 0.059603
0.141473 0.066223
0.142891 0.072833
0.144308 0.079430
0.145725 0.086013
0.147142 0.092578
0.148560 0.099124
0.149977 0.105646
0.151394 0.112141
0.152811 0.118604
0.154228 0.125029
0.155646 0.131410
0.157063 0.137743
0.158480 0.144019
0.159897 0.150231
0.161315 0.156370
0.162732 0.162427
0.164149 0.168394
0.165566 0.174258
0.166984 0.180009
0.168401 0.185635
0.169818 0.191124
0.171235 0.196461
0.172652 0.201633
0.174070 0.206625
0.175487 0.211423
0.176904 0.216010
0.178321 0.220372
0.179739 0.224493
0.181156 0.228356
0.182573 0.231947
0.183990 0.235249
0.185408 0.238249
0.186825 0.240933
0.188242 0.243287
0.189659 0.245300
0.191077 0.246961
0.192494 0.248263
0.193911 0.249198
0.195328 0.249761
0.196745 0.249949

0.196745 0.249949
0.197506 0.268324
0.198267 0.317080
0.199028 0.384729
0.199789 0.462912
0.200550 0.546950
0.201311 0.634317
0.202072 0.723585
0.202833 0.813890
0.203594 0.904667
0.204355 0.995518
0.205116 1.086139
0.205877 1.131363
0.206638 1.130975
0.207399 1.130551
0.208159 1.130088
0.208920 1.129585
0.209681 1.129041
0.210442 1.128454
0.211203 1.127823
0.211964 1.127146
0.212725 1.126421
0.213486 1.125647
0.214247 1.124822
0.215008 1.123946
0.215769 1.123017
0.216530 1.122035
0.217291 1.120999
0.218052 1.119911
0.218812 1.118770
0.219573 1.117580
0.220334 1.116342
0.221095 1.115061
0.221856 1.113743
0.222617 1.112394
0.223378 1.111023
0.224139 1.109640
0.224900 1.108258
0.225661 1.106890
0.226422 1.105551
0.227183 1.109232
0.227944 1.119727
0.228705 1.129045
0.229465 1.137167
0.230226 1.144071
0.230987 1.149743
0.231748 1.154169
0.232509 1.157338
0.233270 1.159242
0.234031 1.159877

0.234031 1.159877
0.234792 1.164559
0.235553 1.178487
0.236314 1.201318
0.237075 1.232525
0.237836 1.271446
0.238597 1.317341
0.239358 1.369440
0.240119 1.379960
0.240879 1.379930
0.241640 1.379897
0.242401 1.379861
0.243162 1.379823
0.243923 1.379783
0.244684 1.379740
0.245445 1.379695
0.246206 1.379649
0.246967 1.379601
0.247728 1.379552
0.248489 1.379502
0.249250 1.379452
0.250011 1.379400
0.250772 1.379349
0.251532 1.379297
0.252293 1.379245
0.253054 1.379194
0.253815 1.379143
0.254576 1.379093
0.255337 1.379044
0.256098 1.378996
0.256859 1.378949
0.257620 1.378904
0.258381 1.378860
0.259142 1.378819
0.259903 1.378779
0.260664 1.378741
0.261425 1.378705
0.262186 1.378671
0.262946 1.378640
0.263707 1.378611
0.264468 1.378584
0.265229 1.378561
0.265990 1.378540
0.266751 1.378521
0.267512 1.378505
0.268273 1.378493
0.269034 1.378482
0.269795 1.378475
0.270556 1.378471
0.271317 1.378469

0.271317 1.378469
0.272393 1.378098
0.273469 1.376992
0.274545 1.375175
0.275621 1.372682
0.276697 1.369558
0.277773 1.365854
0.278849 1.361624
0.279926 1.356918
0.281002 1.351787
0.282078 1.346278
0.283154 1.340431
0.284230 1.334287
0.285306 1.327880
0.286382 1.321242
0.287459 1.314403
0.288535 1.307391
0.289611 1.300233
0.290687 1.292954
0.291763 1.285580
0.292839 1.278135
0.293915 1.270644
0.294991 1.263131
0.296067 1.255621
0.297144 1.248137
0.298220 1.240704
0.299296 1.233346
0.300372 1.226087
0.301448 1.218951
0.302524 1.211961
0.303600 1.205141
0.304676 1.198512
0.305752 1.192098
0.306829 1.185920
0.307905 1.179997
0.308981 1.174351
0.310057 1.168997
0.311133 1.163937
0.312209 1.153126
0.313285 1.056196
0.314361 0.958390
0.315438 0.860772
0.316514 0.763732
0.317590 0.667808
0.318666 0.573833
0.319742 0.483206
0.320818 0.398473
0.321894 0.324518
0.322970 0.270535
0.324047 0.249949


0.000000 -0.001305
0.000761 0.087070
0.001522 0.173676
0.002283 0.259140
0.003044 0.342862
0.003805 0.424171
0.004566 0.502330
0.005326 0.576547
0.006087 0.646011
0.006848 0.709960
0.007609 0.767777
0.008370 0.819090
0.009131 0.863841
0.009892 0.902287
0.010653 0.934942
0.011414 0.962474
0.012175 0.985604
0.012936 1.005027
0.013697 1.021370
0.014458 1.035171
0.015219 1.046879
0.015980 1.056863
0.016740 1.065421
0.017501 1.072797
0.018262 1.079186
0.019023 1.084746
0.019784 1.089606
0.020545 1.093871
0.021306 1.097628
0.022067 1.100947
0.022828 1.103887
0.023589 1.106497
0.024350 1.108818
0.025111 1.110884
0.025872 1.112724
0.026633 1.114363
0.027394 1.115821
0.028154 1.117116
0.028915 1.118264
0.029676 1.119276
0.030437 1.120163
0.031198 1.120936
0.031959 1.121601
0.032720 1.122165
0.033481 1.122634
0.034242 1.123013
0.035003 1.123303
0.035764 1.123509
0.036525 1.123631
0.037286 1.123672

0.037286 1.123672
0.038046 1.123834
0.038808 1.124318
0.039568 1.125121
0.040329 1.126237
0.041090 1.127658
0.041851 1.129375
0.042612 1.131376
0.043373 1.133646
0.044134 1.136169
0.044895 1.138927
0.045656 1.218722
0.046417 1.308219
0.047178 1.369487
0.047939 1.371602
0.048700 1.373912
0.049460 1.376423
0.050221 1.379138
0.050982 1.382063
0.051743 1.385199
0.052504 1.388547
0.053265 1.392106
0.054026 1.395872
0.054787 1.399838
0.055548 1.403996
0.056309 1.408334
0.057070 1.412835
0.057831 1.417480
0.058592 1.422249
0.059353 1.427115
0.060114 1.432053
0.060874 1.437030
0.061635 1.442016
0.062396 1.446977
0.063157 1.451876
0.063918 1.456680
0.064679 1.461351
0.065440 1.465853
0.066201 1.470150
0.066962 1.474208
0.067723 1.477993
0.068484 1.481473
0.069245 1.484619
0.070006 1.497139
0.070767 1.524164
0.071527 1.550599
0.072288 1.575443
0.073049 1.596952
0.073810 1.612295
0.074571 1.618002

0.074571 1.618002
0.075647 1.606835
0.076724 1.578544
0.077800 1.541200
0.078876 1.499574
0.079952 1.484123
0.081028 1.479240
0.082104 1.473532
0.083180 1.467028
0.084256 1.459759
0.085332 1.451759
0.086408 1.443062
0.087485 1.433703
0.088561 1.423718
0.089637 1.413141
0.090713 1.402004
0.091789 1.390338
0.092865 1.378169
0.093941 1.365520
0.095018 1.352407
0.096094 1.338842
0.097170 1.324827
0.098246 1.310355
0.099322 1.295406
0.100398 1.279945
0.101474 1.263920
0.102550 1.247255
0.103626 1.229842
0.104703 1.211540
0.105779 1.192159
0.106855 1.171453
0.107931 1.149102
0.109007 1.124698
0.110083 1.097731
0.111159 1.067581
0.112235 1.033521
0.113311 0.994754
0.114388 0.950480
0.115464 0.900008
0.116540 0.842887
0.117616 0.779006
0.118692 0.708623
0.119768 0.632312
0.120844 0.550849
0.121920 0.465098
0.122997 0.375915
0.124073 0.284105
0.125149 0.190401
0.126225 0.095459
0.127301 -0.001305

0.127301 -0.001305
0.128718 0.078988
0.130135 0.157949
0.131553 0.236822
0.132970 0.315564
0.134387 0.394136
0.135804 0.472493
0.137222 0.550593
0.138639 0.628393
0.140056 0.705851
0.141473 0.782923
0.142891 0.859567
0.144308 0.935740
0.145725 1.011400
0.147142 1.086504
0.148560 1.161010
0.149977 1.234875
0.151394 1.308057
0.152811 1.340302
0.154228 1.331566
0.155646 1.322638
0.157063 1.313552
0.158480 1.304344
0.159897 1.295049
0.161315 1.285705
0.162732 1.276345
0.164149 1.267007
0.165566 1.257725
0.166984 1.248535
0.168401 1.239472
0.169818 1.230572
0.171235 1.221868
0.172652 1.213395
0.174070 1.205187
0.175487 1.197277
0.176904 1.189697
0.178321 1.182479
0.179739 1.175654
0.181156 1.169251
0.182573 1.163300
0.183990 1.157825
0.185408 1.152854
0.186825 1.148409
0.188242 1.144511
0.189659 1.141179
0.191077 1.138431
0.192494 1.136278
0.193911 1.134733
0.195328 1.133802
0.196745 1.133491

0.196745 1.133491
0.197506 1.133477
0.198267 1.133435
0.199028 1.133364
0.199789 1.133264
0.200550 1.133135
0.201311 1.132976
0.202072 1.132787
0.202833 1.132567
0.203594 1.132316
0.204355 1.132032
0.205116 1.131715
0.205877 1.166002
0.206638 1.171363
0.207399 1.177061
0.208159 1.183076
0.208920 1.189386
0.209681 1.195969
0.210442 1.202801
0.211203 1.209857
0.211964 1.217112
0.212725 1.224540
0.213486 1.232112
0.214247 1.239800
0.215008 1.247576
0.215769 1.255409
0.216530 1.263268
0.217291 1.271124
0.218052 1.278944
0.218812 1.286695
0.219573 1.294347
0.220334 1.301865
0.221095 1.309218
0.221856 1.316372
0.222617 1.323295
0.223378 1.329955
0.224139 1.336320
0.224900 1.342358
0.225661 1.348041
0.226422 1.353338
0.227183 1.358223
0.227944 1.362669
0.228705 1.366653
0.229465 1.370153
0.230226 1.373148
0.230987 1.375623
0.231748 1.377563
0.232509 1.378957
0.233270 1.379797
0.234031 1.380077

0.234031 1.380077
0.234792 1.380075
0.235553 1.380069
0.236314 1.380060
0.237075 1.380047
0.237836 1.380030
0.238597 1.380010
0.239358 1.379987
0.240119 1.426986
0.240879 1.489259
0.241640 1.555593
0.242401 1.625384
0.243162 1.698088
0.243923 1.773219
0.244684 1.850346
0.245445 1.860156
0.246206 1.858303
0.246967 1.856331
0.247728 1.854240
0.248489 1.852032
0.249250 1.849708
0.250011 1.847271
0.250772 1.844723
0.251532 1.842067
0.252293 1.839309
0.253054 1.836452
0.253815 1.833502
0.254576 1.830467
0.255337 1.827356
0.256098 1.824177
0.256859 1.820942
0.257620 1.817663
0.258381 1.814355
0.259142 1.811035
0.259903 1.807720
0.260664 1.804431
0.261425 1.801190
0.262186 1.798021
0.262946 1.794951
0.263707 1.792007
0.264468 1.789218
0.265229 1.786613
0.265990 1.784224
0.266751 1.782080
0.267512 1.780209
0.268273 1.778637
0.269034 1.777389
0.269795 1.776482
0.270556 1.775933
0.271317 1.775748

0.271317 1.775748
0.272393 1.776952
0.273469 1.780552
0.274545 1.786509
0.275621 1.794767
0.276697 1.805247
0.277773 1.817858
0.278849 1.832499
0.279926 1.849060
0.281002 1.867426
0.282078 1.887475
0.283154 1.909080
0.284230 1.932110
0.285306 1.956419
0.286382 1.981851
0.287459 2.008227
0.288535 2.035337
0.289611 2.062923
0.290687 2.090654
0.291763 2.118076
0.292839 2.144537
0.293915 2.169045
0.294991 2.190019
0.296067 2.204896
0.297144 2.209687
0.298220 2.199218
0.299296 2.169403
0.300372 2.120424
0.301448 2.056337
0.302524 1.981830
0.303600 1.900394
0.304676 1.814269
0.305752 1.724847
0.306829 1.633021
0.307905 1.539389
0.308981 1.444379
0.310057 1.348316
0.311133 1.251483
0.312209 1.160178
0.313285 1.155013
0.314361 1.151007
0.315438 1.147398
0.316514 1.144185
0.317590 1.141378
0.318666 1.138986
0.319742 1.137018
0.320818 1.135479
0.321894 1.134376
0.322970 1.133713
0.324047 1.133491


0.000000 1.429159
0.000761 1.429096
0.001522 1.428908
0.002283 1.428594
0.003044 1.428156
0.003805 1.427595
0.004566 1.426912
0.005326 1.426109
0.006087 1.425188
0.006848 1.424151
0.007609 1.423000
0.008370 1.421740
0.009131 1.420372
0.009892 1.418902
0.010653 1.417332
0.011414 1.415668
0.012175 1.413914
0.012936 1.412075
0.013697 1.410157
0.014458 1.408166
0.015219 1.406108
0.015980 1.403990
0.016740 1.401819
0.017501 1.399603
0.018262 1.397350
0.019023 1.395067
0.019784 1.392764
0.020545 1.390450
0.021306 1.388134
0.022067 1.385827
0.022828 1.383537
0.023589 1.381276
0.024350 1.379055
0.025111 1.376883
0.025872 1.374772
0.026633 1.372732
0.027394 1.370775
0.028154 1.368912
0.028915 1.367151
0.029676 1.365505
0.030437 1.363982
0.031198 1.362592
0.031959 1.361344
0.032720 1.360245
0.033481 1.359302
0.034242 1.358522
0.035003 1.357910
0.035764 1.357470
0.036525 1.357204
0.037286 1.357115

0.037286 1.357115
0.038046 1.357184
0.038808 1.357390
0.039568 1.357734
0.040329 1.358218
0.041090 1.358844
0.041851 1.359617
0.042612 1.360539
0.043373 1.361614
0.044134 1.362848
0.044895 1.364247
0.045656 1.365815
0.046417 1.367560
0.047178 1.397944
0.047939 1.487554
0.048700 1.576742
0.049460 1.665220
0.050221 1.703656
0.050982 1.708818
0.051743 1.714117
0.052504 1.719529
0.053265 1.725032
0.054026 1.730602
0.054787 1.736217
0.055548 1.741853
0.056309 1.747486
0.057070 1.753095
0.057831 1.758655
0.058592 1.764145
0.059353 1.769543
0.060114 1.774826
0.060874 1.779975
0.061635 1.784969
0.062396 1.789789
0.063157 1.794416
0.063918 1.798831
0.064679 1.803019
0.065440 1.806964
0.066201 1.810649
0.066962 1.814062
0.067723 1.817189
0.068484 1.820019
0.069245 1.822542
0.070006 1.824747
0.070767 1.826627
0.071527 1.828175
0.072288 1.829385
0.073049 1.830252
0.073810 1.830774
0.074571 1.830948

0.074571 1.830948
0.075647 1.832170
0.076724 1.835833
0.077800 1.841919
0.078876 1.850402
0.079952 1.861245
0.081028 1.874403
0.082104 1.889820
0.083180 1.907435
0.084256 1.927178
0.085332 1.948974
0.086408 1.972745
0.087485 1.998406
0.088561 2.025870
0.089637 2.055049
0.090713 2.085852
0.091789 2.118186
0.092865 2.151960
0.093941 2.187082
0.095018 2.223456
0.096094 2.260992
0.097170 2.299595
0.098246 2.339171
0.099322 2.379628
0.100398 2.416455
0.101474 2.352755
0.102550 2.287111
0.103626 2.220137
0.104703 2.152463
0.105779 2.084734
0.106855 2.017619
0.107931 1.951821
0.109007 1.888073
0.110083 1.827131
0.111159 1.769741
0.112235 1.716589
0.113311 1.668235
0.114388 1.625045
0.115464 1.587149
0.116540 1.554444
0.117616 1.526636
0.118692 1.503307
0.119768 1.483988
0.120844 1.468217
0.121920 1.455572
0.122997 1.445697
0.124073 1.438303
0.125149 1.433174
0.126225 1.430155
0.127301 1.429159

0.127301 1.429159
0.128718 1.428847
0.130135 1.427911
0.131553 1.426357
0.132970 1.424192
0.134387 1.421427
0.135804 1.418076
0.137222 1.414155
0.138639 1.409684
0.140056 1.404682
0.141473 1.399176
0.142891 1.393188
0.144308 1.386748
0.145725 1.379884
0.147142 1.372626
0.148560 1.365006
0.149977 1.357057
0.151394 1.348811
0.152811 1.340302
0.154228 1.331566
0.155646 1.322638
0.157063 1.313552
0.158480 1.304344
0.159897 1.295049
0.161315 1.285705
0.162732 1.276345
0.164149 1.267007
0.165566 1.257725
0.166984 1.248535
0.168401 1.239472
0.169818 1.230572
0.171235 1.221868
0.172652 1.213395
0.174070 1.205187
0.175487 1.197277
0.176904 1.189697
0.178321 1.182479
0.179739 1.175654
0.181156 1.169251
0.182573 1.163300
0.183990 1.157825
0.185408 1.152854
0.186825 1.148409
0.188242 1.144511
0.189659 1.141179
0.191077 1.138431
0.192494 1.136278
0.193911 1.134733
0.195328 1.133802
0.196745 1.133491

0.196745 1.133491
0.197506 1.133727
0.198267 1.134433
0.199028 1.135606
0.199789 1.137244
0.200550 1.139338
0.201311 1.141884
0.202072 1.144870
0.202833 1.148288
0.203594 1.152124
0.204355 1.156365
0.205116 1.160997
0.205877 1.176285
0.206638 1.265740
0.207399 1.354309
0.208159 1.441803
0.208920 1.528037
0.209681 1.612823
0.210442 1.695969
0.211203 1.777277
0.211964 1.856538
0.212725 1.933538
0.213486 2.008055
0.214247 2.079864
0.215008 2.148737
0.215769 2.214452
0.216530 2.276799
0.217291 2.315268
0.218052 2.280857
0.218812 2.247242
0.219573 2.214518
0.220334 2.182781
0.221095 2.152124
0.221856 2.122641
0.222617 2.094422
0.223378 2.067556
0.224139 2.042129
0.224900 2.018224
0.225661 1.995920
0.226422 1.975291
0.227183 1.956408
0.227944 1.939336
0.228705 1.924132
0.229465 1.910848
0.230226 1.899531
0.230987 1.890219
0.231748 1.882943
0.232509 1.877728
0.233270 1.874592
0.234031 1.873546

0.234031 1.873546
0.234792 1.873487
0.235553 1.873310
0.236314 1.873014
0.237075 1.872600
0.237836 1.872067
0.238597 1.871415
0.239358 1.870644
0.240119 1.869754
0.240879 1.868744
0.241640 1.867614
0.242401 1.866363
0.243162 1.864992
0.243923 1.863501
0.244684 1.861888
0.245445 1.929082
0.246206 2.009079
0.246967 2.090024
0.247728 2.171629
0.248489 2.253628
0.249250 2.335771
0.250011 2.366611
0.250772 2.335820
0.251532 2.304907
0.252293 2.273963
0.253054 2.243084
0.253815 2.212366
0.254576 2.181906
0.255337 2.151804
0.256098 2.122161
0.256859 2.093078
0.257620 2.064658
0.258381 2.037003
0.259142 2.010218
0.259903 1.984404
0.260664 1.959664
0.261425 1.936098
0.262186 1.913805
0.262946 1.892882
0.263707 1.873420
0.264468 1.855511
0.265229 1.839236
0.265990 1.824676
0.266751 1.811902
0.267512 1.800978
0.268273 1.791960
0.269034 1.784896
0.269795 1.779823
0.270556 1.776769
0.271317 1.775748

0.271317 1.775748
0.272393 1.776952
0.273469 1.780552
0.274545 1.786509
0.275621 1.794767
0.276697 1.805247
0.277773 1.817858
0.278849 1.832499
0.279926 1.849060
0.281002 1.867426
0.282078 1.887475
0.283154 1.909080
0.284230 1.932110
0.285306 1.956419
0.286382 1.981851
0.287459 2.008227
0.288535 2.035337
0.289611 2.062923
0.290687 2.090654
0.291763 2.118076
0.292839 2.144537
0.293915 2.169045
0.294991 2.190019
0.296067 2.204896
0.297144 2.209687
0.298220 2.199218
0.299296 2.169403
0.300372 2.120424
0.301448 2.056337
0.302524 1.981830
0.303600 1.900394
0.304676 1.814269
0.305752 1.724847
0.306829 1.633021
0.307905 1.539389
0.308981 1.444379
0.310057 1.348316
0.311133 1.251483
0.312209 1.160178
0.313285 1.155013
0.314361 1.151007
0.315438 1.147398
0.316514 1.144185
0.317590 1.141378
0.318666 1.138986
0.319742 1.137018
0.320818 1.135479
0.321894 1.134376
0.322970 1.133713
0.324047 1.133491


0.000000 1.429159
0.000761 1.430604
0.001522 1.434993
0.002283 1.442491
0.003044 1.453380
0.003805 1.468053
0.004566 1.487016
0.005326 1.510864
0.006087 1.540243
0.006848 1.575769
0.007609 1.617934
0.008370 1.666998
0.009131 1.722922
0.009892 1.785357
0.010653 1.853709
0.011414 1.927233
0.012175 2.005135
0.012936 2.086651
0.013697 2.171087
0.014458 2.257838
0.015219 2.346389
0.015980 2.436304
0.016740 2.527213
0.017501 2.592891
0.018262 2.547323
0.019023 2.501493
0.019784 2.455500
0.020545 2.409439
0.021306 2.363402
0.022067 2.317480
0.022828 2.271762
0.023589 2.226342
0.024350 2.181315
0.025111 2.136780
0.025872 2.092846
0.026633 2.049630
0.027394 2.007263
0.028154 1.965895
0.028915 1.925699
0.029676 1.886878
0.030437 1.849674
0.031198 1.814378
0.031959 1.781336
0.032720 1.750964
0.033481 1.723750
0.034242 1.700252
0.035003 1.681073
0.035764 1.666816
0.036525 1.658014
0.037286 1.655036

0.037286 1.655036
0.038046 1.655223
0.038808 1.655786
0.039568 1.656722
0.040329 1.658025
0.041090 1.659691
0.041851 1.661710
0.042612 1.664075
0.043373 1.666775
0.044134 1.669796
0.044895 1.673126
0.045656 1.676748
0.046417 1.680648
0.047178 1.684807
0.047939 1.689208
0.048700 1.693830
0.049460 1.698653
0.050221 1.752708
0.050982 1.838926
0.051743 1.923585
0.052504 2.006386
0.053265 2.087012
0.054026 2.165133
0.054787 2.240405
0.055548 2.312478
0.056309 2.381008
0.057070 2.445671
0.057831 2.506183
0.058592 2.562322
0.059353 2.613943
0.060114 2.590443
0.060874 2.538943
0.061635 2.488128
0.062396 2.438030
0.063157 2.388683
0.063918 2.340123
0.064679 2.292390
0.065440 2.245531
0.066201 2.199600
0.066962 2.154664
0.067723 2.110808
0.068484 2.068144
0.069245 2.026832
0.070006 1.987103
0.070767 1.949316
0.071527 1.914063
0.072288 1.882350
0.073049 1.855929
0.073810 1.837637
0.074571 1.830948

0.074571 1.830948
0.075647 1.842509
0.076724 1.871984
0.077800 1.911295
0.078876 1.955661
0.079952 2.002807
0.081028 2.051622
0.082104 2.101507
0.083180 2.152109
0.084256 2.203192
0.085332 2.254584
0.086408 2.306143
0.087485 2.357746
0.088561 2.409274
0.089637 2.460610
0.090713 2.511630
0.091789 2.562200
0.092865 2.612177
0.093941 2.661400
0.095018 2.686495
0.096094 2.640470
0.097170 2.590090
0.098246 2.535663
0.099322 2.477613
0.100398 2.420868
0.101474 2.462795
0.102550 2.505309
0.103626 2.548307
0.104703 2.483445
0.105779 2.403180
0.106855 2.320706
0.107931 2.237061
0.109007 2.153262
0.110083 2.070336
0.111159 1.989342
0.112235 1.911377
0.113311 1.837563
0.114388 1.768981
0.115464 1.706574
0.116540 1.651027
0.117616 1.602669
0.118692 1.561454
0.119768 1.527020
0.120844 1.498810
0.121920 1.476192
0.122997 1.458560
0.124073 1.445392
0.125149 1.436278
0.126225 1.430924
0.127301 1.429159

0.127301 1.429159
0.128718 1.428847
0.130135 1.427911
0.131553 1.426357
0.132970 1.424192
0.134387 1.421427
0.135804 1.418076
0.137222 1.414155
0.138639 1.409684
0.140056 1.404682
0.141473 1.399176
0.142891 1.393188
0.144308 1.386748
0.145725 1.379884
0.147142 1.372626
0.148560 1.365006
0.149977 1.357057
0.151394 1.348811
0.152811 1.380516
0.154228 1.452209
0.155646 1.523096
0.157063 1.593136
0.158480 1.662290
0.159897 1.730518
0.161315 1.797783
0.162732 1.864047
0.164149 1.929274
0.165566 1.993429
0.166984 2.056478
0.168401 2.118389
0.169818 2.179131
0.171235 2.238676
0.172652 2.296996
0.174070 2.354066
0.175487 2.409865
0.176904 2.464370
0.178321 2.517564
0.179739 2.569431
0.181156 2.619958
0.182573 2.669135
0.183990 2.716955
0.185408 2.763411
0.186825 2.808503
0.188242 2.852230
0.189659 2.894595
0.191077 2.935606
0.192494 2.975269
0.193911 3.013597
0.195328 3.050602
0.196745 3.086299

0.196745 3.086299
0.197506 3.084355
0.198267 3.078565
0.199028 3.069045
0.199789 3.055979
0.200550 3.039602
0.201311 3.020180
0.202072 2.997997
0.202833 2.973340
0.203594 2.946489
0.204355 2.917709
0.205116 2.887251
0.205877 2.855343
0.206638 2.822198
0.207399 2.788011
0.208159 2.752958
0.208920 2.717205
0.209681 2.680902
0.210442 2.644192
0.211203 2.607205
0.211964 2.570066
0.212725 2.532895
0.213486 2.495803
0.214247 2.458901
0.215008 2.422294
0.215769 2.386085
0.216530 2.350377
0.217291 2.335583
0.218052 2.390643
0.218812 2.441849
0.219573 2.489122
0.220334 2.532432
0.221095 2.571810
0.221856 2.607340
0.222617 2.639163
0.223378 2.667464
0.224139 2.692462
0.224900 2.714401
0.225661 2.733532
0.226422 2.750108
0.227183 2.764368
0.227944 2.776537
0.228705 2.786813
0.229465 2.795376
0.230226 2.802374
0.230987 2.807934
0.231748 2.812157
0.232509 2.815119
0.233270 2.816875
0.234031 2.817456

0.234031 2.817456
0.234792 2.815454
0.235553 2.809601
0.236314 2.800291
0.237075 2.788014
0.237836 2.773243
0.238597 2.756374
0.239358 2.737713
0.240119 2.717496
0.240879 2.695902
0.241640 2.673073
0.242401 2.649123
0.243162 2.624149
0.243923 2.598237
0.244684 2.571468
0.245445 2.543920
0.246206 2.515668
0.246967 2.486789
0.247728 2.457363
0.248489 2.427469
0.249250 2.397190
0.250011 2.417821
0.250772 2.499546
0.251532 2.580723
0.252293 2.661128
0.253054 2.740534
0.253815 2.818714
0.254576 2.895435
0.255337 2.970457
0.256098 3.043535
0.256859 3.114418
0.257620 3.182853
0.258381 3.198206
0.259142 3.201330
0.259903 3.204259
0.260664 3.206996
0.261425 3.209541
0.262186 3.211896
0.262946 3.214062
0.263707 3.216040
0.264468 3.217830
0.265229 3.219433
0.265990 3.220847
0.266751 3.222074
0.267512 3.223113
0.268273 3.223964
0.269034 3.224626
0.269795 3.225099
0.270556 3.225382
0.271317 3.225477

0.271317 3.225477
0.272393 3.225670
0.273469 3.226246
0.274545 3.227201
0.275621 3.228523
0.276697 3.230196
0.277773 3.232197
0.278849 3.234490
0.279926 3.237020
0.281002 3.239697
0.282078 3.242369
0.283154 3.244745
0.284230 3.246214
0.285306 3.245269
0.286382 3.237766
0.287459 3.214352
0.288535 3.169650
0.289611 3.111511
0.290687 3.046922
0.291763 2.979006
0.292839 2.909499
0.293915 2.839921
0.294991 2.772153
0.296067 2.708956
0.297144 2.654456
0.298220 2.613930
0.299296 2.591538
0.300372 2.587157
0.301448 2.596766
0.302524 2.615703
0.303600 2.640484
0.304676 2.668867
0.305752 2.699441
0.306829 2.731284
0.307905 2.763755
0.308981 2.796372
0.310057 2.828745
0.311133 2.860534
0.312209 2.891424
0.313285 2.921108
0.314361 2.949283
0.315438 2.975640
0.316514 2.999870
0.317590 3.021663
0.318666 3.040717
0.319742 3.056749
0.320818 3.069508
0.321894 3.078782
0.322970 3.084412
0.324047 3.086299


0.000000 3.258361
0.000761 3.256764
0.001522 3.251978
0.002283 3.244027
0.003044 3.232946
0.003805 3.218794
0.004566 3.201646
0.005326 3.181600
0.006087 3.158776
0.006848 3.133311
0.007609 3.105360
0.008370 3.075090
0.009131 3.042676
0.009892 3.008295
0.010653 2.972128
0.011414 2.934348
0.012175 2.895128
0.012936 2.854629
0.013697 2.813008
0.014458 2.770410
0.015219 2.726973
0.015980 2.682828
0.016740 2.638096
0.017501 2.618803
0.018262 2.710799
0.019023 2.802961
0.019784 2.895072
0.020545 2.986929
0.021306 3.078338
0.022067 3.169108
0.022828 3.259046
0.023589 3.337111
0.024350 3.340442
0.025111 3.343839
0.025872 3.347293
0.026633 3.350788
0.027394 3.354309
0.028154 3.357835
0.028915 3.361342
0.029676 3.364801
0.030437 3.368178
0.031198 3.371432
0.031959 3.374516
0.032720 3.377377
0.033481 3.379955
0.034242 3.382187
0.035003 3.384009
0.035764 3.385361
0.036525 3.386194
0.037286 3.386475

0.037286 3.386475
0.038046 3.386669
0.038808 3.387255
0.039568 3.388237
0.040329 3.389627
0.041090 3.391440
0.041851 3.393695
0.042612 3.396418
0.043373 3.399641
0.044134 3.403399
0.044895 3.407739
0.045656 3.412713
0.046417 3.418384
0.047178 3.405047
0.047939 3.389495
0.048700 3.373496
0.049460 3.357135
0.050221 3.310094
0.050982 3.252108
0.051743 3.194462
0.052504 3.137183
0.053265 3.080301
0.054026 3.023841
0.054787 2.967830
0.055548 2.912293
0.056309 2.857254
0.057070 2.802740
0.057831 2.748776
0.058592 2.695388
0.059353 2.642601
0.060114 2.660997
0.060874 2.703531
0.061635 2.741683
0.062396 2.775670
0.063157 2.805764
0.063918 2.832271
0.064679 2.855514
0.065440 2.875807
0.066201 2.893452
0.066962 2.908725
0.067723 2.921872
0.068484 2.933111
0.069245 2.942628
0.070006 2.950581
0.070767 2.957103
0.071527 2.962301
0.072288 2.966259
0.073049 2.969042
0.073810 2.970694
0.074571 2.971242

0.074571 2.971242
0.075647 2.970806
0.076724 2.969488
0.077800 2.967261
0.078876 2.964078
0.079952 2.959871
0.081028 2.954547
0.082104 2.947991
0.083180 2.940056
0.084256 2.930562
0.085332 2.919296
0.086408 2.906001
0.087485 2.890384
0.088561 2.872108
0.089637 2.850809
0.090713 2.826102
0.091789 2.797610
0.092865 2.764998
0.093941 2.728006
0.095018 2.709693
0.096094 2.756863
0.097170 2.802699
0.098246 2.846973
0.099322 2.814157
0.100398 2.760801
0.101474 2.700159
0.102550 2.633033
0.103626 2.560431
0.104703 2.591681
0.105779 2.635317
0.106855 2.679095
0.107931 2.722883
0.109007 2.766540
0.110083 2.809910
0.111159 2.852820
0.112235 2.895079
0.113311 2.936473
0.114388 2.976761
0.115464 3.015676
0.116540 3.052922
0.117616 3.088173
0.118692 3.121080
0.119768 3.151274
0.120844 3.178381
0.121920 3.202035
0.122997 3.221896
0.124073 3.237666
0.125149 3.249105
0.126225 3.256038
0.127301 3.258361

0.127301 3.258361
0.128718 3.258808
0.130135 3.260148
0.131553 3.262375
0.132970 3.265484
0.134387 3.269464
0.135804 3.274303
0.137222 3.279987
0.138639 3.286499
0.140056 3.293819
0.141473 3.299061
0.142891 3.301987
0.144308 3.305175
0.145725 3.308621
0.147142 3.312320
0.148560 3.316267
0.149977 3.320457
0.151394 3.324885
0.152811 3.329543
0.154228 3.334427
0.155646 3.339529
0.157063 3.344844
0.158480 3.350363
0.159897 3.356080
0.161315 3.361988
0.162732 3.368079
0.164149 3.374345
0.165566 3.380778
0.166984 3.387371
0.168401 3.394115
0.169818 3.401002
0.171235 3.408024
0.172652 3.415172
0.174070 3.422438
0.175487 3.429813
0.176904 3.437288
0.178321 3.441488
0.179739 3.420664
0.181156 3.398861
0.182573 3.376049
0.183990 3.352200
0.185408 3.327284
0.186825 3.301274
0.188242 3.274140
0.189659 3.245857
0.191077 3.216396
0.192494 3.185734
0.193911 3.153845
0.195328 3.120707
0.196745 3.086299

0.196745 3.086299
0.197506 3.086356
0.198267 3.086526
0.199028 3.086812
0.199789 3.087215
0.200550 3.087738
0.201311 3.088385
0.202072 3.089162
0.202833 3.090074
0.203594 3.091130
0.204355 3.092336
0.205116 3.093703
0.205877 3.095242
0.206638 3.096966
0.207399 3.098890
0.208159 3.101029
0.208920 3.103401
0.209681 3.106028
0.210442 3.108930
0.211203 3.112133
0.211964 3.115662
0.212725 3.119544
0.213486 3.123809
0.214247 3.128485
0.215008 3.133600
0.215769 3.139179
0.216530 3.145243
0.217291 3.151804
0.218052 3.158865
0.218812 3.163876
0.219573 3.149554
0.220334 3.135695
0.221095 3.122335
0.221856 3.109511
0.222617 3.097256
0.223378 3.085605
0.224139 3.074591
0.224900 3.064245
0.225661 3.054599
0.226422 3.045682
0.227183 3.037522
0.227944 3.030146
0.228705 3.023576
0.229465 3.017835
0.230226 3.012944
0.230987 3.008918
0.231748 3.005771
0.232509 3.003516
0.233270 3.002159
0.234031 3.001706

0.234031 3.001706
0.234792 3.002932
0.235553 3.006459
0.236314 3.011900
0.237075 3.018776
0.237836 3.026631
0.238597 3.035091
0.239358 3.043875
0.240119 3.052780
0.240879 3.061662
0.241640 3.070423
0.242401 3.078996
0.243162 3.087337
0.243923 3.095416
0.244684 3.103218
0.245445 3.110732
0.246206 3.117956
0.246967 3.124890
0.247728 3.131538
0.248489 3.137904
0.249250 3.143995
0.250011 3.149818
0.250772 3.155381
0.251532 3.160691
0.252293 3.165755
0.253054 3.170581
0.253815 3.175176
0.254576 3.179546
0.255337 3.183696
0.256098 3.187633
0.256859 3.191361
0.257620 3.194884
0.258381 3.248584
0.259142 3.293544
0.259903 3.285881
0.260664 3.278570
0.261425 3.271639
0.262186 3.265113
0.262946 3.259018
0.263707 3.253375
0.264468 3.248205
0.265229 3.243528
0.265990 3.239360
0.266751 3.235717
0.267512 3.232612
0.268273 3.230056
0.269034 3.228058
0.269795 3.226626
0.270556 3.225765
0.271317 3.225477

0.271317 3.225477
0.272393 3.225670
0.273469 3.226246
0.274545 3.227201
0.275621 3.228523
0.276697 3.230196
0.277773 3.232197
0.278849 3.234490
0.279926 3.237020
0.281002 3.239697
0.282078 3.242369
0.283154 3.244745
0.284230 3.246214
0.285306 3.245269
0.286382 3.237766
0.287459 3.214352
0.288535 3.169650
0.289611 3.111511
0.290687 3.046922
0.291763 2.979006
0.292839 2.909499
0.293915 2.839921
0.294991 2.772153
0.296067 2.708956
0.297144 2.654456
0.298220 2.613930
0.299296 2.591538
0.300372 2.587157
0.301448 2.596766
0.302524 2.615703
0.303600 2.640484
0.304676 2.668867
0.305752 2.699441
0.306829 2.731284
0.307905 2.763755
0.308981 2.796372
0.310057 2.828745
0.311133 2.860534
0.312209 2.891424
0.313285 2.921108
0.314361 2.949283
0.315438 2.975640
0.316514 2.999870
0.317590 3.021663
0.318666 3.040717
0.319742 3.056749
0.320818 3.069508
0.321894 3.078782
0.322970 3.084412
0.324047 3.086299


0.000000 3.258361
0.000761 3.258709
0.001522 3.259751
0.002283 3.261485
0.003044 3.263908
0.003805 3.267015
0.004566 3.270801
0.005326 3.275257
0.006087 3.280376
0.006848 3.286147
0.007609 3.290310
0.008370 3.291445
0.009131 3.292689
0.009892 3.294043
0.010653 3.295508
0.011414 3.297084
0.012175 3.298771
0.012936 3.300570
0.013697 3.302480
0.014458 3.304501
0.015219 3.306633
0.015980 3.308877
0.016740 3.311231
0.017501 3.313695
0.018262 3.316267
0.019023 3.318947
0.019784 3.321731
0.020545 3.324618
0.021306 3.327604
0.022067 3.330685
0.022828 3.333856
0.023589 3.347951
0.024350 3.435609
0.025111 3.521787
0.025872 3.585766
0.026633 3.584986
0.027394 3.577812
0.028154 3.570855
0.028915 3.564151
0.029676 3.557737
0.030437 3.551659
0.031198 3.545965
0.031959 3.540709
0.032720 3.535953
0.033481 3.531761
0.034242 3.528202
0.035003 3.525344
0.035764 3.523250
0.036525 3.521970
0.037286 3.521540

0.037286 3.521540
0.038046 3.520722
0.038808 3.518281
0.039568 3.514251
0.040329 3.508688
0.041090 3.501668
0.041851 3.493279
0.042612 3.483620
0.043373 3.472798
0.044134 3.460923
0.044895 3.448104
0.045656 3.434449
0.046417 3.420064
0.047178 3.424824
0.047939 3.432120
0.048700 3.426956
0.049460 3.368388
0.050221 3.340489
0.050982 3.323632
0.051743 3.306632
0.052504 3.289555
0.053265 3.272462
0.054026 3.255409
0.054787 3.238452
0.055548 3.221641
0.056309 3.205028
0.057070 3.188660
0.057831 3.172583
0.058592 3.156843
0.059353 3.141482
0.060114 3.126543
0.060874 3.112068
0.061635 3.098097
0.062396 3.084671
0.063157 3.071827
0.063918 3.059603
0.064679 3.048037
0.065440 3.037164
0.066201 3.027018
0.066962 3.017632
0.067723 3.009037
0.068484 3.001261
0.069245 2.994333
0.070006 2.988276
0.070767 2.983112
0.071527 2.978861
0.072288 2.975537
0.073049 2.973154
0.073810 2.971721
0.074571 2.971242

0.074571 2.971242
0.075647 2.971540
0.076724 2.972425
0.077800 2.973871
0.078876 2.975835
0.079952 2.978255
0.081028 2.981048
0.082104 2.984111
0.083180 2.987315
0.084256 2.990502
0.085332 2.993481
0.086408 2.996021
0.087485 2.997842
0.088561 2.998606
0.089637 2.997901
0.090713 2.995231
0.091789 2.990000
0.092865 2.981499
0.093941 2.968913
0.095018 2.951336
0.096094 2.927832
0.097170 2.897530
0.098246 2.859754
0.099322 2.889446
0.100398 2.929878
0.101474 2.968033
0.102550 3.003696
0.103626 3.036689
0.104703 3.066885
0.105779 3.094219
0.106855 3.118697
0.107931 3.140391
0.109007 3.159432
0.110083 3.175998
0.111159 3.190299
0.112235 3.202557
0.113311 3.212998
0.114388 3.221841
0.115464 3.229289
0.116540 3.235528
0.117616 3.240723
0.118692 3.245018
0.119768 3.248539
0.120844 3.251391
0.121920 3.253664
0.122997 3.255428
0.124073 3.256743
0.125149 3.257652
0.126225 3.258185
0.127301 3.258361

0.127301 3.258361
0.128718 3.258808
0.130135 3.260148
0.131553 3.262375
0.132970 3.265484
0.134387 3.269464
0.135804 3.274303
0.137222 3.279987
0.138639 3.286499
0.140056 3.293819
0.141473 3.301926
0.142891 3.310799
0.144308 3.320413
0.145725 3.330743
0.147142 3.341763
0.148560 3.353445
0.149977 3.365763
0.151394 3.378689
0.152811 3.392193
0.154228 3.406248
0.155646 3.420825
0.157063 3.435896
0.158480 3.451432
0.159897 3.467406
0.161315 3.483791
0.162732 3.500557
0.164149 3.517680
0.165566 3.535133
0.166984 3.552888
0.168401 3.562264
0.169818 3.547491
0.171235 3.531937
0.172652 3.515574
0.174070 3.498377
0.175487 3.480315
0.176904 3.461362
0.178321 3.444855
0.179739 3.452505
0.181156 3.460229
0.182573 3.468019
0.183990 3.475866
0.185408 3.483762
0.186825 3.491697
0.188242 3.499663
0.189659 3.507652
0.191077 3.515655
0.192494 3.523664
0.193911 3.531670
0.195328 3.539665
0.196745 3.547641

0.196745 3.547641
0.197506 3.546699
0.198267 3.543895
0.199028 3.539293
0.199789 3.532991
0.200550 3.525115
0.201311 3.515806
0.202072 3.505215
0.202833 3.493490
0.203594 3.480775
0.204355 3.467207
0.205116 3.452911
0.205877 3.438001
0.206638 3.422581
0.207399 3.406747
0.208159 3.390582
0.208920 3.374163
0.209681 3.357563
0.210442 3.340844
0.211203 3.324067
0.211964 3.307287
0.212725 3.290555
0.213486 3.273920
0.214247 3.257429
0.215008 3.241126
0.215769 3.225053
0.216530 3.209253
0.217291 3.193764
0.218052 3.178625
0.218812 3.166414
0.219573 3.174423
0.220334 3.182842
0.221095 3.191604
0.221856 3.200618
0.222617 3.209779
0.223378 3.218967
0.224139 3.228058
0.224900 3.236924
0.225661 3.245446
0.226422 3.253514
0.227183 3.261031
0.227944 3.267917
0.228705 3.274106
0.229465 3.279547
0.230226 3.284201
0.230987 3.288039
0.231748 3.291041
0.232509 3.293193
0.233270 3.294488
0.234031 3.294920

0.234031 3.294920
0.234792 3.295288
0.235553 3.296392
0.236314 3.298229
0.237075 3.300794
0.237836 3.304081
0.238597 3.308081
0.239358 3.312784
0.240119 3.318179
0.240879 3.324251
0.241640 3.330985
0.242401 3.338364
0.243162 3.346367
0.243923 3.354975
0.244684 3.364163
0.245445 3.373907
0.246206 3.384181
0.246967 3.394956
0.247728 3.406201
0.248489 3.417883
0.249250 3.410040
0.250011 3.400938
0.250772 3.391713
0.251532 3.382406
0.252293 3.373058
0.253054 3.363711
0.253815 3.354403
0.254576 3.345175
0.255337 3.336065
0.256098 3.327109
0.256859 3.318345
0.257620 3.309808
0.258381 3.301530
0.259142 3.311359
0.259903 3.370938
0.260664 3.427093
0.261425 3.479623
0.262186 3.528356
0.262946 3.573155
0.263707 3.613924
0.264468 3.650610
0.265229 3.683198
0.265990 3.700915
0.266751 3.707933
0.267512 3.713975
0.268273 3.718992
0.269034 3.722940
0.269795 3.725785
0.270556 3.727503
0.271317 3.728077

0.271317 3.728077
0.272393 3.727495
0.273469 3.725493
0.274545 3.721228
0.275621 3.713197
0.276697 3.699659
0.277773 3.679650
0.278849 3.653331
0.279926 3.621359
0.281002 3.584393
0.282078 3.543025
0.283154 3.497896
0.284230 3.449924
0.285306 3.400905
0.286382 3.355280
0.287459 3.322710
0.288535 3.308913
0.289611 3.306417
0.290687 3.308687
0.291763 3.313163
0.292839 3.318861
0.293915 3.325346
0.294991 3.332394
0.296067 3.339878
0.297144 3.347714
0.298220 3.355843
0.299296 3.364220
0.300372 3.372810
0.301448 3.381581
0.302524 3.390506
0.303600 3.399561
0.304676 3.408722
0.305752 3.417970
0.306829 3.427285
0.307905 3.436649
0.308981 3.446044
0.310057 3.455453
0.311133 3.464856
0.312209 3.474229
0.313285 3.483540
0.314361 3.492744
0.315438 3.501773
0.316514 3.510533
0.317590 3.518887
0.318666 3.526651
0.319742 3.533592
0.320818 3.539434
0.321894 3.543887
0.322970 3.546685
0.324047 3.547641


0.000000 3.284930
0.000761 3.284984
0.001522 3.285145
0.002283 3.285413
0.003044 3.285788
0.003805 3.286271
0.004566 3.286862
0.005326 3.287561
0.006087 3.288369
0.006848 3.289285
0.007609 3.292558
0.008370 3.299598
0.009131 3.307253
0.009892 3.315507
0.010653 3.324345
0.011414 3.333747
0.012175 3.343696
0.012936 3.354172
0.013697 3.365152
0.014458 3.376614
0.015219 3.388534
0.015980 3.400887
0.016740 3.413644
0.017501 3.426777
0.018262 3.440256
0.019023 3.454049
0.019784 3.468122
0.020545 3.482437
0.021306 3.496956
0.022067 3.511637
0.022828 3.526435
0.023589 3.541302
0.024350 3.556186
0.025111 3.571028
0.025872 3.592344
0.026633 3.600331
0.027394 3.614648
0.028154 3.628633
0.028915 3.642193
0.029676 3.655227
0.030437 3.667623
0.031198 3.679258
0.031959 3.690004
0.032720 3.695562
0.033481 3.695462
0.034242 3.695381
0.035003 3.695319
0.035764 3.695275
0.036525 3.695249
0.037286 3.695240

0.037286 3.695240
0.038046 3.695241
0.038808 3.695245
0.039568 3.695251
0.040329 3.695260
0.041090 3.695271
0.041851 3.695285
0.042612 3.695300
0.043373 3.695317
0.044134 3.695336
0.044895 3.695356
0.045656 3.663124
0.046417 3.603902
0.047178 3.544760
0.047939 3.485762
0.048700 3.440371
0.049460 3.449692
0.050221 3.460216
0.050982 3.472096
0.051743 3.485506
0.052504 3.500641
0.053265 3.517719
0.054026 3.536978
0.054787 3.558669
0.055548 3.583052
0.056309 3.610378
0.057070 3.640876
0.057831 3.674729
0.058592 3.695760
0.059353 3.695777
0.060114 3.695794
0.060874 3.695810
0.061635 3.695824
0.062396 3.695838
0.063157 3.695851
0.063918 3.695863
0.064679 3.695874
0.065440 3.695885
0.066201 3.695894
0.066962 3.695903
0.067723 3.695910
0.068484 3.695917
0.069245 3.695923
0.070006 3.695929
0.070767 3.695933
0.071527 3.695937
0.072288 3.695939
0.073049 3.695941
0.073810 3.695943
0.074571 3.695943

0.074571 3.695943
0.075647 3.695942
0.076724 3.695943
0.077800 3.695951
0.078876 3.695978
0.079952 3.696040
0.081028 3.696158
0.082104 3.696358
0.083180 3.696674
0.084256 3.697142
0.085332 3.697810
0.086408 3.698730
0.087485 3.699964
0.088561 3.701586
0.089637 3.703678
0.090713 3.706337
0.091789 3.709672
0.092865 3.691967
0.093941 3.642521
0.095018 3.597461
0.096094 3.556890
0.097170 3.520762
0.098246 3.488895
0.099322 3.460997
0.100398 3.436711
0.101474 3.415648
0.102550 3.397417
0.103626 3.381649
0.104703 3.368010
0.105779 3.356201
0.106855 3.345963
0.107931 3.337076
0.109007 3.329349
0.110083 3.322622
0.111159 3.316762
0.112235 3.311653
0.113311 3.307200
0.114388 3.303321
0.115464 3.299949
0.116540 3.297025
0.117616 3.294502
0.118692 3.292338
0.119768 3.290500
0.120844 3.288959
0.121920 3.287691
0.122997 3.286678
0.124073 3.285905
0.125149 3.285361
0.126225 3.285038
0.127301 3.284930

0.127301 3.284930
0.128718 3.285073
0.130135 3.285502
0.131553 3.286216
0.132970 3.287213
0.134387 3.288494
0.135804 3.290055
0.137222 3.291896
0.138639 3.294012
0.140056 3.296402
0.141473 3.301926
0.142891 3.310799
0.144308 3.320413
0.145725 3.330743
0.147142 3.341763
0.148560 3.353445
0.149977 3.365763
0.151394 3.378689
0.152811 3.392193
0.154228 3.406248
0.155646 3.420825
0.157063 3.435896
0.158480 3.451432
0.159897 3.467406
0.161315 3.483791
0.162732 3.500557
0.164149 3.517680
0.165566 3.535133
0.166984 3.552888
0.168401 3.570921
0.169818 3.589206
0.171235 3.607716
0.172652 3.626428
0.174070 3.645315
0.175487 3.659838
0.176904 3.653039
0.178321 3.646115
0.179739 3.639072
0.181156 3.631915
0.182573 3.624651
0.183990 3.617286
0.185408 3.609828
0.186825 3.602283
0.188242 3.594658
0.189659 3.586960
0.191077 3.579197
0.192494 3.571376
0.193911 3.563505
0.195328 3.555590
0.196745 3.547641

0.196745 3.547641
0.197506 3.547623
0.198267 3.547570
0.199028 3.547482
0.199789 3.547358
0.200550 3.547198
0.201311 3.547001
0.202072 3.546768
0.202833 3.546498
0.203594 3.546190
0.204355 3.545843
0.205116 3.545458
0.205877 3.545033
0.206638 3.544567
0.207399 3.544060
0.208159 3.543512
0.208920 3.542921
0.209681 3.542287
0.210442 3.541609
0.211203 3.540888
0.211964 3.540122
0.212725 3.539312
0.213486 3.538459
0.214247 3.537561
0.215008 3.536622
0.215769 3.535641
0.216530 3.534621
0.217291 3.533564
0.218052 3.532474
0.218812 3.531353
0.219573 3.530207
0.220334 3.529040
0.221095 3.527859
0.221856 3.526670
0.222617 3.525482
0.223378 3.524302
0.224139 3.523140
0.224900 3.522005
0.225661 3.520907
0.226422 3.519858
0.227183 3.518867
0.227944 3.517946
0.228705 3.517105
0.229465 3.516353
0.230226 3.515700
0.230987 3.515153
0.231748 3.514721
0.232509 3.514408
0.233270 3.514218
0.234031 3.514154

0.234031 3.514154
0.234792 3.513865
0.235553 3.512996
0.236314 3.511550
0.237075 3.509529
0.237836 3.506939
0.238597 3.503785
0.239358 3.500076
0.240119 3.495822
0.240879 3.491038
0.241640 3.485738
0.242401 3.479943
0.243162 3.473673
0.243923 3.466955
0.244684 3.459817
0.245445 3.452289
0.246206 3.444404
0.246967 3.436199
0.247728 3.427711
0.248489 3.418977
0.249250 3.429969
0.250011 3.442422
0.250772 3.455203
0.251532 3.468271
0.252293 3.481585
0.253054 3.495098
0.253815 3.508764
0.254576 3.522533
0.255337 3.536352
0.256098 3.550169
0.256859 3.563925
0.257620 3.577561
0.258381 3.591017
0.259142 3.604229
0.259903 3.617131
0.260664 3.629655
0.261425 3.641733
0.262186 3.653295
0.262946 3.664270
0.263707 3.674588
0.264468 3.684179
0.265229 3.692976
0.265990 3.711711
0.266751 3.728570
0.267512 3.728418
0.268273 3.728295
0.269034 3.728199
0.269795 3.728131
0.270556 3.728091
0.271317 3.728077

0.271317 3.728077
0.272393 3.727495
0.273469 3.725493
0.274545 3.721228
0.275621 3.713197
0.276697 3.699659
0.277773 3.679650
0.278849 3.653331
0.279926 3.621359
0.281002 3.584393
0.282078 3.543025
0.283154 3.497896
0.284230 3.449924
0.285306 3.400905
0.286382 3.355280
0.287459 3.322710
0.288535 3.308913
0.289611 3.306417
0.290687 3.308687
0.291763 3.313163
0.292839 3.318861
0.293915 3.325346
0.294991 3.332394
0.296067 3.339878
0.297144 3.347714
0.298220 3.355843
0.299296 3.364220
0.300372 3.372810
0.301448 3.381581
0.302524 3.390506
0.303600 3.399561
0.304676 3.408722
0.305752 3.417970
0.306829 3.427285
0.307905 3.436649
0.308981 3.446044
0.310057 3.455453
0.311133 3.464856
0.312209 3.474229
0.313285 3.483540
0.314361 3.492744
0.315438 3.501773
0.316514 3.510533
0.317590 3.518887
0.318666 3.526651
0.319742 3.533592
0.320818 3.539434
0.321894 3.543887
0.322970 3.546685
0.324047 3.547641


0.000000 3.743591
0.000761 3.743331
0.001522 3.742563
0.002283 3.741326
0.003044 3.739681
0.003805 3.737701
0.004566 3.735468
0.005326 3.733066
0.006087 3.730569
0.006848 3.728046
0.007609 3.725552
0.008370 3.723130
0.009131 3.720811
0.009892 3.718615
0.010653 3.716555
0.011414 3.714636
0.012175 3.712858
0.012936 3.711218
0.013697 3.709709
0.014458 3.707638
0.015219 3.700470
0.015980 3.693130
0.016740 3.685642
0.017501 3.678027
0.018262 3.670308
0.019023 3.662507
0.019784 3.654648
0.020545 3.646751
0.021306 3.638839
0.022067 3.630935
0.022828 3.623061
0.023589 3.615241
0.024350 3.607498
0.025111 3.599857
0.025872 3.606228
0.026633 3.688646
0.027394 3.696861
0.028154 3.696603
0.028915 3.696371
0.029676 3.696164
0.030437 3.695981
0.031198 3.695820
0.031959 3.695681
0.032720 3.699720
0.033481 3.708266
0.034242 3.715501
0.035003 3.721291
0.035764 3.725520
0.036525 3.728097
0.037286 3.728962

0.037286 3.728962
0.038046 3.728993
0.038808 3.729083
0.039568 3.729234
0.040329 3.729445
0.041090 3.729715
0.041851 3.730043
0.042612 3.730430
0.043373 3.730873
0.044134 3.731371
0.044895 3.722348
0.045656 3.695377
0.046417 3.695400
0.047178 3.695423
0.047939 3.695447
0.048700 3.695471
0.049460 3.695495
0.050221 3.695520
0.050982 3.695544
0.051743 3.695568
0.052504 3.695592
0.053265 3.695615
0.054026 3.695638
0.054787 3.695660
0.055548 3.695682
0.056309 3.695703
0.057070 3.695723
0.057831 3.695742
0.058592 3.712057
0.059353 3.749452
0.060114 3.750500
0.060874 3.751531
0.061635 3.752540
0.062396 3.753522
0.063157 3.754473
0.063918 3.755387
0.064679 3.756260
0.065440 3.757088
0.066201 3.757867
0.066962 3.758593
0.067723 3.759262
0.068484 3.759871
0.069245 3.760415
0.070006 3.760894
0.070767 3.761303
0.071527 3.761641
0.072288 3.761905
0.073049 3.762095
0.073810 3.762210
0.074571 3.762248

0.074571 3.762248
0.075647 3.762172
0.076724 3.761943
0.077800 3.761562
0.078876 3.761033
0.079952 3.760356
0.081028 3.759537
0.082104 3.758578
0.083180 3.757486
0.084256 3.756266
0.085332 3.754924
0.086408 3.753468
0.087485 3.751906
0.088561 3.750246
0.089637 3.748497
0.090713 3.746670
0.091789 3.744775
0.092865 3.713810
0.093941 3.718894
0.095018 3.725085
0.096094 3.732563
0.097170 3.734705
0.098246 3.732666
0.099322 3.730653
0.100398 3.728683
0.101474 3.726774
0.102550 3.724944
0.103626 3.712610
0.104703 3.702657
0.105779 3.696908
0.106855 3.694569
0.107931 3.694953
0.109007 3.697474
0.110083 3.701639
0.111159 3.707035
0.112235 3.713316
0.113311 3.716187
0.114388 3.716903
0.115464 3.718035
0.116540 3.719605
0.117616 3.721619
0.118692 3.724061
0.119768 3.726881
0.120844 3.729986
0.121920 3.733229
0.122997 3.736408
0.124073 3.739279
0.125149 3.741580
0.126225 3.743073
0.127301 3.743591

0.127301 3.743591
0.128718 3.743408
0.130135 3.742859
0.131553 3.741941
0.132970 3.740653
0.134387 3.738992
0.135804 3.736953
0.137222 3.734532
0.138639 3.731721
0.140056 3.728514
0.141473 3.724904
0.142891 3.720881
0.144308 3.716436
0.145725 3.711558
0.147142 3.706235
0.148560 3.700455
0.149977 3.694203
0.151394 3.687467
0.152811 3.680230
0.154228 3.672475
0.155646 3.664187
0.157063 3.655346
0.158480 3.645934
0.159897 3.635930
0.161315 3.625314
0.162732 3.614065
0.164149 3.602159
0.165566 3.589573
0.166984 3.576283
0.168401 3.570921
0.169818 3.589206
0.171235 3.607716
0.172652 3.626428
0.174070 3.645315
0.175487 3.664351
0.176904 3.683509
0.178321 3.702760
0.179739 3.722075
0.181156 3.741418
0.182573 3.760751
0.183990 3.780027
0.185408 3.799185
0.186825 3.818144
0.188242 3.836786
0.189659 3.854931
0.191077 3.872282
0.192494 3.888314
0.193911 3.902075
0.195328 3.911902
0.196745 3.915579

0.196745 3.915579
0.197506 3.915429
0.198267 3.914978
0.199028 3.914229
0.199789 3.913184
0.200550 3.911846
0.201311 3.910221
0.202072 3.908313
0.202833 3.906129
0.203594 3.903678
0.204355 3.900968
0.205116 3.898008
0.205877 3.894810
0.206638 3.891384
0.207399 3.887745
0.208159 3.883905
0.208920 3.879880
0.209681 3.875685
0.210442 3.871336
0.211203 3.866852
0.211964 3.862249
0.212725 3.857548
0.213486 3.852767
0.214247 3.847928
0.215008 3.843050
0.215769 3.838155
0.216530 3.833264
0.217291 3.828399
0.218052 3.823582
0.218812 3.818833
0.219573 3.814174
0.220334 3.809625
0.221095 3.805207
0.221856 3.800939
0.222617 3.796839
0.223378 3.792925
0.224139 3.789214
0.224900 3.785720
0.225661 3.782457
0.226422 3.779439
0.227183 3.776676
0.227944 3.774179
0.228705 3.771956
0.229465 3.770016
0.230226 3.768363
0.230987 3.767004
0.231748 3.765943
0.232509 3.765183
0.233270 3.764726
0.234031 3.764573

0.234031 3.764573
0.234792 3.764478
0.235553 3.764192
0.236314 3.763723
0.237075 3.763080
0.237836 3.762276
0.238597 3.761327
0.239358 3.760249
0.240119 3.759063
0.240879 3.757787
0.241640 3.756442
0.242401 3.755048
0.243162 3.753622
0.243923 3.752181
0.244684 3.750741
0.245445 3.749314
0.246206 3.747913
0.246967 3.746547
0.247728 3.745222
0.248489 3.743946
0.249250 3.742722
0.250011 3.741553
0.250772 3.740442
0.251532 3.739389
0.252293 3.738394
0.253054 3.737456
0.253815 3.736575
0.254576 3.735750
0.255337 3.734978
0.256098 3.734257
0.256859 3.733586
0.257620 3.732964
0.258381 3.732386
0.259142 3.731853
0.259903 3.731362
0.260664 3.730911
0.261425 3.730498
0.262186 3.730123
0.262946 3.729783
0.263707 3.729477
0.264468 3.729203
0.265229 3.728962
0.265990 3.728751
0.266751 3.736198
0.267512 3.756728
0.268273 3.773380
0.269034 3.786232
0.269795 3.795356
0.270556 3.800806
0.271317 3.802619

0.271317 3.802619
0.272393 3.801103
0.273469 3.796815
0.274545 3.790606
0.275621 3.783996
0.276697 3.778756
0.277773 3.775900
0.278849 3.775342
0.279926 3.776540
0.281002 3.779007
0.282078 3.782408
0.283154 3.786524
0.284230 3.791205
0.285306 3.796343
0.286382 3.801851
0.287459 3.807658
0.288535 3.813699
0.289611 3.819915
0.290687 3.826251
0.291763 3.832651
0.292839 3.839065
0.293915 3.845443
0.294991 3.851736
0.296067 3.857898
0.297144 3.863887
0.298220 3.869661
0.299296 3.875184
0.300372 3.880422
0.301448 3.885347
0.302524 3.889933
0.303600 3.894162
0.304676 3.898020
0.305752 3.901498
0.306829 3.904593
0.307905 3.907306
0.308981 3.909646
0.310057 3.911624
0.311133 3.913257
0.312209 3.914563
0.313285 3.915566
0.314361 3.916290
0.315438 3.916758
0.316514 3.916998
0.317590 3.917035
0.318666 3.916900
0.319742 3.916633
0.320818 3.916287
0.321894 3.915939
0.322970 3.915677
0.324047 3.915579


0.000000 3.783883
0.000761 3.783644
0.001522 3.782927
0.002283 3.781736
0.003044 3.780076
0.003805 3.777953
0.004566 3.775378
0.005326 3.772362
0.006087 3.768916
0.006848 3.765056
0.007609 3.760797
0.008370 3.756156
0.009131 3.751151
0.009892 3.745802
0.010653 3.740128
0.011414 3.734151
0.012175 3.727892
0.012936 3.721372
0.013697 3.714613
0.014458 3.708326
0.015219 3.707059
0.015980 3.705900
0.016740 3.704841
0.017501 3.703873
0.018262 3.702989
0.019023 3.702183
0.019784 3.701446
0.020545 3.700774
0.021306 3.700161
0.022067 3.699601
0.022828 3.699090
0.023589 3.698625
0.024350 3.698201
0.025111 3.697816
0.025872 3.697466
0.026633 3.697148
0.027394 3.768718
0.028154 3.846078
0.028915 3.920314
0.029676 3.990961
0.030437 4.057502
0.031198 4.119373
0.031959 4.175967
0.032720 4.226658
0.033481 4.224004
0.034242 4.217527
0.035003 4.212330
0.035764 4.208525
0.036525 4.206204
0.037286 4.205424

0.037286 4.205424
0.038046 4.193386
0.038808 4.161588
0.039568 4.117686
0.040329 4.067115
0.041090 4.012845
0.041851 3.956445
0.042612 3.898779
0.043373 3.840349
0.044134 3.781471
0.044895 3.731924
0.045656 3.732529
0.046417 3.733185
0.047178 3.733890
0.047939 3.734642
0.048700 3.735438
0.049460 3.736276
0.050221 3.737153
0.050982 3.738066
0.051743 3.739012
0.052504 3.739987
0.053265 3.740989
0.054026 3.742012
0.054787 3.743054
0.055548 3.744110
0.056309 3.745176
0.057070 3.746248
0.057831 3.747321
0.058592 3.748390
0.059353 3.752888
0.060114 3.797152
0.060874 3.844668
0.061635 3.895153
0.062396 3.948227
0.063157 4.003438
0.063918 4.060275
0.064679 4.118188
0.065440 4.176597
0.066201 4.234902
0.066962 4.292478
0.067723 4.348673
0.068484 4.402793
0.069245 4.454088
0.070006 4.501736
0.070767 4.544824
0.071527 4.582340
0.072288 4.613195
0.073049 4.636285
0.073810 4.650615
0.074571 4.655479

0.074571 4.655479
0.075647 4.645845
0.076724 4.618439
0.077800 4.576814
0.078876 4.524878
0.079952 4.465885
0.081028 4.402228
0.082104 4.335611
0.083180 4.267261
0.084256 4.198107
0.085332 4.128892
0.086408 4.060258
0.087485 3.992788
0.088561 3.927043
0.089637 3.863570
0.090713 3.802903
0.091789 3.745551
0.092865 3.742824
0.093941 3.740828
0.095018 3.738801
0.096094 3.736755
0.097170 3.741527
0.098246 3.752190
0.099322 3.764777
0.100398 3.776554
0.101474 3.748675
0.102550 3.727645
0.103626 3.723214
0.104703 3.721604
0.105779 3.720138
0.106855 3.718839
0.107931 3.717735
0.109007 3.716853
0.110083 3.716225
0.111159 3.715882
0.112235 3.715857
0.113311 3.720185
0.114388 3.727394
0.115464 3.734724
0.116540 3.741989
0.117616 3.749026
0.118692 3.755691
0.119768 3.761860
0.120844 3.767423
0.121920 3.772288
0.122997 3.776376
0.124073 3.779623
0.125149 3.781978
0.126225 3.783405
0.127301 3.783883

0.127301 3.783883
0.128718 3.783768
0.130135 3.783421
0.131553 3.782844
0.132970 3.782036
0.134387 3.780998
0.135804 3.779732
0.137222 3.778237
0.138639 3.776516
0.140056 3.774569
0.141473 3.772397
0.142891 3.770003
0.144308 3.767388
0.145725 3.764555
0.147142 3.761505
0.148560 3.758240
0.149977 3.754764
0.151394 3.751078
0.152811 3.747186
0.154228 3.743091
0.155646 3.738795
0.157063 3.734303
0.158480 3.729617
0.159897 3.724742
0.161315 3.719682
0.162732 3.714439
0.164149 3.709019
0.165566 3.703427
0.166984 3.697665
0.168401 3.691740
0.169818 3.685656
0.171235 3.679419
0.172652 3.673033
0.174070 3.666504
0.175487 3.664351
0.176904 3.683509
0.178321 3.702760
0.179739 3.722075
0.181156 3.741418
0.182573 3.760751
0.183990 3.780027
0.185408 3.799185
0.186825 3.818144
0.188242 3.836786
0.189659 3.854931
0.191077 3.872282
0.192494 3.888314
0.193911 3.902075
0.195328 3.911902
0.196745 3.915579

0.196745 3.915579
0.197506 3.915830
0.198267 3.916586
0.199028 3.917852
0.199789 3.919638
0.200550 3.921959
0.201311 3.924833
0.202072 3.928284
0.202833 3.932341
0.203594 3.937037
0.204355 3.942411
0.205116 3.948509
0.205877 3.955383
0.206638 3.963091
0.207399 3.971702
0.208159 3.981289
0.208920 3.991937
0.209681 4.003739
0.210442 4.016795
0.211203 4.031218
0.211964 4.047128
0.212725 4.064653
0.213486 4.083926
0.214247 4.105088
0.215008 4.128278
0.215769 4.153633
0.216530 4.181283
0.217291 4.211342
0.218052 4.243907
0.218812 4.279046
0.219573 4.304379
0.220334 4.312447
0.221095 4.320107
0.221856 4.327351
0.222617 4.334174
0.223378 4.340571
0.224139 4.346538
0.224900 4.352071
0.225661 4.357167
0.226422 4.361825
0.227183 4.366043
0.227944 4.369818
0.228705 4.373151
0.229465 4.376041
0.230226 4.378487
0.230987 4.380488
0.231748 4.382045
0.232509 4.383157
0.233270 4.383825
0.234031 4.384047

0.234031 4.384047
0.234792 4.382281
0.235553 4.377056
0.236314 4.368585
0.237075 4.357189
0.237836 4.343256
0.238597 4.327204
0.239358 4.309449
0.240119 4.290382
0.240879 4.270354
0.241640 4.249674
0.242401 4.228608
0.243162 4.207379
0.243923 4.186173
0.244684 4.165145
0.245445 4.144419
0.246206 4.124096
0.246967 4.104255
0.247728 4.084959
0.248489 4.066256
0.249250 4.048181
0.250011 4.030760
0.250772 4.014009
0.251532 3.997940
0.252293 3.982556
0.253054 3.967860
0.253815 3.953847
0.254576 3.940513
0.255337 3.927850
0.256098 3.915851
0.256859 3.904505
0.257620 3.893805
0.258381 3.883739
0.259142 3.874298
0.259903 3.865474
0.260664 3.857256
0.261425 3.849638
0.262186 3.842612
0.262946 3.836171
0.263707 3.830308
0.264468 3.825019
0.265229 3.820298
0.265990 3.816141
0.266751 3.812545
0.267512 3.809507
0.268273 3.807025
0.269034 3.805096
0.269795 3.803719
0.270556 3.802894
0.271317 3.802619

0.271317 3.802619
0.272393 3.801103
0.273469 3.796815
0.274545 3.790606
0.275621 3.783996
0.276697 3.778756
0.277773 3.775900
0.278849 3.775342
0.279926 3.776540
0.281002 3.779007
0.282078 3.782408
0.283154 3.786524
0.284230 3.791205
0.285306 3.796343
0.286382 3.801851
0.287459 3.807658
0.288535 3.813699
0.289611 3.819915
0.290687 3.826251
0.291763 3.832651
0.292839 3.839065
0.293915 3.845443
0.294991 3.851736
0.296067 3.857898
0.297144 3.863887
0.298220 3.869661
0.299296 3.875184
0.300372 3.880422
0.301448 3.885347
0.302524 3.889933
0.303600 3.894162
0.304676 3.898020
0.305752 3.901498
0.306829 3.904593
0.307905 3.907306
0.308981 3.909646
0.310057 3.911624
0.311133 3.913257
0.312209 3.914563
0.313285 3.915566
0.314361 3.916290
0.315438 3.916758
0.316514 3.916998
0.317590 3.917035
0.318666 3.916900
0.319742 3.916633
0.320818 3.916287
0.321894 3.915939
0.322970 3.915677
0.324047 3.915579


0.000000 4.590016
0.000761 4.589731
0.001522 4.588890
0.002283 4.587530
0.003044 4.585712
0.003805 4.583510
0.004566 4.580829
0.005326 4.577525
0.006087 4.573722
0.006848 4.569424
0.007609 4.564636
0.008370 4.559363
0.009131 4.553611
0.009892 4.547386
0.010653 4.540696
0.011414 4.533550
0.012175 4.525956
0.012936 4.517924
0.013697 4.509465
0.014458 4.500592
0.015219 4.491317
0.015980 4.481655
0.016740 4.471621
0.017501 4.461234
0.018262 4.450511
0.019023 4.439474
0.019784 4.428146
0.020545 4.416551
0.021306 4.404719
0.022067 4.392680
0.022828 4.380468
0.023589 4.368122
0.024350 4.355684
0.025111 4.343202
0.025872 4.330729
0.026633 4.318326
0.027394 4.306060
0.028154 4.294007
0.028915 4.282252
0.029676 4.270889
0.030437 4.260025
0.031198 4.249775
0.031959 4.240265
0.032720 4.231629
0.033481 4.270822
0.034242 4.307867
0.035003 4.337269
0.035764 4.358592
0.036525 4.371516
0.037286 4.375846

0.037286 4.375846
0.038046 4.376752
0.038808 4.379458
0.039568 4.383929
0.040329 4.390110
0.041090 4.397929
0.041851 4.407297
0.042612 4.418119
0.043373 4.430290
0.044134 4.443704
0.044895 4.458255
0.045656 4.473838
0.046417 4.490355
0.047178 4.507709
0.047939 4.525812
0.048700 4.544580
0.049460 4.563937
0.050221 4.583811
0.050982 4.604136
0.051743 4.624851
0.052504 4.645902
0.053265 4.667237
0.054026 4.688808
0.054787 4.710570
0.055548 4.732483
0.056309 4.754509
0.057070 4.776610
0.057831 4.798754
0.058592 4.820907
0.059353 4.843038
0.060114 4.865117
0.060874 4.887114
0.061635 4.909002
0.062396 4.930750
0.063157 4.952330
0.063918 4.973713
0.064679 4.994868
0.065440 5.015764
0.066201 5.036367
0.066962 5.056638
0.067723 5.076537
0.068484 5.096014
0.069245 5.115005
0.070006 5.133431
0.070767 5.151170
0.071527 5.168034
0.072288 5.183675
0.073049 5.197388
0.073810 5.207640
0.074571 5.211680

0.074571 5.211680
0.075647 5.205047
0.076724 5.194697
0.077800 5.186883
0.078876 5.166361
0.079952 5.112213
0.081028 5.050469
0.082104 4.982535
0.083180 4.909622
0.084256 4.832785
0.085332 4.752950
0.086408 4.670948
0.087485 4.587551
0.088561 4.503501
0.089637 4.419535
0.090713 4.336420
0.091789 4.254978
0.092865 4.176100
0.093941 4.100761
0.095018 4.030001
0.096094 3.964875
0.097170 3.906361
0.098246 3.855239
0.099322 3.811956
0.100398 3.779514
0.101474 3.796619
0.102550 3.816289
0.103626 3.838678
0.104703 3.863887
0.105779 3.891948
0.106855 3.922820
0.107931 3.956382
0.109007 3.992447
0.110083 4.030770
0.111159 4.071057
0.112235 4.112982
0.113311 4.156189
0.114388 4.200303
0.115464 4.244917
0.116540 4.289597
0.117616 4.333860
0.118692 4.377160
0.119768 4.418867
0.120844 4.458242
0.121920 4.494413
0.122997 4.526375
0.124073 4.553004
0.125149 4.573140
0.126225 4.585728
0.127301 4.590016

0.127301 4.590016
0.128718 4.589664
0.130135 4.588609
0.131553 4.586853
0.132970 4.584402
0.134387 4.581262
0.135804 4.577443
0.137222 4.572955
0.138639 4.567809
0.140056 4.562018
0.141473 4.555596
0.142891 4.548559
0.144308 4.540921
0.145725 4.532698
0.147142 4.523908
0.148560 4.514567
0.149977 4.504691
0.151394 4.494298
0.152811 4.483403
0.154228 4.472024
0.155646 4.460176
0.157063 4.447877
0.158480 4.435141
0.159897 4.421985
0.161315 4.408424
0.162732 4.394473
0.164149 4.380148
0.165566 4.365463
0.166984 4.350434
0.168401 4.335075
0.169818 4.319402
0.171235 4.303430
0.172652 4.287175
0.174070 4.270653
0.175487 4.253883
0.176904 4.236883
0.178321 4.219673
0.179739 4.202278
0.181156 4.184725
0.182573 4.167047
0.183990 4.149285
0.185408 4.131495
0.186825 4.113754
0.188242 4.096175
0.189659 4.078935
0.191077 4.062329
0.192494 4.046879
0.193911 4.033535
0.195328 4.023958
0.196745 4.020364

0.196745 4.020364
0.197506 4.021154
0.198267 4.023501
0.199028 4.027342
0.199789 4.032581
0.200550 4.039093
0.201311 4.046740
0.202072 4.055376
0.202833 4.064854
0.203594 4.075035
0.204355 4.085788
0.205116 4.096994
0.205877 4.108546
0.206638 4.120345
0.207399 4.132309
0.208159 4.144359
0.208920 4.156430
0.209681 4.168463
0.210442 4.180406
0.211203 4.192214
0.211964 4.203845
0.212725 4.215264
0.213486 4.226441
0.214247 4.237346
0.215008 4.247957
0.215769 4.258250
0.216530 4.268208
0.217291 4.277814
0.218052 4.287052
0.218812 4.295911
0.219573 4.316795
0.220334 4.357152
0.221095 4.400073
0.221856 4.445473
0.222617 4.493220
0.223378 4.511630
0.224139 4.520454
0.224900 4.528668
0.225661 4.536267
0.226422 4.543243
0.227183 4.549588
0.227944 4.555294
0.228705 4.560354
0.229465 4.564759
0.230226 4.568501
0.230987 4.571575
0.231748 4.573972
0.232509 4.575688
0.233270 4.576720
0.234031 4.577064

0.234031 4.577064
0.234792 4.577151
0.235553 4.577415
0.236314 4.577856
0.237075 4.578477
0.237836 4.579284
0.238597 4.580280
0.239358 4.581474
0.240119 4.582874
0.240879 4.584490
0.241640 4.586333
0.242401 4.588417
0.243162 4.590758
0.243923 4.593373
0.244684 4.596282
0.245445 4.599509
0.246206 4.603079
0.246967 4.607020
0.247728 4.611367
0.248489 4.616154
0.249250 4.621423
0.250011 4.627219
0.250772 4.633591
0.251532 4.640596
0.252293 4.648292
0.253054 4.656745
0.253815 4.666026
0.254576 4.676206
0.255337 4.687362
0.256098 4.699569
0.256859 4.712900
0.257620 4.727419
0.258381 4.743178
0.259142 4.760208
0.259903 4.778511
0.260664 4.798048
0.261425 4.818733
0.262186 4.840421
0.262946 4.862896
0.263707 4.885872
0.264468 4.908986
0.265229 4.931804
0.265990 4.953830
0.266751 4.974521
0.267512 4.993312
0.268273 5.009639
0.269034 5.022975
0.269795 5.032862
0.270556 5.038945
0.271317 5.040998

0.271317 5.040998
0.272393 5.039538
0.273469 5.035199
0.274545 5.028094
0.275621 5.018404
0.276697 5.006363
0.277773 4.992237
0.278849 4.976312
0.279926 4.958871
0.281002 4.940185
0.282078 4.920497
0.283154 4.900018
0.284230 4.878921
0.285306 4.857342
0.286382 4.835379
0.287459 4.813100
0.288535 4.790543
0.289611 4.767725
0.290687 4.744642
0.291763 4.721282
0.292839 4.697622
0.293915 4.673634
0.294991 4.649291
0.296067 4.624567
0.297144 4.599440
0.298220 4.573892
0.299296 4.547915
0.300372 4.521507
0.301448 4.494677
0.302524 4.467444
0.303600 4.439837
0.304676 4.411897
0.305752 4.383679
0.306829 4.355250
0.307905 4.326696
0.308981 4.298116
0.310057 4.269633
0.311133 4.241391
0.312209 4.213560
0.313285 4.186345
0.314361 4.159986
0.315438 4.134764
0.316514 4.111010
0.317590 4.089103
0.318666 4.069466
0.319742 4.052553
0.320818 4.038820
0.321894 4.028680
0.322970 4.022461
0.324047 4.020364


0.000000 4.590016
0.000761 4.589761
0.001522 4.588993
0.002283 4.587714
0.003044 4.585926
0.003805 4.583630
0.004566 4.581004
0.005326 4.578275
0.006087 4.575400
0.006848 4.572445
0.007609 4.569469
0.008370 4.566516
0.009131 4.563623
0.009892 4.560816
0.010653 4.558112
0.011414 4.555523
0.012175 4.553055
0.012936 4.550710
0.013697 4.548488
0.014458 4.546385
0.015219 4.544399
0.015980 4.542524
0.016740 4.540755
0.017501 4.539086
0.018262 4.537513
0.019023 4.536031
0.019784 4.534634
0.020545 4.533318
0.021306 4.532080
0.022067 4.530916
0.022828 4.529822
0.023589 4.528796
0.024350 4.527835
0.025111 4.526936
0.025872 4.526099
0.026633 4.525322
0.027394 4.524602
0.028154 4.523940
0.028915 4.523333
0.029676 4.522781
0.030437 4.522283
0.031198 4.521839
0.031959 4.521449
0.032720 4.521111
0.033481 4.520825
0.034242 4.520592
0.035003 4.520411
0.035764 4.520281
0.036525 4.520204
0.037286 4.520178

0.037286 4.520178
0.038046 4.532313
0.038808 4.564404
0.039568 4.608795
0.040329 4.660051
0.041090 4.715199
0.041851 4.772673
0.042612 4.831608
0.043373 4.891501
0.044134 4.952037
0.044895 5.013010
0.045656 5.074278
0.046417 5.135736
0.047178 5.197304
0.047939 5.258921
0.048700 5.320533
0.049460 5.382097
0.050221 5.440386
0.050982 5.439402
0.051743 5.438316
0.052504 5.437119
0.053265 5.435800
0.054026 5.434345
0.054787 5.432740
0.055548 5.430970
0.056309 5.429015
0.057070 5.426857
0.057831 5.424472
0.058592 5.421834
0.059353 5.418916
0.060114 5.415688
0.060874 5.412115
0.061635 5.408162
0.062396 5.403790
0.063157 5.398959
0.063918 5.393629
0.064679 5.387760
0.065440 5.381314
0.066201 5.374256
0.066962 5.366559
0.067723 5.358205
0.068484 5.349188
0.069245 5.337048
0.070006 5.324274
0.070767 5.311679
0.071527 5.299809
0.072288 5.289350
0.073049 5.281077
0.073810 5.275738
0.074571 5.273889

0.074571 5.273889
0.075647 5.266613
0.076724 5.245304
0.077800 5.211310
0.078876 5.181798
0.079952 5.178688
0.081028 5.176914
0.082104 5.176048
0.083180 5.175823
0.084256 5.176067
0.085332 5.176669
0.086408 5.177556
0.087485 5.178676
0.088561 5.179992
0.089637 5.181475
0.090713 5.183104
0.091789 5.184858
0.092865 5.186724
0.093941 5.188686
0.095018 5.190731
0.096094 5.192847
0.097170 5.195022
0.098246 5.197246
0.099322 5.199507
0.100398 5.201793
0.101474 5.204096
0.102550 5.206403
0.103626 5.208704
0.104703 5.210989
0.105779 5.213248
0.106855 5.215471
0.107931 5.217648
0.109007 5.219769
0.110083 5.164816
0.111159 5.110026
0.112235 5.056420
0.113311 5.004163
0.114388 4.953450
0.115464 4.904507
0.116540 4.857600
0.117616 4.813038
0.118692 4.771180
0.119768 4.732436
0.120844 4.697270
0.121920 4.666189
0.122997 4.639731
0.124073 4.618434
0.125149 4.602799
0.126225 4.593236
0.127301 4.590016

0.127301 4.590016
0.128718 4.589664
0.130135 4.588609
0.131553 4.586853
0.132970 4.584402
0.134387 4.581262
0.135804 4.577443
0.137222 4.572955
0.138639 4.567809
0.140056 4.562018
0.141473 4.555596
0.142891 4.548559
0.144308 4.540921
0.145725 4.532698
0.147142 4.523908
0.148560 4.514567
0.149977 4.504691
0.151394 4.494298
0.152811 4.483403
0.154228 4.472024
0.155646 4.460176
0.157063 4.447877
0.158480 4.435141
0.159897 4.421985
0.161315 4.408424
0.162732 4.394473
0.164149 4.380148
0.165566 4.365463
0.166984 4.350434
0.168401 4.335075
0.169818 4.319402
0.171235 4.303430
0.172652 4.287175
0.174070 4.270653
0.175487 4.253883
0.176904 4.236883
0.178321 4.219673
0.179739 4.202278
0.181156 4.184725
0.182573 4.167047
0.183990 4.149285
0.185408 4.131495
0.186825 4.113754
0.188242 4.096175
0.189659 4.078935
0.191077 4.062329
0.192494 4.046879
0.193911 4.033535
0.195328 4.023958
0.196745 4.020364

0.196745 4.020364
0.197506 4.021672
0.198267 4.025555
0.199028 4.031904
0.199789 4.040544
0.200550 4.051258
0.201311 4.063798
0.202072 4.077902
0.202833 4.093314
0.203594 4.109785
0.204355 4.127085
0.205116 4.145005
0.205877 4.163361
0.206638 4.181988
0.207399 4.200744
0.208159 4.219508
0.208920 4.238175
0.209681 4.256656
0.210442 4.274878
0.211203 4.292778
0.211964 4.310304
0.212725 4.327413
0.213486 4.344071
0.214247 4.360247
0.215008 4.375921
0.215769 4.391071
0.216530 4.405685
0.217291 4.419750
0.218052 4.433256
0.218812 4.446196
0.219573 4.458563
0.220334 4.470353
0.221095 4.481559
0.221856 4.492177
0.222617 4.502202
0.223378 4.543142
0.224139 4.595030
0.224900 4.648639
0.225661 4.703691
0.226422 4.759882
0.227183 4.816874
0.227944 4.874291
0.228705 4.931702
0.229465 4.988589
0.230226 5.044269
0.230987 5.059922
0.231748 5.058226
0.232509 5.057008
0.233270 5.056275
0.234031 5.056030

0.234031 5.056030
0.234792 5.056461
0.235553 5.057751
0.236314 5.059891
0.237075 5.062869
0.237836 5.066667
0.238597 5.071262
0.239358 5.076626
0.240119 5.082730
0.240879 5.089537
0.241640 5.097010
0.242401 5.105109
0.243162 5.113791
0.243923 5.123012
0.244684 5.132725
0.245445 5.142884
0.246206 5.153439
0.246967 5.164343
0.247728 5.175548
0.248489 5.187003
0.249250 5.198661
0.250011 5.210473
0.250772 5.222391
0.251532 5.234368
0.252293 5.246357
0.253054 5.258311
0.253815 5.270185
0.254576 5.255988
0.255337 5.241469
0.256098 5.226955
0.256859 5.212508
0.257620 5.198194
0.258381 5.184079
0.259142 5.170230
0.259903 5.156716
0.260664 5.143608
0.261425 5.130978
0.262186 5.118897
0.262946 5.107439
0.263707 5.096674
0.264468 5.086675
0.265229 5.077510
0.265990 5.069244
0.266751 5.061940
0.267512 5.055656
0.268273 5.050440
0.269034 5.046336
0.269795 5.043379
0.270556 5.041595
0.271317 5.040998

0.271317 5.040998
0.272393 5.039538
0.273469 5.035199
0.274545 5.028094
0.275621 5.018404
0.276697 5.006363
0.277773 4.992237
0.278849 4.976312
0.279926 4.958871
0.281002 4.940185
0.282078 4.920497
0.283154 4.900018
0.284230 4.878921
0.285306 4.857342
0.286382 4.835379
0.287459 4.813100
0.288535 4.790543
0.289611 4.767725
0.290687 4.744642
0.291763 4.721282
0.292839 4.697622
0.293915 4.673634
0.294991 4.649291
0.296067 4.624567
0.297144 4.599440
0.298220 4.573892
0.299296 4.547915
0.300372 4.521507
0.301448 4.494677
0.302524 4.467444
0.303600 4.439837
0.304676 4.411897
0.305752 4.383679
0.306829 4.355250
0.307905 4.326696
0.308981 4.298116
0.310057 4.269633
0.311133 4.241391
0.312209 4.213560
0.313285 4.186345
0.314361 4.159986
0.315438 4.134764
0.316514 4.111010
0.317590 4.089103
0.318666 4.069466
0.319742 4.052553
0.320818 4.038820
0.321894 4.028680
0.322970 4.022461
0.324047 4.020364


0.000000 5.239727
0.000761 5.239746
0.001522 5.239801
0.002283 5.239894
0.003044 5.240024
0.003805 5.240194
0.004566 5.240403
0.005326 5.240655
0.006087 5.240950
0.006848 5.241292
0.007609 5.241682
0.008370 5.242124
0.009131 5.242622
0.009892 5.243179
0.010653 5.243802
0.011414 5.244495
0.012175 5.245265
0.012936 5.246120
0.013697 5.247067
0.014458 5.248118
0.015219 5.249284
0.015980 5.250577
0.016740 5.252013
0.017501 5.253609
0.018262 5.255387
0.019023 5.257371
0.019784 5.259588
0.020545 5.262071
0.021306 5.264858
0.022067 5.267996
0.022828 5.271536
0.023589 5.275542
0.024350 5.280086
0.025111 5.285254
0.025872 5.291145
0.026633 5.297876
0.027394 5.305576
0.028154 5.314394
0.028915 5.324487
0.029676 5.336018
0.030437 5.349137
0.031198 5.363959
0.031959 5.380514
0.032720 5.398688
0.033481 5.418118
0.034242 5.438065
0.035003 5.445348
0.035764 5.446342
0.036525 5.446940
0.037286 5.447139

0.037286 5.447139
0.038046 5.447119
0.038808 5.447060
0.039568 5.446961
0.040329 5.446821
0.041090 5.446640
0.041851 5.446416
0.042612 5.446147
0.043373 5.445832
0.044134 5.445468
0.044895 5.445054
0.045656 5.444584
0.046417 5.444057
0.047178 5.443467
0.047939 5.442811
0.048700 5.442083
0.049460 5.441277
0.050221 5.443574
0.050982 5.477408
0.051743 5.475758
0.052504 5.473947
0.053265 5.471957
0.054026 5.469772
0.054787 5.467372
0.055548 5.464737
0.056309 5.461840
0.057070 5.458655
0.057831 5.455152
0.058592 5.451297
0.059353 5.447052
0.060114 5.442376
0.060874 5.437225
0.061635 5.431550
0.062396 5.425300
0.063157 5.418423
0.063918 5.410867
0.064679 5.402584
0.065440 5.393532
0.066201 5.383688
0.066962 5.373051
0.067723 5.361657
0.068484 5.349600
0.069245 5.339524
0.070006 5.329253
0.070767 5.318460
0.071527 5.307312
0.072288 5.296134
0.073049 5.285618
0.073810 5.277287
0.074571 5.273889

0.074571 5.273889
0.075647 5.290158
0.076724 5.327933
0.077800 5.377433
0.078876 5.434597
0.079952 5.496994
0.081028 5.562951
0.082104 5.631303
0.083180 5.650046
0.084256 5.646464
0.085332 5.641707
0.086408 5.635858
0.087485 5.628999
0.088561 5.621211
0.089637 5.612569
0.090713 5.603141
0.091789 5.592993
0.092865 5.582185
0.093941 5.570777
0.095018 5.558824
0.096094 5.546383
0.097170 5.533507
0.098246 5.520252
0.099322 5.506672
0.100398 5.492822
0.101474 5.478758
0.102550 5.464537
0.103626 5.450218
0.104703 5.435859
0.105779 5.393246
0.106855 5.334962
0.107931 5.277399
0.109007 5.220648
0.110083 5.221825
0.111159 5.223807
0.112235 5.225705
0.113311 5.227513
0.114388 5.229221
0.115464 5.230822
0.116540 5.232309
0.117616 5.233675
0.118692 5.234915
0.119768 5.236022
0.120844 5.236992
0.121920 5.237820
0.122997 5.238502
0.124073 5.239037
0.125149 5.239420
0.126225 5.239650
0.127301 5.239727

0.127301 5.239727
0.128718 5.239844
0.130135 5.240192
0.131553 5.240768
0.132970 5.241569
0.134387 5.242587
0.135804 5.243815
0.137222 5.245243
0.138639 5.246860
0.140056 5.248654
0.141473 5.250613
0.142891 5.252724
0.144308 5.254972
0.145725 5.257342
0.147142 5.259821
0.148560 5.262394
0.149977 5.265046
0.151394 5.267763
0.152811 5.270532
0.154228 5.273338
0.155646 5.276169
0.157063 5.279011
0.158480 5.281853
0.159897 5.284684
0.161315 5.287491
0.162732 5.290265
0.164149 5.292995
0.165566 5.295672
0.166984 5.298288
0.168401 5.300833
0.169818 5.303301
0.171235 5.305683
0.172652 5.307973
0.174070 5.310164
0.175487 5.312251
0.176904 5.314227
0.178321 5.316089
0.179739 5.317830
0.181156 5.319448
0.182573 5.320938
0.183990 5.322296
0.185408 5.323519
0.186825 5.324606
0.188242 5.325552
0.189659 5.326356
0.191077 5.327016
0.192494 5.327531
0.193911 5.327900
0.195328 5.328122
0.196745 5.328195

0.196745 5.328195
0.197506 5.327794
0.198267 5.326595
0.199028 5.324615
0.199789 5.321878
0.200550 5.318419
0.201311 5.314279
0.202072 5.309506
0.202833 5.304150
0.203594 5.298266
0.204355 5.291908
0.205116 5.285130
0.205877 5.277988
0.206638 5.270532
0.207399 5.262812
0.208159 5.254875
0.208920 5.246765
0.209681 5.238522
0.210442 5.230186
0.211203 5.221789
0.211964 5.213367
0.212725 5.204947
0.213486 5.196558
0.214247 5.188226
0.215008 5.179976
0.215769 5.171828
0.216530 5.163806
0.217291 5.155929
0.218052 5.148217
0.218812 5.140688
0.219573 5.133362
0.220334 5.126257
0.221095 5.119390
0.221856 5.112779
0.222617 5.106443
0.223378 5.100399
0.224139 5.094665
0.224900 5.089259
0.225661 5.084199
0.226422 5.079504
0.227183 5.075190
0.227944 5.071276
0.228705 5.067777
0.229465 5.064709
0.230226 5.062086
0.230987 5.097754
0.231748 5.147438
0.232509 5.190441
0.233270 5.221563
0.234031 5.233360

0.234031 5.233360
0.234792 5.236002
0.235553 5.243850
0.236314 5.256687
0.237075 5.274185
0.237836 5.295943
0.238597 5.321527
0.239358 5.350502
0.240119 5.382457
0.240879 5.417011
0.241640 5.423918
0.242401 5.422222
0.243162 5.419780
0.243923 5.416249
0.244684 5.411268
0.245445 5.404630
0.246206 5.396397
0.246967 5.386815
0.247728 5.376156
0.248489 5.364646
0.249250 5.352449
0.250011 5.339691
0.250772 5.326470
0.251532 5.312865
0.252293 5.298951
0.253054 5.284791
0.253815 5.270449
0.254576 5.281935
0.255337 5.293517
0.256098 5.304888
0.256859 5.316007
0.257620 5.326832
0.258381 5.337324
0.259142 5.347446
0.259903 5.357159
0.260664 5.366429
0.261425 5.375220
0.262186 5.383502
0.262946 5.391242
0.263707 5.398412
0.264468 5.404984
0.265229 5.410935
0.265990 5.416241
0.266751 5.420882
0.267512 5.424840
0.268273 5.428100
0.269034 5.430648
0.269795 5.432476
0.270556 5.433575
0.271317 5.433942

0.271317 5.433942
0.272393 5.433577
0.273469 5.432483
0.274545 5.430670
0.275621 5.428152
0.276697 5.424950
0.277773 5.421092
0.278849 5.416613
0.279926 5.411554
0.281002 5.405963
0.282078 5.399895
0.283154 5.393412
0.284230 5.386577
0.285306 5.379464
0.286382 5.372145
0.287459 5.364700
0.288535 5.357207
0.289611 5.349748
0.290687 5.342405
0.291763 5.335257
0.292839 5.328384
0.293915 5.321860
0.294991 5.315757
0.296067 5.310138
0.297144 5.305064
0.298220 5.300583
0.299296 5.296738
0.300372 5.293562
0.301448 5.291077
0.302524 5.289294
0.303600 5.288212
0.304676 5.287821
0.305752 5.288098
0.306829 5.289008
0.307905 5.290505
0.308981 5.292531
0.310057 5.295020
0.311133 5.297894
0.312209 5.301067
0.313285 5.304446
0.314361 5.307933
0.315438 5.311425
0.316514 5.314819
0.317590 5.318012
0.318666 5.320908
0.319742 5.323415
0.320818 5.325454
0.321894 5.326960
0.322970 5.327884
0.324047 5.328195


0.000000 5.239727
0.000761 5.239959
0.001522 5.240651
0.002283 5.241800
0.003044 5.243401
0.003805 5.245445
0.004566 5.247920
0.005326 5.250814
0.006087 5.254112
0.006848 5.257796
0.007609 5.261849
0.008370 5.266249
0.009131 5.270976
0.009892 5.276004
0.010653 5.281312
0.011414 5.286873
0.012175 5.292661
0.012936 5.298651
0.013697 5.304814
0.014458 5.311124
0.015219 5.317554
0.015980 5.324074
0.016740 5.330659
0.017501 5.337281
0.018262 5.343912
0.019023 5.350525
0.019784 5.357095
0.020545 5.363596
0.021306 5.370002
0.022067 5.376288
0.022828 5.382431
0.023589 5.388408
0.024350 5.394196
0.025111 5.399775
0.025872 5.405122
0.026633 5.410220
0.027394 5.415050
0.028154 5.419594
0.028915 5.423836
0.029676 5.427761
0.030437 5.431355
0.031198 5.434606
0.031959 5.437501
0.032720 5.440031
0.033481 5.442187
0.034242 5.443962
0.035003 5.457257
0.035764 5.473781
0.036525 5.485226
0.037286 5.489356

0.037286 5.489356
0.038046 5.489326
0.038808 5.489233
0.039568 5.489077
0.040329 5.488858
0.041090 5.488574
0.041851 5.488223
0.042612 5.487803
0.043373 5.487311
0.044134 5.486745
0.044895 5.486099
0.045656 5.485370
0.046417 5.484552
0.047178 5.483641
0.047939 5.482629
0.048700 5.481508
0.049460 5.480271
0.050221 5.478908
0.050982 5.504927
0.051743 5.566125
0.052504 5.627136
0.053265 5.687931
0.054026 5.748480
0.054787 5.808755
0.055548 5.811770
0.056309 5.802967
0.057070 5.793993
0.057831 5.784879
0.058592 5.775661
0.059353 5.766377
0.060114 5.757069
0.060874 5.747783
0.061635 5.738568
0.062396 5.729478
0.063157 5.720568
0.063918 5.711897
0.064679 5.703524
0.065440 5.695511
0.066201 5.687916
0.066962 5.680798
0.067723 5.674209
0.068484 5.668199
0.069245 5.662810
0.070006 5.658078
0.070767 5.654032
0.071527 5.650696
0.072288 5.648085
0.073049 5.646213
0.073810 5.645087
0.074571 5.644712

0.074571 5.644712
0.075647 5.645437
0.076724 5.647331
0.077800 5.649716
0.078876 5.651859
0.079952 5.653204
0.081028 5.653425
0.082104 5.652380
0.083180 5.701228
0.084256 5.772139
0.085332 5.843608
0.086408 5.915312
0.087485 5.987003
0.088561 6.058481
0.089637 6.129583
0.090713 6.200171
0.091789 6.189231
0.092865 6.126592
0.093941 6.064063
0.095018 6.001674
0.096094 5.939456
0.097170 5.877439
0.098246 5.815658
0.099322 5.754150
0.100398 5.692952
0.101474 5.632107
0.102550 5.571660
0.103626 5.511662
0.104703 5.452170
0.105779 5.421523
0.106855 5.407271
0.107931 5.393167
0.109007 5.379276
0.110083 5.365665
0.111159 5.352402
0.112235 5.339555
0.113311 5.327194
0.114388 5.315387
0.115464 5.304205
0.116540 5.293716
0.117616 5.283986
0.118692 5.275080
0.119768 5.267059
0.120844 5.259980
0.121920 5.253894
0.122997 5.248849
0.124073 5.244883
0.125149 5.242026
0.126225 5.240303
0.127301 5.239727

0.127301 5.239727
0.128718 5.239844
0.130135 5.240192
0.131553 5.240768
0.132970 5.241569
0.134387 5.242587
0.135804 5.243815
0.137222 5.245243
0.138639 5.246860
0.140056 5.248654
0.141473 5.250613
0.142891 5.252724
0.144308 5.254972
0.145725 5.257342
0.147142 5.259821
0.148560 5.262394
0.149977 5.265046
0.151394 5.267763
0.152811 5.270532
0.154228 5.273338
0.155646 5.276169
0.157063 5.279011
0.158480 5.281853
0.159897 5.284684
0.161315 5.287491
0.162732 5.290265
0.164149 5.292995
0.165566 5.295672
0.166984 5.298288
0.168401 5.300833
0.169818 5.303301
0.171235 5.305683
0.172652 5.307973
0.174070 5.310164
0.175487 5.312251
0.176904 5.314227
0.178321 5.316089
0.179739 5.317830
0.181156 5.319448
0.182573 5.320938
0.183990 5.322296
0.185408 5.323519
0.186825 5.324606
0.188242 5.325552
0.189659 5.326356
0.191077 5.327016
0.192494 5.327531
0.193911 5.327900
0.195328 5.328122
0.196745 5.328195

0.196745 5.328195
0.197506 5.328285
0.198267 5.328554
0.199028 5.329001
0.199789 5.329625
0.200550 5.330425
0.201311 5.331398
0.202072 5.332544
0.202833 5.333857
0.203594 5.335336
0.204355 5.336976
0.205116 5.338774
0.205877 5.340723
0.206638 5.342818
0.207399 5.345054
0.208159 5.347423
0.208920 5.349919
0.209681 5.352533
0.210442 5.355257
0.211203 5.358082
0.211964 5.360997
0.212725 5.363993
0.213486 5.367059
0.214247 5.370182
0.215008 5.373351
0.215769 5.376553
0.216530 5.379775
0.217291 5.383003
0.218052 5.386224
0.218812 5.389423
0.219573 5.392586
0.220334 5.395698
0.221095 5.398745
0.221856 5.401713
0.222617 5.404586
0.223378 5.407351
0.224139 5.409995
0.224900 5.412503
0.225661 5.414862
0.226422 5.417061
0.227183 5.419088
0.227944 5.420932
0.228705 5.422584
0.229465 5.424034
0.230226 5.425274
0.230987 5.426299
0.231748 5.427101
0.232509 5.427678
0.233270 5.428025
0.234031 5.428141

0.234031 5.428141
0.234792 5.428117
0.235553 5.428042
0.236314 5.427914
0.237075 5.427723
0.237836 5.427459
0.238597 5.427102
0.239358 5.426625
0.240119 5.425986
0.240879 5.425118
0.241640 5.453825
0.242401 5.466839
0.243162 5.460567
0.243923 5.454739
0.244684 5.449744
0.245445 5.445816
0.246206 5.442926
0.246967 5.440861
0.247728 5.439383
0.248489 5.438305
0.249250 5.437499
0.250011 5.436882
0.250772 5.436399
0.251532 5.436013
0.252293 5.435700
0.253054 5.435442
0.253815 5.435227
0.254576 5.435045
0.255337 5.434891
0.256098 5.434759
0.256859 5.434644
0.257620 5.434545
0.258381 5.434459
0.259142 5.434383
0.259903 5.434317
0.260664 5.434259
0.261425 5.434208
0.262186 5.434163
0.262946 5.434123
0.263707 5.434089
0.264468 5.434059
0.265229 5.434033
0.265990 5.434011
0.266751 5.433992
0.267512 5.433976
0.268273 5.433964
0.269034 5.433954
0.269795 5.433948
0.270556 5.433944
0.271317 5.433942

0.271317 5.433942
0.272393 5.433577
0.273469 5.432483
0.274545 5.430670
0.275621 5.428152
0.276697 5.424950
0.277773 5.421092
0.278849 5.416613
0.279926 5.411554
0.281002 5.405963
0.282078 5.399895
0.283154 5.393412
0.284230 5.386577
0.285306 5.379464
0.286382 5.372145
0.287459 5.364700
0.288535 5.357207
0.289611 5.349748
0.290687 5.342405
0.291763 5.335257
0.292839 5.328384
0.293915 5.321860
0.294991 5.315757
0.296067 5.310138
0.297144 5.305064
0.298220 5.300583
0.299296 5.296738
0.300372 5.293562
0.301448 5.291077
0.302524 5.289294
0.303600 5.288212
0.304676 5.287821
0.305752 5.288098
0.306829 5.289008
0.307905 5.290505
0.308981 5.292531
0.310057 5.295020
0.311133 5.297894
0.312209 5.301067
0.313285 5.304446
0.314361 5.307933
0.315438 5.311425
0.316514 5.314819
0.317590 5.318012
0.318666 5.320908
0.319742 5.323415
0.320818 5.325454
0.321894 5.326960
0.322970 5.327884
0.324047 5.328195


0.000000 5.467975
0.000761 5.470258
0.001522 5.477070
0.002283 5.488315
0.003044 5.503836
0.003805 5.523429
0.004566 5.546857
0.005326 5.573860
0.006087 5.604171
0.006848 5.637517
0.007609 5.673637
0.008370 5.712276
0.009131 5.753198
0.009892 5.796182
0.010653 5.841024
0.011414 5.887534
0.012175 5.935544
0.012936 5.984894
0.013697 6.035443
0.014458 6.087060
0.015219 6.139624
0.015980 6.193026
0.016740 6.247163
0.017501 6.301942
0.018262 6.357273
0.019023 6.413072
0.019784 6.469261
0.020545 6.525760
0.021306 6.582494
0.022067 6.639389
0.022828 6.696365
0.023589 6.753346
0.024350 6.771890
0.025111 6.715651
0.025872 6.658244
0.026633 6.599835
0.027394 6.540614
0.028154 6.480804
0.028915 6.420668
0.029676 6.360517
0.030437 6.300730
0.031198 6.241773
0.031959 6.184233
0.032720 6.128865
0.033481 6.076667
0.034242 6.028982
0.035003 5.987618
0.035764 5.954928
0.036525 5.933651
0.037286 5.926221

0.037286 5.926221
0.038046 5.926008
0.038808 5.925368
0.039568 5.924303
0.040329 5.922814
0.041090 5.920902
0.041851 5.918570
0.042612 5.915821
0.043373 5.912658
0.044134 5.909086
0.044895 5.905109
0.045656 5.900734
0.046417 5.895965
0.047178 5.890811
0.047939 5.885280
0.048700 5.879379
0.049460 5.873120
0.050221 5.866513
0.050982 5.859571
0.051743 5.852308
0.052504 5.844738
0.053265 5.836880
0.054026 5.828751
0.054787 5.820373
0.055548 5.868728
0.056309 5.928371
0.057070 5.987655
0.057831 6.046551
0.058592 6.105030
0.059353 6.163063
0.060114 6.220620
0.060874 6.277670
0.061635 6.334182
0.062396 6.390124
0.063157 6.445463
0.063918 6.500167
0.064679 6.554202
0.065440 6.607534
0.066201 6.660126
0.066962 6.711942
0.067723 6.762946
0.068484 6.813096
0.069245 6.862348
0.070006 6.910651
0.070767 6.957938
0.071527 7.004108
0.072288 7.048967
0.073049 7.092023
0.073810 7.131321
0.074571 7.153576

0.074571 7.153576
0.075647 7.116249
0.076724 7.058942
0.077800 6.999058
0.078876 6.938231
0.079952 6.876858
0.081028 6.815103
0.082104 6.753059
0.083180 6.690786
0.084256 6.628336
0.085332 6.565749
0.086408 6.503062
0.087485 6.440307
0.088561 6.377517
0.089637 6.314722
0.090713 6.251950
0.091789 6.270125
0.092865 6.339337
0.093941 6.407708
0.095018 6.475146
0.096094 6.541563
0.097170 6.606875
0.098246 6.670997
0.099322 6.643205
0.100398 6.594932
0.101474 6.545433
0.102550 6.494831
0.103626 6.443252
0.104703 6.390823
0.105779 6.337670
0.106855 6.283919
0.107931 6.229702
0.109007 6.175154
0.110083 6.120416
0.111159 6.065643
0.112235 6.011002
0.113311 5.956678
0.114388 5.902888
0.115464 5.849880
0.116540 5.797950
0.117616 5.747458
0.118692 5.698839
0.119768 5.652633
0.120844 5.609502
0.121920 5.570251
0.122997 5.535836
0.124073 5.507339
0.125149 5.485890
0.126225 5.472522
0.127301 5.467975

0.127301 5.467975
0.128718 5.468323
0.130135 5.469366
0.131553 5.471106
0.132970 5.473543
0.134387 5.476679
0.135804 5.480515
0.137222 5.485054
0.138639 5.490298
0.140056 5.496251
0.141473 5.502915
0.142891 5.510294
0.144308 5.518393
0.145725 5.527214
0.147142 5.536764
0.148560 5.547047
0.149977 5.558067
0.151394 5.569830
0.152811 5.582340
0.154228 5.595604
0.155646 5.609626
0.157063 5.624412
0.158480 5.639966
0.159897 5.656292
0.161315 5.673396
0.162732 5.691281
0.164149 5.709949
0.165566 5.729404
0.166984 5.749648
0.168401 5.770680
0.169818 5.792500
0.171235 5.815108
0.172652 5.838499
0.174070 5.862669
0.175487 5.887613
0.176904 5.913322
0.178321 5.939787
0.179739 5.966997
0.181156 5.994937
0.182573 6.023593
0.183990 6.052946
0.185408 6.082977
0.186825 6.113664
0.188242 6.144982
0.189659 6.176906
0.191077 6.209406
0.192494 6.242453
0.193911 6.276015
0.195328 6.310057
0.196745 6.344544

0.196745 6.344544
0.197506 6.344374
0.198267 6.343864
0.199028 6.343012
0.199789 6.341813
0.200550 6.340260
0.201311 6.338346
0.202072 6.336061
0.202833 6.333394
0.203594 6.330329
0.204355 6.326851
0.205116 6.322941
0.205877 6.318580
0.206638 6.313742
0.207399 6.308402
0.208159 6.302532
0.208920 6.296098
0.209681 6.289066
0.210442 6.281397
0.211203 6.273047
0.211964 6.263972
0.212725 6.254120
0.213486 6.243437
0.214247 6.231865
0.215008 6.219341
0.215769 6.205798
0.216530 6.191165
0.217291 6.175368
0.218052 6.158329
0.218812 6.139969
0.219573 6.120204
0.220334 6.098955
0.221095 6.076139
0.221856 6.051680
0.222617 6.025505
0.223378 5.997551
0.224139 5.967766
0.224900 5.936115
0.225661 5.902582
0.226422 5.867182
0.227183 5.829965
0.227944 5.791032
0.228705 5.750559
0.229465 5.708836
0.230226 5.666338
0.230987 5.623879
0.231748 5.582923
0.232509 5.546233
0.233270 5.518932
0.234031 5.508414

0.234031 5.508414
0.234792 5.508034
0.235553 5.506897
0.236314 5.505012
0.237075 5.502390
0.237836 5.499053
0.238597 5.495029
0.239358 5.490359
0.240119 5.485100
0.240879 5.479335
0.241640 5.473186
0.242401 5.492600
0.243162 5.533074
0.243923 5.575017
0.244684 5.618231
0.245445 5.662542
0.246206 5.707796
0.246967 5.753859
0.247728 5.800610
0.248489 5.847943
0.249250 5.895759
0.250011 5.943970
0.250772 5.992496
0.251532 6.041259
0.252293 6.090191
0.253054 6.139224
0.253815 6.188295
0.254576 6.237343
0.255337 6.286309
0.256098 6.335134
0.256859 6.383762
0.257620 6.432133
0.258381 6.480188
0.259142 6.527865
0.259903 6.575100
0.260664 6.621821
0.261425 6.667950
0.262186 6.713399
0.262946 6.758063
0.263707 6.801816
0.264468 6.844501
0.265229 6.885913
0.265990 6.925778
0.266751 6.963716
0.267512 6.999190
0.268273 7.031422
0.269034 7.059303
0.269795 7.081318
0.270556 7.095650
0.271317 7.100657

0.271317 7.100657
0.272393 7.098736
0.273469 7.093236
0.274545 7.084813
0.275621 7.074252
0.276697 7.062251
0.277773 7.049327
0.278849 7.035816
0.279926 7.021913
0.281002 7.007709
0.282078 6.993231
0.283154 6.978465
0.284230 6.963375
0.285306 6.947916
0.286382 6.932043
0.287459 6.915713
0.288535 6.898892
0.289611 6.881553
0.290687 6.863681
0.291763 6.845270
0.292839 6.826324
0.293915 6.806859
0.294991 6.786900
0.296067 6.766482
0.297144 6.745648
0.298220 6.724450
0.299296 6.702948
0.300372 6.681210
0.301448 6.659310
0.302524 6.637329
0.303600 6.615354
0.304676 6.593478
0.305752 6.571800
0.306829 6.550423
0.307905 6.529456
0.308981 6.509012
0.310057 6.489208
0.311133 6.470164
0.312209 6.452004
0.313285 6.434855
0.314361 6.418842
0.315438 6.404091
0.316514 6.390724
0.317590 6.378860
0.318666 6.368609
0.319742 6.360072
0.320818 6.353334
0.321894 6.348469
0.322970 6.345528
0.324047 6.344544


0.000000 7.647741
0.000761 7.646971
0.001522 7.644661
0.002283 7.640804
0.003044 7.635391
0.003805 7.628410
0.004566 7.619844
0.005326 7.609674
0.006087 7.597878
0.006848 7.584431
0.007609 7.569306
0.008370 7.552475
0.009131 7.533907
0.009892 7.513573
0.010653 7.491441
0.011414 7.467483
0.012175 7.441670
0.012936 7.413976
0.013697 7.384378
0.014458 7.352857
0.015219 7.319400
0.015980 7.283997
0.016740 7.246647
0.017501 7.207356
0.018262 7.166137
0.019023 7.123013
0.019784 7.078015
0.020545 7.031186
0.021306 6.982580
0.022067 6.932262
0.022828 6.880311
0.023589 6.826817
0.024350 6.810245
0.025111 6.866972
0.025872 6.923427
0.026633 6.979496
0.027394 7.035047
0.028154 7.089922
0.028915 7.143934
0.029676 7.196848
0.030437 7.248372
0.031198 7.298133
0.031959 7.345650
0.032720 7.390303
0.033481 7.431292
0.034242 7.467611
0.035003 7.498039
0.035764 7.521209
0.036525 7.535791
0.037286 7.540778

0.037286 7.540778
0.038046 7.540363
0.038808 7.539119
0.039568 7.537057
0.040329 7.534194
0.041090 7.530552
0.041851 7.526160
0.042612 7.521052
0.043373 7.515265
0.044134 7.508840
0.044895 7.501822
0.045656 7.494256
0.046417 7.486190
0.047178 7.477674
0.047939 7.468756
0.048700 7.459485
0.049460 7.449912
0.050221 7.440083
0.050982 7.430046
0.051743 7.419849
0.052504 7.409535
0.053265 7.399150
0.054026 7.388736
0.054787 7.378334
0.055548 7.367984
0.056309 7.357725
0.057070 7.347593
0.057831 7.337624
0.058592 7.327853
0.059353 7.318312
0.060114 7.309033
0.060874 7.300045
0.061635 7.291378
0.062396 7.283057
0.063157 7.275109
0.063918 7.267558
0.064679 7.260426
0.065440 7.253736
0.066201 7.247507
0.066962 7.241757
0.067723 7.236503
0.068484 7.231761
0.069245 7.227543
0.070006 7.223864
0.070767 7.220732
0.071527 7.218157
0.072288 7.205572
0.073049 7.190526
0.073810 7.181414
0.074571 7.178362

0.074571 7.178362
0.075647 7.184453
0.076724 7.202497
0.077800 7.204306
0.078876 7.197070
0.079952 7.187712
0.081028 7.176198
0.082104 7.162487
0.083180 7.146543
0.084256 7.128331
0.085332 7.107823
0.086408 7.085000
0.087485 7.059856
0.088561 7.032398
0.089637 7.002652
0.090713 6.970657
0.091789 6.936468
0.092865 6.900158
0.093941 6.861811
0.095018 6.821524
0.096094 6.779404
0.097170 6.735564
0.098246 6.690123
0.099322 6.733848
0.100398 6.795344
0.101474 6.855403
0.102550 6.913941
0.103626 6.970874
0.104703 7.026114
0.105779 7.079577
0.106855 7.131174
0.107931 7.180816
0.109007 7.228414
0.110083 7.273879
0.111159 7.317123
0.112235 7.358058
0.113311 7.396597
0.114388 7.432657
0.115464 7.466159
0.116540 7.497024
0.117616 7.525181
0.118692 7.550562
0.119768 7.573107
0.120844 7.592760
0.121920 7.609472
0.122997 7.623203
0.124073 7.633918
0.125149 7.641591
0.126225 7.646202
0.127301 7.647741

0.127301 7.647741
0.128718 7.646904
0.130135 7.644395
0.131553 7.640224
0.132970 7.634404
0.134387 7.626953
0.135804 7.617897
0.137222 7.607263
0.138639 7.595084
0.140056 7.581397
0.141473 7.566242
0.142891 7.549660
0.144308 7.531698
0.145725 7.512401
0.147142 7.491817
0.148560 7.469997
0.149977 7.446990
0.151394 7.422847
0.152811 7.397619
0.154228 7.371357
0.155646 7.344111
0.157063 7.315933
0.158480 7.286873
0.159897 7.256980
0.161315 7.226304
0.162732 7.194896
0.164149 7.162802
0.165566 7.130073
0.166984 7.096756
0.168401 7.062899
0.169818 7.028550
0.171235 6.993756
0.172652 6.958565
0.174070 6.923023
0.175487 6.887177
0.176904 6.851076
0.178321 6.814764
0.179739 6.778290
0.181156 6.741699
0.182573 6.705038
0.183990 6.668353
0.185408 6.631691
0.186825 6.595096
0.188242 6.558614
0.189659 6.522290
0.191077 6.486168
0.192494 6.450290
0.193911 6.414700
0.195328 6.379437
0.196745 6.344544

0.196745 6.344544
0.197506 6.345697
0.198267 6.349152
0.199028 6.354887
0.199789 6.362870
0.200550 6.373053
0.201311 6.385383
0.202072 6.399794
0.202833 6.416215
0.203594 6.434568
0.204355 6.454771
0.205116 6.476740
0.205877 6.500387
0.206638 6.525625
0.207399 6.552365
0.208159 6.580518
0.208920 6.609994
0.209681 6.640705
0.210442 6.672563
0.211203 6.705476
0.211964 6.739358
0.212725 6.774116
0.213486 6.809660
0.214247 6.845898
0.215008 6.882734
0.215769 6.920073
0.216530 6.957813
0.217291 6.995851
0.218052 7.034079
0.218812 7.072382
0.219573 7.110642
0.220334 7.148729
0.221095 7.186510
0.221856 7.223837
0.222617 7.260555
0.223378 7.296496
0.224139 7.331477
0.224900 7.365303
0.225661 7.397765
0.226422 7.428638
0.227183 7.457683
0.227944 7.484652
0.228705 7.509285
0.229465 7.531324
0.230226 7.550509
0.230987 7.566599
0.231748 7.579371
0.232509 7.588639
0.233270 7.594259
0.234031 7.596143

0.234031 7.596143
0.234792 7.596002
0.235553 7.595581
0.236314 7.594881
0.237075 7.593903
0.237836 7.592650
0.238597 7.591126
0.239358 7.589335
0.240119 7.587282
0.240879 7.584973
0.241640 7.582414
0.242401 7.579614
0.243162 7.576579
0.243923 7.573321
0.244684 7.569848
0.245445 7.566171
0.246206 7.562303
0.246967 7.558255
0.247728 7.554041
0.248489 7.549676
0.249250 7.545174
0.250011 7.540552
0.250772 7.535826
0.251532 7.531013
0.252293 7.526132
0.253054 7.521202
0.253815 7.516242
0.254576 7.511273
0.255337 7.506315
0.256098 7.501390
0.256859 7.496519
0.257620 7.491724
0.258381 7.487026
0.259142 7.482449
0.259903 7.478014
0.260664 7.473742
0.261425 7.469656
0.262186 7.460857
0.262946 7.412926
0.263707 7.366486
0.264468 7.322057
0.265229 7.280178
0.265990 7.241401
0.266751 7.206288
0.267512 7.175392
0.268273 7.149245
0.269034 7.128333
0.269795 7.113070
0.270556 7.103777
0.271317 7.100657

0.271317 7.100657
0.272393 7.098736
0.273469 7.093236
0.274545 7.084813
0.275621 7.074252
0.276697 7.062251
0.277773 7.049327
0.278849 7.035816
0.279926 7.021913
0.281002 7.007709
0.282078 6.993231
0.283154 6.978465
0.284230 6.963375
0.285306 6.947916
0.286382 6.932043
0.287459 6.915713
0.288535 6.898892
0.289611 6.881553
0.290687 6.863681
0.291763 6.845270
0.292839 6.826324
0.293915 6.806859
0.294991 6.786900
0.296067 6.766482
0.297144 6.745648
0.298220 6.724450
0.299296 6.702948
0.300372 6.681210
0.301448 6.659310
0.302524 6.637329
0.303600 6.615354
0.304676 6.593478
0.305752 6.571800
0.306829 6.550423
0.307905 6.529456
0.308981 6.509012
0.310057 6.489208
0.311133 6.470164
0.312209 6.452004
0.313285 6.434855
0.314361 6.418842
0.315438 6.404091
0.316514 6.390724
0.317590 6.378860
0.318666 6.368609
0.319742 6.360072
0.320818 6.353334
0.321894 6.348469
0.322970 6.345528
0.324047 6.344544


0.000000 8.326027
0.000761 8.325956
0.001522 8.325739
0.002283 8.325376
0.003044 8.324863
0.003805 8.324195
0.004566 8.323367
0.005326 8.322371
0.006087 8.321200
0.006848 8.319844
0.007609 8.318295
0.008370 8.316545
0.009131 8.314585
0.009892 8.312408
0.010653 8.310010
0.011414 8.307386
0.012175 8.304538
0.012936 8.301470
0.013697 8.298188
0.014458 8.294704
0.015219 8.291032
0.015980 8.287192
0.016740 8.283203
0.017501 8.279089
0.018262 8.274875
0.019023 8.270588
0.019784 8.266253
0.020545 8.261898
0.021306 8.257549
0.022067 8.253232
0.022828 8.248971
0.023589 8.244791
0.024350 8.240713
0.025111 8.236759
0.025872 8.232948
0.026633 8.229300
0.027394 8.225832
0.028154 8.222559
0.028915 8.219496
0.029676 8.216657
0.030437 8.214052
0.031198 8.211693
0.031959 8.209590
0.032720 8.207751
0.033481 8.206182
0.034242 8.204891
0.035003 8.203881
0.035764 8.203157
0.036525 8.202722
0.037286 8.202577

0.037286 8.202577
0.038046 8.200976
0.038808 8.196536
0.039568 8.190010
0.040329 8.182066
0.041090 8.173145
0.041851 8.163511
0.042612 8.153314
0.043373 8.142644
0.044134 8.131550
0.044895 8.120059
0.045656 8.108184
0.046417 8.095927
0.047178 8.083285
0.047939 8.070251
0.048700 8.056811
0.049460 8.042950
0.050221 8.028653
0.050982 8.013898
0.051743 7.998666
0.052504 7.982933
0.053265 7.966675
0.054026 7.949866
0.054787 7.932481
0.055548 7.914491
0.056309 7.895867
0.057070 7.876579
0.057831 7.856597
0.058592 7.835890
0.059353 7.814426
0.060114 7.792175
0.060874 7.769104
0.061635 7.745184
0.062396 7.720382
0.063157 7.694671
0.063918 7.668023
0.064679 7.614962
0.065440 7.558480
0.066201 7.504431
0.066962 7.453178
0.067723 7.405105
0.068484 7.360607
0.069245 7.320087
0.070006 7.283949
0.070767 7.252581
0.071527 7.226347
0.072288 7.216147
0.073049 7.214707
0.073810 7.213841
0.074571 7.213553

0.074571 7.213553
0.075647 7.212529
0.076724 7.209451
0.077800 7.231843
0.078876 7.271523
0.079952 7.320381
0.081028 7.377203
0.082104 7.440804
0.083180 7.510093
0.084256 7.584102
0.085332 7.661987
0.086408 7.743026
0.087485 7.826606
0.088561 7.885503
0.089637 7.928714
0.090713 7.969672
0.091789 8.008270
0.092865 8.044437
0.093941 8.078147
0.095018 8.109416
0.096094 8.138305
0.097170 8.164912
0.098246 8.189366
0.099322 8.211812
0.100398 8.232410
0.101474 8.251317
0.102550 8.268687
0.103626 8.284664
0.104703 8.298355
0.105779 8.298050
0.106855 8.298287
0.107931 8.298993
0.109007 8.300097
0.110083 8.301530
0.111159 8.303225
0.112235 8.305122
0.113311 8.307159
0.114388 8.309281
0.115464 8.311435
0.116540 8.313572
0.117616 8.315648
0.118692 8.317619
0.119768 8.319449
0.120844 8.321105
0.121920 8.322556
0.122997 8.323778
0.124073 8.324750
0.125149 8.325456
0.126225 8.325884
0.127301 8.326027

0.127301 8.326027
0.128718 8.326052
0.130135 8.326127
0.131553 8.326252
0.132970 8.326427
0.134387 8.326651
0.135804 8.326924
0.137222 8.327247
0.138639 8.327618
0.140056 8.328038
0.141473 8.328506
0.142891 8.329022
0.144308 8.329585
0.145725 8.330195
0.147142 8.330850
0.148560 8.331552
0.149977 8.332298
0.151394 8.333088
0.152811 8.333922
0.154228 8.334798
0.155646 8.335717
0.157063 8.336676
0.158480 8.337676
0.159897 8.338715
0.161315 8.339792
0.162732 8.340907
0.164149 8.342058
0.165566 8.343245
0.166984 8.344465
0.168401 8.345719
0.169818 8.347005
0.171235 8.348322
0.172652 8.349668
0.174070 8.351043
0.175487 8.352445
0.176904 8.353873
0.178321 8.355326
0.179739 8.356802
0.181156 8.358300
0.182573 8.359818
0.183990 8.361356
0.185408 8.362911
0.186825 8.364483
0.188242 8.366070
0.189659 8.367670
0.191077 8.369282
0.192494 8.370904
0.193911 8.372535
0.195328 8.374173
0.196745 8.375818

0.196745 8.375818
0.197506 8.375674
0.198267 8.375244
0.199028 8.374530
0.199789 8.373537
0.200550 8.372268
0.201311 8.370732
0.202072 8.368937
0.202833 8.366893
0.203594 8.364609
0.204355 8.362099
0.205116 8.359375
0.205877 8.356452
0.206638 8.353343
0.207399 8.350066
0.208159 8.346635
0.208920 8.343067
0.209681 8.339380
0.210442 8.335590
0.211203 8.331714
0.211964 8.327771
0.212725 8.323778
0.213486 8.319751
0.214247 8.315708
0.215008 8.311666
0.215769 8.307641
0.216530 8.303650
0.217291 8.299708
0.218052 8.295830
0.218812 8.292031
0.219573 8.288325
0.220334 8.284726
0.221095 8.281246
0.221856 8.277899
0.222617 8.274695
0.223378 8.271646
0.224139 8.268762
0.224900 8.266053
0.225661 8.263528
0.226422 8.261194
0.227183 8.259060
0.227944 8.257132
0.228705 8.255417
0.229465 8.253919
0.230226 8.252644
0.230987 8.251595
0.231748 8.248069
0.232509 8.238458
0.233270 8.232677
0.234031 8.230747

0.234031 8.230747
0.234792 8.230379
0.235553 8.229275
0.236314 8.227435
0.237075 8.224859
0.237836 8.221548
0.238597 8.217500
0.239358 8.212716
0.240119 8.207196
0.240879 8.200940
0.241640 8.193946
0.242401 8.186215
0.243162 8.177746
0.243923 8.168536
0.244684 8.158584
0.245445 8.147889
0.246206 8.136448
0.246967 8.124258
0.247728 8.111317
0.248489 8.097621
0.249250 8.083167
0.250011 8.067950
0.250772 8.051968
0.251532 8.035217
0.252293 8.017692
0.253054 7.992096
0.253815 7.958674
0.254576 7.922468
0.255337 7.883597
0.256098 7.842250
0.256859 7.798677
0.257620 7.753179
0.258381 7.706096
0.259142 7.657805
0.259903 7.608704
0.260664 7.559215
0.261425 7.509780
0.262186 7.465776
0.262946 7.462121
0.263707 7.458712
0.264468 7.455568
0.265229 7.452704
0.265990 7.450137
0.266751 7.447882
0.267512 7.445951
0.268273 7.444356
0.269034 7.443106
0.269795 7.442207
0.270556 7.441666
0.271317 7.441485

0.271317 7.441485
0.272393 7.445937
0.273469 7.458981
0.274545 7.479811
0.275621 7.507400
0.276697 7.540725
0.277773 7.578870
0.278849 7.621034
0.279926 7.666504
0.281002 7.714617
0.282078 7.764722
0.283154 7.816155
0.284230 7.868205
0.285306 7.920096
0.286382 7.970977
0.287459 8.019921
0.288535 8.065979
0.289611 8.108258
0.290687 8.146054
0.291763 8.178980
0.292839 8.207027
0.293915 8.230524
0.294991 8.250026
0.296067 8.266177
0.297144 8.279607
0.298220 8.290871
0.299296 8.300431
0.300372 8.308656
0.301448 8.315835
0.302524 8.322187
0.303600 8.327881
0.304676 8.333042
0.305752 8.337765
0.306829 8.342117
0.307905 8.346148
0.308981 8.349891
0.310057 8.353369
0.311133 8.356597
0.312209 8.359582
0.313285 8.362327
0.314361 8.364832
0.315438 8.367093
0.316514 8.369105
0.317590 8.370864
0.318666 8.372365
0.319742 8.373601
0.320818 8.374567
0.321894 8.375261
0.322970 8.375678
0.324047 8.375818


0.000000 8.429730
0.000761 8.429594
0.001522 8.429189
0.002283 8.428520
0.003044 8.427598
0.003805 8.426435
0.004566 8.425048
0.005326 8.423459
0.006087 8.421689
0.006848 8.419764
0.007609 8.417713
0.008370 8.415564
0.009131 8.413346
0.009892 8.411090
0.010653 8.408823
0.011414 8.406573
0.012175 8.404365
0.012936 8.402218
0.013697 8.400152
0.014458 8.398180
0.015219 8.396312
0.015980 8.394555
0.016740 8.392912
0.017501 8.391384
0.018262 8.389970
0.019023 8.388664
0.019784 8.387464
0.020545 8.386363
0.021306 8.385356
0.022067 8.384436
0.022828 8.383598
0.023589 8.382835
0.024350 8.382141
0.025111 8.381512
0.025872 8.380943
0.026633 8.380429
0.027394 8.379965
0.028154 8.379549
0.028915 8.379178
0.029676 8.378847
0.030437 8.378555
0.031198 8.378300
0.031959 8.378078
0.032720 8.377890
0.033481 8.369514
0.034242 8.335301
0.035003 8.306512
0.035764 8.284513
0.036525 8.270634
0.037286 8.265882

0.037286 8.265882
0.038046 8.267320
0.038808 8.271273
0.039568 8.276984
0.040329 8.283784
0.041090 8.291228
0.041851 8.299049
0.042612 8.307088
0.043373 8.315252
0.044134 8.323483
0.044895 8.331744
0.045656 8.340014
0.046417 8.348276
0.047178 8.356523
0.047939 8.364749
0.048700 8.372950
0.049460 8.381124
0.050221 8.389269
0.050982 8.397384
0.051743 8.405469
0.052504 8.413522
0.053265 8.421542
0.054026 8.429526
0.054787 8.437471
0.055548 8.379107
0.056309 8.314249
0.057070 8.249001
0.057831 8.183516
0.058592 8.117959
0.059353 8.052506
0.060114 7.987343
0.060874 7.922673
0.061635 7.858712
0.062396 7.795696
0.063157 7.733879
0.063918 7.673535
0.064679 7.640412
0.065440 7.611814
0.066201 7.582208
0.066962 7.551577
0.067723 7.519909
0.068484 7.487195
0.069245 7.453437
0.070006 7.418646
0.070767 7.382853
0.071527 7.346131
0.072288 7.308646
0.073049 7.270872
0.073810 7.234749
0.074571 7.213553

0.074571 7.213553
0.075647 7.250362
0.076724 7.306108
0.077800 7.363367
0.078876 7.420470
0.079952 7.476972
0.081028 7.532644
0.082104 7.587316
0.083180 7.640834
0.084256 7.693040
0.085332 7.743775
0.086408 7.792875
0.087485 7.840172
0.088561 7.912202
0.089637 7.999370
0.090713 8.087725
0.091789 8.176934
0.092865 8.266704
0.093941 8.347608
0.095018 8.337913
0.096094 8.329412
0.097170 8.322074
0.098246 8.315854
0.099322 8.310694
0.100398 8.306530
0.101474 8.303289
0.102550 8.300898
0.103626 8.299279
0.104703 8.299380
0.105779 8.312951
0.106855 8.325479
0.107931 8.337054
0.109007 8.347751
0.110083 8.357634
0.111159 8.366758
0.112235 8.375167
0.113311 8.382897
0.114388 8.389978
0.115464 8.396436
0.116540 8.402289
0.117616 8.407553
0.118692 8.412240
0.119768 8.416359
0.120844 8.419919
0.121920 8.422923
0.122997 8.425377
0.124073 8.427282
0.125149 8.428642
0.126225 8.429458
0.127301 8.429730

0.127301 8.429730
0.128718 8.429700
0.130135 8.429612
0.131553 8.429466
0.132970 8.429261
0.134387 8.428999
0.135804 8.428678
0.137222 8.428301
0.138639 8.427867
0.140056 8.427377
0.141473 8.426832
0.142891 8.426232
0.144308 8.425578
0.145725 8.424872
0.147142 8.424114
0.148560 8.423305
0.149977 8.422447
0.151394 8.421540
0.152811 8.420586
0.154228 8.419586
0.155646 8.418541
0.157063 8.417453
0.158480 8.416323
0.159897 8.415152
0.161315 8.413943
0.162732 8.412696
0.164149 8.411413
0.165566 8.410096
0.166984 8.408746
0.168401 8.407366
0.169818 8.405955
0.171235 8.404517
0.172652 8.403053
0.174070 8.401565
0.175487 8.400054
0.176904 8.398521
0.178321 8.396970
0.179739 8.395401
0.181156 8.393816
0.182573 8.392217
0.183990 8.390605
0.185408 8.388983
0.186825 8.387351
0.188242 8.385712
0.189659 8.384068
0.191077 8.382419
0.192494 8.380768
0.193911 8.379117
0.195328 8.377466
0.196745 8.375818

0.196745 8.375818
0.197506 8.375822
0.198267 8.375834
0.199028 8.375856
0.199789 8.375885
0.200550 8.375923
0.201311 8.375969
0.202072 8.376023
0.202833 8.376086
0.203594 8.376156
0.204355 8.376234
0.205116 8.376321
0.205877 8.376414
0.206638 8.376515
0.207399 8.376623
0.208159 8.376738
0.208920 8.376860
0.209681 8.376988
0.210442 8.377122
0.211203 8.377262
0.211964 8.377406
0.212725 8.377556
0.213486 8.377710
0.214247 8.377868
0.215008 8.378030
0.215769 8.378194
0.216530 8.378360
0.217291 8.378527
0.218052 8.378696
0.218812 8.378864
0.219573 8.379032
0.220334 8.379198
0.221095 8.379362
0.221856 8.379523
0.222617 8.379680
0.223378 8.379831
0.224139 8.379977
0.224900 8.380117
0.225661 8.380249
0.226422 8.380373
0.227183 8.380487
0.227944 8.351676
0.228705 8.323805
0.229465 8.299415
0.230226 8.278609
0.230987 8.261470
0.231748 8.250776
0.232509 8.250190
0.233270 8.249837
0.234031 8.249719

0.234031 8.249719
0.234792 8.249507
0.235553 8.248867
0.236314 8.247791
0.237075 8.246267
0.237836 8.244273
0.238597 8.241785
0.239358 8.238770
0.240119 8.235187
0.240879 8.230987
0.241640 8.226112
0.242401 8.220493
0.243162 8.214047
0.243923 8.206681
0.244684 8.198284
0.245445 8.188730
0.246206 8.177876
0.246967 8.165561
0.247728 8.151608
0.248489 8.135827
0.249250 8.118018
0.250011 8.097979
0.250772 8.075518
0.251532 8.050466
0.252293 8.022686
0.253054 7.999392
0.253815 7.980314
0.254576 7.960456
0.255337 7.939817
0.256098 7.918401
0.256859 7.896209
0.257620 7.873248
0.258381 7.849529
0.259142 7.825064
0.259903 7.799875
0.260664 7.773989
0.261425 7.747444
0.262186 7.720289
0.262946 7.692594
0.263707 7.664449
0.264468 7.635983
0.265229 7.607371
0.265990 7.578862
0.266751 7.550813
0.267512 7.523740
0.268273 7.498405
0.269034 7.475904
0.269795 7.457739
0.270556 7.445720
0.271317 7.441485

0.271317 7.441485
0.272393 7.445937
0.273469 7.458981
0.274545 7.479811
0.275621 7.507400
0.276697 7.540725
0.277773 7.578870
0.278849 7.621034
0.279926 7.666504
0.281002 7.714617
0.282078 7.764722
0.283154 7.816155
0.284230 7.868205
0.285306 7.920096
0.286382 7.970977
0.287459 8.019921
0.288535 8.065979
0.289611 8.108258
0.290687 8.146054
0.291763 8.178980
0.292839 8.207027
0.293915 8.230524
0.294991 8.250026
0.296067 8.266177
0.297144 8.279607
0.298220 8.290871
0.299296 8.300431
0.300372 8.308656
0.301448 8.315835
0.302524 8.322187
0.303600 8.327881
0.304676 8.333042
0.305752 8.337765
0.306829 8.342117
0.307905 8.346148
0.308981 8.349891
0.310057 8.353369
0.311133 8.356597
0.312209 8.359582
0.313285 8.362327
0.314361 8.364832
0.315438 8.367093
0.316514 8.369105
0.317590 8.370864
0.318666 8.372365
0.319742 8.373601
0.320818 8.374567
0.321894 8.375261
0.322970 8.375678
0.324047 8.375818


0.000000 9.732814
0.000761 9.732618
0.001522 9.732031
0.002283 9.731048
0.003044 9.729661
0.003805 9.727861
0.004566 9.725635
0.005326 9.722972
0.006087 9.719857
0.006848 9.716278
0.007609 9.712223
0.008370 9.707683
0.009131 9.702654
0.009892 9.697137
0.010653 9.691139
0.011414 9.684675
0.012175 9.649777
0.012936 9.610415
0.013697 9.570122
0.014458 9.528934
0.015219 9.486888
0.015980 9.444021
0.016740 9.400370
0.017501 9.355974
0.018262 9.310872
0.019023 9.265104
0.019784 9.218711
0.020545 9.171739
0.021306 9.124234
0.022067 9.076248
0.022828 9.027834
0.023589 8.979053
0.024350 8.929974
0.025111 8.880672
0.025872 8.831237
0.026633 8.781771
0.027394 8.732398
0.028154 8.683266
0.028915 8.634558
0.029676 8.586501
0.030437 8.539384
0.031198 8.493576
0.031959 8.449553
0.032720 8.407934
0.033481 8.377733
0.034242 8.377606
0.035003 8.377508
0.035764 8.377439
0.036525 8.377397
0.037286 8.377383

0.037286 8.377383
0.038046 8.377676
0.038808 8.378552
0.039568 8.380003
0.040329 8.382013
0.041090 8.384563
0.041851 8.387628
0.042612 8.391181
0.043373 8.395189
0.044134 8.399617
0.044895 8.404429
0.045656 8.409586
0.046417 8.415051
0.047178 8.420783
0.047939 8.426744
0.048700 8.432897
0.049460 8.439204
0.050221 8.445629
0.050982 8.452138
0.051743 8.458698
0.052504 8.465278
0.053265 8.471850
0.054026 8.478385
0.054787 8.443428
0.055548 8.445373
0.056309 8.453227
0.057070 8.461027
0.057831 8.468763
0.058592 8.476428
0.059353 8.484008
0.060114 8.491491
0.060874 8.498860
0.061635 8.506096
0.062396 8.513180
0.063157 8.520086
0.063918 8.526790
0.064679 8.533262
0.065440 8.539470
0.066201 8.545380
0.066962 8.550957
0.067723 8.556162
0.068484 8.560958
0.069245 8.565305
0.070006 8.569165
0.070767 8.572503
0.071527 8.575284
0.072288 8.577480
0.073049 8.579067
0.073810 8.580026
0.074571 8.580347

0.074571 8.580347
0.075647 8.578784
0.076724 8.574159
0.077800 8.566655
0.078876 8.556558
0.079952 8.544231
0.081028 8.530079
0.082104 8.514530
0.083180 8.498006
0.084256 8.480908
0.085332 8.463605
0.086408 8.446422
0.087485 8.429641
0.088561 8.413500
0.089637 8.398188
0.090713 8.383854
0.091789 8.370604
0.092865 8.358509
0.093941 8.356771
0.095018 8.446896
0.096094 8.536856
0.097170 8.626440
0.098246 8.715441
0.099322 8.803653
0.100398 8.890868
0.101474 8.976865
0.102550 9.061412
0.103626 9.144252
0.104703 9.225106
0.105779 9.292289
0.106855 9.339951
0.107931 9.387791
0.109007 9.435662
0.110083 9.483423
0.111159 9.530941
0.112235 9.578085
0.113311 9.624727
0.114388 9.670738
0.115464 9.702848
0.116540 9.706122
0.117616 9.709653
0.118692 9.713331
0.119768 9.717035
0.120844 9.720632
0.121920 9.723986
0.122997 9.726960
0.124073 9.729428
0.125149 9.731278
0.126225 9.732425
0.127301 9.732814

0.127301 9.732814
0.128718 9.732881
0.130135 9.733082
0.131553 9.733418
0.132970 9.733887
0.134387 9.734489
0.135804 9.735223
0.137222 9.736089
0.138639 9.737085
0.140056 9.738210
0.141473 9.739464
0.142891 9.740843
0.144308 9.742347
0.145725 9.743974
0.147142 9.745722
0.148560 9.747589
0.149977 9.749572
0.151394 9.751670
0.152811 9.753879
0.154228 9.756198
0.155646 9.758623
0.157063 9.761152
0.158480 9.763782
0.159897 9.766510
0.161315 9.769332
0.162732 9.772246
0.164149 9.775248
0.165566 9.778335
0.166984 9.781503
0.168401 9.784749
0.169818 9.788070
0.171235 9.791461
0.172652 9.794919
0.174070 9.798440
0.175487 9.802020
0.176904 9.805656
0.178321 9.809343
0.179739 9.813078
0.181156 9.816857
0.182573 9.820675
0.183990 9.824529
0.185408 9.828415
0.186825 9.832328
0.188242 9.836265
0.189659 9.840221
0.191077 9.844192
0.192494 9.848175
0.193911 9.852165
0.195328 9.856158
0.196745 9.860151

0.196745 9.860151
0.197506 9.859405
0.198267 9.857182
0.199028 9.853517
0.199789 9.848468
0.200550 9.842111
0.201311 9.834538
0.202072 9.825847
0.202833 9.816145
0.203594 9.805541
0.204355 9.794141
0.205116 9.782050
0.205877 9.769368
0.206638 9.756191
0.207399 9.742608
0.208159 9.724417
0.208920 9.672027
0.209681 9.617532
0.210442 9.561249
0.211203 9.503484
0.211964 9.444533
0.212725 9.384674
0.213486 9.324174
0.214247 9.263285
0.215008 9.202251
0.215769 9.141305
0.216530 9.080672
0.217291 9.020574
0.218052 8.961227
0.218812 8.902845
0.219573 8.845639
0.220334 8.789819
0.221095 8.735591
0.221856 8.683163
0.222617 8.632736
0.223378 8.584510
0.224139 8.538678
0.224900 8.495429
0.225661 8.454940
0.226422 8.417381
0.227183 8.382912
0.227944 8.380592
0.228705 8.380686
0.229465 8.380770
0.230226 8.380841
0.230987 8.380900
0.231748 8.380946
0.232509 8.380980
0.233270 8.381000
0.234031 8.381007

0.234031 8.381007
0.234792 8.381165
0.235553 8.381637
0.236314 8.382423
0.237075 8.383517
0.237836 8.384914
0.238597 8.386608
0.239358 8.388591
0.240119 8.390852
0.240879 8.393381
0.241640 8.396166
0.242401 8.399194
0.243162 8.402450
0.243923 8.405920
0.244684 8.409587
0.245445 8.413435
0.246206 8.417446
0.246967 8.421602
0.247728 8.425885
0.248489 8.430277
0.249250 8.434757
0.250011 8.439308
0.250772 8.443909
0.251532 8.448541
0.252293 8.453185
0.253054 8.457823
0.253815 8.462434
0.254576 8.467001
0.255337 8.471506
0.256098 8.475931
0.256859 8.480258
0.257620 8.484470
0.258381 8.488553
0.259142 8.492490
0.259903 8.496265
0.260664 8.499867
0.261425 8.503280
0.262186 8.506492
0.262946 8.509492
0.263707 8.512268
0.264468 8.514811
0.265229 8.517111
0.265990 8.519160
0.266751 8.520951
0.267512 8.522477
0.268273 8.523733
0.269034 8.524715
0.269795 8.525419
0.270556 8.525842
0.271317 8.525983

0.271317 8.525983
0.272393 8.526061
0.273469 8.526304
0.274545 8.526743
0.275621 8.527428
0.276697 8.528435
0.277773 8.529863
0.278849 8.531846
0.279926 8.534550
0.281002 8.538189
0.282078 8.543030
0.283154 8.549408
0.284230 8.557740
0.285306 8.568538
0.286382 8.582416
0.287459 8.600075
0.288535 8.622262
0.289611 8.649675
0.290687 8.682830
0.291763 8.721934
0.292839 8.766820
0.293915 8.816980
0.294991 8.871676
0.296067 8.930077
0.297144 8.991354
0.298220 9.054737
0.299296 9.119529
0.300372 9.185096
0.301448 9.250846
0.302524 9.316201
0.303600 9.380561
0.304676 9.443263
0.305752 9.503531
0.306829 9.560420
0.307905 9.612778
0.308981 9.659331
0.310057 9.699020
0.311133 9.731554
0.312209 9.757662
0.313285 9.778670
0.314361 9.795866
0.315438 9.810200
0.316514 9.822283
0.317590 9.832473
0.318666 9.840972
0.319742 9.847881
0.320818 9.853245
0.321894 9.857079
0.322970 9.859382
0.324047 9.860151


0.000000 9.982622
0.000761 9.982171
0.001522 9.980831
0.002283 9.978639
0.003044 9.975655
0.003805 9.971958
0.004566 9.967641
0.005326 9.955209
0.006087 9.926251
0.006848 9.895880
0.007609 9.864192
0.008370 9.831261
0.009131 9.797145
0.009892 9.761895
0.010653 9.725556
0.011414 9.688170
0.012175 9.677768
0.012936 9.670445
0.013697 9.662743
0.014458 9.654703
0.015219 9.646371
0.015980 9.637797
0.016740 9.629032
0.017501 9.620128
0.018262 9.611138
0.019023 9.602111
0.019784 9.593098
0.020545 9.584146
0.021306 9.575300
0.022067 9.566604
0.022828 9.558097
0.023589 9.549816
0.024350 9.541798
0.025111 9.534074
0.025872 9.526675
0.026633 9.519628
0.027394 9.512960
0.028154 9.506694
0.028915 9.500852
0.029676 9.495454
0.030437 9.490516
0.031198 9.486057
0.031959 9.482089
0.032720 9.478625
0.033481 9.475676
0.034242 9.473251
0.035003 9.471357
0.035764 9.470000
0.036525 9.469184
0.037286 9.468912

0.037286 9.468912
0.038046 9.463554
0.038808 9.448758
0.039568 9.426978
0.040329 9.400151
0.041090 9.369441
0.041851 9.335506
0.042612 9.298733
0.043373 9.259370
0.044134 9.217590
0.044895 9.173534
0.045656 9.127317
0.046417 9.079051
0.047178 9.028839
0.047939 8.976786
0.048700 8.922997
0.049460 8.867578
0.050221 8.810636
0.050982 8.752283
0.051743 8.692633
0.052504 8.631800
0.053265 8.569905
0.054026 8.507071
0.054787 8.484857
0.055548 8.491244
0.056309 8.497522
0.057070 8.503670
0.057831 8.509670
0.058592 8.515504
0.059353 8.521155
0.060114 8.526609
0.060874 8.531852
0.061635 8.536871
0.062396 8.541656
0.063157 8.546195
0.063918 8.550480
0.064679 8.554502
0.065440 8.558254
0.066201 8.561728
0.066962 8.564919
0.067723 8.567821
0.068484 8.570429
0.069245 8.572740
0.070006 8.574750
0.070767 8.576455
0.071527 8.577854
0.072288 8.578944
0.073049 8.579723
0.073810 8.580191
0.074571 8.580347

0.074571 8.580347
0.075647 8.580961
0.076724 8.582809
0.077800 8.585910
0.078876 8.590296
0.079952 8.596012
0.081028 8.603116
0.082104 8.611680
0.083180 8.621790
0.084256 8.633544
0.085332 8.647050
0.086408 8.662428
0.087485 8.679798
0.088561 8.699282
0.089637 8.720988
0.090713 8.745010
0.091789 8.771409
0.092865 8.800214
0.093941 8.831408
0.095018 8.864929
0.096094 8.900670
0.097170 8.938487
0.098246 8.978203
0.099322 9.019622
0.100398 9.062535
0.101474 9.106730
0.102550 9.151998
0.103626 9.198139
0.104703 9.244963
0.105779 9.303654
0.106855 9.379536
0.107931 9.452339
0.109007 9.521595
0.110083 9.586779
0.111159 9.647333
0.112235 9.695424
0.113311 9.697428
0.114388 9.699924
0.115464 9.715990
0.116540 9.760345
0.117616 9.803662
0.118692 9.845784
0.119768 9.886534
0.120844 9.925700
0.121920 9.958583
0.122997 9.967580
0.124073 9.974306
0.125149 9.978971
0.126225 9.981716
0.127301 9.982622

0.127301 9.982622
0.128718 9.982560
0.130135 9.982374
0.131553 9.982064
0.132970 9.981630
0.134387 9.981074
0.135804 9.980394
0.137222 9.979593
0.138639 9.978670
0.140056 9.977627
0.141473 9.976465
0.142891 9.975184
0.144308 9.973787
0.145725 9.972274
0.147142 9.970646
0.148560 9.968906
0.149977 9.967055
0.151394 9.965095
0.152811 9.963027
0.154228 9.960854
0.155646 9.958578
0.157063 9.956201
0.158480 9.953725
0.159897 9.951152
0.161315 9.948486
0.162732 9.945728
0.164149 9.942881
0.165566 9.939948
0.166984 9.936932
0.168401 9.933836
0.169818 9.930663
0.171235 9.927415
0.172652 9.924096
0.174070 9.920710
0.175487 9.917258
0.176904 9.913746
0.178321 9.910175
0.179739 9.906551
0.181156 9.902875
0.182573 9.899152
0.183990 9.895386
0.185408 9.891580
0.186825 9.887737
0.188242 9.883862
0.189659 9.879959
0.191077 9.876031
0.192494 9.872082
0.193911 9.868117
0.195328 9.864138
0.196745 9.860151

0.196745 9.860151
0.197506 9.860128
0.198267 9.860062
0.199028 9.859953
0.199789 9.859804
0.200550 9.859616
0.201311 9.859394
0.202072 9.859141
0.202833 9.858861
0.203594 9.858558
0.204355 9.858236
0.205116 9.857900
0.205877 9.857553
0.206638 9.821604
0.207399 9.774381
0.208159 9.728701
0.208920 9.714547
0.209681 9.700220
0.210442 9.685784
0.211203 9.671302
0.211964 9.656831
0.212725 9.642424
0.213486 9.628130
0.214247 9.613995
0.215008 9.600064
0.215769 9.586375
0.216530 9.572968
0.217291 9.559878
0.218052 9.547138
0.218812 9.534781
0.219573 9.522837
0.220334 9.511335
0.221095 9.500300
0.221856 9.489759
0.222617 9.479735
0.223378 9.470250
0.224139 9.461327
0.224900 9.445822
0.225661 9.412688
0.226422 9.381216
0.227183 9.351641
0.227944 9.324209
0.228705 9.299174
0.229465 9.276795
0.230226 9.257325
0.230987 9.241007
0.231748 9.228059
0.232509 9.218666
0.233270 9.212971
0.234031 9.211063

0.234031 9.211063
0.234792 9.210174
0.235553 9.207507
0.236314 9.203058
0.237075 9.196820
0.237836 9.188786
0.238597 9.178952
0.239358 9.167312
0.240119 9.153870
0.240879 9.138635
0.241640 9.121628
0.242401 9.102886
0.243162 9.082464
0.243923 9.060440
0.244684 9.036919
0.245445 9.012036
0.246206 8.985959
0.246967 8.958887
0.247728 8.931057
0.248489 8.902736
0.249250 8.874216
0.250011 8.845810
0.250772 8.817835
0.251532 8.790603
0.252293 8.764403
0.253054 8.739485
0.253815 8.716050
0.254576 8.694240
0.255337 8.674134
0.256098 8.655756
0.256859 8.639080
0.257620 8.624042
0.258381 8.610550
0.259142 8.598496
0.259903 8.587765
0.260664 8.578243
0.261425 8.569818
0.262186 8.562388
0.262946 8.555859
0.263707 8.550147
0.264468 8.545178
0.265229 8.540887
0.265990 8.537221
0.266751 8.534131
0.267512 8.531578
0.268273 8.529531
0.269034 8.527965
0.269795 8.526860
0.270556 8.526202
0.271317 8.525983

0.271317 8.525983
0.272393 8.526061
0.273469 8.526304
0.274545 8.526743
0.275621 8.527428
0.276697 8.528435
0.277773 8.529863
0.278849 8.531846
0.279926 8.534550
0.281002 8.538189
0.282078 8.543030
0.283154 8.549408
0.284230 8.557740
0.285306 8.568538
0.286382 8.582416
0.287459 8.600075
0.288535 8.622262
0.289611 8.649675
0.290687 8.682830
0.291763 8.721934
0.292839 8.766820
0.293915 8.816980
0.294991 8.871676
0.296067 8.930077
0.297144 8.991354
0.298220 9.054737
0.299296 9.119529
0.300372 9.185096
0.301448 9.250846
0.302524 9.316201
0.303600 9.380561
0.304676 9.443263
0.305752 9.503531
0.306829 9.560420
0.307905 9.612778
0.308981 9.659331
0.310057 9.699020
0.311133 9.731554
0.312209 9.757662
0.313285 9.778670
0.314361 9.795866
0.315438 9.810200
0.316514 9.822283
0.317590 9.832473
0.318666 9.840972
0.319742 9.847881
0.320818 9.853245
0.321894 9.857079
0.322970 9.859382
0.324047 9.860151


0.000000 10.086301
0.000761 10.081955
0.001522 10.070063
0.002283 10.052799
0.003044 10.031867
0.003805 10.008285
0.004566 9.982622
0.005326 9.962806
0.006087 9.957560
0.006848 9.952012
0.007609 9.946266
0.008370 9.940424
0.009131 9.934574
0.009892 9.928798
0.010653 9.923165
0.011414 9.917731
0.012175 9.912539
0.012936 9.907621
0.013697 9.902997
0.014458 9.898679
0.015219 9.894668
0.015980 9.890960
0.016740 9.887544
0.017501 9.884409
0.018262 9.881538
0.019023 9.878914
0.019784 9.876521
0.020545 9.874340
0.021306 9.862754
0.022067 9.839424
0.022828 9.817102
0.023589 9.795831
0.024350 9.775648
0.025111 9.756583
0.025872 9.738656
0.026633 9.721885
0.027394 9.706280
0.028154 9.691847
0.028915 9.678590
0.029676 9.666508
0.030437 9.655600
0.031198 9.645860
0.031959 9.637284
0.032720 9.629867
0.033481 9.623603
0.034242 9.618486
0.035003 9.614512
0.035764 9.611677
0.036525 9.609976
0.037286 9.609410

0.037286 9.609410
0.038046 9.612787
0.038808 9.621652
0.039568 9.633588
0.040329 9.646719
0.041090 9.659962
0.041851 9.672761
0.042612 9.684846
0.043373 9.696099
0.044134 9.706488
0.044895 9.716024
0.045656 9.724744
0.046417 9.732697
0.047178 9.739939
0.047939 9.746525
0.048700 9.752512
0.049460 9.757954
0.050221 9.762900
0.050982 9.767397
0.051743 9.771486
0.052504 9.775208
0.053265 9.778597
0.054026 9.781685
0.054787 9.784499
0.055548 9.787067
0.056309 9.789409
0.057070 9.791548
0.057831 9.793502
0.058592 9.795286
0.059353 9.796915
0.060114 9.798403
0.060874 9.799761
0.061635 9.800999
0.062396 9.802127
0.063157 9.803152
0.063918 9.804083
0.064679 9.804926
0.065440 9.805686
0.066201 9.806368
0.066962 9.798270
0.067723 9.778330
0.068484 9.760196
0.069245 9.743956
0.070006 9.729695
0.070767 9.717487
0.071527 9.707401
0.072288 9.699493
0.073049 9.693811
0.073810 9.690387
0.074571 9.689244

0.074571 9.689244
0.075647 9.691526
0.076724 9.698309
0.077800 9.709404
0.078876 9.724516
0.079952 9.743267
0.081028 9.765222
0.082104 9.789912
0.083180 9.793011
0.084256 9.788858
0.085332 9.784352
0.086408 9.779533
0.087485 9.774447
0.088561 9.769139
0.089637 9.763658
0.090713 9.758054
0.091789 9.752379
0.092865 9.746683
0.093941 9.741020
0.095018 9.735443
0.096094 9.730004
0.097170 9.724755
0.098246 9.719749
0.099322 9.715034
0.100398 9.710659
0.101474 9.706672
0.102550 9.703115
0.103626 9.700029
0.104703 9.697451
0.105779 9.695412
0.106855 9.693938
0.107931 9.693049
0.109007 9.692756
0.110083 9.693061
0.111159 9.693957
0.112235 9.702701
0.113311 9.752407
0.114388 9.796149
0.115464 9.833883
0.116540 9.865848
0.117616 9.892525
0.118692 9.914529
0.119768 9.932498
0.120844 9.947018
0.121920 9.963003
0.122997 9.998034
0.124073 10.030098
0.125149 10.057827
0.126225 10.078300
0.127301 10.086301

0.127301 10.086301
0.128718 10.086335
0.130135 10.086436
0.131553 10.086606
0.132970 10.086841
0.134387 10.087142
0.135804 10.087506
0.137222 10.087931
0.138639 10.088416
0.140056 10.088958
0.141473 10.089553
0.142891 10.090199
0.144308 10.090892
0.145725 10.091629
0.147142 10.092406
0.148560 10.093219
0.149977 10.094064
0.151394 10.094936
0.152811 10.095832
0.154228 10.096747
0.155646 10.097677
0.157063 10.098617
0.158480 10.099563
0.159897 10.100510
0.161315 10.101456
0.162732 10.102395
0.164149 10.103324
0.165566 10.104238
0.166984 10.105135
0.168401 10.106011
0.169818 10.106863
0.171235 10.107687
0.172652 10.108480
0.174070 10.109241
0.175487 10.109967
0.176904 10.110655
0.178321 10.111303
0.179739 10.111910
0.181156 10.112474
0.182573 10.112993
0.183990 10.113466
0.185408 10.113892
0.186825 10.114271
0.188242 10.114600
0.189659 10.114880
0.191077 10.115110
0.192494 10.115290
0.193911 10.115418
0.195328 10.115495
0.196745 10.115521

0.196745 10.115521
0.197506 10.113915
0.198267 10.109080
0.199028 10.100957
0.199789 10.089460
0.200550 10.074480
0.201311 10.055901
0.202072 10.033617
0.202833 10.007553
0.203594 9.977675
0.204355 9.944014
0.205116 9.906664
0.205877 9.865787
0.206638 9.857200
0.207399 9.856842
0.208159 9.856484
0.208920 9.856127
0.209681 9.855775
0.210442 9.855429
0.211203 9.855091
0.211964 9.854762
0.212725 9.854443
0.213486 9.854135
0.214247 9.853839
0.215008 9.853555
0.215769 9.853284
0.216530 9.853026
0.217291 9.826929
0.218052 9.787079
0.218812 9.747262
0.219573 9.707597
0.220334 9.668207
0.221095 9.629227
0.221856 9.590797
0.222617 9.553071
0.223378 9.516213
0.224139 9.480399
0.224900 9.452984
0.225661 9.445240
0.226422 9.438112
0.227183 9.431616
0.227944 9.425764
0.228705 9.420571
0.229465 9.416047
0.230226 9.412203
0.230987 9.409046
0.231748 9.406583
0.232509 9.404820
0.233270 9.403761
0.234031 9.403408

0.234031 9.403408
0.234792 9.403586
0.235553 9.404119
0.236314 9.405007
0.237075 9.406249
0.237836 9.407843
0.238597 9.409786
0.239358 9.412076
0.240119 9.414710
0.240879 9.417685
0.241640 9.420997
0.242401 9.424642
0.243162 9.428617
0.243923 9.432916
0.244684 9.437536
0.245445 9.442473
0.246206 9.447721
0.246967 9.453276
0.247728 9.459134
0.248489 9.465290
0.249250 9.471739
0.250011 9.478475
0.250772 9.485494
0.251532 9.492790
0.252293 9.500356
0.253054 9.508186
0.253815 9.516272
0.254576 9.524603
0.255337 9.533171
0.256098 9.541961
0.256859 9.550960
0.257620 9.560148
0.258381 9.569505
0.259142 9.579003
0.259903 9.588611
0.260664 9.598290
0.261425 9.607993
0.262186 9.617666
0.262946 9.627240
0.263707 9.636637
0.264468 9.645764
0.265229 9.654511
0.265990 9.662754
0.266751 9.670355
0.267512 9.677163
0.268273 9.683023
0.269034 9.687779
0.269795 9.691293
0.270556 9.693451
0.271317 9.694179

0.271317 9.694179
0.272393 9.693593
0.273469 9.691875
0.274545 9.689144
0.275621 9.685580
0.276697 9.681401
0.277773 9.676841
0.278849 9.672134
0.279926 9.667498
0.281002 9.663127
0.282078 9.659191
0.283154 9.655829
0.284230 9.653157
0.285306 9.651262
0.286382 9.650214
0.287459 9.650059
0.288535 9.650828
0.289611 9.652540
0.290687 9.655198
0.291763 9.658798
0.292839 9.663328
0.293915 9.668769
0.294991 9.675099
0.296067 9.682294
0.297144 9.690329
0.298220 9.699184
0.299296 9.708844
0.300372 9.719306
0.301448 9.730584
0.302524 9.742723
0.303600 9.755812
0.304676 9.770010
0.305752 9.785583
0.306829 9.802949
0.307905 9.822705
0.308981 9.845543
0.310057 9.871919
0.311133 9.901514
0.312209 9.933016
0.313285 9.964586
0.314361 9.994539
0.315438 10.021685
0.316514 10.045355
0.317590 10.065296
0.318666 10.081542
0.319742 10.094292
0.320818 10.103822
0.321894 10.110401
0.322970 10.114253
0.324047 10.115521


0.000000 10.086301
0.000761 10.086689
0.001522 10.087854
0.002283 10.089791
0.003044 10.092492
0.003805 10.095949
0.004566 10.100150
0.005326 10.105079
0.006087 10.110720
0.006848 10.117055
0.007609 10.124062
0.008370 10.131719
0.009131 10.140000
0.009892 10.148882
0.010653 10.158336
0.011414 10.168334
0.012175 10.178847
0.012936 10.163251
0.013697 10.134628
0.014458 10.105859
0.015219 10.077099
0.015980 10.048495
0.016740 10.020182
0.017501 9.992286
0.018262 9.964924
0.019023 9.938201
0.019784 9.912211
0.020545 9.887038
0.021306 9.872354
0.022067 9.870549
0.022828 9.868909
0.023589 9.867420
0.024350 9.866070
0.025111 9.864847
0.025872 9.863741
0.026633 9.862743
0.027394 9.861845
0.028154 9.861039
0.028915 9.860318
0.029676 9.859678
0.030437 9.859112
0.031198 9.858617
0.031959 9.858188
0.032720 9.857823
0.033481 9.857518
0.034242 9.857272
0.035003 9.857082
0.035764 9.856948
0.036525 9.856867
0.037286 9.856840

0.037286 9.856840
0.038046 9.856791
0.038808 9.856642
0.039568 9.856394
0.040329 9.856049
0.041090 9.855609
0.041851 9.855074
0.042612 9.854447
0.043373 9.853732
0.044134 9.852931
0.044895 9.852048
0.045656 9.851087
0.046417 9.850051
0.047178 9.848946
0.047939 9.847776
0.048700 9.846546
0.049460 9.845262
0.050221 9.843929
0.050982 9.842553
0.051743 9.841139
0.052504 9.839694
0.053265 9.838223
0.054026 9.836733
0.054787 9.835230
0.055548 9.833721
0.056309 9.832210
0.057070 9.830706
0.057831 9.829213
0.058592 9.827738
0.059353 9.826287
0.060114 9.824866
0.060874 9.823480
0.061635 9.822134
0.062396 9.820835
0.063157 9.819587
0.063918 9.818396
0.064679 9.817265
0.065440 9.816200
0.066201 9.815204
0.066962 9.806978
0.067723 9.807518
0.068484 9.807993
0.069245 9.808406
0.070006 9.808758
0.070767 9.809053
0.071527 9.809292
0.072288 9.809476
0.073049 9.809607
0.073810 9.809685
0.074571 9.809711

0.074571 9.809711
0.075647 9.809437
0.076724 9.808617
0.077800 9.807258
0.078876 9.805374
0.079952 9.802983
0.081028 9.800106
0.082104 9.796772
0.083180 9.816851
0.084256 9.834842
0.085332 9.840587
0.086408 9.846871
0.087485 9.853680
0.088561 9.860993
0.089637 9.868792
0.090713 9.877058
0.091789 9.885773
0.092865 9.894918
0.093941 9.904476
0.095018 9.914431
0.096094 9.924772
0.097170 9.935488
0.098246 9.946575
0.099322 9.958035
0.100398 9.969879
0.101474 9.982126
0.102550 9.994812
0.103626 10.007990
0.104703 10.021735
0.105779 10.036151
0.106855 10.051380
0.107931 10.067603
0.109007 10.085049
0.110083 10.103988
0.111159 10.124717
0.112235 10.132321
0.113311 10.126949
0.114388 10.121693
0.115464 10.116621
0.116540 10.111794
0.117616 10.107268
0.118692 10.103092
0.119768 10.099307
0.120844 10.095953
0.121920 10.093060
0.122997 10.090656
0.124073 10.088763
0.125149 10.087399
0.126225 10.086576
0.127301 10.086301

0.127301 10.086301
0.128718 10.086335
0.130135 10.086436
0.131553 10.086606
0.132970 10.086841
0.134387 10.087142
0.135804 10.087506
0.137222 10.087931
0.138639 10.088416
0.140056 10.088958
0.141473 10.089553
0.142891 10.090199
0.144308 10.090892
0.145725 10.091629
0.147142 10.092406
0.148560 10.093219
0.149977 10.094064
0.151394 10.094936
0.152811 10.095832
0.154228 10.096747
0.155646 10.097677
0.157063 10.098617
0.158480 10.099563
0.159897 10.100510
0.161315 10.101456
0.162732 10.102395
0.164149 10.103324
0.165566 10.104238
0.166984 10.105135
0.168401 10.106011
0.169818 10.106863
0.171235 10.107687
0.172652 10.108480
0.174070 10.109241
0.175487 10.109967
0.176904 10.110655
0.178321 10.111303
0.179739 10.111910
0.181156 10.112474
0.182573 10.112993
0.183990 10.113466
0.185408 10.113892
0.186825 10.114271
0.188242 10.114600
0.189659 10.114880
0.191077 10.115110
0.192494 10.115290
0.193911 10.115418
0.195328 10.115495
0.196745 10.115521

0.196745 10.115521
0.197506 10.115861
0.198267 10.116880
0.199028 10.118575
0.199789 10.120939
0.200550 10.123962
0.201311 10.127634
0.202072 10.131943
0.202833 10.136872
0.203594 10.142405
0.204355 10.148525
0.205116 10.155212
0.205877 10.162448
0.206638 10.170209
0.207399 10.178476
0.208159 10.187226
0.208920 10.196437
0.209681 10.203848
0.210442 10.169453
0.211203 10.134053
0.211964 10.097753
0.212725 10.060654
0.213486 10.022856
0.214247 9.984461
0.215008 9.945569
0.215769 9.906281
0.216530 9.866699
0.217291 9.852781
0.218052 9.852548
0.218812 9.852329
0.219573 9.852122
0.220334 9.851927
0.221095 9.851745
0.221856 9.851575
0.222617 9.851417
0.223378 9.851270
0.224139 9.851135
0.224900 9.851011
0.225661 9.850898
0.226422 9.850795
0.227183 9.850703
0.227944 9.850621
0.228705 9.850549
0.229465 9.850487
0.230226 9.850435
0.230987 9.850393
0.231748 9.850360
0.232509 9.850336
0.233270 9.850322
0.234031 9.850317

0.234031 9.850317
0.234792 9.850132
0.235553 9.849578
0.236314 9.848659
0.237075 9.847380
0.237836 9.845748
0.238597 9.843774
0.239358 9.841469
0.240119 9.838847
0.240879 9.835924
0.241640 9.832715
0.242401 9.829238
0.243162 9.825514
0.243923 9.821563
0.244684 9.817404
0.245445 9.813061
0.246206 9.808554
0.246967 9.803907
0.247728 9.799143
0.248489 9.794283
0.249250 9.789350
0.250011 9.784367
0.250772 9.779355
0.251532 9.774336
0.252293 9.769330
0.253054 9.764359
0.253815 9.759441
0.254576 9.754595
0.255337 9.749841
0.256098 9.745194
0.256859 9.740672
0.257620 9.736290
0.258381 9.732063
0.259142 9.728005
0.259903 9.724130
0.260664 9.720448
0.261425 9.716973
0.262186 9.713714
0.262946 9.710680
0.263707 9.707882
0.264468 9.705326
0.265229 9.703020
0.265990 9.700970
0.266751 9.699183
0.267512 9.697662
0.268273 9.696413
0.269034 9.695437
0.269795 9.694739
0.270556 9.694319
0.271317 9.694179

0.271317 9.694179
0.272393 9.693593
0.273469 9.691875
0.274545 9.689144
0.275621 9.685580
0.276697 9.681401
0.277773 9.676841
0.278849 9.672134
0.279926 9.667498
0.281002 9.663127
0.282078 9.659191
0.283154 9.655829
0.284230 9.653157
0.285306 9.651262
0.286382 9.650214
0.287459 9.650059
0.288535 9.650828
0.289611 9.652540
0.290687 9.655198
0.291763 9.658798
0.292839 9.663328
0.293915 9.668769
0.294991 9.675099
0.296067 9.682294
0.297144 9.690329
0.298220 9.699184
0.299296 9.708844
0.300372 9.719306
0.301448 9.730584
0.302524 9.742723
0.303600 9.755812
0.304676 9.770010
0.305752 9.785583
0.306829 9.802949
0.307905 9.822705
0.308981 9.845543
0.310057 9.871919
0.311133 9.901514
0.312209 9.933016
0.313285 9.964586
0.314361 9.994539
0.315438 10.021685
0.316514 10.045355
0.317590 10.065296
0.318666 10.081542
0.319742 10.094292
0.320818 10.103822
0.321894 10.110401
0.322970 10.114253
0.324047 10.115521


0.000000 10.204875
0.000761 10.208046
0.001522 10.216418
0.002283 10.227833
0.003044 10.240610
0.003805 10.253768
0.004566 10.266778
0.005326 10.279360
0.006087 10.291366
0.006848 10.302725
0.007609 10.313407
0.008370 10.322464
0.009131 10.298304
0.009892 10.272954
0.010653 10.246595
0.011414 10.219406
0.012175 10.191567
0.012936 10.189845
0.013697 10.201298
0.014458 10.213173
0.015219 10.225439
0.015980 10.238064
0.016740 10.251014
0.017501 10.264256
0.018262 10.277755
0.019023 10.291477
0.019784 10.305386
0.020545 10.319446
0.021306 10.333619
0.022067 10.347867
0.022828 10.362149
0.023589 10.376421
0.024350 10.390640
0.025111 10.404757
0.025872 10.418719
0.026633 10.429158
0.027394 10.430481
0.028154 10.431679
0.028915 10.432759
0.029676 10.433727
0.030437 10.434588
0.031198 10.435347
0.031959 10.436007
0.032720 10.436573
0.033481 10.437047
0.034242 10.437431
0.035003 10.437728
0.035764 10.437939
0.036525 10.438066
0.037286 10.438108

0.037286 10.438108
0.038046 10.438208
0.038808 10.438507
0.039568 10.439004
0.040329 10.439698
0.041090 10.440584
0.041851 10.441659
0.042612 10.442918
0.043373 10.444355
0.044134 10.445964
0.044895 10.447736
0.045656 10.449664
0.046417 10.451739
0.047178 10.453949
0.047939 10.456284
0.048700 10.458732
0.049460 10.461280
0.050221 10.463914
0.050982 10.462368
0.051743 10.426820
0.052504 10.391063
0.053265 10.355199
0.054026 10.319323
0.054787 10.283529
0.055548 10.247909
0.056309 10.212557
0.057070 10.177563
0.057831 10.143020
0.058592 10.109020
0.059353 10.075655
0.060114 10.043021
0.060874 10.011214
0.061635 9.980328
0.062396 9.950463
0.063157 9.921717
0.063918 9.894190
0.064679 9.867982
0.065440 9.843193
0.066201 9.819923
0.066962 9.814281
0.067723 9.813436
0.068484 9.812670
0.069245 9.811988
0.070006 9.811391
0.070767 9.810882
0.071527 9.810462
0.072288 9.810135
0.073049 9.809900
0.073810 9.809759
0.074571 9.809711

0.074571 9.809711
0.075647 9.810028
0.076724 9.810978
0.077800 9.812557
0.078876 9.814760
0.079952 9.817582
0.081028 9.821012
0.082104 9.825041
0.083180 9.829655
0.084256 9.845543
0.085332 9.875495
0.086408 9.906209
0.087485 9.937182
0.088561 9.967903
0.089637 9.997850
0.090713 10.026495
0.091789 10.053316
0.092865 10.077824
0.093941 10.099601
0.095018 10.118340
0.096094 10.133888
0.097170 10.146250
0.098246 10.155580
0.099322 10.162143
0.100398 10.166266
0.101474 10.168295
0.102550 10.168569
0.103626 10.167397
0.104703 10.165055
0.105779 10.161782
0.106855 10.157784
0.107931 10.153238
0.109007 10.148295
0.110083 10.143088
0.111159 10.137730
0.112235 10.147512
0.113311 10.172559
0.114388 10.199860
0.115464 10.229149
0.116540 10.259862
0.117616 10.291196
0.118692 10.322211
0.119768 10.318706
0.120844 10.301486
0.121920 10.283214
0.122997 10.264086
0.124073 10.244607
0.125149 10.225987
0.126225 10.211029
0.127301 10.204875

0.127301 10.204875
0.128718 10.205658
0.130135 10.208002
0.131553 10.211901
0.132970 10.217341
0.134387 10.224305
0.135804 10.232771
0.137222 10.242711
0.138639 10.254098
0.140056 10.266896
0.141473 10.281071
0.142891 10.296583
0.144308 10.313393
0.145725 10.331459
0.147142 10.350740
0.148560 10.371191
0.149977 10.392771
0.151394 10.415436
0.152811 10.439144
0.154228 10.463853
0.155646 10.482984
0.157063 10.484820
0.158480 10.486724
0.159897 10.488688
0.161315 10.490708
0.162732 10.492777
0.164149 10.494887
0.165566 10.497031
0.166984 10.499200
0.168401 10.501384
0.169818 10.503575
0.171235 10.505760
0.172652 10.507929
0.174070 10.510070
0.175487 10.512171
0.176904 10.514219
0.178321 10.516202
0.179739 10.518105
0.181156 10.519917
0.182573 10.521624
0.183990 10.523214
0.185408 10.524674
0.186825 10.525993
0.188242 10.527160
0.189659 10.528165
0.191077 10.528999
0.192494 10.529656
0.193911 10.530130
0.195328 10.530415
0.196745 10.530511

0.196745 10.530511
0.197506 10.529213
0.198267 10.525329
0.199028 10.518885
0.199789 10.509924
0.200550 10.498504
0.201311 10.484697
0.202072 10.468588
0.202833 10.450271
0.203594 10.429845
0.204355 10.407419
0.205116 10.383103
0.205877 10.357009
0.206638 10.329253
0.207399 10.299946
0.208159 10.269203
0.208920 10.237134
0.209681 10.206086
0.210442 10.216150
0.211203 10.226606
0.211964 10.237430
0.212725 10.248599
0.213486 10.260088
0.214247 10.271875
0.215008 10.283935
0.215769 10.296244
0.216530 10.308777
0.217291 10.321509
0.218052 10.334416
0.218812 10.347470
0.219573 10.360646
0.220334 10.373914
0.221095 10.387247
0.221856 10.400612
0.222617 10.413975
0.223378 10.427299
0.224139 10.440543
0.224900 10.453657
0.225661 10.466588
0.226422 10.479267
0.227183 10.491616
0.227944 10.503535
0.228705 10.514900
0.229465 10.525556
0.230226 10.535308
0.230987 10.543917
0.231748 10.551098
0.232509 10.556544
0.233270 10.559960
0.234031 10.561125

0.234031 10.561125
0.234792 10.561114
0.235553 10.561081
0.236314 10.561027
0.237075 10.560952
0.237836 10.560857
0.238597 10.560742
0.239358 10.560610
0.240119 10.560461
0.240879 10.560297
0.241640 10.560119
0.242401 10.559929
0.243162 10.559728
0.243923 10.541659
0.244684 10.518220
0.245445 10.494932
0.246206 10.471990
0.246967 10.449562
0.247728 10.427789
0.248489 10.406782
0.249250 10.386629
0.250011 10.367395
0.250772 10.349122
0.251532 10.331834
0.252293 10.315539
0.253054 10.300234
0.253815 10.285901
0.254576 10.272519
0.255337 10.260056
0.256098 10.248479
0.256859 10.237752
0.257620 10.227835
0.258381 10.218692
0.259142 10.210283
0.259903 10.202573
0.260664 10.195525
0.261425 10.189106
0.262186 10.183286
0.262946 10.178035
0.263707 10.173327
0.264468 10.169138
0.265229 10.165447
0.265990 10.162234
0.266751 10.159482
0.267512 10.157178
0.268273 10.155309
0.269034 10.153865
0.269795 10.152840
0.270556 10.152226
0.271317 10.152022

0.271317 10.152022
0.272393 10.153513
0.273469 10.157936
0.274545 10.165146
0.275621 10.174921
0.276697 10.186980
0.277773 10.201009
0.278849 10.216670
0.279926 10.233622
0.281002 10.251519
0.282078 10.270015
0.283154 10.288765
0.284230 10.307420
0.285306 10.325629
0.286382 10.343045
0.287459 10.359336
0.288535 10.374208
0.289611 10.387436
0.290687 10.398890
0.291763 10.408550
0.292839 10.416504
0.293915 10.422918
0.294991 10.428008
0.296067 10.432000
0.297144 10.435119
0.298220 10.437569
0.299296 10.439534
0.300372 10.441178
0.301448 10.442651
0.302524 10.444089
0.303600 10.445624
0.304676 10.447381
0.305752 10.449483
0.306829 10.452053
0.307905 10.455204
0.308981 10.459040
0.310057 10.463636
0.311133 10.469025
0.312209 10.475176
0.313285 10.481973
0.314361 10.489211
0.315438 10.496603
0.316514 10.503822
0.317590 10.510546
0.318666 10.516506
0.319742 10.521509
0.320818 10.525444
0.321894 10.528261
0.322970 10.529949
0.324047 10.530511


0.000000 10.464306
0.000761 10.463022
0.001522 10.459183
0.002283 10.452824
0.003044 10.444004
0.003805 10.432805
0.004566 10.419328
0.005326 10.403693
0.006087 10.386034
0.006848 10.366501
0.007609 10.345255
0.008370 10.323410
0.009131 10.332745
0.009892 10.341436
0.010653 10.349511
0.011414 10.357002
0.012175 10.363943
0.012936 10.370368
0.013697 10.376311
0.014458 10.381804
0.015219 10.386880
0.015980 10.391569
0.016740 10.395897
0.017501 10.399893
0.018262 10.403581
0.019023 10.406983
0.019784 10.410120
0.020545 10.413012
0.021306 10.415677
0.022067 10.418130
0.022828 10.420387
0.023589 10.422461
0.024350 10.424365
0.025111 10.426109
0.025872 10.427704
0.026633 10.432470
0.027394 10.445948
0.028154 10.459085
0.028915 10.471803
0.029676 10.484018
0.030437 10.495635
0.031198 10.506549
0.031959 10.516642
0.032720 10.525788
0.033481 10.533854
0.034242 10.540701
0.035003 10.546198
0.035764 10.550223
0.036525 10.552680
0.037286 10.553507

0.037286 10.553507
0.038046 10.553517
0.038808 10.553547
0.039568 10.553597
0.040329 10.553669
0.041090 10.553761
0.041851 10.553875
0.042612 10.554012
0.043373 10.554172
0.044134 10.554358
0.044895 10.554569
0.045656 10.554808
0.046417 10.555076
0.047178 10.555376
0.047939 10.555710
0.048700 10.556079
0.049460 10.532424
0.050221 10.497606
0.050982 10.466619
0.051743 10.469381
0.052504 10.472184
0.053265 10.475011
0.054026 10.477844
0.054787 10.480668
0.055548 10.483464
0.056309 10.486216
0.057070 10.488906
0.057831 10.491520
0.058592 10.494043
0.059353 10.496461
0.060114 10.498762
0.060874 10.500938
0.061635 10.502981
0.062396 10.504885
0.063157 10.506649
0.063918 10.508272
0.064679 10.509754
0.065440 10.511098
0.066201 10.512309
0.066962 10.513390
0.067723 10.514348
0.068484 10.515187
0.069245 10.515912
0.070006 10.516530
0.070767 10.517044
0.071527 10.517459
0.072288 10.517778
0.073049 10.518004
0.073810 10.518139
0.074571 10.518183

0.074571 10.518183
0.075647 10.518094
0.076724 10.517833
0.077800 10.517418
0.078876 10.516880
0.079952 10.516263
0.081028 10.515627
0.082104 10.515050
0.083180 10.514628
0.084256 10.514483
0.085332 10.514764
0.086408 10.515651
0.087485 10.517360
0.088561 10.520146
0.089637 10.524305
0.090713 10.530161
0.091789 10.538057
0.092865 10.543181
0.093941 10.538074
0.095018 10.532725
0.096094 10.527139
0.097170 10.521319
0.098246 10.515268
0.099322 10.508985
0.100398 10.502470
0.101474 10.495719
0.102550 10.488724
0.103626 10.481476
0.104703 10.473962
0.105779 10.466161
0.106855 10.458052
0.107931 10.449605
0.109007 10.440784
0.110083 10.431545
0.111159 10.421837
0.112235 10.411601
0.113311 10.400769
0.114388 10.389265
0.115464 10.377005
0.116540 10.363903
0.117616 10.349870
0.118692 10.334826
0.119768 10.351947
0.120844 10.379508
0.121920 10.404113
0.122997 10.425106
0.124073 10.441962
0.125149 10.454283
0.126225 10.461786
0.127301 10.464306

0.127301 10.464306
0.128718 10.464354
0.130135 10.464496
0.131553 10.464734
0.132970 10.465068
0.134387 10.465496
0.135804 10.466019
0.137222 10.466637
0.138639 10.467350
0.140056 10.468157
0.141473 10.469058
0.142891 10.470052
0.144308 10.471139
0.145725 10.472317
0.147142 10.473586
0.148560 10.474944
0.149977 10.476388
0.151394 10.477917
0.152811 10.479528
0.154228 10.481218
0.155646 10.482984
0.157063 10.484820
0.158480 10.486724
0.159897 10.488688
0.161315 10.490708
0.162732 10.492777
0.164149 10.494887
0.165566 10.497031
0.166984 10.499200
0.168401 10.501384
0.169818 10.503575
0.171235 10.505760
0.172652 10.507929
0.174070 10.510070
0.175487 10.512171
0.176904 10.514219
0.178321 10.516202
0.179739 10.518105
0.181156 10.519917
0.182573 10.521624
0.183990 10.523214
0.185408 10.524674
0.186825 10.525993
0.188242 10.527160
0.189659 10.528165
0.191077 10.528999
0.192494 10.529656
0.193911 10.530130
0.195328 10.530415
0.196745 10.530511

0.196745 10.530511
0.197506 10.531247
0.198267 10.533442
0.199028 10.537060
0.199789 10.542044
0.200550 10.548316
0.201311 10.555787
0.202072 10.564356
0.202833 10.573918
0.203594 10.584364
0.204355 10.595587
0.205116 10.607483
0.205877 10.619952
0.206638 10.632899
0.207399 10.646235
0.208159 10.659878
0.208920 10.673750
0.209681 10.682523
0.210442 10.670786
0.211203 10.660372
0.211964 10.651129
0.212725 10.642919
0.213486 10.635619
0.214247 10.629118
0.215008 10.623319
0.215769 10.618139
0.216530 10.613505
0.217291 10.609352
0.218052 10.605626
0.218812 10.602279
0.219573 10.599270
0.220334 10.596563
0.221095 10.594127
0.221856 10.591935
0.222617 10.589964
0.223378 10.588193
0.224139 10.586606
0.224900 10.585187
0.225661 10.583922
0.226422 10.582800
0.227183 10.581811
0.227944 10.580947
0.228705 10.580200
0.229465 10.579565
0.230226 10.579035
0.230987 10.578608
0.231748 10.578278
0.232509 10.578045
0.233270 10.577906
0.234031 10.577860

0.234031 10.577860
0.234792 10.577836
0.235553 10.577766
0.236314 10.577649
0.237075 10.577487
0.237836 10.577279
0.238597 10.577026
0.239358 10.576730
0.240119 10.576391
0.240879 10.576011
0.241640 10.575590
0.242401 10.575132
0.243162 10.565026
0.243923 10.559519
0.244684 10.559303
0.245445 10.559080
0.246206 10.558854
0.246967 10.558625
0.247728 10.558395
0.248489 10.558164
0.249250 10.557935
0.250011 10.557708
0.250772 10.557484
0.251532 10.557264
0.252293 10.557049
0.253054 10.556839
0.253815 10.556636
0.254576 10.551834
0.255337 10.526052
0.256098 10.500277
0.256859 10.474600
0.257620 10.449115
0.258381 10.423913
0.259142 10.399089
0.259903 10.374741
0.260664 10.350970
0.261425 10.327882
0.262186 10.305586
0.262946 10.284204
0.263707 10.263861
0.264468 10.244695
0.265229 10.226856
0.265990 10.210504
0.266751 10.195809
0.267512 10.182951
0.268273 10.172109
0.269034 10.163457
0.269795 10.157149
0.270556 10.153311
0.271317 10.152022

0.271317 10.152022
0.272393 10.153513
0.273469 10.157936
0.274545 10.165146
0.275621 10.174921
0.276697 10.186980
0.277773 10.201009
0.278849 10.216670
0.279926 10.233622
0.281002 10.251519
0.282078 10.270015
0.283154 10.288765
0.284230 10.307420
0.285306 10.325629
0.286382 10.343045
0.287459 10.359336
0.288535 10.374208
0.289611 10.387436
0.290687 10.398890
0.291763 10.408550
0.292839 10.416504
0.293915 10.422918
0.294991 10.428008
0.296067 10.432000
0.297144 10.435119
0.298220 10.437569
0.299296 10.439534
0.300372 10.441178
0.301448 10.442651
0.302524 10.444089
0.303600 10.445624
0.304676 10.447381
0.305752 10.449483
0.306829 10.452053
0.307905 10.455204
0.308981 10.459040
0.310057 10.463636
0.311133 10.469025
0.312209 10.475176
0.313285 10.481973
0.314361 10.489211
0.315438 10.496603
0.316514 10.503822
0.317590 10.510546
0.318666 10.516506
0.319742 10.521509
0.320818 10.525444
0.321894 10.528261
0.322970 10.529949
0.324047 10.530511


0.000000 10.464306
0.000761 10.464930
0.001522 10.466792
0.002283 10.469857
0.003044 10.474075
0.003805 10.479376
0.004566 10.485681
0.005326 10.492900
0.006087 10.500941
0.006848 10.509711
0.007609 10.519115
0.008370 10.529066
0.009131 10.539477
0.009892 10.550271
0.010653 10.561371
0.011414 10.572709
0.012175 10.584223
0.012936 10.595853
0.013697 10.607545
0.014458 10.619251
0.015219 10.630923
0.015980 10.642521
0.016740 10.654005
0.017501 10.665339
0.018262 10.676489
0.019023 10.687425
0.019784 10.698117
0.020545 10.708537
0.021306 10.718661
0.022067 10.728464
0.022828 10.737925
0.023589 10.747021
0.024350 10.755735
0.025111 10.764046
0.025872 10.771939
0.026633 10.779397
0.027394 10.786404
0.028154 10.792948
0.028915 10.799015
0.029676 10.804595
0.030437 10.809675
0.031198 10.814246
0.031959 10.818300
0.032720 10.821829
0.033481 10.824826
0.034242 10.827286
0.035003 10.829204
0.035764 10.830576
0.036525 10.831401
0.037286 10.831676

0.037286 10.831676
0.038046 10.832070
0.038808 10.833245
0.039568 10.835180
0.040329 10.837839
0.041090 10.841175
0.041851 10.825569
0.042612 10.803638
0.043373 10.779421
0.044134 10.753204
0.044895 10.725247
0.045656 10.695784
0.046417 10.665022
0.047178 10.633147
0.047939 10.600324
0.048700 10.566705
0.049460 10.556487
0.050221 10.556937
0.050982 10.557431
0.051743 10.557973
0.052504 10.558566
0.053265 10.559213
0.054026 10.559919
0.054787 10.560686
0.055548 10.561518
0.056309 10.562417
0.057070 10.563384
0.057831 10.564420
0.058592 10.565526
0.059353 10.566698
0.060114 10.567932
0.060874 10.569224
0.061635 10.570565
0.062396 10.571945
0.063157 10.573353
0.063918 10.574773
0.064679 10.576193
0.065440 10.577595
0.066201 10.578962
0.066962 10.580278
0.067723 10.581527
0.068484 10.582692
0.069245 10.583758
0.070006 10.584711
0.070767 10.585540
0.071527 10.586233
0.072288 10.586781
0.073049 10.587178
0.073810 10.587418
0.074571 10.587498

0.074571 10.587498
0.075647 10.587337
0.076724 10.586855
0.077800 10.586052
0.078876 10.584931
0.079952 10.583493
0.081028 10.581743
0.082104 10.579682
0.083180 10.577316
0.084256 10.574649
0.085332 10.571687
0.086408 10.568435
0.087485 10.564899
0.088561 10.561085
0.089637 10.557000
0.090713 10.552651
0.091789 10.548042
0.092865 10.548320
0.093941 10.561224
0.095018 10.576942
0.096094 10.595513
0.097170 10.616818
0.098246 10.640604
0.099322 10.666513
0.100398 10.694130
0.101474 10.723025
0.102550 10.752783
0.103626 10.783021
0.104703 10.784696
0.105779 10.765828
0.106855 10.746468
0.107931 10.726705
0.109007 10.706639
0.110083 10.686380
0.111159 10.666048
0.112235 10.645776
0.113311 10.625706
0.114388 10.605994
0.115464 10.586807
0.116540 10.568322
0.117616 10.550727
0.118692 10.534219
0.119768 10.518999
0.120844 10.505272
0.121920 10.493238
0.122997 10.483086
0.124073 10.474989
0.125149 10.469093
0.126225 10.465509
0.127301 10.464306

0.127301 10.464306
0.128718 10.464354
0.130135 10.464496
0.131553 10.464734
0.132970 10.465068
0.134387 10.465496
0.135804 10.466019
0.137222 10.466637
0.138639 10.467350
0.140056 10.468157
0.141473 10.469058
0.142891 10.470052
0.144308 10.471139
0.145725 10.472317
0.147142 10.473586
0.148560 10.474944
0.149977 10.476388
0.151394 10.477917
0.152811 10.479528
0.154228 10.481218
0.155646 10.489523
0.157063 10.516113
0.158480 10.543586
0.159897 10.571903
0.161315 10.601029
0.162732 10.630928
0.164149 10.661567
0.165566 10.692914
0.166984 10.724938
0.168401 10.757609
0.169818 10.790898
0.171235 10.824779
0.172652 10.859224
0.174070 10.894210
0.175487 10.929711
0.176904 10.965705
0.178321 11.002168
0.179739 11.039080
0.181156 11.072351
0.182573 11.069432
0.183990 11.066732
0.185408 11.064267
0.186825 11.062052
0.188242 11.060102
0.189659 11.058429
0.191077 11.057044
0.192494 11.055957
0.193911 11.055175
0.195328 11.054704
0.196745 11.054547

0.196745 11.054547
0.197506 11.049709
0.198267 11.035933
0.199028 11.015047
0.199789 10.989213
0.200550 10.960388
0.201311 10.930139
0.202072 10.899655
0.202833 10.869811
0.203594 10.841237
0.204355 10.814360
0.205116 10.789447
0.205877 10.766627
0.206638 10.745927
0.207399 10.727293
0.208159 10.710613
0.208920 10.695743
0.209681 10.687780
0.210442 10.701903
0.211203 10.716057
0.211964 10.730185
0.212725 10.744237
0.213486 10.758162
0.214247 10.771917
0.215008 10.785458
0.215769 10.798747
0.216530 10.811747
0.217291 10.824424
0.218052 10.836745
0.218812 10.848681
0.219573 10.860204
0.220334 10.871286
0.221095 10.881904
0.221856 10.872403
0.222617 10.862283
0.223378 10.852041
0.224139 10.841710
0.224900 10.831328
0.225661 10.820943
0.226422 10.810613
0.227183 10.800411
0.227944 10.790430
0.228705 10.780788
0.229465 10.771636
0.230226 10.763164
0.230987 10.755608
0.231748 10.749247
0.232509 10.744390
0.233270 10.741328
0.234031 10.740281

0.234031 10.740281
0.234792 10.738761
0.235553 10.734233
0.236314 10.726790
0.237075 10.716578
0.237836 10.703796
0.238597 10.688683
0.239358 10.671506
0.240119 10.652555
0.240879 10.632133
0.241640 10.610540
0.242401 10.588076
0.243162 10.574637
0.243923 10.574107
0.244684 10.573544
0.245445 10.572951
0.246206 10.572329
0.246967 10.571682
0.247728 10.571011
0.248489 10.570320
0.249250 10.569610
0.250011 10.568885
0.250772 10.568148
0.251532 10.567402
0.252293 10.566649
0.253054 10.565893
0.253815 10.565137
0.254576 10.556439
0.255337 10.556250
0.256098 10.556068
0.256859 10.555894
0.257620 10.555728
0.258381 10.555570
0.259142 10.555421
0.259903 10.555281
0.260664 10.555150
0.261425 10.555027
0.262186 10.554914
0.262946 10.554809
0.263707 10.554714
0.264468 10.554628
0.265229 10.554551
0.265990 10.554483
0.266751 10.554424
0.267512 10.554374
0.268273 10.554333
0.269034 10.554301
0.269795 10.554279
0.270556 10.554265
0.271317 10.554261

0.271317 10.554261
0.272393 10.554290
0.273469 10.554384
0.274545 10.554550
0.275621 10.554806
0.276697 10.555177
0.277773 10.555696
0.278849 10.556408
0.279926 10.557370
0.281002 10.558652
0.282078 10.560343
0.283154 10.562550
0.284230 10.565402
0.285306 10.569044
0.286382 10.573637
0.287459 10.579336
0.288535 10.586273
0.289611 10.594525
0.290687 10.604086
0.291763 10.614850
0.292839 10.626620
0.293915 10.639136
0.294991 10.652107
0.296067 10.665248
0.297144 10.678306
0.298220 10.691071
0.299296 10.703383
0.300372 10.715139
0.301448 10.726288
0.302524 10.736831
0.303600 10.746824
0.304676 10.756374
0.305752 10.765638
0.306829 10.774831
0.307905 10.784218
0.308981 10.794120
0.310057 10.804906
0.311133 10.816987
0.312209 10.830790
0.313285 10.846723
0.314361 10.865114
0.315438 10.886131
0.316514 10.909697
0.317590 10.935394
0.318666 10.962393
0.319742 10.989383
0.320818 11.014522
0.321894 11.035454
0.322970 11.049545
0.324047 11.054547


0.000000 11.182341
0.000761 11.182161
0.001522 11.181620
0.002283 11.180719
0.003044 11.179459
0.003805 11.177840
0.004566 11.175863
0.005326 11.173530
0.006087 11.170842
0.006848 11.167801
0.007609 11.164409
0.008370 11.160669
0.009131 11.156584
0.009892 11.152156
0.010653 11.147389
0.011414 11.142288
0.012175 11.136857
0.012936 11.131100
0.013697 11.125024
0.014458 11.118635
0.015219 11.111939
0.015980 11.104944
0.016740 11.097660
0.017501 11.090095
0.018262 11.082260
0.019023 11.074167
0.019784 11.065830
0.020545 11.057263
0.021306 11.048484
0.022067 11.039512
0.022828 11.030368
0.023589 11.021077
0.024350 11.011668
0.025111 11.002171
0.025872 10.992625
0.026633 10.983071
0.027394 10.973558
0.028154 10.964143
0.028915 10.954890
0.029676 10.945874
0.030437 10.937180
0.031198 10.928905
0.031959 10.921158
0.032720 10.914059
0.033481 10.907736
0.034242 10.902321
0.035003 10.897942
0.035764 10.894718
0.036525 10.892742
0.037286 10.892076

0.037286 10.892076
0.038046 10.890090
0.038808 10.884185
0.039568 10.874519
0.040329 10.861329
0.041090 10.844907
0.041851 10.845134
0.042612 10.849650
0.043373 10.854656
0.044134 10.860081
0.044895 10.865853
0.045656 10.871902
0.046417 10.878162
0.047178 10.884569
0.047939 10.891065
0.048700 10.897597
0.049460 10.904118
0.050221 10.910586
0.050982 10.916965
0.051743 10.923224
0.052504 10.929337
0.053265 10.935282
0.054026 10.941042
0.054787 10.946603
0.055548 10.951953
0.056309 10.957084
0.057070 10.961991
0.057831 10.966670
0.058592 10.971118
0.059353 10.975334
0.060114 10.979320
0.060874 10.983076
0.061635 10.986604
0.062396 10.989907
0.063157 10.992988
0.063918 10.995850
0.064679 10.998496
0.065440 11.000930
0.066201 11.003154
0.066962 11.005173
0.067723 11.006990
0.068484 11.008606
0.069245 11.010026
0.070006 11.011251
0.070767 11.012284
0.071527 11.013127
0.072288 11.013780
0.073049 11.014246
0.073810 11.014526
0.074571 11.014619

0.074571 11.014619
0.075647 11.014432
0.076724 11.013870
0.077800 11.012924
0.078876 11.011578
0.079952 11.009812
0.081028 11.007601
0.082104 11.004915
0.083180 11.001721
0.084256 10.997983
0.085332 10.993662
0.086408 10.988720
0.087485 10.983116
0.088561 10.976812
0.089637 10.969772
0.090713 10.961962
0.091789 10.953351
0.092865 10.943913
0.093941 10.933628
0.095018 10.922482
0.096094 10.910467
0.097170 10.897582
0.098246 10.883834
0.099322 10.869240
0.100398 10.853822
0.101474 10.837612
0.102550 10.820653
0.103626 10.802995
0.104703 10.813396
0.105779 10.843605
0.106855 10.873383
0.107931 10.902500
0.109007 10.930757
0.110083 10.957981
0.111159 10.984025
0.112235 11.008762
0.113311 11.032084
0.114388 11.053901
0.115464 11.074140
0.116540 11.092740
0.117616 11.109653
0.118692 11.124844
0.119768 11.138284
0.120844 11.149955
0.121920 11.159843
0.122997 11.167939
0.124073 11.174239
0.125149 11.178740
0.126225 11.181441
0.127301 11.182341

0.127301 11.182341
0.128718 11.182230
0.130135 11.181895
0.131553 11.181338
0.132970 11.180561
0.134387 11.179564
0.135804 11.178351
0.137222 11.176925
0.138639 11.175288
0.140056 11.173446
0.141473 11.171402
0.142891 11.169163
0.144308 11.166735
0.145725 11.164123
0.147142 11.161335
0.148560 11.158380
0.149977 11.155265
0.151394 11.152000
0.152811 11.148595
0.154228 11.145060
0.155646 11.141408
0.157063 11.137649
0.158480 11.133797
0.159897 11.129866
0.161315 11.125868
0.162732 11.121821
0.164149 11.117738
0.165566 11.113636
0.166984 11.109531
0.168401 11.105442
0.169818 11.101385
0.171235 11.097379
0.172652 11.093443
0.174070 11.089595
0.175487 11.085855
0.176904 11.082242
0.178321 11.078774
0.179739 11.075471
0.181156 11.072351
0.182573 11.069432
0.183990 11.066732
0.185408 11.064267
0.186825 11.062052
0.188242 11.060102
0.189659 11.058429
0.191077 11.057044
0.192494 11.055957
0.193911 11.055175
0.195328 11.054704
0.196745 11.054547

0.196745 11.054547
0.197506 11.054367
0.198267 11.053829
0.199028 11.052931
0.199789 11.051676
0.200550 11.050064
0.201311 11.048095
0.202072 11.045772
0.202833 11.043095
0.203594 11.040067
0.204355 11.036690
0.205116 11.032965
0.205877 11.028896
0.206638 11.024486
0.207399 11.019737
0.208159 11.014653
0.208920 11.009238
0.209681 11.003496
0.210442 10.997431
0.211203 10.991049
0.211964 10.984354
0.212725 10.977353
0.213486 10.970051
0.214247 10.962456
0.215008 10.954574
0.215769 10.946414
0.216530 10.937984
0.217291 10.929295
0.218052 10.920356
0.218812 10.911181
0.219573 10.901782
0.220334 10.892174
0.221095 10.882374
0.221856 10.892034
0.222617 10.901655
0.223378 10.910747
0.224139 10.919291
0.224900 10.927269
0.225661 10.934667
0.226422 10.941469
0.227183 10.947663
0.227944 10.953236
0.228705 10.958178
0.229465 10.962480
0.230226 10.966134
0.230987 10.969132
0.231748 10.971470
0.232509 10.973143
0.233270 10.974148
0.234031 10.974483

0.234031 10.974483
0.234792 10.973828
0.235553 10.971862
0.236314 10.968586
0.237075 10.964001
0.237836 10.958110
0.238597 10.950917
0.239358 10.942428
0.240119 10.932654
0.240879 10.921606
0.241640 10.909302
0.242401 10.895765
0.243162 10.881021
0.243923 10.865106
0.244684 10.848059
0.245445 10.829925
0.246206 10.810759
0.246967 10.790619
0.247728 10.769568
0.248489 10.747677
0.249250 10.725019
0.250011 10.701673
0.250772 10.677719
0.251532 10.653242
0.252293 10.628327
0.253054 10.603061
0.253815 10.577534
0.254576 10.564384
0.255337 10.563636
0.256098 10.562898
0.256859 10.562173
0.257620 10.561462
0.258381 10.560770
0.259142 10.560100
0.259903 10.559454
0.260664 10.558835
0.261425 10.558245
0.262186 10.557688
0.262946 10.557166
0.263707 10.556681
0.264468 10.556235
0.265229 10.555831
0.265990 10.555470
0.266751 10.555153
0.267512 10.554883
0.268273 10.554660
0.269034 10.554486
0.269795 10.554361
0.270556 10.554286
0.271317 10.554261

0.271317 10.554261
0.272393 10.554290
0.273469 10.554384
0.274545 10.554550
0.275621 10.554806
0.276697 10.555177
0.277773 10.555696
0.278849 10.556408
0.279926 10.557370
0.281002 10.558652
0.282078 10.560343
0.283154 10.562550
0.284230 10.565402
0.285306 10.569044
0.286382 10.573637
0.287459 10.579336
0.288535 10.586273
0.289611 10.594525
0.290687 10.604086
0.291763 10.614850
0.292839 10.626620
0.293915 10.639136
0.294991 10.652107
0.296067 10.665248
0.297144 10.678306
0.298220 10.691071
0.299296 10.703383
0.300372 10.715139
0.301448 10.726288
0.302524 10.736831
0.303600 10.746824
0.304676 10.756374
0.305752 10.765638
0.306829 10.774831
0.307905 10.784218
0.308981 10.794120
0.310057 10.804906
0.311133 10.816987
0.312209 10.830790
0.313285 10.846723
0.314361 10.865114
0.315438 10.886131
0.316514 10.909697
0.317590 10.935394
0.318666 10.962393
0.319742 10.989383
0.320818 11.014522
0.321894 11.035454
0.322970 11.049545
0.324047 11.054547


0.000000 11.182341
0.000761 11.182816
0.001522 11.184235
0.002283 11.186585
0.003044 11.189845
0.003805 11.193986
0.004566 11.198969
0.005326 11.204753
0.006087 11.211289
0.006848 11.218525
0.007609 11.226405
0.008370 11.234871
0.009131 11.243865
0.009892 11.253326
0.010653 11.263197
0.011414 11.273418
0.012175 11.283933
0.012936 11.294687
0.013697 11.305629
0.014458 11.316707
0.015219 11.327874
0.015980 11.339085
0.016740 11.350296
0.017501 11.361466
0.018262 11.372558
0.019023 11.383535
0.019784 11.394362
0.020545 11.405007
0.021306 11.415438
0.022067 11.425624
0.022828 11.435538
0.023589 11.445151
0.024350 11.454437
0.025111 11.463369
0.025872 11.471921
0.026633 11.480069
0.027394 11.487788
0.028154 11.495054
0.028915 11.501844
0.029676 11.508135
0.030437 11.513905
0.031198 11.519133
0.031959 11.523798
0.032720 11.527883
0.033481 11.531371
0.034242 11.534246
0.035003 11.536496
0.035764 11.538111
0.036525 11.539083
0.037286 11.539407

0.037286 11.539407
0.038046 11.540698
0.038808 11.544517
0.039568 11.550715
0.040329 11.559067
0.041090 11.569295
0.041851 11.581104
0.042612 11.594197
0.043373 11.608294
0.044134 11.623145
0.044895 11.638527
0.045656 11.654248
0.046417 11.670146
0.047178 11.686087
0.047939 11.701958
0.048700 11.717667
0.049460 11.733138
0.050221 11.748311
0.050982 11.763137
0.051743 11.777577
0.052504 11.791602
0.053265 11.805187
0.054026 11.818316
0.054787 11.830975
0.055548 11.843154
0.056309 11.854849
0.057070 11.866054
0.057831 11.876768
0.058592 11.886990
0.059353 11.896721
0.060114 11.905962
0.060874 11.914715
0.061635 11.922981
0.062396 11.930763
0.063157 11.938063
0.063918 11.944884
0.064679 11.951226
0.065440 11.957093
0.066201 11.962485
0.066962 11.967405
0.067723 11.971853
0.068484 11.975830
0.069245 11.979338
0.070006 11.982377
0.070767 11.984948
0.071527 11.987051
0.072288 11.988686
0.073049 11.989854
0.073810 11.990554
0.074571 11.990788

0.074571 11.990788
0.075647 11.990298
0.076724 11.988828
0.077800 11.986375
0.078876 11.982935
0.079952 11.978502
0.081028 11.973068
0.082104 11.966626
0.083180 11.959167
0.084256 11.950684
0.085332 11.941168
0.086408 11.930613
0.087485 11.919015
0.088561 11.906369
0.089637 11.892677
0.090713 11.877941
0.091789 11.862169
0.092865 11.845371
0.093941 11.827563
0.095018 11.808766
0.096094 11.789005
0.097170 11.768310
0.098246 11.746720
0.099322 11.724275
0.100398 11.701026
0.101474 11.677027
0.102550 11.652340
0.103626 11.627035
0.104703 11.601189
0.105779 11.574888
0.106855 11.548226
0.107931 11.521310
0.109007 11.494253
0.110083 11.467183
0.111159 11.440241
0.112235 11.413579
0.113311 11.387366
0.114388 11.361784
0.115464 11.337029
0.116540 11.313313
0.117616 11.290857
0.118692 11.269894
0.119768 11.250659
0.120844 11.233390
0.121920 11.218315
0.122997 11.205648
0.124073 11.195579
0.125149 11.188266
0.126225 11.183829
0.127301 11.182341

0.127301 11.182341
0.128718 11.182230
0.130135 11.181895
0.131553 11.181338
0.132970 11.180561
0.134387 11.179564
0.135804 11.178351
0.137222 11.176925
0.138639 11.175288
0.140056 11.173446
0.141473 11.171402
0.142891 11.169163
0.144308 11.166735
0.145725 11.164123
0.147142 11.161335
0.148560 11.158380
0.149977 11.155265
0.151394 11.152000
0.152811 11.148595
0.154228 11.145060
0.155646 11.141408
0.157063 11.137649
0.158480 11.133797
0.159897 11.129866
0.161315 11.125868
0.162732 11.121821
0.164149 11.117738
0.165566 11.113636
0.166984 11.109531
0.168401 11.105442
0.169818 11.101385
0.171235 11.097379
0.172652 11.093443
0.174070 11.089595
0.175487 11.085855
0.176904 11.082242
0.178321 11.078774
0.179739 11.075471
0.181156 11.076420
0.182573 11.114168
0.183990 11.152304
0.185408 11.190810
0.186825 11.229667
0.188242 11.268857
0.189659 11.308364
0.191077 11.348170
0.192494 11.388259
0.193911 11.428616
0.195328 11.469223
0.196745 11.510067

0.196745 11.510067
0.197506 11.510114
0.198267 11.510255
0.199028 11.510489
0.199789 11.510815
0.200550 11.511234
0.201311 11.511742
0.202072 11.512339
0.202833 11.513022
0.203594 11.513789
0.204355 11.514636
0.205116 11.515561
0.205877 11.516561
0.206638 11.517630
0.207399 11.518765
0.208159 11.519961
0.208920 11.521213
0.209681 11.522516
0.210442 11.523865
0.211203 11.525254
0.211964 11.526677
0.212725 11.528128
0.213486 11.529601
0.214247 11.531090
0.215008 11.532588
0.215769 11.534090
0.216530 11.535589
0.217291 11.537079
0.218052 11.538554
0.218812 11.540008
0.219573 11.541433
0.220334 11.542826
0.221095 11.544179
0.221856 11.545488
0.222617 11.546746
0.223378 11.547950
0.224139 11.549093
0.224900 11.550171
0.225661 11.551180
0.226422 11.552116
0.227183 11.552974
0.227944 11.553752
0.228705 11.554446
0.229465 11.555053
0.230226 11.555571
0.230987 11.555997
0.231748 11.556331
0.232509 11.556570
0.233270 11.556714
0.234031 11.556762

0.234031 11.556762
0.234792 11.557132
0.235553 11.558240
0.236314 11.560081
0.237075 11.562648
0.237836 11.565929
0.238597 11.569912
0.239358 11.574580
0.240119 11.579913
0.240879 11.585891
0.241640 11.592488
0.242401 11.599680
0.243162 11.607439
0.243923 11.615733
0.244684 11.624532
0.245445 11.633802
0.246206 11.643509
0.246967 11.653618
0.247728 11.664090
0.248489 11.674889
0.249250 11.685975
0.250011 11.697308
0.250772 11.708848
0.251532 11.720553
0.252293 11.732380
0.253054 11.744288
0.253815 11.756231
0.254576 11.768166
0.255337 11.780048
0.256098 11.791830
0.256859 11.803465
0.257620 11.814908
0.258381 11.826109
0.259142 11.837022
0.259903 11.847598
0.260664 11.857787
0.261425 11.867543
0.262186 11.876817
0.262946 11.885561
0.263707 11.893729
0.264468 11.901277
0.265229 11.908161
0.265990 11.914342
0.266751 11.919781
0.267512 11.924444
0.268273 11.928303
0.269034 11.931331
0.269795 11.933509
0.270556 11.934821
0.271317 11.935260

0.271317 11.935260
0.272393 11.934894
0.273469 11.933801
0.274545 11.931997
0.275621 11.929506
0.276697 11.926362
0.277773 11.922608
0.278849 11.918296
0.279926 11.913484
0.281002 11.908237
0.282078 11.902628
0.283154 11.896732
0.284230 11.890630
0.285306 11.884406
0.286382 11.878146
0.287459 11.871936
0.288535 11.865862
0.289611 11.860009
0.290687 11.854456
0.291763 11.849277
0.292839 11.844538
0.293915 11.840292
0.294991 11.836580
0.296067 11.833423
0.297144 11.830821
0.298220 11.828746
0.299296 11.827144
0.300372 11.825923
0.301448 11.824954
0.302524 11.824065
0.303600 11.823036
0.304676 11.821598
0.305752 11.819431
0.306829 11.816162
0.307905 11.811373
0.308981 11.804612
0.310057 11.795413
0.311133 11.783339
0.312209 11.768024
0.313285 11.749244
0.314361 11.726969
0.315438 11.701421
0.316514 11.673104
0.317590 11.642825
0.318666 11.611720
0.319742 11.581291
0.320818 11.553475
0.321894 11.530651
0.322970 11.515439
0.324047 11.510067


0.000000 12.481638
0.000761 12.480943
0.001522 12.478870
0.002283 12.475453
0.003044 12.470746
0.003805 12.464824
0.004566 12.457774
0.005326 12.449692
0.006087 12.440684
0.006848 12.430856
0.007609 12.420316
0.008370 12.409168
0.009131 12.397514
0.009892 12.385448
0.010653 12.373058
0.011414 12.360428
0.012175 12.347631
0.012936 12.334738
0.013697 12.321810
0.014458 12.308902
0.015219 12.296067
0.015980 12.283348
0.016740 12.270787
0.017501 12.258421
0.018262 12.246281
0.019023 12.234399
0.019784 12.222800
0.020545 12.211509
0.021306 12.200548
0.022067 12.189939
0.022828 12.179700
0.023589 12.169849
0.024350 12.160404
0.025111 12.151381
0.025872 12.142797
0.026633 12.134666
0.027394 12.127006
0.028154 12.119831
0.028915 12.113157
0.029676 12.106998
0.030437 12.101371
0.031198 12.096288
0.031959 12.091765
0.032720 12.087814
0.033481 12.084449
0.034242 12.081679
0.035003 12.079514
0.035764 12.077962
0.036525 12.077029
0.037286 12.076717

0.037286 12.076717
0.038046 12.076635
0.038808 12.076388
0.039568 12.075977
0.040329 12.075404
0.041090 12.074671
0.041851 12.073780
0.042612 12.072734
0.043373 12.071536
0.044134 12.070192
0.044895 12.068704
0.045656 12.067079
0.046417 12.065322
0.047178 12.063439
0.047939 12.061437
0.048700 12.059324
0.049460 12.057105
0.050221 12.054791
0.050982 12.052388
0.051743 12.049906
0.052504 12.047355
0.053265 12.044744
0.054026 12.042083
0.054787 12.039382
0.055548 12.036653
0.056309 12.033905
0.057070 12.031150
0.057831 12.028400
0.058592 12.025666
0.059353 12.022959
0.060114 12.020292
0.060874 12.017674
0.061635 12.015119
0.062396 12.012638
0.063157 12.010241
0.063918 12.007939
0.064679 12.005744
0.065440 12.003666
0.066201 12.001714
0.066962 11.999898
0.067723 11.998226
0.068484 11.996708
0.069245 11.995349
0.070006 11.994158
0.070767 11.993139
0.071527 11.992298
0.072288 11.991640
0.073049 11.991167
0.073810 11.990883
0.074571 11.990788

0.074571 11.990788
0.075647 11.991001
0.076724 11.991639
0.077800 11.992703
0.078876 11.994194
0.079952 11.996113
0.081028 11.998462
0.082104 12.001244
0.083180 12.004461
0.084256 12.008118
0.085332 12.012219
0.086408 12.016770
0.087485 12.021777
0.088561 12.027249
0.089637 12.033194
0.090713 12.039624
0.091789 12.046550
0.092865 12.053985
0.093941 12.061944
0.095018 12.070444
0.096094 12.079501
0.097170 12.089133
0.098246 12.099360
0.099322 12.110199
0.100398 12.121669
0.101474 12.133787
0.102550 12.146567
0.103626 12.160021
0.104703 12.174154
0.105779 12.188967
0.106855 12.204451
0.107931 12.220587
0.109007 12.237344
0.110083 12.254674
0.111159 12.272515
0.112235 12.290781
0.113311 12.309365
0.114388 12.328132
0.115464 12.346920
0.116540 12.365538
0.117616 12.383760
0.118692 12.401330
0.119768 12.417961
0.120844 12.433341
0.121920 12.447139
0.122997 12.459023
0.124073 12.468669
0.125149 12.475792
0.126225 12.480164
0.127301 12.481638

0.127301 12.481638
0.128718 12.481381
0.130135 12.480611
0.131553 12.479339
0.132970 12.477578
0.134387 12.475350
0.135804 12.472679
0.137222 12.469594
0.138639 12.466127
0.140056 12.462312
0.141473 12.458185
0.142891 12.453781
0.144308 12.449137
0.145725 12.444290
0.147142 12.439274
0.148560 12.434124
0.149977 12.428871
0.151394 12.423548
0.152811 12.418182
0.154228 12.412801
0.155646 12.407431
0.157063 12.402094
0.158480 12.396814
0.159897 12.391608
0.161315 12.386496
0.162732 12.381495
0.164149 12.376619
0.165566 12.371881
0.166984 12.367294
0.168401 12.354342
0.169818 12.311765
0.171235 12.269144
0.172652 12.226493
0.174070 12.183826
0.175487 12.141156
0.176904 12.098497
0.178321 12.055862
0.179739 12.013266
0.181156 11.970721
0.182573 11.928241
0.183990 11.885840
0.185408 11.843532
0.186825 11.801330
0.188242 11.759248
0.189659 11.717300
0.191077 11.675500
0.192494 11.633862
0.193911 11.592401
0.195328 11.551131
0.196745 11.510067

0.196745 11.510067
0.197506 11.515409
0.198267 11.530720
0.199028 11.554233
0.199789 11.583886
0.200550 11.617845
0.201311 11.654678
0.202072 11.693327
0.202833 11.733021
0.203594 11.773198
0.204355 11.813442
0.205116 11.853437
0.205877 11.892943
0.206638 11.931774
0.207399 11.969782
0.208159 12.006854
0.208920 12.042897
0.209681 12.077842
0.210442 12.111632
0.211203 12.144226
0.211964 12.175595
0.212725 12.205717
0.213486 12.234580
0.214247 12.262178
0.215008 12.288512
0.215769 12.313589
0.216530 12.337417
0.217291 12.360011
0.218052 12.378351
0.218812 12.382291
0.219573 12.386267
0.220334 12.390260
0.221095 12.394253
0.221856 12.398222
0.222617 12.402147
0.223378 12.406004
0.224139 12.409766
0.224900 12.413407
0.225661 12.416900
0.226422 12.420217
0.227183 12.423329
0.227944 12.426207
0.228705 12.428825
0.229465 12.431155
0.230226 12.433173
0.230987 12.434857
0.231748 12.436188
0.232509 12.437150
0.233270 12.437732
0.234031 12.437927

0.234031 12.437927
0.234792 12.431940
0.235553 12.416412
0.236314 12.395514
0.237075 12.372075
0.237836 12.347603
0.238597 12.322892
0.239358 12.298390
0.240119 12.274371
0.240879 12.251011
0.241640 12.228435
0.242401 12.206728
0.243162 12.185953
0.243923 12.166153
0.244684 12.147356
0.245445 12.129578
0.246206 12.112824
0.246967 12.097088
0.247728 12.082358
0.248489 12.068612
0.249250 12.055825
0.250011 12.043965
0.250772 12.032997
0.251532 12.022880
0.252293 12.013576
0.253054 12.005039
0.253815 11.997228
0.254576 11.990099
0.255337 11.983609
0.256098 11.977714
0.256859 11.972375
0.257620 11.967550
0.258381 11.963203
0.259142 11.959296
0.259903 11.955796
0.260664 11.952669
0.261425 11.949887
0.262186 11.947422
0.262946 11.945246
0.263707 11.943338
0.264468 11.941675
0.265229 11.940238
0.265990 11.939011
0.266751 11.937977
0.267512 11.937124
0.268273 11.936441
0.269034 11.935919
0.269795 11.935551
0.270556 11.935332
0.271317 11.935260

0.271317 11.935260
0.272393 11.934894
0.273469 11.933801
0.274545 11.931997
0.275621 11.929506
0.276697 11.926362
0.277773 11.922608
0.278849 11.918296
0.279926 11.913484
0.281002 11.908237
0.282078 11.902628
0.283154 11.896732
0.284230 11.890630
0.285306 11.884406
0.286382 11.878146
0.287459 11.871936
0.288535 11.865862
0.289611 11.860009
0.290687 11.854456
0.291763 11.849277
0.292839 11.844538
0.293915 11.840292
0.294991 11.836580
0.296067 11.833423
0.297144 11.830821
0.298220 11.828746
0.299296 11.827144
0.300372 11.825923
0.301448 11.824954
0.302524 11.824065
0.303600 11.823036
0.304676 11.821598
0.305752 11.819431
0.306829 11.816162
0.307905 11.811373
0.308981 11.804612
0.310057 11.795413
0.311133 11.783339
0.312209 11.768024
0.313285 11.749244
0.314361 11.726969
0.315438 11.701421
0.316514 11.673104
0.317590 11.642825
0.318666 11.611720
0.319742 11.581291
0.320818 11.553475
0.321894 11.530651
0.322970 11.515439
0.324047 11.510067


0.000000 12.481638
0.000761 12.481621
0.001522 12.481570
0.002283 12.481485
0.003044 12.481366
0.003805 12.481214
0.004566 12.481029
0.005326 12.480813
0.006087 12.480567
0.006848 12.480290
0.007609 12.479986
0.008370 12.479655
0.009131 12.479298
0.009892 12.478917
0.010653 12.478514
0.011414 12.478090
0.012175 12.477648
0.012936 12.477189
0.013697 12.476715
0.014458 12.476228
0.015219 12.475731
0.015980 12.475225
0.016740 12.474712
0.017501 12.474195
0.018262 12.473676
0.019023 12.473157
0.019784 12.472640
0.020545 12.472127
0.021306 12.471621
0.022067 12.471123
0.022828 12.470635
0.023589 12.470159
0.024350 12.469697
0.025111 12.469252
0.025872 12.468824
0.026633 12.468416
0.027394 12.468028
0.028154 12.467663
0.028915 12.467322
0.029676 12.467006
0.030437 12.466717
0.031198 12.466454
0.031959 12.466221
0.032720 12.466017
0.033481 12.465842
0.034242 12.465699
0.035003 12.465587
0.035764 12.465507
0.036525 12.465458
0.037286 12.465442

0.037286 12.465442
0.038046 12.465587
0.038808 12.466022
0.039568 12.466742
0.040329 12.467744
0.041090 12.469021
0.041851 12.470564
0.042612 12.472363
0.043373 12.474406
0.044134 12.476679
0.044895 12.479169
0.045656 12.481857
0.046417 12.484729
0.047178 12.487764
0.047939 12.490946
0.048700 12.494255
0.049460 12.497671
0.050221 12.501174
0.050982 12.504745
0.051743 12.508366
0.052504 12.512015
0.053265 12.515676
0.054026 12.519331
0.054787 12.522963
0.055548 12.526555
0.056309 12.530093
0.057070 12.533562
0.057831 12.536950
0.058592 12.540245
0.059353 12.543436
0.060114 12.546513
0.060874 12.549468
0.061635 12.552292
0.062396 12.554979
0.063157 12.557523
0.063918 12.559919
0.064679 12.562163
0.065440 12.564250
0.066201 12.566179
0.066962 12.567945
0.067723 12.569548
0.068484 12.570985
0.069245 12.572255
0.070006 12.573358
0.070767 12.574292
0.071527 12.575056
0.072288 12.575652
0.073049 12.576077
0.073810 12.576332
0.074571 12.576417

0.074571 12.576417
0.075647 12.576247
0.076724 12.575739
0.077800 12.574899
0.078876 12.573736
0.079952 12.572265
0.081028 12.570502
0.082104 12.568466
0.083180 12.566181
0.084256 12.563670
0.085332 12.560961
0.086408 12.558080
0.087485 12.555054
0.088561 12.551913
0.089637 12.548684
0.090713 12.545392
0.091789 12.542065
0.092865 12.538725
0.093941 12.535394
0.095018 12.532094
0.096094 12.528841
0.097170 12.525651
0.098246 12.522539
0.099322 12.519515
0.100398 12.516590
0.101474 12.513771
0.102550 12.511064
0.103626 12.508474
0.104703 12.506004
0.105779 12.503658
0.106855 12.501435
0.107931 12.499337
0.109007 12.497364
0.110083 12.495514
0.111159 12.493788
0.112235 12.492183
0.113311 12.490698
0.114388 12.489332
0.115464 12.488082
0.116540 12.486948
0.117616 12.485928
0.118692 12.485019
0.119768 12.484221
0.120844 12.483532
0.121920 12.482951
0.122997 12.482478
0.124073 12.482110
0.125149 12.481848
0.126225 12.481691
0.127301 12.481638

0.127301 12.481638
0.128718 12.481381
0.130135 12.480611
0.131553 12.479339
0.132970 12.477578
0.134387 12.475350
0.135804 12.472679
0.137222 12.469594
0.138639 12.466127
0.140056 12.462312
0.141473 12.458185
0.142891 12.453781
0.144308 12.449137
0.145725 12.444290
0.147142 12.439274
0.148560 12.434124
0.149977 12.428871
0.151394 12.423548
0.152811 12.418182
0.154228 12.412801
0.155646 12.407431
0.157063 12.402094
0.158480 12.396814
0.159897 12.391608
0.161315 12.386496
0.162732 12.381495
0.164149 12.376619
0.165566 12.371881
0.166984 12.367294
0.168401 12.362870
0.169818 12.358617
0.171235 12.354544
0.172652 12.350660
0.174070 12.346971
0.175487 12.343483
0.176904 12.340202
0.178321 12.337131
0.179739 12.334275
0.181156 12.331638
0.182573 12.329222
0.183990 12.327029
0.185408 12.325063
0.186825 12.323324
0.188242 12.321815
0.189659 12.320535
0.191077 12.319488
0.192494 12.318672
0.193911 12.318089
0.195328 12.317739
0.196745 12.317622

0.196745 12.317622
0.197506 12.317704
0.198267 12.317948
0.199028 12.318356
0.199789 12.318927
0.200550 12.319660
0.201311 12.320557
0.202072 12.321615
0.202833 12.322836
0.203594 12.324219
0.204355 12.325762
0.205116 12.327466
0.205877 12.329330
0.206638 12.331351
0.207399 12.333529
0.208159 12.335861
0.208920 12.338346
0.209681 12.340981
0.210442 12.343761
0.211203 12.346684
0.211964 12.349745
0.212725 12.352939
0.213486 12.356258
0.214247 12.359697
0.215008 12.363246
0.215769 12.366898
0.216530 12.370640
0.217291 12.374463
0.218052 12.381387
0.218812 12.401564
0.219573 12.420564
0.220334 12.438408
0.221095 12.455119
0.221856 12.470721
0.222617 12.485237
0.223378 12.498691
0.224139 12.511105
0.224900 12.522502
0.225661 12.532904
0.226422 12.542329
0.227183 12.550798
0.227944 12.558327
0.228705 12.564931
0.229465 12.570626
0.230226 12.575424
0.230987 12.579334
0.231748 12.582367
0.232509 12.584528
0.233270 12.585823
0.234031 12.586254

0.234031 12.586254
0.234792 12.592773
0.235553 12.609894
0.236314 12.633447
0.237075 12.660600
0.237836 12.689842
0.238597 12.720374
0.239358 12.751740
0.240119 12.783656
0.240879 12.815930
0.241640 12.848421
0.242401 12.881016
0.243162 12.913624
0.243923 12.946166
0.244684 12.978573
0.245445 13.010779
0.246206 13.016243
0.246967 13.016278
0.247728 13.016315
0.248489 13.016352
0.249250 13.016391
0.250011 13.016430
0.250772 13.016470
0.251532 13.016510
0.252293 13.016550
0.253054 13.016591
0.253815 13.016631
0.254576 13.016672
0.255337 13.016711
0.256098 13.016751
0.256859 13.016789
0.257620 13.016827
0.258381 13.016864
0.259142 13.016899
0.259903 13.016933
0.260664 13.016966
0.261425 13.016997
0.262186 13.017026
0.262946 13.017053
0.263707 13.017079
0.264468 13.017102
0.265229 13.017123
0.265990 13.017142
0.266751 13.017158
0.267512 13.017173
0.268273 13.017184
0.269034 13.017193
0.269795 13.017200
0.270556 13.017204
0.271317 13.017205

0.271317 13.017205
0.272393 13.017564
0.273469 13.018640
0.274545 13.020422
0.275621 13.022894
0.276697 13.026035
0.277773 13.029818
0.278849 13.034212
0.279926 13.039180
0.281002 13.044685
0.282078 13.050684
0.283154 13.057133
0.284230 13.063987
0.285306 13.071199
0.286382 13.078721
0.287459 13.086504
0.288535 13.094495
0.289611 13.102638
0.290687 13.110864
0.291763 13.119067
0.292839 13.127010
0.293915 13.133697
0.294991 13.128676
0.296067 13.093263
0.297144 13.050841
0.298220 13.006801
0.299296 12.961860
0.300372 12.916318
0.301448 12.870403
0.302524 12.824343
0.303600 12.778384
0.304676 12.732806
0.305752 12.687924
0.306829 12.644098
0.307905 12.601731
0.308981 12.561266
0.310057 12.523165
0.311133 12.487887
0.312209 12.455845
0.313285 12.427361
0.314361 12.402618
0.315438 12.381638
0.316514 12.364285
0.317590 12.350291
0.318666 12.339306
0.319742 12.330954
0.320818 12.324876
0.321894 12.320767
0.322970 12.318396
0.324047 12.317622


0.000000 13.039744
0.000761 13.038853
0.001522 13.036229
0.002283 13.032008
0.003044 13.026398
0.003805 13.019645
0.004566 13.012006
0.005326 13.003732
0.006087 12.995050
0.006848 12.986153
0.007609 12.977204
0.008370 12.968332
0.009131 12.959639
0.009892 12.951198
0.010653 12.943064
0.011414 12.935274
0.012175 12.927851
0.012936 12.920808
0.013697 12.914149
0.014458 12.907870
0.015219 12.901965
0.015980 12.896424
0.016740 12.891233
0.017501 12.886379
0.018262 12.881846
0.019023 12.877619
0.019784 12.873682
0.020545 12.870020
0.021306 12.866618
0.022067 12.863462
0.022828 12.860539
0.023589 12.857836
0.024350 12.855341
0.025111 12.853043
0.025872 12.850931
0.026633 12.848997
0.027394 12.847232
0.028154 12.845627
0.028915 12.844175
0.029676 12.842871
0.030437 12.841708
0.031198 12.840680
0.031959 12.839784
0.032720 12.839015
0.033481 12.838370
0.034242 12.837846
0.035003 12.837441
0.035764 12.837153
0.036525 12.836981
0.037286 12.836924

0.037286 12.836924
0.038046 12.836955
0.038808 12.837051
0.039568 12.837209
0.040329 12.837427
0.041090 12.837702
0.041851 12.838032
0.042612 12.838412
0.043373 12.838838
0.044134 12.839305
0.044895 12.839808
0.045656 12.840341
0.046417 12.840900
0.047178 12.841480
0.047939 12.842074
0.048700 12.842679
0.049460 12.843289
0.050221 12.843901
0.050982 12.844510
0.051743 12.845113
0.052504 12.845706
0.053265 12.846288
0.054026 12.846855
0.054787 12.847405
0.055548 12.847937
0.056309 12.848450
0.057070 12.848942
0.057831 12.849412
0.058592 12.849861
0.059353 12.850287
0.060114 12.850690
0.060874 12.851070
0.061635 12.851428
0.062396 12.851763
0.063157 12.852076
0.063918 12.852367
0.064679 12.852636
0.065440 12.852883
0.066201 12.853109
0.066962 12.853314
0.067723 12.853498
0.068484 12.853662
0.069245 12.853806
0.070006 12.853930
0.070767 12.854035
0.071527 12.854120
0.072288 12.854187
0.073049 12.854234
0.073810 12.854262
0.074571 12.854272

0.074571 12.854272
0.075647 12.854253
0.076724 12.854200
0.077800 12.854122
0.078876 12.854032
0.079952 12.853951
0.081028 12.853902
0.082104 12.853915
0.083180 12.854021
0.084256 12.854255
0.085332 12.854654
0.086408 12.855254
0.087485 12.856095
0.088561 12.857213
0.089637 12.858643
0.090713 12.860419
0.091789 12.862569
0.092865 12.865120
0.093941 12.868091
0.095018 12.871500
0.096094 12.875355
0.097170 12.879661
0.098246 12.884416
0.099322 12.889611
0.100398 12.895231
0.101474 12.901255
0.102550 12.907656
0.103626 12.914400
0.104703 12.921449
0.105779 12.928760
0.106855 12.936283
0.107931 12.943967
0.109007 12.951753
0.110083 12.959583
0.111159 12.958571
0.112235 12.958506
0.113311 12.959673
0.114388 12.962114
0.115464 12.965850
0.116540 12.970868
0.117616 12.977114
0.118692 12.984476
0.119768 12.992763
0.120844 13.001692
0.121920 13.010864
0.122997 13.019759
0.124073 13.027748
0.125149 13.034144
0.126225 13.038301
0.127301 13.039744

0.127301 13.039744
0.128718 13.040084
0.130135 13.041099
0.131553 13.042779
0.132970 13.045108
0.134387 13.048063
0.135804 13.051618
0.137222 13.055739
0.138639 13.060393
0.140056 13.065539
0.141473 13.071138
0.142891 13.077149
0.144308 13.056556
0.145725 13.017235
0.147142 12.977537
0.148560 12.937500
0.149977 12.897155
0.151394 12.856529
0.152811 12.815647
0.154228 12.774530
0.155646 12.733197
0.157063 12.691669
0.158480 12.649962
0.159897 12.608092
0.161315 12.566077
0.162732 12.523932
0.164149 12.481671
0.165566 12.439309
0.166984 12.396862
0.168401 12.362870
0.169818 12.358617
0.171235 12.354544
0.172652 12.350660
0.174070 12.346971
0.175487 12.343483
0.176904 12.340202
0.178321 12.337131
0.179739 12.334275
0.181156 12.331638
0.182573 12.329222
0.183990 12.327029
0.185408 12.325063
0.186825 12.323324
0.188242 12.321815
0.189659 12.320535
0.191077 12.319488
0.192494 12.318672
0.193911 12.318089
0.195328 12.317739
0.196745 12.317622

0.196745 12.317622
0.197506 12.318310
0.198267 12.320365
0.199028 12.323763
0.199789 12.328464
0.200550 12.334412
0.201311 12.341540
0.202072 12.349772
0.202833 12.359020
0.203594 12.369193
0.204355 12.380196
0.205116 12.391929
0.205877 12.404294
0.206638 12.417195
0.207399 12.430535
0.208159 12.444223
0.208920 12.458172
0.209681 12.472297
0.210442 12.486522
0.211203 12.500773
0.211964 12.514982
0.212725 12.529087
0.213486 12.543029
0.214247 12.556758
0.215008 12.570223
0.215769 12.583384
0.216530 12.596199
0.217291 12.608635
0.218052 12.620660
0.218812 12.632246
0.219573 12.643370
0.220334 12.654008
0.221095 12.664143
0.221856 12.673757
0.222617 12.682838
0.223378 12.691372
0.224139 12.699349
0.224900 12.706760
0.225661 12.713598
0.226422 12.719857
0.227183 12.725531
0.227944 12.730617
0.228705 12.735111
0.229465 12.739011
0.230226 12.742313
0.230987 12.745017
0.231748 12.747121
0.232509 12.748625
0.233270 12.749527
0.234031 12.749828

0.234031 12.749828
0.234792 12.751497
0.235553 12.756476
0.236314 12.764686
0.237075 12.775998
0.237836 12.790241
0.238597 12.807210
0.239358 12.826673
0.240119 12.848382
0.240879 12.872076
0.241640 12.897496
0.242401 12.924381
0.243162 12.952482
0.243923 12.981556
0.244684 13.011376
0.245445 13.016209
0.246206 13.042727
0.246967 13.074359
0.247728 13.105624
0.248489 13.136471
0.249250 13.166851
0.250011 13.196718
0.250772 13.197943
0.251532 13.188840
0.252293 13.179618
0.253054 13.170311
0.253815 13.160951
0.254576 13.151572
0.255337 13.142209
0.256098 13.132898
0.256859 13.123676
0.257620 13.114582
0.258381 13.105652
0.259142 13.096928
0.259903 13.088450
0.260664 13.080258
0.261425 13.072393
0.262186 13.064898
0.262946 13.057813
0.263707 13.051178
0.264468 13.045034
0.265229 13.039419
0.265990 13.034368
0.266751 13.029915
0.267512 13.026092
0.268273 13.022925
0.269034 13.020437
0.269795 13.018646
0.270556 13.017566
0.271317 13.017205

0.271317 13.017205
0.272393 13.017564
0.273469 13.018640
0.274545 13.020422
0.275621 13.022894
0.276697 13.026035
0.277773 13.029818
0.278849 13.034212
0.279926 13.039180
0.281002 13.044685
0.282078 13.050684
0.283154 13.057133
0.284230 13.063987
0.285306 13.071199
0.286382 13.078721
0.287459 13.086504
0.288535 13.094495
0.289611 13.102638
0.290687 13.110864
0.291763 13.119067
0.292839 13.127010
0.293915 13.133697
0.294991 13.128676
0.296067 13.093263
0.297144 13.050841
0.298220 13.006801
0.299296 12.961860
0.300372 12.916318
0.301448 12.870403
0.302524 12.824343
0.303600 12.778384
0.304676 12.732806
0.305752 12.687924
0.306829 12.644098
0.307905 12.601731
0.308981 12.561266
0.310057 12.523165
0.311133 12.487887
0.312209 12.455845
0.313285 12.427361
0.314361 12.402618
0.315438 12.381638
0.316514 12.364285
0.317590 12.350291
0.318666 12.339306
0.319742 12.330954
0.320818 12.324876
0.321894 12.320767
0.322970 12.318396
0.324047 12.317622


0.000000 13.039744
0.000761 13.039714
0.001522 13.039622
0.002283 13.039469
0.003044 13.039256
0.003805 13.038984
0.004566 13.038652
0.005326 13.038263
0.006087 13.037818
0.006848 13.037318
0.007609 13.036766
0.008370 13.036162
0.009131 13.035510
0.009892 13.034811
0.010653 13.034069
0.011414 13.033285
0.012175 13.032463
0.012936 13.031605
0.013697 13.030716
0.014458 13.029797
0.015219 13.028854
0.015980 13.027889
0.016740 13.026906
0.017501 13.025910
0.018262 13.024903
0.019023 13.023890
0.019784 13.022876
0.020545 13.021864
0.021306 13.020859
0.022067 13.019865
0.022828 13.018886
0.023589 13.017926
0.024350 13.016990
0.025111 13.016082
0.025872 13.015205
0.026633 13.014364
0.027394 13.013562
0.028154 13.012804
0.028915 13.012092
0.029676 13.011431
0.030437 13.010822
0.031198 13.010270
0.031959 13.009775
0.032720 13.009342
0.033481 13.008972
0.034242 13.008667
0.035003 13.008428
0.035764 13.008256
0.036525 13.008153
0.037286 13.008119

0.037286 13.008119
0.038046 13.008260
0.038808 13.008682
0.039568 13.009385
0.040329 13.010369
0.041090 13.011634
0.041851 13.013178
0.042612 13.015000
0.043373 13.017099
0.044134 13.019472
0.044895 13.022116
0.045656 13.025027
0.046417 13.028202
0.047178 13.031634
0.047939 13.035318
0.048700 13.039244
0.049460 13.043405
0.050221 13.047790
0.050982 13.052388
0.051743 13.057187
0.052504 13.062171
0.053265 13.067327
0.054026 13.072636
0.054787 13.078082
0.055548 13.083646
0.056309 13.089305
0.057070 13.095040
0.057831 13.100828
0.058592 13.106643
0.059353 13.112462
0.060114 13.118258
0.060874 13.124005
0.061635 13.129675
0.062396 13.135239
0.063157 13.140669
0.063918 13.145934
0.064679 13.151006
0.065440 13.155854
0.066201 13.160449
0.066962 13.164762
0.067723 13.168765
0.068484 13.172429
0.069245 13.175731
0.070006 13.178645
0.070767 13.181150
0.071527 13.183228
0.072288 13.184861
0.073049 13.186037
0.073810 13.186746
0.074571 13.186983

0.074571 13.186983
0.075647 13.186509
0.076724 13.185092
0.077800 13.182749
0.078876 13.179504
0.079952 13.175394
0.081028 13.170462
0.082104 13.164757
0.083180 13.158337
0.084256 13.151260
0.085332 13.143591
0.086408 13.135394
0.087485 13.126738
0.088561 13.117689
0.089637 13.108317
0.090713 13.098688
0.091789 13.088872
0.092865 13.078935
0.093941 13.068945
0.095018 13.058969
0.096094 13.049075
0.097170 13.039330
0.098246 13.029803
0.099322 13.020561
0.100398 13.011674
0.101474 13.003213
0.102550 12.995251
0.103626 12.987861
0.104703 12.981118
0.105779 12.975098
0.106855 12.969879
0.107931 12.965540
0.109007 12.962158
0.110083 12.959811
0.111159 12.967394
0.112235 12.975121
0.113311 12.982699
0.114388 12.990060
0.115464 12.997139
0.116540 13.003869
0.117616 13.010186
0.118692 13.016029
0.119768 13.021338
0.120844 13.026060
0.121920 13.030145
0.122997 13.033550
0.124073 13.036237
0.125149 13.038178
0.126225 13.039352
0.127301 13.039744

0.127301 13.039744
0.128718 13.040084
0.130135 13.041099
0.131553 13.042779
0.132970 13.045108
0.134387 13.048063
0.135804 13.051618
0.137222 13.055739
0.138639 13.060393
0.140056 13.065539
0.141473 13.071138
0.142891 13.077149
0.144308 13.083528
0.145725 13.090233
0.147142 13.097222
0.148560 13.104454
0.149977 13.111889
0.151394 13.119486
0.152811 13.127208
0.154228 13.135019
0.155646 13.142883
0.157063 13.150768
0.158480 13.158642
0.159897 13.166474
0.161315 13.174234
0.162732 13.181897
0.164149 13.189436
0.165566 13.196825
0.166984 13.204043
0.168401 13.211066
0.169818 13.217875
0.171235 13.224448
0.172652 13.230769
0.174070 13.236818
0.175487 13.242581
0.176904 13.248043
0.178321 13.253187
0.179739 13.258003
0.181156 13.262478
0.182573 13.266600
0.183990 13.270360
0.185408 13.273748
0.186825 13.276757
0.188242 13.279379
0.189659 13.281608
0.191077 13.283438
0.192494 13.284867
0.193911 13.285890
0.195328 13.286504
0.196745 13.286709

0.196745 13.286709
0.197506 13.286457
0.198267 13.285701
0.199028 13.284445
0.199789 13.282693
0.200550 13.280452
0.201311 13.277730
0.202072 13.274539
0.202833 13.270890
0.203594 13.266797
0.204355 13.262274
0.205116 13.257337
0.205877 13.252006
0.206638 13.246297
0.207399 13.240232
0.208159 13.233830
0.208920 13.227113
0.209681 13.220105
0.210442 13.212827
0.211203 13.205304
0.211964 13.197561
0.212725 13.189624
0.213486 13.181518
0.214247 13.173272
0.215008 13.164911
0.215769 13.156467
0.216530 13.147966
0.217291 13.139441
0.218052 13.130923
0.218812 13.122443
0.219573 13.114034
0.220334 13.105732
0.221095 13.097570
0.221856 13.089586
0.222617 13.081815
0.223378 13.074296
0.224139 13.067066
0.224900 13.060165
0.225661 13.053631
0.226422 13.047503
0.227183 13.041818
0.227944 13.036614
0.228705 13.031926
0.229465 13.027787
0.230226 13.024229
0.230987 13.021278
0.231748 13.018957
0.232509 13.017285
0.233270 13.016277
0.234031 13.015940

0.234031 13.015940
0.234792 13.015941
0.235553 13.015945
0.236314 13.015951
0.237075 13.015960
0.237836 13.015972
0.238597 13.015986
0.239358 13.016002
0.240119 13.016021
0.240879 13.016041
0.241640 13.016065
0.242401 13.016090
0.243162 13.016117
0.243923 13.016146
0.244684 13.016177
0.245445 13.041728
0.246206 13.072414
0.246967 13.103251
0.247728 13.134071
0.248489 13.164720
0.249250 13.195061
0.250011 13.206898
0.250772 13.226025
0.251532 13.254728
0.252293 13.282785
0.253054 13.310152
0.253815 13.336788
0.254576 13.362653
0.255337 13.387707
0.256098 13.411911
0.256859 13.435228
0.257620 13.457619
0.258381 13.479050
0.259142 13.499485
0.259903 13.518889
0.260664 13.537228
0.261425 13.554471
0.262186 13.570586
0.262946 13.585543
0.263707 13.599311
0.264468 13.611865
0.265229 13.623176
0.265990 13.633221
0.266751 13.641978
0.267512 13.649424
0.268273 13.655543
0.269034 13.660318
0.269795 13.663739
0.270556 13.665794
0.271317 13.666480

0.271317 13.666480
0.272393 13.665229
0.273469 13.661481
0.274545 13.655253
0.275621 13.646575
0.276697 13.635484
0.277773 13.622028
0.278849 13.606259
0.279926 13.588239
0.281002 13.568031
0.282078 13.545705
0.283154 13.521330
0.284230 13.494982
0.285306 13.466735
0.286382 13.436669
0.287459 13.404865
0.288535 13.371409
0.289611 13.336396
0.290687 13.299936
0.291763 13.262178
0.292839 13.223410
0.293915 13.184683
0.294991 13.156512
0.296067 13.157655
0.297144 13.164810
0.298220 13.172683
0.299296 13.180668
0.300372 13.188596
0.301448 13.196392
0.302524 13.204007
0.303600 13.211408
0.304676 13.218567
0.305752 13.225459
0.306829 13.232063
0.307905 13.238359
0.308981 13.244329
0.310057 13.249957
0.311133 13.255228
0.312209 13.260128
0.313285 13.264644
0.314361 13.268765
0.315438 13.272481
0.316514 13.275781
0.317590 13.278659
0.318666 13.281106
0.319742 13.283116
0.320818 13.284685
0.321894 13.285809
0.322970 13.286484
0.324047 13.286709


0.000000 13.423679
0.000761 13.424712
0.001522 13.427798
0.002283 13.432900
0.003044 13.439956
0.003805 13.448884
0.004566 13.459587
0.005326 13.471954
0.006087 13.485865
0.006848 13.501196
0.007609 13.517818
0.008370 13.535607
0.009131 13.554435
0.009892 13.574184
0.010653 13.594734
0.011414 13.615975
0.012175 13.637799
0.012936 13.660103
0.013697 13.682790
0.014458 13.705768
0.015219 13.728946
0.015980 13.752240
0.016740 13.775568
0.017501 13.798849
0.018262 13.822009
0.019023 13.844973
0.019784 13.867668
0.020545 13.890024
0.021306 13.911973
0.022067 13.914603
0.022828 13.916640
0.023589 13.918717
0.024350 13.920828
0.025111 13.922969
0.025872 13.925133
0.026633 13.927312
0.027394 13.929498
0.028154 13.931679
0.028915 13.933844
0.029676 13.935977
0.030437 13.938061
0.031198 13.940073
0.031959 13.941987
0.032720 13.943773
0.033481 13.945393
0.034242 13.946808
0.035003 13.947972
0.035764 13.948843
0.036525 13.949383
0.037286 13.949566

0.037286 13.949566
0.038046 13.949281
0.038808 13.948430
0.039568 13.947036
0.040329 13.945131
0.041090 13.942759
0.041851 13.939968
0.042612 13.936817
0.043373 13.933362
0.044134 13.929662
0.044895 13.925774
0.045656 13.921751
0.046417 13.917641
0.047178 13.913489
0.047939 13.909333
0.048700 13.905207
0.049460 13.901139
0.050221 13.897153
0.050982 13.893267
0.051743 13.889497
0.052504 13.885855
0.053265 13.882349
0.054026 13.878986
0.054787 13.875770
0.055548 13.872704
0.056309 13.869788
0.057070 13.867022
0.057831 13.864405
0.058592 13.861934
0.059353 13.859608
0.060114 13.857423
0.060874 13.855377
0.061635 13.853464
0.062396 13.851684
0.063157 13.850031
0.063918 13.848502
0.064679 13.847094
0.065440 13.845805
0.066201 13.844630
0.066962 13.843567
0.067723 13.842613
0.068484 13.841767
0.069245 13.841025
0.070006 13.840386
0.070767 13.839848
0.071527 13.839410
0.072288 13.839070
0.073049 13.838828
0.073810 13.838684
0.074571 13.838635

0.074571 13.838635
0.075647 13.838786
0.076724 13.839237
0.077800 13.839981
0.078876 13.841011
0.079952 13.842311
0.081028 13.843867
0.082104 13.845659
0.083180 13.847665
0.084256 13.849860
0.085332 13.852219
0.086408 13.854714
0.087485 13.857317
0.088561 13.859997
0.089637 13.862726
0.090713 13.865473
0.091789 13.868210
0.092865 13.870909
0.093941 13.873542
0.095018 13.876084
0.096094 13.878511
0.097170 13.880800
0.098246 13.882933
0.099322 13.884890
0.100398 13.886658
0.101474 13.888223
0.102550 13.889578
0.103626 13.890713
0.104703 13.891628
0.105779 13.892321
0.106855 13.892795
0.107931 13.876709
0.109007 13.839676
0.110083 13.803046
0.111159 13.766934
0.112235 13.731471
0.113311 13.696804
0.114388 13.663099
0.115464 13.630543
0.116540 13.599349
0.117616 13.569752
0.118692 13.542017
0.119768 13.516432
0.120844 13.493308
0.121920 13.472972
0.122997 13.455752
0.124073 13.441963
0.125149 13.431886
0.126225 13.425743
0.127301 13.423679

0.127301 13.423679
0.128718 13.417412
0.130135 13.400345
0.131553 13.375867
0.132970 13.346750
0.134387 13.314703
0.135804 13.280708
0.137222 13.245339
0.138639 13.208942
0.140056 13.171738
0.141473 13.133874
0.142891 13.095455
0.144308 13.083528
0.145725 13.090233
0.147142 13.097222
0.148560 13.104454
0.149977 13.111889
0.151394 13.119486
0.152811 13.127208
0.154228 13.135019
0.155646 13.142883
0.157063 13.150768
0.158480 13.158642
0.159897 13.166474
0.161315 13.174234
0.162732 13.181897
0.164149 13.189436
0.165566 13.196825
0.166984 13.204043
0.168401 13.211066
0.169818 13.217875
0.171235 13.224448
0.172652 13.230769
0.174070 13.236818
0.175487 13.242581
0.176904 13.248043
0.178321 13.253187
0.179739 13.258003
0.181156 13.262478
0.182573 13.266600
0.183990 13.270360
0.185408 13.273748
0.186825 13.276757
0.188242 13.279379
0.189659 13.281608
0.191077 13.283438
0.192494 13.284867
0.193911 13.285890
0.195328 13.286504
0.196745 13.286709

0.196745 13.286709
0.197506 13.286736
0.198267 13.286817
0.199028 13.286952
0.199789 13.287140
0.200550 13.287380
0.201311 13.287673
0.202072 13.288016
0.202833 13.288409
0.203594 13.288850
0.204355 13.289338
0.205116 13.289871
0.205877 13.290447
0.206638 13.291064
0.207399 13.291720
0.208159 13.292413
0.208920 13.293139
0.209681 13.293897
0.210442 13.294684
0.211203 13.295496
0.211964 13.296330
0.212725 13.297184
0.213486 13.298053
0.214247 13.298935
0.215008 13.299826
0.215769 13.300722
0.216530 13.301620
0.217291 13.302516
0.218052 13.303406
0.218812 13.304286
0.219573 13.305153
0.220334 13.306003
0.221095 13.306832
0.221856 13.307636
0.222617 13.308413
0.223378 13.309157
0.224139 13.309867
0.224900 13.310539
0.225661 13.311169
0.226422 13.311755
0.227183 13.312294
0.227944 13.312783
0.228705 13.313220
0.229465 13.313604
0.230226 13.313931
0.230987 13.314202
0.231748 13.314413
0.232509 13.314565
0.233270 13.314656
0.234031 13.314687

0.234031 13.314687
0.234792 13.314405
0.235553 13.313562
0.236314 13.312160
0.237075 13.310205
0.237836 13.307705
0.238597 13.304671
0.239358 13.301114
0.240119 13.297048
0.240879 13.292489
0.241640 13.287454
0.242401 13.281963
0.243162 13.276034
0.243923 13.269691
0.244684 13.262954
0.245445 13.255849
0.246206 13.248398
0.246967 13.240629
0.247728 13.232567
0.248489 13.224239
0.249250 13.215673
0.250011 13.224968
0.250772 13.254330
0.251532 13.283046
0.252293 13.311030
0.253054 13.338203
0.253815 13.364499
0.254576 13.389859
0.255337 13.414233
0.256098 13.437581
0.256859 13.459867
0.257620 13.481063
0.258381 13.501146
0.259142 13.520099
0.259903 13.537908
0.260664 13.554565
0.261425 13.570064
0.262186 13.584400
0.262946 13.597574
0.263707 13.609586
0.264468 13.620437
0.265229 13.630132
0.265990 13.638674
0.266751 13.646066
0.267512 13.652313
0.268273 13.657418
0.269034 13.661385
0.269795 13.664216
0.270556 13.665914
0.271317 13.666480

0.271317 13.666480
0.272393 13.665229
0.273469 13.661481
0.274545 13.655253
0.275621 13.646575
0.276697 13.635484
0.277773 13.622028
0.278849 13.606259
0.279926 13.588239
0.281002 13.568031
0.282078 13.545705
0.283154 13.521330
0.284230 13.494982
0.285306 13.466735
0.286382 13.436669
0.287459 13.404865
0.288535 13.371409
0.289611 13.336396
0.290687 13.299936
0.291763 13.262178
0.292839 13.223410
0.293915 13.184683
0.294991 13.156512
0.296067 13.157655
0.297144 13.164810
0.298220 13.172683
0.299296 13.180668
0.300372 13.188596
0.301448 13.196392
0.302524 13.204007
0.303600 13.211408
0.304676 13.218567
0.305752 13.225459
0.306829 13.232063
0.307905 13.238359
0.308981 13.244329
0.310057 13.249957
0.311133 13.255228
0.312209 13.260128
0.313285 13.264644
0.314361 13.268765
0.315438 13.272481
0.316514 13.275781
0.317590 13.278659
0.318666 13.281106
0.319742 13.283116
0.320818 13.284685
0.321894 13.285809
0.322970 13.286484
0.324047 13.286709


0.000000 13.632478
0.000761 13.634743
0.001522 13.641477
0.002283 13.652511
0.003044 13.667584
0.003805 13.686377
0.004566 13.708538
0.005326 13.733709
0.006087 13.761540
0.006848 13.791700
0.007609 13.823881
0.008370 13.857798
0.009131 13.888853
0.009892 13.889822
0.010653 13.890865
0.011414 13.891981
0.012175 13.893170
0.012936 13.894430
0.013697 13.895761
0.014458 13.897161
0.015219 13.898630
0.015980 13.900164
0.016740 13.901763
0.017501 13.903426
0.018262 13.905150
0.019023 13.906933
0.019784 13.908772
0.020545 13.910666
0.021306 13.912611
0.022067 13.933446
0.022828 13.954377
0.023589 13.974703
0.024350 13.994358
0.025111 14.013282
0.025872 14.028916
0.026633 14.026216
0.027394 14.023535
0.028154 14.020886
0.028915 14.018284
0.029676 14.015744
0.030437 14.013288
0.031198 14.010939
0.031959 14.008723
0.032720 14.006674
0.033481 14.004829
0.034242 14.003229
0.035003 14.001920
0.035764 14.000945
0.036525 14.000342
0.037286 14.000138

0.037286 14.000138
0.038046 14.000002
0.038808 13.999595
0.039568 13.998916
0.040329 13.997969
0.041090 13.996755
0.041851 13.995276
0.042612 13.993537
0.043373 13.991541
0.044134 13.989293
0.044895 13.986798
0.045656 13.984063
0.046417 13.981094
0.047178 13.977898
0.047939 13.974484
0.048700 13.970860
0.049460 13.967036
0.050221 13.963023
0.050982 13.958831
0.051743 13.954472
0.052504 13.949960
0.053265 13.945307
0.054026 13.940528
0.054787 13.935639
0.055548 13.930656
0.056309 13.925596
0.057070 13.920477
0.057831 13.915318
0.058592 13.910139
0.059353 13.904962
0.060114 13.899808
0.060874 13.894700
0.061635 13.889661
0.062396 13.884717
0.063157 13.879892
0.063918 13.875211
0.064679 13.870702
0.065440 13.866389
0.066201 13.862299
0.066962 13.858459
0.067723 13.854893
0.068484 13.851627
0.069245 13.848682
0.070006 13.846082
0.070767 13.843846
0.071527 13.841991
0.072288 13.840532
0.073049 13.839481
0.073810 13.838847
0.074571 13.838635

0.074571 13.838635
0.075647 13.839004
0.076724 13.840107
0.077800 13.841930
0.078876 13.844450
0.079952 13.847637
0.081028 13.851454
0.082104 13.855858
0.083180 13.860804
0.084256 13.866241
0.085332 13.872119
0.086408 13.878386
0.087485 13.884991
0.088561 13.891883
0.089637 13.899013
0.090713 13.906335
0.091789 13.913802
0.092865 13.921373
0.093941 13.929008
0.095018 13.936667
0.096094 13.944314
0.097170 13.951917
0.098246 13.959443
0.099322 13.966860
0.100398 13.974139
0.101474 13.981252
0.102550 13.988169
0.103626 13.994860
0.104703 13.989240
0.105779 13.951579
0.106855 13.914041
0.107931 13.893056
0.109007 13.893115
0.110083 13.892983
0.111159 13.892677
0.112235 13.892214
0.113311 13.891616
0.114388 13.890907
0.115464 13.890111
0.116540 13.889256
0.117616 13.888369
0.118692 13.872004
0.119768 13.823152
0.120844 13.777605
0.121920 13.736553
0.122997 13.701014
0.124073 13.671967
0.125149 13.650355
0.126225 13.636999
0.127301 13.632478

0.127301 13.632478
0.128718 13.638338
0.130135 13.654185
0.131553 13.676629
0.132970 13.702900
0.134387 13.731292
0.135804 13.760822
0.137222 13.790922
0.138639 13.821248
0.140056 13.851582
0.141473 13.881780
0.142891 13.888734
0.144308 13.889775
0.145725 13.890903
0.147142 13.892118
0.148560 13.893420
0.149977 13.894806
0.151394 13.896277
0.152811 13.897832
0.154228 13.899469
0.155646 13.901187
0.157063 13.902985
0.158480 13.904862
0.159897 13.906816
0.161315 13.908846
0.162732 13.910951
0.164149 13.913129
0.165566 13.915379
0.166984 13.917698
0.168401 13.920084
0.169818 13.922537
0.171235 13.925054
0.172652 13.927634
0.174070 13.930273
0.175487 13.932970
0.176904 13.935722
0.178321 13.938528
0.179739 13.941385
0.181156 13.944290
0.182573 13.947241
0.183990 13.950235
0.185408 13.953269
0.186825 13.956342
0.188242 13.959448
0.189659 13.962587
0.191077 13.965755
0.192494 13.968949
0.193911 13.972165
0.195328 13.975401
0.196745 13.978653

0.196745 13.978653
0.197506 13.978653
0.198267 13.978656
0.199028 13.978659
0.199789 13.978664
0.200550 13.978671
0.201311 13.978679
0.202072 13.978688
0.202833 13.978699
0.203594 13.978711
0.204355 13.978724
0.205116 13.978739
0.205877 13.978754
0.206638 13.978771
0.207399 13.978788
0.208159 13.978807
0.208920 13.978826
0.209681 13.978846
0.210442 13.978867
0.211203 13.978889
0.211964 13.978910
0.212725 13.978933
0.213486 13.978955
0.214247 13.978978
0.215008 13.979001
0.215769 13.979024
0.216530 13.979047
0.217291 13.979070
0.218052 13.979093
0.218812 13.979115
0.219573 13.979137
0.220334 13.979158
0.221095 13.979179
0.221856 13.979199
0.222617 13.979218
0.223378 13.979237
0.224139 13.979254
0.224900 13.979271
0.225661 13.979286
0.226422 13.979300
0.227183 13.979313
0.227944 13.979325
0.228705 13.979336
0.229465 13.979345
0.230226 13.979353
0.230987 13.979360
0.231748 13.979365
0.232509 13.979368
0.233270 13.979371
0.234031 13.979371

0.234031 13.979371
0.234792 13.979468
0.235553 13.979759
0.236314 13.980241
0.237075 13.980910
0.237836 13.981761
0.238597 13.982787
0.239358 13.983981
0.240119 13.985334
0.240879 13.986835
0.241640 13.988475
0.242401 13.990242
0.243162 13.992124
0.243923 13.994110
0.244684 13.996187
0.245445 13.998342
0.246206 14.000564
0.246967 14.002840
0.247728 14.005158
0.248489 14.007508
0.249250 14.009877
0.250011 14.012255
0.250772 14.014631
0.251532 14.016996
0.252293 14.019339
0.253054 14.021654
0.253815 14.023929
0.254576 14.026159
0.255337 14.028335
0.256098 14.030451
0.256859 14.032500
0.257620 14.034476
0.258381 14.036373
0.259142 14.038187
0.259903 14.039912
0.260664 14.041545
0.261425 14.043081
0.262186 14.044517
0.262946 14.045849
0.263707 14.047075
0.264468 14.048192
0.265229 14.049197
0.265990 14.050089
0.266751 14.050865
0.267512 14.051524
0.268273 14.052066
0.269034 14.052488
0.269795 14.052790
0.270556 14.052971
0.271317 14.053032

0.271317 14.053032
0.272393 14.052988
0.273469 14.052855
0.274545 14.052628
0.275621 14.052304
0.276697 14.051874
0.277773 14.051330
0.278849 14.050666
0.279926 14.049876
0.281002 14.048953
0.282078 14.047896
0.283154 14.046702
0.284230 14.045373
0.285306 14.043909
0.286382 14.042317
0.287459 14.040600
0.288535 14.038765
0.289611 14.036821
0.290687 14.034777
0.291763 14.032640
0.292839 14.030422
0.293915 14.028132
0.294991 14.025782
0.296067 14.023383
0.297144 14.020945
0.298220 14.018479
0.299296 14.015998
0.300372 14.013511
0.301448 14.011032
0.302524 14.008569
0.303600 14.006136
0.304676 14.003742
0.305752 14.001398
0.306829 13.999116
0.307905 13.996905
0.308981 13.994776
0.310057 13.992740
0.311133 13.990806
0.312209 13.988984
0.313285 13.987283
0.314361 13.985712
0.315438 13.984281
0.316514 13.982996
0.317590 13.981866
0.318666 13.980898
0.319742 13.980097
0.320818 13.979468
0.321894 13.979016
0.322970 13.978744
0.324047 13.978653


0.000000 13.883218
0.000761 13.883257
0.001522 13.883376
0.002283 13.883573
0.003044 13.883848
0.003805 13.884203
0.004566 13.884635
0.005326 13.885146
0.006087 13.885734
0.006848 13.886399
0.007609 13.887141
0.008370 13.887959
0.009131 13.893190
0.009892 13.929816
0.010653 13.967454
0.011414 14.005897
0.012175 14.044953
0.012936 14.070079
0.013697 14.068166
0.014458 14.066167
0.015219 14.064085
0.015980 14.061924
0.016740 14.059690
0.017501 14.057385
0.018262 14.055015
0.019023 14.052584
0.019784 14.050098
0.020545 14.047561
0.021306 14.044979
0.022067 14.042359
0.022828 14.039706
0.023589 14.037028
0.024350 14.034331
0.025111 14.031624
0.025872 14.031413
0.026633 14.048692
0.027394 14.065062
0.028154 14.080468
0.028915 14.094856
0.029676 14.108177
0.030437 14.120383
0.031198 14.131430
0.031959 14.141277
0.032720 14.149889
0.033481 14.157232
0.034242 14.163278
0.035003 14.168006
0.035764 14.171396
0.036525 14.173435
0.037286 14.174115

0.037286 14.174115
0.038046 14.174588
0.038808 14.176003
0.039568 14.178360
0.040329 14.181652
0.041090 14.185872
0.041851 14.191011
0.042612 14.197059
0.043373 14.204002
0.044134 14.211825
0.044895 14.220510
0.045656 14.230039
0.046417 14.240389
0.047178 14.251538
0.047939 14.263461
0.048700 14.276128
0.049460 14.289513
0.050221 14.303582
0.050982 14.318303
0.051743 14.333641
0.052504 14.349560
0.053265 14.366020
0.054026 14.382981
0.054787 14.400402
0.055548 14.418239
0.056309 14.436447
0.057070 14.454978
0.057831 14.473785
0.058592 14.492816
0.059353 14.512018
0.060114 14.531337
0.060874 14.550715
0.061635 14.570091
0.062396 14.589400
0.063157 14.608574
0.063918 14.627538
0.064679 14.646212
0.065440 14.664506
0.066201 14.682322
0.066962 14.699549
0.067723 14.716059
0.068484 14.731708
0.069245 14.746330
0.070006 14.759733
0.070767 14.771702
0.071527 14.781999
0.072288 14.790371
0.073049 14.796573
0.073810 14.800392
0.074571 14.801682

0.074571 14.801682
0.075647 14.799109
0.076724 14.791583
0.077800 14.779605
0.078876 14.763820
0.079952 14.744868
0.081028 14.723303
0.082104 14.699573
0.083180 14.674031
0.084256 14.646948
0.085332 14.618536
0.086408 14.588963
0.087485 14.558362
0.088561 14.526843
0.089637 14.494498
0.090713 14.461405
0.091789 14.427632
0.092865 14.393242
0.093941 14.358291
0.095018 14.322832
0.096094 14.286916
0.097170 14.250592
0.098246 14.213911
0.099322 14.176922
0.100398 14.139676
0.101474 14.102227
0.102550 14.064630
0.103626 14.026947
0.104703 14.001293
0.105779 14.007432
0.106855 14.013233
0.107931 14.018635
0.109007 14.023552
0.110083 14.027849
0.111159 14.031277
0.112235 14.033336
0.113311 14.032863
0.114388 14.026774
0.115464 14.007805
0.116540 13.970449
0.117616 13.922363
0.118692 13.887480
0.119768 13.886615
0.120844 13.885801
0.121920 13.885065
0.122997 13.884428
0.124073 13.883911
0.125149 13.883530
0.126225 13.883297
0.127301 13.883218

0.127301 13.883218
0.128718 13.883264
0.130135 13.883401
0.131553 13.883630
0.132970 13.883951
0.134387 13.884363
0.135804 13.884866
0.137222 13.885460
0.138639 13.886144
0.140056 13.886918
0.141473 13.887781
0.142891 13.911745
0.144308 13.941406
0.145725 13.970711
0.147142 13.999623
0.148560 14.028110
0.149977 14.056152
0.151394 14.070248
0.152811 14.068329
0.154228 14.066317
0.155646 14.064215
0.157063 14.062026
0.158480 14.059752
0.159897 14.057397
0.161315 14.054963
0.162732 14.052454
0.164149 14.049873
0.165566 14.047222
0.166984 14.044507
0.168401 14.041729
0.169818 14.038892
0.171235 14.036001
0.172652 14.033058
0.174070 14.030066
0.175487 14.027031
0.176904 14.023955
0.178321 14.020841
0.179739 14.017694
0.181156 14.014518
0.182573 14.011315
0.183990 14.008090
0.185408 14.004846
0.186825 14.001587
0.188242 13.998317
0.189659 13.995039
0.191077 13.991756
0.192494 13.988473
0.193911 13.985192
0.195328 13.981917
0.196745 13.978653

0.196745 13.978653
0.197506 13.978743
0.198267 13.979013
0.199028 13.979461
0.199789 13.980084
0.200550 13.980876
0.201311 13.981833
0.202072 13.982948
0.202833 13.984213
0.203594 13.985620
0.204355 13.987159
0.205116 13.988820
0.205877 13.990593
0.206638 13.992467
0.207399 13.994432
0.208159 13.996475
0.208920 13.998587
0.209681 14.000755
0.210442 14.002969
0.211203 14.005218
0.211964 14.007490
0.212725 14.009777
0.213486 14.012068
0.214247 14.014352
0.215008 14.016622
0.215769 14.018868
0.216530 14.021082
0.217291 14.023255
0.218052 14.025380
0.218812 14.027451
0.219573 14.029460
0.220334 14.031401
0.221095 14.033268
0.221856 14.035055
0.222617 14.036759
0.223378 14.038373
0.224139 14.039894
0.224900 14.041317
0.225661 14.042640
0.226422 14.043858
0.227183 14.044969
0.227944 14.045970
0.228705 14.046858
0.229465 14.047632
0.230226 14.048290
0.230987 14.048831
0.231748 14.049252
0.232509 14.049554
0.233270 14.049735
0.234031 14.049796

0.234031 14.049796
0.234792 14.049806
0.235553 14.049838
0.236314 14.049890
0.237075 14.049963
0.237836 14.050056
0.238597 14.050168
0.239358 14.050298
0.240119 14.050447
0.240879 14.050611
0.241640 14.050792
0.242401 14.050986
0.243162 14.051193
0.243923 14.051410
0.244684 14.051637
0.245445 14.051872
0.246206 14.052112
0.246967 14.052355
0.247728 14.052599
0.248489 14.052842
0.249250 14.053081
0.250011 14.053314
0.250772 14.053539
0.251532 14.053753
0.252293 14.053953
0.253054 14.054137
0.253815 14.054303
0.254576 14.054449
0.255337 14.054571
0.256098 14.054670
0.256859 14.054742
0.257620 14.054787
0.258381 14.054804
0.259142 14.054794
0.259903 14.054755
0.260664 14.054690
0.261425 14.054600
0.262186 14.054487
0.262946 14.054355
0.263707 14.054207
0.264468 14.054048
0.265229 14.053883
0.265990 14.053719
0.266751 14.053560
0.267512 14.053413
0.268273 14.053284
0.269034 14.053177
0.269795 14.053097
0.270556 14.053048
0.271317 14.053032

0.271317 14.053032
0.272393 14.052988
0.273469 14.052855
0.274545 14.052628
0.275621 14.052304
0.276697 14.051874
0.277773 14.051330
0.278849 14.050666
0.279926 14.049876
0.281002 14.048953
0.282078 14.047896
0.283154 14.046702
0.284230 14.045373
0.285306 14.043909
0.286382 14.042317
0.287459 14.040600
0.288535 14.038765
0.289611 14.036821
0.290687 14.034777
0.291763 14.032640
0.292839 14.030422
0.293915 14.028132
0.294991 14.025782
0.296067 14.023383
0.297144 14.020945
0.298220 14.018479
0.299296 14.015998
0.300372 14.013511
0.301448 14.011032
0.302524 14.008569
0.303600 14.006136
0.304676 14.003742
0.305752 14.001398
0.306829 13.999116
0.307905 13.996905
0.308981 13.994776
0.310057 13.992740
0.311133 13.990806
0.312209 13.988984
0.313285 13.987283
0.314361 13.985712
0.315438 13.984281
0.316514 13.982996
0.317590 13.981866
0.318666 13.980898
0.319742 13.980097
0.320818 13.979468
0.321894 13.979016
0.322970 13.978744
0.324047 13.978653


0.000000 14.086701
0.000761 14.086641
0.001522 14.086461
0.002283 14.086161
0.003044 14.085742
0.003805 14.085204
0.004566 14.084549
0.005326 14.083778
0.006087 14.082892
0.006848 14.081892
0.007609 14.080782
0.008370 14.079561
0.009131 14.078234
0.009892 14.076801
0.010653 14.075267
0.011414 14.073633
0.012175 14.071903
0.012936 14.084442
0.013697 14.124194
0.014458 14.164048
0.015219 14.203853
0.015980 14.243464
0.016740 14.282743
0.017501 14.321560
0.018262 14.359790
0.019023 14.397315
0.019784 14.434023
0.020545 14.469807
0.021306 14.504568
0.022067 14.538212
0.022828 14.570651
0.023589 14.601805
0.024350 14.631599
0.025111 14.659965
0.025872 14.686843
0.026633 14.712177
0.027394 14.735920
0.028154 14.758029
0.028915 14.778468
0.029676 14.797206
0.030437 14.814218
0.031198 14.829482
0.031959 14.842980
0.032720 14.854701
0.033481 14.864633
0.034242 14.872768
0.035003 14.879100
0.035764 14.883626
0.036525 14.886343
0.037286 14.887248

0.037286 14.887248
0.038046 14.888829
0.038808 14.893562
0.039568 14.901410
0.040329 14.912321
0.041090 14.926219
0.041851 14.943014
0.042612 14.962604
0.043373 14.984876
0.044134 15.009712
0.044895 15.015398
0.045656 15.015110
0.046417 15.014803
0.047178 15.014476
0.047939 15.014134
0.048700 15.013776
0.049460 15.013406
0.050221 15.013026
0.050982 15.012636
0.051743 15.012239
0.052504 15.011837
0.053265 15.011431
0.054026 15.011024
0.054787 15.010616
0.055548 15.010211
0.056309 15.009808
0.057070 15.009411
0.057831 15.009020
0.058592 15.008637
0.059353 15.008263
0.060114 15.007899
0.060874 15.007547
0.061635 15.007208
0.062396 15.006883
0.063157 15.006572
0.063918 15.006278
0.064679 15.006000
0.065440 15.005739
0.066201 15.005497
0.066962 15.005273
0.067723 15.005069
0.068484 15.004885
0.069245 15.004722
0.070006 15.004579
0.070767 15.004458
0.071527 15.004358
0.072288 15.004280
0.073049 15.004225
0.073810 15.004191
0.074571 15.004180

0.074571 15.004180
0.075647 15.004204
0.076724 15.004274
0.077800 15.004390
0.078876 15.004552
0.079952 15.004759
0.081028 15.005010
0.082104 15.005304
0.083180 15.005638
0.084256 15.006012
0.085332 15.006423
0.086408 15.006869
0.087485 15.007348
0.088561 15.007856
0.089637 15.008392
0.090713 15.008952
0.091789 15.009534
0.092865 15.010133
0.093941 15.010746
0.095018 15.011370
0.096094 15.012001
0.097170 15.012634
0.098246 15.013267
0.099322 15.013895
0.100398 15.014513
0.101474 15.015118
0.102550 14.937959
0.103626 14.860415
0.104703 14.783425
0.105779 14.707110
0.106855 14.631613
0.107931 14.557102
0.109007 14.483787
0.110083 14.411947
0.111159 14.341988
0.112235 14.274592
0.113311 14.211131
0.114388 14.154921
0.115464 14.113499
0.116540 14.092683
0.117616 14.085179
0.118692 14.082953
0.119768 14.082722
0.120844 14.083269
0.121920 14.084084
0.122997 14.084925
0.124073 14.085663
0.125149 14.086229
0.126225 14.086582
0.127301 14.086701

0.127301 14.086701
0.128718 14.086642
0.130135 14.086466
0.131553 14.086172
0.132970 14.085761
0.134387 14.085234
0.135804 14.084591
0.137222 14.083834
0.138639 14.082962
0.140056 14.081979
0.141473 14.080884
0.142891 14.079679
0.144308 14.078366
0.145725 14.076947
0.147142 14.075423
0.148560 14.073798
0.149977 14.072072
0.151394 14.083729
0.152811 14.110828
0.154228 14.137439
0.155646 14.163554
0.157063 14.189167
0.158480 14.214275
0.159897 14.238875
0.161315 14.262967
0.162732 14.286553
0.164149 14.309635
0.165566 14.332216
0.166984 14.354301
0.168401 14.375896
0.169818 14.397007
0.171235 14.417641
0.172652 14.437807
0.174070 14.457512
0.175487 14.476766
0.176904 14.495578
0.178321 14.513957
0.179739 14.531915
0.181156 14.549460
0.182573 14.566602
0.183990 14.583353
0.185408 14.599722
0.186825 14.615718
0.188242 14.631353
0.189659 14.646634
0.191077 14.661571
0.192494 14.676174
0.193911 14.690450
0.195328 14.704407
0.196745 14.718054

0.196745 14.718054
0.197506 14.718365
0.198267 14.719296
0.199028 14.720848
0.199789 14.723018
0.200550 14.725803
0.201311 14.729201
0.202072 14.733207
0.202833 14.737816
0.203594 14.743022
0.204355 14.748818
0.205116 14.755196
0.205877 14.762148
0.206638 14.769663
0.207399 14.777730
0.208159 14.786336
0.208920 14.795466
0.209681 14.805106
0.210442 14.815237
0.211203 14.825842
0.211964 14.836898
0.212725 14.848384
0.213486 14.860275
0.214247 14.872544
0.215008 14.885162
0.215769 14.898097
0.216530 14.911314
0.217291 14.924778
0.218052 14.938447
0.218812 14.952279
0.219573 14.966225
0.220334 14.980236
0.221095 14.994254
0.221856 15.008220
0.222617 15.021395
0.223378 15.021391
0.224139 15.021386
0.224900 15.021382
0.225661 15.021379
0.226422 15.021375
0.227183 15.021372
0.227944 15.021369
0.228705 15.021367
0.229465 15.021365
0.230226 15.021363
0.230987 15.021361
0.231748 15.021360
0.232509 15.021359
0.233270 15.021358
0.234031 15.021358

0.234031 15.021358
0.234792 15.021346
0.235553 15.021308
0.236314 15.021245
0.237075 15.021158
0.237836 15.021047
0.238597 15.020913
0.239358 15.020757
0.240119 15.020581
0.240879 15.020384
0.241640 15.020169
0.242401 15.019938
0.243162 15.019691
0.243923 15.019430
0.244684 15.019156
0.245445 15.018873
0.246206 15.018580
0.246967 15.018279
0.247728 15.017973
0.248489 15.017663
0.249250 15.017350
0.250011 15.017035
0.250772 15.016721
0.251532 15.016408
0.252293 15.016097
0.253054 15.015791
0.253815 15.015490
0.254576 15.015195
0.255337 15.014907
0.256098 15.014627
0.256859 15.014356
0.257620 15.014095
0.258381 15.013844
0.259142 15.013605
0.259903 15.013377
0.260664 15.013162
0.261425 15.012960
0.262186 15.012771
0.262946 15.012595
0.263707 15.012434
0.264468 15.012287
0.265229 15.012155
0.265990 15.012038
0.266751 15.011936
0.267512 15.011850
0.268273 15.011779
0.269034 15.011723
0.269795 15.011684
0.270556 15.011660
0.271317 15.011652

0.271317 15.011652
0.272393 15.011670
0.273469 15.011723
0.274545 15.011810
0.275621 15.011929
0.276697 15.012075
0.277773 15.012246
0.278849 15.012436
0.279926 15.012640
0.281002 15.012854
0.282078 15.013070
0.283154 15.013282
0.284230 15.013485
0.285306 15.013671
0.286382 15.013831
0.287459 15.013955
0.288535 15.014031
0.289611 15.014042
0.290687 15.013961
0.291763 15.013749
0.292839 15.013336
0.293915 15.012599
0.294991 15.011296
0.296067 15.008938
0.297144 15.004633
0.298220 14.997366
0.299296 14.987029
0.300372 14.974457
0.301448 14.960466
0.302524 14.945556
0.303600 14.930033
0.304676 14.914110
0.305752 14.897956
0.306829 14.881726
0.307905 14.865563
0.308981 14.849611
0.310057 14.834007
0.311133 14.818890
0.312209 14.804394
0.313285 14.790650
0.314361 14.777784
0.315438 14.765915
0.316514 14.755155
0.317590 14.745608
0.318666 14.737365
0.319742 14.730506
0.320818 14.725099
0.321894 14.721198
0.322970 14.718842
0.324047 14.718054


0.000000 15.013069
0.000761 15.013073
0.001522 15.013086
0.002283 15.013108
0.003044 15.013138
0.003805 15.013177
0.004566 15.013224
0.005326 15.013278
0.006087 15.013341
0.006848 15.013411
0.007609 15.013487
0.008370 15.013571
0.009131 15.013661
0.009892 15.013757
0.010653 15.013858
0.011414 15.013963
0.012175 15.014074
0.012936 15.014188
0.013697 15.014305
0.014458 15.014425
0.015219 15.014547
0.015980 15.014670
0.016740 15.014795
0.017501 15.014920
0.018262 15.015044
0.019023 15.015168
0.019784 15.015290
0.020545 15.015410
0.021306 15.015528
0.022067 15.015643
0.022828 15.015755
0.023589 15.015863
0.024350 15.015966
0.025111 15.016065
0.025872 15.016159
0.026633 15.016248
0.027394 15.016331
0.028154 15.016409
0.028915 15.016481
0.029676 15.016547
0.030437 15.016607
0.031198 15.016660
0.031959 15.016708
0.032720 15.016749
0.033481 15.016784
0.034242 15.016812
0.035003 15.016834
0.035764 15.016850
0.036525 15.016860
0.037286 15.016863

0.037286 15.016863
0.038046 15.016847
0.038808 15.016801
0.039568 15.016724
0.040329 15.016617
0.041090 15.016481
0.041851 15.016317
0.042612 15.016125
0.043373 15.015907
0.044134 15.015664
0.044895 15.021460
0.045656 15.021453
0.046417 15.021444
0.047178 15.021432
0.047939 15.021417
0.048700 15.021399
0.049460 15.021376
0.050221 15.021348
0.050982 15.021314
0.051743 15.021273
0.052504 15.021223
0.053265 15.021165
0.054026 15.021095
0.054787 15.021013
0.055548 15.020916
0.056309 15.020802
0.057070 15.020669
0.057831 15.020513
0.058592 15.020331
0.059353 15.020120
0.060114 15.019873
0.060874 15.019587
0.061635 15.019254
0.062396 15.018868
0.063157 15.018420
0.063918 15.017901
0.064679 15.017301
0.065440 15.016608
0.066201 15.015811
0.066962 15.014901
0.067723 15.013871
0.068484 15.012718
0.069245 15.011452
0.070006 15.010096
0.070767 15.008698
0.071527 15.007327
0.072288 15.006080
0.073049 15.005071
0.073810 15.004411
0.074571 15.004180

0.074571 15.004180
0.075647 15.004635
0.076724 15.005879
0.077800 15.007626
0.078876 15.009557
0.079952 15.011427
0.081028 15.013094
0.082104 15.014504
0.083180 15.015653
0.084256 15.016563
0.085332 15.017266
0.086408 15.017794
0.087485 15.018177
0.088561 15.018439
0.089637 15.018602
0.090713 15.018682
0.091789 15.018694
0.092865 15.018650
0.093941 15.018559
0.095018 15.018429
0.096094 15.018267
0.097170 15.018080
0.098246 15.017871
0.099322 15.017645
0.100398 15.017407
0.101474 15.015951
0.102550 15.015706
0.103626 15.016273
0.104703 15.016385
0.105779 15.016126
0.106855 15.015869
0.107931 15.015616
0.109007 15.015370
0.110083 15.015131
0.111159 15.014900
0.112235 15.014680
0.113311 15.014470
0.114388 15.014272
0.115464 15.014087
0.116540 15.013916
0.117616 15.013759
0.118692 15.013617
0.119768 15.013490
0.120844 15.013380
0.121920 15.013285
0.122997 15.013208
0.124073 15.013147
0.125149 15.013104
0.126225 15.013077
0.127301 15.013069

0.127301 15.013069
0.128718 15.013076
0.130135 15.013096
0.131553 15.013129
0.132970 15.013176
0.134387 15.013237
0.135804 15.013310
0.137222 15.013396
0.138639 15.013494
0.140056 15.013605
0.141473 15.013727
0.142891 15.013861
0.144308 15.014005
0.145725 15.014161
0.147142 15.014326
0.148560 15.014500
0.149977 15.014684
0.151394 15.012753
0.152811 15.007611
0.154228 15.002193
0.155646 14.996501
0.157063 14.990537
0.158480 14.984304
0.159897 14.977803
0.161315 14.971038
0.162732 14.964010
0.164149 14.956721
0.165566 14.949173
0.166984 14.941368
0.168401 14.933307
0.169818 14.924991
0.171235 14.916421
0.172652 14.907599
0.174070 14.898524
0.175487 14.889198
0.176904 14.879619
0.178321 14.869787
0.179739 14.859702
0.181156 14.849363
0.182573 14.838767
0.183990 14.827913
0.185408 14.816798
0.186825 14.805420
0.188242 14.793775
0.189659 14.781860
0.191077 14.769669
0.192494 14.757199
0.193911 14.744443
0.195328 14.731397
0.196745 14.718054

0.196745 14.718054
0.197506 14.718532
0.198267 14.719963
0.199028 14.722339
0.199789 14.725650
0.200550 14.729876
0.201311 14.734997
0.202072 14.740985
0.202833 14.747808
0.203594 14.755429
0.204355 14.763806
0.205116 14.772893
0.205877 14.782639
0.206638 14.792988
0.207399 14.803882
0.208159 14.815256
0.208920 14.827046
0.209681 14.839183
0.210442 14.851598
0.211203 14.864219
0.211964 14.876975
0.212725 14.889795
0.213486 14.902612
0.214247 14.915356
0.215008 14.927965
0.215769 14.940378
0.216530 14.952538
0.217291 14.964393
0.218052 14.975897
0.218812 14.987007
0.219573 14.997687
0.220334 15.007904
0.221095 15.017634
0.221856 15.021400
0.222617 15.021435
0.223378 15.021432
0.224139 15.021429
0.224900 15.021426
0.225661 15.021423
0.226422 15.021421
0.227183 15.021419
0.227944 15.021417
0.228705 15.021415
0.229465 15.021413
0.230226 15.021412
0.230987 15.021411
0.231748 15.021410
0.232509 15.021409
0.233270 15.021409
0.234031 15.021409

0.234031 15.021409
0.234792 15.021399
0.235553 15.021369
0.236314 15.021319
0.237075 15.021249
0.237836 15.021160
0.238597 15.021052
0.239358 15.020926
0.240119 15.020781
0.240879 15.020619
0.241640 15.020440
0.242401 15.020245
0.243162 15.020034
0.243923 15.019810
0.244684 15.019572
0.245445 15.019321
0.246206 15.019059
0.246967 15.018786
0.247728 15.018504
0.248489 15.018214
0.249250 15.017918
0.250011 15.017615
0.250772 15.017308
0.251532 15.016998
0.252293 15.016686
0.253054 15.016373
0.253815 15.016061
0.254576 15.015751
0.255337 15.015444
0.256098 15.015142
0.256859 15.014845
0.257620 15.014555
0.258381 15.014273
0.259142 15.014001
0.259903 15.013739
0.260664 15.013488
0.261425 15.013250
0.262186 15.013026
0.262946 15.012815
0.263707 15.012620
0.264468 15.012442
0.265229 15.012279
0.265990 15.012135
0.266751 15.012008
0.267512 15.011900
0.268273 15.011811
0.269034 15.011742
0.269795 15.011692
0.270556 15.011662
0.271317 15.011652

0.271317 15.011652
0.272393 15.011670
0.273469 15.011723
0.274545 15.011810
0.275621 15.011929
0.276697 15.012075
0.277773 15.012246
0.278849 15.012436
0.279926 15.012640
0.281002 15.012854
0.282078 15.013070
0.283154 15.013282
0.284230 15.013485
0.285306 15.013671
0.286382 15.013831
0.287459 15.013955
0.288535 15.014031
0.289611 15.014042
0.290687 15.013961
0.291763 15.013749
0.292839 15.013336
0.293915 15.012599
0.294991 15.011296
0.296067 15.008938
0.297144 15.004633
0.298220 14.997366
0.299296 14.987029
0.300372 14.974457
0.301448 14.960466
0.302524 14.945556
0.303600 14.930033
0.304676 14.914110
0.305752 14.897956
0.306829 14.881726
0.307905 14.865563
0.308981 14.849611
0.310057 14.834007
0.311133 14.818890
0.312209 14.804394
0.313285 14.790650
0.314361 14.777784
0.315438 14.765915
0.316514 14.755155
0.317590 14.745608
0.318666 14.737365
0.319742 14.730506
0.320818 14.725099
0.321894 14.721198
0.322970 14.718842
0.324047 14.718054


0.000000 15.020641
0.000761 15.020641
0.001522 15.020643
0.002283 15.020645
0.003044 15.020648
0.003805 15.020652
0.004566 15.020657
0.005326 15.020662
0.006087 15.020669
0.006848 15.020677
0.007609 15.020685
0.008370 15.020695
0.009131 15.020705
0.009892 15.020717
0.010653 15.020729
0.011414 15.020743
0.012175 15.020757
0.012936 15.020773
0.013697 15.020790
0.014458 15.020808
0.015219 15.020827
0.015980 15.020847
0.016740 15.020869
0.017501 15.020891
0.018262 15.020915
0.019023 15.020939
0.019784 15.020965
0.020545 15.020992
0.021306 15.021019
0.022067 15.021047
0.022828 15.021076
0.023589 15.021106
0.024350 15.021135
0.025111 15.021165
0.025872 15.021195
0.026633 15.021225
0.027394 15.021254
0.028154 15.021282
0.028915 15.021309
0.029676 15.021335
0.030437 15.021360
0.031198 15.021383
0.031959 15.021404
0.032720 15.021422
0.033481 15.021438
0.034242 15.021451
0.035003 15.021462
0.035764 15.021470
0.036525 15.021474
0.037286 15.021476

0.037286 15.021476
0.038046 15.021476
0.038808 15.021476
0.039568 15.021476
0.040329 15.021475
0.041090 15.021474
0.041851 15.021473
0.042612 15.021471
0.043373 15.021469
0.044134 15.021465
0.044895 15.036988
0.045656 15.066579
0.046417 15.098360
0.047178 15.125703
0.047939 15.126196
0.048700 15.126712
0.049460 15.127248
0.050221 15.127801
0.050982 15.128369
0.051743 15.128949
0.052504 15.129539
0.053265 15.130135
0.054026 15.130737
0.054787 15.131340
0.055548 15.131942
0.056309 15.132541
0.057070 15.133135
0.057831 15.133722
0.058592 15.134298
0.059353 15.134863
0.060114 15.135413
0.060874 15.135948
0.061635 15.136464
0.062396 15.136961
0.063157 15.137436
0.063918 15.137888
0.064679 15.138316
0.065440 15.138718
0.066201 15.139092
0.066962 15.139438
0.067723 15.139755
0.068484 15.140040
0.069245 15.140295
0.070006 15.140517
0.070767 15.140706
0.071527 15.140861
0.072288 15.140982
0.073049 15.141069
0.073810 15.141122
0.074571 15.141139

0.074571 15.141139
0.075647 15.140993
0.076724 15.140556
0.077800 15.139834
0.078876 15.138834
0.079952 15.137568
0.081028 15.136049
0.082104 15.134294
0.083180 15.132319
0.084256 15.130145
0.085332 15.127793
0.086408 15.125283
0.087485 15.122638
0.088561 15.119879
0.089637 15.117028
0.090713 15.114106
0.091789 15.111135
0.092865 15.108132
0.093941 15.105117
0.095018 15.102108
0.096094 15.099120
0.097170 15.096170
0.098246 15.093271
0.099322 15.090435
0.100398 15.087676
0.101474 15.017159
0.102550 15.016904
0.103626 15.016645
0.104703 15.016814
0.105779 15.017326
0.106855 15.017806
0.107931 15.018251
0.109007 15.018658
0.110083 15.019024
0.111159 15.019350
0.112235 15.019634
0.113311 15.019877
0.114388 15.020080
0.115464 15.020245
0.116540 15.020375
0.117616 15.020473
0.118692 15.020544
0.119768 15.020592
0.120844 15.020622
0.121920 15.020638
0.122997 15.020645
0.124073 15.020645
0.125149 15.020644
0.126225 15.020642
0.127301 15.020641

0.127301 15.020641
0.128718 15.020644
0.130135 15.020652
0.131553 15.020667
0.132970 15.020686
0.134387 15.020712
0.135804 15.020742
0.137222 15.020778
0.138639 15.020818
0.140056 15.020863
0.141473 15.020913
0.142891 15.020966
0.144308 15.021023
0.145725 15.021084
0.147142 15.021147
0.148560 15.021213
0.149977 15.017615
0.151394 15.014876
0.152811 15.015076
0.154228 15.015283
0.155646 15.015496
0.157063 15.015715
0.158480 15.015940
0.159897 15.016168
0.161315 15.016401
0.162732 15.016637
0.164149 15.016875
0.165566 15.017115
0.166984 15.017355
0.168401 15.017596
0.169818 15.017837
0.171235 15.018076
0.172652 15.018314
0.174070 15.018549
0.175487 15.018781
0.176904 15.019010
0.178321 15.019234
0.179739 15.019453
0.181156 15.019667
0.182573 15.019875
0.183990 15.020076
0.185408 15.020270
0.186825 15.020457
0.188242 15.020636
0.189659 15.020808
0.191077 15.020970
0.192494 15.021124
0.193911 15.021269
0.195328 15.021404
0.196745 15.021530

0.196745 15.021530
0.197506 15.021530
0.198267 15.021529
0.199028 15.021529
0.199789 15.021527
0.200550 15.021526
0.201311 15.021524
0.202072 15.021522
0.202833 15.021519
0.203594 15.021516
0.204355 15.021513
0.205116 15.021510
0.205877 15.021506
0.206638 15.021502
0.207399 15.021498
0.208159 15.021493
0.208920 15.021489
0.209681 15.021484
0.210442 15.021479
0.211203 15.021474
0.211964 15.021469
0.212725 15.021463
0.213486 15.021458
0.214247 15.021452
0.215008 15.021447
0.215769 15.021441
0.216530 15.021436
0.217291 15.021430
0.218052 15.021425
0.218812 15.021420
0.219573 15.021414
0.220334 15.021409
0.221095 15.021404
0.221856 15.021438
0.222617 15.022068
0.223378 15.035728
0.224139 15.049120
0.224900 15.058315
0.225661 15.064782
0.226422 15.070682
0.227183 15.076013
0.227944 15.080775
0.228705 15.084969
0.229465 15.088598
0.230226 15.091664
0.230987 15.094168
0.231748 15.096113
0.232509 15.097501
0.233270 15.098334
0.234031 15.098611

0.234031 15.098611
0.234792 15.098625
0.235553 15.098668
0.236314 15.098741
0.237075 15.098845
0.237836 15.098982
0.238597 15.099154
0.239358 15.099365
0.240119 15.099618
0.240879 15.099916
0.241640 15.100265
0.242401 15.100668
0.243162 15.101132
0.243923 15.101661
0.244684 15.102260
0.245445 15.102937
0.246206 15.103695
0.246967 15.104542
0.247728 15.105483
0.248489 15.106523
0.249250 15.107668
0.250011 15.108922
0.250772 15.110289
0.251532 15.111772
0.252293 15.113374
0.253054 15.115095
0.253815 15.116936
0.254576 15.118894
0.255337 15.120966
0.256098 15.123148
0.256859 15.125430
0.257620 15.127804
0.258381 15.130256
0.259142 15.132774
0.259903 15.135338
0.260664 15.137929
0.261425 15.140525
0.262186 15.143100
0.262946 15.145628
0.263707 15.148080
0.264468 15.150425
0.265229 15.152633
0.265990 15.154672
0.266751 15.156513
0.267512 15.158126
0.268273 15.159486
0.269034 15.160569
0.269795 15.161357
0.270556 15.161836
0.271317 15.161996

0.271317 15.161996
0.272393 15.161827
0.273469 15.161317
0.274545 15.160461
0.275621 15.159250
0.276697 15.157673
0.277773 15.155713
0.278849 15.153352
0.279926 15.150570
0.281002 15.147342
0.282078 15.143643
0.283154 15.139447
0.284230 15.134727
0.285306 15.129455
0.286382 15.123606
0.287459 15.117158
0.288535 15.110091
0.289611 15.102396
0.290687 15.094074
0.291763 15.085147
0.292839 15.075670
0.293915 15.065763
0.294991 15.055672
0.296067 15.045896
0.297144 15.037351
0.298220 15.031088
0.299296 15.027259
0.300372 15.025087
0.301448 15.023826
0.302524 15.023055
0.303600 15.022561
0.304676 15.022233
0.305752 15.022009
0.306829 15.021854
0.307905 15.021746
0.308981 15.021670
0.310057 15.021618
0.311133 15.021582
0.312209 15.021557
0.313285 15.021541
0.314361 15.021532
0.315438 15.021527
0.316514 15.021524
0.317590 15.021524
0.318666 15.021525
0.319742 15.021526
0.320818 15.021528
0.321894 15.021529
0.322970 15.021530
0.324047 15.021530


0.000000 15.055876
0.000761 15.055895
0.001522 15.055950
0.002283 15.056043
0.003044 15.056173
0.003805 15.056343
0.004566 15.056553
0.005326 15.056805
0.006087 15.057101
0.006848 15.057443
0.007609 15.057833
0.008370 15.058275
0.009131 15.058771
0.009892 15.059324
0.010653 15.059939
0.011414 15.060619
0.012175 15.061368
0.012936 15.062190
0.013697 15.063091
0.014458 15.064075
0.015219 15.065146
0.015980 15.066310
0.016740 15.067572
0.017501 15.068936
0.018262 15.070406
0.019023 15.071987
0.019784 15.073683
0.020545 15.075496
0.021306 15.077428
0.022067 15.079480
0.022828 15.081651
0.023589 15.083939
0.024350 15.086338
0.025111 15.088841
0.025872 15.091438
0.026633 15.094114
0.027394 15.096850
0.028154 15.099625
0.028915 15.102412
0.029676 15.105178
0.030437 15.107886
0.031198 15.110495
0.031959 15.112960
0.032720 15.115233
0.033481 15.117265
0.034242 15.119009
0.035003 15.120418
0.035764 15.121455
0.036525 15.122090
0.037286 15.122304

0.037286 15.122304
0.038046 15.122326
0.038808 15.122391
0.039568 15.122499
0.040329 15.122650
0.041090 15.122843
0.041851 15.123076
0.042612 15.123348
0.043373 15.123657
0.044134 15.124003
0.044895 15.124382
0.045656 15.124794
0.046417 15.125235
0.047178 15.132208
0.047939 15.168000
0.048700 15.205617
0.049460 15.244943
0.050221 15.285867
0.050982 15.327599
0.051743 15.323297
0.052504 15.318757
0.053265 15.313978
0.054026 15.308957
0.054787 15.303695
0.055548 15.298188
0.056309 15.292438
0.057070 15.286443
0.057831 15.280204
0.058592 15.273724
0.059353 15.267005
0.060114 15.260056
0.060874 15.252883
0.061635 15.245500
0.062396 15.237925
0.063157 15.230181
0.063918 15.222298
0.064679 15.214317
0.065440 15.206286
0.066201 15.198268
0.066962 15.190338
0.067723 15.182586
0.068484 15.175118
0.069245 15.168056
0.070006 15.161531
0.070767 15.155686
0.071527 15.150662
0.072288 15.146592
0.073049 15.143594
0.073810 15.141758
0.074571 15.141139

0.074571 15.141139
0.075647 15.142485
0.076724 15.146450
0.077800 15.152826
0.078876 15.161295
0.079952 15.171473
0.081028 15.182964
0.082104 15.195392
0.083180 15.208434
0.084256 15.221820
0.085332 15.235337
0.086408 15.248818
0.087485 15.262139
0.088561 15.275203
0.089637 15.287944
0.090713 15.300311
0.091789 15.312271
0.092865 15.323802
0.093941 15.334892
0.095018 15.345535
0.096094 15.355732
0.097170 15.330627
0.098246 15.251706
0.099322 15.172905
0.100398 15.094294
0.101474 15.085003
0.102550 15.082425
0.103626 15.079952
0.104703 15.077590
0.105779 15.075345
0.106855 15.073224
0.107931 15.071229
0.109007 15.069365
0.110083 15.067633
0.111159 15.066034
0.112235 15.064568
0.113311 15.063233
0.114388 15.062028
0.115464 15.060948
0.116540 15.059990
0.117616 15.059148
0.118692 15.058416
0.119768 15.057789
0.120844 15.057261
0.121920 15.056825
0.122997 15.056477
0.124073 15.056211
0.125149 15.056024
0.126225 15.055913
0.127301 15.055876

0.127301 15.055876
0.128718 15.055725
0.130135 15.055271
0.131553 15.054514
0.132970 15.053455
0.134387 15.052096
0.135804 15.050435
0.137222 15.048475
0.138639 15.046217
0.140056 15.043663
0.141473 15.040813
0.142891 15.037669
0.144308 15.034234
0.145725 15.030509
0.147142 15.026496
0.148560 15.022197
0.149977 15.021280
0.151394 15.021350
0.152811 15.021420
0.154228 15.021491
0.155646 15.021562
0.157063 15.021633
0.158480 15.021703
0.159897 15.021772
0.161315 15.021838
0.162732 15.021902
0.164149 15.021963
0.165566 15.022020
0.166984 15.022074
0.168401 15.022123
0.169818 15.022166
0.171235 15.022205
0.172652 15.022237
0.174070 15.022262
0.175487 15.022281
0.176904 15.022293
0.178321 15.022297
0.179739 15.022292
0.181156 15.022280
0.182573 15.022259
0.183990 15.022229
0.185408 15.022189
0.186825 15.022141
0.188242 15.022083
0.189659 15.022015
0.191077 15.021938
0.192494 15.021850
0.193911 15.021753
0.195328 15.021647
0.196745 15.021530

0.196745 15.021530
0.197506 15.021530
0.198267 15.021530
0.199028 15.021529
0.199789 15.021528
0.200550 15.021527
0.201311 15.021526
0.202072 15.021524
0.202833 15.021522
0.203594 15.021520
0.204355 15.021518
0.205116 15.021516
0.205877 15.021513
0.206638 15.021510
0.207399 15.021507
0.208159 15.021504
0.208920 15.021501
0.209681 15.021498
0.210442 15.021494
0.211203 15.021490
0.211964 15.021487
0.212725 15.021483
0.213486 15.021479
0.214247 15.021475
0.215008 15.021471
0.215769 15.021468
0.216530 15.021464
0.217291 15.021460
0.218052 15.021456
0.218812 15.021452
0.219573 15.021448
0.220334 15.021445
0.221095 15.021441
0.221856 15.026852
0.222617 15.035541
0.223378 15.043688
0.224139 15.051281
0.224900 15.062162
0.225661 15.074763
0.226422 15.086823
0.227183 15.098240
0.227944 15.108902
0.228705 15.118695
0.229465 15.127500
0.230226 15.135200
0.230987 15.141684
0.231748 15.146848
0.232509 15.150605
0.233270 15.152888
0.234031 15.153654

0.234031 15.153654
0.234792 15.153663
0.235553 15.153688
0.236314 15.153731
0.237075 15.153791
0.237836 15.153868
0.238597 15.153961
0.239358 15.154070
0.240119 15.154194
0.240879 15.154334
0.241640 15.154488
0.242401 15.154655
0.243162 15.154836
0.243923 15.155029
0.244684 15.155234
0.245445 15.155449
0.246206 15.155674
0.246967 15.155908
0.247728 15.156149
0.248489 15.156398
0.249250 15.156652
0.250011 15.156911
0.250772 15.157174
0.251532 15.157439
0.252293 15.157706
0.253054 15.157974
0.253815 15.158240
0.254576 15.158505
0.255337 15.158767
0.256098 15.159026
0.256859 15.159279
0.257620 15.159526
0.258381 15.159766
0.259142 15.159998
0.259903 15.160221
0.260664 15.160435
0.261425 15.160637
0.262186 15.160829
0.262946 15.161007
0.263707 15.161173
0.264468 15.161325
0.265229 15.161463
0.265990 15.161586
0.266751 15.161693
0.267512 15.161785
0.268273 15.161861
0.269034 15.161920
0.269795 15.161962
0.270556 15.161987
0.271317 15.161996

0.271317 15.161996
0.272393 15.161827
0.273469 15.161317
0.274545 15.160461
0.275621 15.159250
0.276697 15.157673
0.277773 15.155713
0.278849 15.153352
0.279926 15.150570
0.281002 15.147342
0.282078 15.143643
0.283154 15.139447
0.284230 15.134727
0.285306 15.129455
0.286382 15.123606
0.287459 15.117158
0.288535 15.110091
0.289611 15.102396
0.290687 15.094074
0.291763 15.085147
0.292839 15.075670
0.293915 15.065763
0.294991 15.055672
0.296067 15.045896
0.297144 15.037351
0.298220 15.031088
0.299296 15.027259
0.300372 15.025087
0.301448 15.023826
0.302524 15.023055
0.303600 15.022561
0.304676 15.022233
0.305752 15.022009
0.306829 15.021854
0.307905 15.021746
0.308981 15.021670
0.310057 15.021618
0.311133 15.021582
0.312209 15.021557
0.313285 15.021541
0.314361 15.021532
0.315438 15.021527
0.316514 15.021524
0.317590 15.021524
0.318666 15.021525
0.319742 15.021526
0.320818 15.021528
0.321894 15.021529
0.322970 15.021530
0.324047 15.021530


0.000000 15.490684
0.000761 15.490607
0.001522 15.490379
0.002283 15.489998
0.003044 15.489465
0.003805 15.488782
0.004566 15.487947
0.005326 15.486963
0.006087 15.485831
0.006848 15.484551
0.007609 15.483125
0.008370 15.481554
0.009131 15.479839
0.009892 15.477982
0.010653 15.475985
0.011414 15.473848
0.012175 15.471574
0.012936 15.469163
0.013697 15.466618
0.014458 15.463940
0.015219 15.461130
0.015980 15.458191
0.016740 15.455123
0.017501 15.451930
0.018262 15.448614
0.019023 15.445176
0.019784 15.441621
0.020545 15.437953
0.021306 15.434176
0.022067 15.430296
0.022828 15.426322
0.023589 15.422262
0.024350 15.418129
0.025111 15.413937
0.025872 15.409704
0.026633 15.405450
0.027394 15.401201
0.028154 15.396987
0.028915 15.392841
0.029676 15.388804
0.030437 15.384919
0.031198 15.381233
0.031959 15.377800
0.032720 15.374673
0.033481 15.371908
0.034242 15.369557
0.035003 15.367670
0.035764 15.366288
0.036525 15.365446
0.037286 15.365163

0.037286 15.365163
0.038046 15.365047
0.038808 15.364699
0.039568 15.364119
0.040329 15.363307
0.041090 15.362263
0.041851 15.360988
0.042612 15.359481
0.043373 15.357743
0.044134 15.355773
0.044895 15.353572
0.045656 15.351139
0.046417 15.348475
0.047178 15.345579
0.047939 15.342450
0.048700 15.339089
0.049460 15.335494
0.050221 15.331664
0.050982 15.328280
0.051743 15.372076
0.052504 15.417156
0.053265 15.463420
0.054026 15.510776
0.054787 15.559132
0.055548 15.608402
0.056309 15.658501
0.057070 15.709347
0.057831 15.760862
0.058592 15.808052
0.059353 15.807921
0.060114 15.807771
0.060874 15.807598
0.061635 15.807397
0.062396 15.807161
0.063157 15.806882
0.063918 15.806553
0.064679 15.806159
0.065440 15.805689
0.066201 15.805127
0.066962 15.804456
0.067723 15.803667
0.068484 15.802754
0.069245 15.801733
0.070006 15.800638
0.070767 15.799526
0.071527 15.798473
0.072288 15.797556
0.073049 15.796845
0.073810 15.796396
0.074571 15.796243

0.074571 15.796243
0.075647 15.796552
0.076724 15.797476
0.077800 15.799012
0.078876 15.801152
0.079952 15.803885
0.081028 15.807198
0.082104 15.811073
0.083180 15.815490
0.084256 15.820427
0.085332 15.825857
0.086408 15.831750
0.087485 15.838076
0.088561 15.844799
0.089637 15.851883
0.090713 15.803390
0.091789 15.724943
0.092865 15.646295
0.093941 15.567490
0.095018 15.488576
0.096094 15.409603
0.097170 15.365486
0.098246 15.374804
0.099322 15.383696
0.100398 15.392169
0.101474 15.400236
0.102550 15.407906
0.103626 15.415189
0.104703 15.422097
0.105779 15.428637
0.106855 15.434819
0.107931 15.440651
0.109007 15.446140
0.110083 15.451292
0.111159 15.456112
0.112235 15.460606
0.113311 15.464778
0.114388 15.468631
0.115464 15.472169
0.116540 15.475392
0.117616 15.478305
0.118692 15.480908
0.119768 15.483202
0.120844 15.485189
0.121920 15.486869
0.122997 15.488243
0.124073 15.489311
0.125149 15.490074
0.126225 15.490531
0.127301 15.490684

0.127301 15.490684
0.128718 15.490949
0.130135 15.491745
0.131553 15.493070
0.132970 15.494924
0.134387 15.497307
0.135804 15.500215
0.137222 15.503647
0.138639 15.507600
0.140056 15.512073
0.141473 15.517060
0.142891 15.522558
0.144308 15.528563
0.145725 15.535069
0.147142 15.542071
0.148560 15.549562
0.149977 15.557535
0.151394 15.565982
0.152811 15.574895
0.154228 15.584263
0.155646 15.594077
0.157063 15.604325
0.158480 15.614996
0.159897 15.626076
0.161315 15.637553
0.162732 15.649411
0.164149 15.661636
0.165566 15.674211
0.166984 15.687121
0.168401 15.700348
0.169818 15.713874
0.171235 15.727681
0.172652 15.741750
0.174070 15.756062
0.175487 15.770597
0.176904 15.785336
0.178321 15.800259
0.179739 15.815345
0.181156 15.830574
0.182573 15.845927
0.183990 15.861383
0.185408 15.876922
0.186825 15.892525
0.188242 15.908173
0.189659 15.923845
0.191077 15.939524
0.192494 15.955191
0.193911 15.970827
0.195328 15.986416
0.196745 16.001940

0.196745 16.001940
0.197506 16.001855
0.198267 16.001600
0.199028 16.001173
0.199789 16.000573
0.200550 15.999795
0.201311 15.998836
0.202072 15.997687
0.202833 15.996340
0.203594 15.994783
0.204355 15.993001
0.205116 15.990973
0.205877 15.988674
0.206638 15.986071
0.207399 15.983124
0.208159 15.979784
0.208920 15.975996
0.209681 15.971701
0.210442 15.966839
0.211203 15.961360
0.211964 15.955229
0.212725 15.948434
0.213486 15.940983
0.214247 15.932907
0.215008 15.924249
0.215769 15.915062
0.216530 15.905403
0.217291 15.895329
0.218052 15.884898
0.218812 15.874166
0.219573 15.863189
0.220334 15.852025
0.221095 15.840732
0.221856 15.829370
0.222617 15.818003
0.223378 15.806700
0.224139 15.795534
0.224900 15.784584
0.225661 15.773936
0.226422 15.763682
0.227183 15.753921
0.227944 15.744757
0.228705 15.736301
0.229465 15.728666
0.230226 15.721962
0.230987 15.716300
0.231748 15.711779
0.232509 15.708482
0.233270 15.706477
0.234031 15.705804

0.234031 15.705804
0.234792 15.706072
0.235553 15.706873
0.236314 15.708194
0.237075 15.710015
0.237836 15.712309
0.238597 15.715039
0.239358 15.718164
0.240119 15.721633
0.240879 15.725392
0.241640 15.729382
0.242401 15.733541
0.243162 15.737807
0.243923 15.742119
0.244684 15.746421
0.245445 15.750659
0.246206 15.754788
0.246967 15.758772
0.247728 15.762581
0.248489 15.766194
0.249250 15.769597
0.250011 15.772784
0.250772 15.775754
0.251532 15.778509
0.252293 15.781057
0.253054 15.783406
0.253815 15.785565
0.254576 15.787548
0.255337 15.789364
0.256098 15.791025
0.256859 15.792543
0.257620 15.793928
0.258381 15.795189
0.259142 15.796336
0.259903 15.797377
0.260664 15.798319
0.261425 15.799171
0.262186 15.799936
0.262946 15.800623
0.263707 15.801234
0.264468 15.801775
0.265229 15.802250
0.265990 15.802661
0.266751 15.803012
0.267512 15.803305
0.268273 15.803542
0.269034 15.803725
0.269795 15.803854
0.270556 15.803932
0.271317 15.803957

0.271317 15.803957
0.272393 15.804328
0.273469 15.805438
0.274545 15.807277
0.275621 15.809830
0.276697 15.813079
0.277773 15.816996
0.278849 15.821551
0.279926 15.826711
0.281002 15.832437
0.282078 15.838689
0.283154 15.845422
0.284230 15.852592
0.285306 15.860152
0.286382 15.868056
0.287459 15.876255
0.288535 15.884704
0.289611 15.893354
0.290687 15.902162
0.291763 15.911081
0.292839 15.920070
0.293915 15.929086
0.294991 15.938090
0.296067 15.947043
0.297144 15.955908
0.298220 15.964651
0.299296 15.973238
0.300372 15.981636
0.301448 15.989813
0.302524 15.997737
0.303600 16.005374
0.304676 16.012688
0.305752 16.019631
0.306829 16.026137
0.307905 16.032090
0.308981 16.037243
0.310057 16.040980
0.311133 16.041867
0.312209 16.038830
0.313285 16.033558
0.314361 16.027876
0.315438 16.022500
0.316514 16.017671
0.317590 16.013471
0.318666 16.009925
0.319742 16.007036
0.320818 16.004799
0.321894 16.003208
0.322970 16.002256
0.324047 16.001940


0.000000 16.057681
0.000761 16.057466
0.001522 16.056821
0.002283 16.055747
0.003044 16.054248
0.003805 16.052326
0.004566 16.049986
0.005326 16.047234
0.006087 16.044075
0.006848 16.040517
0.007609 16.036570
0.008370 16.032242
0.009131 16.027544
0.009892 16.022489
0.010653 16.017090
0.011414 16.011361
0.012175 16.005319
0.012936 15.998980
0.013697 15.992364
0.014458 15.985490
0.015219 15.978380
0.015980 15.971058
0.016740 15.963547
0.017501 15.955874
0.018262 15.948068
0.019023 15.940157
0.019784 15.932172
0.020545 15.924145
0.021306 15.916111
0.022067 15.908105
0.022828 15.900162
0.023589 15.892319
0.024350 15.884616
0.025111 15.877090
0.025872 15.869779
0.026633 15.862723
0.027394 15.855959
0.028154 15.849525
0.028915 15.843457
0.029676 15.837789
0.030437 15.832555
0.031198 15.827785
0.031959 15.823507
0.032720 15.819746
0.033481 15.816526
0.034242 15.813864
0.035003 15.811777
0.035764 15.810278
0.036525 15.809374
0.037286 15.809073

0.037286 15.809073
0.038046 15.809072
0.038808 15.809070
0.039568 15.809065
0.040329 15.809060
0.041090 15.809052
0.041851 15.809043
0.042612 15.809032
0.043373 15.809019
0.044134 15.809004
0.044895 15.808988
0.045656 15.808969
0.046417 15.808948
0.047178 15.808925
0.047939 15.808899
0.048700 15.808870
0.049460 15.808839
0.050221 15.808804
0.050982 15.808766
0.051743 15.808724
0.052504 15.808677
0.053265 15.808626
0.054026 15.808569
0.054787 15.808505
0.055548 15.808435
0.056309 15.808355
0.057070 15.808266
0.057831 15.808166
0.058592 15.812971
0.059353 15.865600
0.060114 15.902416
0.060874 15.894731
0.061635 15.887212
0.062396 15.879904
0.063157 15.872852
0.063918 15.866106
0.064679 15.859714
0.065440 15.853727
0.066201 15.848197
0.066962 15.843175
0.067723 15.838705
0.068484 15.834822
0.069245 15.831540
0.070006 15.828851
0.070767 15.826719
0.071527 15.825092
0.072288 15.823907
0.073049 15.823106
0.073810 15.822644
0.074571 15.822494

0.074571 15.822494
0.075647 15.822793
0.076724 15.823690
0.077800 15.825176
0.078876 15.827240
0.079952 15.829867
0.081028 15.833037
0.082104 15.836726
0.083180 15.840909
0.084256 15.845555
0.085332 15.850634
0.086408 15.856113
0.087485 15.861956
0.088561 15.868129
0.089637 15.874595
0.090713 15.859289
0.091789 15.866978
0.092865 15.874909
0.093941 15.883039
0.095018 15.891328
0.096094 15.899732
0.097170 15.908212
0.098246 15.916727
0.099322 15.925238
0.100398 15.933707
0.101474 15.942098
0.102550 15.950376
0.103626 15.958510
0.104703 15.966469
0.105779 15.974223
0.106855 15.981747
0.107931 15.989016
0.109007 15.996006
0.110083 16.002697
0.111159 16.009069
0.112235 16.015104
0.113311 16.020787
0.114388 16.026103
0.115464 16.031038
0.116540 16.035581
0.117616 16.039721
0.118692 16.043449
0.119768 16.046757
0.120844 16.049638
0.121920 16.052085
0.122997 16.054094
0.124073 16.055661
0.125149 16.056782
0.126225 16.057456
0.127301 16.057681

0.127301 16.057681
0.128718 16.057708
0.130135 16.057791
0.131553 16.057929
0.132970 16.058121
0.134387 16.058367
0.135804 16.058665
0.137222 16.059015
0.138639 16.059416
0.140056 16.059866
0.141473 16.060362
0.142891 16.060905
0.144308 16.061490
0.145725 16.062117
0.147142 16.062783
0.148560 16.063485
0.149977 16.064221
0.151394 16.064988
0.152811 16.065782
0.154228 16.066602
0.155646 16.067443
0.157063 16.068302
0.158480 16.069176
0.159897 16.070062
0.161315 16.070955
0.162732 16.071853
0.164149 16.072751
0.165566 16.073646
0.166984 16.074534
0.168401 16.075411
0.169818 16.076274
0.171235 16.077119
0.172652 16.077943
0.174070 16.078741
0.175487 16.079510
0.176904 16.080248
0.178321 16.080950
0.179739 16.081614
0.181156 16.082236
0.182573 16.082814
0.183990 16.083345
0.185408 16.083828
0.186825 16.084259
0.188242 16.084636
0.189659 16.078016
0.191077 16.063058
0.192494 16.047956
0.193911 16.032726
0.195328 16.017382
0.196745 16.001940

0.196745 16.001940
0.197506 16.002341
0.198267 16.003547
0.199028 16.005561
0.199789 16.008390
0.200550 16.012042
0.201311 16.016528
0.202072 16.021861
0.202833 16.028056
0.203594 16.035130
0.204355 16.043102
0.205116 16.051991
0.205877 16.055651
0.206638 16.050913
0.207399 16.045993
0.208159 16.040953
0.208920 16.035863
0.209681 16.030800
0.210442 16.025842
0.211203 16.021057
0.211964 16.016501
0.212725 16.012210
0.213486 16.008199
0.214247 16.004463
0.215008 16.000986
0.215769 15.997745
0.216530 15.994715
0.217291 15.991874
0.218052 15.989201
0.218812 15.986679
0.219573 15.984296
0.220334 15.982043
0.221095 15.979912
0.221856 15.977898
0.222617 15.976000
0.223378 15.974216
0.224139 15.972545
0.224900 15.970988
0.225661 15.969546
0.226422 15.968221
0.227183 15.967014
0.227944 15.965928
0.228705 15.964964
0.229465 15.964124
0.230226 15.963410
0.230987 15.962824
0.231748 15.962366
0.232509 15.962039
0.233270 15.961842
0.234031 15.961776

0.234031 15.961776
0.234792 15.962103
0.235553 15.963090
0.236314 15.964748
0.237075 15.967099
0.237836 15.970170
0.238597 15.974000
0.239358 15.978630
0.240119 15.984112
0.240879 15.990499
0.241640 15.997851
0.242401 16.006226
0.243162 16.015685
0.243923 16.026283
0.244684 16.038071
0.245445 16.038434
0.246206 16.031899
0.246967 16.025028
0.247728 16.017840
0.248489 16.010351
0.249250 16.002583
0.250011 15.994556
0.250772 15.986294
0.251532 15.977820
0.252293 15.969162
0.253054 15.960347
0.253815 15.951405
0.254576 15.942367
0.255337 15.933268
0.256098 15.924142
0.256859 15.915027
0.257620 15.905963
0.258381 15.896992
0.259142 15.888156
0.259903 15.879501
0.260664 15.871075
0.261425 15.862925
0.262186 15.855102
0.262946 15.847656
0.263707 15.840637
0.264468 15.834096
0.265229 15.828084
0.265990 15.822646
0.266751 15.817830
0.267512 15.813677
0.268273 15.810223
0.269034 15.807502
0.269795 15.805539
0.270556 15.804354
0.271317 15.803957

0.271317 15.803957
0.272393 15.804328
0.273469 15.805438
0.274545 15.807277
0.275621 15.809830
0.276697 15.813079
0.277773 15.816996
0.278849 15.821551
0.279926 15.826711
0.281002 15.832437
0.282078 15.838689
0.283154 15.845422
0.284230 15.852592
0.285306 15.860152
0.286382 15.868056
0.287459 15.876255
0.288535 15.884704
0.289611 15.893354
0.290687 15.902162
0.291763 15.911081
0.292839 15.920070
0.293915 15.929086
0.294991 15.938090
0.296067 15.947043
0.297144 15.955908
0.298220 15.964651
0.299296 15.973238
0.300372 15.981636
0.301448 15.989813
0.302524 15.997737
0.303600 16.005374
0.304676 16.012688
0.305752 16.019631
0.306829 16.026137
0.307905 16.032090
0.308981 16.037243
0.310057 16.040980
0.311133 16.041867
0.312209 16.038830
0.313285 16.033558
0.314361 16.027876
0.315438 16.022500
0.316514 16.017671
0.317590 16.013471
0.318666 16.009925
0.319742 16.007036
0.320818 16.004799
0.321894 16.003208
0.322970 16.002256
0.324047 16.001940


0.000000 16.057681
0.000761 16.057682
0.001522 16.057686
0.002283 16.057693
0.003044 16.057703
0.003805 16.057715
0.004566 16.057730
0.005326 16.057748
0.006087 16.057768
0.006848 16.057791
0.007609 16.057815
0.008370 16.057843
0.009131 16.057872
0.009892 16.057903
0.010653 16.057936
0.011414 16.057971
0.012175 16.058007
0.012936 16.058045
0.013697 16.058085
0.014458 16.058125
0.015219 16.058166
0.015980 16.058208
0.016740 16.058251
0.017501 16.058294
0.018262 16.058337
0.019023 16.058381
0.019784 16.058424
0.020545 16.058468
0.021306 16.058510
0.022067 16.058552
0.022828 16.058594
0.023589 16.058634
0.024350 16.058673
0.025111 16.058711
0.025872 16.058748
0.026633 16.058782
0.027394 16.058816
0.028154 16.058847
0.028915 16.058876
0.029676 16.058903
0.030437 16.058928
0.031198 16.058951
0.031959 16.058971
0.032720 16.058988
0.033481 16.059004
0.034242 16.059016
0.035003 16.059026
0.035764 16.059033
0.036525 16.059037
0.037286 16.059038

0.037286 16.059038
0.038046 16.058823
0.038808 16.058178
0.039568 16.057105
0.040329 16.055606
0.041090 16.053685
0.041851 16.051346
0.042612 16.048595
0.043373 16.045438
0.044134 16.041883
0.044895 16.037939
0.045656 16.033615
0.046417 16.028923
0.047178 16.023876
0.047939 16.018486
0.048700 16.012769
0.049460 16.006740
0.050221 16.000419
0.050982 15.993823
0.051743 15.986973
0.052504 15.979892
0.053265 15.972603
0.054026 15.965133
0.054787 15.957506
0.055548 15.949754
0.056309 15.941906
0.057070 15.933994
0.057831 15.926052
0.058592 15.918117
0.059353 15.910225
0.060114 15.918678
0.060874 15.972136
0.061635 16.025909
0.062396 16.079930
0.063157 16.134138
0.063918 16.188470
0.064679 16.242865
0.065440 16.297265
0.066201 16.351611
0.066962 16.405842
0.067723 16.459901
0.068484 16.513724
0.069245 16.567245
0.070006 16.620390
0.070767 16.673065
0.071527 16.725137
0.072288 16.776366
0.073049 16.826166
0.073810 16.872256
0.074571 16.898809

0.074571 16.898809
0.075647 16.854130
0.076724 16.785846
0.077800 16.714423
0.078876 16.641710
0.079952 16.568135
0.081028 16.493862
0.082104 16.418980
0.083180 16.343544
0.084256 16.267601
0.085332 16.191189
0.086408 16.114347
0.087485 16.037109
0.088561 15.959512
0.089637 15.881592
0.090713 15.881318
0.091789 15.888261
0.092865 15.895389
0.093941 15.902666
0.095018 15.910057
0.096094 15.917528
0.097170 15.925047
0.098246 15.932581
0.099322 15.940099
0.100398 15.947572
0.101474 15.954971
0.102550 15.962269
0.103626 15.969441
0.104703 15.976461
0.105779 15.983305
0.106855 15.989952
0.107931 15.996381
0.109007 16.002571
0.110083 16.008504
0.111159 16.014164
0.112235 16.019532
0.113311 16.024595
0.114388 16.029337
0.115464 16.033748
0.116540 16.037813
0.117616 16.041524
0.118692 16.044869
0.119768 16.047841
0.120844 16.050432
0.121920 16.052636
0.122997 16.054446
0.124073 16.055859
0.125149 16.056870
0.126225 16.057478
0.127301 16.057681

0.127301 16.057681
0.128718 16.057708
0.130135 16.057791
0.131553 16.057929
0.132970 16.058121
0.134387 16.058367
0.135804 16.058665
0.137222 16.059015
0.138639 16.059416
0.140056 16.059866
0.141473 16.060362
0.142891 16.060905
0.144308 16.061490
0.145725 16.062117
0.147142 16.062783
0.148560 16.063485
0.149977 16.064221
0.151394 16.064988
0.152811 16.065782
0.154228 16.066602
0.155646 16.067443
0.157063 16.068302
0.158480 16.069176
0.159897 16.070062
0.161315 16.070955
0.162732 16.071853
0.164149 16.072751
0.165566 16.073646
0.166984 16.074534
0.168401 16.075411
0.169818 16.076274
0.171235 16.077119
0.172652 16.077943
0.174070 16.078741
0.175487 16.079510
0.176904 16.080248
0.178321 16.080950
0.179739 16.081614
0.181156 16.082236
0.182573 16.082814
0.183990 16.083345
0.185408 16.083828
0.186825 16.084259
0.188242 16.084636
0.189659 16.084958
0.191077 16.085224
0.192494 16.085432
0.193911 16.085582
0.195328 16.085671
0.196745 16.085701

0.196745 16.085701
0.197506 16.085480
0.198267 16.084815
0.199028 16.083709
0.199789 16.082169
0.200550 16.080200
0.201311 16.077813
0.202072 16.075018
0.202833 16.071833
0.203594 16.068277
0.204355 16.064373
0.205116 16.060152
0.205877 16.061816
0.206638 16.072600
0.207399 16.084361
0.208159 16.086227
0.208920 16.086293
0.209681 16.086361
0.210442 16.086432
0.211203 16.086505
0.211964 16.086580
0.212725 16.086656
0.213486 16.086733
0.214247 16.086811
0.215008 16.086889
0.215769 16.086968
0.216530 16.087046
0.217291 16.087124
0.218052 16.087201
0.218812 16.087277
0.219573 16.087351
0.220334 16.087424
0.221095 16.087494
0.221856 16.087562
0.222617 16.087628
0.223378 16.087691
0.224139 16.087750
0.224900 16.087807
0.225661 16.087859
0.226422 16.087908
0.227183 16.087953
0.227944 16.087993
0.228705 16.088030
0.229465 16.088061
0.230226 16.088088
0.230987 16.088111
0.231748 16.088128
0.232509 16.088140
0.233270 16.088148
0.234031 16.088150

0.234031 16.088150
0.234792 16.087921
0.235553 16.087232
0.236314 16.086087
0.237075 16.084486
0.237836 16.082433
0.238597 16.079932
0.239358 16.076988
0.240119 16.073608
0.240879 16.069798
0.241640 16.065566
0.242401 16.060922
0.243162 16.055875
0.243923 16.050436
0.244684 16.044618
0.245445 16.051093
0.246206 16.065383
0.246967 16.080962
0.247728 16.097844
0.248489 16.116026
0.249250 16.135497
0.250011 16.156232
0.250772 16.178197
0.251532 16.201346
0.252293 16.225627
0.253054 16.250977
0.253815 16.277324
0.254576 16.304590
0.255337 16.332686
0.256098 16.361516
0.256859 16.390974
0.257620 16.420945
0.258381 16.451302
0.259142 16.481906
0.259903 16.512606
0.260664 16.543234
0.261425 16.573605
0.262186 16.603515
0.262946 16.632739
0.263707 16.661028
0.264468 16.688110
0.265229 16.713687
0.265990 16.737439
0.266751 16.759025
0.267512 16.778096
0.268273 16.794304
0.269034 16.807318
0.269795 16.816848
0.270556 16.822664
0.271317 16.824619

0.271317 16.824619
0.272393 16.822660
0.273469 16.816832
0.274545 16.807288
0.275621 16.794259
0.276697 16.778045
0.277773 16.758983
0.278849 16.737430
0.279926 16.713746
0.281002 16.688282
0.282078 16.661370
0.283154 16.633320
0.284230 16.604416
0.285306 16.574922
0.286382 16.545074
0.287459 16.515090
0.288535 16.485166
0.289611 16.455482
0.290687 16.426199
0.291763 16.397462
0.292839 16.369401
0.293915 16.342133
0.294991 16.315758
0.296067 16.290364
0.297144 16.266025
0.298220 16.242799
0.299296 16.220734
0.300372 16.199865
0.301448 16.180215
0.302524 16.161798
0.303600 16.144619
0.304676 16.128682
0.305752 16.113990
0.306829 16.100565
0.307905 16.088470
0.308981 16.077898
0.310057 16.069413
0.311133 16.064389
0.312209 16.063850
0.313285 16.066050
0.314361 16.069118
0.315438 16.072288
0.316514 16.075276
0.317590 16.077963
0.318666 16.080288
0.319742 16.082218
0.320818 16.083735
0.321894 16.084825
0.322970 16.085482
0.324047 16.085701


0.000000 16.446019
0.000761 16.446253
0.001522 16.446957
0.002283 16.448132
0.003044 16.449781
0.003805 16.451910
0.004566 16.454524
0.005326 16.457630
0.006087 16.461237
0.006848 16.465353
0.007609 16.469991
0.008370 16.475160
0.009131 16.480874
0.009892 16.487146
0.010653 16.493990
0.011414 16.501421
0.012175 16.509452
0.012936 16.518098
0.013697 16.527374
0.014458 16.537293
0.015219 16.547867
0.015980 16.559107
0.016740 16.571020
0.017501 16.583612
0.018262 16.596884
0.019023 16.610834
0.019784 16.625453
0.020545 16.640727
0.021306 16.656632
0.022067 16.673139
0.022828 16.690207
0.023589 16.707783
0.024350 16.725804
0.025111 16.744191
0.025872 16.762851
0.026633 16.781675
0.027394 16.800534
0.028154 16.819283
0.028915 16.837757
0.029676 16.855768
0.030437 16.873115
0.031198 16.889575
0.031959 16.904913
0.032720 16.918884
0.033481 16.931243
0.034242 16.941750
0.035003 16.950185
0.035764 16.956358
0.036525 16.960124
0.037286 16.961390

0.037286 16.961390
0.038046 16.961398
0.038808 16.961421
0.039568 16.961459
0.040329 16.961512
0.041090 16.961579
0.041851 16.961661
0.042612 16.961757
0.043373 16.961867
0.044134 16.961990
0.044895 16.962126
0.045656 16.962274
0.046417 16.962433
0.047178 16.962603
0.047939 16.962784
0.048700 16.962973
0.049460 16.963172
0.050221 16.963378
0.050982 16.963591
0.051743 16.963810
0.052504 16.964034
0.053265 16.964262
0.054026 16.964493
0.054787 16.964727
0.055548 16.964962
0.056309 16.965198
0.057070 16.965432
0.057831 16.965665
0.058592 16.965896
0.059353 16.966123
0.060114 16.966346
0.060874 16.966563
0.061635 16.966774
0.062396 16.966978
0.063157 16.967175
0.063918 16.967362
0.064679 16.967540
0.065440 16.967708
0.066201 16.967865
0.066962 16.968011
0.067723 16.968144
0.068484 16.968265
0.069245 16.968373
0.070006 16.968468
0.070767 16.968548
0.071527 16.968615
0.072288 16.968666
0.073049 16.968704
0.073810 16.968726
0.074571 16.968734

0.074571 16.968734
0.075647 16.968090
0.076724 16.966166
0.077800 16.962973
0.078876 16.958537
0.079952 16.952889
0.081028 16.946069
0.082104 16.938123
0.083180 16.929107
0.084256 16.919080
0.085332 16.908105
0.086408 16.896251
0.087485 16.883588
0.088561 16.870190
0.089637 16.856131
0.090713 16.841487
0.091789 16.826333
0.092865 16.810744
0.093941 16.794797
0.095018 16.778563
0.096094 16.762117
0.097170 16.745528
0.098246 16.728867
0.099322 16.712200
0.100398 16.695595
0.101474 16.679113
0.102550 16.662817
0.103626 16.646767
0.104703 16.631018
0.105779 16.615627
0.106855 16.600645
0.107931 16.586123
0.109007 16.572110
0.110083 16.558650
0.111159 16.545786
0.112235 16.533560
0.113311 16.522009
0.114388 16.511170
0.115464 16.501075
0.116540 16.491754
0.117616 16.483237
0.118692 16.475547
0.119768 16.468709
0.120844 16.462742
0.121920 16.457663
0.122997 16.453487
0.124073 16.450227
0.125149 16.447891
0.126225 16.446487
0.127301 16.446019

0.127301 16.446019
0.128718 16.445809
0.130135 16.445180
0.131553 16.444133
0.132970 16.442667
0.134387 16.440783
0.135804 16.438483
0.137222 16.435768
0.138639 16.432640
0.140056 16.429099
0.141473 16.425148
0.142891 16.420790
0.144308 16.416026
0.145725 16.410860
0.147142 16.405293
0.148560 16.399330
0.149977 16.392974
0.151394 16.386228
0.152811 16.379097
0.154228 16.371584
0.155646 16.363694
0.157063 16.355431
0.158480 16.346801
0.159897 16.337809
0.161315 16.328461
0.162732 16.318761
0.164149 16.308717
0.165566 16.298334
0.166984 16.287621
0.168401 16.276582
0.169818 16.265227
0.171235 16.253562
0.172652 16.241597
0.174070 16.229339
0.175487 16.216797
0.176904 16.203980
0.178321 16.190899
0.179739 16.177563
0.181156 16.163982
0.182573 16.150169
0.183990 16.136133
0.185408 16.121888
0.186825 16.107444
0.188242 16.092816
0.189659 16.084958
0.191077 16.085224
0.192494 16.085432
0.193911 16.085582
0.195328 16.085671
0.196745 16.085701

0.196745 16.085701
0.197506 16.085704
0.198267 16.085712
0.199028 16.085724
0.199789 16.085742
0.200550 16.085764
0.201311 16.085791
0.202072 16.085823
0.202833 16.085860
0.203594 16.085900
0.204355 16.085946
0.205116 16.085995
0.205877 16.086048
0.206638 16.086104
0.207399 16.086164
0.208159 16.097120
0.208920 16.110894
0.209681 16.125700
0.210442 16.141551
0.211203 16.158456
0.211964 16.176420
0.212725 16.195442
0.213486 16.215517
0.214247 16.236629
0.215008 16.258756
0.215769 16.281869
0.216530 16.305928
0.217291 16.330881
0.218052 16.356667
0.218812 16.383213
0.219573 16.410434
0.220334 16.438230
0.221095 16.466488
0.221856 16.495080
0.222617 16.523862
0.223378 16.552672
0.224139 16.581327
0.224900 16.609626
0.225661 16.637346
0.226422 16.664238
0.227183 16.690030
0.227944 16.714427
0.228705 16.737110
0.229465 16.757746
0.230226 16.775989
0.230987 16.791501
0.231748 16.803960
0.232509 16.813084
0.233270 16.818654
0.234031 16.820527

0.234031 16.820527
0.234792 16.820531
0.235553 16.820543
0.236314 16.820564
0.237075 16.820594
0.237836 16.820631
0.238597 16.820677
0.239358 16.820730
0.240119 16.820791
0.240879 16.820859
0.241640 16.820934
0.242401 16.821017
0.243162 16.821105
0.243923 16.821199
0.244684 16.821300
0.245445 16.821405
0.246206 16.821515
0.246967 16.821630
0.247728 16.821748
0.248489 16.821870
0.249250 16.821995
0.250011 16.822122
0.250772 16.822250
0.251532 16.822381
0.252293 16.822512
0.253054 16.822643
0.253815 16.822774
0.254576 16.822904
0.255337 16.823032
0.256098 16.823159
0.256859 16.823283
0.257620 16.823405
0.258381 16.823523
0.259142 16.823637
0.259903 16.823747
0.260664 16.823851
0.261425 16.823951
0.262186 16.824045
0.262946 16.824133
0.263707 16.824215
0.264468 16.824289
0.265229 16.824357
0.265990 16.824418
0.266751 16.824470
0.267512 16.824516
0.268273 16.824553
0.269034 16.824582
0.269795 16.824603
0.270556 16.824615
0.271317 16.824619

0.271317 16.824619
0.272393 16.822660
0.273469 16.816832
0.274545 16.807288
0.275621 16.794259
0.276697 16.778045
0.277773 16.758983
0.278849 16.737430
0.279926 16.713746
0.281002 16.688282
0.282078 16.661370
0.283154 16.633320
0.284230 16.604416
0.285306 16.574922
0.286382 16.545074
0.287459 16.515090
0.288535 16.485166
0.289611 16.455482
0.290687 16.426199
0.291763 16.397462
0.292839 16.369401
0.293915 16.342133
0.294991 16.315758
0.296067 16.290364
0.297144 16.266025
0.298220 16.242799
0.299296 16.220734
0.300372 16.199865
0.301448 16.180215
0.302524 16.161798
0.303600 16.144619
0.304676 16.128682
0.305752 16.113990
0.306829 16.100565
0.307905 16.088470
0.308981 16.077898
0.310057 16.069413
0.311133 16.064389
0.312209 16.063850
0.313285 16.066050
0.314361 16.069118
0.315438 16.072288
0.316514 16.075276
0.317590 16.077963
0.318666 16.080288
0.319742 16.082218
0.320818 16.083735
0.321894 16.084825
0.322970 16.085482
0.324047 16.085701


0.000000 19.024692
0.000761 19.023964
0.001522 19.021782
0.002283 19.018151
0.003044 19.013079
0.003805 19.006578
0.004566 18.998662
0.005326 18.989350
0.006087 18.978660
0.006848 18.966619
0.007609 18.953251
0.008370 18.938588
0.009131 18.922659
0.009892 18.905501
0.010653 18.887151
0.011414 18.867648
0.012175 18.847035
0.012936 18.825356
0.013697 18.802660
0.014458 18.778995
0.015219 18.754415
0.015980 18.728976
0.016740 18.702735
0.017501 18.675754
0.018262 18.648098
0.019023 18.619838
0.019784 18.591045
0.020545 18.561799
0.021306 18.532183
0.022067 18.502286
0.022828 18.472206
0.023589 18.442045
0.024350 18.411918
0.025111 18.381945
0.025872 18.352262
0.026633 18.323013
0.027394 18.294357
0.028154 18.266467
0.028915 18.239532
0.029676 18.213754
0.030437 18.189354
0.031198 18.166565
0.031959 18.145629
0.032720 18.126799
0.033481 18.110325
0.034242 18.096448
0.035003 18.085392
0.035764 18.077345
0.036525 18.072455
0.037286 18.070814

0.037286 18.070814
0.038046 18.070533
0.038808 18.069687
0.039568 18.068273
0.040329 18.066281
0.041090 18.063699
0.041851 18.060514
0.042612 18.056707
0.043373 18.052255
0.044134 18.047134
0.044895 18.041315
0.045656 18.034766
0.046417 18.027452
0.047178 18.019334
0.047939 18.010371
0.048700 18.000518
0.049460 17.989730
0.050221 17.977957
0.050982 17.965150
0.051743 17.951259
0.052504 17.936232
0.053265 17.920020
0.054026 17.902577
0.054787 17.883856
0.055548 17.863818
0.056309 17.842426
0.057070 17.819650
0.057831 17.795464
0.058592 17.769853
0.059353 17.742806
0.060114 17.714320
0.060874 17.684400
0.061635 17.653058
0.062396 17.620311
0.063157 17.586185
0.063918 17.550711
0.064679 17.513923
0.065440 17.475862
0.066201 17.436573
0.066962 17.396103
0.067723 17.354504
0.068484 17.311833
0.069245 17.268154
0.070006 17.223539
0.070767 17.178081
0.071527 17.131913
0.072288 17.085274
0.073049 17.038754
0.073810 16.994631
0.074571 16.968734

0.074571 16.968734
0.075647 17.012730
0.076724 17.078966
0.077800 17.146976
0.078876 17.214912
0.079952 17.282347
0.081028 17.349118
0.082104 17.415140
0.083180 17.480358
0.084256 17.544729
0.085332 17.608218
0.086408 17.670792
0.087485 17.732419
0.088561 17.793070
0.089637 17.852713
0.090713 17.911320
0.091789 17.968858
0.092865 18.025297
0.093941 18.080605
0.095018 18.134749
0.096094 18.187695
0.097170 18.239410
0.098246 18.289857
0.099322 18.339000
0.100398 18.386802
0.101474 18.433223
0.102550 18.478226
0.103626 18.521768
0.104703 18.563810
0.105779 18.604307
0.106855 18.643217
0.107931 18.680497
0.109007 18.716101
0.110083 18.749985
0.111159 18.782105
0.112235 18.812415
0.113311 18.840871
0.114388 18.867429
0.115464 18.892046
0.116540 18.914682
0.117616 18.935296
0.118692 18.953851
0.119768 18.970313
0.120844 18.984648
0.121920 18.996829
0.122997 19.006831
0.124073 19.014632
0.125149 19.020217
0.126225 19.023572
0.127301 19.024692

0.127301 19.024692
0.128718 19.024586
0.130135 19.024270
0.131553 19.023744
0.132970 19.023011
0.134387 19.022073
0.135804 19.020935
0.137222 19.019601
0.138639 19.018076
0.140056 19.016367
0.141473 19.014481
0.142891 19.012425
0.144308 19.010207
0.145725 19.007837
0.147142 19.005324
0.148560 19.002679
0.149977 18.999912
0.151394 18.997035
0.152811 18.994059
0.154228 18.990996
0.155646 18.987859
0.157063 18.984660
0.158480 18.981414
0.159897 18.978133
0.161315 18.974830
0.162732 18.971519
0.164149 18.968213
0.165566 18.964927
0.166984 18.961674
0.168401 18.958467
0.169818 18.955319
0.171235 18.952243
0.172652 18.949252
0.174070 18.946359
0.175487 18.943575
0.176904 18.940913
0.178321 18.938382
0.179739 18.935993
0.181156 18.933757
0.182573 18.931683
0.183990 18.929780
0.185408 18.928054
0.186825 18.926515
0.188242 18.925167
0.189659 18.924017
0.191077 18.923069
0.192494 18.922328
0.193911 18.921796
0.195328 18.921476
0.196745 18.921370

0.196745 18.921370
0.197506 18.920646
0.198267 18.918475
0.199028 18.914862
0.199789 18.909813
0.200550 18.903339
0.201311 18.895451
0.202072 18.886164
0.202833 18.875497
0.203594 18.863469
0.204355 18.850102
0.205116 18.835423
0.205877 18.819458
0.206638 18.802237
0.207399 18.783792
0.208159 18.764157
0.208920 18.743370
0.209681 18.721469
0.210442 18.698495
0.211203 18.674492
0.211964 18.649506
0.212725 18.623586
0.213486 18.596784
0.214247 18.569154
0.215008 18.540756
0.215769 18.511650
0.216530 18.481905
0.217291 18.451590
0.218052 18.420783
0.218812 18.389566
0.219573 18.358031
0.220334 18.326277
0.221095 18.294410
0.221856 18.262553
0.222617 18.230836
0.223378 18.199407
0.224139 18.168431
0.224900 18.138091
0.225661 18.108591
0.226422 18.080158
0.227183 18.053045
0.227944 18.027526
0.228705 18.003903
0.229465 17.982490
0.230226 17.963617
0.230987 17.947610
0.231748 17.934779
0.232509 17.925395
0.233270 17.919673
0.234031 17.917749

0.234031 17.917749
0.234792 17.917744
0.235553 17.917729
0.236314 17.917704
0.237075 17.917670
0.237836 17.917625
0.238597 17.917571
0.239358 17.917507
0.240119 17.917434
0.240879 17.917353
0.241640 17.917262
0.242401 17.917163
0.243162 17.917056
0.243923 17.916942
0.244684 17.916820
0.245445 17.916691
0.246206 17.916557
0.246967 17.916416
0.247728 17.916270
0.248489 17.916119
0.249250 17.915964
0.250011 17.915805
0.250772 17.915644
0.251532 17.915480
0.252293 17.915315
0.253054 17.915148
0.253815 17.914982
0.254576 17.914815
0.255337 17.914650
0.256098 17.914487
0.256859 17.914326
0.257620 17.914168
0.258381 17.914015
0.259142 17.913866
0.259903 17.913722
0.260664 17.913584
0.261425 17.913452
0.262186 17.913328
0.262946 17.913212
0.263707 17.913103
0.264468 17.913003
0.265229 17.912913
0.265990 17.912832
0.266751 17.912761
0.267512 17.912701
0.268273 17.912651
0.269034 17.912612
0.269795 17.912584
0.270556 17.912567
0.271317 17.912561

0.271317 17.912561
0.272393 17.914524
0.273469 17.920362
0.274545 17.929930
0.275621 17.943002
0.276697 17.959293
0.277773 17.978480
0.278849 18.000223
0.279926 18.024183
0.281002 18.050033
0.282078 18.077468
0.283154 18.106207
0.284230 18.135994
0.285306 18.166601
0.286382 18.197821
0.287459 18.229473
0.288535 18.261391
0.289611 18.293430
0.290687 18.325458
0.291763 18.357356
0.292839 18.389018
0.293915 18.420345
0.294991 18.451248
0.296067 18.481646
0.297144 18.511463
0.298220 18.540628
0.299296 18.569077
0.300372 18.596748
0.301448 18.623583
0.302524 18.649530
0.303600 18.674536
0.304676 18.698553
0.305752 18.721537
0.306829 18.743444
0.307905 18.764234
0.308981 18.783868
0.310057 18.802310
0.311133 18.819526
0.312209 18.835485
0.313285 18.850157
0.314361 18.863515
0.315438 18.875536
0.316514 18.886195
0.317590 18.895474
0.318666 18.903356
0.319742 18.909824
0.320818 18.914868
0.321894 18.918478
0.322970 18.920646
0.324047 18.921370


0.000000 19.024692
0.000761 19.024693
0.001522 19.024697
0.002283 19.024703
0.003044 19.024711
0.003805 19.024722
0.004566 19.024735
0.005326 19.024751
0.006087 19.024768
0.006848 19.024788
0.007609 19.024810
0.008370 19.024834
0.009131 19.024859
0.009892 19.024887
0.010653 19.024916
0.011414 19.024947
0.012175 19.024979
0.012936 19.025012
0.013697 19.025046
0.014458 19.025081
0.015219 19.025118
0.015980 19.025155
0.016740 19.025192
0.017501 19.025230
0.018262 19.025268
0.019023 19.025306
0.019784 19.025344
0.020545 19.025382
0.021306 19.025419
0.022067 19.025456
0.022828 19.025492
0.023589 19.025527
0.024350 19.025562
0.025111 19.025595
0.025872 19.025627
0.026633 19.025657
0.027394 19.025686
0.028154 19.025713
0.028915 19.025739
0.029676 19.025763
0.030437 19.025784
0.031198 19.025804
0.031959 19.025822
0.032720 19.025837
0.033481 19.025850
0.034242 19.025861
0.035003 19.025869
0.035764 19.025876
0.036525 19.025879
0.037286 19.025880

0.037286 19.025880
0.038046 19.025364
0.038808 19.023818
0.039568 19.021249
0.040329 19.017674
0.041090 19.013110
0.041851 19.007583
0.042612 19.001123
0.043373 18.993766
0.044134 18.985554
0.044895 18.976533
0.045656 18.966754
0.046417 18.956275
0.047178 18.945155
0.047939 18.933461
0.048700 18.921262
0.049460 18.908630
0.050221 18.895642
0.050982 18.882375
0.051743 18.868910
0.052504 18.855326
0.053265 18.841702
0.054026 18.828119
0.054787 18.814651
0.055548 18.801372
0.056309 18.788350
0.057070 18.775648
0.057831 18.763323
0.058592 18.751427
0.059353 18.740003
0.060114 18.729087
0.060874 18.718710
0.061635 18.708895
0.062396 18.699659
0.063157 18.691013
0.063918 18.682963
0.064679 18.675511
0.065440 18.668655
0.066201 18.662392
0.066962 18.656714
0.067723 18.651614
0.068484 18.647082
0.069245 18.643111
0.070006 18.639690
0.070767 18.636811
0.071527 18.634467
0.072288 18.632651
0.073049 18.631358
0.073810 18.630584
0.074571 18.630326

0.074571 18.630326
0.075647 18.630841
0.076724 18.632382
0.077800 18.634937
0.078876 18.638484
0.079952 18.642994
0.081028 18.648432
0.082104 18.654756
0.083180 18.661917
0.084256 18.669864
0.085332 18.678540
0.086408 18.687885
0.087485 18.697838
0.088561 18.708337
0.089637 18.719317
0.090713 18.730716
0.091789 18.742471
0.092865 18.754518
0.093941 18.766798
0.095018 18.779252
0.096094 18.791820
0.097170 18.804449
0.098246 18.817085
0.099322 18.829677
0.100398 18.842176
0.101474 18.854534
0.102550 18.866709
0.103626 18.878658
0.104703 18.890340
0.105779 18.901718
0.106855 18.912757
0.107931 18.923423
0.109007 18.933685
0.110083 18.943512
0.111159 18.952878
0.112235 18.961757
0.113311 18.970124
0.114388 18.977959
0.115464 18.985240
0.116540 18.991949
0.117616 18.998069
0.118692 19.003585
0.119768 19.008484
0.120844 19.012753
0.121920 19.016383
0.122997 19.019365
0.124073 19.021691
0.125149 19.023357
0.126225 19.024358
0.127301 19.024692

0.127301 19.024692
0.128718 19.024586
0.130135 19.024270
0.131553 19.023744
0.132970 19.023011
0.134387 19.022073
0.135804 19.020935
0.137222 19.019601
0.138639 19.018076
0.140056 19.016367
0.141473 19.014481
0.142891 19.012425
0.144308 19.010207
0.145725 19.007837
0.147142 19.005324
0.148560 19.002679
0.149977 18.999912
0.151394 18.997035
0.152811 18.994059
0.154228 18.990996
0.155646 18.987859
0.157063 18.984660
0.158480 18.981414
0.159897 18.978133
0.161315 18.974830
0.162732 18.971519
0.164149 18.968213
0.165566 18.964927
0.166984 18.961674
0.168401 18.958467
0.169818 18.955319
0.171235 18.952243
0.172652 18.949252
0.174070 18.946359
0.175487 18.943575
0.176904 18.940913
0.178321 18.938382
0.179739 18.935993
0.181156 18.933757
0.182573 18.931683
0.183990 18.929780
0.185408 18.928054
0.186825 18.926515
0.188242 18.925167
0.189659 18.924017
0.191077 18.923069
0.192494 18.922328
0.193911 18.921796
0.195328 18.921476
0.196745 18.921370

0.196745 18.921370
0.197506 18.921370
0.198267 18.921372
0.199028 18.921376
0.199789 18.921381
0.200550 18.921387
0.201311 18.921395
0.202072 18.921404
0.202833 18.921414
0.203594 18.921426
0.204355 18.921439
0.205116 18.921453
0.205877 18.921468
0.206638 18.921484
0.207399 18.921501
0.208159 18.921519
0.208920 18.921537
0.209681 18.921557
0.210442 18.921577
0.211203 18.921598
0.211964 18.921619
0.212725 18.921641
0.213486 18.921662
0.214247 18.921685
0.215008 18.921707
0.215769 18.921729
0.216530 18.921752
0.217291 18.921774
0.218052 18.921796
0.218812 18.921817
0.219573 18.921838
0.220334 18.921859
0.221095 18.921879
0.221856 18.921899
0.222617 18.921917
0.223378 18.921935
0.224139 18.921952
0.224900 18.921968
0.225661 18.921983
0.226422 18.921997
0.227183 18.922010
0.227944 18.922022
0.228705 18.922032
0.229465 18.922041
0.230226 18.922049
0.230987 18.922055
0.231748 18.922060
0.232509 18.922064
0.233270 18.922066
0.234031 18.922067

0.234031 18.922067
0.234792 18.921341
0.235553 18.919166
0.236314 18.915545
0.237075 18.910486
0.237836 18.903998
0.238597 18.896093
0.239358 18.886787
0.240119 18.876097
0.240879 18.864043
0.241640 18.850647
0.242401 18.835935
0.243162 18.819934
0.243923 18.802674
0.244684 18.784186
0.245445 18.764505
0.246206 18.743667
0.246967 18.721711
0.247728 18.698677
0.248489 18.674610
0.249250 18.649556
0.250011 18.623561
0.250772 18.596679
0.251532 18.568963
0.252293 18.540471
0.253054 18.511265
0.253815 18.481410
0.254576 18.450977
0.255337 18.420042
0.256098 18.388687
0.256859 18.357003
0.257620 18.325086
0.258381 18.293045
0.259142 18.260998
0.259903 18.229078
0.260664 18.197430
0.261425 18.166220
0.262186 18.135630
0.262946 18.105865
0.263707 18.077154
0.264468 18.049753
0.265229 18.023940
0.265990 18.000021
0.266751 17.978319
0.267512 17.959174
0.268273 17.942921
0.269034 17.929882
0.269795 17.920340
0.270556 17.914518
0.271317 17.912561

0.271317 17.912561
0.272393 17.914524
0.273469 17.920362
0.274545 17.929930
0.275621 17.943002
0.276697 17.959293
0.277773 17.978480
0.278849 18.000223
0.279926 18.024183
0.281002 18.050033
0.282078 18.077468
0.283154 18.106207
0.284230 18.135994
0.285306 18.166601
0.286382 18.197821
0.287459 18.229473
0.288535 18.261391
0.289611 18.293430
0.290687 18.325458
0.291763 18.357356
0.292839 18.389018
0.293915 18.420345
0.294991 18.451248
0.296067 18.481646
0.297144 18.511463
0.298220 18.540628
0.299296 18.569077
0.300372 18.596748
0.301448 18.623583
0.302524 18.649530
0.303600 18.674536
0.304676 18.698553
0.305752 18.721537
0.306829 18.743444
0.307905 18.764234
0.308981 18.783868
0.310057 18.802310
0.311133 18.819526
0.312209 18.835485
0.313285 18.850157
0.314361 18.863515
0.315438 18.875536
0.316514 18.886195
0.317590 18.895474
0.318666 18.903356
0.319742 18.909824
0.320818 18.914868
0.321894 18.918478
0.322970 18.920646
0.324047 18.921370


0.000000 20.703040
0.000761 20.703040
0.001522 20.703040
0.002283 20.703040
0.003044 20.703040
0.003805 20.703040
0.004566 20.703040
0.005326 20.703040
0.006087 20.703040
0.006848 20.703040
0.007609 20.703040
0.008370 20.703040
0.009131 20.703040
0.009892 20.703040
0.010653 20.703040
0.011414 20.703040
0.012175 20.703040
0.012936 20.703039
0.013697 20.703039
0.014458 20.703039
0.015219 20.703039
0.015980 20.703039
0.016740 20.703039
0.017501 20.703039
0.018262 20.703039
0.019023 20.703039
0.019784 20.703039
0.020545 20.703038
0.021306 20.703038
0.022067 20.703038
0.022828 20.703038
0.023589 20.703038
0.024350 20.703038
0.025111 20.703038
0.025872 20.703038
0.026633 20.703038
0.027394 20.703038
0.028154 20.703038
0.028915 20.703038
0.029676 20.703038
0.030437 20.703038
0.031198 20.703038
0.031959 20.703038
0.032720 20.703037
0.033481 20.703037
0.034242 20.703037
0.035003 20.703037
0.035764 20.703037
0.036525 20.703037
0.037286 20.703037

0.037286 20.703037
0.038046 20.703039
0.038808 20.703043
0.039568 20.703051
0.040329 20.703062
0.041090 20.703075
0.041851 20.703091
0.042612 20.703111
0.043373 20.703133
0.044134 20.703157
0.044895 20.703184
0.045656 20.703213
0.046417 20.703245
0.047178 20.703279
0.047939 20.703314
0.048700 20.703352
0.049460 20.703391
0.050221 20.703431
0.050982 20.703472
0.051743 20.703515
0.052504 20.703558
0.053265 20.703602
0.054026 20.703646
0.054787 20.703690
0.055548 20.703734
0.056309 20.703777
0.057070 20.703820
0.057831 20.703862
0.058592 20.703902
0.059353 20.703941
0.060114 20.703979
0.060874 20.704015
0.061635 20.704048
0.062396 20.704079
0.063157 20.704108
0.063918 20.704135
0.064679 20.704159
0.065440 20.704181
0.066201 20.704200
0.066962 20.704217
0.067723 20.704232
0.068484 20.704245
0.069245 20.704256
0.070006 20.704265
0.070767 20.704273
0.071527 20.704279
0.072288 20.704284
0.073049 20.704287
0.073810 20.704289
0.074571 20.704290

0.074571 20.704290
0.075647 20.704288
0.076724 20.704284
0.077800 20.704278
0.078876 20.704269
0.079952 20.704258
0.081028 20.704244
0.082104 20.704228
0.083180 20.704209
0.084256 20.704188
0.085332 20.704165
0.086408 20.704140
0.087485 20.704113
0.088561 20.704085
0.089637 20.704054
0.090713 20.704022
0.091789 20.703988
0.092865 20.703953
0.093941 20.703917
0.095018 20.703880
0.096094 20.703842
0.097170 20.703803
0.098246 20.703764
0.099322 20.703724
0.100398 20.703684
0.101474 20.703644
0.102550 20.703604
0.103626 20.703565
0.104703 20.703525
0.105779 20.703487
0.106855 20.703449
0.107931 20.703412
0.109007 20.703376
0.110083 20.703341
0.111159 20.703307
0.112235 20.703275
0.113311 20.703245
0.114388 20.703216
0.115464 20.703189
0.116540 20.703164
0.117616 20.703141
0.118692 20.703121
0.119768 20.703102
0.120844 20.703086
0.121920 20.703072
0.122997 20.703061
0.124073 20.703052
0.125149 20.703046
0.126225 20.703042
0.127301 20.703040

0.127301 20.703040
0.128718 20.703040
0.130135 20.703038
0.131553 20.703034
0.132970 20.703029
0.134387 20.703023
0.135804 20.703015
0.137222 20.703006
0.138639 20.702995
0.140056 20.702983
0.141473 20.702971
0.142891 20.702957
0.144308 20.702941
0.145725 20.702925
0.147142 20.702908
0.148560 20.702890
0.149977 20.702871
0.151394 20.702851
0.152811 20.702831
0.154228 20.702810
0.155646 20.702789
0.157063 20.702767
0.158480 20.702745
0.159897 20.702722
0.161315 20.702700
0.162732 20.702677
0.164149 20.702655
0.165566 20.702632
0.166984 20.702610
0.168401 20.702588
0.169818 20.702567
0.171235 20.702546
0.172652 20.702526
0.174070 20.702506
0.175487 20.702487
0.176904 20.702469
0.178321 20.702452
0.179739 20.702436
0.181156 20.702421
0.182573 20.702407
0.183990 20.702394
0.185408 20.702382
0.186825 20.702372
0.188242 20.702362
0.189659 20.702355
0.191077 20.702348
0.192494 20.702343
0.193911 20.702340
0.195328 20.702337
0.196745 20.702337

0.196745 20.702337
0.197506 20.702337
0.198267 20.702337
0.199028 20.702337
0.199789 20.702337
0.200550 20.702337
0.201311 20.702337
0.202072 20.702337
0.202833 20.702337
0.203594 20.702337
0.204355 20.702337
0.205116 20.702337
0.205877 20.702337
0.206638 20.702337
0.207399 20.702337
0.208159 20.702337
0.208920 20.702337
0.209681 20.702337
0.210442 20.702337
0.211203 20.702337
0.211964 20.702337
0.212725 20.702337
0.213486 20.702337
0.214247 20.702337
0.215008 20.702337
0.215769 20.702337
0.216530 20.702337
0.217291 20.702337
0.218052 20.702337
0.218812 20.702337
0.219573 20.702337
0.220334 20.702337
0.221095 20.702337
0.221856 20.702337
0.222617 20.702337
0.223378 20.702337
0.224139 20.702337
0.224900 20.702337
0.225661 20.702337
0.226422 20.702337
0.227183 20.702337
0.227944 20.702337
0.228705 20.702337
0.229465 20.702337
0.230226 20.702337
0.230987 20.702337
0.231748 20.702337
0.232509 20.702337
0.233270 20.702337
0.234031 20.702337

0.234031 20.702337
0.234792 20.702338
0.235553 20.702343
0.236314 20.702351
0.237075 20.702361
0.237836 20.702375
0.238597 20.702391
0.239358 20.702410
0.240119 20.702432
0.240879 20.702456
0.241640 20.702483
0.242401 20.702513
0.243162 20.702544
0.243923 20.702578
0.244684 20.702614
0.245445 20.702652
0.246206 20.702692
0.246967 20.702733
0.247728 20.702775
0.248489 20.702819
0.249250 20.702864
0.250011 20.702910
0.250772 20.702956
0.251532 20.703003
0.252293 20.703050
0.253054 20.703097
0.253815 20.703144
0.254576 20.703191
0.255337 20.703237
0.256098 20.703283
0.256859 20.703328
0.257620 20.703371
0.258381 20.703414
0.259142 20.703455
0.259903 20.703495
0.260664 20.703532
0.261425 20.703568
0.262186 20.703602
0.262946 20.703634
0.263707 20.703663
0.264468 20.703690
0.265229 20.703715
0.265990 20.703737
0.266751 20.703756
0.267512 20.703772
0.268273 20.703785
0.269034 20.703796
0.269795 20.703803
0.270556 20.703808
0.271317 20.703809

0.271317 20.703809
0.272393 20.703808
0.273469 20.703803
0.274545 20.703796
0.275621 20.703785
0.276697 20.703772
0.277773 20.703756
0.278849 20.703737
0.279926 20.703715
0.281002 20.703690
0.282078 20.703663
0.283154 20.703634
0.284230 20.703602
0.285306 20.703568
0.286382 20.703532
0.287459 20.703495
0.288535 20.703455
0.289611 20.703414
0.290687 20.703371
0.291763 20.703328
0.292839 20.703283
0.293915 20.703237
0.294991 20.703191
0.296067 20.703144
0.297144 20.703097
0.298220 20.703050
0.299296 20.703003
0.300372 20.702956
0.301448 20.702910
0.302524 20.702864
0.303600 20.702819
0.304676 20.702775
0.305752 20.702733
0.306829 20.702692
0.307905 20.702652
0.308981 20.702614
0.310057 20.702578
0.311133 20.702544
0.312209 20.702513
0.313285 20.702483
0.314361 20.702456
0.315438 20.702432
0.316514 20.702410
0.317590 20.702391
0.318666 20.702374
0.319742 20.702361
0.320818 20.702350
0.321894 20.702343
0.322970 20.702338
0.324047 20.702337


0.000000 20.703040
0.000761 20.703042
0.001522 20.703047
0.002283 20.703055
0.003044 20.703066
0.003805 20.703079
0.004566 20.703096
0.005326 20.703116
0.006087 20.703139
0.006848 20.703164
0.007609 20.703192
0.008370 20.703223
0.009131 20.703256
0.009892 20.703291
0.010653 20.703329
0.011414 20.703368
0.012175 20.703409
0.012936 20.703452
0.013697 20.703496
0.014458 20.703541
0.015219 20.703588
0.015980 20.703635
0.016740 20.703683
0.017501 20.703732
0.018262 20.703781
0.019023 20.703830
0.019784 20.703879
0.020545 20.703928
0.021306 20.703976
0.022067 20.704023
0.022828 20.704070
0.023589 20.704115
0.024350 20.704159
0.025111 20.704202
0.025872 20.704243
0.026633 20.704282
0.027394 20.704320
0.028154 20.704355
0.028915 20.704388
0.029676 20.704418
0.030437 20.704446
0.031198 20.704472
0.031959 20.704494
0.032720 20.704514
0.033481 20.704531
0.034242 20.704545
0.035003 20.704556
0.035764 20.704564
0.036525 20.704568
0.037286 20.704570

0.037286 20.704570
0.038046 20.704570
0.038808 20.704570
0.039568 20.704570
0.040329 20.704571
0.041090 20.704571
0.041851 20.704572
0.042612 20.704573
0.043373 20.704574
0.044134 20.704575
0.044895 20.704576
0.045656 20.704577
0.046417 20.704578
0.047178 20.704580
0.047939 20.704582
0.048700 20.704584
0.049460 20.704586
0.050221 20.704589
0.050982 20.704591
0.051743 20.704594
0.052504 20.704598
0.053265 20.704602
0.054026 20.704606
0.054787 20.704610
0.055548 20.704615
0.056309 20.704621
0.057070 20.704627
0.057831 20.704634
0.058592 20.704642
0.059353 20.704650
0.060114 20.704659
0.060874 20.704669
0.061635 20.704680
0.062396 20.704692
0.063157 20.704704
0.063918 20.704717
0.064679 20.704730
0.065440 20.704743
0.066201 20.704757
0.066962 20.704771
0.067723 20.704784
0.068484 20.704796
0.069245 20.704808
0.070006 20.704818
0.070767 20.704828
0.071527 20.704836
0.072288 20.704842
0.073049 20.704846
0.073810 20.704849
0.074571 20.704850

0.074571 20.704850
0.075647 20.704848
0.076724 20.704843
0.077800 20.704833
0.078876 20.704821
0.079952 20.704804
0.081028 20.704784
0.082104 20.704760
0.083180 20.704734
0.084256 20.704704
0.085332 20.704670
0.086408 20.704634
0.087485 20.704595
0.088561 20.704553
0.089637 20.704509
0.090713 20.704463
0.091789 20.704414
0.092865 20.704364
0.093941 20.704311
0.095018 20.704257
0.096094 20.704202
0.097170 20.704146
0.098246 20.704089
0.099322 20.704032
0.100398 20.703974
0.101474 20.703916
0.102550 20.703858
0.103626 20.703800
0.104703 20.703743
0.105779 20.703687
0.106855 20.703632
0.107931 20.703579
0.109007 20.703526
0.110083 20.703476
0.111159 20.703427
0.112235 20.703381
0.113311 20.703337
0.114388 20.703295
0.115464 20.703256
0.116540 20.703220
0.117616 20.703187
0.118692 20.703157
0.119768 20.703130
0.120844 20.703107
0.121920 20.703087
0.122997 20.703070
0.124073 20.703057
0.125149 20.703048
0.126225 20.703042
0.127301 20.703040

0.127301 20.703040
0.128718 20.703040
0.130135 20.703038
0.131553 20.703034
0.132970 20.703029
0.134387 20.703023
0.135804 20.703015
0.137222 20.703006
0.138639 20.702995
0.140056 20.702983
0.141473 20.702971
0.142891 20.702957
0.144308 20.702941
0.145725 20.702925
0.147142 20.702908
0.148560 20.702890
0.149977 20.702871
0.151394 20.702851
0.152811 20.702831
0.154228 20.702810
0.155646 20.702789
0.157063 20.702767
0.158480 20.702745
0.159897 20.702722
0.161315 20.702700
0.162732 20.702677
0.164149 20.702655
0.165566 20.702632
0.166984 20.702610
0.168401 20.702588
0.169818 20.702567
0.171235 20.702546
0.172652 20.702526
0.174070 20.702506
0.175487 20.702487
0.176904 20.702469
0.178321 20.702452
0.179739 20.702436
0.181156 20.702421
0.182573 20.702407
0.183990 20.702394
0.185408 20.702382
0.186825 20.702372
0.188242 20.702362
0.189659 20.702355
0.191077 20.702348
0.192494 20.702343
0.193911 20.702340
0.195328 20.702337
0.196745 20.702337

0.196745 20.702337
0.197506 20.702338
0.198267 20.702343
0.199028 20.702350
0.199789 20.702361
0.200550 20.702374
0.201311 20.702391
0.202072 20.702410
0.202833 20.702432
0.203594 20.702456
0.204355 20.702483
0.205116 20.702513
0.205877 20.702544
0.206638 20.702578
0.207399 20.702614
0.208159 20.702652
0.208920 20.702692
0.209681 20.702733
0.210442 20.702775
0.211203 20.702819
0.211964 20.702864
0.212725 20.702910
0.213486 20.702956
0.214247 20.703003
0.215008 20.703050
0.215769 20.703097
0.216530 20.703144
0.217291 20.703191
0.218052 20.703237
0.218812 20.703283
0.219573 20.703328
0.220334 20.703371
0.221095 20.703414
0.221856 20.703455
0.222617 20.703495
0.223378 20.703532
0.224139 20.703568
0.224900 20.703602
0.225661 20.703634
0.226422 20.703663
0.227183 20.703690
0.227944 20.703715
0.228705 20.703737
0.229465 20.703756
0.230226 20.703772
0.230987 20.703786
0.231748 20.703796
0.232509 20.703804
0.233270 20.703808
0.234031 20.703810

0.234031 20.703810
0.234792 20.703810
0.235553 20.703810
0.236314 20.703810
0.237075 20.703810
0.237836 20.703810
0.238597 20.703810
0.239358 20.703810
0.240119 20.703810
0.240879 20.703810
0.241640 20.703810
0.242401 20.703810
0.243162 20.703810
0.243923 20.703810
0.244684 20.703810
0.245445 20.703810
0.246206 20.703810
0.246967 20.703810
0.247728 20.703810
0.248489 20.703810
0.249250 20.703810
0.250011 20.703810
0.250772 20.703810
0.251532 20.703810
0.252293 20.703810
0.253054 20.703810
0.253815 20.703810
0.254576 20.703810
0.255337 20.703810
0.256098 20.703810
0.256859 20.703810
0.257620 20.703810
0.258381 20.703810
0.259142 20.703810
0.259903 20.703810
0.260664 20.703810
0.261425 20.703810
0.262186 20.703810
0.262946 20.703810
0.263707 20.703810
0.264468 20.703810
0.265229 20.703810
0.265990 20.703810
0.266751 20.703809
0.267512 20.703809
0.268273 20.703809
0.269034 20.703809
0.269795 20.703809
0.270556 20.703809
0.271317 20.703809

0.271317 20.703809
0.272393 20.703808
0.273469 20.703803
0.274545 20.703796
0.275621 20.703785
0.276697 20.703772
0.277773 20.703756
0.278849 20.703737
0.279926 20.703715
0.281002 20.703690
0.282078 20.703663
0.283154 20.703634
0.284230 20.703602
0.285306 20.703568
0.286382 20.703532
0.287459 20.703495
0.288535 20.703455
0.289611 20.703414
0.290687 20.703371
0.291763 20.703328
0.292839 20.703283
0.293915 20.703237
0.294991 20.703191
0.296067 20.703144
0.297144 20.703097
0.298220 20.703050
0.299296 20.703003
0.300372 20.702956
0.301448 20.702910
0.302524 20.702864
0.303600 20.702819
0.304676 20.702775
0.305752 20.702733
0.306829 20.702692
0.307905 20.702652
0.308981 20.702614
0.310057 20.702578
0.311133 20.702544
0.312209 20.702513
0.313285 20.702483
0.314361 20.702456
0.315438 20.702432
0.316514 20.702410
0.317590 20.702391
0.318666 20.702374
0.319742 20.702361
0.320818 20.702350
0.321894 20.702343
0.322970 20.702338
0.324047 20.702337


0.000000 21.293684
0.000761 21.293684
0.001522 21.293684
0.002283 21.293684
0.003044 21.293684
0.003805 21.293684
0.004566 21.293684
0.005326 21.293684
0.006087 21.293684
0.006848 21.293684
0.007609 21.293684
0.008370 21.293684
0.009131 21.293684
0.009892 21.293684
0.010653 21.293684
0.011414 21.293684
0.012175 21.293684
0.012936 21.293684
0.013697 21.293684
0.014458 21.293684
0.015219 21.293684
0.015980 21.293684
0.016740 21.293684
0.017501 21.293684
0.018262 21.293684
0.019023 21.293684
0.019784 21.293684
0.020545 21.293684
0.021306 21.293684
0.022067 21.293684
0.022828 21.293684
0.023589 21.293684
0.024350 21.293684
0.025111 21.293684
0.025872 21.293684
0.026633 21.293684
0.027394 21.293684
0.028154 21.293684
0.028915 21.293684
0.029676 21.293684
0.030437 21.293684
0.031198 21.293684
0.031959 21.293684
0.032720 21.293684
0.033481 21.293684
0.034242 21.293684
0.035003 21.293684
0.035764 21.293684
0.036525 21.293684
0.037286 21.293684

0.037286 21.293684
0.038046 21.293689
0.038808 21.293705
0.039568 21.293730
0.040329 21.293764
0.041090 21.293809
0.041851 21.293863
0.042612 21.293926
0.043373 21.293998
0.044134 21.294078
0.044895 21.294166
0.045656 21.294262
0.046417 21.294364
0.047178 21.294473
0.047939 21.294587
0.048700 21.294707
0.049460 21.294831
0.050221 21.294958
0.050982 21.295088
0.051743 21.295220
0.052504 21.295354
0.053265 21.295487
0.054026 21.295621
0.054787 21.295752
0.055548 21.295882
0.056309 21.296009
0.057070 21.296132
0.057831 21.296251
0.058592 21.296364
0.059353 21.296472
0.060114 21.296575
0.060874 21.296671
0.061635 21.296761
0.062396 21.296844
0.063157 21.296921
0.063918 21.296991
0.064679 21.297055
0.065440 21.297113
0.066201 21.297165
0.066962 21.297212
0.067723 21.297253
0.068484 21.297288
0.069245 21.297320
0.070006 21.297346
0.070767 21.297368
0.071527 21.297386
0.072288 21.297399
0.073049 21.297409
0.073810 21.297415
0.074571 21.297417

0.074571 21.297417
0.075647 21.297413
0.076724 21.297401
0.077800 21.297382
0.078876 21.297356
0.079952 21.297322
0.081028 21.297281
0.082104 21.297232
0.083180 21.297177
0.084256 21.297115
0.085332 21.297047
0.086408 21.296972
0.087485 21.296892
0.088561 21.296806
0.089637 21.296715
0.090713 21.296619
0.091789 21.296519
0.092865 21.296415
0.093941 21.296307
0.095018 21.296196
0.096094 21.296082
0.097170 21.295967
0.098246 21.295849
0.099322 21.295731
0.100398 21.295611
0.101474 21.295492
0.102550 21.295372
0.103626 21.295254
0.104703 21.295136
0.105779 21.295021
0.106855 21.294907
0.107931 21.294796
0.109007 21.294688
0.110083 21.294584
0.111159 21.294484
0.112235 21.294388
0.113311 21.294296
0.114388 21.294210
0.115464 21.294130
0.116540 21.294055
0.117616 21.293987
0.118692 21.293925
0.119768 21.293869
0.120844 21.293821
0.121920 21.293780
0.122997 21.293745
0.124073 21.293719
0.125149 21.293700
0.126225 21.293688
0.127301 21.293684

0.127301 21.293684
0.128718 21.293694
0.130135 21.293723
0.131553 21.293772
0.132970 21.293840
0.134387 21.293927
0.135804 21.294032
0.137222 21.294155
0.138639 21.294296
0.140056 21.294454
0.141473 21.294629
0.142891 21.294819
0.144308 21.295024
0.145725 21.295243
0.147142 21.295475
0.148560 21.295720
0.149977 21.295975
0.151394 21.296241
0.152811 21.296516
0.154228 21.296799
0.155646 21.297089
0.157063 21.297384
0.158480 21.297684
0.159897 21.297987
0.161315 21.298292
0.162732 21.298597
0.164149 21.298902
0.165566 21.299206
0.166984 21.299506
0.168401 21.299802
0.169818 21.300092
0.171235 21.300375
0.172652 21.300651
0.174070 21.300918
0.175487 21.301174
0.176904 21.301420
0.178321 21.301653
0.179739 21.301873
0.181156 21.302079
0.182573 21.302270
0.183990 21.302445
0.185408 21.302604
0.186825 21.302745
0.188242 21.302869
0.189659 21.302975
0.191077 21.303062
0.192494 21.303131
0.193911 21.303179
0.195328 21.303209
0.196745 21.303219

0.196745 21.303219
0.197506 21.303219
0.198267 21.303219
0.199028 21.303219
0.199789 21.303219
0.200550 21.303219
0.201311 21.303219
0.202072 21.303219
0.202833 21.303219
0.203594 21.303219
0.204355 21.303219
0.205116 21.303219
0.205877 21.303219
0.206638 21.303219
0.207399 21.303219
0.208159 21.303219
0.208920 21.303219
0.209681 21.303219
0.210442 21.303219
0.211203 21.303219
0.211964 21.303219
0.212725 21.303219
0.213486 21.303219
0.214247 21.303219
0.215008 21.303219
0.215769 21.303219
0.216530 21.303219
0.217291 21.303219
0.218052 21.303219
0.218812 21.303218
0.219573 21.303218
0.220334 21.303218
0.221095 21.303218
0.221856 21.303218
0.222617 21.303218
0.223378 21.303218
0.224139 21.303218
0.224900 21.303218
0.225661 21.303218
0.226422 21.303218
0.227183 21.303218
0.227944 21.303218
0.228705 21.303218
0.229465 21.303218
0.230226 21.303218
0.230987 21.303218
0.231748 21.303218
0.232509 21.303218
0.233270 21.303218
0.234031 21.303218

0.234031 21.303218
0.234792 21.303225
0.235553 21.303245
0.236314 21.303278
0.237075 21.303324
0.237836 21.303383
0.238597 21.303455
0.239358 21.303539
0.240119 21.303635
0.240879 21.303743
0.241640 21.303862
0.242401 21.303991
0.243162 21.304131
0.243923 21.304280
0.244684 21.304438
0.245445 21.304605
0.246206 21.304779
0.246967 21.304960
0.247728 21.305147
0.248489 21.305340
0.249250 21.305537
0.250011 21.305738
0.250772 21.305942
0.251532 21.306148
0.252293 21.306355
0.253054 21.306563
0.253815 21.306770
0.254576 21.306976
0.255337 21.307180
0.256098 21.307382
0.256859 21.307579
0.257620 21.307771
0.258381 21.307959
0.259142 21.308140
0.259903 21.308314
0.260664 21.308481
0.261425 21.308639
0.262186 21.308788
0.262946 21.308928
0.263707 21.309058
0.264468 21.309177
0.265229 21.309285
0.265990 21.309381
0.266751 21.309465
0.267512 21.309537
0.268273 21.309596
0.269034 21.309642
0.269795 21.309675
0.270556 21.309695
0.271317 21.309702

0.271317 21.309702
0.272393 21.309694
0.273469 21.309670
0.274545 21.309630
0.275621 21.309574
0.276697 21.309503
0.277773 21.309418
0.278849 21.309317
0.279926 21.309203
0.281002 21.309075
0.282078 21.308935
0.283154 21.308783
0.284230 21.308620
0.285306 21.308448
0.286382 21.308266
0.287459 21.308076
0.288535 21.307879
0.289611 21.307675
0.290687 21.307467
0.291763 21.307256
0.292839 21.307041
0.293915 21.306825
0.294991 21.306608
0.296067 21.306392
0.297144 21.306178
0.298220 21.305966
0.299296 21.305758
0.300372 21.305554
0.301448 21.305356
0.302524 21.305163
0.303600 21.304978
0.304676 21.304800
0.305752 21.304631
0.306829 21.304469
0.307905 21.304317
0.308981 21.304175
0.310057 21.304042
0.311133 21.303919
0.312209 21.303806
0.313285 21.303702
0.314361 21.303610
0.315438 21.303527
0.316514 21.303454
0.317590 21.303391
0.318666 21.303338
0.319742 21.303295
0.320818 21.303262
0.321894 21.303238
0.322970 21.303223
0.324047 21.303219


0.000000 21.293684
0.000761 21.293690
0.001522 21.293707
0.002283 21.293734
0.003044 21.293773
0.003805 21.293823
0.004566 21.293883
0.005326 21.293953
0.006087 21.294034
0.006848 21.294124
0.007609 21.294223
0.008370 21.294332
0.009131 21.294449
0.009892 21.294574
0.010653 21.294706
0.011414 21.294845
0.012175 21.294991
0.012936 21.295143
0.013697 21.295300
0.014458 21.295461
0.015219 21.295626
0.015980 21.295794
0.016740 21.295965
0.017501 21.296138
0.018262 21.296311
0.019023 21.296485
0.019784 21.296659
0.020545 21.296832
0.021306 21.297003
0.022067 21.297171
0.022828 21.297336
0.023589 21.297498
0.024350 21.297655
0.025111 21.297806
0.025872 21.297952
0.026633 21.298092
0.027394 21.298224
0.028154 21.298349
0.028915 21.298467
0.029676 21.298575
0.030437 21.298675
0.031198 21.298765
0.031959 21.298846
0.032720 21.298916
0.033481 21.298976
0.034242 21.299026
0.035003 21.299065
0.035764 21.299092
0.036525 21.299109
0.037286 21.299115

0.037286 21.299115
0.038046 21.299115
0.038808 21.299117
0.039568 21.299120
0.040329 21.299124
0.041090 21.299129
0.041851 21.299135
0.042612 21.299143
0.043373 21.299151
0.044134 21.299162
0.044895 21.299173
0.045656 21.299186
0.046417 21.299201
0.047178 21.299218
0.047939 21.299236
0.048700 21.299256
0.049460 21.299279
0.050221 21.299303
0.050982 21.299330
0.051743 21.299360
0.052504 21.299392
0.053265 21.299427
0.054026 21.299465
0.054787 21.299507
0.055548 21.299551
0.056309 21.299599
0.057070 21.299650
0.057831 21.299704
0.058592 21.299762
0.059353 21.299823
0.060114 21.299886
0.060874 21.299952
0.061635 21.300019
0.062396 21.300088
0.063157 21.300158
0.063918 21.300227
0.064679 21.300296
0.065440 21.300364
0.066201 21.300429
0.066962 21.300491
0.067723 21.300550
0.068484 21.300605
0.069245 21.300655
0.070006 21.300699
0.070767 21.300737
0.071527 21.300769
0.072288 21.300794
0.073049 21.300813
0.073810 21.300824
0.074571 21.300827

0.074571 21.300827
0.075647 21.300820
0.076724 21.300798
0.077800 21.300761
0.078876 21.300710
0.079952 21.300645
0.081028 21.300565
0.082104 21.300472
0.083180 21.300366
0.084256 21.300247
0.085332 21.300116
0.086408 21.299972
0.087485 21.299818
0.088561 21.299653
0.089637 21.299478
0.090713 21.299294
0.091789 21.299102
0.092865 21.298902
0.093941 21.298696
0.095018 21.298483
0.096094 21.298266
0.097170 21.298044
0.098246 21.297819
0.099322 21.297592
0.100398 21.297363
0.101474 21.297134
0.102550 21.296906
0.103626 21.296679
0.104703 21.296455
0.105779 21.296233
0.106855 21.296016
0.107931 21.295804
0.109007 21.295598
0.110083 21.295399
0.111159 21.295208
0.112235 21.295025
0.113311 21.294851
0.114388 21.294687
0.115464 21.294533
0.116540 21.294391
0.117616 21.294261
0.118692 21.294142
0.119768 21.294037
0.120844 21.293944
0.121920 21.293866
0.122997 21.293801
0.124073 21.293750
0.125149 21.293714
0.126225 21.293692
0.127301 21.293684

0.127301 21.293684
0.128718 21.293694
0.130135 21.293723
0.131553 21.293772
0.132970 21.293840
0.134387 21.293927
0.135804 21.294032
0.137222 21.294155
0.138639 21.294296
0.140056 21.294454
0.141473 21.294629
0.142891 21.294819
0.144308 21.295024
0.145725 21.295243
0.147142 21.295475
0.148560 21.295720
0.149977 21.295975
0.151394 21.296241
0.152811 21.296516
0.154228 21.296799
0.155646 21.297089
0.157063 21.297384
0.158480 21.297684
0.159897 21.297987
0.161315 21.298292
0.162732 21.298597
0.164149 21.298902
0.165566 21.299206
0.166984 21.299506
0.168401 21.299802
0.169818 21.300092
0.171235 21.300375
0.172652 21.300651
0.174070 21.300918
0.175487 21.301174
0.176904 21.301420
0.178321 21.301653
0.179739 21.301873
0.181156 21.302079
0.182573 21.302270
0.183990 21.302445
0.185408 21.302604
0.186825 21.302745
0.188242 21.302869
0.189659 21.302975
0.191077 21.303062
0.192494 21.303131
0.193911 21.303179
0.195328 21.303209
0.196745 21.303219

0.196745 21.303219
0.197506 21.303223
0.198267 21.303238
0.199028 21.303261
0.199789 21.303294
0.200550 21.303336
0.201311 21.303388
0.202072 21.303448
0.202833 21.303516
0.203594 21.303593
0.204355 21.303678
0.205116 21.303770
0.205877 21.303870
0.206638 21.303976
0.207399 21.304089
0.208159 21.304208
0.208920 21.304332
0.209681 21.304461
0.210442 21.304595
0.211203 21.304732
0.211964 21.304873
0.212725 21.305016
0.213486 21.305161
0.214247 21.305308
0.215008 21.305456
0.215769 21.305604
0.216530 21.305751
0.217291 21.305898
0.218052 21.306043
0.218812 21.306187
0.219573 21.306327
0.220334 21.306464
0.221095 21.306597
0.221856 21.306726
0.222617 21.306850
0.223378 21.306969
0.224139 21.307081
0.224900 21.307188
0.225661 21.307287
0.226422 21.307379
0.227183 21.307464
0.227944 21.307540
0.228705 21.307609
0.229465 21.307669
0.230226 21.307720
0.230987 21.307762
0.231748 21.307795
0.232509 21.307818
0.233270 21.307832
0.234031 21.307837

0.234031 21.307837
0.234792 21.307840
0.235553 21.307848
0.236314 21.307861
0.237075 21.307879
0.237836 21.307903
0.238597 21.307931
0.239358 21.307964
0.240119 21.308001
0.240879 21.308042
0.241640 21.308086
0.242401 21.308134
0.243162 21.308185
0.243923 21.308238
0.244684 21.308294
0.245445 21.308351
0.246206 21.308410
0.246967 21.308470
0.247728 21.308531
0.248489 21.308592
0.249250 21.308654
0.250011 21.308715
0.250772 21.308776
0.251532 21.308836
0.252293 21.308895
0.253054 21.308953
0.253815 21.309010
0.254576 21.309065
0.255337 21.309119
0.256098 21.309171
0.256859 21.309221
0.257620 21.309268
0.258381 21.309314
0.259142 21.309357
0.259903 21.309398
0.260664 21.309437
0.261425 21.309473
0.262186 21.309506
0.262946 21.309537
0.263707 21.309566
0.264468 21.309592
0.265229 21.309615
0.265990 21.309635
0.266751 21.309653
0.267512 21.309668
0.268273 21.309680
0.269034 21.309690
0.269795 21.309697
0.270556 21.309701
0.271317 21.309702

0.271317 21.309702
0.272393 21.309694
0.273469 21.309670
0.274545 21.309630
0.275621 21.309574
0.276697 21.309503
0.277773 21.309418
0.278849 21.309317
0.279926 21.309203
0.281002 21.309075
0.282078 21.308935
0.283154 21.308783
0.284230 21.308620
0.285306 21.308448
0.286382 21.308266
0.287459 21.308076
0.288535 21.307879
0.289611 21.307675
0.290687 21.307467
0.291763 21.307256
0.292839 21.307041
0.293915 21.306825
0.294991 21.306608
0.296067 21.306392
0.297144 21.306178
0.298220 21.305966
0.299296 21.305758
0.300372 21.305554
0.301448 21.305356
0.302524 21.305163
0.303600 21.304978
0.304676 21.304800
0.305752 21.304631
0.306829 21.304469
0.307905 21.304317
0.308981 21.304175
0.310057 21.304042
0.311133 21.303919
0.312209 21.303806
0.313285 21.303702
0.314361 21.303610
0.315438 21.303527
0.316514 21.303454
0.317590 21.303391
0.318666 21.303338
0.319742 21.303295
0.320818 21.303262
0.321894 21.303238
0.322970 21.303223
0.324047 21.303219


0.000000 21.798630
0.000761 21.798787
0.001522 21.799258
0.002283 21.800039
0.003044 21.801125
0.003805 21.802509
0.004566 21.804183
0.005326 21.806135
0.006087 21.808353
0.006848 21.810824
0.007609 21.813531
0.008370 21.816459
0.009131 21.819590
0.009892 21.822906
0.010653 21.826386
0.011414 21.830012
0.012175 21.833763
0.012936 21.837618
0.013697 21.841556
0.014458 21.845558
0.015219 21.849602
0.015980 21.853668
0.016740 21.857737
0.017501 21.861790
0.018262 21.865808
0.019023 21.869774
0.019784 21.873670
0.020545 21.877482
0.021306 21.881194
0.022067 21.884793
0.022828 21.888267
0.023589 21.891603
0.024350 21.894794
0.025111 21.897828
0.025872 21.900699
0.026633 21.903401
0.027394 21.905928
0.028154 21.908276
0.028915 21.910440
0.029676 21.912420
0.030437 21.914213
0.031198 21.915817
0.031959 21.917232
0.032720 21.918458
0.033481 21.919495
0.034242 21.920342
0.035003 21.921001
0.035764 21.921472
0.036525 21.921754
0.037286 21.921848

0.037286 21.921848
0.038046 21.921994
0.038808 21.922434
0.039568 21.923163
0.040329 21.924179
0.041090 21.925475
0.041851 21.927044
0.042612 21.928877
0.043373 21.930964
0.044134 21.933294
0.044895 21.935854
0.045656 21.938631
0.046417 21.941610
0.047178 21.944775
0.047939 21.948110
0.048700 21.951600
0.049460 21.955225
0.050221 21.958970
0.050982 21.962816
0.051743 21.966745
0.052504 21.970740
0.053265 21.974783
0.054026 21.978856
0.054787 21.982941
0.055548 21.987023
0.056309 21.991083
0.057070 21.995106
0.057831 21.999076
0.058592 22.002978
0.059353 22.006797
0.060114 22.010519
0.060874 22.014131
0.061635 22.017621
0.062396 22.020975
0.063157 22.024182
0.063918 22.027233
0.064679 22.030116
0.065440 22.032823
0.066201 22.035345
0.066962 22.037673
0.067723 22.039802
0.068484 22.041724
0.069245 22.043433
0.070006 22.044925
0.070767 22.046195
0.071527 22.047238
0.072288 22.048054
0.073049 22.048637
0.073810 22.048988
0.074571 22.049106

0.074571 22.049106
0.075647 22.048891
0.076724 22.048247
0.077800 22.047177
0.078876 22.045681
0.079952 22.043764
0.081028 22.041429
0.082104 22.038683
0.083180 22.035531
0.084256 22.031982
0.085332 22.028043
0.086408 22.023725
0.087485 22.019038
0.088561 22.013994
0.089637 22.008606
0.090713 22.002889
0.091789 21.996858
0.092865 21.990531
0.093941 21.983926
0.095018 21.977062
0.096094 21.969961
0.097170 21.962645
0.098246 21.955138
0.099322 21.947466
0.100398 21.939656
0.101474 21.931737
0.102550 21.923738
0.103626 21.915691
0.104703 21.907628
0.105779 21.899584
0.106855 21.891593
0.107931 21.883693
0.109007 21.875920
0.110083 21.868313
0.111159 21.860909
0.112235 21.853748
0.113311 21.846869
0.114388 21.840310
0.115464 21.834110
0.116540 21.828304
0.117616 21.822929
0.118692 21.818019
0.119768 21.813605
0.120844 21.809716
0.121920 21.806378
0.122997 21.803615
0.124073 21.801446
0.125149 21.799885
0.126225 21.798944
0.127301 21.798630

0.127301 21.798630
0.128718 21.798670
0.130135 21.798789
0.131553 21.798988
0.132970 21.799267
0.134387 21.799625
0.135804 21.800063
0.137222 21.800581
0.138639 21.801179
0.140056 21.801856
0.141473 21.802614
0.142891 21.803452
0.144308 21.804371
0.145725 21.805369
0.147142 21.806449
0.148560 21.807609
0.149977 21.808850
0.151394 21.810171
0.152811 21.811573
0.154228 21.813057
0.155646 21.814621
0.157063 21.816266
0.158480 21.817991
0.159897 21.819797
0.161315 21.821684
0.162732 21.823651
0.164149 21.825698
0.165566 21.827825
0.166984 21.830031
0.168401 21.832316
0.169818 21.834679
0.171235 21.837119
0.172652 21.839637
0.174070 21.842230
0.175487 21.844899
0.176904 21.847642
0.178321 21.850457
0.179739 21.853345
0.181156 21.856302
0.182573 21.859329
0.183990 21.862422
0.185408 21.865581
0.186825 21.868803
0.188242 21.872087
0.189659 21.875430
0.191077 21.878829
0.192494 21.882283
0.193911 21.885788
0.195328 21.889342
0.196745 21.892941

0.196745 21.892941
0.197506 21.892942
0.198267 21.892947
0.199028 21.892955
0.199789 21.892965
0.200550 21.892979
0.201311 21.892995
0.202072 21.893014
0.202833 21.893036
0.203594 21.893060
0.204355 21.893088
0.205116 21.893117
0.205877 21.893149
0.206638 21.893183
0.207399 21.893219
0.208159 21.893257
0.208920 21.893297
0.209681 21.893338
0.210442 21.893381
0.211203 21.893425
0.211964 21.893470
0.212725 21.893516
0.213486 21.893563
0.214247 21.893610
0.215008 21.893657
0.215769 21.893705
0.216530 21.893752
0.217291 21.893800
0.218052 21.893847
0.218812 21.893893
0.219573 21.893938
0.220334 21.893982
0.221095 21.894025
0.221856 21.894067
0.222617 21.894107
0.223378 21.894145
0.224139 21.894182
0.224900 21.894216
0.225661 21.894248
0.226422 21.894278
0.227183 21.894305
0.227944 21.894330
0.228705 21.894352
0.229465 21.894372
0.230226 21.894388
0.230987 21.894402
0.231748 21.894413
0.232509 21.894420
0.233270 21.894425
0.234031 21.894426

0.234031 21.894426
0.234792 21.894555
0.235553 21.894940
0.236314 21.895579
0.237075 21.896468
0.237836 21.897602
0.238597 21.898976
0.239358 21.900580
0.240119 21.902406
0.240879 21.904444
0.241640 21.906682
0.242401 21.909109
0.243162 21.911712
0.243923 21.914476
0.244684 21.917387
0.245445 21.920431
0.246206 21.923592
0.246967 21.926855
0.247728 21.930205
0.248489 21.933625
0.249250 21.937099
0.250011 21.940613
0.250772 21.944151
0.251532 21.947697
0.252293 21.951237
0.253054 21.954756
0.253815 21.958240
0.254576 21.961676
0.255337 21.965050
0.256098 21.968351
0.256859 21.971565
0.257620 21.974682
0.258381 21.977691
0.259142 21.980581
0.259903 21.983343
0.260664 21.985968
0.261425 21.988448
0.262186 21.990775
0.262946 21.992941
0.263707 21.994941
0.264468 21.996768
0.265229 21.998416
0.265990 21.999882
0.266751 22.001161
0.267512 22.002249
0.268273 22.003143
0.269034 22.003841
0.269795 22.004341
0.270556 22.004642
0.271317 22.004742

0.271317 22.004742
0.272393 22.004642
0.273469 22.004341
0.274545 22.003840
0.275621 22.003141
0.276697 22.002246
0.277773 22.001156
0.278849 21.999875
0.279926 21.998406
0.281002 21.996754
0.282078 21.994922
0.283154 21.992916
0.284230 21.990742
0.285306 21.988405
0.286382 21.985914
0.287459 21.983275
0.288535 21.980497
0.289611 21.977589
0.290687 21.974559
0.291763 21.971418
0.292839 21.968177
0.293915 21.964846
0.294991 21.961438
0.296067 21.957966
0.297144 21.954442
0.298220 21.950879
0.299296 21.947293
0.300372 21.943697
0.301448 21.940107
0.302524 21.936538
0.303600 21.933006
0.304676 21.929527
0.305752 21.926116
0.306829 21.922791
0.307905 21.919567
0.308981 21.916459
0.310057 21.913485
0.311133 21.910660
0.312209 21.907997
0.313285 21.905513
0.314361 21.903220
0.315438 21.901131
0.316514 21.899258
0.317590 21.897613
0.318666 21.896203
0.319742 21.895038
0.320818 21.894125
0.321894 21.893468
0.322970 21.893073
0.324047 21.892941


0.000000 22.029214
0.000761 22.029225
0.001522 22.029258
0.002283 22.029312
0.003044 22.029388
0.003805 22.029487
0.004566 22.029607
0.005326 22.029750
0.006087 22.029916
0.006848 22.030106
0.007609 22.030319
0.008370 22.030555
0.009131 22.030817
0.009892 22.031103
0.010653 22.031414
0.011414 22.031752
0.012175 22.032115
0.012936 22.032505
0.013697 22.032921
0.014458 22.033364
0.015219 22.033834
0.015980 22.034331
0.016740 22.034855
0.017501 22.035404
0.018262 22.035979
0.019023 22.036578
0.019784 22.037199
0.020545 22.037842
0.021306 22.038504
0.022067 22.039182
0.022828 22.039873
0.023589 22.040575
0.024350 22.041282
0.025111 22.041992
0.025872 22.042698
0.026633 22.043397
0.027394 22.044082
0.028154 22.044748
0.028915 22.045389
0.029676 22.045999
0.030437 22.046573
0.031198 22.047104
0.031959 22.047587
0.032720 22.048017
0.033481 22.048390
0.034242 22.048701
0.035003 22.048946
0.035764 22.049124
0.036525 22.049231
0.037286 22.049267

0.037286 22.049267
0.038046 22.049267
0.038808 22.049266
0.039568 22.049265
0.040329 22.049264
0.041090 22.049263
0.041851 22.049261
0.042612 22.049259
0.043373 22.049256
0.044134 22.049254
0.044895 22.049251
0.045656 22.049248
0.046417 22.049244
0.047178 22.049240
0.047939 22.049237
0.048700 22.049232
0.049460 22.049228
0.050221 22.049224
0.050982 22.049219
0.051743 22.049214
0.052504 22.049209
0.053265 22.049204
0.054026 22.049199
0.054787 22.049194
0.055548 22.049189
0.056309 22.049184
0.057070 22.049178
0.057831 22.049173
0.058592 22.049168
0.059353 22.049163
0.060114 22.049158
0.060874 22.049154
0.061635 22.049149
0.062396 22.049144
0.063157 22.049140
0.063918 22.049136
0.064679 22.049132
0.065440 22.049128
0.066201 22.049125
0.066962 22.049122
0.067723 22.049119
0.068484 22.049116
0.069245 22.049114
0.070006 22.049111
0.070767 22.049110
0.071527 22.049108
0.072288 22.049107
0.073049 22.049106
0.073810 22.049106
0.074571 22.049106

0.074571 22.049106
0.075647 22.049086
0.076724 22.049029
0.077800 22.048933
0.078876 22.048799
0.079952 22.048627
0.081028 22.048419
0.082104 22.048174
0.083180 22.047894
0.084256 22.047580
0.085332 22.047232
0.086408 22.046853
0.087485 22.046442
0.088561 22.046003
0.089637 22.045536
0.090713 22.045042
0.091789 22.044525
0.092865 22.043986
0.093941 22.043426
0.095018 22.042848
0.096094 22.042255
0.097170 22.041648
0.098246 22.041029
0.099322 22.040402
0.100398 22.039769
0.101474 22.039132
0.102550 22.038494
0.103626 22.037857
0.104703 22.037225
0.105779 22.036599
0.106855 22.035983
0.107931 22.035380
0.109007 22.034791
0.110083 22.034220
0.111159 22.033668
0.112235 22.033140
0.113311 22.032636
0.114388 22.032159
0.115464 22.031712
0.116540 22.031296
0.117616 22.030913
0.118692 22.030566
0.119768 22.030255
0.120844 22.029983
0.121920 22.029751
0.122997 22.029559
0.124073 22.029409
0.125149 22.029301
0.126225 22.029236
0.127301 22.029214

0.127301 22.029214
0.128718 22.029131
0.130135 22.028880
0.131553 22.028463
0.132970 22.027881
0.134387 22.027134
0.135804 22.026224
0.137222 22.025154
0.138639 22.023925
0.140056 22.022540
0.141473 22.021003
0.142891 22.019316
0.144308 22.017482
0.145725 22.015506
0.147142 22.013392
0.148560 22.011144
0.149977 22.008766
0.151394 22.006263
0.152811 22.003641
0.154228 22.000904
0.155646 21.998057
0.157063 21.995106
0.158480 21.992056
0.159897 21.988913
0.161315 21.985683
0.162732 21.982371
0.164149 21.978983
0.165566 21.975525
0.166984 21.972004
0.168401 21.968423
0.169818 21.964790
0.171235 21.961111
0.172652 21.957390
0.174070 21.953634
0.175487 21.949848
0.176904 21.946037
0.178321 21.942208
0.179739 21.938366
0.181156 21.934514
0.182573 21.930660
0.183990 21.926807
0.185408 21.922960
0.186825 21.919125
0.188242 21.915305
0.189659 21.911504
0.191077 21.907728
0.192494 21.903980
0.193911 21.900264
0.195328 21.896583
0.196745 21.892941

0.196745 21.892941
0.197506 21.893071
0.198267 21.893462
0.199028 21.894111
0.199789 21.895014
0.200550 21.896167
0.201311 21.897561
0.202072 21.899190
0.202833 21.901044
0.203594 21.903113
0.204355 21.905385
0.205116 21.907848
0.205877 21.910488
0.206638 21.913293
0.207399 21.916246
0.208159 21.919333
0.208920 21.922538
0.209681 21.925847
0.210442 21.929242
0.211203 21.932708
0.211964 21.936228
0.212725 21.939788
0.213486 21.943371
0.214247 21.946962
0.215008 21.950546
0.215769 21.954109
0.216530 21.957636
0.217291 21.961113
0.218052 21.964527
0.218812 21.967866
0.219573 21.971118
0.220334 21.974270
0.221095 21.977313
0.221856 21.980235
0.222617 21.983028
0.223378 21.985682
0.224139 21.988188
0.224900 21.990540
0.225661 21.992729
0.226422 21.994750
0.227183 21.996595
0.227944 21.998261
0.228705 21.999742
0.229465 22.001034
0.230226 22.002133
0.230987 22.003037
0.231748 22.003742
0.232509 22.004247
0.233270 22.004551
0.234031 22.004652

0.234031 22.004652
0.234792 22.004652
0.235553 22.004652
0.236314 22.004653
0.237075 22.004653
0.237836 22.004654
0.238597 22.004655
0.239358 22.004656
0.240119 22.004658
0.240879 22.004659
0.241640 22.004661
0.242401 22.004663
0.243162 22.004665
0.243923 22.004667
0.244684 22.004669
0.245445 22.004671
0.246206 22.004674
0.246967 22.004676
0.247728 22.004679
0.248489 22.004681
0.249250 22.004684
0.250011 22.004687
0.250772 22.004690
0.251532 22.004693
0.252293 22.004696
0.253054 22.004699
0.253815 22.004701
0.254576 22.004704
0.255337 22.004707
0.256098 22.004710
0.256859 22.004713
0.257620 22.004715
0.258381 22.004718
0.259142 22.004720
0.259903 22.004723
0.260664 22.004725
0.261425 22.004727
0.262186 22.004729
0.262946 22.004731
0.263707 22.004733
0.264468 22.004735
0.265229 22.004736
0.265990 22.004738
0.266751 22.004739
0.267512 22.004740
0.268273 22.004741
0.269034 22.004741
0.269795 22.004742
0.270556 22.004742
0.271317 22.004742

0.271317 22.004742
0.272393 22.004642
0.273469 22.004341
0.274545 22.003840
0.275621 22.003141
0.276697 22.002246
0.277773 22.001156
0.278849 21.999875
0.279926 21.998406
0.281002 21.996754
0.282078 21.994922
0.283154 21.992916
0.284230 21.990742
0.285306 21.988405
0.286382 21.985914
0.287459 21.983275
0.288535 21.980497
0.289611 21.977589
0.290687 21.974559
0.291763 21.971418
0.292839 21.968177
0.293915 21.964846
0.294991 21.961438
0.296067 21.957966
0.297144 21.954442
0.298220 21.950879
0.299296 21.947293
0.300372 21.943697
0.301448 21.940107
0.302524 21.936538
0.303600 21.933006
0.304676 21.929527
0.305752 21.926116
0.306829 21.922791
0.307905 21.919567
0.308981 21.916459
0.310057 21.913485
0.311133 21.910660
0.312209 21.907997
0.313285 21.905513
0.314361 21.903220
0.315438 21.901131
0.316514 21.899258
0.317590 21.897613
0.318666 21.896203
0.319742 21.895038
0.320818 21.894125
0.321894 21.893468
0.322970 21.893073
0.324047 21.892941


0.000000 23.131169
0.000761 23.131168
0.001522 23.131166
0.002283 23.131162
0.003044 23.131157
0.003805 23.131151
0.004566 23.131143
0.005326 23.131134
0.006087 23.131124
0.006848 23.131112
0.007609 23.131099
0.008370 23.131086
0.009131 23.131071
0.009892 23.131055
0.010653 23.131038
0.011414 23.131020
0.012175 23.131001
0.012936 23.130982
0.013697 23.130962
0.014458 23.130942
0.015219 23.130921
0.015980 23.130900
0.016740 23.130878
0.017501 23.130856
0.018262 23.130835
0.019023 23.130813
0.019784 23.130791
0.020545 23.130769
0.021306 23.130748
0.022067 23.130727
0.022828 23.130706
0.023589 23.130686
0.024350 23.130667
0.025111 23.130648
0.025872 23.130630
0.026633 23.130612
0.027394 23.130596
0.028154 23.130581
0.028915 23.130566
0.029676 23.130553
0.030437 23.130540
0.031198 23.130529
0.031959 23.130519
0.032720 23.130511
0.033481 23.130503
0.034242 23.130497
0.035003 23.130492
0.035764 23.130489
0.036525 23.130487
0.037286 23.130486

0.037286 23.130486
0.038046 23.130486
0.038808 23.130483
0.039568 23.130480
0.040329 23.130475
0.041090 23.130469
0.041851 23.130461
0.042612 23.130452
0.043373 23.130442
0.044134 23.130430
0.044895 23.130417
0.045656 23.130404
0.046417 23.130389
0.047178 23.130373
0.047939 23.130356
0.048700 23.130338
0.049460 23.130320
0.050221 23.130301
0.050982 23.130281
0.051743 23.130261
0.052504 23.130240
0.053265 23.130219
0.054026 23.130197
0.054787 23.130175
0.055548 23.130154
0.056309 23.130132
0.057070 23.130110
0.057831 23.130089
0.058592 23.130067
0.059353 23.130046
0.060114 23.130026
0.060874 23.130006
0.061635 23.129986
0.062396 23.129968
0.063157 23.129950
0.063918 23.129932
0.064679 23.129916
0.065440 23.129901
0.066201 23.129886
0.066962 23.129873
0.067723 23.129861
0.068484 23.129850
0.069245 23.129840
0.070006 23.129831
0.070767 23.129824
0.071527 23.129818
0.072288 23.129813
0.073049 23.129810
0.073810 23.129808
0.074571 23.129807

0.074571 23.129807
0.075647 23.129808
0.076724 23.129812
0.077800 23.129819
0.078876 23.129829
0.079952 23.129841
0.081028 23.129855
0.082104 23.129873
0.083180 23.129893
0.084256 23.129915
0.085332 23.129939
0.086408 23.129966
0.087485 23.129995
0.088561 23.130025
0.089637 23.130058
0.090713 23.130093
0.091789 23.130129
0.092865 23.130166
0.093941 23.130205
0.095018 23.130245
0.096094 23.130286
0.097170 23.130328
0.098246 23.130371
0.099322 23.130414
0.100398 23.130458
0.101474 23.130501
0.102550 23.130545
0.103626 23.130588
0.104703 23.130631
0.105779 23.130674
0.106855 23.130715
0.107931 23.130756
0.109007 23.130796
0.110083 23.130834
0.111159 23.130872
0.112235 23.130907
0.113311 23.130941
0.114388 23.130973
0.115464 23.131003
0.116540 23.131030
0.117616 23.131056
0.118692 23.131079
0.119768 23.131100
0.120844 23.131118
0.121920 23.131133
0.122997 23.131146
0.124073 23.131156
0.125149 23.131163
0.126225 23.131167
0.127301 23.131169

0.127301 23.131169
0.128718 23.131240
0.130135 23.131452
0.131553 23.131807
0.132970 23.132302
0.134387 23.132938
0.135804 23.133714
0.137222 23.134628
0.138639 23.135681
0.140056 23.136870
0.141473 23.138195
0.142891 23.139653
0.144308 23.141243
0.145725 23.142964
0.147142 23.144812
0.148560 23.146787
0.149977 23.148886
0.151394 23.151106
0.152811 23.153445
0.154228 23.155900
0.155646 23.158469
0.157063 23.161148
0.158480 23.163935
0.159897 23.166826
0.161315 23.169818
0.162732 23.172909
0.164149 23.176093
0.165566 23.179368
0.166984 23.182730
0.168401 23.186176
0.169818 23.189701
0.171235 23.193301
0.172652 23.196974
0.174070 23.200714
0.175487 23.204518
0.176904 23.208381
0.178321 23.212299
0.179739 23.216269
0.181156 23.220285
0.182573 23.224344
0.183990 23.228441
0.185408 23.232417
0.186825 23.233202
0.188242 23.233888
0.189659 23.234474
0.191077 23.234956
0.192494 23.235333
0.193911 23.235603
0.195328 23.235766
0.196745 23.235820

0.196745 23.235820
0.197506 23.235822
0.198267 23.235825
0.199028 23.235831
0.199789 23.235840
0.200550 23.235850
0.201311 23.235863
0.202072 23.235878
0.202833 23.235896
0.203594 23.235915
0.204355 23.235937
0.205116 23.235960
0.205877 23.235986
0.206638 23.236013
0.207399 23.236042
0.208159 23.236073
0.208920 23.236104
0.209681 23.236138
0.210442 23.236172
0.211203 23.236208
0.211964 23.236244
0.212725 23.236282
0.213486 23.236320
0.214247 23.236358
0.215008 23.236397
0.215769 23.236436
0.216530 23.236475
0.217291 23.236514
0.218052 23.236553
0.218812 23.236591
0.219573 23.236628
0.220334 23.236665
0.221095 23.236701
0.221856 23.236736
0.222617 23.236769
0.223378 23.236801
0.224139 23.236832
0.224900 23.236861
0.225661 23.236888
0.226422 23.236913
0.227183 23.236936
0.227944 23.236957
0.228705 23.236976
0.229465 23.236993
0.230226 23.237007
0.230987 23.237018
0.231748 23.237027
0.232509 23.237034
0.233270 23.237038
0.234031 23.237039

0.234031 23.237039
0.234792 23.237056
0.235553 23.237106
0.236314 23.237189
0.237075 23.237304
0.237836 23.237452
0.238597 23.237632
0.239358 23.237842
0.240119 23.238083
0.240879 23.238353
0.241640 23.238651
0.242401 23.238975
0.243162 23.239326
0.243923 23.239700
0.244684 23.240097
0.245445 23.240516
0.246206 23.240953
0.246967 23.241408
0.247728 23.241879
0.248489 23.242364
0.249250 23.242861
0.250011 23.243367
0.250772 23.243881
0.251532 23.244401
0.252293 23.244925
0.253054 23.245450
0.253815 23.245974
0.254576 23.246495
0.255337 23.247011
0.256098 23.247520
0.256859 23.248019
0.257620 23.248508
0.258381 23.248982
0.259142 23.249442
0.259903 23.249884
0.260664 23.250307
0.261425 23.250709
0.262186 23.251088
0.262946 23.251443
0.263707 23.251773
0.264468 23.252075
0.265229 23.252349
0.265990 23.252594
0.266751 23.252808
0.267512 23.252991
0.268273 23.253141
0.269034 23.253259
0.269795 23.253344
0.270556 23.253395
0.271317 23.253412

0.271317 23.253412
0.272393 23.253393
0.273469 23.253338
0.274545 23.253247
0.275621 23.253120
0.276697 23.252958
0.277773 23.252761
0.278849 23.252530
0.279926 23.252266
0.281002 23.251971
0.282078 23.251645
0.283154 23.251291
0.284230 23.250908
0.285306 23.250500
0.286382 23.250068
0.287459 23.249613
0.288535 23.249138
0.289611 23.248645
0.290687 23.248135
0.291763 23.247610
0.292839 23.247074
0.293915 23.246527
0.294991 23.245973
0.296067 23.245413
0.297144 23.244851
0.298220 23.244287
0.299296 23.243725
0.300372 23.243167
0.301448 23.242615
0.302524 23.242071
0.303600 23.241538
0.304676 23.241018
0.305752 23.240512
0.306829 23.240024
0.307905 23.239554
0.308981 23.239105
0.310057 23.238678
0.311133 23.238276
0.312209 23.237900
0.313285 23.237551
0.314361 23.237231
0.315438 23.236942
0.316514 23.236683
0.317590 23.236457
0.318666 23.236264
0.319742 23.236105
0.320818 23.235981
0.321894 23.235892
0.322970 23.235838
0.324047 23.235820


0.000000 23.182133
0.000761 23.182132
0.001522 23.182130
0.002283 23.182128
0.003044 23.182123
0.003805 23.182118
0.004566 23.182112
0.005326 23.182104
0.006087 23.182095
0.006848 23.182086
0.007609 23.182075
0.008370 23.182064
0.009131 23.182051
0.009892 23.182038
0.010653 23.182024
0.011414 23.182009
0.012175 23.181993
0.012936 23.181977
0.013697 23.181960
0.014458 23.181943
0.015219 23.181925
0.015980 23.181907
0.016740 23.181889
0.017501 23.181871
0.018262 23.181852
0.019023 23.181833
0.019784 23.181815
0.020545 23.181797
0.021306 23.181778
0.022067 23.181760
0.022828 23.181743
0.023589 23.181726
0.024350 23.181709
0.025111 23.181693
0.025872 23.181677
0.026633 23.181662
0.027394 23.181648
0.028154 23.181635
0.028915 23.181622
0.029676 23.181611
0.030437 23.181600
0.031198 23.181591
0.031959 23.181582
0.032720 23.181575
0.033481 23.181568
0.034242 23.181563
0.035003 23.181559
0.035764 23.181556
0.036525 23.181554
0.037286 23.181554

0.037286 23.181554
0.038046 23.181555
0.038808 23.181559
0.039568 23.181565
0.040329 23.181575
0.041090 23.181586
0.041851 23.181601
0.042612 23.181618
0.043373 23.181637
0.044134 23.181658
0.044895 23.181682
0.045656 23.181708
0.046417 23.181736
0.047178 23.181765
0.047939 23.181797
0.048700 23.181830
0.049460 23.181865
0.050221 23.181901
0.050982 23.181938
0.051743 23.181976
0.052504 23.182015
0.053265 23.182055
0.054026 23.182095
0.054787 23.182136
0.055548 23.182177
0.056309 23.182218
0.057070 23.182259
0.057831 23.182300
0.058592 23.182340
0.059353 23.182380
0.060114 23.182418
0.060874 23.182456
0.061635 23.182493
0.062396 23.182529
0.063157 23.182563
0.063918 23.182596
0.064679 23.182627
0.065440 23.182656
0.066201 23.182684
0.066962 23.182709
0.067723 23.182732
0.068484 23.182753
0.069245 23.182772
0.070006 23.182789
0.070767 23.182803
0.071527 23.182814
0.072288 23.182823
0.073049 23.182830
0.073810 23.182834
0.074571 23.182835

0.074571 23.182835
0.075647 23.182834
0.076724 23.182832
0.077800 23.182828
0.078876 23.182823
0.079952 23.182817
0.081028 23.182809
0.082104 23.182800
0.083180 23.182789
0.084256 23.182777
0.085332 23.182764
0.086408 23.182750
0.087485 23.182735
0.088561 23.182718
0.089637 23.182701
0.090713 23.182683
0.091789 23.182664
0.092865 23.182644
0.093941 23.182624
0.095018 23.182603
0.096094 23.182581
0.097170 23.182559
0.098246 23.182537
0.099322 23.182515
0.100398 23.182492
0.101474 23.182470
0.102550 23.182448
0.103626 23.182425
0.104703 23.182403
0.105779 23.182382
0.106855 23.182360
0.107931 23.182340
0.109007 23.182319
0.110083 23.182300
0.111159 23.182281
0.112235 23.182263
0.113311 23.182246
0.114388 23.182230
0.115464 23.182215
0.116540 23.182202
0.117616 23.182189
0.118692 23.182177
0.119768 23.182167
0.120844 23.182158
0.121920 23.182150
0.122997 23.182144
0.124073 23.182139
0.125149 23.182136
0.126225 23.182134
0.127301 23.182133

0.127301 23.182133
0.128718 23.182189
0.130135 23.182357
0.131553 23.182636
0.132970 23.183025
0.134387 23.183522
0.135804 23.184125
0.137222 23.184832
0.138639 23.185639
0.140056 23.186543
0.141473 23.187541
0.142891 23.188627
0.144308 23.189797
0.145725 23.191047
0.147142 23.192371
0.148560 23.193763
0.149977 23.195218
0.151394 23.196729
0.152811 23.198290
0.154228 23.199894
0.155646 23.201535
0.157063 23.203206
0.158480 23.204900
0.159897 23.206610
0.161315 23.208329
0.162732 23.210049
0.164149 23.211765
0.165566 23.213468
0.166984 23.215151
0.168401 23.216809
0.169818 23.218434
0.171235 23.220019
0.172652 23.221559
0.174070 23.223047
0.175487 23.224476
0.176904 23.225842
0.178321 23.227139
0.179739 23.228362
0.181156 23.229505
0.182573 23.230565
0.183990 23.231537
0.185408 23.232417
0.186825 23.233202
0.188242 23.233888
0.189659 23.234474
0.191077 23.234956
0.192494 23.235333
0.193911 23.235603
0.195328 23.235766
0.196745 23.235820

0.196745 23.235820
0.197506 23.235837
0.198267 23.235887
0.199028 23.235970
0.199789 23.236086
0.200550 23.236234
0.201311 23.236414
0.202072 23.236625
0.202833 23.236867
0.203594 23.237137
0.204355 23.237435
0.205116 23.237761
0.205877 23.238112
0.206638 23.238487
0.207399 23.238885
0.208159 23.239304
0.208920 23.239743
0.209681 23.240199
0.210442 23.240671
0.211203 23.241157
0.211964 23.241655
0.212725 23.242162
0.213486 23.242678
0.214247 23.243199
0.215008 23.243724
0.215769 23.244250
0.216530 23.244775
0.217291 23.245298
0.218052 23.245815
0.218812 23.246325
0.219573 23.246826
0.220334 23.247315
0.221095 23.247791
0.221856 23.248252
0.222617 23.248695
0.223378 23.249119
0.224139 23.249522
0.224900 23.249902
0.225661 23.250258
0.226422 23.250589
0.227183 23.250892
0.227944 23.251167
0.228705 23.251412
0.229465 23.251627
0.230226 23.251810
0.230987 23.251961
0.231748 23.252079
0.232509 23.252164
0.233270 23.252215
0.234031 23.252232

0.234031 23.252232
0.234792 23.252233
0.235553 23.252236
0.236314 23.252242
0.237075 23.252250
0.237836 23.252259
0.238597 23.252271
0.239358 23.252285
0.240119 23.252301
0.240879 23.252319
0.241640 23.252339
0.242401 23.252361
0.243162 23.252385
0.243923 23.252410
0.244684 23.252437
0.245445 23.252466
0.246206 23.252496
0.246967 23.252527
0.247728 23.252560
0.248489 23.252593
0.249250 23.252628
0.250011 23.252664
0.250772 23.252700
0.251532 23.252737
0.252293 23.252774
0.253054 23.252812
0.253815 23.252849
0.254576 23.252887
0.255337 23.252925
0.256098 23.252962
0.256859 23.252999
0.257620 23.253035
0.258381 23.253071
0.259142 23.253105
0.259903 23.253139
0.260664 23.253171
0.261425 23.253201
0.262186 23.253230
0.262946 23.253258
0.263707 23.253283
0.264468 23.253307
0.265229 23.253328
0.265990 23.253347
0.266751 23.253364
0.267512 23.253378
0.268273 23.253390
0.269034 23.253399
0.269795 23.253406
0.270556 23.253410
0.271317 23.253412

0.271317 23.253412
0.272393 23.253393
0.273469 23.253338
0.274545 23.253247
0.275621 23.253120
0.276697 23.252958
0.277773 23.252761
0.278849 23.252530
0.279926 23.252266
0.281002 23.251971
0.282078 23.251645
0.283154 23.251291
0.284230 23.250908
0.285306 23.250500
0.286382 23.250068
0.287459 23.249613
0.288535 23.249138
0.289611 23.248645
0.290687 23.248135
0.291763 23.247610
0.292839 23.247074
0.293915 23.246527
0.294991 23.245973
0.296067 23.245413
0.297144 23.244851
0.298220 23.244287
0.299296 23.243725
0.300372 23.243167
0.301448 23.242615
0.302524 23.242071
0.303600 23.241538
0.304676 23.241018
0.305752 23.240512
0.306829 23.240024
0.307905 23.239554
0.308981 23.239105
0.310057 23.238678
0.311133 23.238276
0.312209 23.237900
0.313285 23.237551
0.314361 23.237231
0.315438 23.236942
0.316514 23.236683
0.317590 23.236457
0.318666 23.236264
0.319742 23.236105
0.320818 23.235981
0.321894 23.235892
0.322970 23.235838
0.324047 23.235820


0.000000 23.182133
0.000761 23.182134
0.001522 23.182138
0.002283 23.182145
0.003044 23.182154
0.003805 23.182166
0.004566 23.182180
0.005326 23.182197
0.006087 23.182216
0.006848 23.182238
0.007609 23.182261
0.008370 23.182287
0.009131 23.182315
0.009892 23.182345
0.010653 23.182376
0.011414 23.182409
0.012175 23.182444
0.012936 23.182480
0.013697 23.182517
0.014458 23.182555
0.015219 23.182594
0.015980 23.182634
0.016740 23.182674
0.017501 23.182715
0.018262 23.182756
0.019023 23.182797
0.019784 23.182838
0.020545 23.182879
0.021306 23.182919
0.022067 23.182959
0.022828 23.182997
0.023589 23.183035
0.024350 23.183072
0.025111 23.183108
0.025872 23.183142
0.026633 23.183175
0.027394 23.183206
0.028154 23.183235
0.028915 23.183262
0.029676 23.183288
0.030437 23.183311
0.031198 23.183332
0.031959 23.183351
0.032720 23.183367
0.033481 23.183381
0.034242 23.183393
0.035003 23.183402
0.035764 23.183408
0.036525 23.183412
0.037286 23.183414

0.037286 23.183414
0.038046 23.183413
0.038808 23.183411
0.039568 23.183408
0.040329 23.183404
0.041090 23.183399
0.041851 23.183392
0.042612 23.183385
0.043373 23.183376
0.044134 23.183367
0.044895 23.183356
0.045656 23.183345
0.046417 23.183332
0.047178 23.183319
0.047939 23.183305
0.048700 23.183290
0.049460 23.183274
0.050221 23.183258
0.050982 23.183241
0.051743 23.183224
0.052504 23.183206
0.053265 23.183188
0.054026 23.183170
0.054787 23.183152
0.055548 23.183133
0.056309 23.183115
0.057070 23.183096
0.057831 23.183078
0.058592 23.183060
0.059353 23.183042
0.060114 23.183024
0.060874 23.183007
0.061635 23.182990
0.062396 23.182974
0.063157 23.182959
0.063918 23.182944
0.064679 23.182930
0.065440 23.182916
0.066201 23.182904
0.066962 23.182892
0.067723 23.182882
0.068484 23.182872
0.069245 23.182864
0.070006 23.182856
0.070767 23.182850
0.071527 23.182844
0.072288 23.182840
0.073049 23.182837
0.073810 23.182836
0.074571 23.182835

0.074571 23.182835
0.075647 23.182834
0.076724 23.182832
0.077800 23.182829
0.078876 23.182824
0.079952 23.182818
0.081028 23.182810
0.082104 23.182802
0.083180 23.182792
0.084256 23.182781
0.085332 23.182768
0.086408 23.182755
0.087485 23.182740
0.088561 23.182724
0.089637 23.182708
0.090713 23.182690
0.091789 23.182672
0.092865 23.182653
0.093941 23.182633
0.095018 23.182612
0.096094 23.182591
0.097170 23.182570
0.098246 23.182548
0.099322 23.182526
0.100398 23.182503
0.101474 23.182481
0.102550 23.182458
0.103626 23.182436
0.104703 23.182414
0.105779 23.182392
0.106855 23.182370
0.107931 23.182349
0.109007 23.182328
0.110083 23.182308
0.111159 23.182289
0.112235 23.182270
0.113311 23.182252
0.114388 23.182236
0.115464 23.182220
0.116540 23.182206
0.117616 23.182192
0.118692 23.182180
0.119768 23.182169
0.120844 23.182160
0.121920 23.182152
0.122997 23.182145
0.124073 23.182140
0.125149 23.182136
0.126225 23.182134
0.127301 23.182133

0.127301 23.182133
0.128718 23.182189
0.130135 23.182357
0.131553 23.182636
0.132970 23.183025
0.134387 23.183522
0.135804 23.184125
0.137222 23.184832
0.138639 23.185639
0.140056 23.186543
0.141473 23.187541
0.142891 23.188627
0.144308 23.189797
0.145725 23.191047
0.147142 23.192371
0.148560 23.193763
0.149977 23.195218
0.151394 23.196729
0.152811 23.198290
0.154228 23.199894
0.155646 23.201535
0.157063 23.203206
0.158480 23.204900
0.159897 23.206610
0.161315 23.208329
0.162732 23.210049
0.164149 23.211765
0.165566 23.213468
0.166984 23.215151
0.168401 23.216809
0.169818 23.218434
0.171235 23.220019
0.172652 23.221559
0.174070 23.223047
0.175487 23.224476
0.176904 23.225842
0.178321 23.227139
0.179739 23.228362
0.181156 23.229505
0.182573 23.230565
0.183990 23.231537
0.185408 23.232572
0.186825 23.236732
0.188242 23.240917
0.189659 23.245123
0.191077 23.249344
0.192494 23.253578
0.193911 23.257818
0.195328 23.262062
0.196745 23.266303

0.196745 23.266303
0.197506 23.266302
0.198267 23.266298
0.199028 23.266292
0.199789 23.266284
0.200550 23.266272
0.201311 23.266259
0.202072 23.266243
0.202833 23.266225
0.203594 23.266205
0.204355 23.266183
0.205116 23.266158
0.205877 23.266132
0.206638 23.266104
0.207399 23.266074
0.208159 23.266042
0.208920 23.266009
0.209681 23.265975
0.210442 23.265939
0.211203 23.265902
0.211964 23.265864
0.212725 23.265826
0.213486 23.265787
0.214247 23.265747
0.215008 23.265707
0.215769 23.265666
0.216530 23.265626
0.217291 23.265586
0.218052 23.265546
0.218812 23.265506
0.219573 23.265467
0.220334 23.265429
0.221095 23.265392
0.221856 23.265356
0.222617 23.265322
0.223378 23.265289
0.224139 23.265257
0.224900 23.265227
0.225661 23.265199
0.226422 23.265173
0.227183 23.265149
0.227944 23.265127
0.228705 23.265108
0.229465 23.265091
0.230226 23.265077
0.230987 23.265065
0.231748 23.265055
0.232509 23.265048
0.233270 23.265044
0.234031 23.265043

0.234031 23.265043
0.234792 23.265043
0.235553 23.265043
0.236314 23.265043
0.237075 23.265043
0.237836 23.265044
0.238597 23.265044
0.239358 23.265044
0.240119 23.265044
0.240879 23.265045
0.241640 23.265045
0.242401 23.265045
0.243162 23.265046
0.243923 23.265046
0.244684 23.265046
0.245445 23.265047
0.246206 23.265047
0.246967 23.265048
0.247728 23.265048
0.248489 23.265049
0.249250 23.265049
0.250011 23.265050
0.250772 23.265050
0.251532 23.265051
0.252293 23.265052
0.253054 23.265052
0.253815 23.265053
0.254576 23.265053
0.255337 23.265054
0.256098 23.265054
0.256859 23.265055
0.257620 23.265055
0.258381 23.265056
0.259142 23.265056
0.259903 23.265057
0.260664 23.265057
0.261425 23.265058
0.262186 23.265058
0.262946 23.265058
0.263707 23.265059
0.264468 23.265059
0.265229 23.265059
0.265990 23.265060
0.266751 23.265060
0.267512 23.265060
0.268273 23.265060
0.269034 23.265060
0.269795 23.265060
0.270556 23.265060
0.271317 23.265060

0.271317 23.265060
0.272393 23.265062
0.273469 23.265066
0.274545 23.265073
0.275621 23.265083
0.276697 23.265095
0.277773 23.265110
0.278849 23.265128
0.279926 23.265147
0.281002 23.265169
0.282078 23.265194
0.283154 23.265220
0.284230 23.265248
0.285306 23.265278
0.286382 23.265310
0.287459 23.265343
0.288535 23.265377
0.289611 23.265412
0.290687 23.265449
0.291763 23.265486
0.292839 23.265524
0.293915 23.265563
0.294991 23.265602
0.296067 23.265641
0.297144 23.265680
0.298220 23.265720
0.299296 23.265759
0.300372 23.265798
0.301448 23.265836
0.302524 23.265874
0.303600 23.265911
0.304676 23.265946
0.305752 23.265981
0.306829 23.266015
0.307905 23.266047
0.308981 23.266078
0.310057 23.266107
0.311133 23.266135
0.312209 23.266161
0.313285 23.266185
0.314361 23.266207
0.315438 23.266227
0.316514 23.266244
0.317590 23.266260
0.318666 23.266273
0.319742 23.266284
0.320818 23.266292
0.321894 23.266298
0.322970 23.266302
0.324047 23.266303


0.000000 23.299133
0.000761 23.299134
0.001522 23.299136
0.002283 23.299140
0.003044 23.299145
0.003805 23.299152
0.004566 23.299160
0.005326 23.299169
0.006087 23.299179
0.006848 23.299191
0.007609 23.299203
0.008370 23.299215
0.009131 23.299228
0.009892 23.299242
0.010653 23.299255
0.011414 23.299269
0.012175 23.299282
0.012936 23.299295
0.013697 23.299308
0.014458 23.299320
0.015219 23.299331
0.015980 23.299342
0.016740 23.299352
0.017501 23.299361
0.018262 23.299370
0.019023 23.299378
0.019784 23.299386
0.020545 23.299393
0.021306 23.299399
0.022067 23.299405
0.022828 23.299410
0.023589 23.299415
0.024350 23.299419
0.025111 23.299423
0.025872 23.299426
0.026633 23.299430
0.027394 23.299432
0.028154 23.299435
0.028915 23.299437
0.029676 23.299439
0.030437 23.299441
0.031198 23.299443
0.031959 23.299444
0.032720 23.299445
0.033481 23.299446
0.034242 23.299447
0.035003 23.299448
0.035764 23.299448
0.036525 23.299449
0.037286 23.299449

0.037286 23.299449
0.038046 23.299450
0.038808 23.299454
0.039568 23.299461
0.040329 23.299470
0.041090 23.299483
0.041851 23.299497
0.042612 23.299515
0.043373 23.299534
0.044134 23.299557
0.044895 23.299581
0.045656 23.299608
0.046417 23.299637
0.047178 23.299667
0.047939 23.299700
0.048700 23.299734
0.049460 23.299770
0.050221 23.299807
0.050982 23.299846
0.051743 23.299885
0.052504 23.299926
0.053265 23.299967
0.054026 23.300009
0.054787 23.300052
0.055548 23.300095
0.056309 23.300137
0.057070 23.300180
0.057831 23.300223
0.058592 23.300265
0.059353 23.300306
0.060114 23.300347
0.060874 23.300386
0.061635 23.300425
0.062396 23.300462
0.063157 23.300498
0.063918 23.300532
0.064679 23.300565
0.065440 23.300596
0.066201 23.300624
0.066962 23.300651
0.067723 23.300676
0.068484 23.300698
0.069245 23.300718
0.070006 23.300735
0.070767 23.300750
0.071527 23.300762
0.072288 23.300771
0.073049 23.300778
0.073810 23.300782
0.074571 23.300784

0.074571 23.300784
0.075647 23.300782
0.076724 23.300776
0.077800 23.300767
0.078876 23.300754
0.079952 23.300738
0.081028 23.300718
0.082104 23.300695
0.083180 23.300668
0.084256 23.300639
0.085332 23.300606
0.086408 23.300571
0.087485 23.300533
0.088561 23.300493
0.089637 23.300450
0.090713 23.300405
0.091789 23.300359
0.092865 23.300311
0.093941 23.300261
0.095018 23.300210
0.096094 23.300159
0.097170 23.300107
0.098246 23.300054
0.099322 23.300001
0.100398 23.299948
0.101474 23.299895
0.102550 23.299843
0.103626 23.299791
0.104703 23.299740
0.105779 23.299690
0.106855 23.299641
0.107931 23.299594
0.109007 23.299548
0.110083 23.299504
0.111159 23.299462
0.112235 23.299422
0.113311 23.299384
0.114388 23.299348
0.115464 23.299315
0.116540 23.299284
0.117616 23.299256
0.118692 23.299231
0.119768 23.299208
0.120844 23.299188
0.121920 23.299172
0.122997 23.299158
0.124073 23.299147
0.125149 23.299139
0.126225 23.299135
0.127301 23.299133

0.127301 23.299133
0.128718 23.299132
0.130135 23.299129
0.131553 23.299123
0.132970 23.299115
0.134387 23.299105
0.135804 23.299093
0.137222 23.299079
0.138639 23.299063
0.140056 23.299045
0.141473 23.299025
0.142891 23.299003
0.144308 23.298980
0.145725 23.298955
0.147142 23.298929
0.148560 23.298902
0.149977 23.298873
0.151394 23.298843
0.152811 23.298812
0.154228 23.298781
0.155646 23.298749
0.157063 23.298716
0.158480 23.298684
0.159897 23.298651
0.161315 23.298618
0.162732 23.298585
0.164149 23.298552
0.165566 23.298520
0.166984 23.298489
0.168401 23.298459
0.169818 23.298429
0.171235 23.298400
0.172652 23.298373
0.174070 23.298347
0.175487 23.298323
0.176904 23.298300
0.178321 23.298279
0.179739 23.298260
0.181156 23.298243
0.182573 23.298229
0.183990 23.298216
0.185408 23.297938
0.186825 23.295386
0.188242 23.291416
0.189659 23.287310
0.191077 23.283155
0.192494 23.278970
0.193911 23.274762
0.195328 23.270538
0.196745 23.266303

0.196745 23.266303
0.197506 23.266303
0.198267 23.266303
0.199028 23.266304
0.199789 23.266304
0.200550 23.266304
0.201311 23.266304
0.202072 23.266304
0.202833 23.266305
0.203594 23.266305
0.204355 23.266305
0.205116 23.266306
0.205877 23.266306
0.206638 23.266306
0.207399 23.266307
0.208159 23.266307
0.208920 23.266308
0.209681 23.266308
0.210442 23.266309
0.211203 23.266309
0.211964 23.266310
0.212725 23.266310
0.213486 23.266311
0.214247 23.266312
0.215008 23.266312
0.215769 23.266313
0.216530 23.266313
0.217291 23.266314
0.218052 23.266315
0.218812 23.266315
0.219573 23.266316
0.220334 23.266316
0.221095 23.266317
0.221856 23.266317
0.222617 23.266318
0.223378 23.266318
0.224139 23.266319
0.224900 23.266319
0.225661 23.266319
0.226422 23.266320
0.227183 23.266320
0.227944 23.266320
0.228705 23.266321
0.229465 23.266321
0.230226 23.266321
0.230987 23.266321
0.231748 23.266321
0.232509 23.266321
0.233270 23.266321
0.234031 23.266321

0.234031 23.266321
0.234792 23.266320
0.235553 23.266317
0.236314 23.266311
0.237075 23.266303
0.237836 23.266292
0.238597 23.266279
0.239358 23.266264
0.240119 23.266247
0.240879 23.266227
0.241640 23.266206
0.242401 23.266182
0.243162 23.266157
0.243923 23.266130
0.244684 23.266101
0.245445 23.266070
0.246206 23.266038
0.246967 23.266004
0.247728 23.265969
0.248489 23.265933
0.249250 23.265896
0.250011 23.265858
0.250772 23.265819
0.251532 23.265780
0.252293 23.265740
0.253054 23.265700
0.253815 23.265659
0.254576 23.265619
0.255337 23.265579
0.256098 23.265539
0.256859 23.265499
0.257620 23.265461
0.258381 23.265423
0.259142 23.265386
0.259903 23.265351
0.260664 23.265317
0.261425 23.265284
0.262186 23.265253
0.262946 23.265224
0.263707 23.265197
0.264468 23.265172
0.265229 23.265149
0.265990 23.265129
0.266751 23.265111
0.267512 23.265096
0.268273 23.265083
0.269034 23.265073
0.269795 23.265066
0.270556 23.265062
0.271317 23.265060

0.271317 23.265060
0.272393 23.265062
0.273469 23.265066
0.274545 23.265073
0.275621 23.265083
0.276697 23.265095
0.277773 23.265110
0.278849 23.265128
0.279926 23.265147
0.281002 23.265169
0.282078 23.265194
0.283154 23.265220
0.284230 23.265248
0.285306 23.265278
0.286382 23.265310
0.287459 23.265343
0.288535 23.265377
0.289611 23.265412
0.290687 23.265449
0.291763 23.265486
0.292839 23.265524
0.293915 23.265563
0.294991 23.265602
0.296067 23.265641
0.297144 23.265680
0.298220 23.265720
0.299296 23.265759
0.300372 23.265798
0.301448 23.265836
0.302524 23.265874
0.303600 23.265911
0.304676 23.265946
0.305752 23.265981
0.306829 23.266015
0.307905 23.266047
0.308981 23.266078
0.310057 23.266107
0.311133 23.266135
0.312209 23.266161
0.313285 23.266185
0.314361 23.266207
0.315438 23.266227
0.316514 23.266244
0.317590 23.266260
0.318666 23.266273
0.319742 23.266284
0.320818 23.266292
0.321894 23.266298
0.322970 23.266302
0.324047 23.266303


0.000000 23.299764
0.000761 23.299764
0.001522 23.299766
0.002283 23.299768
0.003044 23.299771
0.003805 23.299775
0.004566 23.299781
0.005326 23.299787
0.006087 23.299794
0.006848 23.299803
0.007609 23.299813
0.008370 23.299824
0.009131 23.299837
0.009892 23.299851
0.010653 23.299866
0.011414 23.299883
0.012175 23.299902
0.012936 23.299922
0.013697 23.299944
0.014458 23.299967
0.015219 23.299992
0.015980 23.300018
0.016740 23.300046
0.017501 23.300074
0.018262 23.300104
0.019023 23.300134
0.019784 23.300164
0.020545 23.300195
0.021306 23.300227
0.022067 23.300258
0.022828 23.300289
0.023589 23.300319
0.024350 23.300350
0.025111 23.300379
0.025872 23.300407
0.026633 23.300435
0.027394 23.300461
0.028154 23.300486
0.028915 23.300509
0.029676 23.300531
0.030437 23.300551
0.031198 23.300569
0.031959 23.300586
0.032720 23.300600
0.033481 23.300612
0.034242 23.300622
0.035003 23.300630
0.035764 23.300636
0.036525 23.300639
0.037286 23.300640

0.037286 23.300640
0.038046 23.300640
0.038808 23.300641
0.039568 23.300642
0.040329 23.300643
0.041090 23.300644
0.041851 23.300645
0.042612 23.300647
0.043373 23.300649
0.044134 23.300652
0.044895 23.300654
0.045656 23.300657
0.046417 23.300660
0.047178 23.300663
0.047939 23.300667
0.048700 23.300670
0.049460 23.300674
0.050221 23.300678
0.050982 23.300682
0.051743 23.300687
0.052504 23.300691
0.053265 23.300695
0.054026 23.300700
0.054787 23.300704
0.055548 23.300709
0.056309 23.300714
0.057070 23.300718
0.057831 23.300723
0.058592 23.300727
0.059353 23.300732
0.060114 23.300736
0.060874 23.300740
0.061635 23.300745
0.062396 23.300749
0.063157 23.300753
0.063918 23.300756
0.064679 23.300760
0.065440 23.300763
0.066201 23.300766
0.066962 23.300769
0.067723 23.300772
0.068484 23.300774
0.069245 23.300777
0.070006 23.300778
0.070767 23.300780
0.071527 23.300781
0.072288 23.300782
0.073049 23.300783
0.073810 23.300784
0.074571 23.300784

0.074571 23.300784
0.075647 23.300783
0.076724 23.300779
0.077800 23.300773
0.078876 23.300765
0.079952 23.300754
0.081028 23.300742
0.082104 23.300727
0.083180 23.300710
0.084256 23.300691
0.085332 23.300670
0.086408 23.300647
0.087485 23.300623
0.088561 23.300597
0.089637 23.300570
0.090713 23.300542
0.091789 23.300512
0.092865 23.300482
0.093941 23.300451
0.095018 23.300419
0.096094 23.300386
0.097170 23.300354
0.098246 23.300321
0.099322 23.300288
0.100398 23.300255
0.101474 23.300222
0.102550 23.300190
0.103626 23.300158
0.104703 23.300126
0.105779 23.300096
0.106855 23.300066
0.107931 23.300038
0.109007 23.300010
0.110083 23.299983
0.111159 23.299958
0.112235 23.299934
0.113311 23.299911
0.114388 23.299890
0.115464 23.299871
0.116540 23.299852
0.117616 23.299836
0.118692 23.299821
0.119768 23.299808
0.120844 23.299796
0.121920 23.299786
0.122997 23.299778
0.124073 23.299772
0.125149 23.299768
0.126225 23.299765
0.127301 23.299764

0.127301 23.299764
0.128718 23.299763
0.130135 23.299758
0.131553 23.299751
0.132970 23.299741
0.134387 23.299728
0.135804 23.299712
0.137222 23.299694
0.138639 23.299672
0.140056 23.299649
0.141473 23.299622
0.142891 23.299594
0.144308 23.299563
0.145725 23.299530
0.147142 23.299495
0.148560 23.299458
0.149977 23.299419
0.151394 23.299378
0.152811 23.299336
0.154228 23.299293
0.155646 23.299248
0.157063 23.299203
0.158480 23.299156
0.159897 23.299109
0.161315 23.299062
0.162732 23.299013
0.164149 23.298965
0.165566 23.298917
0.166984 23.298868
0.168401 23.298820
0.169818 23.298772
0.171235 23.298725
0.172652 23.298678
0.174070 23.298632
0.175487 23.298586
0.176904 23.298541
0.178321 23.298495
0.179739 23.298449
0.181156 23.298400
0.182573 23.298342
0.183990 23.298253
0.185408 23.298206
0.186825 23.298198
0.188242 23.298193
0.189659 23.298190
0.191077 23.298190
0.192494 23.298193
0.193911 23.298198
0.195328 23.298207
0.196745 23.298219

0.196745 23.298219
0.197506 23.298219
0.198267 23.298219
0.199028 23.298219
0.199789 23.298219
0.200550 23.298218
0.201311 23.298218
0.202072 23.298218
0.202833 23.298218
0.203594 23.298218
0.204355 23.298218
0.205116 23.298218
0.205877 23.298218
0.206638 23.298218
0.207399 23.298218
0.208159 23.298218
0.208920 23.298218
0.209681 23.298218
0.210442 23.298218
0.211203 23.298218
0.211964 23.298218
0.212725 23.298218
0.213486 23.298218
0.214247 23.298218
0.215008 23.298218
0.215769 23.298218
0.216530 23.298218
0.217291 23.298218
0.218052 23.298218
0.218812 23.298218
0.219573 23.298218
0.220334 23.298218
0.221095 23.298218
0.221856 23.298218
0.222617 23.298218
0.223378 23.298218
0.224139 23.298218
0.224900 23.298218
0.225661 23.298218
0.226422 23.298218
0.227183 23.298218
0.227944 23.298218
0.228705 23.298218
0.229465 23.298218
0.230226 23.298218
0.230987 23.298218
0.231748 23.298218
0.232509 23.298218
0.233270 23.298218
0.234031 23.298218

0.234031 23.298218
0.234792 23.298218
0.235553 23.298221
0.236314 23.298224
0.237075 23.298230
0.237836 23.298236
0.238597 23.298245
0.239358 23.298254
0.240119 23.298265
0.240879 23.298277
0.241640 23.298291
0.242401 23.298305
0.243162 23.298321
0.243923 23.298338
0.244684 23.298356
0.245445 23.298375
0.246206 23.298395
0.246967 23.298415
0.247728 23.298437
0.248489 23.298459
0.249250 23.298481
0.250011 23.298504
0.250772 23.298527
0.251532 23.298550
0.252293 23.298574
0.253054 23.298597
0.253815 23.298621
0.254576 23.298644
0.255337 23.298668
0.256098 23.298690
0.256859 23.298713
0.257620 23.298735
0.258381 23.298756
0.259142 23.298777
0.259903 23.298796
0.260664 23.298815
0.261425 23.298833
0.262186 23.298850
0.262946 23.298866
0.263707 23.298881
0.264468 23.298894
0.265229 23.298907
0.265990 23.298918
0.266751 23.298927
0.267512 23.298935
0.268273 23.298942
0.269034 23.298947
0.269795 23.298951
0.270556 23.298953
0.271317 23.298954

0.271317 23.298954
0.272393 23.298953
0.273469 23.298951
0.274545 23.298947
0.275621 23.298942
0.276697 23.298935
0.277773 23.298927
0.278849 23.298918
0.279926 23.298907
0.281002 23.298895
0.282078 23.298881
0.283154 23.298867
0.284230 23.298851
0.285306 23.298834
0.286382 23.298816
0.287459 23.298797
0.288535 23.298777
0.289611 23.298757
0.290687 23.298736
0.291763 23.298714
0.292839 23.298692
0.293915 23.298669
0.294991 23.298646
0.296067 23.298622
0.297144 23.298599
0.298220 23.298575
0.299296 23.298552
0.300372 23.298528
0.301448 23.298505
0.302524 23.298482
0.303600 23.298460
0.304676 23.298438
0.305752 23.298417
0.306829 23.298396
0.307905 23.298376
0.308981 23.298357
0.310057 23.298339
0.311133 23.298322
0.312209 23.298307
0.313285 23.298292
0.314361 23.298278
0.315438 23.298266
0.316514 23.298255
0.317590 23.298246
0.318666 23.298237
0.319742 23.298231
0.320818 23.298225
0.321894 23.298222
0.322970 23.298219
0.324047 23.298219


0.000000 23.396028
0.000761 23.396027
0.001522 23.396025
0.002283 23.396022
0.003044 23.396018
0.003805 23.396013
0.004566 23.396006
0.005326 23.395999
0.006087 23.395990
0.006848 23.395980
0.007609 23.395969
0.008370 23.395958
0.009131 23.395945
0.009892 23.395932
0.010653 23.395917
0.011414 23.395902
0.012175 23.395887
0.012936 23.395870
0.013697 23.395853
0.014458 23.395836
0.015219 23.395818
0.015980 23.395800
0.016740 23.395781
0.017501 23.395763
0.018262 23.395744
0.019023 23.395725
0.019784 23.395706
0.020545 23.395687
0.021306 23.395669
0.022067 23.395651
0.022828 23.395633
0.023589 23.395615
0.024350 23.395598
0.025111 23.395582
0.025872 23.395566
0.026633 23.395551
0.027394 23.395537
0.028154 23.395523
0.028915 23.395510
0.029676 23.395499
0.030437 23.395488
0.031198 23.395478
0.031959 23.395469
0.032720 23.395462
0.033481 23.395455
0.034242 23.395450
0.035003 23.395446
0.035764 23.395443
0.036525 23.395441
0.037286 23.395440

0.037286 23.395440
0.038046 23.395440
0.038808 23.395438
0.039568 23.395435
0.040329 23.395431
0.041090 23.395425
0.041851 23.395419
0.042612 23.395411
0.043373 23.395402
0.044134 23.395393
0.044895 23.395382
0.045656 23.395370
0.046417 23.395357
0.047178 23.395344
0.047939 23.395329
0.048700 23.395314
0.049460 23.395298
0.050221 23.395282
0.050982 23.395265
0.051743 23.395247
0.052504 23.395229
0.053265 23.395211
0.054026 23.395193
0.054787 23.395174
0.055548 23.395155
0.056309 23.395136
0.057070 23.395117
0.057831 23.395098
0.058592 23.395080
0.059353 23.395061
0.060114 23.395043
0.060874 23.395026
0.061635 23.395009
0.062396 23.394992
0.063157 23.394976
0.063918 23.394961
0.064679 23.394947
0.065440 23.394933
0.066201 23.394920
0.066962 23.394909
0.067723 23.394898
0.068484 23.394888
0.069245 23.394879
0.070006 23.394871
0.070767 23.394865
0.071527 23.394859
0.072288 23.394855
0.073049 23.394852
0.073810 23.394850
0.074571 23.394850

0.074571 23.394850
0.075647 23.394851
0.076724 23.394855
0.077800 23.394861
0.078876 23.394869
0.079952 23.394880
0.081028 23.394893
0.082104 23.394908
0.083180 23.394926
0.084256 23.394946
0.085332 23.394967
0.086408 23.394991
0.087485 23.395016
0.088561 23.395044
0.089637 23.395073
0.090713 23.395103
0.091789 23.395135
0.092865 23.395168
0.093941 23.395202
0.095018 23.395237
0.096094 23.395273
0.097170 23.395309
0.098246 23.395346
0.099322 23.395384
0.100398 23.395422
0.101474 23.395459
0.102550 23.395497
0.103626 23.395534
0.104703 23.395571
0.105779 23.395608
0.106855 23.395644
0.107931 23.395679
0.109007 23.395712
0.110083 23.395745
0.111159 23.395777
0.112235 23.395807
0.113311 23.395836
0.114388 23.395863
0.115464 23.395888
0.116540 23.395911
0.117616 23.395933
0.118692 23.395952
0.119768 23.395970
0.120844 23.395985
0.121920 23.395998
0.122997 23.396008
0.124073 23.396017
0.125149 23.396023
0.126225 23.396026
0.127301 23.396028

0.127301 23.396028
0.128718 23.395962
0.130135 23.395766
0.131553 23.395440
0.132970 23.394984
0.134387 23.394398
0.135804 23.393682
0.137222 23.392839
0.138639 23.391867
0.140056 23.390769
0.141473 23.389545
0.142891 23.388196
0.144308 23.386723
0.145725 23.385129
0.147142 23.383414
0.148560 23.381579
0.149977 23.379628
0.151394 23.377560
0.152811 23.375379
0.154228 23.373087
0.155646 23.370684
0.157063 23.368175
0.158480 23.365560
0.159897 23.362843
0.161315 23.360025
0.162732 23.357111
0.164149 23.354102
0.165566 23.351001
0.166984 23.347811
0.168401 23.344536
0.169818 23.341178
0.171235 23.337741
0.172652 23.334227
0.174070 23.330642
0.175487 23.326987
0.176904 23.323268
0.178321 23.319487
0.179739 23.315651
0.181156 23.311764
0.182573 23.307837
0.183990 23.303896
0.185408 23.300139
0.186825 23.298583
0.188242 23.298411
0.189659 23.298346
0.191077 23.298306
0.192494 23.298276
0.193911 23.298253
0.195328 23.298234
0.196745 23.298219

0.196745 23.298219
0.197506 23.298219
0.198267 23.298222
0.199028 23.298225
0.199789 23.298231
0.200550 23.298237
0.201311 23.298246
0.202072 23.298255
0.202833 23.298266
0.203594 23.298278
0.204355 23.298292
0.205116 23.298307
0.205877 23.298323
0.206638 23.298340
0.207399 23.298358
0.208159 23.298377
0.208920 23.298397
0.209681 23.298417
0.210442 23.298439
0.211203 23.298461
0.211964 23.298483
0.212725 23.298506
0.213486 23.298529
0.214247 23.298553
0.215008 23.298577
0.215769 23.298600
0.216530 23.298624
0.217291 23.298647
0.218052 23.298671
0.218812 23.298694
0.219573 23.298716
0.220334 23.298738
0.221095 23.298760
0.221856 23.298780
0.222617 23.298800
0.223378 23.298819
0.224139 23.298837
0.224900 23.298854
0.225661 23.298870
0.226422 23.298885
0.227183 23.298899
0.227944 23.298911
0.228705 23.298922
0.229465 23.298932
0.230226 23.298940
0.230987 23.298947
0.231748 23.298952
0.232509 23.298956
0.233270 23.298958
0.234031 23.298959

0.234031 23.298959
0.234792 23.298959
0.235553 23.298959
0.236314 23.298959
0.237075 23.298959
0.237836 23.298959
0.238597 23.298958
0.239358 23.298958
0.240119 23.298958
0.240879 23.298958
0.241640 23.298958
0.242401 23.298958
0.243162 23.298958
0.243923 23.298958
0.244684 23.298958
0.245445 23.298958
0.246206 23.298958
0.246967 23.298957
0.247728 23.298957
0.248489 23.298957
0.249250 23.298957
0.250011 23.298957
0.250772 23.298957
0.251532 23.298957
0.252293 23.298956
0.253054 23.298956
0.253815 23.298956
0.254576 23.298956
0.255337 23.298956
0.256098 23.298956
0.256859 23.298956
0.257620 23.298955
0.258381 23.298955
0.259142 23.298955
0.259903 23.298955
0.260664 23.298955
0.261425 23.298955
0.262186 23.298955
0.262946 23.298955
0.263707 23.298954
0.264468 23.298954
0.265229 23.298954
0.265990 23.298954
0.266751 23.298954
0.267512 23.298954
0.268273 23.298954
0.269034 23.298954
0.269795 23.298954
0.270556 23.298954
0.271317 23.298954

0.271317 23.298954
0.272393 23.298953
0.273469 23.298951
0.274545 23.298947
0.275621 23.298942
0.276697 23.298935
0.277773 23.298927
0.278849 23.298918
0.279926 23.298907
0.281002 23.298895
0.282078 23.298881
0.283154 23.298867
0.284230 23.298851
0.285306 23.298834
0.286382 23.298816
0.287459 23.298797
0.288535 23.298777
0.289611 23.298757
0.290687 23.298736
0.291763 23.298714
0.292839 23.298692
0.293915 23.298669
0.294991 23.298646
0.296067 23.298622
0.297144 23.298599
0.298220 23.298575
0.299296 23.298552
0.300372 23.298528
0.301448 23.298505
0.302524 23.298482
0.303600 23.298460
0.304676 23.298438
0.305752 23.298417
0.306829 23.298396
0.307905 23.298376
0.308981 23.298357
0.310057 23.298339
0.311133 23.298322
0.312209 23.298307
0.313285 23.298292
0.314361 23.298278
0.315438 23.298266
0.316514 23.298255
0.317590 23.298246
0.318666 23.298237
0.319742 23.298231
0.320818 23.298225
0.321894 23.298222
0.322970 23.298219
0.324047 23.298219


0.000000 24.607355
0.000761 24.607355
0.001522 24.607356
0.002283 24.607356
0.003044 24.607356
0.003805 24.607356
0.004566 24.607356
0.005326 24.607356
0.006087 24.607357
0.006848 24.607357
0.007609 24.607357
0.008370 24.607358
0.009131 24.607358
0.009892 24.607359
0.010653 24.607359
0.011414 24.607359
0.012175 24.607360
0.012936 24.607361
0.013697 24.607361
0.014458 24.607362
0.015219 24.607362
0.015980 24.607363
0.016740 24.607363
0.017501 24.607364
0.018262 24.607365
0.019023 24.607365
0.019784 24.607366
0.020545 24.607366
0.021306 24.607367
0.022067 24.607368
0.022828 24.607368
0.023589 24.607369
0.024350 24.607369
0.025111 24.607370
0.025872 24.607370
0.026633 24.607371
0.027394 24.607371
0.028154 24.607372
0.028915 24.607372
0.029676 24.607372
0.030437 24.607373
0.031198 24.607373
0.031959 24.607373
0.032720 24.607374
0.033481 24.607374
0.034242 24.607374
0.035003 24.607374
0.035764 24.607374
0.036525 24.607374
0.037286 24.607374

0.037286 24.607374
0.038046 24.607392
0.038808 24.607445
0.039568 24.607534
0.040329 24.607658
0.041090 24.607816
0.041851 24.608008
0.042612 24.608233
0.043373 24.608490
0.044134 24.608778
0.044895 24.609096
0.045656 24.609442
0.046417 24.609816
0.047178 24.610215
0.047939 24.610638
0.048700 24.611084
0.049460 24.611550
0.050221 24.612034
0.050982 24.612535
0.051743 24.613050
0.052504 24.613577
0.053265 24.614115
0.054026 24.614660
0.054787 24.615210
0.055548 24.615764
0.056309 24.616318
0.057070 24.616870
0.057831 24.617418
0.058592 24.617960
0.059353 24.618492
0.060114 24.619013
0.060874 24.619520
0.061635 24.620010
0.062396 24.620480
0.063157 24.620929
0.063918 24.621354
0.064679 24.621751
0.065440 24.622119
0.066201 24.622454
0.066962 24.622754
0.067723 24.623018
0.068484 24.623245
0.069245 24.623434
0.070006 24.623588
0.070767 24.623710
0.071527 24.623803
0.072288 24.623871
0.073049 24.623917
0.073810 24.623944
0.074571 24.623953

0.074571 24.623953
0.075647 24.623936
0.076724 24.623883
0.077800 24.623797
0.078876 24.623677
0.079952 24.623523
0.081028 24.623336
0.082104 24.623117
0.083180 24.622867
0.084256 24.622586
0.085332 24.622278
0.086408 24.621941
0.087485 24.621579
0.088561 24.621192
0.089637 24.620782
0.090713 24.620351
0.091789 24.619900
0.092865 24.619433
0.093941 24.618950
0.095018 24.618453
0.096094 24.617945
0.097170 24.617428
0.098246 24.616904
0.099322 24.616376
0.100398 24.615844
0.101474 24.615312
0.102550 24.614782
0.103626 24.614256
0.104703 24.613735
0.105779 24.613223
0.106855 24.612721
0.107931 24.612231
0.109007 24.611756
0.110083 24.611297
0.111159 24.610855
0.112235 24.610434
0.113311 24.610033
0.114388 24.609656
0.115464 24.609303
0.116540 24.608976
0.117616 24.608676
0.118692 24.608405
0.119768 24.608163
0.120844 24.607951
0.121920 24.607771
0.122997 24.607622
0.124073 24.607506
0.125149 24.607422
0.126225 24.607372
0.127301 24.607355

0.127301 24.607355
0.128718 24.607350
0.130135 24.607334
0.131553 24.607308
0.132970 24.607271
0.134387 24.607224
0.135804 24.607167
0.137222 24.607100
0.138639 24.607024
0.140056 24.606939
0.141473 24.606844
0.142891 24.606741
0.144308 24.606630
0.145725 24.606512
0.147142 24.606386
0.148560 24.606254
0.149977 24.606116
0.151394 24.605972
0.152811 24.605823
0.154228 24.605671
0.155646 24.605514
0.157063 24.605355
0.158480 24.605193
0.159897 24.605029
0.161315 24.604865
0.162732 24.604700
0.164149 24.604536
0.165566 24.604372
0.166984 24.604211
0.168401 24.604051
0.169818 24.603895
0.171235 24.603743
0.172652 24.603594
0.174070 24.603451
0.175487 24.603313
0.176904 24.603181
0.178321 24.603056
0.179739 24.602937
0.181156 24.602827
0.182573 24.602724
0.183990 24.602630
0.185408 24.602545
0.186825 24.602469
0.188242 24.602402
0.189659 24.602345
0.191077 24.602299
0.192494 24.602262
0.193911 24.602236
0.195328 24.602220
0.196745 24.602215

0.196745 24.602215
0.197506 24.602215
0.198267 24.602215
0.199028 24.602215
0.199789 24.602215
0.200550 24.602215
0.201311 24.602215
0.202072 24.602215
0.202833 24.602215
0.203594 24.602215
0.204355 24.602215
0.205116 24.602215
0.205877 24.602215
0.206638 24.602215
0.207399 24.602215
0.208159 24.602215
0.208920 24.602215
0.209681 24.602215
0.210442 24.602215
0.211203 24.602215
0.211964 24.602215
0.212725 24.602215
0.213486 24.602215
0.214247 24.602215
0.215008 24.602215
0.215769 24.602215
0.216530 24.602215
0.217291 24.602215
0.218052 24.602215
0.218812 24.602215
0.219573 24.602215
0.220334 24.602215
0.221095 24.602215
0.221856 24.602215
0.222617 24.602215
0.223378 24.602215
0.224139 24.602215
0.224900 24.602215
0.225661 24.602215
0.226422 24.602215
0.227183 24.602215
0.227944 24.602215
0.228705 24.602215
0.229465 24.602215
0.230226 24.602215
0.230987 24.602215
0.231748 24.602215
0.232509 24.602215
0.233270 24.602215
0.234031 24.602215

0.234031 24.602215
0.234792 24.602230
0.235553 24.602274
0.236314 24.602346
0.237075 24.602448
0.237836 24.602578
0.238597 24.602735
0.239358 24.602920
0.240119 24.603131
0.240879 24.603367
0.241640 24.603629
0.242401 24.603913
0.243162 24.604221
0.243923 24.604549
0.244684 24.604898
0.245445 24.605264
0.246206 24.605648
0.246967 24.606048
0.247728 24.606461
0.248489 24.606886
0.249250 24.607322
0.250011 24.607766
0.250772 24.608218
0.251532 24.608674
0.252293 24.609134
0.253054 24.609595
0.253815 24.610055
0.254576 24.610512
0.255337 24.610966
0.256098 24.611413
0.256859 24.611852
0.257620 24.612281
0.258381 24.612698
0.259142 24.613101
0.259903 24.613490
0.260664 24.613862
0.261425 24.614215
0.262186 24.614549
0.262946 24.614861
0.263707 24.615151
0.264468 24.615417
0.265229 24.615658
0.265990 24.615873
0.266751 24.616061
0.267512 24.616222
0.268273 24.616355
0.269034 24.616458
0.269795 24.616533
0.270556 24.616577
0.271317 24.616592

0.271317 24.616592
0.272393 24.616577
0.273469 24.616533
0.274545 24.616458
0.275621 24.616354
0.276697 24.616221
0.277773 24.616059
0.278849 24.615870
0.279926 24.615654
0.281002 24.615412
0.282078 24.615146
0.283154 24.614855
0.284230 24.614542
0.285306 24.614207
0.286382 24.613853
0.287459 24.613480
0.288535 24.613091
0.289611 24.612686
0.290687 24.612268
0.291763 24.611839
0.292839 24.611399
0.293915 24.610952
0.294991 24.610498
0.296067 24.610040
0.297144 24.609580
0.298220 24.609119
0.299296 24.608660
0.300372 24.608204
0.301448 24.607753
0.302524 24.607308
0.303600 24.606873
0.304676 24.606448
0.305752 24.606036
0.306829 24.605637
0.307905 24.605254
0.308981 24.604888
0.310057 24.604541
0.311133 24.604213
0.312209 24.603907
0.313285 24.603623
0.314361 24.603363
0.315438 24.603127
0.316514 24.602917
0.317590 24.602733
0.318666 24.602576
0.319742 24.602446
0.320818 24.602345
0.321894 24.602273
0.322970 24.602229
0.324047 24.602215


0.000000 24.607355
0.000761 24.607373
0.001522 24.607427
0.002283 24.607516
0.003044 24.607640
0.003805 24.607799
0.004566 24.607992
0.005326 24.608218
0.006087 24.608477
0.006848 24.608766
0.007609 24.609086
0.008370 24.609435
0.009131 24.609811
0.009892 24.610212
0.010653 24.610638
0.011414 24.611087
0.012175 24.611556
0.012936 24.612043
0.013697 24.612548
0.014458 24.613067
0.015219 24.613599
0.015980 24.614141
0.016740 24.614692
0.017501 24.615248
0.018262 24.615808
0.019023 24.616369
0.019784 24.616929
0.020545 24.617486
0.021306 24.618038
0.022067 24.618581
0.022828 24.619115
0.023589 24.619636
0.024350 24.620143
0.025111 24.620633
0.025872 24.621105
0.026633 24.621556
0.027394 24.621985
0.028154 24.622389
0.028915 24.622768
0.029676 24.623120
0.030437 24.623442
0.031198 24.623734
0.031959 24.623995
0.032720 24.624223
0.033481 24.624418
0.034242 24.624578
0.035003 24.624704
0.035764 24.624794
0.036525 24.624848
0.037286 24.624866

0.037286 24.624866
0.038046 24.624866
0.038808 24.624866
0.039568 24.624867
0.040329 24.624867
0.041090 24.624868
0.041851 24.624868
0.042612 24.624869
0.043373 24.624870
0.044134 24.624871
0.044895 24.624872
0.045656 24.624873
0.046417 24.624875
0.047178 24.624876
0.047939 24.624878
0.048700 24.624880
0.049460 24.624882
0.050221 24.624885
0.050982 24.624888
0.051743 24.624891
0.052504 24.624894
0.053265 24.624898
0.054026 24.624902
0.054787 24.624907
0.055548 24.624912
0.056309 24.624918
0.057070 24.624925
0.057831 24.624933
0.058592 24.624942
0.059353 24.624952
0.060114 24.624964
0.060874 24.624978
0.061635 24.624994
0.062396 24.625012
0.063157 24.625034
0.063918 24.625060
0.064679 24.625091
0.065440 24.625127
0.066201 24.625170
0.066962 24.625220
0.067723 24.625278
0.068484 24.625343
0.069245 24.625414
0.070006 24.625488
0.070767 24.625561
0.071527 24.625628
0.072288 24.625685
0.073049 24.625729
0.073810 24.625756
0.074571 24.625765

0.074571 24.625765
0.075647 24.625747
0.076724 24.625691
0.077800 24.625597
0.078876 24.625467
0.079952 24.625301
0.081028 24.625099
0.082104 24.624862
0.083180 24.624591
0.084256 24.624288
0.085332 24.623953
0.086408 24.623588
0.087485 24.623194
0.088561 24.622773
0.089637 24.622326
0.090713 24.621856
0.091789 24.621364
0.092865 24.620852
0.093941 24.620323
0.095018 24.619778
0.096094 24.619219
0.097170 24.618650
0.098246 24.618072
0.099322 24.617487
0.100398 24.616899
0.101474 24.616309
0.102550 24.615720
0.103626 24.615134
0.104703 24.614553
0.105779 24.613981
0.106855 24.613420
0.107931 24.612871
0.109007 24.612337
0.110083 24.611821
0.111159 24.611323
0.112235 24.610848
0.113311 24.610396
0.114388 24.609969
0.115464 24.609570
0.116540 24.609199
0.117616 24.608859
0.118692 24.608550
0.119768 24.608275
0.120844 24.608034
0.121920 24.607829
0.122997 24.607659
0.124073 24.607527
0.125149 24.607432
0.126225 24.607375
0.127301 24.607355

0.127301 24.607355
0.128718 24.607350
0.130135 24.607334
0.131553 24.607308
0.132970 24.607271
0.134387 24.607224
0.135804 24.607167
0.137222 24.607100
0.138639 24.607024
0.140056 24.606939
0.141473 24.606844
0.142891 24.606741
0.144308 24.606630
0.145725 24.606512
0.147142 24.606386
0.148560 24.606254
0.149977 24.606116
0.151394 24.605972
0.152811 24.605823
0.154228 24.605671
0.155646 24.605514
0.157063 24.605355
0.158480 24.605193
0.159897 24.605029
0.161315 24.604865
0.162732 24.604700
0.164149 24.604536
0.165566 24.604372
0.166984 24.604211
0.168401 24.604051
0.169818 24.603895
0.171235 24.603743
0.172652 24.603594
0.174070 24.603451
0.175487 24.603313
0.176904 24.603181
0.178321 24.603056
0.179739 24.602937
0.181156 24.602827
0.182573 24.602724
0.183990 24.602630
0.185408 24.602545
0.186825 24.602469
0.188242 24.602402
0.189659 24.602345
0.191077 24.602299
0.192494 24.602262
0.193911 24.602236
0.195328 24.602220
0.196745 24.602215

0.196745 24.602215
0.197506 24.602229
0.198267 24.602273
0.199028 24.602345
0.199789 24.602446
0.200550 24.602576
0.201311 24.602732
0.202072 24.602916
0.202833 24.603127
0.203594 24.603362
0.204355 24.603622
0.205116 24.603906
0.205877 24.604212
0.206638 24.604539
0.207399 24.604886
0.208159 24.605252
0.208920 24.605634
0.209681 24.606032
0.210442 24.606443
0.211203 24.606867
0.211964 24.607301
0.212725 24.607744
0.213486 24.608193
0.214247 24.608648
0.215008 24.609106
0.215769 24.609565
0.216530 24.610023
0.217291 24.610479
0.218052 24.610930
0.218812 24.611375
0.219573 24.611813
0.220334 24.612240
0.221095 24.612655
0.221856 24.613057
0.222617 24.613444
0.223378 24.613815
0.224139 24.614167
0.224900 24.614499
0.225661 24.614810
0.226422 24.615099
0.227183 24.615364
0.227944 24.615604
0.228705 24.615818
0.229465 24.616006
0.230226 24.616166
0.230987 24.616298
0.231748 24.616401
0.232509 24.616475
0.233270 24.616520
0.234031 24.616535

0.234031 24.616535
0.234792 24.616535
0.235553 24.616535
0.236314 24.616535
0.237075 24.616536
0.237836 24.616536
0.238597 24.616537
0.239358 24.616538
0.240119 24.616538
0.240879 24.616539
0.241640 24.616541
0.242401 24.616542
0.243162 24.616543
0.243923 24.616544
0.244684 24.616546
0.245445 24.616547
0.246206 24.616549
0.246967 24.616550
0.247728 24.616552
0.248489 24.616554
0.249250 24.616555
0.250011 24.616557
0.250772 24.616559
0.251532 24.616561
0.252293 24.616563
0.253054 24.616565
0.253815 24.616566
0.254576 24.616568
0.255337 24.616570
0.256098 24.616572
0.256859 24.616574
0.257620 24.616575
0.258381 24.616577
0.259142 24.616579
0.259903 24.616580
0.260664 24.616582
0.261425 24.616583
0.262186 24.616584
0.262946 24.616586
0.263707 24.616587
0.264468 24.616588
0.265229 24.616589
0.265990 24.616590
0.266751 24.616590
0.267512 24.616591
0.268273 24.616591
0.269034 24.616592
0.269795 24.616592
0.270556 24.616592
0.271317 24.616592

0.271317 24.616592
0.272393 24.616577
0.273469 24.616533
0.274545 24.616458
0.275621 24.616354
0.276697 24.616221
0.277773 24.616059
0.278849 24.615870
0.279926 24.615654
0.281002 24.615412
0.282078 24.615146
0.283154 24.614855
0.284230 24.614542
0.285306 24.614207
0.286382 24.613853
0.287459 24.613480
0.288535 24.613091
0.289611 24.612686
0.290687 24.612268
0.291763 24.611839
0.292839 24.611399
0.293915 24.610952
0.294991 24.610498
0.296067 24.610040
0.297144 24.609580
0.298220 24.609119
0.299296 24.608660
0.300372 24.608204
0.301448 24.607753
0.302524 24.607308
0.303600 24.606873
0.304676 24.606448
0.305752 24.606036
0.306829 24.605637
0.307905 24.605254
0.308981 24.604888
0.310057 24.604541
0.311133 24.604213
0.312209 24.603907
0.313285 24.603623
0.314361 24.603363
0.315438 24.603127
0.316514 24.602917
0.317590 24.602733
0.318666 24.602576
0.319742 24.602446
0.320818 24.602345
0.321894 24.602273
0.322970 24.602229
0.324047 24.602215


0.000000 26.695119
0.000761 26.695121
0.001522 26.695125
0.002283 26.695133
0.003044 26.695144
0.003805 26.695158
0.004566 26.695175
0.005326 26.695195
0.006087 26.695218
0.006848 26.695245
0.007609 26.695274
0.008370 26.695307
0.009131 26.695342
0.009892 26.695381
0.010653 26.695422
0.011414 26.695467
0.012175 26.695515
0.012936 26.695565
0.013697 26.695619
0.014458 26.695676
0.015219 26.695735
0.015980 26.695797
0.016740 26.695863
0.017501 26.695931
0.018262 26.696002
0.019023 26.696076
0.019784 26.696152
0.020545 26.696231
0.021306 26.696313
0.022067 26.696398
0.022828 26.696484
0.023589 26.696574
0.024350 26.696665
0.025111 26.696759
0.025872 26.696855
0.026633 26.696952
0.027394 26.697052
0.028154 26.697153
0.028915 26.697255
0.029676 26.697358
0.030437 26.697461
0.031198 26.697564
0.031959 26.697666
0.032720 26.697766
0.033481 26.697862
0.034242 26.697951
0.035003 26.698030
0.035764 26.698094
0.036525 26.698136
0.037286 26.698151

0.037286 26.698151
0.038046 26.698151
0.038808 26.698151
0.039568 26.698151
0.040329 26.698151
0.041090 26.698151
0.041851 26.698151
0.042612 26.698151
0.043373 26.698151
0.044134 26.698151
0.044895 26.698151
0.045656 26.698151
0.046417 26.698151
0.047178 26.698151
0.047939 26.698152
0.048700 26.698152
0.049460 26.698152
0.050221 26.698152
0.050982 26.698152
0.051743 26.698152
0.052504 26.698152
0.053265 26.698153
0.054026 26.698153
0.054787 26.698153
0.055548 26.698153
0.056309 26.698153
0.057070 26.698153
0.057831 26.698153
0.058592 26.698154
0.059353 26.698154
0.060114 26.698154
0.060874 26.698154
0.061635 26.698154
0.062396 26.698154
0.063157 26.698154
0.063918 26.698155
0.064679 26.698155
0.065440 26.698155
0.066201 26.698155
0.066962 26.698155
0.067723 26.698155
0.068484 26.698155
0.069245 26.698155
0.070006 26.698155
0.070767 26.698155
0.071527 26.698155
0.072288 26.698155
0.073049 26.698155
0.073810 26.698156
0.074571 26.698156

0.074571 26.698156
0.075647 26.698152
0.076724 26.698143
0.077800 26.698127
0.078876 26.698106
0.079952 26.698078
0.081028 26.698044
0.082104 26.698004
0.083180 26.697959
0.084256 26.697909
0.085332 26.697853
0.086408 26.697792
0.087485 26.697726
0.088561 26.697656
0.089637 26.697581
0.090713 26.697503
0.091789 26.697421
0.092865 26.697336
0.093941 26.697249
0.095018 26.697158
0.096094 26.697066
0.097170 26.696971
0.098246 26.696876
0.099322 26.696779
0.100398 26.696682
0.101474 26.696585
0.102550 26.696488
0.103626 26.696391
0.104703 26.696296
0.105779 26.696202
0.106855 26.696110
0.107931 26.696020
0.109007 26.695932
0.110083 26.695847
0.111159 26.695766
0.112235 26.695688
0.113311 26.695615
0.114388 26.695545
0.115464 26.695480
0.116540 26.695419
0.117616 26.695364
0.118692 26.695314
0.119768 26.695269
0.120844 26.695230
0.121920 26.695196
0.122997 26.695169
0.124073 26.695147
0.125149 26.695132
0.126225 26.695122
0.127301 26.695119

0.127301 26.695119
0.128718 26.695113
0.130135 26.695094
0.131553 26.695062
0.132970 26.695018
0.134387 26.694962
0.135804 26.694893
0.137222 26.694813
0.138639 26.694722
0.140056 26.694621
0.141473 26.694509
0.142891 26.694387
0.144308 26.694257
0.145725 26.694118
0.147142 26.693972
0.148560 26.693819
0.149977 26.693660
0.151394 26.693496
0.152811 26.693327
0.154228 26.693156
0.155646 26.692982
0.157063 26.692806
0.158480 26.692631
0.159897 26.692455
0.161315 26.692281
0.162732 26.692110
0.164149 26.691942
0.165566 26.691779
0.166984 26.691621
0.168401 26.691469
0.169818 26.691325
0.171235 26.691189
0.172652 26.691062
0.174070 26.690946
0.175487 26.690840
0.176904 26.690746
0.178321 26.690664
0.179739 26.690595
0.181156 26.690540
0.182573 26.690500
0.183990 26.690474
0.185408 26.690464
0.186825 26.690469
0.188242 26.690491
0.189659 26.690530
0.191077 26.690585
0.192494 26.690657
0.193911 26.690746
0.195328 26.690852
0.196745 26.690975

0.196745 26.690975
0.197506 26.690974
0.198267 26.690971
0.199028 26.690966
0.199789 26.690959
0.200550 26.690951
0.201311 26.690940
0.202072 26.690928
0.202833 26.690914
0.203594 26.690898
0.204355 26.690881
0.205116 26.690862
0.205877 26.690842
0.206638 26.690820
0.207399 26.690797
0.208159 26.690772
0.208920 26.690747
0.209681 26.690720
0.210442 26.690693
0.211203 26.690665
0.211964 26.690636
0.212725 26.690606
0.213486 26.690576
0.214247 26.690546
0.215008 26.690515
0.215769 26.690484
0.216530 26.690454
0.217291 26.690423
0.218052 26.690393
0.218812 26.690363
0.219573 26.690334
0.220334 26.690305
0.221095 26.690278
0.221856 26.690251
0.222617 26.690225
0.223378 26.690200
0.224139 26.690176
0.224900 26.690154
0.225661 26.690133
0.226422 26.690114
0.227183 26.690096
0.227944 26.690080
0.228705 26.690066
0.229465 26.690053
0.230226 26.690042
0.230987 26.690034
0.231748 26.690027
0.232509 26.690022
0.233270 26.690019
0.234031 26.690018

0.234031 26.690018
0.234792 26.690018
0.235553 26.690018
0.236314 26.690018
0.237075 26.690018
0.237836 26.690018
0.238597 26.690018
0.239358 26.690018
0.240119 26.690018
0.240879 26.690018
0.241640 26.690018
0.242401 26.690018
0.243162 26.690018
0.243923 26.690018
0.244684 26.690018
0.245445 26.690018
0.246206 26.690018
0.246967 26.690018
0.247728 26.690018
0.248489 26.690018
0.249250 26.690018
0.250011 26.690018
0.250772 26.690018
0.251532 26.690018
0.252293 26.690018
0.253054 26.690018
0.253815 26.690018
0.254576 26.690018
0.255337 26.690018
0.256098 26.690018
0.256859 26.690018
0.257620 26.690018
0.258381 26.690018
0.259142 26.690018
0.259903 26.690018
0.260664 26.690018
0.261425 26.690018
0.262186 26.690018
0.262946 26.690018
0.263707 26.690018
0.264468 26.690018
0.265229 26.690018
0.265990 26.690018
0.266751 26.690018
0.267512 26.690018
0.268273 26.690018
0.269034 26.690018
0.269795 26.690018
0.270556 26.690018
0.271317 26.690018

0.271317 26.690018
0.272393 26.690019
0.273469 26.690022
0.274545 26.690027
0.275621 26.690034
0.276697 26.690042
0.277773 26.690053
0.278849 26.690066
0.279926 26.690080
0.281002 26.690096
0.282078 26.690114
0.283154 26.690133
0.284230 26.690154
0.285306 26.690177
0.286382 26.690200
0.287459 26.690225
0.288535 26.690251
0.289611 26.690278
0.290687 26.690306
0.291763 26.690334
0.292839 26.690363
0.293915 26.690393
0.294991 26.690423
0.296067 26.690454
0.297144 26.690485
0.298220 26.690515
0.299296 26.690546
0.300372 26.690576
0.301448 26.690606
0.302524 26.690636
0.303600 26.690665
0.304676 26.690693
0.305752 26.690720
0.306829 26.690747
0.307905 26.690772
0.308981 26.690797
0.310057 26.690820
0.311133 26.690842
0.312209 26.690862
0.313285 26.690881
0.314361 26.690898
0.315438 26.690914
0.316514 26.690928
0.317590 26.690940
0.318666 26.690951
0.319742 26.690959
0.320818 26.690966
0.321894 26.690971
0.322970 26.690974
0.324047 26.690975


0.000000 26.703296
0.000761 26.703293
0.001522 26.703285
0.002283 26.703272
0.003044 26.703254
0.003805 26.703231
0.004566 26.703202
0.005326 26.703169
0.006087 26.703130
0.006848 26.703087
0.007609 26.703039
0.008370 26.702986
0.009131 26.702928
0.009892 26.702865
0.010653 26.702799
0.011414 26.702727
0.012175 26.702652
0.012936 26.702572
0.013697 26.702489
0.014458 26.702401
0.015219 26.702310
0.015980 26.702215
0.016740 26.702117
0.017501 26.702016
0.018262 26.701912
0.019023 26.701804
0.019784 26.701695
0.020545 26.701582
0.021306 26.701467
0.022067 26.701351
0.022828 26.701232
0.023589 26.701111
0.024350 26.700990
0.025111 26.700867
0.025872 26.700742
0.026633 26.700618
0.027394 26.700493
0.028154 26.700368
0.028915 26.700243
0.029676 26.700119
0.030437 26.699996
0.031198 26.699875
0.031959 26.699758
0.032720 26.699644
0.033481 26.699537
0.034242 26.699438
0.035003 26.699351
0.035764 26.699282
0.036525 26.699237
0.037286 26.699221

0.037286 26.699221
0.038046 26.699220
0.038808 26.699217
0.039568 26.699211
0.040329 26.699204
0.041090 26.699194
0.041851 26.699182
0.042612 26.699169
0.043373 26.699153
0.044134 26.699136
0.044895 26.699116
0.045656 26.699095
0.046417 26.699073
0.047178 26.699048
0.047939 26.699023
0.048700 26.698995
0.049460 26.698967
0.050221 26.698937
0.050982 26.698907
0.051743 26.698875
0.052504 26.698843
0.053265 26.698810
0.054026 26.698777
0.054787 26.698743
0.055548 26.698709
0.056309 26.698675
0.057070 26.698641
0.057831 26.698607
0.058592 26.698573
0.059353 26.698540
0.060114 26.698507
0.060874 26.698476
0.061635 26.698445
0.062396 26.698415
0.063157 26.698386
0.063918 26.698358
0.064679 26.698332
0.065440 26.698307
0.066201 26.698284
0.066962 26.698263
0.067723 26.698243
0.068484 26.698225
0.069245 26.698209
0.070006 26.698195
0.070767 26.698183
0.071527 26.698173
0.072288 26.698165
0.073049 26.698160
0.073810 26.698157
0.074571 26.698156

0.074571 26.698156
0.075647 26.698161
0.076724 26.698177
0.077800 26.698203
0.078876 26.698241
0.079952 26.698288
0.081028 26.698346
0.082104 26.698413
0.083180 26.698490
0.084256 26.698576
0.085332 26.698672
0.086408 26.698775
0.087485 26.698887
0.088561 26.699006
0.089637 26.699133
0.090713 26.699266
0.091789 26.699405
0.092865 26.699549
0.093941 26.699698
0.095018 26.699852
0.096094 26.700009
0.097170 26.700169
0.098246 26.700331
0.099322 26.700494
0.100398 26.700659
0.101474 26.700824
0.102550 26.700988
0.103626 26.701151
0.104703 26.701312
0.105779 26.701471
0.106855 26.701627
0.107931 26.701779
0.109007 26.701927
0.110083 26.702069
0.111159 26.702207
0.112235 26.702338
0.113311 26.702462
0.114388 26.702579
0.115464 26.702689
0.116540 26.702791
0.117616 26.702884
0.118692 26.702969
0.119768 26.703044
0.120844 26.703110
0.121920 26.703166
0.122997 26.703213
0.124073 26.703249
0.125149 26.703275
0.126225 26.703291
0.127301 26.703296

0.127301 26.703296
0.128718 26.703285
0.130135 26.703254
0.131553 26.703201
0.132970 26.703128
0.134387 26.703034
0.135804 26.702920
0.137222 26.702787
0.138639 26.702634
0.140056 26.702462
0.141473 26.702272
0.142891 26.702064
0.144308 26.701840
0.145725 26.701600
0.147142 26.701344
0.148560 26.701074
0.149977 26.700791
0.151394 26.700495
0.152811 26.700188
0.154228 26.699871
0.155646 26.699544
0.157063 26.699209
0.158480 26.698867
0.159897 26.698519
0.161315 26.698166
0.162732 26.697810
0.164149 26.697451
0.165566 26.697091
0.166984 26.696731
0.168401 26.696372
0.169818 26.696015
0.171235 26.695662
0.172652 26.695313
0.174070 26.694970
0.175487 26.694633
0.176904 26.694304
0.178321 26.693984
0.179739 26.693674
0.181156 26.693374
0.182573 26.693085
0.183990 26.692809
0.185408 26.692545
0.186825 26.692295
0.188242 26.692060
0.189659 26.691839
0.191077 26.691634
0.192494 26.691445
0.193911 26.691271
0.195328 26.691115
0.196745 26.690975

0.196745 26.690975
0.197506 26.690975
0.198267 26.690975
0.199028 26.690975
0.199789 26.690975
0.200550 26.690975
0.201311 26.690975
0.202072 26.690975
0.202833 26.690975
0.203594 26.690975
0.204355 26.690975
0.205116 26.690975
0.205877 26.690975
0.206638 26.690975
0.207399 26.690975
0.208159 26.690975
0.208920 26.690975
0.209681 26.690975
0.210442 26.690975
0.211203 26.690975
0.211964 26.690975
0.212725 26.690975
0.213486 26.690975
0.214247 26.690975
0.215008 26.690975
0.215769 26.690975
0.216530 26.690975
0.217291 26.690975
0.218052 26.690975
0.218812 26.690975
0.219573 26.690975
0.220334 26.690975
0.221095 26.690975
0.221856 26.690975
0.222617 26.690975
0.223378 26.690975
0.224139 26.690975
0.224900 26.690975
0.225661 26.690975
0.226422 26.690975
0.227183 26.690975
0.227944 26.690975
0.228705 26.690975
0.229465 26.690976
0.230226 26.690976
0.230987 26.690976
0.231748 26.690976
0.232509 26.690976
0.233270 26.690976
0.234031 26.690976

0.234031 26.690976
0.234792 26.690975
0.235553 26.690972
0.236314 26.690967
0.237075 26.690960
0.237836 26.690951
0.238597 26.690941
0.239358 26.690929
0.240119 26.690915
0.240879 26.690899
0.241640 26.690882
0.242401 26.690863
0.243162 26.690842
0.243923 26.690821
0.244684 26.690797
0.245445 26.690773
0.246206 26.690747
0.246967 26.690721
0.247728 26.690693
0.248489 26.690665
0.249250 26.690636
0.250011 26.690607
0.250772 26.690576
0.251532 26.690546
0.252293 26.690515
0.253054 26.690485
0.253815 26.690454
0.254576 26.690424
0.255337 26.690393
0.256098 26.690364
0.256859 26.690334
0.257620 26.690306
0.258381 26.690278
0.259142 26.690251
0.259903 26.690225
0.260664 26.690200
0.261425 26.690177
0.262186 26.690154
0.262946 26.690133
0.263707 26.690114
0.264468 26.690096
0.265229 26.690080
0.265990 26.690066
0.266751 26.690053
0.267512 26.690042
0.268273 26.690034
0.269034 26.690027
0.269795 26.690022
0.270556 26.690019
0.271317 26.690018

0.271317 26.690018
0.272393 26.690019
0.273469 26.690022
0.274545 26.690027
0.275621 26.690034
0.276697 26.690042
0.277773 26.690053
0.278849 26.690066
0.279926 26.690080
0.281002 26.690096
0.282078 26.690114
0.283154 26.690133
0.284230 26.690154
0.285306 26.690177
0.286382 26.690200
0.287459 26.690225
0.288535 26.690251
0.289611 26.690278
0.290687 26.690306
0.291763 26.690334
0.292839 26.690363
0.293915 26.690393
0.294991 26.690423
0.296067 26.690454
0.297144 26.690485
0.298220 26.690515
0.299296 26.690546
0.300372 26.690576
0.301448 26.690606
0.302524 26.690636
0.303600 26.690665
0.304676 26.690693
0.305752 26.690720
0.306829 26.690747
0.307905 26.690772
0.308981 26.690797
0.310057 26.690820
0.311133 26.690842
0.312209 26.690862
0.313285 26.690881
0.314361 26.690898
0.315438 26.690914
0.316514 26.690928
0.317590 26.690940
0.318666 26.690951
0.319742 26.690959
0.320818 26.690966
0.321894 26.690971
0.322970 26.690974
0.324047 26.690975


0.000000 29.010393
0.000761 29.010390
0.001522 29.010379
0.002283 29.010361
0.003044 29.010336
0.003805 29.010303
0.004566 29.010264
0.005326 29.010218
0.006087 29.010166
0.006848 29.010107
0.007609 29.010042
0.008370 29.009971
0.009131 29.009895
0.009892 29.009813
0.010653 29.009727
0.011414 29.009636
0.012175 29.009541
0.012936 29.009442
0.013697 29.009340
0.014458 29.009235
0.015219 29.009127
0.015980 29.009017
0.016740 29.008906
0.017501 29.008794
0.018262 29.008680
0.019023 29.008567
0.019784 29.008454
0.020545 29.008342
0.021306 29.008230
0.022067 29.008121
0.022828 29.008013
0.023589 29.007908
0.024350 29.007806
0.025111 29.007707
0.025872 29.007612
0.026633 29.007521
0.027394 29.007435
0.028154 29.007354
0.028915 29.007277
0.029676 29.007207
0.030437 29.007142
0.031198 29.007083
0.031959 29.007031
0.032720 29.006985
0.033481 29.006946
0.034242 29.006914
0.035003 29.006888
0.035764 29.006870
0.036525 29.006859
0.037286 29.006856

0.037286 29.006856
0.038046 29.006856
0.038808 29.006855
0.039568 29.006853
0.040329 29.006851
0.041090 29.006849
0.041851 29.006846
0.042612 29.006842
0.043373 29.006837
0.044134 29.006832
0.044895 29.006826
0.045656 29.006820
0.046417 29.006812
0.047178 29.006804
0.047939 29.006794
0.048700 29.006784
0.049460 29.006772
0.050221 29.006760
0.050982 29.006746
0.051743 29.006730
0.052504 29.006714
0.053265 29.006695
0.054026 29.006675
0.054787 29.006653
0.055548 29.006629
0.056309 29.006603
0.057070 29.006575
0.057831 29.006545
0.058592 29.006513
0.059353 29.006479
0.060114 29.006443
0.060874 29.006405
0.061635 29.006366
0.062396 29.006326
0.063157 29.006284
0.063918 29.006243
0.064679 29.006201
0.065440 29.006160
0.066201 29.006119
0.066962 29.006081
0.067723 29.006044
0.068484 29.006010
0.069245 29.005979
0.070006 29.005951
0.070767 29.005926
0.071527 29.005906
0.072288 29.005890
0.073049 29.005878
0.073810 29.005871
0.074571 29.005869

0.074571 29.005869
0.075647 29.005874
0.076724 29.005888
0.077800 29.005911
0.078876 29.005944
0.079952 29.005986
0.081028 29.006036
0.082104 29.006095
0.083180 29.006163
0.084256 29.006239
0.085332 29.006323
0.086408 29.006414
0.087485 29.006513
0.088561 29.006618
0.089637 29.006729
0.090713 29.006846
0.091789 29.006968
0.092865 29.007095
0.093941 29.007227
0.095018 29.007362
0.096094 29.007500
0.097170 29.007640
0.098246 29.007783
0.099322 29.007927
0.100398 29.008072
0.101474 29.008217
0.102550 29.008362
0.103626 29.008505
0.104703 29.008647
0.105779 29.008787
0.106855 29.008924
0.107931 29.009058
0.109007 29.009188
0.110083 29.009314
0.111159 29.009434
0.112235 29.009550
0.113311 29.009659
0.114388 29.009763
0.115464 29.009859
0.116540 29.009949
0.117616 29.010031
0.118692 29.010106
0.119768 29.010172
0.120844 29.010230
0.121920 29.010279
0.122997 29.010320
0.124073 29.010352
0.125149 29.010375
0.126225 29.010389
0.127301 29.010393

0.127301 29.010393
0.128718 29.010387
0.130135 29.010367
0.131553 29.010334
0.132970 29.010288
0.134387 29.010229
0.135804 29.010158
0.137222 29.010074
0.138639 29.009979
0.140056 29.009872
0.141473 29.009754
0.142891 29.009625
0.144308 29.009486
0.145725 29.009337
0.147142 29.009180
0.148560 29.009014
0.149977 29.008841
0.151394 29.008661
0.152811 29.008475
0.154228 29.008283
0.155646 29.008087
0.157063 29.007887
0.158480 29.007684
0.159897 29.007478
0.161315 29.007272
0.162732 29.007065
0.164149 29.006858
0.165566 29.006653
0.166984 29.006450
0.168401 29.006249
0.169818 29.006053
0.171235 29.005861
0.172652 29.005674
0.174070 29.005494
0.175487 29.005320
0.176904 29.005154
0.178321 29.004996
0.179739 29.004847
0.181156 29.004707
0.182573 29.004578
0.183990 29.004460
0.185408 29.004352
0.186825 29.004256
0.188242 29.004172
0.189659 29.004100
0.191077 29.004041
0.192494 29.003995
0.193911 29.003962
0.195328 29.003942
0.196745 29.003936

0.196745 29.003936
0.197506 29.003935
0.198267 29.003935
0.199028 29.003934
0.199789 29.003934
0.200550 29.003933
0.201311 29.003931
0.202072 29.003930
0.202833 29.003928
0.203594 29.003926
0.204355 29.003924
0.205116 29.003922
0.205877 29.003919
0.206638 29.003916
0.207399 29.003914
0.208159 29.003911
0.208920 29.003908
0.209681 29.003904
0.210442 29.003901
0.211203 29.003898
0.211964 29.003894
0.212725 29.003890
0.213486 29.003887
0.214247 29.003883
0.215008 29.003880
0.215769 29.003876
0.216530 29.003872
0.217291 29.003869
0.218052 29.003865
0.218812 29.003861
0.219573 29.003858
0.220334 29.003855
0.221095 29.003851
0.221856 29.003848
0.222617 29.003845
0.223378 29.003842
0.224139 29.003839
0.224900 29.003837
0.225661 29.003834
0.226422 29.003832
0.227183 29.003830
0.227944 29.003828
0.228705 29.003826
0.229465 29.003825
0.230226 29.003824
0.230987 29.003823
0.231748 29.003822
0.232509 29.003821
0.233270 29.003821
0.234031 29.003821

0.234031 29.003821
0.234792 29.003821
0.235553 29.003823
0.236314 29.003826
0.237075 29.003830
0.237836 29.003835
0.238597 29.003841
0.239358 29.003848
0.240119 29.003856
0.240879 29.003865
0.241640 29.003875
0.242401 29.003886
0.243162 29.003898
0.243923 29.003911
0.244684 29.003925
0.245445 29.003939
0.246206 29.003954
0.246967 29.003969
0.247728 29.003985
0.248489 29.004001
0.249250 29.004018
0.250011 29.004035
0.250772 29.004053
0.251532 29.004070
0.252293 29.004088
0.253054 29.004106
0.253815 29.004123
0.254576 29.004141
0.255337 29.004158
0.256098 29.004175
0.256859 29.004192
0.257620 29.004209
0.258381 29.004225
0.259142 29.004240
0.259903 29.004255
0.260664 29.004269
0.261425 29.004283
0.262186 29.004295
0.262946 29.004307
0.263707 29.004319
0.264468 29.004329
0.265229 29.004338
0.265990 29.004346
0.266751 29.004353
0.267512 29.004359
0.268273 29.004364
0.269034 29.004368
0.269795 29.004371
0.270556 29.004373
0.271317 29.004374

0.271317 29.004374
0.272393 29.004373
0.273469 29.004371
0.274545 29.004368
0.275621 29.004365
0.276697 29.004360
0.277773 29.004353
0.278849 29.004346
0.279926 29.004338
0.281002 29.004329
0.282078 29.004320
0.283154 29.004309
0.284230 29.004298
0.285306 29.004286
0.286382 29.004273
0.287459 29.004260
0.288535 29.004247
0.289611 29.004233
0.290687 29.004219
0.291763 29.004204
0.292839 29.004190
0.293915 29.004175
0.294991 29.004161
0.296067 29.004147
0.297144 29.004132
0.298220 29.004118
0.299296 29.004104
0.300372 29.004091
0.301448 29.004078
0.302524 29.004065
0.303600 29.004053
0.304676 29.004041
0.305752 29.004030
0.306829 29.004019
0.307905 29.004009
0.308981 29.004000
0.310057 29.003991
0.311133 29.003983
0.312209 29.003975
0.313285 29.003968
0.314361 29.003962
0.315438 29.003957
0.316514 29.003952
0.317590 29.003947
0.318666 29.003944
0.319742 29.003941
0.320818 29.003938
0.321894 29.003937
0.322970 29.003936
0.324047 29.003936


0.000000 29.010393
0.000761 29.010393
0.001522 29.010394
0.002283 29.010394
0.003044 29.010394
0.003805 29.010395
0.004566 29.010396
0.005326 29.010396
0.006087 29.010397
0.006848 29.010398
0.007609 29.010399
0.008370 29.010401
0.009131 29.010402
0.009892 29.010403
0.010653 29.010405
0.011414 29.010406
0.012175 29.010408
0.012936 29.010409
0.013697 29.010411
0.014458 29.010413
0.015219 29.010415
0.015980 29.010417
0.016740 29.010419
0.017501 29.010420
0.018262 29.010422
0.019023 29.010424
0.019784 29.010426
0.020545 29.010428
0.021306 29.010430
0.022067 29.010432
0.022828 29.010434
0.023589 29.010436
0.024350 29.010437
0.025111 29.010439
0.025872 29.010441
0.026633 29.010442
0.027394 29.010444
0.028154 29.010445
0.028915 29.010446
0.029676 29.010448
0.030437 29.010449
0.031198 29.010450
0.031959 29.010451
0.032720 29.010451
0.033481 29.010452
0.034242 29.010453
0.035003 29.010453
0.035764 29.010453
0.036525 29.010453
0.037286 29.010454

0.037286 29.010454
0.038046 29.010450
0.038808 29.010440
0.039568 29.010423
0.040329 29.010399
0.041090 29.010369
0.041851 29.010332
0.042612 29.010289
0.043373 29.010240
0.044134 29.010186
0.044895 29.010126
0.045656 29.010060
0.046417 29.009990
0.047178 29.009916
0.047939 29.009837
0.048700 29.009755
0.049460 29.009670
0.050221 29.009582
0.050982 29.009492
0.051743 29.009401
0.052504 29.009308
0.053265 29.009215
0.054026 29.009122
0.054787 29.009030
0.055548 29.008939
0.056309 29.008849
0.057070 29.008762
0.057831 29.008678
0.058592 29.008597
0.059353 29.008519
0.060114 29.008446
0.060874 29.008377
0.061635 29.008312
0.062396 29.008252
0.063157 29.008197
0.063918 29.008147
0.064679 29.008101
0.065440 29.008059
0.066201 29.008022
0.066962 29.007989
0.067723 29.007960
0.068484 29.007934
0.069245 29.007912
0.070006 29.007893
0.070767 29.007878
0.071527 29.007865
0.072288 29.007856
0.073049 29.007849
0.073810 29.007845
0.074571 29.007844

0.074571 29.007844
0.075647 29.007846
0.076724 29.007854
0.077800 29.007868
0.078876 29.007886
0.079952 29.007910
0.081028 29.007939
0.082104 29.007973
0.083180 29.008011
0.084256 29.008054
0.085332 29.008102
0.086408 29.008154
0.087485 29.008210
0.088561 29.008269
0.089637 29.008333
0.090713 29.008399
0.091789 29.008468
0.092865 29.008540
0.093941 29.008615
0.095018 29.008691
0.096094 29.008769
0.097170 29.008849
0.098246 29.008929
0.099322 29.009011
0.100398 29.009092
0.101474 29.009174
0.102550 29.009255
0.103626 29.009336
0.104703 29.009416
0.105779 29.009495
0.106855 29.009572
0.107931 29.009647
0.109007 29.009720
0.110083 29.009790
0.111159 29.009858
0.112235 29.009922
0.113311 29.009984
0.114388 29.010041
0.115464 29.010095
0.116540 29.010145
0.117616 29.010191
0.118692 29.010233
0.119768 29.010270
0.120844 29.010302
0.121920 29.010330
0.122997 29.010353
0.124073 29.010370
0.125149 29.010383
0.126225 29.010391
0.127301 29.010393

0.127301 29.010393
0.128718 29.010387
0.130135 29.010367
0.131553 29.010334
0.132970 29.010288
0.134387 29.010229
0.135804 29.010158
0.137222 29.010074
0.138639 29.009979
0.140056 29.009872
0.141473 29.009754
0.142891 29.009625
0.144308 29.009486
0.145725 29.009337
0.147142 29.009180
0.148560 29.009014
0.149977 29.008841
0.151394 29.008661
0.152811 29.008475
0.154228 29.008283
0.155646 29.008087
0.157063 29.007887
0.158480 29.007684
0.159897 29.007478
0.161315 29.007272
0.162732 29.007065
0.164149 29.006858
0.165566 29.006653
0.166984 29.006450
0.168401 29.006249
0.169818 29.006053
0.171235 29.005861
0.172652 29.005674
0.174070 29.005494
0.175487 29.005320
0.176904 29.005154
0.178321 29.004996
0.179739 29.004847
0.181156 29.004707
0.182573 29.004578
0.183990 29.004460
0.185408 29.004352
0.186825 29.004256
0.188242 29.004172
0.189659 29.004100
0.191077 29.004041
0.192494 29.003995
0.193911 29.003962
0.195328 29.003942
0.196745 29.003936

0.196745 29.003936
0.197506 29.003936
0.198267 29.003937
0.199028 29.003940
0.199789 29.003943
0.200550 29.003947
0.201311 29.003951
0.202072 29.003957
0.202833 29.003964
0.203594 29.003971
0.204355 29.003979
0.205116 29.003988
0.205877 29.003997
0.206638 29.004007
0.207399 29.004018
0.208159 29.004029
0.208920 29.004041
0.209681 29.004053
0.210442 29.004066
0.211203 29.004079
0.211964 29.004092
0.212725 29.004105
0.213486 29.004119
0.214247 29.004133
0.215008 29.004147
0.215769 29.004161
0.216530 29.004175
0.217291 29.004189
0.218052 29.004203
0.218812 29.004217
0.219573 29.004230
0.220334 29.004243
0.221095 29.004256
0.221856 29.004268
0.222617 29.004280
0.223378 29.004291
0.224139 29.004302
0.224900 29.004312
0.225661 29.004321
0.226422 29.004330
0.227183 29.004338
0.227944 29.004345
0.228705 29.004352
0.229465 29.004358
0.230226 29.004362
0.230987 29.004366
0.231748 29.004370
0.232509 29.004372
0.233270 29.004373
0.234031 29.004374

0.234031 29.004374
0.234792 29.004374
0.235553 29.004374
0.236314 29.004374
0.237075 29.004374
0.237836 29.004374
0.238597 29.004374
0.239358 29.004374
0.240119 29.004374
0.240879 29.004374
0.241640 29.004374
0.242401 29.004374
0.243162 29.004374
0.243923 29.004374
0.244684 29.004374
0.245445 29.004374
0.246206 29.004374
0.246967 29.004374
0.247728 29.004374
0.248489 29.004374
0.249250 29.004374
0.250011 29.004374
0.250772 29.004374
0.251532 29.004374
0.252293 29.004374
0.253054 29.004374
0.253815 29.004374
0.254576 29.004374
0.255337 29.004374
0.256098 29.004374
0.256859 29.004374
0.257620 29.004374
0.258381 29.004374
0.259142 29.004374
0.259903 29.004374
0.260664 29.004374
0.261425 29.004374
0.262186 29.004374
0.262946 29.004374
0.263707 29.004374
0.264468 29.004374
0.265229 29.004374
0.265990 29.004374
0.266751 29.004374
0.267512 29.004374
0.268273 29.004374
0.269034 29.004374
0.269795 29.004374
0.270556 29.004374
0.271317 29.004374

0.271317 29.004374
0.272393 29.004373
0.273469 29.004371
0.274545 29.004368
0.275621 29.004365
0.276697 29.004360
0.277773 29.004353
0.278849 29.004346
0.279926 29.004338
0.281002 29.004329
0.282078 29.004320
0.283154 29.004309
0.284230 29.004298
0.285306 29.004286
0.286382 29.004273
0.287459 29.004260
0.288535 29.004247
0.289611 29.004233
0.290687 29.004219
0.291763 29.004204
0.292839 29.004190
0.293915 29.004175
0.294991 29.004161
0.296067 29.004147
0.297144 29.004132
0.298220 29.004118
0.299296 29.004104
0.300372 29.004091
0.301448 29.004078
0.302524 29.004065
0.303600 29.004053
0.304676 29.004041
0.305752 29.004030
0.306829 29.004019
0.307905 29.004009
0.308981 29.004000
0.310057 29.003991
0.311133 29.003983
0.312209 29.003975
0.313285 29.003968
0.314361 29.003962
0.315438 29.003957
0.316514 29.003952
0.317590 29.003947
0.318666 29.003944
0.319742 29.003941
0.320818 29.003938
0.321894 29.003937
0.322970 29.003936
0.324047 29.003936


0.000000 29.218314
0.000761 29.218334
0.001522 29.218394
0.002283 29.218493
0.003044 29.218631
0.003805 29.218808
0.004566 29.219023
0.005326 29.219275
0.006087 29.219564
0.006848 29.219887
0.007609 29.220244
0.008370 29.220633
0.009131 29.221052
0.009892 29.221501
0.010653 29.221977
0.011414 29.222479
0.012175 29.223003
0.012936 29.223550
0.013697 29.224115
0.014458 29.224697
0.015219 29.225293
0.015980 29.225901
0.016740 29.226519
0.017501 29.227144
0.018262 29.227774
0.019023 29.228405
0.019784 29.229036
0.020545 29.229664
0.021306 29.230286
0.022067 29.230899
0.022828 29.231501
0.023589 29.232090
0.024350 29.232663
0.025111 29.233217
0.025872 29.233751
0.026633 29.234262
0.027394 29.234747
0.028154 29.235206
0.028915 29.235636
0.029676 29.236034
0.030437 29.236400
0.031198 29.236732
0.031959 29.237028
0.032720 29.237288
0.033481 29.237509
0.034242 29.237691
0.035003 29.237834
0.035764 29.237936
0.036525 29.237998
0.037286 29.238019

0.037286 29.238019
0.038046 29.238039
0.038808 29.238100
0.039568 29.238202
0.040329 29.238344
0.041090 29.238525
0.041851 29.238745
0.042612 29.239003
0.043373 29.239298
0.044134 29.239629
0.044895 29.239994
0.045656 29.240393
0.046417 29.240823
0.047178 29.241282
0.047939 29.241770
0.048700 29.242284
0.049460 29.242821
0.050221 29.243381
0.050982 29.243960
0.051743 29.244556
0.052504 29.245167
0.053265 29.245790
0.054026 29.246423
0.054787 29.247064
0.055548 29.247709
0.056309 29.248356
0.057070 29.249002
0.057831 29.249646
0.058592 29.250283
0.059353 29.250911
0.060114 29.251529
0.060874 29.252132
0.061635 29.252720
0.062396 29.253288
0.063157 29.253835
0.063918 29.254359
0.064679 29.254857
0.065440 29.255328
0.066201 29.255768
0.066962 29.256177
0.067723 29.256552
0.068484 29.256892
0.069245 29.257196
0.070006 29.257462
0.070767 29.257689
0.071527 29.257876
0.072288 29.258023
0.073049 29.258128
0.073810 29.258191
0.074571 29.258212

0.074571 29.258212
0.075647 29.258170
0.076724 29.258043
0.077800 29.257833
0.078876 29.257541
0.079952 29.257167
0.081028 29.256713
0.082104 29.256182
0.083180 29.255575
0.084256 29.254896
0.085332 29.254147
0.086408 29.253332
0.087485 29.252454
0.088561 29.251517
0.089637 29.250525
0.090713 29.249483
0.091789 29.248395
0.092865 29.247265
0.093941 29.246099
0.095018 29.244902
0.096094 29.243678
0.097170 29.242432
0.098246 29.241171
0.099322 29.239899
0.100398 29.238621
0.101474 29.237343
0.102550 29.236069
0.103626 29.234806
0.104703 29.233558
0.105779 29.232331
0.106855 29.231128
0.107931 29.229956
0.109007 29.228818
0.110083 29.227719
0.111159 29.226664
0.112235 29.225656
0.113311 29.224700
0.114388 29.223799
0.115464 29.222957
0.116540 29.222177
0.117616 29.221462
0.118692 29.220815
0.119768 29.220238
0.120844 29.219733
0.121920 29.219303
0.122997 29.218949
0.124073 29.218672
0.125149 29.218473
0.126225 29.218354
0.127301 29.218314

0.127301 29.218314
0.128718 29.218680
0.130135 29.219778
0.131553 29.221606
0.132970 29.224162
0.134387 29.227443
0.135804 29.231444
0.137222 29.236161
0.138639 29.241588
0.140056 29.247718
0.141473 29.254544
0.142891 29.262056
0.144308 29.270246
0.145725 29.279104
0.147142 29.288618
0.148560 29.298778
0.149977 29.309571
0.151394 29.320983
0.152811 29.333002
0.154228 29.345612
0.155646 29.358800
0.157063 29.372549
0.158480 29.386843
0.159897 29.401665
0.161315 29.416999
0.162732 29.432827
0.164149 29.449131
0.165566 29.465891
0.166984 29.483090
0.168401 29.500709
0.169818 29.518726
0.171235 29.537123
0.172652 29.555880
0.174070 29.574976
0.175487 29.594390
0.176904 29.614101
0.178321 29.634089
0.179739 29.654332
0.181156 29.674809
0.182573 29.695498
0.183990 29.716378
0.185408 29.737428
0.186825 29.758625
0.188242 29.779949
0.189659 29.801376
0.191077 29.822886
0.192494 29.844457
0.193911 29.866067
0.195328 29.887695
0.196745 29.909320

0.196745 29.909320
0.197506 29.909306
0.198267 29.909266
0.199028 29.909199
0.199789 29.909106
0.200550 29.908988
0.201311 29.908843
0.202072 29.908674
0.202833 29.908481
0.203594 29.908265
0.204355 29.908026
0.205116 29.907765
0.205877 29.907484
0.206638 29.907184
0.207399 29.906866
0.208159 29.906531
0.208920 29.906180
0.209681 29.905816
0.210442 29.905439
0.211203 29.905052
0.211964 29.904655
0.212725 29.904250
0.213486 29.903840
0.214247 29.903425
0.215008 29.903007
0.215769 29.902589
0.216530 29.902171
0.217291 29.901756
0.218052 29.901346
0.218812 29.900941
0.219573 29.900543
0.220334 29.900155
0.221095 29.899778
0.221856 29.899413
0.222617 29.899062
0.223378 29.898727
0.224139 29.898408
0.224900 29.898107
0.225661 29.897825
0.226422 29.897564
0.227183 29.897324
0.227944 29.897107
0.228705 29.896913
0.229465 29.896744
0.230226 29.896599
0.230987 29.896480
0.231748 29.896387
0.232509 29.896320
0.233270 29.896280
0.234031 29.896266

0.234031 29.896266
0.234792 29.896299
0.235553 29.896399
0.236314 29.896564
0.237075 29.896794
0.237836 29.897090
0.238597 29.897448
0.239358 29.897869
0.240119 29.898351
0.240879 29.898892
0.241640 29.899490
0.242401 29.900143
0.243162 29.900849
0.243923 29.901606
0.244684 29.902410
0.245445 29.903260
0.246206 29.904150
0.246967 29.905080
0.247728 29.906044
0.248489 29.907040
0.249250 29.908063
0.250011 29.909110
0.250772 29.910177
0.251532 29.911259
0.252293 29.912352
0.253054 29.913452
0.253815 29.914555
0.254576 29.915656
0.255337 29.916749
0.256098 29.917832
0.256859 29.918899
0.257620 29.919945
0.258381 29.920965
0.259142 29.921957
0.259903 29.922914
0.260664 29.923833
0.261425 29.924709
0.262186 29.925538
0.262946 29.926317
0.263707 29.927041
0.264468 29.927707
0.265229 29.928313
0.265990 29.928855
0.266751 29.929329
0.267512 29.929735
0.268273 29.930070
0.269034 29.930333
0.269795 29.930521
0.270556 29.930634
0.271317 29.930672

0.271317 29.930672
0.272393 29.930650
0.273469 29.930584
0.274545 29.930474
0.275621 29.930320
0.276697 29.930124
0.277773 29.929885
0.278849 29.929606
0.279926 29.929287
0.281002 29.928930
0.282078 29.928536
0.283154 29.928106
0.284230 29.927643
0.285306 29.927148
0.286382 29.926624
0.287459 29.926073
0.288535 29.925496
0.289611 29.924898
0.290687 29.924278
0.291763 29.923642
0.292839 29.922990
0.293915 29.922327
0.294991 29.921654
0.296067 29.920974
0.297144 29.920291
0.298220 29.919606
0.299296 29.918923
0.300372 29.918245
0.301448 29.917575
0.302524 29.916914
0.303600 29.916266
0.304676 29.915634
0.305752 29.915020
0.306829 29.914426
0.307905 29.913855
0.308981 29.913310
0.310057 29.912791
0.311133 29.912303
0.312209 29.911846
0.313285 29.911422
0.314361 29.911034
0.315438 29.910682
0.316514 29.910368
0.317590 29.910093
0.318666 29.909859
0.319742 29.909666
0.320818 29.909515
0.321894 29.909406
0.322970 29.909341
0.324047 29.909320


0.000000 30.180920
0.000761 30.180902
0.001522 30.180849
0.002283 30.180761
0.003044 30.180638
0.003805 30.180480
0.004566 30.180289
0.005326 30.180065
0.006087 30.179809
0.006848 30.179522
0.007609 30.179205
0.008370 30.178860
0.009131 30.178489
0.009892 30.178092
0.010653 30.177671
0.011414 30.177228
0.012175 30.176765
0.012936 30.176284
0.013697 30.175787
0.014458 30.175275
0.015219 30.174752
0.015980 30.174219
0.016740 30.173678
0.017501 30.173131
0.018262 30.172582
0.019023 30.172031
0.019784 30.171482
0.020545 30.170937
0.021306 30.170397
0.022067 30.169865
0.022828 30.169344
0.023589 30.168835
0.024350 30.168340
0.025111 30.167862
0.025872 30.167402
0.026633 30.166962
0.027394 30.166545
0.028154 30.166151
0.028915 30.165783
0.029676 30.165441
0.030437 30.165128
0.031198 30.164844
0.031959 30.164591
0.032720 30.164369
0.033481 30.164180
0.034242 30.164024
0.035003 30.163903
0.035764 30.163815
0.036525 30.163763
0.037286 30.163745

0.037286 30.163745
0.038046 30.163743
0.038808 30.163738
0.039568 30.163729
0.040329 30.163716
0.041090 30.163700
0.041851 30.163679
0.042612 30.163655
0.043373 30.163626
0.044134 30.163593
0.044895 30.163556
0.045656 30.163513
0.046417 30.163465
0.047178 30.163412
0.047939 30.163353
0.048700 30.163287
0.049460 30.163215
0.050221 30.163136
0.050982 30.163049
0.051743 30.162954
0.052504 30.162850
0.053265 30.162737
0.054026 30.162615
0.054787 30.162483
0.055548 30.162341
0.056309 30.162188
0.057070 30.162025
0.057831 30.161852
0.058592 30.161670
0.059353 30.161478
0.060114 30.161278
0.060874 30.161071
0.061635 30.160858
0.062396 30.160642
0.063157 30.160424
0.063918 30.160206
0.064679 30.159991
0.065440 30.159780
0.066201 30.159576
0.066962 30.159382
0.067723 30.159199
0.068484 30.159029
0.069245 30.158875
0.070006 30.158738
0.070767 30.158619
0.071527 30.158520
0.072288 30.158442
0.073049 30.158386
0.073810 30.158352
0.074571 30.158340

0.074571 30.158340
0.075647 30.158363
0.076724 30.158431
0.077800 30.158545
0.078876 30.158703
0.079952 30.158906
0.081028 30.159152
0.082104 30.159440
0.083180 30.159770
0.084256 30.160140
0.085332 30.160548
0.086408 30.160993
0.087485 30.161474
0.088561 30.161987
0.089637 30.162532
0.090713 30.163106
0.091789 30.163707
0.092865 30.164333
0.093941 30.164980
0.095018 30.165646
0.096094 30.166329
0.097170 30.167026
0.098246 30.167734
0.099322 30.168451
0.100398 30.169172
0.101474 30.169896
0.102550 30.170619
0.103626 30.171338
0.104703 30.172051
0.105779 30.172754
0.106855 30.173444
0.107931 30.174119
0.109007 30.174776
0.110083 30.175412
0.111159 30.176024
0.112235 30.176610
0.113311 30.177167
0.114388 30.177693
0.115464 30.178186
0.116540 30.178643
0.117616 30.179063
0.118692 30.179444
0.119768 30.179784
0.120844 30.180081
0.121920 30.180335
0.122997 30.180545
0.124073 30.180708
0.125149 30.180826
0.126225 30.180897
0.127301 30.180920

0.127301 30.180920
0.128718 30.180905
0.130135 30.180860
0.131553 30.180786
0.132970 30.180681
0.134387 30.180548
0.135804 30.180387
0.137222 30.180197
0.138639 30.179981
0.140056 30.179738
0.141473 30.179470
0.142891 30.179179
0.144308 30.178864
0.145725 30.178528
0.147142 30.178171
0.148560 30.177796
0.149977 30.177404
0.151394 30.176996
0.152811 30.176575
0.154228 30.176141
0.155646 30.175697
0.157063 30.175244
0.158480 30.174785
0.159897 30.174320
0.161315 30.173853
0.162732 30.173385
0.164149 30.172918
0.165566 30.172454
0.166984 30.171995
0.168401 30.171542
0.169818 30.171098
0.171235 30.170664
0.172652 30.170242
0.174070 30.169834
0.175487 30.169442
0.176904 30.169067
0.178321 30.168711
0.179739 30.160842
0.181156 30.140896
0.182573 30.120699
0.183990 30.100270
0.185408 30.079629
0.186825 30.058797
0.188242 30.037792
0.189659 30.016637
0.191077 29.995351
0.192494 29.973955
0.193911 29.952471
0.195328 29.930918
0.196745 29.909320

0.196745 29.909320
0.197506 29.909355
0.198267 29.909460
0.199028 29.909635
0.199789 29.909879
0.200550 29.910192
0.201311 29.910572
0.202072 29.911018
0.202833 29.911528
0.203594 29.912102
0.204355 29.912736
0.205116 29.913429
0.205877 29.914179
0.206638 29.914982
0.207399 29.915836
0.208159 29.916738
0.208920 29.917685
0.209681 29.918673
0.210442 29.919699
0.211203 29.920759
0.211964 29.921849
0.212725 29.922964
0.213486 29.924102
0.214247 29.925256
0.215008 29.926424
0.215769 29.927599
0.216530 29.928778
0.217291 29.929955
0.218052 29.931126
0.218812 29.932285
0.219573 29.933429
0.220334 29.934551
0.221095 29.935646
0.221856 29.936711
0.222617 29.937740
0.223378 29.938728
0.224139 29.939671
0.224900 29.940564
0.225661 29.941403
0.226422 29.942184
0.227183 29.942903
0.227944 29.943556
0.228705 29.944141
0.229465 29.944654
0.230226 29.945092
0.230987 29.945454
0.231748 29.945738
0.232509 29.945941
0.233270 29.946064
0.234031 29.946105

0.234031 29.946105
0.234792 29.946089
0.235553 29.946041
0.236314 29.945961
0.237075 29.945850
0.237836 29.945709
0.238597 29.945536
0.239358 29.945335
0.240119 29.945104
0.240879 29.944846
0.241640 29.944561
0.242401 29.944251
0.243162 29.943917
0.243923 29.943559
0.244684 29.943181
0.245445 29.942782
0.246206 29.942366
0.246967 29.941933
0.247728 29.941486
0.248489 29.941026
0.249250 29.940556
0.250011 29.940076
0.250772 29.939590
0.251532 29.939099
0.252293 29.938605
0.253054 29.938111
0.253815 29.937617
0.254576 29.937127
0.255337 29.936643
0.256098 29.936165
0.256859 29.935697
0.257620 29.935240
0.258381 29.934796
0.259142 29.934366
0.259903 29.933953
0.260664 29.933559
0.261425 29.933184
0.262186 29.932831
0.262946 29.932500
0.263707 29.932194
0.264468 29.931913
0.265229 29.931658
0.265990 29.931431
0.266751 29.931232
0.267512 29.931062
0.268273 29.930923
0.269034 29.930813
0.269795 29.930735
0.270556 29.930688
0.271317 29.930672

0.271317 29.930672
0.272393 29.930650
0.273469 29.930584
0.274545 29.930474
0.275621 29.930320
0.276697 29.930124
0.277773 29.929885
0.278849 29.929606
0.279926 29.929287
0.281002 29.928930
0.282078 29.928536
0.283154 29.928106
0.284230 29.927643
0.285306 29.927148
0.286382 29.926624
0.287459 29.926073
0.288535 29.925496
0.289611 29.924898
0.290687 29.924278
0.291763 29.923642
0.292839 29.922990
0.293915 29.922327
0.294991 29.921654
0.296067 29.920974
0.297144 29.920291
0.298220 29.919606
0.299296 29.918923
0.300372 29.918245
0.301448 29.917575
0.302524 29.916914
0.303600 29.916266
0.304676 29.915634
0.305752 29.915020
0.306829 29.914426
0.307905 29.913855
0.308981 29.913310
0.310057 29.912791
0.311133 29.912303
0.312209 29.911846
0.313285 29.911422
0.314361 29.911034
0.315438 29.910682
0.316514 29.910368
0.317590 29.910093
0.318666 29.909859
0.319742 29.909666
0.320818 29.909515
0.321894 29.909406
0.322970 29.909341
0.324047 29.909320


0.000000 30.180920
0.000761 30.180920
0.001522 30.180920
0.002283 30.180919
0.003044 30.180918
0.003805 30.180916
0.004566 30.180914
0.005326 30.180912
0.006087 30.180910
0.006848 30.180907
0.007609 30.180904
0.008370 30.180901
0.009131 30.180897
0.009892 30.180893
0.010653 30.180889
0.011414 30.180885
0.012175 30.180881
0.012936 30.180876
0.013697 30.180872
0.014458 30.180867
0.015219 30.180862
0.015980 30.180857
0.016740 30.180852
0.017501 30.180847
0.018262 30.180841
0.019023 30.180836
0.019784 30.180831
0.020545 30.180826
0.021306 30.180821
0.022067 30.180816
0.022828 30.180811
0.023589 30.180806
0.024350 30.180801
0.025111 30.180797
0.025872 30.180792
0.026633 30.180788
0.027394 30.180784
0.028154 30.180781
0.028915 30.180777
0.029676 30.180774
0.030437 30.180771
0.031198 30.180768
0.031959 30.180766
0.032720 30.180764
0.033481 30.180762
0.034242 30.180761
0.035003 30.180759
0.035764 30.180759
0.036525 30.180758
0.037286 30.180758

0.037286 30.180758
0.038046 30.180742
0.038808 30.180695
0.039568 30.180617
0.040329 30.180508
0.041090 30.180368
0.041851 30.180200
0.042612 30.180003
0.043373 30.179779
0.044134 30.179528
0.044895 30.179253
0.045656 30.178955
0.046417 30.178635
0.047178 30.178296
0.047939 30.177940
0.048700 30.177568
0.049460 30.177182
0.050221 30.176786
0.050982 30.176382
0.051743 30.175972
0.052504 30.175558
0.053265 30.175144
0.054026 30.174732
0.054787 30.174324
0.055548 30.173923
0.056309 30.173532
0.057070 30.173152
0.057831 30.172786
0.058592 30.172435
0.059353 30.172102
0.060114 30.171787
0.060874 30.171491
0.061635 30.171214
0.062396 30.170958
0.063157 30.170722
0.063918 30.170505
0.064679 30.170308
0.065440 30.170129
0.066201 30.169969
0.066962 30.169826
0.067723 30.169699
0.068484 30.169588
0.069245 30.169492
0.070006 30.169411
0.070767 30.169343
0.071527 30.169288
0.072288 30.169245
0.073049 30.169215
0.073810 30.169198
0.074571 30.169192

0.074571 30.169192
0.075647 30.169204
0.076724 30.169239
0.077800 30.169298
0.078876 30.169380
0.079952 30.169486
0.081028 30.169614
0.082104 30.169764
0.083180 30.169935
0.084256 30.170127
0.085332 30.170339
0.086408 30.170571
0.087485 30.170821
0.088561 30.171088
0.089637 30.171371
0.090713 30.171669
0.091789 30.171982
0.092865 30.172307
0.093941 30.172643
0.095018 30.172989
0.096094 30.173344
0.097170 30.173706
0.098246 30.174074
0.099322 30.174446
0.100398 30.174821
0.101474 30.175197
0.102550 30.175572
0.103626 30.175946
0.104703 30.176316
0.105779 30.176681
0.106855 30.177040
0.107931 30.177390
0.109007 30.177731
0.110083 30.178061
0.111159 30.178379
0.112235 30.178683
0.113311 30.178973
0.114388 30.179246
0.115464 30.179501
0.116540 30.179739
0.117616 30.179957
0.118692 30.180154
0.119768 30.180331
0.120844 30.180485
0.121920 30.180617
0.122997 30.180725
0.124073 30.180810
0.125149 30.180871
0.126225 30.180908
0.127301 30.180920

0.127301 30.180920
0.128718 30.180905
0.130135 30.180860
0.131553 30.180786
0.132970 30.180681
0.134387 30.180548
0.135804 30.180387
0.137222 30.180197
0.138639 30.179981
0.140056 30.179738
0.141473 30.179470
0.142891 30.179179
0.144308 30.178864
0.145725 30.178528
0.147142 30.178171
0.148560 30.177796
0.149977 30.177404
0.151394 30.176996
0.152811 30.176575
0.154228 30.176141
0.155646 30.175697
0.157063 30.175244
0.158480 30.174785
0.159897 30.174320
0.161315 30.173853
0.162732 30.173385
0.164149 30.172918
0.165566 30.172454
0.166984 30.171995
0.168401 30.171542
0.169818 30.171098
0.171235 30.170664
0.172652 30.170242
0.174070 30.169834
0.175487 30.169442
0.176904 30.169067
0.178321 30.168711
0.179739 30.168374
0.181156 30.168060
0.182573 30.167768
0.183990 30.167500
0.185408 30.167258
0.186825 30.167041
0.188242 30.166852
0.189659 30.166690
0.191077 30.166557
0.192494 30.166453
0.193911 30.166378
0.195328 30.166333
0.196745 30.166318

0.196745 30.166318
0.197506 30.166316
0.198267 30.166310
0.199028 30.166301
0.199789 30.166288
0.200550 30.166271
0.201311 30.166251
0.202072 30.166227
0.202833 30.166200
0.203594 30.166170
0.204355 30.166136
0.205116 30.166100
0.205877 30.166061
0.206638 30.166019
0.207399 30.165975
0.208159 30.165929
0.208920 30.165881
0.209681 30.165831
0.210442 30.165779
0.211203 30.165726
0.211964 30.165673
0.212725 30.165618
0.213486 30.165562
0.214247 30.165507
0.215008 30.165451
0.215769 30.165395
0.216530 30.165340
0.217291 30.165285
0.218052 30.165230
0.218812 30.165177
0.219573 30.165125
0.220334 30.165074
0.221095 30.165025
0.221856 30.164978
0.222617 30.164932
0.223378 30.164889
0.224139 30.164848
0.224900 30.164809
0.225661 30.164773
0.226422 30.164740
0.227183 30.164709
0.227944 30.164682
0.228705 30.164657
0.229465 30.164636
0.230226 30.164617
0.230987 30.164602
0.231748 30.164591
0.232509 30.164582
0.233270 30.164577
0.234031 30.164575

0.234031 30.164575
0.234792 30.164577
0.235553 30.164583
0.236314 30.164591
0.237075 30.164604
0.237836 30.164620
0.238597 30.164640
0.239358 30.164663
0.240119 30.164690
0.240879 30.164720
0.241640 30.164754
0.242401 30.164791
0.243162 30.164832
0.243923 30.164875
0.244684 30.164922
0.245445 30.164973
0.246206 30.165026
0.246967 30.165082
0.247728 30.165142
0.248489 30.165204
0.249250 30.165268
0.250011 30.165335
0.250772 30.165405
0.251532 30.165476
0.252293 30.165549
0.253054 30.165624
0.253815 30.165701
0.254576 30.165778
0.255337 30.165856
0.256098 30.165935
0.256859 30.166014
0.257620 30.166092
0.258381 30.166170
0.259142 30.166246
0.259903 30.166322
0.260664 30.166395
0.261425 30.166465
0.262186 30.166533
0.262946 30.166598
0.263707 30.166658
0.264468 30.166715
0.265229 30.166767
0.265990 30.166813
0.266751 30.166855
0.267512 30.166890
0.268273 30.166920
0.269034 30.166943
0.269795 30.166960
0.270556 30.166970
0.271317 30.166973

0.271317 30.166973
0.272393 30.166969
0.273469 30.166957
0.274545 30.166938
0.275621 30.166911
0.276697 30.166877
0.277773 30.166837
0.278849 30.166791
0.279926 30.166740
0.281002 30.166685
0.282078 30.166627
0.283154 30.166567
0.284230 30.166505
0.285306 30.166443
0.286382 30.166382
0.287459 30.166322
0.288535 30.166264
0.289611 30.166209
0.290687 30.166157
0.291763 30.166110
0.292839 30.166068
0.293915 30.166030
0.294991 30.165998
0.296067 30.165972
0.297144 30.165951
0.298220 30.165936
0.299296 30.165926
0.300372 30.165922
0.301448 30.165923
0.302524 30.165929
0.303600 30.165939
0.304676 30.165954
0.305752 30.165972
0.306829 30.165994
0.307905 30.166017
0.308981 30.166043
0.310057 30.166070
0.311133 30.166098
0.312209 30.166127
0.313285 30.166155
0.314361 30.166182
0.315438 30.166208
0.316514 30.166232
0.317590 30.166253
0.318666 30.166272
0.319742 30.166288
0.320818 30.166301
0.321894 30.166310
0.322970 30.166316
0.324047 30.166318


0.000000 30.381900
0.000761 30.381863
0.001522 30.381753
0.002283 30.381571
0.003044 30.381317
0.003805 30.380992
0.004566 30.380599
0.005326 30.380139
0.006087 30.379615
0.006848 30.379028
0.007609 30.378384
0.008370 30.377683
0.009131 30.376930
0.009892 30.376129
0.010653 30.375282
0.011414 30.374395
0.012175 30.373471
0.012936 30.372514
0.013697 30.371529
0.014458 30.370519
0.015219 30.369490
0.015980 30.368446
0.016740 30.367390
0.017501 30.366328
0.018262 30.365264
0.019023 30.364202
0.019784 30.363147
0.020545 30.362102
0.021306 30.361071
0.022067 30.360060
0.022828 30.359071
0.023589 30.358108
0.024350 30.357175
0.025111 30.356276
0.025872 30.355414
0.026633 30.354591
0.027394 30.353812
0.028154 30.353078
0.028915 30.352393
0.029676 30.351760
0.030437 30.351179
0.031198 30.350654
0.031959 30.350186
0.032720 30.349777
0.033481 30.349428
0.034242 30.349142
0.035003 30.348917
0.035764 30.348757
0.036525 30.348660
0.037286 30.348628

0.037286 30.348628
0.038046 30.348628
0.038808 30.348628
0.039568 30.348628
0.040329 30.348628
0.041090 30.348628
0.041851 30.348628
0.042612 30.348628
0.043373 30.348628
0.044134 30.348628
0.044895 30.348628
0.045656 30.348628
0.046417 30.348628
0.047178 30.348628
0.047939 30.348628
0.048700 30.348628
0.049460 30.348628
0.050221 30.348628
0.050982 30.348628
0.051743 30.348628
0.052504 30.348628
0.053265 30.348628
0.054026 30.348628
0.054787 30.348628
0.055548 30.348628
0.056309 30.348628
0.057070 30.348628
0.057831 30.348628
0.058592 30.348628
0.059353 30.348628
0.060114 30.348628
0.060874 30.348628
0.061635 30.348628
0.062396 30.348628
0.063157 30.348628
0.063918 30.348628
0.064679 30.348628
0.065440 30.348629
0.066201 30.348629
0.066962 30.348629
0.067723 30.348629
0.068484 30.348629
0.069245 30.348629
0.070006 30.348629
0.070767 30.348629
0.071527 30.348629
0.072288 30.348629
0.073049 30.348629
0.073810 30.348629
0.074571 30.348629

0.074571 30.348629
0.075647 30.348658
0.076724 30.348747
0.077800 30.348895
0.078876 30.349101
0.079952 30.349365
0.081028 30.349687
0.082104 30.350065
0.083180 30.350498
0.084256 30.350985
0.085332 30.351526
0.086408 30.352117
0.087485 30.352758
0.088561 30.353447
0.089637 30.354181
0.090713 30.354959
0.091789 30.355778
0.092865 30.356636
0.093941 30.357529
0.095018 30.358456
0.096094 30.359412
0.097170 30.360395
0.098246 30.361402
0.099322 30.362428
0.100398 30.363470
0.101474 30.364524
0.102550 30.365587
0.103626 30.366653
0.104703 30.367719
0.105779 30.368780
0.106855 30.369831
0.107931 30.370869
0.109007 30.371887
0.110083 30.372882
0.111159 30.373848
0.112235 30.374780
0.113311 30.375674
0.114388 30.376525
0.115464 30.377328
0.116540 30.378079
0.117616 30.378773
0.118692 30.379406
0.119768 30.379975
0.120844 30.380476
0.121920 30.380905
0.122997 30.381260
0.124073 30.381538
0.125149 30.381739
0.126225 30.381859
0.127301 30.381900

0.127301 30.381900
0.128718 30.381894
0.130135 30.381879
0.131553 30.381852
0.132970 30.381815
0.134387 30.381768
0.135804 30.381711
0.137222 30.381644
0.138639 30.381567
0.140056 30.381481
0.141473 30.381386
0.142891 30.381283
0.144308 30.381171
0.145725 30.381052
0.147142 30.380926
0.148560 30.380792
0.149977 30.380653
0.151394 30.380508
0.152811 30.380359
0.154228 30.380205
0.155646 30.380047
0.157063 30.379886
0.158480 30.379722
0.159897 30.379557
0.161315 30.379391
0.162732 30.373855
0.164149 30.358346
0.165566 30.342374
0.166984 30.325955
0.168401 30.309105
0.169818 30.291841
0.171235 30.274179
0.172652 30.256136
0.174070 30.237731
0.175487 30.218980
0.176904 30.199903
0.178321 30.180517
0.179739 30.168374
0.181156 30.168060
0.182573 30.167768
0.183990 30.167500
0.185408 30.167258
0.186825 30.167041
0.188242 30.166852
0.189659 30.166690
0.191077 30.166557
0.192494 30.166453
0.193911 30.166378
0.195328 30.166333
0.196745 30.166318

0.196745 30.166318
0.197506 30.166318
0.198267 30.166318
0.199028 30.166318
0.199789 30.166318
0.200550 30.166318
0.201311 30.166318
0.202072 30.166318
0.202833 30.166318
0.203594 30.166318
0.204355 30.166318
0.205116 30.166318
0.205877 30.166318
0.206638 30.166318
0.207399 30.166318
0.208159 30.166318
0.208920 30.166318
0.209681 30.166318
0.210442 30.166318
0.211203 30.166318
0.211964 30.166318
0.212725 30.166318
0.213486 30.166318
0.214247 30.166318
0.215008 30.166318
0.215769 30.166318
0.216530 30.166318
0.217291 30.166318
0.218052 30.166318
0.218812 30.166318
0.219573 30.166318
0.220334 30.166318
0.221095 30.166318
0.221856 30.166318
0.222617 30.166318
0.223378 30.166318
0.224139 30.166318
0.224900 30.166318
0.225661 30.166318
0.226422 30.166318
0.227183 30.166318
0.227944 30.166318
0.228705 30.166318
0.229465 30.166318
0.230226 30.166318
0.230987 30.166318
0.231748 30.166318
0.232509 30.166318
0.233270 30.166318
0.234031 30.166318

0.234031 30.166318
0.234792 30.166319
0.235553 30.166321
0.236314 30.166324
0.237075 30.166329
0.237836 30.166336
0.238597 30.166344
0.239358 30.166353
0.240119 30.166363
0.240879 30.166375
0.241640 30.166388
0.242401 30.166401
0.243162 30.166416
0.243923 30.166432
0.244684 30.166449
0.245445 30.166467
0.246206 30.166485
0.246967 30.166504
0.247728 30.166523
0.248489 30.166543
0.249250 30.166564
0.250011 30.166585
0.250772 30.166605
0.251532 30.166626
0.252293 30.166647
0.253054 30.166668
0.253815 30.166689
0.254576 30.166710
0.255337 30.166730
0.256098 30.166750
0.256859 30.166770
0.257620 30.166788
0.258381 30.166807
0.259142 30.166824
0.259903 30.166841
0.260664 30.166857
0.261425 30.166873
0.262186 30.166887
0.262946 30.166900
0.263707 30.166913
0.264468 30.166924
0.265229 30.166934
0.265990 30.166943
0.266751 30.166951
0.267512 30.166958
0.268273 30.166963
0.269034 30.166968
0.269795 30.166971
0.270556 30.166973
0.271317 30.166973

0.271317 30.166973
0.272393 30.166969
0.273469 30.166957
0.274545 30.166938
0.275621 30.166911
0.276697 30.166877
0.277773 30.166837
0.278849 30.166791
0.279926 30.166740
0.281002 30.166685
0.282078 30.166627
0.283154 30.166567
0.284230 30.166505
0.285306 30.166443
0.286382 30.166382
0.287459 30.166322
0.288535 30.166264
0.289611 30.166209
0.290687 30.166157
0.291763 30.166110
0.292839 30.166068
0.293915 30.166030
0.294991 30.165998
0.296067 30.165972
0.297144 30.165951
0.298220 30.165936
0.299296 30.165926
0.300372 30.165922
0.301448 30.165923
0.302524 30.165929
0.303600 30.165939
0.304676 30.165954
0.305752 30.165972
0.306829 30.165994
0.307905 30.166017
0.308981 30.166043
0.310057 30.166070
0.311133 30.166098
0.312209 30.166127
0.313285 30.166155
0.314361 30.166182
0.315438 30.166208
0.316514 30.166232
0.317590 30.166253
0.318666 30.166272
0.319742 30.166288
0.320818 30.166301
0.321894 30.166310
0.322970 30.166316
0.324047 30.166318


0.000000 30.381900
0.000761 30.381900
0.001522 30.381900
0.002283 30.381900
0.003044 30.381900
0.003805 30.381900
0.004566 30.381900
0.005326 30.381900
0.006087 30.381900
0.006848 30.381900
0.007609 30.381900
0.008370 30.381900
0.009131 30.381900
0.009892 30.381900
0.010653 30.381900
0.011414 30.381900
0.012175 30.381900
0.012936 30.381900
0.013697 30.381900
0.014458 30.381900
0.015219 30.381900
0.015980 30.381900
0.016740 30.381900
0.017501 30.381900
0.018262 30.381900
0.019023 30.381900
0.019784 30.381900
0.020545 30.381900
0.021306 30.381900
0.022067 30.381900
0.022828 30.381900
0.023589 30.381900
0.024350 30.381900
0.025111 30.381900
0.025872 30.381900
0.026633 30.381900
0.027394 30.381900
0.028154 30.381900
0.028915 30.381900
0.029676 30.381901
0.030437 30.381901
0.031198 30.381901
0.031959 30.381901
0.032720 30.381901
0.033481 30.381901
0.034242 30.381901
0.035003 30.381901
0.035764 30.381901
0.036525 30.381901
0.037286 30.381901

0.037286 30.381901
0.038046 30.381864
0.038808 30.381755
0.039568 30.381575
0.040329 30.381323
0.041090 30.381001
0.041851 30.380612
0.042612 30.380156
0.043373 30.379636
0.044134 30.379055
0.044895 30.378415
0.045656 30.377719
0.046417 30.376971
0.047178 30.376175
0.047939 30.375333
0.048700 30.374450
0.049460 30.373530
0.050221 30.372577
0.050982 30.371595
0.051743 30.370588
0.052504 30.369561
0.053265 30.368518
0.054026 30.367464
0.054787 30.366402
0.055548 30.365338
0.056309 30.364275
0.057070 30.363218
0.057831 30.362172
0.058592 30.361139
0.059353 30.360124
0.060114 30.359132
0.060874 30.358166
0.061635 30.357229
0.062396 30.356326
0.063157 30.355459
0.063918 30.354632
0.064679 30.353849
0.065440 30.353111
0.066201 30.352421
0.066962 30.351783
0.067723 30.351199
0.068484 30.350670
0.069245 30.350199
0.070006 30.349787
0.070767 30.349435
0.071527 30.349146
0.072288 30.348920
0.073049 30.348759
0.073810 30.348661
0.074571 30.348629

0.074571 30.348629
0.075647 30.348664
0.076724 30.348770
0.077800 30.348946
0.078876 30.349192
0.079952 30.349505
0.081028 30.349886
0.082104 30.350331
0.083180 30.350840
0.084256 30.351409
0.085332 30.352037
0.086408 30.352720
0.087485 30.353455
0.088561 30.354240
0.089637 30.355070
0.090713 30.355942
0.091789 30.356852
0.092865 30.357797
0.093941 30.358772
0.095018 30.359773
0.096094 30.360795
0.097170 30.361835
0.098246 30.362888
0.099322 30.363950
0.100398 30.365016
0.101474 30.366082
0.102550 30.367143
0.103626 30.368195
0.104703 30.369235
0.105779 30.370257
0.106855 30.371258
0.107931 30.372233
0.109007 30.373179
0.110083 30.374093
0.111159 30.374970
0.112235 30.375807
0.113311 30.376601
0.114388 30.377349
0.115464 30.378048
0.116540 30.378696
0.117616 30.379289
0.118692 30.379826
0.119768 30.380304
0.120844 30.380723
0.121920 30.381080
0.122997 30.381373
0.124073 30.381603
0.125149 30.381768
0.126225 30.381867
0.127301 30.381900

0.127301 30.381900
0.128718 30.381894
0.130135 30.381879
0.131553 30.381852
0.132970 30.381815
0.134387 30.381768
0.135804 30.381711
0.137222 30.381644
0.138639 30.381567
0.140056 30.381481
0.141473 30.381386
0.142891 30.381283
0.144308 30.381171
0.145725 30.381052
0.147142 30.380926
0.148560 30.380792
0.149977 30.380653
0.151394 30.380508
0.152811 30.380359
0.154228 30.380205
0.155646 30.380047
0.157063 30.379886
0.158480 30.379722
0.159897 30.379557
0.161315 30.379391
0.162732 30.379224
0.164149 30.379058
0.165566 30.378893
0.166984 30.378729
0.168401 30.378568
0.169818 30.378409
0.171235 30.378254
0.172652 30.378104
0.174070 30.377958
0.175487 30.377818
0.176904 30.377684
0.178321 30.377557
0.179739 30.377437
0.181156 30.377325
0.182573 30.377220
0.183990 30.377125
0.185408 30.377038
0.186825 30.376960
0.188242 30.376893
0.189659 30.376835
0.191077 30.376787
0.192494 30.376750
0.193911 30.376723
0.195328 30.376707
0.196745 30.376702

0.196745 30.376702
0.197506 30.376670
0.198267 30.376576
0.199028 30.376418
0.199789 30.376199
0.200550 30.375918
0.201311 30.375576
0.202072 30.375175
0.202833 30.374716
0.203594 30.374200
0.204355 30.373629
0.205116 30.373005
0.205877 30.372330
0.206638 30.371606
0.207399 30.370837
0.208159 30.370023
0.208920 30.369170
0.209681 30.368278
0.210442 30.367352
0.211203 30.366395
0.211964 30.365410
0.212725 30.364402
0.213486 30.363373
0.214247 30.362329
0.215008 30.361272
0.215769 30.360207
0.216530 30.359139
0.217291 30.358072
0.218052 30.357010
0.218812 30.355957
0.219573 30.354919
0.220334 30.353900
0.221095 30.352904
0.221856 30.351936
0.222617 30.351000
0.223378 30.350100
0.224139 30.349242
0.224900 30.348428
0.225661 30.347664
0.226422 30.346952
0.227183 30.346296
0.227944 30.345700
0.228705 30.345166
0.229465 30.344698
0.230226 30.344298
0.230987 30.343967
0.231748 30.343709
0.232509 30.343523
0.233270 30.343411
0.234031 30.343373

0.234031 30.343373
0.234792 30.343365
0.235553 30.343340
0.236314 30.343298
0.237075 30.343240
0.237836 30.343165
0.238597 30.343075
0.239358 30.342969
0.240119 30.342848
0.240879 30.342712
0.241640 30.342563
0.242401 30.342399
0.243162 30.342224
0.243923 30.342036
0.244684 30.341837
0.245445 30.341628
0.246206 30.341409
0.246967 30.341181
0.247728 30.340946
0.248489 30.340704
0.249250 30.340457
0.250011 30.340205
0.250772 30.339949
0.251532 30.339690
0.252293 30.339431
0.253054 30.339170
0.253815 30.338911
0.254576 30.338653
0.255337 30.338397
0.256098 30.338146
0.256859 30.337899
0.257620 30.337659
0.258381 30.337425
0.259142 30.337199
0.259903 30.336981
0.260664 30.336773
0.261425 30.336576
0.262186 30.336390
0.262946 30.336215
0.263707 30.336054
0.264468 30.335906
0.265229 30.335771
0.265990 30.335652
0.266751 30.335547
0.267512 30.335457
0.268273 30.335384
0.269034 30.335326
0.269795 30.335285
0.270556 30.335260
0.271317 30.335252

0.271317 30.335252
0.272393 30.335298
0.273469 30.335435
0.274545 30.335664
0.275621 30.335982
0.276697 30.336388
0.277773 30.336881
0.278849 30.337456
0.279926 30.338113
0.281002 30.338846
0.282078 30.339653
0.283154 30.340529
0.284230 30.341470
0.285306 30.342472
0.286382 30.343530
0.287459 30.344639
0.288535 30.345793
0.289611 30.346988
0.290687 30.348218
0.291763 30.349478
0.292839 30.350762
0.293915 30.352065
0.294991 30.353381
0.296067 30.354705
0.297144 30.356031
0.298220 30.357353
0.299296 30.358668
0.300372 30.359969
0.301448 30.361251
0.302524 30.362509
0.303600 30.363739
0.304676 30.364936
0.305752 30.366095
0.306829 30.367212
0.307905 30.368284
0.308981 30.369305
0.310057 30.370272
0.311133 30.371183
0.312209 30.372033
0.313285 30.372819
0.314361 30.373539
0.315438 30.374190
0.316514 30.374771
0.317590 30.375278
0.318666 30.375710
0.319742 30.376065
0.320818 30.376343
0.321894 30.376542
0.322970 30.376662
0.324047 30.376702


0.000000 30.575470
0.000761 30.575491
0.001522 30.575554
0.002283 30.575659
0.003044 30.575804
0.003805 30.575990
0.004566 30.576214
0.005326 30.576476
0.006087 30.576774
0.006848 30.577106
0.007609 30.577471
0.008370 30.577866
0.009131 30.578289
0.009892 30.578738
0.010653 30.579210
0.011414 30.579703
0.012175 30.580214
0.012936 30.580742
0.013697 30.581282
0.014458 30.581834
0.015219 30.582393
0.015980 30.582959
0.016740 30.583527
0.017501 30.584097
0.018262 30.584665
0.019023 30.585229
0.019784 30.585787
0.020545 30.586337
0.021306 30.586877
0.022067 30.587404
0.022828 30.587918
0.023589 30.588415
0.024350 30.588896
0.025111 30.589357
0.025872 30.589797
0.026633 30.590216
0.027394 30.590611
0.028154 30.590982
0.028915 30.591327
0.029676 30.591646
0.030437 30.591937
0.031198 30.592199
0.031959 30.592433
0.032720 30.592637
0.033481 30.592810
0.034242 30.592952
0.035003 30.593063
0.035764 30.593143
0.036525 30.593191
0.037286 30.593207

0.037286 30.593207
0.038046 30.593227
0.038808 30.593288
0.039568 30.593388
0.040329 30.593528
0.041090 30.593706
0.041851 30.593922
0.042612 30.594173
0.043373 30.594460
0.044134 30.594780
0.044895 30.595131
0.045656 30.595511
0.046417 30.595919
0.047178 30.596352
0.047939 30.596807
0.048700 30.597284
0.049460 30.597778
0.050221 30.598288
0.050982 30.598812
0.051743 30.599346
0.052504 30.599889
0.053265 30.600437
0.054026 30.600990
0.054787 30.601543
0.055548 30.602096
0.056309 30.602645
0.057070 30.603188
0.057831 30.603724
0.058592 30.604251
0.059353 30.604766
0.060114 30.605267
0.060874 30.605754
0.061635 30.606223
0.062396 30.606674
0.063157 30.607106
0.063918 30.607516
0.064679 30.607903
0.065440 30.608266
0.066201 30.608605
0.066962 30.608917
0.067723 30.609203
0.068484 30.609461
0.069245 30.609690
0.070006 30.609890
0.070767 30.610060
0.071527 30.610200
0.072288 30.610309
0.073049 30.610387
0.073810 30.610434
0.074571 30.610450

0.074571 30.610450
0.075647 30.610418
0.076724 30.610324
0.077800 30.610168
0.078876 30.609950
0.079952 30.609670
0.081028 30.609329
0.082104 30.608929
0.083180 30.608471
0.084256 30.607955
0.085332 30.607383
0.086408 30.606758
0.087485 30.606080
0.088561 30.605352
0.089637 30.604576
0.090713 30.603754
0.091789 30.602889
0.092865 30.601984
0.093941 30.601041
0.095018 30.600064
0.096094 30.599055
0.097170 30.598019
0.098246 30.596959
0.099322 30.595878
0.100398 30.594782
0.101474 30.593672
0.102550 30.592555
0.103626 30.591435
0.104703 30.590315
0.105779 30.589201
0.106855 30.588098
0.107931 30.587010
0.109007 30.585942
0.110083 30.584900
0.111159 30.583888
0.112235 30.582911
0.113311 30.581976
0.114388 30.581085
0.115464 30.580245
0.116540 30.579460
0.117616 30.578735
0.118692 30.578073
0.119768 30.577479
0.120844 30.576956
0.121920 30.576508
0.122997 30.576138
0.124073 30.575847
0.125149 30.575638
0.126225 30.575512
0.127301 30.575470

0.127301 30.575470
0.128718 30.575130
0.130135 30.574109
0.131553 30.572410
0.132970 30.570033
0.134387 30.566982
0.135804 30.563258
0.137222 30.558867
0.138639 30.553812
0.140056 30.548099
0.141473 30.541734
0.142891 30.534723
0.144308 30.527073
0.145725 30.518792
0.147142 30.509889
0.148560 30.500372
0.149977 30.490252
0.151394 30.479537
0.152811 30.468240
0.154228 30.456371
0.155646 30.443942
0.157063 30.430966
0.158480 30.417456
0.159897 30.403424
0.161315 30.388886
0.162732 30.379224
0.164149 30.379058
0.165566 30.378893
0.166984 30.378729
0.168401 30.378568
0.169818 30.378409
0.171235 30.378254
0.172652 30.378104
0.174070 30.377958
0.175487 30.377818
0.176904 30.377684
0.178321 30.377557
0.179739 30.377437
0.181156 30.377325
0.182573 30.377220
0.183990 30.377125
0.185408 30.377038
0.186825 30.376960
0.188242 30.376893
0.189659 30.376835
0.191077 30.376787
0.192494 30.376750
0.193911 30.376723
0.195328 30.376707
0.196745 30.376702

0.196745 30.376702
0.197506 30.376693
0.198267 30.376668
0.199028 30.376626
0.199789 30.376568
0.200550 30.376493
0.201311 30.376403
0.202072 30.376297
0.202833 30.376176
0.203594 30.376040
0.204355 30.375890
0.205116 30.375727
0.205877 30.375551
0.206638 30.375364
0.207399 30.375164
0.208159 30.374955
0.208920 30.374736
0.209681 30.374508
0.210442 30.374273
0.211203 30.374031
0.211964 30.373784
0.212725 30.373531
0.213486 30.373276
0.214247 30.373017
0.215008 30.372757
0.215769 30.372497
0.216530 30.372237
0.217291 30.371979
0.218052 30.371724
0.218812 30.371472
0.219573 30.371226
0.220334 30.370985
0.221095 30.370751
0.221856 30.370525
0.222617 30.370307
0.223378 30.370099
0.224139 30.369902
0.224900 30.369716
0.225661 30.369542
0.226422 30.369380
0.227183 30.369232
0.227944 30.369098
0.228705 30.368978
0.229465 30.368873
0.230226 30.368784
0.230987 30.368710
0.231748 30.368652
0.232509 30.368611
0.233270 30.368586
0.234031 30.368578

0.234031 30.368578
0.234792 30.368546
0.235553 30.368452
0.236314 30.368296
0.237075 30.368078
0.237836 30.367798
0.238597 30.367458
0.239358 30.367059
0.240119 30.366603
0.240879 30.366089
0.241640 30.365521
0.242401 30.364900
0.243162 30.364229
0.243923 30.363508
0.244684 30.362742
0.245445 30.361932
0.246206 30.361081
0.246967 30.360193
0.247728 30.359270
0.248489 30.358315
0.249250 30.357333
0.250011 30.356327
0.250772 30.355300
0.251532 30.354257
0.252293 30.353202
0.253054 30.352138
0.253815 30.351070
0.254576 30.350003
0.255337 30.348940
0.256098 30.347887
0.256859 30.346847
0.257620 30.345826
0.258381 30.344828
0.259142 30.343857
0.259903 30.342918
0.260664 30.342016
0.261425 30.341154
0.262186 30.340337
0.262946 30.339568
0.263707 30.338853
0.264468 30.338194
0.265229 30.337594
0.265990 30.337057
0.266751 30.336586
0.267512 30.336183
0.268273 30.335850
0.269034 30.335589
0.269795 30.335402
0.270556 30.335289
0.271317 30.335252

0.271317 30.335252
0.272393 30.335298
0.273469 30.335435
0.274545 30.335664
0.275621 30.335982
0.276697 30.336388
0.277773 30.336881
0.278849 30.337456
0.279926 30.338113
0.281002 30.338846
0.282078 30.339653
0.283154 30.340529
0.284230 30.341470
0.285306 30.342472
0.286382 30.343530
0.287459 30.344639
0.288535 30.345793
0.289611 30.346988
0.290687 30.348218
0.291763 30.349478
0.292839 30.350762
0.293915 30.352065
0.294991 30.353381
0.296067 30.354705
0.297144 30.356031
0.298220 30.357353
0.299296 30.358668
0.300372 30.359969
0.301448 30.361251
0.302524 30.362509
0.303600 30.363739
0.304676 30.364936
0.305752 30.366095
0.306829 30.367212
0.307905 30.368284
0.308981 30.369305
0.310057 30.370272
0.311133 30.371183
0.312209 30.372033
0.313285 30.372819
0.314361 30.373539
0.315438 30.374190
0.316514 30.374771
0.317590 30.375278
0.318666 30.375710
0.319742 30.376065
0.320818 30.376343
0.321894 30.376542
0.322970 30.376662
0.324047 30.376702


0.000000 31.582719
0.000761 31.582721
0.001522 31.582729
0.002283 31.582743
0.003044 31.582761
0.003805 31.582785
0.004566 31.582813
0.005326 31.582846
0.006087 31.582883
0.006848 31.582924
0.007609 31.582969
0.008370 31.583016
0.009131 31.583066
0.009892 31.583118
0.010653 31.583172
0.011414 31.583227
0.012175 31.583282
0.012936 31.583338
0.013697 31.583393
0.014458 31.583447
0.015219 31.583500
0.015980 31.583551
0.016740 31.583601
0.017501 31.583648
0.018262 31.583693
0.019023 31.583736
0.019784 31.583776
0.020545 31.583814
0.021306 31.583849
0.022067 31.583882
0.022828 31.583912
0.023589 31.583940
0.024350 31.583966
0.025111 31.583989
0.025872 31.584011
0.026633 31.584031
0.027394 31.584049
0.028154 31.584065
0.028915 31.584079
0.029676 31.584092
0.030437 31.584104
0.031198 31.584114
0.031959 31.584122
0.032720 31.584130
0.033481 31.584136
0.034242 31.584141
0.035003 31.584145
0.035764 31.584148
0.036525 31.584149
0.037286 31.584150

0.037286 31.584150
0.038046 31.584154
0.038808 31.584165
0.039568 31.584184
0.040329 31.584210
0.041090 31.584243
0.041851 31.584284
0.042612 31.584331
0.043373 31.584386
0.044134 31.584446
0.044895 31.584514
0.045656 31.584587
0.046417 31.584666
0.047178 31.584750
0.047939 31.584839
0.048700 31.584933
0.049460 31.585032
0.050221 31.585134
0.050982 31.585240
0.051743 31.585348
0.052504 31.585460
0.053265 31.585573
0.054026 31.585688
0.054787 31.585805
0.055548 31.585922
0.056309 31.586039
0.057070 31.586156
0.057831 31.586272
0.058592 31.586388
0.059353 31.586501
0.060114 31.586612
0.060874 31.586721
0.061635 31.586827
0.062396 31.586929
0.063157 31.587027
0.063918 31.587121
0.064679 31.587210
0.065440 31.587294
0.066201 31.587373
0.066962 31.587446
0.067723 31.587513
0.068484 31.587574
0.069245 31.587628
0.070006 31.587676
0.070767 31.587716
0.071527 31.587749
0.072288 31.587776
0.073049 31.587794
0.073810 31.587805
0.074571 31.587809

0.074571 31.587809
0.075647 31.587804
0.076724 31.587789
0.077800 31.587764
0.078876 31.587729
0.079952 31.587684
0.081028 31.587630
0.082104 31.587566
0.083180 31.587492
0.084256 31.587410
0.085332 31.587320
0.086408 31.587221
0.087485 31.587114
0.088561 31.587000
0.089637 31.586878
0.090713 31.586750
0.091789 31.586616
0.092865 31.586476
0.093941 31.586332
0.095018 31.586183
0.096094 31.586029
0.097170 31.585873
0.098246 31.585714
0.099322 31.585553
0.100398 31.585390
0.101474 31.585227
0.102550 31.585064
0.103626 31.584902
0.104703 31.584740
0.105779 31.584581
0.106855 31.584425
0.107931 31.584271
0.109007 31.584122
0.110083 31.583977
0.111159 31.583838
0.112235 31.583705
0.113311 31.583577
0.114388 31.583457
0.115464 31.583345
0.116540 31.583240
0.117616 31.583144
0.118692 31.583057
0.119768 31.582979
0.120844 31.582911
0.121920 31.582853
0.122997 31.582805
0.124073 31.582767
0.125149 31.582740
0.126225 31.582724
0.127301 31.582719

0.127301 31.582719
0.128718 31.582717
0.130135 31.582713
0.131553 31.582705
0.132970 31.582695
0.134387 31.582682
0.135804 31.582667
0.137222 31.582649
0.138639 31.582628
0.140056 31.582605
0.141473 31.582579
0.142891 31.582552
0.144308 31.582522
0.145725 31.582491
0.147142 31.582458
0.148560 31.582423
0.149977 31.582388
0.151394 31.582351
0.152811 31.582314
0.154228 31.582276
0.155646 31.582238
0.157063 31.582200
0.158480 31.582162
0.159897 31.582124
0.161315 31.582087
0.162732 31.582051
0.164149 31.582016
0.165566 31.581982
0.166984 31.581950
0.168401 31.581920
0.169818 31.581893
0.171235 31.581867
0.172652 31.581844
0.174070 31.581824
0.175487 31.581807
0.176904 31.581793
0.178321 31.581782
0.179739 31.581775
0.181156 31.581772
0.182573 31.581772
0.183990 31.581777
0.185408 31.581786
0.186825 31.581798
0.188242 31.581815
0.189659 31.581837
0.191077 31.581863
0.192494 31.581893
0.193911 31.581928
0.195328 31.581967
0.196745 31.582011

0.196745 31.582011
0.197506 31.582011
0.198267 31.582011
0.199028 31.582011
0.199789 31.582011
0.200550 31.582011
0.201311 31.582011
0.202072 31.582011
0.202833 31.582011
0.203594 31.582011
0.204355 31.582011
0.205116 31.582011
0.205877 31.582011
0.206638 31.582011
0.207399 31.582011
0.208159 31.582011
0.208920 31.582011
0.209681 31.582011
0.210442 31.582011
0.211203 31.582011
0.211964 31.582011
0.212725 31.582011
0.213486 31.582011
0.214247 31.582011
0.215008 31.582011
0.215769 31.582011
0.216530 31.582011
0.217291 31.582011
0.218052 31.582011
0.218812 31.582011
0.219573 31.582011
0.220334 31.582011
0.221095 31.582011
0.221856 31.582011
0.222617 31.582011
0.223378 31.582011
0.224139 31.582011
0.224900 31.582011
0.225661 31.582011
0.226422 31.582011
0.227183 31.582011
0.227944 31.582011
0.228705 31.582011
0.229465 31.582011
0.230226 31.582011
0.230987 31.582011
0.231748 31.582011
0.232509 31.582011
0.233270 31.582011
0.234031 31.582011

0.234031 31.582011
0.234792 31.582019
0.235553 31.582045
0.236314 31.582089
0.237075 31.582149
0.237836 31.582227
0.238597 31.582320
0.239358 31.582430
0.240119 31.582556
0.240879 31.582697
0.241640 31.582852
0.242401 31.583021
0.243162 31.583204
0.243923 31.583399
0.244684 31.583605
0.245445 31.583823
0.246206 31.584050
0.246967 31.584286
0.247728 31.584530
0.248489 31.584781
0.249250 31.585038
0.250011 31.585300
0.250772 31.585565
0.251532 31.585833
0.252293 31.586103
0.253054 31.586373
0.253815 31.586643
0.254576 31.586911
0.255337 31.587176
0.256098 31.587437
0.256859 31.587693
0.257620 31.587942
0.258381 31.588185
0.259142 31.588420
0.259903 31.588646
0.260664 31.588862
0.261425 31.589067
0.262186 31.589260
0.262946 31.589441
0.263707 31.589608
0.264468 31.589762
0.265229 31.589902
0.265990 31.590026
0.266751 31.590135
0.267512 31.590228
0.268273 31.590304
0.269034 31.590364
0.269795 31.590407
0.270556 31.590433
0.271317 31.590441

0.271317 31.590441
0.272393 31.590433
0.273469 31.590407
0.274545 31.590365
0.275621 31.590306
0.276697 31.590231
0.277773 31.590139
0.278849 31.590031
0.279926 31.589909
0.281002 31.589771
0.282078 31.589619
0.283154 31.589453
0.284230 31.589274
0.285306 31.589082
0.286382 31.588879
0.287459 31.588665
0.288535 31.588441
0.289611 31.588208
0.290687 31.587967
0.291763 31.587718
0.292839 31.587463
0.293915 31.587203
0.294991 31.586939
0.296067 31.586672
0.297144 31.586402
0.298220 31.586132
0.299296 31.585862
0.300372 31.585594
0.301448 31.585327
0.302524 31.585065
0.303600 31.584807
0.304676 31.584554
0.305752 31.584309
0.306829 31.584071
0.307905 31.583842
0.308981 31.583623
0.310057 31.583415
0.311133 31.583218
0.312209 31.583034
0.313285 31.582863
0.314361 31.582706
0.315438 31.582563
0.316514 31.582436
0.317590 31.582325
0.318666 31.582230
0.319742 31.582151
0.320818 31.582090
0.321894 31.582046
0.322970 31.582019
0.324047 31.582011


0.000000 31.585581
0.000761 31.585582
0.001522 31.585586
0.002283 31.585592
0.003044 31.585601
0.003805 31.585612
0.004566 31.585626
0.005326 31.585643
0.006087 31.585663
0.006848 31.585685
0.007609 31.585711
0.008370 31.585741
0.009131 31.585773
0.009892 31.585810
0.010653 31.585850
0.011414 31.585893
0.012175 31.585941
0.012936 31.585993
0.013697 31.586049
0.014458 31.586108
0.015219 31.586172
0.015980 31.586240
0.016740 31.586311
0.017501 31.586385
0.018262 31.586463
0.019023 31.586543
0.019784 31.586625
0.020545 31.586710
0.021306 31.586795
0.022067 31.586881
0.022828 31.586967
0.023589 31.587053
0.024350 31.587138
0.025111 31.587222
0.025872 31.587303
0.026633 31.587382
0.027394 31.587458
0.028154 31.587530
0.028915 31.587598
0.029676 31.587661
0.030437 31.587720
0.031198 31.587774
0.031959 31.587822
0.032720 31.587864
0.033481 31.587900
0.034242 31.587930
0.035003 31.587954
0.035764 31.587970
0.036525 31.587981
0.037286 31.587984

0.037286 31.587984
0.038046 31.587984
0.038808 31.587983
0.039568 31.587982
0.040329 31.587981
0.041090 31.587979
0.041851 31.587977
0.042612 31.587975
0.043373 31.587972
0.044134 31.587969
0.044895 31.587966
0.045656 31.587963
0.046417 31.587959
0.047178 31.587955
0.047939 31.587950
0.048700 31.587946
0.049460 31.587941
0.050221 31.587936
0.050982 31.587931
0.051743 31.587926
0.052504 31.587920
0.053265 31.587915
0.054026 31.587910
0.054787 31.587904
0.055548 31.587898
0.056309 31.587893
0.057070 31.587887
0.057831 31.587882
0.058592 31.587876
0.059353 31.587871
0.060114 31.587866
0.060874 31.587860
0.061635 31.587855
0.062396 31.587851
0.063157 31.587846
0.063918 31.587842
0.064679 31.587837
0.065440 31.587833
0.066201 31.587830
0.066962 31.587826
0.067723 31.587823
0.068484 31.587820
0.069245 31.587818
0.070006 31.587815
0.070767 31.587814
0.071527 31.587812
0.072288 31.587811
0.073049 31.587810
0.073810 31.587809
0.074571 31.587809

0.074571 31.587809
0.075647 31.587807
0.076724 31.587801
0.077800 31.587790
0.078876 31.587776
0.079952 31.587757
0.081028 31.587734
0.082104 31.587707
0.083180 31.587676
0.084256 31.587642
0.085332 31.587603
0.086408 31.587561
0.087485 31.587516
0.088561 31.587468
0.089637 31.587416
0.090713 31.587361
0.091789 31.587304
0.092865 31.587244
0.093941 31.587182
0.095018 31.587118
0.096094 31.587052
0.097170 31.586984
0.098246 31.586915
0.099322 31.586845
0.100398 31.586774
0.101474 31.586703
0.102550 31.586631
0.103626 31.586559
0.104703 31.586488
0.105779 31.586418
0.106855 31.586349
0.107931 31.586280
0.109007 31.586214
0.110083 31.586149
0.111159 31.586087
0.112235 31.586027
0.113311 31.585970
0.114388 31.585916
0.115464 31.585865
0.116540 31.585818
0.117616 31.585774
0.118692 31.585735
0.119768 31.585699
0.120844 31.585668
0.121920 31.585642
0.122997 31.585620
0.124073 31.585603
0.125149 31.585590
0.126225 31.585583
0.127301 31.585581

0.127301 31.585581
0.128718 31.585578
0.130135 31.585569
0.131553 31.585554
0.132970 31.585534
0.134387 31.585508
0.135804 31.585476
0.137222 31.585439
0.138639 31.585396
0.140056 31.585348
0.141473 31.585295
0.142891 31.585237
0.144308 31.585175
0.145725 31.585107
0.147142 31.585036
0.148560 31.584960
0.149977 31.584881
0.151394 31.584798
0.152811 31.584712
0.154228 31.584623
0.155646 31.584531
0.157063 31.584436
0.158480 31.584340
0.159897 31.584242
0.161315 31.584142
0.162732 31.584041
0.164149 31.583939
0.165566 31.583836
0.166984 31.583734
0.168401 31.583631
0.169818 31.583529
0.171235 31.583427
0.172652 31.583327
0.174070 31.583227
0.175487 31.583130
0.176904 31.583034
0.178321 31.582940
0.179739 31.582848
0.181156 31.582760
0.182573 31.582674
0.183990 31.582591
0.185408 31.582511
0.186825 31.582435
0.188242 31.582362
0.189659 31.582293
0.191077 31.582228
0.192494 31.582168
0.193911 31.582111
0.195328 31.582059
0.196745 31.582011

0.196745 31.582011
0.197506 31.582019
0.198267 31.582046
0.199028 31.582090
0.199789 31.582151
0.200550 31.582230
0.201311 31.582325
0.202072 31.582436
0.202833 31.582564
0.203594 31.582706
0.204355 31.582864
0.205116 31.583035
0.205877 31.583220
0.206638 31.583418
0.207399 31.583627
0.208159 31.583848
0.208920 31.584078
0.209681 31.584317
0.210442 31.584565
0.211203 31.584819
0.211964 31.585080
0.212725 31.585345
0.213486 31.585614
0.214247 31.585886
0.215008 31.586160
0.215769 31.586434
0.216530 31.586707
0.217291 31.586978
0.218052 31.587247
0.218812 31.587511
0.219573 31.587771
0.220334 31.588024
0.221095 31.588270
0.221856 31.588508
0.222617 31.588737
0.223378 31.588956
0.224139 31.589164
0.224900 31.589360
0.225661 31.589543
0.226422 31.589713
0.227183 31.589869
0.227944 31.590010
0.228705 31.590136
0.229465 31.590246
0.230226 31.590341
0.230987 31.590418
0.231748 31.590479
0.232509 31.590522
0.233270 31.590548
0.234031 31.590557

0.234031 31.590557
0.234792 31.590557
0.235553 31.590556
0.236314 31.590556
0.237075 31.590555
0.237836 31.590554
0.238597 31.590553
0.239358 31.590551
0.240119 31.590549
0.240879 31.590548
0.241640 31.590545
0.242401 31.590543
0.243162 31.590541
0.243923 31.590538
0.244684 31.590535
0.245445 31.590532
0.246206 31.590529
0.246967 31.590526
0.247728 31.590522
0.248489 31.590519
0.249250 31.590515
0.250011 31.590512
0.250772 31.590508
0.251532 31.590505
0.252293 31.590501
0.253054 31.590497
0.253815 31.590493
0.254576 31.590490
0.255337 31.590486
0.256098 31.590482
0.256859 31.590479
0.257620 31.590476
0.258381 31.590472
0.259142 31.590469
0.259903 31.590466
0.260664 31.590463
0.261425 31.590460
0.262186 31.590457
0.262946 31.590455
0.263707 31.590453
0.264468 31.590451
0.265229 31.590449
0.265990 31.590447
0.266751 31.590445
0.267512 31.590444
0.268273 31.590443
0.269034 31.590442
0.269795 31.590442
0.270556 31.590441
0.271317 31.590441

0.271317 31.590441
0.272393 31.590433
0.273469 31.590407
0.274545 31.590365
0.275621 31.590306
0.276697 31.590231
0.277773 31.590139
0.278849 31.590031
0.279926 31.589909
0.281002 31.589771
0.282078 31.589619
0.283154 31.589453
0.284230 31.589274
0.285306 31.589082
0.286382 31.588879
0.287459 31.588665
0.288535 31.588441
0.289611 31.588208
0.290687 31.587967
0.291763 31.587718
0.292839 31.587463
0.293915 31.587203
0.294991 31.586939
0.296067 31.586672
0.297144 31.586402
0.298220 31.586132
0.299296 31.585862
0.300372 31.585594
0.301448 31.585327
0.302524 31.585065
0.303600 31.584807
0.304676 31.584554
0.305752 31.584309
0.306829 31.584071
0.307905 31.583842
0.308981 31.583623
0.310057 31.583415
0.311133 31.583218
0.312209 31.583034
0.313285 31.582863
0.314361 31.582706
0.315438 31.582563
0.316514 31.582436
0.317590 31.582325
0.318666 31.582230
0.319742 31.582151
0.320818 31.582090
0.321894 31.582046
0.322970 31.582019
0.324047 31.582011


0.000000 33.880055
0.000761 33.880055
0.001522 33.880055
0.002283 33.880055
0.003044 33.880055
0.003805 33.880054
0.004566 33.880054
0.005326 33.880054
0.006087 33.880054
0.006848 33.880054
0.007609 33.880053
0.008370 33.880053
0.009131 33.880053
0.009892 33.880052
0.010653 33.880052
0.011414 33.880052
0.012175 33.880051
0.012936 33.880051
0.013697 33.880050
0.014458 33.880050
0.015219 33.880049
0.015980 33.880049
0.016740 33.880048
0.017501 33.880048
0.018262 33.880047
0.019023 33.880047
0.019784 33.880046
0.020545 33.880046
0.021306 33.880046
0.022067 33.880045
0.022828 33.880045
0.023589 33.880044
0.024350 33.880044
0.025111 33.880043
0.025872 33.880043
0.026633 33.880042
0.027394 33.880042
0.028154 33.880042
0.028915 33.880041
0.029676 33.880041
0.030437 33.880041
0.031198 33.880041
0.031959 33.880040
0.032720 33.880040
0.033481 33.880040
0.034242 33.880040
0.035003 33.880040
0.035764 33.880040
0.036525 33.880040
0.037286 33.880040

0.037286 33.880040
0.038046 33.880040
0.038808 33.880040
0.039568 33.880040
0.040329 33.880040
0.041090 33.880040
0.041851 33.880040
0.042612 33.880040
0.043373 33.880040
0.044134 33.880040
0.044895 33.880040
0.045656 33.880039
0.046417 33.880039
0.047178 33.880039
0.047939 33.880039
0.048700 33.880039
0.049460 33.880039
0.050221 33.880039
0.050982 33.880039
0.051743 33.880039
0.052504 33.880039
0.053265 33.880039
0.054026 33.880039
0.054787 33.880039
0.055548 33.880039
0.056309 33.880039
0.057070 33.880039
0.057831 33.880039
0.058592 33.880038
0.059353 33.880038
0.060114 33.880038
0.060874 33.880038
0.061635 33.880038
0.062396 33.880038
0.063157 33.880038
0.063918 33.880038
0.064679 33.880037
0.065440 33.880037
0.066201 33.880037
0.066962 33.880037
0.067723 33.880037
0.068484 33.880037
0.069245 33.880036
0.070006 33.880036
0.070767 33.880036
0.071527 33.880036
0.072288 33.880036
0.073049 33.880036
0.073810 33.880036
0.074571 33.880036

0.074571 33.880036
0.075647 33.880036
0.076724 33.880036
0.077800 33.880036
0.078876 33.880036
0.079952 33.880037
0.081028 33.880037
0.082104 33.880037
0.083180 33.880037
0.084256 33.880038
0.085332 33.880038
0.086408 33.880038
0.087485 33.880039
0.088561 33.880039
0.089637 33.880040
0.090713 33.880040
0.091789 33.880041
0.092865 33.880041
0.093941 33.880042
0.095018 33.880042
0.096094 33.880043
0.097170 33.880043
0.098246 33.880044
0.099322 33.880045
0.100398 33.880045
0.101474 33.880046
0.102550 33.880046
0.103626 33.880047
0.104703 33.880048
0.105779 33.880048
0.106855 33.880049
0.107931 33.880049
0.109007 33.880050
0.110083 33.880050
0.111159 33.880051
0.112235 33.880051
0.113311 33.880052
0.114388 33.880052
0.115464 33.880053
0.116540 33.880053
0.117616 33.880053
0.118692 33.880054
0.119768 33.880054
0.120844 33.880054
0.121920 33.880054
0.122997 33.880055
0.124073 33.880055
0.125149 33.880055
0.126225 33.880055
0.127301 33.880055

0.127301 33.880055
0.128718 33.880057
0.130135 33.880063
0.131553 33.880074
0.132970 33.880088
0.134387 33.880107
0.135804 33.880130
0.137222 33.880157
0.138639 33.880187
0.140056 33.880221
0.141473 33.880259
0.142891 33.880300
0.144308 33.880345
0.145725 33.880392
0.147142 33.880442
0.148560 33.880495
0.149977 33.880550
0.151394 33.880608
0.152811 33.880667
0.154228 33.880728
0.155646 33.880791
0.157063 33.880855
0.158480 33.880919
0.159897 33.880985
0.161315 33.881051
0.162732 33.881117
0.164149 33.881182
0.165566 33.881248
0.166984 33.881312
0.168401 33.881376
0.169818 33.881439
0.171235 33.881500
0.172652 33.881559
0.174070 33.881617
0.175487 33.881672
0.176904 33.881725
0.178321 33.881775
0.179739 33.881822
0.181156 33.881867
0.182573 33.881908
0.183990 33.881945
0.185408 33.881980
0.186825 33.882010
0.188242 33.882037
0.189659 33.882060
0.191077 33.882078
0.192494 33.882093
0.193911 33.882103
0.195328 33.882110
0.196745 33.882112

0.196745 33.882112
0.197506 33.882112
0.198267 33.882112
0.199028 33.882112
0.199789 33.882112
0.200550 33.882112
0.201311 33.882111
0.202072 33.882111
0.202833 33.882111
0.203594 33.882111
0.204355 33.882111
0.205116 33.882111
0.205877 33.882110
0.206638 33.882110
0.207399 33.882110
0.208159 33.882109
0.208920 33.882109
0.209681 33.882109
0.210442 33.882108
0.211203 33.882108
0.211964 33.882108
0.212725 33.882107
0.213486 33.882107
0.214247 33.882107
0.215008 33.882106
0.215769 33.882106
0.216530 33.882106
0.217291 33.882105
0.218052 33.882105
0.218812 33.882105
0.219573 33.882104
0.220334 33.882104
0.221095 33.882104
0.221856 33.882103
0.222617 33.882103
0.223378 33.882103
0.224139 33.882102
0.224900 33.882102
0.225661 33.882102
0.226422 33.882102
0.227183 33.882101
0.227944 33.882101
0.228705 33.882101
0.229465 33.882101
0.230226 33.882101
0.230987 33.882101
0.231748 33.882101
0.232509 33.882100
0.233270 33.882100
0.234031 33.882100

0.234031 33.882100
0.234792 33.882100
0.235553 33.882100
0.236314 33.882100
0.237075 33.882100
0.237836 33.882100
0.238597 33.882100
0.239358 33.882100
0.240119 33.882100
0.240879 33.882100
0.241640 33.882100
0.242401 33.882100
0.243162 33.882100
0.243923 33.882100
0.244684 33.882100
0.245445 33.882100
0.246206 33.882100
0.246967 33.882100
0.247728 33.882100
0.248489 33.882100
0.249250 33.882100
0.250011 33.882100
0.250772 33.882100
0.251532 33.882100
0.252293 33.882100
0.253054 33.882100
0.253815 33.882100
0.254576 33.882100
0.255337 33.882100
0.256098 33.882100
0.256859 33.882100
0.257620 33.882100
0.258381 33.882100
0.259142 33.882100
0.259903 33.882100
0.260664 33.882100
0.261425 33.882100
0.262186 33.882100
0.262946 33.882100
0.263707 33.882100
0.264468 33.882100
0.265229 33.882100
0.265990 33.882100
0.266751 33.882100
0.267512 33.882100
0.268273 33.882100
0.269034 33.882100
0.269795 33.882100
0.270556 33.882100
0.271317 33.882100

0.271317 33.882100
0.272393 33.882100
0.273469 33.882100
0.274545 33.882101
0.275621 33.882101
0.276697 33.882101
0.277773 33.882101
0.278849 33.882101
0.279926 33.882101
0.281002 33.882101
0.282078 33.882101
0.283154 33.882102
0.284230 33.882102
0.285306 33.882102
0.286382 33.882102
0.287459 33.882103
0.288535 33.882103
0.289611 33.882103
0.290687 33.882104
0.291763 33.882104
0.292839 33.882104
0.293915 33.882105
0.294991 33.882105
0.296067 33.882105
0.297144 33.882106
0.298220 33.882106
0.299296 33.882106
0.300372 33.882107
0.301448 33.882107
0.302524 33.882107
0.303600 33.882108
0.304676 33.882108
0.305752 33.882109
0.306829 33.882109
0.307905 33.882109
0.308981 33.882109
0.310057 33.882110
0.311133 33.882110
0.312209 33.882110
0.313285 33.882111
0.314361 33.882111
0.315438 33.882111
0.316514 33.882111
0.317590 33.882111
0.318666 33.882112
0.319742 33.882112
0.320818 33.882112
0.321894 33.882112
0.322970 33.882112
0.324047 33.882112


0.000000 33.880055
0.000761 33.880055
0.001522 33.880055
0.002283 33.880055
0.003044 33.880055
0.003805 33.880055
0.004566 33.880055
0.005326 33.880055
0.006087 33.880055
0.006848 33.880055
0.007609 33.880055
0.008370 33.880055
0.009131 33.880055
0.009892 33.880055
0.010653 33.880055
0.011414 33.880055
0.012175 33.880055
0.012936 33.880055
0.013697 33.880055
0.014458 33.880055
0.015219 33.880055
0.015980 33.880055
0.016740 33.880055
0.017501 33.880055
0.018262 33.880055
0.019023 33.880055
0.019784 33.880055
0.020545 33.880055
0.021306 33.880055
0.022067 33.880055
0.022828 33.880055
0.023589 33.880055
0.024350 33.880055
0.025111 33.880055
0.025872 33.880055
0.026633 33.880055
0.027394 33.880055
0.028154 33.880055
0.028915 33.880055
0.029676 33.880055
0.030437 33.880055
0.031198 33.880055
0.031959 33.880055
0.032720 33.880055
0.033481 33.880055
0.034242 33.880055
0.035003 33.880055
0.035764 33.880055
0.036525 33.880055
0.037286 33.880055

0.037286 33.880055
0.038046 33.880055
0.038808 33.880055
0.039568 33.880055
0.040329 33.880055
0.041090 33.880054
0.041851 33.880054
0.042612 33.880054
0.043373 33.880054
0.044134 33.880054
0.044895 33.880053
0.045656 33.880053
0.046417 33.880053
0.047178 33.880052
0.047939 33.880052
0.048700 33.880052
0.049460 33.880051
0.050221 33.880051
0.050982 33.880051
0.051743 33.880050
0.052504 33.880050
0.053265 33.880049
0.054026 33.880049
0.054787 33.880049
0.055548 33.880048
0.056309 33.880048
0.057070 33.880047
0.057831 33.880047
0.058592 33.880047
0.059353 33.880046
0.060114 33.880046
0.060874 33.880046
0.061635 33.880045
0.062396 33.880045
0.063157 33.880045
0.063918 33.880045
0.064679 33.880044
0.065440 33.880044
0.066201 33.880044
0.066962 33.880044
0.067723 33.880044
0.068484 33.880044
0.069245 33.880043
0.070006 33.880043
0.070767 33.880043
0.071527 33.880043
0.072288 33.880043
0.073049 33.880043
0.073810 33.880043
0.074571 33.880043

0.074571 33.880043
0.075647 33.880043
0.076724 33.880043
0.077800 33.880043
0.078876 33.880043
0.079952 33.880043
0.081028 33.880044
0.082104 33.880044
0.083180 33.880044
0.084256 33.880044
0.085332 33.880044
0.086408 33.880045
0.087485 33.880045
0.088561 33.880045
0.089637 33.880045
0.090713 33.880046
0.091789 33.880046
0.092865 33.880046
0.093941 33.880047
0.095018 33.880047
0.096094 33.880047
0.097170 33.880048
0.098246 33.880048
0.099322 33.880048
0.100398 33.880049
0.101474 33.880049
0.102550 33.880050
0.103626 33.880050
0.104703 33.880050
0.105779 33.880051
0.106855 33.880051
0.107931 33.880051
0.109007 33.880052
0.110083 33.880052
0.111159 33.880052
0.112235 33.880053
0.113311 33.880053
0.114388 33.880053
0.115464 33.880053
0.116540 33.880054
0.117616 33.880054
0.118692 33.880054
0.119768 33.880054
0.120844 33.880054
0.121920 33.880055
0.122997 33.880055
0.124073 33.880055
0.125149 33.880055
0.126225 33.880055
0.127301 33.880055

0.127301 33.880055
0.128718 33.880057
0.130135 33.880063
0.131553 33.880074
0.132970 33.880088
0.134387 33.880107
0.135804 33.880130
0.137222 33.880157
0.138639 33.880187
0.140056 33.880221
0.141473 33.880259
0.142891 33.880300
0.144308 33.880345
0.145725 33.880392
0.147142 33.880442
0.148560 33.880495
0.149977 33.880550
0.151394 33.880608
0.152811 33.880667
0.154228 33.880728
0.155646 33.880791
0.157063 33.880855
0.158480 33.880919
0.159897 33.880985
0.161315 33.881051
0.162732 33.881117
0.164149 33.881182
0.165566 33.881248
0.166984 33.881312
0.168401 33.881376
0.169818 33.881439
0.171235 33.881500
0.172652 33.881559
0.174070 33.881617
0.175487 33.881672
0.176904 33.881725
0.178321 33.881775
0.179739 33.881822
0.181156 33.881867
0.182573 33.881908
0.183990 33.881945
0.185408 33.881980
0.186825 33.882010
0.188242 33.882037
0.189659 33.882060
0.191077 33.882078
0.192494 33.882093
0.193911 33.882103
0.195328 33.882110
0.196745 33.882112

0.196745 33.882112
0.197506 33.882112
0.198267 33.882112
0.199028 33.882112
0.199789 33.882112
0.200550 33.882112
0.201311 33.882112
0.202072 33.882112
0.202833 33.882112
0.203594 33.882112
0.204355 33.882112
0.205116 33.882112
0.205877 33.882112
0.206638 33.882112
0.207399 33.882112
0.208159 33.882112
0.208920 33.882112
0.209681 33.882111
0.210442 33.882111
0.211203 33.882111
0.211964 33.882111
0.212725 33.882111
0.213486 33.882111
0.214247 33.882111
0.215008 33.882111
0.215769 33.882111
0.216530 33.882111
0.217291 33.882111
0.218052 33.882111
0.218812 33.882111
0.219573 33.882111
0.220334 33.882111
0.221095 33.882111
0.221856 33.882111
0.222617 33.882111
0.223378 33.882111
0.224139 33.882111
0.224900 33.882111
0.225661 33.882111
0.226422 33.882111
0.227183 33.882111
0.227944 33.882110
0.228705 33.882110
0.229465 33.882110
0.230226 33.882110
0.230987 33.882110
0.231748 33.882110
0.232509 33.882110
0.233270 33.882110
0.234031 33.882110

0.234031 33.882110
0.234792 33.882110
0.235553 33.882110
0.236314 33.882110
0.237075 33.882110
0.237836 33.882110
0.238597 33.882110
0.239358 33.882110
0.240119 33.882110
0.240879 33.882110
0.241640 33.882109
0.242401 33.882109
0.243162 33.882109
0.243923 33.882109
0.244684 33.882109
0.245445 33.882108
0.246206 33.882108
0.246967 33.882108
0.247728 33.882107
0.248489 33.882107
0.249250 33.882107
0.250011 33.882107
0.250772 33.882106
0.251532 33.882106
0.252293 33.882106
0.253054 33.882105
0.253815 33.882105
0.254576 33.882105
0.255337 33.882104
0.256098 33.882104
0.256859 33.882104
0.257620 33.882103
0.258381 33.882103
0.259142 33.882103
0.259903 33.882103
0.260664 33.882102
0.261425 33.882102
0.262186 33.882102
0.262946 33.882102
0.263707 33.882101
0.264468 33.882101
0.265229 33.882101
0.265990 33.882101
0.266751 33.882101
0.267512 33.882101
0.268273 33.882101
0.269034 33.882101
0.269795 33.882100
0.270556 33.882100
0.271317 33.882100

0.271317 33.882100
0.272393 33.882100
0.273469 33.882100
0.274545 33.882101
0.275621 33.882101
0.276697 33.882101
0.277773 33.882101
0.278849 33.882101
0.279926 33.882101
0.281002 33.882101
0.282078 33.882101
0.283154 33.882102
0.284230 33.882102
0.285306 33.882102
0.286382 33.882102
0.287459 33.882103
0.288535 33.882103
0.289611 33.882103
0.290687 33.882104
0.291763 33.882104
0.292839 33.882104
0.293915 33.882105
0.294991 33.882105
0.296067 33.882105
0.297144 33.882106
0.298220 33.882106
0.299296 33.882106
0.300372 33.882107
0.301448 33.882107
0.302524 33.882107
0.303600 33.882108
0.304676 33.882108
0.305752 33.882109
0.306829 33.882109
0.307905 33.882109
0.308981 33.882109
0.310057 33.882110
0.311133 33.882110
0.312209 33.882110
0.313285 33.882111
0.314361 33.882111
0.315438 33.882111
0.316514 33.882111
0.317590 33.882111
0.318666 33.882112
0.319742 33.882112
0.320818 33.882112
0.321894 33.882112
0.322970 33.882112
0.324047 33.882112


0.000000 34.336107
0.000761 34.336144
0.001522 34.336255
0.002283 34.336439
0.003044 34.336695
0.003805 34.337021
0.004566 34.337414
0.005326 34.337872
0.006087 34.338391
0.006848 34.338967
0.007609 34.339596
0.008370 34.340274
0.009131 34.340994
0.009892 34.341751
0.010653 34.342540
0.011414 34.343355
0.012175 34.344190
0.012936 34.345037
0.013697 34.345892
0.014458 34.346748
0.015219 34.347599
0.015980 34.348440
0.016740 34.349265
0.017501 34.350070
0.018262 34.350851
0.019023 34.351603
0.019784 34.352325
0.020545 34.353014
0.021306 34.353667
0.022067 34.354284
0.022828 34.354864
0.023589 34.355407
0.024350 34.355913
0.025111 34.356383
0.025872 34.356816
0.026633 34.357215
0.027394 34.357579
0.028154 34.357911
0.028915 34.358211
0.029676 34.358481
0.030437 34.358721
0.031198 34.358933
0.031959 34.359118
0.032720 34.359276
0.033481 34.359408
0.034242 34.359516
0.035003 34.359599
0.035764 34.359658
0.036525 34.359693
0.037286 34.359705

0.037286 34.359705
0.038046 34.359755
0.038808 34.359907
0.039568 34.360160
0.040329 34.360511
0.041090 34.360961
0.041851 34.361508
0.042612 34.362148
0.043373 34.362880
0.044134 34.363701
0.044895 34.364607
0.045656 34.365594
0.046417 34.366660
0.047178 34.367799
0.047939 34.369006
0.048700 34.370278
0.049460 34.371609
0.050221 34.372993
0.050982 34.374425
0.051743 34.375899
0.052504 34.377409
0.053265 34.378950
0.054026 34.380513
0.054787 34.382094
0.055548 34.383686
0.056309 34.385283
0.057070 34.386877
0.057831 34.388462
0.058592 34.390032
0.059353 34.391580
0.060114 34.393099
0.060874 34.394585
0.061635 34.396029
0.062396 34.397427
0.063157 34.398772
0.063918 34.400059
0.064679 34.401283
0.065440 34.402438
0.066201 34.403519
0.066962 34.404522
0.067723 34.405443
0.068484 34.406278
0.069245 34.407023
0.070006 34.407675
0.070767 34.408232
0.071527 34.408690
0.072288 34.409049
0.073049 34.409307
0.073810 34.409461
0.074571 34.409513

0.074571 34.409513
0.075647 34.409436
0.076724 34.409207
0.077800 34.408825
0.078876 34.408293
0.079952 34.407613
0.081028 34.406788
0.082104 34.405822
0.083180 34.404718
0.084256 34.403481
0.085332 34.402117
0.086408 34.400632
0.087485 34.399031
0.088561 34.397322
0.089637 34.395512
0.090713 34.393609
0.091789 34.391620
0.092865 34.389554
0.093941 34.387420
0.095018 34.385226
0.096094 34.382982
0.097170 34.380698
0.098246 34.378382
0.099322 34.376044
0.100398 34.373694
0.101474 34.371342
0.102550 34.368997
0.103626 34.366669
0.104703 34.364367
0.105779 34.362101
0.106855 34.359879
0.107931 34.357712
0.109007 34.355607
0.110083 34.353573
0.111159 34.351618
0.112235 34.349751
0.113311 34.347977
0.114388 34.346306
0.115464 34.344742
0.116540 34.343293
0.117616 34.341965
0.118692 34.340761
0.119768 34.339688
0.120844 34.338749
0.121920 34.337948
0.122997 34.337289
0.124073 34.336773
0.125149 34.336403
0.126225 34.336181
0.127301 34.336107

0.127301 34.336107
0.128718 34.336120
0.130135 34.336160
0.131553 34.336226
0.132970 34.336318
0.134387 34.336437
0.135804 34.336581
0.137222 34.336751
0.138639 34.336946
0.140056 34.337167
0.141473 34.337411
0.142891 34.337680
0.144308 34.337973
0.145725 34.338288
0.147142 34.338627
0.148560 34.338987
0.149977 34.339369
0.151394 34.339771
0.152811 34.340194
0.154228 34.340637
0.155646 34.341098
0.157063 34.341578
0.158480 34.342075
0.159897 34.342590
0.161315 34.343120
0.162732 34.343666
0.164149 34.344227
0.165566 34.344803
0.166984 34.345392
0.168401 34.345993
0.169818 34.346607
0.171235 34.347233
0.172652 34.347869
0.174070 34.348516
0.175487 34.349172
0.176904 34.349838
0.178321 34.350512
0.179739 34.351193
0.181156 34.351883
0.182573 34.352578
0.183990 34.353280
0.185408 34.353987
0.186825 34.354699
0.188242 34.355416
0.189659 34.356136
0.191077 34.356860
0.192494 34.357586
0.193911 34.358314
0.195328 34.359044
0.196745 34.359774

0.196745 34.359774
0.197506 34.359774
0.198267 34.359775
0.199028 34.359775
0.199789 34.359775
0.200550 34.359775
0.201311 34.359776
0.202072 34.359776
0.202833 34.359777
0.203594 34.359777
0.204355 34.359778
0.205116 34.359779
0.205877 34.359779
0.206638 34.359780
0.207399 34.359781
0.208159 34.359782
0.208920 34.359783
0.209681 34.359784
0.210442 34.359785
0.211203 34.359786
0.211964 34.359787
0.212725 34.359788
0.213486 34.359789
0.214247 34.359791
0.215008 34.359792
0.215769 34.359793
0.216530 34.359794
0.217291 34.359795
0.218052 34.359796
0.218812 34.359797
0.219573 34.359798
0.220334 34.359799
0.221095 34.359800
0.221856 34.359801
0.222617 34.359802
0.223378 34.359803
0.224139 34.359804
0.224900 34.359805
0.225661 34.359806
0.226422 34.359806
0.227183 34.359807
0.227944 34.359808
0.228705 34.359808
0.229465 34.359809
0.230226 34.359809
0.230987 34.359809
0.231748 34.359810
0.232509 34.359810
0.233270 34.359810
0.234031 34.359810

0.234031 34.359810
0.234792 34.359856
0.235553 34.359993
0.236314 34.360221
0.237075 34.360539
0.237836 34.360945
0.238597 34.361438
0.239358 34.362017
0.240119 34.362678
0.240879 34.363419
0.241640 34.364237
0.242401 34.365129
0.243162 34.366092
0.243923 34.367120
0.244684 34.368211
0.245445 34.369360
0.246206 34.370561
0.246967 34.371811
0.247728 34.373105
0.248489 34.374436
0.249250 34.375800
0.250011 34.377190
0.250772 34.378603
0.251532 34.380030
0.252293 34.381468
0.253054 34.382909
0.253815 34.384349
0.254576 34.385780
0.255337 34.387197
0.256098 34.388595
0.256859 34.389967
0.257620 34.391308
0.258381 34.392612
0.259142 34.393874
0.259903 34.395089
0.260664 34.396251
0.261425 34.397355
0.262186 34.398398
0.262946 34.399374
0.263707 34.400280
0.264468 34.401111
0.265229 34.401864
0.265990 34.402537
0.266751 34.403126
0.267512 34.403628
0.268273 34.404042
0.269034 34.404366
0.269795 34.404598
0.270556 34.404738
0.271317 34.404785

0.271317 34.404785
0.272393 34.404738
0.273469 34.404598
0.274545 34.404366
0.275621 34.404042
0.276697 34.403628
0.277773 34.403126
0.278849 34.402537
0.279926 34.401864
0.281002 34.401111
0.282078 34.400279
0.283154 34.399374
0.284230 34.398397
0.285306 34.397355
0.286382 34.396250
0.287459 34.395087
0.288535 34.393873
0.289611 34.392610
0.290687 34.391305
0.291763 34.389964
0.292839 34.388591
0.293915 34.387193
0.294991 34.385774
0.296067 34.384342
0.297144 34.382902
0.298220 34.381459
0.299296 34.380020
0.300372 34.378591
0.301448 34.377178
0.302524 34.375785
0.303600 34.374420
0.304676 34.373087
0.305752 34.371793
0.306829 34.370541
0.307905 34.369338
0.308981 34.368188
0.310057 34.367096
0.311133 34.366066
0.312209 34.365102
0.313285 34.364209
0.314361 34.363389
0.315438 34.362647
0.316514 34.361985
0.317590 34.361405
0.318666 34.360911
0.319742 34.360504
0.320818 34.360186
0.321894 34.359958
0.322970 34.359820
0.324047 34.359774


0.000000 34.383491
0.000761 34.383505
0.001522 34.383544
0.002283 34.383611
0.003044 34.383704
0.003805 34.383825
0.004566 34.383974
0.005326 34.384153
0.006087 34.384360
0.006848 34.384599
0.007609 34.384870
0.008370 34.385174
0.009131 34.385512
0.009892 34.385885
0.010653 34.386295
0.011414 34.386743
0.012175 34.387230
0.012936 34.387757
0.013697 34.388325
0.014458 34.388932
0.015219 34.389581
0.015980 34.390270
0.016740 34.390997
0.017501 34.391762
0.018262 34.392562
0.019023 34.393395
0.019784 34.394255
0.020545 34.395141
0.021306 34.396046
0.022067 34.396966
0.022828 34.397895
0.023589 34.398826
0.024350 34.399755
0.025111 34.400673
0.025872 34.401575
0.026633 34.402454
0.027394 34.403305
0.028154 34.404119
0.028915 34.404892
0.029676 34.405619
0.030437 34.406293
0.031198 34.406909
0.031959 34.407464
0.032720 34.407954
0.033481 34.408374
0.034242 34.408722
0.035003 34.408995
0.035764 34.409191
0.036525 34.409310
0.037286 34.409349

0.037286 34.409349
0.038046 34.409350
0.038808 34.409350
0.039568 34.409351
0.040329 34.409352
0.041090 34.409354
0.041851 34.409355
0.042612 34.409358
0.043373 34.409360
0.044134 34.409363
0.044895 34.409366
0.045656 34.409369
0.046417 34.409372
0.047178 34.409376
0.047939 34.409380
0.048700 34.409384
0.049460 34.409389
0.050221 34.409393
0.050982 34.409398
0.051743 34.409403
0.052504 34.409408
0.053265 34.409413
0.054026 34.409418
0.054787 34.409423
0.055548 34.409429
0.056309 34.409434
0.057070 34.409439
0.057831 34.409444
0.058592 34.409449
0.059353 34.409454
0.060114 34.409459
0.060874 34.409464
0.061635 34.409469
0.062396 34.409474
0.063157 34.409478
0.063918 34.409482
0.064679 34.409486
0.065440 34.409490
0.066201 34.409494
0.066962 34.409497
0.067723 34.409500
0.068484 34.409503
0.069245 34.409505
0.070006 34.409507
0.070767 34.409509
0.071527 34.409510
0.072288 34.409512
0.073049 34.409512
0.073810 34.409513
0.074571 34.409513

0.074571 34.409513
0.075647 34.409486
0.076724 34.409405
0.077800 34.409270
0.078876 34.409082
0.079952 34.408842
0.081028 34.408550
0.082104 34.408209
0.083180 34.407819
0.084256 34.407382
0.085332 34.406900
0.086408 34.406374
0.087485 34.405808
0.088561 34.405204
0.089637 34.404564
0.090713 34.403890
0.091789 34.403186
0.092865 34.402455
0.093941 34.401700
0.095018 34.400923
0.096094 34.400128
0.097170 34.399319
0.098246 34.398498
0.099322 34.397670
0.100398 34.396837
0.101474 34.396003
0.102550 34.395171
0.103626 34.394346
0.104703 34.393529
0.105779 34.392725
0.106855 34.391937
0.107931 34.391167
0.109007 34.390420
0.110083 34.389698
0.111159 34.389003
0.112235 34.388340
0.113311 34.387710
0.114388 34.387116
0.115464 34.386561
0.116540 34.386046
0.117616 34.385574
0.118692 34.385146
0.119768 34.384765
0.120844 34.384431
0.121920 34.384146
0.122997 34.383912
0.124073 34.383728
0.125149 34.383597
0.126225 34.383518
0.127301 34.383491

0.127301 34.383491
0.128718 34.383478
0.130135 34.383440
0.131553 34.383375
0.132970 34.383284
0.134387 34.383168
0.135804 34.383026
0.137222 34.382859
0.138639 34.382667
0.140056 34.382451
0.141473 34.382210
0.142891 34.381945
0.144308 34.381656
0.145725 34.381344
0.147142 34.381009
0.148560 34.380652
0.149977 34.380274
0.151394 34.379874
0.152811 34.379453
0.154228 34.379013
0.155646 34.378553
0.157063 34.378074
0.158480 34.377577
0.159897 34.377062
0.161315 34.376530
0.162732 34.375983
0.164149 34.375419
0.165566 34.374841
0.166984 34.374249
0.168401 34.373643
0.169818 34.373025
0.171235 34.372394
0.172652 34.371753
0.174070 34.371100
0.175487 34.370438
0.176904 34.369767
0.178321 34.369087
0.179739 34.368399
0.181156 34.367704
0.182573 34.367003
0.183990 34.366295
0.185408 34.365583
0.186825 34.364866
0.188242 34.364145
0.189659 34.363421
0.191077 34.362695
0.192494 34.361966
0.193911 34.361236
0.195328 34.360505
0.196745 34.359774

0.196745 34.359774
0.197506 34.359820
0.198267 34.359957
0.199028 34.360186
0.199789 34.360504
0.200550 34.360910
0.201311 34.361404
0.202072 34.361983
0.202833 34.362645
0.203594 34.363387
0.204355 34.364206
0.205116 34.365098
0.205877 34.366061
0.206638 34.367091
0.207399 34.368183
0.208159 34.369332
0.208920 34.370535
0.209681 34.371786
0.210442 34.373080
0.211203 34.374413
0.211964 34.375778
0.212725 34.377170
0.213486 34.378583
0.214247 34.380012
0.215008 34.381451
0.215769 34.382893
0.216530 34.384334
0.217291 34.385766
0.218052 34.387185
0.218812 34.388584
0.219573 34.389957
0.220334 34.391299
0.221095 34.392604
0.221856 34.393867
0.222617 34.395083
0.223378 34.396246
0.224139 34.397351
0.224900 34.398395
0.225661 34.399372
0.226422 34.400278
0.227183 34.401110
0.227944 34.401864
0.228705 34.402537
0.229465 34.403127
0.230226 34.403629
0.230987 34.404044
0.231748 34.404368
0.232509 34.404600
0.233270 34.404740
0.234031 34.404787

0.234031 34.404787
0.234792 34.404787
0.235553 34.404787
0.236314 34.404787
0.237075 34.404787
0.237836 34.404787
0.238597 34.404787
0.239358 34.404787
0.240119 34.404787
0.240879 34.404787
0.241640 34.404787
0.242401 34.404787
0.243162 34.404787
0.243923 34.404787
0.244684 34.404787
0.245445 34.404787
0.246206 34.404787
0.246967 34.404786
0.247728 34.404786
0.248489 34.404786
0.249250 34.404786
0.250011 34.404786
0.250772 34.404786
0.251532 34.404786
0.252293 34.404786
0.253054 34.404786
0.253815 34.404786
0.254576 34.404786
0.255337 34.404786
0.256098 34.404786
0.256859 34.404786
0.257620 34.404785
0.258381 34.404785
0.259142 34.404785
0.259903 34.404785
0.260664 34.404785
0.261425 34.404785
0.262186 34.404785
0.262946 34.404785
0.263707 34.404785
0.264468 34.404785
0.265229 34.404785
0.265990 34.404785
0.266751 34.404785
0.267512 34.404785
0.268273 34.404785
0.269034 34.404785
0.269795 34.404785
0.270556 34.404785
0.271317 34.404785

0.271317 34.404785
0.272393 34.404738
0.273469 34.404598
0.274545 34.404366
0.275621 34.404042
0.276697 34.403628
0.277773 34.403126
0.278849 34.402537
0.279926 34.401864
0.281002 34.401111
0.282078 34.400279
0.283154 34.399374
0.284230 34.398397
0.285306 34.397355
0.286382 34.396250
0.287459 34.395087
0.288535 34.393873
0.289611 34.392610
0.290687 34.391305
0.291763 34.389964
0.292839 34.388591
0.293915 34.387193
0.294991 34.385774
0.296067 34.384342
0.297144 34.382902
0.298220 34.381459
0.299296 34.380020
0.300372 34.378591
0.301448 34.377178
0.302524 34.375785
0.303600 34.374420
0.304676 34.373087
0.305752 34.371793
0.306829 34.370541
0.307905 34.369338
0.308981 34.368188
0.310057 34.367096
0.311133 34.366066
0.312209 34.365102
0.313285 34.364209
0.314361 34.363389
0.315438 34.362647
0.316514 34.361985
0.317590 34.361405
0.318666 34.360911
0.319742 34.360504
0.320818 34.360186
0.321894 34.359958
0.322970 34.359820
0.324047 34.359774


0.000000 36.330762
0.000761 36.330743
0.001522 36.330689
0.002283 36.330598
0.003044 36.330472
0.003805 36.330310
0.004566 36.330113
0.005326 36.329883
0.006087 36.329619
0.006848 36.329324
0.007609 36.328997
0.008370 36.328640
0.009131 36.328255
0.009892 36.327844
0.010653 36.327406
0.011414 36.326946
0.012175 36.326463
0.012936 36.325960
0.013697 36.325440
0.014458 36.324903
0.015219 36.324352
0.015980 36.323790
0.016740 36.323219
0.017501 36.322640
0.018262 36.322056
0.019023 36.321470
0.019784 36.320885
0.020545 36.320301
0.021306 36.319723
0.022067 36.319152
0.022828 36.318590
0.023589 36.318041
0.024350 36.317505
0.025111 36.316987
0.025872 36.316488
0.026633 36.316009
0.027394 36.315554
0.028154 36.315124
0.028915 36.314720
0.029676 36.314346
0.030437 36.314002
0.031198 36.313690
0.031959 36.313411
0.032720 36.313167
0.033481 36.312959
0.034242 36.312787
0.035003 36.312652
0.035764 36.312556
0.036525 36.312498
0.037286 36.312478

0.037286 36.312478
0.038046 36.312477
0.038808 36.312474
0.039568 36.312468
0.040329 36.312460
0.041090 36.312450
0.041851 36.312438
0.042612 36.312422
0.043373 36.312405
0.044134 36.312384
0.044895 36.312360
0.045656 36.312334
0.046417 36.312303
0.047178 36.312270
0.047939 36.312232
0.048700 36.312190
0.049460 36.312144
0.050221 36.312093
0.050982 36.312036
0.051743 36.311973
0.052504 36.311904
0.053265 36.311828
0.054026 36.311744
0.054787 36.311653
0.055548 36.311552
0.056309 36.311442
0.057070 36.311322
0.057831 36.311192
0.058592 36.311050
0.059353 36.310898
0.060114 36.310736
0.060874 36.310562
0.061635 36.310380
0.062396 36.310189
0.063157 36.309991
0.063918 36.309789
0.064679 36.309585
0.065440 36.309380
0.066201 36.309178
0.066962 36.308982
0.067723 36.308795
0.068484 36.308619
0.069245 36.308458
0.070006 36.308312
0.070767 36.308185
0.071527 36.308079
0.072288 36.307995
0.073049 36.307934
0.073810 36.307897
0.074571 36.307884

0.074571 36.307884
0.075647 36.307909
0.076724 36.307983
0.077800 36.308107
0.078876 36.308279
0.079952 36.308499
0.081028 36.308765
0.082104 36.309077
0.083180 36.309433
0.084256 36.309831
0.085332 36.310270
0.086408 36.310747
0.087485 36.311260
0.088561 36.311807
0.089637 36.312385
0.090713 36.312992
0.091789 36.313624
0.092865 36.314280
0.093941 36.314956
0.095018 36.315649
0.096094 36.316357
0.097170 36.317076
0.098246 36.317802
0.099322 36.318534
0.100398 36.319268
0.101474 36.320001
0.102550 36.320729
0.103626 36.321451
0.104703 36.322163
0.105779 36.322862
0.106855 36.323545
0.107931 36.324211
0.109007 36.324856
0.110083 36.325477
0.111159 36.326074
0.112235 36.326642
0.113311 36.327181
0.114388 36.327688
0.115464 36.328161
0.116540 36.328599
0.117616 36.329000
0.118692 36.329363
0.119768 36.329686
0.120844 36.329968
0.121920 36.330209
0.122997 36.330407
0.124073 36.330562
0.125149 36.330673
0.126225 36.330739
0.127301 36.330762

0.127301 36.330762
0.128718 36.330751
0.130135 36.330720
0.131553 36.330668
0.132970 36.330595
0.134387 36.330502
0.135804 36.330390
0.137222 36.330257
0.138639 36.330107
0.140056 36.329937
0.141473 36.329751
0.142891 36.329547
0.144308 36.329328
0.145725 36.329094
0.147142 36.328845
0.148560 36.328584
0.149977 36.328310
0.151394 36.328026
0.152811 36.327732
0.154228 36.327430
0.155646 36.327120
0.157063 36.326805
0.158480 36.326485
0.159897 36.326162
0.161315 36.325836
0.162732 36.325510
0.164149 36.325185
0.165566 36.324862
0.166984 36.324542
0.168401 36.324226
0.169818 36.323917
0.171235 36.323615
0.172652 36.323321
0.174070 36.323037
0.175487 36.322764
0.176904 36.322503
0.178321 36.322255
0.179739 36.322021
0.181156 36.321802
0.182573 36.321599
0.183990 36.321412
0.185408 36.321244
0.186825 36.321093
0.188242 36.320961
0.189659 36.320849
0.191077 36.320756
0.192494 36.320683
0.193911 36.320631
0.195328 36.320600
0.196745 36.320590

0.196745 36.320590
0.197506 36.320572
0.198267 36.320520
0.199028 36.320434
0.199789 36.320313
0.200550 36.320159
0.201311 36.319972
0.202072 36.319752
0.202833 36.319501
0.203594 36.319219
0.204355 36.318907
0.205116 36.318567
0.205877 36.318201
0.206638 36.317808
0.207399 36.317392
0.208159 36.316953
0.208920 36.316493
0.209681 36.316014
0.210442 36.315518
0.211203 36.315007
0.211964 36.314483
0.212725 36.313948
0.213486 36.313404
0.214247 36.312853
0.215008 36.312298
0.215769 36.311741
0.216530 36.311184
0.217291 36.310629
0.218052 36.310079
0.218812 36.309536
0.219573 36.309002
0.220334 36.308480
0.221095 36.307972
0.221856 36.307479
0.222617 36.307005
0.223378 36.306550
0.224139 36.306118
0.224900 36.305709
0.225661 36.305327
0.226422 36.304971
0.227183 36.304645
0.227944 36.304348
0.228705 36.304084
0.229465 36.303852
0.230226 36.303655
0.230987 36.303491
0.231748 36.303364
0.232509 36.303272
0.233270 36.303217
0.234031 36.303199

0.234031 36.303199
0.234792 36.303199
0.235553 36.303199
0.236314 36.303199
0.237075 36.303199
0.237836 36.303199
0.238597 36.303199
0.239358 36.303199
0.240119 36.303199
0.240879 36.303199
0.241640 36.303200
0.242401 36.303200
0.243162 36.303200
0.243923 36.303200
0.244684 36.303200
0.245445 36.303200
0.246206 36.303201
0.246967 36.303201
0.247728 36.303201
0.248489 36.303201
0.249250 36.303201
0.250011 36.303202
0.250772 36.303202
0.251532 36.303202
0.252293 36.303202
0.253054 36.303202
0.253815 36.303203
0.254576 36.303203
0.255337 36.303203
0.256098 36.303203
0.256859 36.303204
0.257620 36.303204
0.258381 36.303204
0.259142 36.303204
0.259903 36.303204
0.260664 36.303204
0.261425 36.303205
0.262186 36.303205
0.262946 36.303205
0.263707 36.303205
0.264468 36.303205
0.265229 36.303205
0.265990 36.303205
0.266751 36.303206
0.267512 36.303206
0.268273 36.303206
0.269034 36.303206
0.269795 36.303206
0.270556 36.303206
0.271317 36.303206

0.271317 36.303206
0.272393 36.303224
0.273469 36.303279
0.274545 36.303371
0.275621 36.303498
0.276697 36.303661
0.277773 36.303859
0.278849 36.304090
0.279926 36.304354
0.281002 36.304650
0.282078 36.304977
0.283154 36.305332
0.284230 36.305714
0.285306 36.306122
0.286382 36.306555
0.287459 36.307009
0.288535 36.307483
0.289611 36.307975
0.290687 36.308483
0.291763 36.309005
0.292839 36.309539
0.293915 36.310081
0.294991 36.310631
0.296067 36.311186
0.297144 36.311742
0.298220 36.312300
0.299296 36.312854
0.300372 36.313405
0.301448 36.313949
0.302524 36.314484
0.303600 36.315008
0.304676 36.315519
0.305752 36.316014
0.306829 36.316493
0.307905 36.316953
0.308981 36.317392
0.310057 36.317808
0.311133 36.318201
0.312209 36.318567
0.313285 36.318907
0.314361 36.319219
0.315438 36.319501
0.316514 36.319752
0.317590 36.319972
0.318666 36.320159
0.319742 36.320313
0.320818 36.320434
0.321894 36.320520
0.322970 36.320572
0.324047 36.320590


0.000000 36.330762
0.000761 36.330762
0.001522 36.330762
0.002283 36.330763
0.003044 36.330764
0.003805 36.330766
0.004566 36.330767
0.005326 36.330769
0.006087 36.330771
0.006848 36.330774
0.007609 36.330777
0.008370 36.330780
0.009131 36.330783
0.009892 36.330787
0.010653 36.330790
0.011414 36.330794
0.012175 36.330799
0.012936 36.330803
0.013697 36.330807
0.014458 36.330812
0.015219 36.330816
0.015980 36.330821
0.016740 36.330826
0.017501 36.330831
0.018262 36.330836
0.019023 36.330841
0.019784 36.330846
0.020545 36.330851
0.021306 36.330855
0.022067 36.330860
0.022828 36.330865
0.023589 36.330869
0.024350 36.330874
0.025111 36.330878
0.025872 36.330882
0.026633 36.330886
0.027394 36.330890
0.028154 36.330894
0.028915 36.330897
0.029676 36.330900
0.030437 36.330903
0.031198 36.330905
0.031959 36.330908
0.032720 36.330910
0.033481 36.330911
0.034242 36.330913
0.035003 36.330914
0.035764 36.330915
0.036525 36.330915
0.037286 36.330915

0.037286 36.330915
0.038046 36.330898
0.038808 36.330846
0.039568 36.330759
0.040329 36.330638
0.041090 36.330484
0.041851 36.330297
0.042612 36.330078
0.043373 36.329828
0.044134 36.329548
0.044895 36.329239
0.045656 36.328903
0.046417 36.328542
0.047178 36.328157
0.047939 36.327750
0.048700 36.327324
0.049460 36.326879
0.050221 36.326419
0.050982 36.325947
0.051743 36.325464
0.052504 36.324973
0.053265 36.324477
0.054026 36.323979
0.054787 36.323483
0.055548 36.322990
0.056309 36.322504
0.057070 36.322028
0.057831 36.321566
0.058592 36.321118
0.059353 36.320689
0.060114 36.320281
0.060874 36.319895
0.061635 36.319534
0.062396 36.319197
0.063157 36.318887
0.063918 36.318602
0.064679 36.318344
0.065440 36.318111
0.066201 36.317902
0.066962 36.317717
0.067723 36.317554
0.068484 36.317413
0.069245 36.317291
0.070006 36.317188
0.070767 36.317103
0.071527 36.317034
0.072288 36.316982
0.073049 36.316945
0.073810 36.316923
0.074571 36.316915

0.074571 36.316915
0.075647 36.316930
0.076724 36.316974
0.077800 36.317047
0.078876 36.317148
0.079952 36.317278
0.081028 36.317435
0.082104 36.317619
0.083180 36.317829
0.084256 36.318065
0.085332 36.318325
0.086408 36.318607
0.087485 36.318912
0.088561 36.319237
0.089637 36.319581
0.090713 36.319942
0.091789 36.320320
0.092865 36.320712
0.093941 36.321116
0.095018 36.321532
0.096094 36.321957
0.097170 36.322389
0.098246 36.322827
0.099322 36.323268
0.100398 36.323712
0.101474 36.324156
0.102550 36.324598
0.103626 36.325036
0.104703 36.325470
0.105779 36.325896
0.106855 36.326313
0.107931 36.326720
0.109007 36.327115
0.110083 36.327497
0.111159 36.327863
0.112235 36.328213
0.113311 36.328545
0.114388 36.328858
0.115464 36.329150
0.116540 36.329421
0.117616 36.329669
0.118692 36.329894
0.119768 36.330094
0.120844 36.330269
0.121920 36.330418
0.122997 36.330541
0.124073 36.330637
0.125149 36.330706
0.126225 36.330748
0.127301 36.330762

0.127301 36.330762
0.128718 36.330751
0.130135 36.330720
0.131553 36.330668
0.132970 36.330595
0.134387 36.330502
0.135804 36.330390
0.137222 36.330257
0.138639 36.330107
0.140056 36.329937
0.141473 36.329751
0.142891 36.329547
0.144308 36.329328
0.145725 36.329094
0.147142 36.328845
0.148560 36.328584
0.149977 36.328310
0.151394 36.328026
0.152811 36.327732
0.154228 36.327430
0.155646 36.327120
0.157063 36.326805
0.158480 36.326485
0.159897 36.326162
0.161315 36.325836
0.162732 36.325510
0.164149 36.325185
0.165566 36.324862
0.166984 36.324542
0.168401 36.324226
0.169818 36.323917
0.171235 36.323615
0.172652 36.323321
0.174070 36.323037
0.175487 36.322764
0.176904 36.322503
0.178321 36.322255
0.179739 36.322021
0.181156 36.321802
0.182573 36.321599
0.183990 36.321412
0.185408 36.321244
0.186825 36.321093
0.188242 36.320961
0.189659 36.320849
0.191077 36.320756
0.192494 36.320683
0.193911 36.320631
0.195328 36.320600
0.196745 36.320590

0.196745 36.320590
0.197506 36.320590
0.198267 36.320590
0.199028 36.320590
0.199789 36.320590
0.200550 36.320590
0.201311 36.320590
0.202072 36.320590
0.202833 36.320590
0.203594 36.320590
0.204355 36.320590
0.205116 36.320590
0.205877 36.320590
0.206638 36.320590
0.207399 36.320590
0.208159 36.320590
0.208920 36.320589
0.209681 36.320589
0.210442 36.320589
0.211203 36.320589
0.211964 36.320589
0.212725 36.320589
0.213486 36.320589
0.214247 36.320589
0.215008 36.320589
0.215769 36.320589
0.216530 36.320589
0.217291 36.320589
0.218052 36.320589
0.218812 36.320589
0.219573 36.320589
0.220334 36.320589
0.221095 36.320589
0.221856 36.320589
0.222617 36.320589
0.223378 36.320589
0.224139 36.320589
0.224900 36.320589
0.225661 36.320589
0.226422 36.320589
0.227183 36.320589
0.227944 36.320589
0.228705 36.320589
0.229465 36.320589
0.230226 36.320589
0.230987 36.320589
0.231748 36.320589
0.232509 36.320589
0.233270 36.320589
0.234031 36.320589

0.234031 36.320589
0.234792 36.320572
0.235553 36.320520
0.236314 36.320433
0.237075 36.320313
0.237836 36.320158
0.238597 36.319971
0.239358 36.319751
0.240119 36.319500
0.240879 36.319218
0.241640 36.318907
0.242401 36.318567
0.243162 36.318201
0.243923 36.317809
0.244684 36.317392
0.245445 36.316953
0.246206 36.316494
0.246967 36.316015
0.247728 36.315520
0.248489 36.315009
0.249250 36.314485
0.250011 36.313950
0.250772 36.313406
0.251532 36.312856
0.252293 36.312301
0.253054 36.311744
0.253815 36.311187
0.254576 36.310633
0.255337 36.310083
0.256098 36.309540
0.256859 36.309007
0.257620 36.308485
0.258381 36.307976
0.259142 36.307484
0.259903 36.307010
0.260664 36.306556
0.261425 36.306123
0.262186 36.305715
0.262946 36.305332
0.263707 36.304977
0.264468 36.304651
0.265229 36.304355
0.265990 36.304090
0.266751 36.303859
0.267512 36.303661
0.268273 36.303498
0.269034 36.303371
0.269795 36.303279
0.270556 36.303224
0.271317 36.303206

0.271317 36.303206
0.272393 36.303224
0.273469 36.303279
0.274545 36.303371
0.275621 36.303498
0.276697 36.303661
0.277773 36.303859
0.278849 36.304090
0.279926 36.304354
0.281002 36.304650
0.282078 36.304977
0.283154 36.305332
0.284230 36.305714
0.285306 36.306122
0.286382 36.306555
0.287459 36.307009
0.288535 36.307483
0.289611 36.307975
0.290687 36.308483
0.291763 36.309005
0.292839 36.309539
0.293915 36.310081
0.294991 36.310631
0.296067 36.311186
0.297144 36.311742
0.298220 36.312300
0.299296 36.312854
0.300372 36.313405
0.301448 36.313949
0.302524 36.314484
0.303600 36.315008
0.304676 36.315519
0.305752 36.316014
0.306829 36.316493
0.307905 36.316953
0.308981 36.317392
0.310057 36.317808
0.311133 36.318201
0.312209 36.318567
0.313285 36.318907
0.314361 36.319219
0.315438 36.319501
0.316514 36.319752
0.317590 36.319972
0.318666 36.320159
0.319742 36.320313
0.320818 36.320434
0.321894 36.320520
0.322970 36.320572
0.324047 36.320590


0.000000 36.838365
0.000761 36.838363
0.001522 36.838357
0.002283 36.838347
0.003044 36.838334
0.003805 36.838317
0.004566 36.838296
0.005326 36.838271
0.006087 36.838243
0.006848 36.838212
0.007609 36.838178
0.008370 36.838140
0.009131 36.838099
0.009892 36.838056
0.010653 36.838010
0.011414 36.837961
0.012175 36.837911
0.012936 36.837858
0.013697 36.837804
0.014458 36.837748
0.015219 36.837690
0.015980 36.837632
0.016740 36.837572
0.017501 36.837513
0.018262 36.837452
0.019023 36.837392
0.019784 36.837331
0.020545 36.837272
0.021306 36.837212
0.022067 36.837154
0.022828 36.837096
0.023589 36.837040
0.024350 36.836986
0.025111 36.836933
0.025872 36.836882
0.026633 36.836834
0.027394 36.836788
0.028154 36.836745
0.028915 36.836704
0.029676 36.836666
0.030437 36.836632
0.031198 36.836600
0.031959 36.836572
0.032720 36.836548
0.033481 36.836527
0.034242 36.836510
0.035003 36.836496
0.035764 36.836487
0.036525 36.836481
0.037286 36.836479

0.037286 36.836479
0.038046 36.836478
0.038808 36.836476
0.039568 36.836473
0.040329 36.836468
0.041090 36.836462
0.041851 36.836454
0.042612 36.836446
0.043373 36.836435
0.044134 36.836423
0.044895 36.836410
0.045656 36.836395
0.046417 36.836379
0.047178 36.836360
0.047939 36.836341
0.048700 36.836319
0.049460 36.836296
0.050221 36.836271
0.050982 36.836245
0.051743 36.836217
0.052504 36.836187
0.053265 36.836156
0.054026 36.836124
0.054787 36.836090
0.055548 36.836055
0.056309 36.836019
0.057070 36.835982
0.057831 36.835944
0.058592 36.835906
0.059353 36.835868
0.060114 36.835829
0.060874 36.835791
0.061635 36.835753
0.062396 36.835716
0.063157 36.835680
0.063918 36.835644
0.064679 36.835610
0.065440 36.835578
0.066201 36.835548
0.066962 36.835519
0.067723 36.835493
0.068484 36.835468
0.069245 36.835447
0.070006 36.835428
0.070767 36.835411
0.071527 36.835398
0.072288 36.835387
0.073049 36.835380
0.073810 36.835375
0.074571 36.835373

0.074571 36.835373
0.075647 36.835377
0.076724 36.835386
0.077800 36.835401
0.078876 36.835422
0.079952 36.835450
0.081028 36.835483
0.082104 36.835521
0.083180 36.835566
0.084256 36.835615
0.085332 36.835670
0.086408 36.835730
0.087485 36.835794
0.088561 36.835863
0.089637 36.835936
0.090713 36.836013
0.091789 36.836093
0.092865 36.836176
0.093941 36.836263
0.095018 36.836351
0.096094 36.836442
0.097170 36.836535
0.098246 36.836629
0.099322 36.836724
0.100398 36.836820
0.101474 36.836916
0.102550 36.837011
0.103626 36.837107
0.104703 36.837201
0.105779 36.837293
0.106855 36.837385
0.107931 36.837473
0.109007 36.837560
0.110083 36.837644
0.111159 36.837724
0.112235 36.837801
0.113311 36.837874
0.114388 36.837943
0.115464 36.838007
0.116540 36.838067
0.117616 36.838122
0.118692 36.838172
0.119768 36.838216
0.120844 36.838255
0.121920 36.838288
0.122997 36.838316
0.124073 36.838337
0.125149 36.838352
0.126225 36.838362
0.127301 36.838365

0.127301 36.838365
0.128718 36.838365
0.130135 36.838365
0.131553 36.838366
0.132970 36.838368
0.134387 36.838369
0.135804 36.838371
0.137222 36.838373
0.138639 36.838376
0.140056 36.838379
0.141473 36.838382
0.142891 36.838385
0.144308 36.838389
0.145725 36.838393
0.147142 36.838397
0.148560 36.838402
0.149977 36.838407
0.151394 36.838412
0.152811 36.838417
0.154228 36.838422
0.155646 36.838427
0.157063 36.838433
0.158480 36.838438
0.159897 36.838444
0.161315 36.838450
0.162732 36.838455
0.164149 36.838461
0.165566 36.838467
0.166984 36.838472
0.168401 36.838478
0.169818 36.838483
0.171235 36.838488
0.172652 36.838494
0.174070 36.838499
0.175487 36.838503
0.176904 36.838508
0.178321 36.838512
0.179739 36.838517
0.181156 36.838520
0.182573 36.838524
0.183990 36.838527
0.185408 36.838530
0.186825 36.838533
0.188242 36.838535
0.189659 36.838537
0.191077 36.838539
0.192494 36.838540
0.193911 36.838541
0.195328 36.838542
0.196745 36.838542

0.196745 36.838542
0.197506 36.838539
0.198267 36.838531
0.199028 36.838517
0.199789 36.838497
0.200550 36.838472
0.201311 36.838442
0.202072 36.838406
0.202833 36.838366
0.203594 36.838320
0.204355 36.838270
0.205116 36.838215
0.205877 36.838156
0.206638 36.838093
0.207399 36.838026
0.208159 36.837955
0.208920 36.837882
0.209681 36.837805
0.210442 36.837726
0.211203 36.837645
0.211964 36.837561
0.212725 36.837476
0.213486 36.837390
0.214247 36.837303
0.215008 36.837215
0.215769 36.837127
0.216530 36.837040
0.217291 36.836952
0.218052 36.836866
0.218812 36.836781
0.219573 36.836698
0.220334 36.836616
0.221095 36.836537
0.221856 36.836461
0.222617 36.836387
0.223378 36.836316
0.224139 36.836250
0.224900 36.836186
0.225661 36.836127
0.226422 36.836073
0.227183 36.836022
0.227944 36.835977
0.228705 36.835936
0.229465 36.835900
0.230226 36.835870
0.230987 36.835845
0.231748 36.835826
0.232509 36.835812
0.233270 36.835803
0.234031 36.835800

0.234031 36.835800
0.234792 36.835800
0.235553 36.835800
0.236314 36.835800
0.237075 36.835800
0.237836 36.835800
0.238597 36.835800
0.239358 36.835800
0.240119 36.835800
0.240879 36.835800
0.241640 36.835800
0.242401 36.835800
0.243162 36.835800
0.243923 36.835800
0.244684 36.835800
0.245445 36.835800
0.246206 36.835800
0.246967 36.835800
0.247728 36.835800
0.248489 36.835800
0.249250 36.835800
0.250011 36.835800
0.250772 36.835800
0.251532 36.835800
0.252293 36.835800
0.253054 36.835800
0.253815 36.835800
0.254576 36.835800
0.255337 36.835800
0.256098 36.835800
0.256859 36.835800
0.257620 36.835800
0.258381 36.835800
0.259142 36.835800
0.259903 36.835800
0.260664 36.835800
0.261425 36.835800
0.262186 36.835800
0.262946 36.835800
0.263707 36.835800
0.264468 36.835800
0.265229 36.835800
0.265990 36.835800
0.266751 36.835800
0.267512 36.835800
0.268273 36.835800
0.269034 36.835800
0.269795 36.835800
0.270556 36.835800
0.271317 36.835800

0.271317 36.835800
0.272393 36.835803
0.273469 36.835812
0.274545 36.835826
0.275621 36.835845
0.276697 36.835870
0.277773 36.835900
0.278849 36.835936
0.279926 36.835976
0.281002 36.836022
0.282078 36.836072
0.283154 36.836127
0.284230 36.836186
0.285306 36.836249
0.286382 36.836316
0.287459 36.836386
0.288535 36.836460
0.289611 36.836536
0.290687 36.836615
0.291763 36.836697
0.292839 36.836780
0.293915 36.836865
0.294991 36.836951
0.296067 36.837038
0.297144 36.837126
0.298220 36.837214
0.299296 36.837302
0.300372 36.837389
0.301448 36.837475
0.302524 36.837560
0.303600 36.837644
0.304676 36.837725
0.305752 36.837804
0.306829 36.837881
0.307905 36.837955
0.308981 36.838025
0.310057 36.838092
0.311133 36.838155
0.312209 36.838214
0.313285 36.838269
0.314361 36.838320
0.315438 36.838365
0.316514 36.838406
0.317590 36.838442
0.318666 36.838472
0.319742 36.838497
0.320818 36.838517
0.321894 36.838531
0.322970 36.838539
0.324047 36.838542


0.000000 36.838365
0.000761 36.838365
0.001522 36.838365
0.002283 36.838365
0.003044 36.838365
0.003805 36.838365
0.004566 36.838364
0.005326 36.838364
0.006087 36.838364
0.006848 36.838364
0.007609 36.838364
0.008370 36.838364
0.009131 36.838364
0.009892 36.838364
0.010653 36.838364
0.011414 36.838363
0.012175 36.838363
0.012936 36.838363
0.013697 36.838363
0.014458 36.838363
0.015219 36.838362
0.015980 36.838362
0.016740 36.838362
0.017501 36.838362
0.018262 36.838362
0.019023 36.838362
0.019784 36.838361
0.020545 36.838361
0.021306 36.838361
0.022067 36.838361
0.022828 36.838361
0.023589 36.838360
0.024350 36.838360
0.025111 36.838360
0.025872 36.838360
0.026633 36.838360
0.027394 36.838360
0.028154 36.838359
0.028915 36.838359
0.029676 36.838359
0.030437 36.838359
0.031198 36.838359
0.031959 36.838359
0.032720 36.838359
0.033481 36.838359
0.034242 36.838359
0.035003 36.838359
0.035764 36.838359
0.036525 36.838359
0.037286 36.838359

0.037286 36.838359
0.038046 36.838357
0.038808 36.838354
0.039568 36.838347
0.040329 36.838339
0.041090 36.838328
0.041851 36.838314
0.042612 36.838299
0.043373 36.838281
0.044134 36.838262
0.044895 36.838241
0.045656 36.838218
0.046417 36.838194
0.047178 36.838169
0.047939 36.838143
0.048700 36.838116
0.049460 36.838089
0.050221 36.838061
0.050982 36.838033
0.051743 36.838005
0.052504 36.837978
0.053265 36.837951
0.054026 36.837924
0.054787 36.837898
0.055548 36.837873
0.056309 36.837849
0.057070 36.837826
0.057831 36.837804
0.058592 36.837783
0.059353 36.837763
0.060114 36.837744
0.060874 36.837726
0.061635 36.837710
0.062396 36.837695
0.063157 36.837680
0.063918 36.837667
0.064679 36.837655
0.065440 36.837644
0.066201 36.837634
0.066962 36.837625
0.067723 36.837617
0.068484 36.837610
0.069245 36.837604
0.070006 36.837599
0.070767 36.837594
0.071527 36.837591
0.072288 36.837588
0.073049 36.837586
0.073810 36.837585
0.074571 36.837584

0.074571 36.837584
0.075647 36.837585
0.076724 36.837587
0.077800 36.837591
0.078876 36.837597
0.079952 36.837604
0.081028 36.837613
0.082104 36.837623
0.083180 36.837634
0.084256 36.837647
0.085332 36.837661
0.086408 36.837677
0.087485 36.837693
0.088561 36.837711
0.089637 36.837730
0.090713 36.837750
0.091789 36.837771
0.092865 36.837793
0.093941 36.837815
0.095018 36.837838
0.096094 36.837862
0.097170 36.837886
0.098246 36.837911
0.099322 36.837936
0.100398 36.837961
0.101474 36.837986
0.102550 36.838011
0.103626 36.838035
0.104703 36.838060
0.105779 36.838084
0.106855 36.838108
0.107931 36.838131
0.109007 36.838154
0.110083 36.838176
0.111159 36.838197
0.112235 36.838217
0.113311 36.838236
0.114388 36.838254
0.115464 36.838271
0.116540 36.838287
0.117616 36.838301
0.118692 36.838314
0.119768 36.838326
0.120844 36.838336
0.121920 36.838345
0.122997 36.838352
0.124073 36.838357
0.125149 36.838361
0.126225 36.838364
0.127301 36.838365

0.127301 36.838365
0.128718 36.838365
0.130135 36.838365
0.131553 36.838366
0.132970 36.838368
0.134387 36.838369
0.135804 36.838371
0.137222 36.838373
0.138639 36.838376
0.140056 36.838379
0.141473 36.838382
0.142891 36.838385
0.144308 36.838389
0.145725 36.838393
0.147142 36.838397
0.148560 36.838402
0.149977 36.838407
0.151394 36.838412
0.152811 36.838417
0.154228 36.838422
0.155646 36.838427
0.157063 36.838433
0.158480 36.838438
0.159897 36.838444
0.161315 36.838450
0.162732 36.838455
0.164149 36.838461
0.165566 36.838467
0.166984 36.838472
0.168401 36.838478
0.169818 36.838483
0.171235 36.838488
0.172652 36.838494
0.174070 36.838499
0.175487 36.838503
0.176904 36.838508
0.178321 36.838512
0.179739 36.838517
0.181156 36.838520
0.182573 36.838524
0.183990 36.838527
0.185408 36.838530
0.186825 36.838533
0.188242 36.838535
0.189659 36.838537
0.191077 36.838539
0.192494 36.838540
0.193911 36.838541
0.195328 36.838542
0.196745 36.838542

0.196745 36.838542
0.197506 36.838542
0.198267 36.838542
0.199028 36.838542
0.199789 36.838542
0.200550 36.838542
0.201311 36.838542
0.202072 36.838542
0.202833 36.838542
0.203594 36.838542
0.204355 36.838541
0.205116 36.838541
0.205877 36.838541
0.206638 36.838541
0.207399 36.838541
0.208159 36.838541
0.208920 36.838541
0.209681 36.838541
0.210442 36.838540
0.211203 36.838540
0.211964 36.838540
0.212725 36.838540
0.213486 36.838540
0.214247 36.838540
0.215008 36.838540
0.215769 36.838539
0.216530 36.838539
0.217291 36.838539
0.218052 36.838539
0.218812 36.838539
0.219573 36.838539
0.220334 36.838538
0.221095 36.838538
0.221856 36.838538
0.222617 36.838538
0.223378 36.838538
0.224139 36.838538
0.224900 36.838538
0.225661 36.838538
0.226422 36.838537
0.227183 36.838537
0.227944 36.838537
0.228705 36.838537
0.229465 36.838537
0.230226 36.838537
0.230987 36.838537
0.231748 36.838537
0.232509 36.838537
0.233270 36.838537
0.234031 36.838537

0.234031 36.838537
0.234792 36.838534
0.235553 36.838526
0.236314 36.838512
0.237075 36.838492
0.237836 36.838467
0.238597 36.838437
0.239358 36.838401
0.240119 36.838361
0.240879 36.838315
0.241640 36.838265
0.242401 36.838211
0.243162 36.838152
0.243923 36.838089
0.244684 36.838022
0.245445 36.837952
0.246206 36.837878
0.246967 36.837802
0.247728 36.837723
0.248489 36.837641
0.249250 36.837558
0.250011 36.837473
0.250772 36.837387
0.251532 36.837300
0.252293 36.837213
0.253054 36.837125
0.253815 36.837037
0.254576 36.836950
0.255337 36.836864
0.256098 36.836779
0.256859 36.836696
0.257620 36.836615
0.258381 36.836536
0.259142 36.836459
0.259903 36.836386
0.260664 36.836316
0.261425 36.836249
0.262186 36.836186
0.262946 36.836127
0.263707 36.836072
0.264468 36.836022
0.265229 36.835976
0.265990 36.835936
0.266751 36.835900
0.267512 36.835870
0.268273 36.835845
0.269034 36.835826
0.269795 36.835812
0.270556 36.835803
0.271317 36.835800

0.271317 36.835800
0.272393 36.835803
0.273469 36.835812
0.274545 36.835826
0.275621 36.835845
0.276697 36.835870
0.277773 36.835900
0.278849 36.835936
0.279926 36.835976
0.281002 36.836022
0.282078 36.836072
0.283154 36.836127
0.284230 36.836186
0.285306 36.836249
0.286382 36.836316
0.287459 36.836386
0.288535 36.836460
0.289611 36.836536
0.290687 36.836615
0.291763 36.836697
0.292839 36.836780
0.293915 36.836865
0.294991 36.836951
0.296067 36.837038
0.297144 36.837126
0.298220 36.837214
0.299296 36.837302
0.300372 36.837389
0.301448 36.837475
0.302524 36.837560
0.303600 36.837644
0.304676 36.837725
0.305752 36.837804
0.306829 36.837881
0.307905 36.837955
0.308981 36.838025
0.310057 36.838092
0.311133 36.838155
0.312209 36.838214
0.313285 36.838269
0.314361 36.838320
0.315438 36.838365
0.316514 36.838406
0.317590 36.838442
0.318666 36.838472
0.319742 36.838497
0.320818 36.838517
0.321894 36.838531
0.322970 36.838539
0.324047 36.838542


0.000000 38.454114
0.000761 38.454115
0.001522 38.454117
0.002283 38.454121
0.003044 38.454127
0.003805 38.454134
0.004566 38.454143
0.005326 38.454153
0.006087 38.454165
0.006848 38.454178
0.007609 38.454193
0.008370 38.454209
0.009131 38.454227
0.009892 38.454246
0.010653 38.454267
0.011414 38.454290
0.012175 38.454313
0.012936 38.454338
0.013697 38.454365
0.014458 38.454393
0.015219 38.454422
0.015980 38.454453
0.016740 38.454485
0.017501 38.454518
0.018262 38.454552
0.019023 38.454588
0.019784 38.454625
0.020545 38.454663
0.021306 38.454702
0.022067 38.454742
0.022828 38.454784
0.023589 38.454826
0.024350 38.454869
0.025111 38.454913
0.025872 38.454958
0.026633 38.455004
0.027394 38.455051
0.028154 38.455098
0.028915 38.455146
0.029676 38.455195
0.030437 38.455244
0.031198 38.455294
0.031959 38.455344
0.032720 38.455395
0.033481 38.455445
0.034242 38.455496
0.035003 38.455545
0.035764 38.455592
0.036525 38.455633
0.037286 38.455651

0.037286 38.455651
0.038046 38.455651
0.038808 38.455651
0.039568 38.455651
0.040329 38.455650
0.041090 38.455650
0.041851 38.455649
0.042612 38.455649
0.043373 38.455648
0.044134 38.455647
0.044895 38.455646
0.045656 38.455645
0.046417 38.455644
0.047178 38.455643
0.047939 38.455642
0.048700 38.455641
0.049460 38.455639
0.050221 38.455638
0.050982 38.455637
0.051743 38.455635
0.052504 38.455634
0.053265 38.455632
0.054026 38.455631
0.054787 38.455629
0.055548 38.455628
0.056309 38.455626
0.057070 38.455625
0.057831 38.455623
0.058592 38.455622
0.059353 38.455620
0.060114 38.455619
0.060874 38.455617
0.061635 38.455616
0.062396 38.455614
0.063157 38.455613
0.063918 38.455612
0.064679 38.455611
0.065440 38.455610
0.066201 38.455609
0.066962 38.455608
0.067723 38.455607
0.068484 38.455606
0.069245 38.455605
0.070006 38.455605
0.070767 38.455604
0.071527 38.455604
0.072288 38.455603
0.073049 38.455603
0.073810 38.455603
0.074571 38.455603

0.074571 38.455603
0.075647 38.455602
0.076724 38.455597
0.077800 38.455590
0.078876 38.455580
0.079952 38.455566
0.081028 38.455550
0.082104 38.455532
0.083180 38.455510
0.084256 38.455486
0.085332 38.455460
0.086408 38.455431
0.087485 38.455400
0.088561 38.455366
0.089637 38.455331
0.090713 38.455293
0.091789 38.455254
0.092865 38.455213
0.093941 38.455171
0.095018 38.455127
0.096094 38.455082
0.097170 38.455036
0.098246 38.454990
0.099322 38.454943
0.100398 38.454895
0.101474 38.454848
0.102550 38.454800
0.103626 38.454752
0.104703 38.454705
0.105779 38.454659
0.106855 38.454613
0.107931 38.454568
0.109007 38.454524
0.110083 38.454482
0.111159 38.454441
0.112235 38.454402
0.113311 38.454365
0.114388 38.454330
0.115464 38.454297
0.116540 38.454267
0.117616 38.454239
0.118692 38.454213
0.119768 38.454190
0.120844 38.454170
0.121920 38.454153
0.122997 38.454139
0.124073 38.454128
0.125149 38.454121
0.126225 38.454116
0.127301 38.454114

0.127301 38.454114
0.128718 38.454116
0.130135 38.454120
0.131553 38.454127
0.132970 38.454137
0.134387 38.454150
0.135804 38.454166
0.137222 38.454184
0.138639 38.454206
0.140056 38.454229
0.141473 38.454256
0.142891 38.454285
0.144308 38.454316
0.145725 38.454350
0.147142 38.454386
0.148560 38.454424
0.149977 38.454464
0.151394 38.454506
0.152811 38.454550
0.154228 38.454595
0.155646 38.454642
0.157063 38.454691
0.158480 38.454741
0.159897 38.454792
0.161315 38.454844
0.162732 38.454898
0.164149 38.454952
0.165566 38.455007
0.166984 38.455062
0.168401 38.455118
0.169818 38.455175
0.171235 38.455231
0.172652 38.455288
0.174070 38.455345
0.175487 38.455401
0.176904 38.455458
0.178321 38.455514
0.179739 38.455569
0.181156 38.455624
0.182573 38.455679
0.183990 38.455733
0.185408 38.455786
0.186825 38.455839
0.188242 38.455890
0.189659 38.455941
0.191077 38.455991
0.192494 38.456040
0.193911 38.456088
0.195328 38.456134
0.196745 38.456180

0.196745 38.456180
0.197506 38.456180
0.198267 38.456180
0.199028 38.456180
0.199789 38.456180
0.200550 38.456180
0.201311 38.456180
0.202072 38.456179
0.202833 38.456179
0.203594 38.456179
0.204355 38.456179
0.205116 38.456178
0.205877 38.456178
0.206638 38.456178
0.207399 38.456177
0.208159 38.456177
0.208920 38.456176
0.209681 38.456176
0.210442 38.456175
0.211203 38.456175
0.211964 38.456174
0.212725 38.456174
0.213486 38.456173
0.214247 38.456173
0.215008 38.456172
0.215769 38.456172
0.216530 38.456171
0.217291 38.456171
0.218052 38.456170
0.218812 38.456170
0.219573 38.456169
0.220334 38.456169
0.221095 38.456168
0.221856 38.456168
0.222617 38.456167
0.223378 38.456167
0.224139 38.456166
0.224900 38.456166
0.225661 38.456166
0.226422 38.456165
0.227183 38.456165
0.227944 38.456165
0.228705 38.456164
0.229465 38.456164
0.230226 38.456164
0.230987 38.456164
0.231748 38.456164
0.232509 38.456164
0.233270 38.456164
0.234031 38.456164

0.234031 38.456164
0.234792 38.456164
0.235553 38.456167
0.236314 38.456171
0.237075 38.456177
0.237836 38.456184
0.238597 38.456193
0.239358 38.456204
0.240119 38.456216
0.240879 38.456229
0.241640 38.456244
0.242401 38.456260
0.243162 38.456277
0.243923 38.456296
0.244684 38.456316
0.245445 38.456337
0.246206 38.456358
0.246967 38.456381
0.247728 38.456404
0.248489 38.456428
0.249250 38.456453
0.250011 38.456478
0.250772 38.456504
0.251532 38.456529
0.252293 38.456555
0.253054 38.456581
0.253815 38.456607
0.254576 38.456633
0.255337 38.456658
0.256098 38.456683
0.256859 38.456708
0.257620 38.456732
0.258381 38.456755
0.259142 38.456778
0.259903 38.456800
0.260664 38.456821
0.261425 38.456840
0.262186 38.456859
0.262946 38.456877
0.263707 38.456893
0.264468 38.456908
0.265229 38.456921
0.265990 38.456933
0.266751 38.456944
0.267512 38.456953
0.268273 38.456960
0.269034 38.456966
0.269795 38.456970
0.270556 38.456973
0.271317 38.456973

0.271317 38.456973
0.272393 38.456973
0.273469 38.456970
0.274545 38.456966
0.275621 38.456960
0.276697 38.456953
0.277773 38.456944
0.278849 38.456934
0.279926 38.456922
0.281002 38.456908
0.282078 38.456894
0.283154 38.456877
0.284230 38.456860
0.285306 38.456842
0.286382 38.456822
0.287459 38.456802
0.288535 38.456780
0.289611 38.456758
0.290687 38.456735
0.291763 38.456711
0.292839 38.456687
0.293915 38.456662
0.294991 38.456637
0.296067 38.456612
0.297144 38.456587
0.298220 38.456561
0.299296 38.456536
0.300372 38.456511
0.301448 38.456486
0.302524 38.456461
0.303600 38.456437
0.304676 38.456414
0.305752 38.456391
0.306829 38.456369
0.307905 38.456348
0.308981 38.456328
0.310057 38.456309
0.311133 38.456291
0.312209 38.456274
0.313285 38.456258
0.314361 38.456244
0.315438 38.456231
0.316514 38.456219
0.317590 38.456209
0.318666 38.456200
0.319742 38.456193
0.320818 38.456187
0.321894 38.456183
0.322970 38.456181
0.324047 38.456180


0.000000 38.457455
0.000761 38.457454
0.001522 38.457451
0.002283 38.457447
0.003044 38.457440
0.003805 38.457432
0.004566 38.457422
0.005326 38.457410
0.006087 38.457396
0.006848 38.457380
0.007609 38.457363
0.008370 38.457344
0.009131 38.457323
0.009892 38.457301
0.010653 38.457277
0.011414 38.457251
0.012175 38.457224
0.012936 38.457195
0.013697 38.457164
0.014458 38.457133
0.015219 38.457099
0.015980 38.457064
0.016740 38.457028
0.017501 38.456991
0.018262 38.456952
0.019023 38.456912
0.019784 38.456871
0.020545 38.456829
0.021306 38.456786
0.022067 38.456741
0.022828 38.456696
0.023589 38.456650
0.024350 38.456603
0.025111 38.456555
0.025872 38.456506
0.026633 38.456457
0.027394 38.456407
0.028154 38.456356
0.028915 38.456305
0.029676 38.456254
0.030437 38.456202
0.031198 38.456150
0.031959 38.456098
0.032720 38.456046
0.033481 38.455994
0.034242 38.455942
0.035003 38.455892
0.035764 38.455844
0.036525 38.455803
0.037286 38.455785

0.037286 38.455785
0.038046 38.455784
0.038808 38.455784
0.039568 38.455783
0.040329 38.455782
0.041090 38.455780
0.041851 38.455778
0.042612 38.455776
0.043373 38.455773
0.044134 38.455770
0.044895 38.455767
0.045656 38.455763
0.046417 38.455759
0.047178 38.455755
0.047939 38.455750
0.048700 38.455746
0.049460 38.455741
0.050221 38.455736
0.050982 38.455730
0.051743 38.455725
0.052504 38.455720
0.053265 38.455714
0.054026 38.455708
0.054787 38.455702
0.055548 38.455697
0.056309 38.455691
0.057070 38.455685
0.057831 38.455679
0.058592 38.455674
0.059353 38.455668
0.060114 38.455662
0.060874 38.455657
0.061635 38.455652
0.062396 38.455647
0.063157 38.455642
0.063918 38.455637
0.064679 38.455633
0.065440 38.455629
0.066201 38.455625
0.066962 38.455621
0.067723 38.455618
0.068484 38.455615
0.069245 38.455612
0.070006 38.455610
0.070767 38.455608
0.071527 38.455606
0.072288 38.455605
0.073049 38.455604
0.073810 38.455603
0.074571 38.455603

0.074571 38.455603
0.075647 38.455605
0.076724 38.455611
0.077800 38.455621
0.078876 38.455634
0.079952 38.455651
0.081028 38.455672
0.082104 38.455697
0.083180 38.455725
0.084256 38.455756
0.085332 38.455791
0.086408 38.455828
0.087485 38.455869
0.088561 38.455912
0.089637 38.455958
0.090713 38.456006
0.091789 38.456057
0.092865 38.456109
0.093941 38.456163
0.095018 38.456219
0.096094 38.456275
0.097170 38.456333
0.098246 38.456392
0.099322 38.456451
0.100398 38.456510
0.101474 38.456570
0.102550 38.456629
0.103626 38.456687
0.104703 38.456745
0.105779 38.456803
0.106855 38.456858
0.107931 38.456913
0.109007 38.456966
0.110083 38.457017
0.111159 38.457066
0.112235 38.457113
0.113311 38.457158
0.114388 38.457200
0.115464 38.457239
0.116540 38.457275
0.117616 38.457308
0.118692 38.457339
0.119768 38.457365
0.120844 38.457389
0.121920 38.457409
0.122997 38.457425
0.124073 38.457438
0.125149 38.457448
0.126225 38.457453
0.127301 38.457455

0.127301 38.457455
0.128718 38.457454
0.130135 38.457451
0.131553 38.457447
0.132970 38.457440
0.134387 38.457432
0.135804 38.457422
0.137222 38.457411
0.138639 38.457398
0.140056 38.457383
0.141473 38.457367
0.142891 38.457350
0.144308 38.457331
0.145725 38.457312
0.147142 38.457291
0.148560 38.457269
0.149977 38.457247
0.151394 38.457224
0.152811 38.457200
0.154228 38.457175
0.155646 38.457150
0.157063 38.457124
0.158480 38.457098
0.159897 38.457071
0.161315 38.457044
0.162732 38.457016
0.164149 38.456989
0.165566 38.456960
0.166984 38.456932
0.168401 38.456902
0.169818 38.456873
0.171235 38.456843
0.172652 38.456812
0.174070 38.456781
0.175487 38.456750
0.176904 38.456718
0.178321 38.456685
0.179739 38.456651
0.181156 38.456617
0.182573 38.456582
0.183990 38.456546
0.185408 38.456509
0.186825 38.456472
0.188242 38.456433
0.189659 38.456393
0.191077 38.456353
0.192494 38.456311
0.193911 38.456269
0.195328 38.456225
0.196745 38.456180

0.196745 38.456180
0.197506 38.456181
0.198267 38.456184
0.199028 38.456188
0.199789 38.456193
0.200550 38.456201
0.201311 38.456209
0.202072 38.456220
0.202833 38.456232
0.203594 38.456245
0.204355 38.456259
0.205116 38.456275
0.205877 38.456293
0.206638 38.456311
0.207399 38.456330
0.208159 38.456351
0.208920 38.456372
0.209681 38.456395
0.210442 38.456418
0.211203 38.456442
0.211964 38.456466
0.212725 38.456491
0.213486 38.456516
0.214247 38.456541
0.215008 38.456567
0.215769 38.456592
0.216530 38.456618
0.217291 38.456643
0.218052 38.456668
0.218812 38.456693
0.219573 38.456717
0.220334 38.456741
0.221095 38.456764
0.221856 38.456787
0.222617 38.456808
0.223378 38.456829
0.224139 38.456848
0.224900 38.456867
0.225661 38.456884
0.226422 38.456900
0.227183 38.456915
0.227944 38.456928
0.228705 38.456940
0.229465 38.456950
0.230226 38.456959
0.230987 38.456966
0.231748 38.456972
0.232509 38.456976
0.233270 38.456978
0.234031 38.456979

0.234031 38.456979
0.234792 38.456979
0.235553 38.456979
0.236314 38.456979
0.237075 38.456979
0.237836 38.456979
0.238597 38.456979
0.239358 38.456979
0.240119 38.456979
0.240879 38.456979
0.241640 38.456979
0.242401 38.456979
0.243162 38.456978
0.243923 38.456978
0.244684 38.456978
0.245445 38.456978
0.246206 38.456978
0.246967 38.456978
0.247728 38.456978
0.248489 38.456977
0.249250 38.456977
0.250011 38.456977
0.250772 38.456977
0.251532 38.456977
0.252293 38.456976
0.253054 38.456976
0.253815 38.456976
0.254576 38.456976
0.255337 38.456976
0.256098 38.456975
0.256859 38.456975
0.257620 38.456975
0.258381 38.456975
0.259142 38.456975
0.259903 38.456975
0.260664 38.456974
0.261425 38.456974
0.262186 38.456974
0.262946 38.456974
0.263707 38.456974
0.264468 38.456974
0.265229 38.456974
0.265990 38.456974
0.266751 38.456974
0.267512 38.456973
0.268273 38.456973
0.269034 38.456973
0.269795 38.456973
0.270556 38.456973
0.271317 38.456973

0.271317 38.456973
0.272393 38.456973
0.273469 38.456970
0.274545 38.456966
0.275621 38.456960
0.276697 38.456953
0.277773 38.456944
0.278849 38.456934
0.279926 38.456922
0.281002 38.456908
0.282078 38.456894
0.283154 38.456877
0.284230 38.456860
0.285306 38.456842
0.286382 38.456822
0.287459 38.456802
0.288535 38.456780
0.289611 38.456758
0.290687 38.456735
0.291763 38.456711
0.292839 38.456687
0.293915 38.456662
0.294991 38.456637
0.296067 38.456612
0.297144 38.456587
0.298220 38.456561
0.299296 38.456536
0.300372 38.456511
0.301448 38.456486
0.302524 38.456461
0.303600 38.456437
0.304676 38.456414
0.305752 38.456391
0.306829 38.456369
0.307905 38.456348
0.308981 38.456328
0.310057 38.456309
0.311133 38.456291
0.312209 38.456274
0.313285 38.456258
0.314361 38.456244
0.315438 38.456231
0.316514 38.456219
0.317590 38.456209
0.318666 38.456200
0.319742 38.456193
0.320818 38.456187
0.321894 38.456183
0.322970 38.456181
0.324047 38.456180


0.000000 38.523923
0.000761 38.523926
0.001522 38.523936
0.002283 38.523952
0.003044 38.523974
0.003805 38.524003
0.004566 38.524038
0.005326 38.524079
0.006087 38.524126
0.006848 38.524178
0.007609 38.524235
0.008370 38.524298
0.009131 38.524366
0.009892 38.524437
0.010653 38.524514
0.011414 38.524593
0.012175 38.524677
0.012936 38.524763
0.013697 38.524852
0.014458 38.524943
0.015219 38.525035
0.015980 38.525129
0.016740 38.525223
0.017501 38.525318
0.018262 38.525412
0.019023 38.525505
0.019784 38.525598
0.020545 38.525688
0.021306 38.525777
0.022067 38.525863
0.022828 38.525947
0.023589 38.526027
0.024350 38.526104
0.025111 38.526177
0.025872 38.526246
0.026633 38.526311
0.027394 38.526372
0.028154 38.526429
0.028915 38.526481
0.029676 38.526529
0.030437 38.526572
0.031198 38.526611
0.031959 38.526645
0.032720 38.526674
0.033481 38.526699
0.034242 38.526719
0.035003 38.526735
0.035764 38.526746
0.036525 38.526753
0.037286 38.526755

0.037286 38.526755
0.038046 38.526760
0.038808 38.526775
0.039568 38.526800
0.040329 38.526835
0.041090 38.526879
0.041851 38.526933
0.042612 38.526997
0.043373 38.527070
0.044134 38.527152
0.044895 38.527244
0.045656 38.527344
0.046417 38.527454
0.047178 38.527572
0.047939 38.527698
0.048700 38.527833
0.049460 38.527975
0.050221 38.528125
0.050982 38.528282
0.051743 38.528446
0.052504 38.528616
0.053265 38.528793
0.054026 38.528975
0.054787 38.529162
0.055548 38.529354
0.056309 38.529550
0.057070 38.529750
0.057831 38.529953
0.058592 38.530158
0.059353 38.530364
0.060114 38.530571
0.060874 38.530778
0.061635 38.530985
0.062396 38.531189
0.063157 38.531391
0.063918 38.531588
0.064679 38.531781
0.065440 38.531967
0.066201 38.532146
0.066962 38.532315
0.067723 38.532475
0.068484 38.532623
0.069245 38.532757
0.070006 38.532877
0.070767 38.532982
0.071527 38.533069
0.072288 38.533138
0.073049 38.533188
0.073810 38.533218
0.074571 38.533228

0.074571 38.533228
0.075647 38.533211
0.076724 38.533159
0.077800 38.533073
0.078876 38.532956
0.079952 38.532809
0.081028 38.532635
0.082104 38.532438
0.083180 38.532219
0.084256 38.531982
0.085332 38.531730
0.086408 38.531464
0.087485 38.531188
0.088561 38.530904
0.089637 38.530614
0.090713 38.530319
0.091789 38.530021
0.092865 38.529721
0.093941 38.529422
0.095018 38.529123
0.096094 38.528827
0.097170 38.528534
0.098246 38.528245
0.099322 38.527961
0.100398 38.527683
0.101474 38.527412
0.102550 38.527147
0.103626 38.526890
0.104703 38.526641
0.105779 38.526401
0.106855 38.526170
0.107931 38.525949
0.109007 38.525737
0.110083 38.525536
0.111159 38.525346
0.112235 38.525167
0.113311 38.524999
0.114388 38.524842
0.115464 38.524697
0.116540 38.524564
0.117616 38.524443
0.118692 38.524335
0.119768 38.524239
0.120844 38.524155
0.121920 38.524085
0.122997 38.524026
0.124073 38.523981
0.125149 38.523949
0.126225 38.523929
0.127301 38.523923

0.127301 38.523923
0.128718 38.523926
0.130135 38.523934
0.131553 38.523948
0.132970 38.523968
0.134387 38.523993
0.135804 38.524023
0.137222 38.524059
0.138639 38.524101
0.140056 38.524147
0.141473 38.524199
0.142891 38.524256
0.144308 38.524317
0.145725 38.524383
0.147142 38.524454
0.148560 38.524530
0.149977 38.524609
0.151394 38.524693
0.152811 38.524781
0.154228 38.524873
0.155646 38.524968
0.157063 38.525066
0.158480 38.525168
0.159897 38.525273
0.161315 38.525380
0.162732 38.525490
0.164149 38.525603
0.165566 38.525717
0.166984 38.525834
0.168401 38.525952
0.169818 38.526071
0.171235 38.526192
0.172652 38.526314
0.174070 38.526436
0.175487 38.526560
0.176904 38.526683
0.178321 38.526807
0.179739 38.526930
0.181156 38.527054
0.182573 38.527177
0.183990 38.527299
0.185408 38.527420
0.186825 38.527541
0.188242 38.527660
0.189659 38.527778
0.191077 38.527895
0.192494 38.528009
0.193911 38.528122
0.195328 38.528233
0.196745 38.528342

0.196745 38.528342
0.197506 38.528342
0.198267 38.528340
0.199028 38.528337
0.199789 38.528333
0.200550 38.528328
0.201311 38.528321
0.202072 38.528314
0.202833 38.528305
0.203594 38.528296
0.204355 38.528285
0.205116 38.528274
0.205877 38.528261
0.206638 38.528248
0.207399 38.528234
0.208159 38.528220
0.208920 38.528204
0.209681 38.528188
0.210442 38.528172
0.211203 38.528155
0.211964 38.528138
0.212725 38.528121
0.213486 38.528103
0.214247 38.528085
0.215008 38.528067
0.215769 38.528049
0.216530 38.528032
0.217291 38.528014
0.218052 38.527997
0.218812 38.527979
0.219573 38.527963
0.220334 38.527946
0.221095 38.527930
0.221856 38.527915
0.222617 38.527900
0.223378 38.527886
0.224139 38.527873
0.224900 38.527861
0.225661 38.527849
0.226422 38.527838
0.227183 38.527828
0.227944 38.527819
0.228705 38.527811
0.229465 38.527804
0.230226 38.527798
0.230987 38.527793
0.231748 38.527789
0.232509 38.527787
0.233270 38.527785
0.234031 38.527784

0.234031 38.527784
0.234792 38.527784
0.235553 38.527785
0.236314 38.527786
0.237075 38.527787
0.237836 38.527788
0.238597 38.527789
0.239358 38.527791
0.240119 38.527793
0.240879 38.527795
0.241640 38.527798
0.242401 38.527801
0.243162 38.527804
0.243923 38.527807
0.244684 38.527810
0.245445 38.527814
0.246206 38.527818
0.246967 38.527821
0.247728 38.527825
0.248489 38.527830
0.249250 38.527834
0.250011 38.527838
0.250772 38.527843
0.251532 38.527847
0.252293 38.527851
0.253054 38.527856
0.253815 38.527860
0.254576 38.527865
0.255337 38.527869
0.256098 38.527874
0.256859 38.527878
0.257620 38.527882
0.258381 38.527886
0.259142 38.527890
0.259903 38.527894
0.260664 38.527898
0.261425 38.527901
0.262186 38.527904
0.262946 38.527907
0.263707 38.527910
0.264468 38.527913
0.265229 38.527915
0.265990 38.527917
0.266751 38.527919
0.267512 38.527921
0.268273 38.527922
0.269034 38.527923
0.269795 38.527924
0.270556 38.527924
0.271317 38.527924

0.271317 38.527924
0.272393 38.527925
0.273469 38.527926
0.274545 38.527927
0.275621 38.527929
0.276697 38.527931
0.277773 38.527934
0.278849 38.527938
0.279926 38.527942
0.281002 38.527947
0.282078 38.527952
0.283154 38.527958
0.284230 38.527965
0.285306 38.527972
0.286382 38.527980
0.287459 38.527988
0.288535 38.527997
0.289611 38.528007
0.290687 38.528017
0.291763 38.528028
0.292839 38.528039
0.293915 38.528050
0.294991 38.528063
0.296067 38.528075
0.297144 38.528088
0.298220 38.528102
0.299296 38.528115
0.300372 38.528129
0.301448 38.528143
0.302524 38.528157
0.303600 38.528171
0.304676 38.528186
0.305752 38.528200
0.306829 38.528213
0.307905 38.528227
0.308981 38.528240
0.310057 38.528253
0.311133 38.528265
0.312209 38.528276
0.313285 38.528287
0.314361 38.528297
0.315438 38.528306
0.316514 38.528314
0.317590 38.528322
0.318666 38.528328
0.319742 38.528333
0.320818 38.528337
0.321894 38.528340
0.322970 38.528342
0.324047 38.528342


0.000000 38.530658
0.000761 38.530659
0.001522 38.530663
0.002283 38.530668
0.003044 38.530676
0.003805 38.530686
0.004566 38.530698
0.005326 38.530712
0.006087 38.530729
0.006848 38.530748
0.007609 38.530770
0.008370 38.530794
0.009131 38.530821
0.009892 38.530851
0.010653 38.530883
0.011414 38.530919
0.012175 38.530957
0.012936 38.530998
0.013697 38.531043
0.014458 38.531091
0.015219 38.531142
0.015980 38.531197
0.016740 38.531254
0.017501 38.531316
0.018262 38.531380
0.019023 38.531448
0.019784 38.531519
0.020545 38.531593
0.021306 38.531670
0.022067 38.531750
0.022828 38.531831
0.023589 38.531915
0.024350 38.531999
0.025111 38.532085
0.025872 38.532171
0.026633 38.532256
0.027394 38.532340
0.028154 38.532423
0.028915 38.532502
0.029676 38.532579
0.030437 38.532651
0.031198 38.532718
0.031959 38.532779
0.032720 38.532834
0.033481 38.532882
0.034242 38.532922
0.035003 38.532954
0.035764 38.532977
0.036525 38.532990
0.037286 38.532995

0.037286 38.532995
0.038046 38.532995
0.038808 38.532996
0.039568 38.532997
0.040329 38.532999
0.041090 38.533001
0.041851 38.533004
0.042612 38.533007
0.043373 38.533010
0.044134 38.533014
0.044895 38.533018
0.045656 38.533023
0.046417 38.533028
0.047178 38.533033
0.047939 38.533039
0.048700 38.533045
0.049460 38.533051
0.050221 38.533058
0.050982 38.533065
0.051743 38.533072
0.052504 38.533079
0.053265 38.533086
0.054026 38.533093
0.054787 38.533101
0.055548 38.533108
0.056309 38.533116
0.057070 38.533123
0.057831 38.533130
0.058592 38.533138
0.059353 38.533145
0.060114 38.533152
0.060874 38.533159
0.061635 38.533166
0.062396 38.533172
0.063157 38.533179
0.063918 38.533185
0.064679 38.533190
0.065440 38.533196
0.066201 38.533201
0.066962 38.533205
0.067723 38.533210
0.068484 38.533213
0.069245 38.533217
0.070006 38.533220
0.070767 38.533223
0.071527 38.533225
0.072288 38.533226
0.073049 38.533227
0.073810 38.533228
0.074571 38.533228

0.074571 38.533228
0.075647 38.533225
0.076724 38.533215
0.077800 38.533199
0.078876 38.533177
0.079952 38.533148
0.081028 38.533114
0.082104 38.533074
0.083180 38.533028
0.084256 38.532977
0.085332 38.532922
0.086408 38.532862
0.087485 38.532798
0.088561 38.532730
0.089637 38.532659
0.090713 38.532585
0.091789 38.532508
0.092865 38.532430
0.093941 38.532350
0.095018 38.532268
0.096094 38.532186
0.097170 38.532103
0.098246 38.532020
0.099322 38.531937
0.100398 38.531854
0.101474 38.531773
0.102550 38.531693
0.103626 38.531614
0.104703 38.531537
0.105779 38.531462
0.106855 38.531389
0.107931 38.531319
0.109007 38.531252
0.110083 38.531187
0.111159 38.531126
0.112235 38.531068
0.113311 38.531013
0.114388 38.530962
0.115464 38.530915
0.116540 38.530871
0.117616 38.530831
0.118692 38.530795
0.119768 38.530763
0.120844 38.530736
0.121920 38.530712
0.122997 38.530693
0.124073 38.530678
0.125149 38.530667
0.126225 38.530661
0.127301 38.530658

0.127301 38.530658
0.128718 38.530658
0.130135 38.530656
0.131553 38.530653
0.132970 38.530648
0.134387 38.530642
0.135804 38.530635
0.137222 38.530626
0.138639 38.530616
0.140056 38.530604
0.141473 38.530591
0.142891 38.530577
0.144308 38.530560
0.145725 38.530543
0.147142 38.530523
0.148560 38.530502
0.149977 38.530478
0.151394 38.530453
0.152811 38.530426
0.154228 38.530397
0.155646 38.530366
0.157063 38.530333
0.158480 38.530297
0.159897 38.530259
0.161315 38.530219
0.162732 38.530176
0.164149 38.530131
0.165566 38.530084
0.166984 38.530033
0.168401 38.529981
0.169818 38.529925
0.171235 38.529867
0.172652 38.529806
0.174070 38.529742
0.175487 38.529675
0.176904 38.529606
0.178321 38.529533
0.179739 38.529458
0.181156 38.529380
0.182573 38.529299
0.183990 38.529216
0.185408 38.529129
0.186825 38.529040
0.188242 38.528948
0.189659 38.528853
0.191077 38.528756
0.192494 38.528656
0.193911 38.528554
0.195328 38.528449
0.196745 38.528342

0.196745 38.528342
0.197506 38.528342
0.198267 38.528342
0.199028 38.528342
0.199789 38.528342
0.200550 38.528343
0.201311 38.528343
0.202072 38.528343
0.202833 38.528343
0.203594 38.528343
0.204355 38.528343
0.205116 38.528343
0.205877 38.528343
0.206638 38.528343
0.207399 38.528343
0.208159 38.528343
0.208920 38.528343
0.209681 38.528343
0.210442 38.528343
0.211203 38.528344
0.211964 38.528344
0.212725 38.528344
0.213486 38.528344
0.214247 38.528344
0.215008 38.528344
0.215769 38.528344
0.216530 38.528344
0.217291 38.528344
0.218052 38.528345
0.218812 38.528345
0.219573 38.528345
0.220334 38.528345
0.221095 38.528345
0.221856 38.528345
0.222617 38.528345
0.223378 38.528345
0.224139 38.528345
0.224900 38.528345
0.225661 38.528346
0.226422 38.528346
0.227183 38.528346
0.227944 38.528346
0.228705 38.528346
0.229465 38.528346
0.230226 38.528346
0.230987 38.528346
0.231748 38.528346
0.232509 38.528346
0.233270 38.528346
0.234031 38.528346

0.234031 38.528346
0.234792 38.528345
0.235553 38.528344
0.236314 38.528342
0.237075 38.528339
0.237836 38.528335
0.238597 38.528330
0.239358 38.528324
0.240119 38.528318
0.240879 38.528311
0.241640 38.528303
0.242401 38.528294
0.243162 38.528285
0.243923 38.528275
0.244684 38.528265
0.245445 38.528254
0.246206 38.528242
0.246967 38.528230
0.247728 38.528218
0.248489 38.528205
0.249250 38.528192
0.250011 38.528179
0.250772 38.528166
0.251532 38.528152
0.252293 38.528139
0.253054 38.528125
0.253815 38.528112
0.254576 38.528098
0.255337 38.528085
0.256098 38.528072
0.256859 38.528060
0.257620 38.528047
0.258381 38.528035
0.259142 38.528024
0.259903 38.528013
0.260664 38.528002
0.261425 38.527992
0.262186 38.527982
0.262946 38.527973
0.263707 38.527965
0.264468 38.527958
0.265229 38.527951
0.265990 38.527945
0.266751 38.527939
0.267512 38.527935
0.268273 38.527931
0.269034 38.527928
0.269795 38.527926
0.270556 38.527925
0.271317 38.527924

0.271317 38.527924
0.272393 38.527925
0.273469 38.527926
0.274545 38.527927
0.275621 38.527929
0.276697 38.527931
0.277773 38.527934
0.278849 38.527938
0.279926 38.527942
0.281002 38.527947
0.282078 38.527952
0.283154 38.527958
0.284230 38.527965
0.285306 38.527972
0.286382 38.527980
0.287459 38.527988
0.288535 38.527997
0.289611 38.528007
0.290687 38.528017
0.291763 38.528028
0.292839 38.528039
0.293915 38.528050
0.294991 38.528063
0.296067 38.528075
0.297144 38.528088
0.298220 38.528102
0.299296 38.528115
0.300372 38.528129
0.301448 38.528143
0.302524 38.528157
0.303600 38.528171
0.304676 38.528186
0.305752 38.528200
0.306829 38.528213
0.307905 38.528227
0.308981 38.528240
0.310057 38.528253
0.311133 38.528265
0.312209 38.528276
0.313285 38.528287
0.314361 38.528297
0.315438 38.528306
0.316514 38.528314
0.317590 38.528322
0.318666 38.528328
0.319742 38.528333
0.320818 38.528337
0.321894 38.528340
0.322970 38.528342
0.324047 38.528342


0.000000 38.553723
0.000761 38.553718
0.001522 38.553705
0.002283 38.553684
0.003044 38.553654
0.003805 38.553615
0.004566 38.553568
0.005326 38.553513
0.006087 38.553449
0.006848 38.553378
0.007609 38.553299
0.008370 38.553212
0.009131 38.553118
0.009892 38.553016
0.010653 38.552908
0.011414 38.552792
0.012175 38.552671
0.012936 38.552543
0.013697 38.552410
0.014458 38.552271
0.015219 38.552128
0.015980 38.551980
0.016740 38.551827
0.017501 38.551672
0.018262 38.551513
0.019023 38.551352
0.019784 38.551188
0.020545 38.551024
0.021306 38.550858
0.022067 38.550693
0.022828 38.550528
0.023589 38.550364
0.024350 38.550203
0.025111 38.550044
0.025872 38.549889
0.026633 38.549739
0.027394 38.549594
0.028154 38.549455
0.028915 38.549323
0.029676 38.549199
0.030437 38.549084
0.031198 38.548978
0.031959 38.548882
0.032720 38.548798
0.033481 38.548726
0.034242 38.548665
0.035003 38.548618
0.035764 38.548584
0.036525 38.548563
0.037286 38.548556

0.037286 38.548556
0.038046 38.548555
0.038808 38.548550
0.039568 38.548543
0.040329 38.548532
0.041090 38.548518
0.041851 38.548501
0.042612 38.548481
0.043373 38.548457
0.044134 38.548429
0.044895 38.548398
0.045656 38.548363
0.046417 38.548323
0.047178 38.548280
0.047939 38.548231
0.048700 38.548178
0.049460 38.548120
0.050221 38.548057
0.050982 38.547988
0.051743 38.547913
0.052504 38.547832
0.053265 38.547746
0.054026 38.547653
0.054787 38.547554
0.055548 38.547448
0.056309 38.547337
0.057070 38.547219
0.057831 38.547096
0.058592 38.546967
0.059353 38.546833
0.060114 38.546695
0.060874 38.546553
0.061635 38.546408
0.062396 38.546261
0.063157 38.546113
0.063918 38.545965
0.064679 38.545818
0.065440 38.545673
0.066201 38.545533
0.066962 38.545397
0.067723 38.545268
0.068484 38.545148
0.069245 38.545037
0.070006 38.544937
0.070767 38.544850
0.071527 38.544776
0.072288 38.544718
0.073049 38.544675
0.073810 38.544650
0.074571 38.544641

0.074571 38.544641
0.075647 38.544658
0.076724 38.544710
0.077800 38.544794
0.078876 38.544910
0.079952 38.545054
0.081028 38.545225
0.082104 38.545419
0.083180 38.545634
0.084256 38.545866
0.085332 38.546114
0.086408 38.546374
0.087485 38.546644
0.088561 38.546923
0.089637 38.547207
0.090713 38.547496
0.091789 38.547787
0.092865 38.548080
0.093941 38.548372
0.095018 38.548664
0.096094 38.548952
0.097170 38.549238
0.098246 38.549520
0.099322 38.549796
0.100398 38.550067
0.101474 38.550332
0.102550 38.550589
0.103626 38.550839
0.104703 38.551081
0.105779 38.551315
0.106855 38.551539
0.107931 38.551754
0.109007 38.551960
0.110083 38.552155
0.111159 38.552340
0.112235 38.552514
0.113311 38.552677
0.114388 38.552830
0.115464 38.552970
0.116540 38.553099
0.117616 38.553217
0.118692 38.553322
0.119768 38.553416
0.120844 38.553497
0.121920 38.553565
0.122997 38.553622
0.124073 38.553666
0.125149 38.553697
0.126225 38.553716
0.127301 38.553723

0.127301 38.553723
0.128718 38.553717
0.130135 38.553701
0.131553 38.553673
0.132970 38.553635
0.134387 38.553587
0.135804 38.553527
0.137222 38.553458
0.138639 38.553379
0.140056 38.553290
0.141473 38.553193
0.142891 38.553086
0.144308 38.552971
0.145725 38.552849
0.147142 38.552719
0.148560 38.552582
0.149977 38.552439
0.151394 38.552291
0.152811 38.552137
0.154228 38.551979
0.155646 38.551818
0.157063 38.551653
0.158480 38.551486
0.159897 38.551318
0.161315 38.551148
0.162732 38.550978
0.164149 38.550809
0.165566 38.550641
0.166984 38.550474
0.168401 38.550311
0.169818 38.550150
0.171235 38.549993
0.172652 38.549841
0.174070 38.549693
0.175487 38.549552
0.176904 38.549416
0.178321 38.549288
0.179739 38.549166
0.181156 38.549053
0.182573 38.548948
0.183990 38.548851
0.185408 38.548764
0.186825 38.548686
0.188242 38.548618
0.189659 38.548559
0.191077 38.548511
0.192494 38.548474
0.193911 38.548447
0.195328 38.548431
0.196745 38.548426

0.196745 38.548426
0.197506 38.548426
0.198267 38.548426
0.199028 38.548427
0.199789 38.548427
0.200550 38.548429
0.201311 38.548430
0.202072 38.548431
0.202833 38.548433
0.203594 38.548435
0.204355 38.548437
0.205116 38.548440
0.205877 38.548442
0.206638 38.548445
0.207399 38.548448
0.208159 38.548451
0.208920 38.548454
0.209681 38.548458
0.210442 38.548461
0.211203 38.548465
0.211964 38.548468
0.212725 38.548472
0.213486 38.548476
0.214247 38.548480
0.215008 38.548483
0.215769 38.548487
0.216530 38.548491
0.217291 38.548495
0.218052 38.548499
0.218812 38.548503
0.219573 38.548506
0.220334 38.548510
0.221095 38.548513
0.221856 38.548517
0.222617 38.548520
0.223378 38.548523
0.224139 38.548526
0.224900 38.548529
0.225661 38.548532
0.226422 38.548534
0.227183 38.548536
0.227944 38.548538
0.228705 38.548540
0.229465 38.548542
0.230226 38.548543
0.230987 38.548544
0.231748 38.548545
0.232509 38.548546
0.233270 38.548546
0.234031 38.548546

0.234031 38.548546
0.234792 38.548547
0.235553 38.548549
0.236314 38.548552
0.237075 38.548557
0.237836 38.548563
0.238597 38.548570
0.239358 38.548578
0.240119 38.548588
0.240879 38.548599
0.241640 38.548610
0.242401 38.548623
0.243162 38.548637
0.243923 38.548652
0.244684 38.548668
0.245445 38.548684
0.246206 38.548702
0.246967 38.548719
0.247728 38.548738
0.248489 38.548757
0.249250 38.548776
0.250011 38.548796
0.250772 38.548816
0.251532 38.548836
0.252293 38.548857
0.253054 38.548877
0.253815 38.548897
0.254576 38.548917
0.255337 38.548937
0.256098 38.548957
0.256859 38.548976
0.257620 38.548995
0.258381 38.549013
0.259142 38.549031
0.259903 38.549047
0.260664 38.549064
0.261425 38.549079
0.262186 38.549093
0.262946 38.549107
0.263707 38.549119
0.264468 38.549131
0.265229 38.549141
0.265990 38.549150
0.266751 38.549158
0.267512 38.549165
0.268273 38.549171
0.269034 38.549175
0.269795 38.549179
0.270556 38.549181
0.271317 38.549181

0.271317 38.549181
0.272393 38.549180
0.273469 38.549179
0.274545 38.549175
0.275621 38.549171
0.276697 38.549165
0.277773 38.549158
0.278849 38.549150
0.279926 38.549140
0.281002 38.549130
0.282078 38.549118
0.283154 38.549105
0.284230 38.549091
0.285306 38.549075
0.286382 38.549059
0.287459 38.549041
0.288535 38.549023
0.289611 38.549004
0.290687 38.548984
0.291763 38.548963
0.292839 38.548941
0.293915 38.548919
0.294991 38.548896
0.296067 38.548872
0.297144 38.548848
0.298220 38.548824
0.299296 38.548800
0.300372 38.548775
0.301448 38.548751
0.302524 38.548726
0.303600 38.548702
0.304676 38.548678
0.305752 38.548655
0.306829 38.548632
0.307905 38.548610
0.308981 38.548588
0.310057 38.548568
0.311133 38.548548
0.312209 38.548530
0.313285 38.548513
0.314361 38.548497
0.315438 38.548482
0.316514 38.548469
0.317590 38.548458
0.318666 38.548448
0.319742 38.548440
0.320818 38.548434
0.321894 38.548429
0.322970 38.548426
0.324047 38.548426


0.000000 38.553723
0.000761 38.553723
0.001522 38.553723
0.002283 38.553724
0.003044 38.553726
0.003805 38.553727
0.004566 38.553729
0.005326 38.553732
0.006087 38.553734
0.006848 38.553738
0.007609 38.553741
0.008370 38.553745
0.009131 38.553749
0.009892 38.553753
0.010653 38.553757
0.011414 38.553762
0.012175 38.553767
0.012936 38.553772
0.013697 38.553778
0.014458 38.553783
0.015219 38.553789
0.015980 38.553795
0.016740 38.553800
0.017501 38.553806
0.018262 38.553812
0.019023 38.553818
0.019784 38.553824
0.020545 38.553830
0.021306 38.553836
0.022067 38.553842
0.022828 38.553847
0.023589 38.553853
0.024350 38.553858
0.025111 38.553863
0.025872 38.553868
0.026633 38.553873
0.027394 38.553878
0.028154 38.553882
0.028915 38.553886
0.029676 38.553889
0.030437 38.553893
0.031198 38.553896
0.031959 38.553899
0.032720 38.553901
0.033481 38.553903
0.034242 38.553905
0.035003 38.553906
0.035764 38.553907
0.036525 38.553908
0.037286 38.553908

0.037286 38.553908
0.038046 38.553904
0.038808 38.553894
0.039568 38.553877
0.040329 38.553854
0.041090 38.553824
0.041851 38.553787
0.042612 38.553745
0.043373 38.553696
0.044134 38.553642
0.044895 38.553583
0.045656 38.553519
0.046417 38.553450
0.047178 38.553377
0.047939 38.553300
0.048700 38.553220
0.049460 38.553137
0.050221 38.553052
0.050982 38.552965
0.051743 38.552877
0.052504 38.552789
0.053265 38.552701
0.054026 38.552613
0.054787 38.552526
0.055548 38.552441
0.056309 38.552358
0.057070 38.552278
0.057831 38.552200
0.058592 38.552126
0.059353 38.552055
0.060114 38.551988
0.060874 38.551924
0.061635 38.551864
0.062396 38.551808
0.063157 38.551756
0.063918 38.551708
0.064679 38.551664
0.065440 38.551623
0.066201 38.551586
0.066962 38.551553
0.067723 38.551523
0.068484 38.551497
0.069245 38.551474
0.070006 38.551454
0.070767 38.551438
0.071527 38.551424
0.072288 38.551414
0.073049 38.551407
0.073810 38.551402
0.074571 38.551401

0.074571 38.551401
0.075647 38.551404
0.076724 38.551413
0.077800 38.551427
0.078876 38.551447
0.079952 38.551473
0.081028 38.551504
0.082104 38.551541
0.083180 38.551582
0.084256 38.551628
0.085332 38.551678
0.086408 38.551732
0.087485 38.551790
0.088561 38.551851
0.089637 38.551916
0.090713 38.551982
0.091789 38.552051
0.092865 38.552122
0.093941 38.552195
0.095018 38.552268
0.096094 38.552343
0.097170 38.552418
0.098246 38.552493
0.099322 38.552567
0.100398 38.552642
0.101474 38.552715
0.102550 38.552788
0.103626 38.552859
0.104703 38.552928
0.105779 38.552996
0.106855 38.553061
0.107931 38.553125
0.109007 38.553186
0.110083 38.553244
0.111159 38.553299
0.112235 38.553352
0.113311 38.553401
0.114388 38.553448
0.115464 38.553491
0.116540 38.553530
0.117616 38.553566
0.118692 38.553599
0.119768 38.553627
0.120844 38.553652
0.121920 38.553674
0.122997 38.553691
0.124073 38.553705
0.125149 38.553715
0.126225 38.553721
0.127301 38.553723

0.127301 38.553723
0.128718 38.553717
0.130135 38.553701
0.131553 38.553673
0.132970 38.553635
0.134387 38.553587
0.135804 38.553527
0.137222 38.553458
0.138639 38.553379
0.140056 38.553290
0.141473 38.553193
0.142891 38.553086
0.144308 38.552971
0.145725 38.552849
0.147142 38.552719
0.148560 38.552582
0.149977 38.552439
0.151394 38.552291
0.152811 38.552137
0.154228 38.551979
0.155646 38.551818
0.157063 38.551653
0.158480 38.551486
0.159897 38.551318
0.161315 38.551148
0.162732 38.550978
0.164149 38.550809
0.165566 38.550641
0.166984 38.550474
0.168401 38.550311
0.169818 38.550150
0.171235 38.549993
0.172652 38.549841
0.174070 38.549693
0.175487 38.549552
0.176904 38.549416
0.178321 38.549288
0.179739 38.549166
0.181156 38.549053
0.182573 38.548948
0.183990 38.548851
0.185408 38.548764
0.186825 38.548686
0.188242 38.548618
0.189659 38.548559
0.191077 38.548511
0.192494 38.548474
0.193911 38.548447
0.195328 38.548431
0.196745 38.548426

0.196745 38.548426
0.197506 38.548426
0.198267 38.548429
0.199028 38.548433
0.199789 38.548438
0.200550 38.548445
0.201311 38.548454
0.202072 38.548464
0.202833 38.548475
0.203594 38.548488
0.204355 38.548502
0.205116 38.548517
0.205877 38.548534
0.206638 38.548552
0.207399 38.548570
0.208159 38.548590
0.208920 38.548610
0.209681 38.548632
0.210442 38.548654
0.211203 38.548676
0.211964 38.548699
0.212725 38.548723
0.213486 38.548746
0.214247 38.548770
0.215008 38.548795
0.215769 38.548819
0.216530 38.548843
0.217291 38.548866
0.218052 38.548890
0.218812 38.548913
0.219573 38.548936
0.220334 38.548958
0.221095 38.548979
0.221856 38.549000
0.222617 38.549020
0.223378 38.549039
0.224139 38.549057
0.224900 38.549074
0.225661 38.549090
0.226422 38.549105
0.227183 38.549118
0.227944 38.549130
0.228705 38.549141
0.229465 38.549151
0.230226 38.549159
0.230987 38.549166
0.231748 38.549171
0.232509 38.549175
0.233270 38.549177
0.234031 38.549178

0.234031 38.549178
0.234792 38.549178
0.235553 38.549178
0.236314 38.549178
0.237075 38.549178
0.237836 38.549178
0.238597 38.549178
0.239358 38.549178
0.240119 38.549178
0.240879 38.549178
0.241640 38.549178
0.242401 38.549178
0.243162 38.549178
0.243923 38.549178
0.244684 38.549178
0.245445 38.549178
0.246206 38.549178
0.246967 38.549179
0.247728 38.549179
0.248489 38.549179
0.249250 38.549179
0.250011 38.549179
0.250772 38.549179
0.251532 38.549179
0.252293 38.549179
0.253054 38.549179
0.253815 38.549180
0.254576 38.549180
0.255337 38.549180
0.256098 38.549180
0.256859 38.549180
0.257620 38.549180
0.258381 38.549180
0.259142 38.549180
0.259903 38.549180
0.260664 38.549180
0.261425 38.549181
0.262186 38.549181
0.262946 38.549181
0.263707 38.549181
0.264468 38.549181
0.265229 38.549181
0.265990 38.549181
0.266751 38.549181
0.267512 38.549181
0.268273 38.549181
0.269034 38.549181
0.269795 38.549181
0.270556 38.549181
0.271317 38.549181

0.271317 38.549181
0.272393 38.549180
0.273469 38.549179
0.274545 38.549175
0.275621 38.549171
0.276697 38.549165
0.277773 38.549158
0.278849 38.549150
0.279926 38.549140
0.281002 38.549130
0.282078 38.549118
0.283154 38.549105
0.284230 38.549091
0.285306 38.549075
0.286382 38.549059
0.287459 38.549041
0.288535 38.549023
0.289611 38.549004
0.290687 38.548984
0.291763 38.548963
0.292839 38.548941
0.293915 38.548919
0.294991 38.548896
0.296067 38.548872
0.297144 38.548848
0.298220 38.548824
0.299296 38.548800
0.300372 38.548775
0.301448 38.548751
0.302524 38.548726
0.303600 38.548702
0.304676 38.548678
0.305752 38.548655
0.306829 38.548632
0.307905 38.548610
0.308981 38.548588
0.310057 38.548568
0.311133 38.548548
0.312209 38.548530
0.313285 38.548513
0.314361 38.548497
0.315438 38.548482
0.316514 38.548469
0.317590 38.548458
0.318666 38.548448
0.319742 38.548440
0.320818 38.548434
0.321894 38.548429
0.322970 38.548426
0.324047 38.548426


0.000000 38.789485
0.000761 38.789495
0.001522 38.789525
0.002283 38.789575
0.003044 38.789645
0.003805 38.789734
0.004566 38.789843
0.005326 38.789971
0.006087 38.790118
0.006848 38.790283
0.007609 38.790466
0.008370 38.790667
0.009131 38.790884
0.009892 38.791117
0.010653 38.791366
0.011414 38.791630
0.012175 38.791907
0.012936 38.792197
0.013697 38.792500
0.014458 38.792813
0.015219 38.793137
0.015980 38.793469
0.016740 38.793808
0.017501 38.794155
0.018262 38.794506
0.019023 38.794861
0.019784 38.795218
0.020545 38.795576
0.021306 38.795933
0.022067 38.796288
0.022828 38.796640
0.023589 38.796986
0.024350 38.797325
0.025111 38.797655
0.025872 38.797976
0.026633 38.798284
0.027394 38.798580
0.028154 38.798860
0.028915 38.799124
0.029676 38.799371
0.030437 38.799598
0.031198 38.799805
0.031959 38.799991
0.032720 38.800154
0.033481 38.800294
0.034242 38.800409
0.035003 38.800500
0.035764 38.800565
0.036525 38.800604
0.037286 38.800617

0.037286 38.800617
0.038046 38.800629
0.038808 38.800664
0.039568 38.800723
0.040329 38.800805
0.041090 38.800910
0.041851 38.801038
0.042612 38.801188
0.043373 38.801360
0.044134 38.801554
0.044895 38.801769
0.045656 38.802005
0.046417 38.802260
0.047178 38.802535
0.047939 38.802828
0.048700 38.803139
0.049460 38.803466
0.050221 38.803808
0.050982 38.804166
0.051743 38.804536
0.052504 38.804919
0.053265 38.805312
0.054026 38.805715
0.054787 38.806126
0.055548 38.806543
0.056309 38.806965
0.057070 38.807391
0.057831 38.807818
0.058592 38.808244
0.059353 38.808668
0.060114 38.809089
0.060874 38.809503
0.061635 38.809909
0.062396 38.810306
0.063157 38.810691
0.063918 38.811062
0.064679 38.811418
0.065440 38.811756
0.066201 38.812074
0.066962 38.812372
0.067723 38.812647
0.068484 38.812897
0.069245 38.813122
0.070006 38.813320
0.070767 38.813489
0.071527 38.813629
0.072288 38.813738
0.073049 38.813817
0.073810 38.813865
0.074571 38.813881

0.074571 38.813881
0.075647 38.813849
0.076724 38.813754
0.077800 38.813596
0.078876 38.813378
0.079952 38.813099
0.081028 38.812763
0.082104 38.812372
0.083180 38.811928
0.084256 38.811435
0.085332 38.810896
0.086408 38.810315
0.087485 38.809695
0.088561 38.809041
0.089637 38.808356
0.090713 38.807644
0.091789 38.806910
0.092865 38.806157
0.093941 38.805389
0.095018 38.804610
0.096094 38.803825
0.097170 38.803036
0.098246 38.802247
0.099322 38.801462
0.100398 38.800683
0.101474 38.799914
0.102550 38.799157
0.103626 38.798416
0.104703 38.797692
0.105779 38.796988
0.106855 38.796307
0.107931 38.795650
0.109007 38.795019
0.110083 38.794416
0.111159 38.793842
0.112235 38.793299
0.113311 38.792789
0.114388 38.792312
0.115464 38.791869
0.116540 38.791462
0.117616 38.791091
0.118692 38.790757
0.119768 38.790461
0.120844 38.790204
0.121920 38.789985
0.122997 38.789805
0.124073 38.789665
0.125149 38.789565
0.126225 38.789505
0.127301 38.789485

0.127301 38.789485
0.128718 38.789610
0.130135 38.789984
0.131553 38.790608
0.132970 38.791480
0.134387 38.792599
0.135804 38.793963
0.137222 38.795571
0.138639 38.797420
0.140056 38.799507
0.141473 38.801831
0.142891 38.804386
0.144308 38.807171
0.145725 38.810180
0.147142 38.813410
0.148560 38.816857
0.149977 38.820515
0.151394 38.824380
0.152811 38.828447
0.154228 38.832710
0.155646 38.837163
0.157063 38.841801
0.158480 38.846618
0.159897 38.851607
0.161315 38.856762
0.162732 38.862077
0.164149 38.867544
0.165566 38.873157
0.166984 38.878910
0.168401 38.884794
0.169818 38.890802
0.171235 38.896929
0.172652 38.903165
0.174070 38.909504
0.175487 38.915938
0.176904 38.922461
0.178321 38.929063
0.179739 38.935738
0.181156 38.942478
0.182573 38.949276
0.183990 38.956124
0.185408 38.963015
0.186825 38.969940
0.188242 38.976893
0.189659 38.983867
0.191077 38.990853
0.192494 38.997844
0.193911 39.004834
0.195328 39.011815
0.196745 39.018780

0.196745 39.018780
0.197506 39.018779
0.198267 39.018777
0.199028 39.018773
0.199789 39.018769
0.200550 39.018763
0.201311 39.018755
0.202072 39.018747
0.202833 39.018737
0.203594 39.018726
0.204355 39.018714
0.205116 39.018701
0.205877 39.018687
0.206638 39.018672
0.207399 39.018656
0.208159 39.018639
0.208920 39.018621
0.209681 39.018603
0.210442 39.018584
0.211203 39.018564
0.211964 39.018544
0.212725 39.018523
0.213486 39.018503
0.214247 39.018482
0.215008 39.018461
0.215769 39.018440
0.216530 39.018418
0.217291 39.018398
0.218052 39.018377
0.218812 39.018356
0.219573 39.018336
0.220334 39.018317
0.221095 39.018298
0.221856 39.018279
0.222617 39.018261
0.223378 39.018244
0.224139 39.018228
0.224900 39.018213
0.225661 39.018199
0.226422 39.018186
0.227183 39.018174
0.227944 39.018163
0.228705 39.018153
0.229465 39.018144
0.230226 39.018137
0.230987 39.018131
0.231748 39.018126
0.232509 39.018123
0.233270 39.018121
0.234031 39.018120

0.234031 39.018120
0.234792 39.018153
0.235553 39.018251
0.236314 39.018415
0.237075 39.018643
0.237836 39.018938
0.238597 39.019297
0.239358 39.019721
0.240119 39.020211
0.240879 39.020765
0.241640 39.021384
0.242401 39.022067
0.243162 39.022814
0.243923 39.023625
0.244684 39.024499
0.245445 39.025436
0.246206 39.026436
0.246967 39.027497
0.247728 39.028619
0.248489 39.029801
0.249250 39.031042
0.250011 39.032341
0.250772 39.033697
0.251532 39.035107
0.252293 39.036572
0.253054 39.038087
0.253815 39.039652
0.254576 39.041262
0.255337 39.042917
0.256098 39.044611
0.256859 39.046341
0.257620 39.048102
0.258381 39.049888
0.259142 39.051695
0.259903 39.053513
0.260664 39.055336
0.261425 39.057153
0.262186 39.058953
0.262946 39.060724
0.263707 39.062450
0.264468 39.064115
0.265229 39.065700
0.265990 39.067183
0.266751 39.068542
0.267512 39.069752
0.268273 39.070787
0.269034 39.071623
0.269795 39.072238
0.270556 39.072615
0.271317 39.072742

0.271317 39.072742
0.272393 39.072616
0.273469 39.072241
0.274545 39.071629
0.275621 39.070798
0.276697 39.069769
0.277773 39.068567
0.278849 39.067216
0.279926 39.065743
0.281002 39.064169
0.282078 39.062515
0.283154 39.060802
0.284230 39.059045
0.285306 39.057259
0.286382 39.055458
0.287459 39.053652
0.288535 39.051850
0.289611 39.050062
0.290687 39.048294
0.291763 39.046552
0.292839 39.044842
0.293915 39.043168
0.294991 39.041534
0.296067 39.039944
0.297144 39.038400
0.298220 39.036905
0.299296 39.035462
0.300372 39.034073
0.301448 39.032738
0.302524 39.031459
0.303600 39.030238
0.304676 39.029076
0.305752 39.027974
0.306829 39.026931
0.307905 39.025950
0.308981 39.025030
0.310057 39.024173
0.311133 39.023377
0.312209 39.022645
0.313285 39.021975
0.314361 39.021369
0.315438 39.020826
0.316514 39.020347
0.317590 39.019931
0.318666 39.019579
0.319742 39.019292
0.320818 39.019068
0.321894 39.018908
0.322970 39.018812
0.324047 39.018780


0.000000 39.225287
0.000761 39.224117
0.001522 39.222269
0.002283 39.220302
0.003044 39.218271
0.003805 39.216190
0.004566 39.214066
0.005326 39.211902
0.006087 39.209701
0.006848 39.207467
0.007609 39.205203
0.008370 39.202911
0.009131 39.200596
0.009892 39.198260
0.010653 39.195907
0.011414 39.193541
0.012175 39.191167
0.012936 39.188787
0.013697 39.186407
0.014458 39.184031
0.015219 39.181664
0.015980 39.179310
0.016740 39.176974
0.017501 39.174662
0.018262 39.172379
0.019023 39.170129
0.019784 39.167917
0.020545 39.165750
0.021306 39.163633
0.022067 39.161570
0.022828 39.159567
0.023589 39.157629
0.024350 39.155762
0.025111 39.153970
0.025872 39.152259
0.026633 39.150633
0.027394 39.149096
0.028154 39.147654
0.028915 39.146311
0.029676 39.145070
0.030437 39.143935
0.031198 39.142910
0.031959 39.141997
0.032720 39.141201
0.033481 39.140523
0.034242 39.139965
0.035003 39.139529
0.035764 39.139217
0.036525 39.139029
0.037286 39.138966

0.037286 39.138966
0.038046 39.138965
0.038808 39.138961
0.039568 39.138955
0.040329 39.138946
0.041090 39.138934
0.041851 39.138921
0.042612 39.138904
0.043373 39.138886
0.044134 39.138865
0.044895 39.138842
0.045656 39.138817
0.046417 39.138791
0.047178 39.138762
0.047939 39.138731
0.048700 39.138699
0.049460 39.138666
0.050221 39.138631
0.050982 39.138595
0.051743 39.138558
0.052504 39.138520
0.053265 39.138482
0.054026 39.138443
0.054787 39.138403
0.055548 39.138363
0.056309 39.138323
0.057070 39.138284
0.057831 39.138244
0.058592 39.138205
0.059353 39.138166
0.060114 39.138129
0.060874 39.138092
0.061635 39.138056
0.062396 39.138021
0.063157 39.137988
0.063918 39.137956
0.064679 39.137925
0.065440 39.137897
0.066201 39.137870
0.066962 39.137845
0.067723 39.137822
0.068484 39.137802
0.069245 39.137783
0.070006 39.137767
0.070767 39.137754
0.071527 39.137742
0.072288 39.137733
0.073049 39.137727
0.073810 39.137723
0.074571 39.137722

0.074571 39.137722
0.075647 39.137770
0.076724 39.137913
0.077800 39.138151
0.078876 39.138484
0.079952 39.138911
0.081028 39.139433
0.082104 39.140047
0.083180 39.140754
0.084256 39.141553
0.085332 39.142442
0.086408 39.143420
0.087485 39.144486
0.088561 39.145639
0.089637 39.146877
0.090713 39.148199
0.091789 39.149603
0.092865 39.151086
0.093941 39.152648
0.095018 39.154287
0.096094 39.155999
0.097170 39.157783
0.098246 39.159638
0.099322 39.161559
0.100398 39.163546
0.101474 39.165595
0.102550 39.167704
0.103626 39.169870
0.104703 39.172091
0.105779 39.174363
0.106855 39.176685
0.107931 39.179053
0.109007 39.181465
0.110083 39.183917
0.111159 39.186407
0.112235 39.188931
0.113311 39.191487
0.114388 39.194072
0.115464 39.196682
0.116540 39.199315
0.117616 39.201967
0.118692 39.204636
0.119768 39.207317
0.120844 39.210009
0.121920 39.212707
0.122997 39.215406
0.124073 39.218102
0.125149 39.220783
0.126225 39.223403
0.127301 39.225287

0.127301 39.225287
0.128718 39.225186
0.130135 39.224882
0.131553 39.224377
0.132970 39.223670
0.134387 39.222763
0.135804 39.221655
0.137222 39.220347
0.138639 39.218841
0.140056 39.217137
0.141473 39.215238
0.142891 39.213143
0.144308 39.210856
0.145725 39.208377
0.147142 39.205709
0.148560 39.202853
0.149977 39.199812
0.151394 39.196588
0.152811 39.193184
0.154228 39.189602
0.155646 39.185844
0.157063 39.181915
0.158480 39.177817
0.159897 39.173553
0.161315 39.169127
0.162732 39.164543
0.164149 39.159803
0.165566 39.154912
0.166984 39.149875
0.168401 39.144694
0.169818 39.139375
0.171235 39.133921
0.172652 39.128338
0.174070 39.122631
0.175487 39.116803
0.176904 39.110861
0.178321 39.104809
0.179739 39.098653
0.181156 39.092398
0.182573 39.086050
0.183990 39.079615
0.185408 39.073098
0.186825 39.066506
0.188242 39.059845
0.189659 39.053120
0.191077 39.046339
0.192494 39.039508
0.193911 39.032633
0.195328 39.025721
0.196745 39.018780

0.196745 39.018780
0.197506 39.018812
0.198267 39.018910
0.199028 39.019074
0.199789 39.019302
0.200550 39.019596
0.201311 39.019955
0.202072 39.020379
0.202833 39.020868
0.203594 39.021422
0.204355 39.022040
0.205116 39.022723
0.205877 39.023469
0.206638 39.024280
0.207399 39.025153
0.208159 39.026090
0.208920 39.027088
0.209681 39.028149
0.210442 39.029270
0.211203 39.030451
0.211964 39.031691
0.212725 39.032990
0.213486 39.034344
0.214247 39.035755
0.215008 39.037218
0.215769 39.038733
0.216530 39.040297
0.217291 39.041907
0.218052 39.043561
0.218812 39.045255
0.219573 39.046985
0.220334 39.048746
0.221095 39.050533
0.221856 39.052340
0.222617 39.054160
0.223378 39.055983
0.224139 39.057802
0.224900 39.059604
0.225661 39.061377
0.226422 39.063106
0.227183 39.064774
0.227944 39.066362
0.228705 39.067849
0.229465 39.069211
0.230226 39.070424
0.230987 39.071462
0.231748 39.072302
0.232509 39.072919
0.233270 39.073297
0.234031 39.073425

0.234031 39.073425
0.234792 39.073424
0.235553 39.073422
0.236314 39.073419
0.237075 39.073414
0.237836 39.073407
0.238597 39.073400
0.239358 39.073391
0.240119 39.073381
0.240879 39.073370
0.241640 39.073357
0.242401 39.073343
0.243162 39.073329
0.243923 39.073313
0.244684 39.073296
0.245445 39.073279
0.246206 39.073261
0.246967 39.073242
0.247728 39.073222
0.248489 39.073202
0.249250 39.073181
0.250011 39.073160
0.250772 39.073138
0.251532 39.073116
0.252293 39.073095
0.253054 39.073073
0.253815 39.073051
0.254576 39.073029
0.255337 39.073008
0.256098 39.072986
0.256859 39.072966
0.257620 39.072945
0.258381 39.072926
0.259142 39.072907
0.259903 39.072888
0.260664 39.072871
0.261425 39.072854
0.262186 39.072838
0.262946 39.072823
0.263707 39.072810
0.264468 39.072797
0.265229 39.072786
0.265990 39.072776
0.266751 39.072767
0.267512 39.072759
0.268273 39.072753
0.269034 39.072748
0.269795 39.072745
0.270556 39.072743
0.271317 39.072742

0.271317 39.072742
0.272393 39.072616
0.273469 39.072241
0.274545 39.071629
0.275621 39.070798
0.276697 39.069769
0.277773 39.068567
0.278849 39.067216
0.279926 39.065743
0.281002 39.064169
0.282078 39.062515
0.283154 39.060802
0.284230 39.059045
0.285306 39.057259
0.286382 39.055458
0.287459 39.053652
0.288535 39.051850
0.289611 39.050062
0.290687 39.048294
0.291763 39.046552
0.292839 39.044842
0.293915 39.043168
0.294991 39.041534
0.296067 39.039944
0.297144 39.038400
0.298220 39.036905
0.299296 39.035462
0.300372 39.034073
0.301448 39.032738
0.302524 39.031459
0.303600 39.030238
0.304676 39.029076
0.305752 39.027974
0.306829 39.026931
0.307905 39.025950
0.308981 39.025030
0.310057 39.024173
0.311133 39.023377
0.312209 39.022645
0.313285 39.021975
0.314361 39.021369
0.315438 39.020826
0.316514 39.020347
0.317590 39.019931
0.318666 39.019579
0.319742 39.019292
0.320818 39.019068
0.321894 39.018908
0.322970 39.018812
0.324047 39.018780


0.000000 39.227275
0.000761 39.227273
0.001522 39.227269
0.002283 39.227261
0.003044 39.227250
0.003805 39.227236
0.004566 39.227219
0.005326 39.227199
0.006087 39.227176
0.006848 39.227150
0.007609 39.227122
0.008370 39.227091
0.009131 39.227058
0.009892 39.227023
0.010653 39.226985
0.011414 39.226946
0.012175 39.226904
0.012936 39.226861
0.013697 39.226817
0.014458 39.226771
0.015219 39.226724
0.015980 39.226677
0.016740 39.226628
0.017501 39.226579
0.018262 39.226530
0.019023 39.226481
0.019784 39.226432
0.020545 39.226383
0.021306 39.226335
0.022067 39.226287
0.022828 39.226241
0.023589 39.226195
0.024350 39.226151
0.025111 39.226108
0.025872 39.226067
0.026633 39.226027
0.027394 39.225990
0.028154 39.225954
0.028915 39.225921
0.029676 39.225891
0.030437 39.225863
0.031198 39.225837
0.031959 39.225814
0.032720 39.225795
0.033481 39.225778
0.034242 39.225764
0.035003 39.225753
0.035764 39.225745
0.036525 39.225740
0.037286 39.225739

0.037286 39.225739
0.038046 39.225565
0.038808 39.225052
0.039568 39.224218
0.040329 39.223091
0.041090 39.221704
0.041851 39.220090
0.042612 39.218282
0.043373 39.216308
0.044134 39.214194
0.044895 39.211962
0.045656 39.209630
0.046417 39.207215
0.047178 39.204732
0.047939 39.202192
0.048700 39.199608
0.049460 39.196989
0.050221 39.194346
0.050982 39.191686
0.051743 39.189017
0.052504 39.186349
0.053265 39.183688
0.054026 39.181041
0.054787 39.178416
0.055548 39.175820
0.056309 39.173259
0.057070 39.170741
0.057831 39.168271
0.058592 39.165857
0.059353 39.163504
0.060114 39.161219
0.060874 39.159009
0.061635 39.156879
0.062396 39.154834
0.063157 39.152882
0.063918 39.151027
0.064679 39.149274
0.065440 39.147629
0.066201 39.146097
0.066962 39.144681
0.067723 39.143387
0.068484 39.142218
0.069245 39.141178
0.070006 39.140270
0.070767 39.139497
0.071527 39.138860
0.072288 39.138364
0.073049 39.138007
0.073810 39.137793
0.074571 39.137722

0.074571 39.137722
0.075647 39.137820
0.076724 39.138112
0.077800 39.138598
0.078876 39.139275
0.079952 39.140140
0.081028 39.141188
0.082104 39.142413
0.083180 39.143810
0.084256 39.145372
0.085332 39.147092
0.086408 39.148960
0.087485 39.150969
0.088561 39.153108
0.089637 39.155368
0.090713 39.157739
0.091789 39.160210
0.092865 39.162769
0.093941 39.165406
0.095018 39.168109
0.096094 39.170868
0.097170 39.173669
0.098246 39.176501
0.099322 39.179354
0.100398 39.182214
0.101474 39.185071
0.102550 39.187914
0.103626 39.190730
0.104703 39.193509
0.105779 39.196240
0.106855 39.198912
0.107931 39.201516
0.109007 39.204040
0.110083 39.206476
0.111159 39.208814
0.112235 39.211045
0.113311 39.213161
0.114388 39.215154
0.115464 39.217016
0.116540 39.218740
0.117616 39.220321
0.118692 39.221751
0.119768 39.223026
0.120844 39.224141
0.121920 39.225091
0.122997 39.225873
0.124073 39.226485
0.125149 39.226923
0.126225 39.227187
0.127301 39.227275

0.127301 39.227275
0.128718 39.227281
0.130135 39.227299
0.131553 39.227329
0.132970 39.227371
0.134387 39.227424
0.135804 39.227489
0.137222 39.227564
0.138639 39.227651
0.140056 39.227748
0.141473 39.227855
0.142891 39.227971
0.144308 39.228097
0.145725 39.228231
0.147142 39.228374
0.148560 39.228523
0.149977 39.228680
0.151394 39.228842
0.152811 39.229010
0.154228 39.229183
0.155646 39.229360
0.157063 39.229540
0.158480 39.229723
0.159897 39.229907
0.161315 39.230093
0.162732 39.230279
0.164149 39.230464
0.165566 39.230649
0.166984 39.230831
0.168401 39.231010
0.169818 39.231186
0.171235 39.231358
0.172652 39.231525
0.174070 39.231686
0.175487 39.231842
0.176904 39.231990
0.178321 39.232131
0.179739 39.232264
0.181156 39.232388
0.182573 39.232503
0.183990 39.232609
0.185408 39.232705
0.186825 39.232790
0.188242 39.232865
0.189659 39.232929
0.191077 39.232981
0.192494 39.233022
0.193911 39.233052
0.195328 39.233069
0.196745 39.233075

0.196745 39.233075
0.197506 39.233006
0.198267 39.232800
0.199028 39.232456
0.199789 39.231976
0.200550 39.231361
0.201311 39.230612
0.202072 39.229731
0.202833 39.228720
0.203594 39.227582
0.204355 39.226318
0.205116 39.224933
0.205877 39.223428
0.206638 39.221809
0.207399 39.220077
0.208159 39.218239
0.208920 39.216297
0.209681 39.214256
0.210442 39.212122
0.211203 39.209899
0.211964 39.207592
0.212725 39.205208
0.213486 39.202751
0.214247 39.200228
0.215008 39.197646
0.215769 39.195010
0.216530 39.192328
0.217291 39.189607
0.218052 39.186855
0.218812 39.184079
0.219573 39.181288
0.220334 39.178491
0.221095 39.175697
0.221856 39.172917
0.222617 39.170162
0.223378 39.167444
0.224139 39.164776
0.224900 39.162174
0.225661 39.159651
0.226422 39.157228
0.227183 39.154923
0.227944 39.152757
0.228705 39.150755
0.229465 39.148942
0.230226 39.147345
0.230987 39.145990
0.231748 39.144903
0.232509 39.144108
0.233270 39.143623
0.234031 39.143460

0.234031 39.143460
0.234792 39.143460
0.235553 39.143459
0.236314 39.143458
0.237075 39.143457
0.237836 39.143455
0.238597 39.143452
0.239358 39.143449
0.240119 39.143446
0.240879 39.143442
0.241640 39.143438
0.242401 39.143434
0.243162 39.143429
0.243923 39.143424
0.244684 39.143419
0.245445 39.143413
0.246206 39.143407
0.246967 39.143401
0.247728 39.143395
0.248489 39.143389
0.249250 39.143382
0.250011 39.143375
0.250772 39.143368
0.251532 39.143361
0.252293 39.143354
0.253054 39.143347
0.253815 39.143340
0.254576 39.143333
0.255337 39.143326
0.256098 39.143320
0.256859 39.143313
0.257620 39.143307
0.258381 39.143300
0.259142 39.143294
0.259903 39.143288
0.260664 39.143283
0.261425 39.143277
0.262186 39.143272
0.262946 39.143268
0.263707 39.143263
0.264468 39.143259
0.265229 39.143255
0.265990 39.143252
0.266751 39.143249
0.267512 39.143247
0.268273 39.143245
0.269034 39.143243
0.269795 39.143242
0.270556 39.143242
0.271317 39.143241

0.271317 39.143241
0.272393 39.143404
0.273469 39.143889
0.274545 39.144683
0.275621 39.145769
0.276697 39.147123
0.277773 39.148720
0.278849 39.150533
0.279926 39.152535
0.281002 39.154702
0.282078 39.157010
0.283154 39.159437
0.284230 39.161963
0.285306 39.164571
0.286382 39.167244
0.287459 39.169969
0.288535 39.172730
0.289611 39.175517
0.290687 39.178319
0.291763 39.181124
0.292839 39.183923
0.293915 39.186707
0.294991 39.189468
0.296067 39.192198
0.297144 39.194888
0.298220 39.197532
0.299296 39.200123
0.300372 39.202654
0.301448 39.205119
0.302524 39.207511
0.303600 39.209825
0.304676 39.212056
0.305752 39.214197
0.306829 39.216244
0.307905 39.218192
0.308981 39.220037
0.310057 39.221774
0.311133 39.223398
0.312209 39.224908
0.313285 39.226298
0.314361 39.227565
0.315438 39.228707
0.316514 39.229721
0.317590 39.230605
0.318666 39.231356
0.319742 39.231973
0.320818 39.232454
0.321894 39.232799
0.322970 39.233006
0.324047 39.233075


0.000000 39.227275
0.000761 39.228398
0.001522 39.230105
0.002283 39.231838
0.003044 39.233543
0.003805 39.235206
0.004566 39.236824
0.005326 39.238394
0.006087 39.239915
0.006848 39.241387
0.007609 39.242810
0.008370 39.244184
0.009131 39.245509
0.009892 39.246786
0.010653 39.248014
0.011414 39.249196
0.012175 39.250330
0.012936 39.251419
0.013697 39.252463
0.014458 39.253462
0.015219 39.254417
0.015980 39.255330
0.016740 39.256201
0.017501 39.257031
0.018262 39.257821
0.019023 39.258572
0.019784 39.259284
0.020545 39.259959
0.021306 39.260597
0.022067 39.261200
0.022828 39.261767
0.023589 39.262301
0.024350 39.262801
0.025111 39.263268
0.025872 39.263704
0.026633 39.264108
0.027394 39.264481
0.028154 39.264824
0.028915 39.265138
0.029676 39.265423
0.030437 39.265679
0.031198 39.265907
0.031959 39.266107
0.032720 39.266280
0.033481 39.266426
0.034242 39.266545
0.035003 39.266637
0.035764 39.266703
0.036525 39.266742
0.037286 39.266755

0.037286 39.266755
0.038046 39.266881
0.038808 39.267250
0.039568 39.267844
0.040329 39.268637
0.041090 39.269596
0.041851 39.270690
0.042612 39.271889
0.043373 39.273166
0.044134 39.274499
0.044895 39.275868
0.045656 39.277257
0.046417 39.278655
0.047178 39.280051
0.047939 39.281435
0.048700 39.282802
0.049460 39.284145
0.050221 39.285460
0.050982 39.286745
0.051743 39.287995
0.052504 39.289209
0.053265 39.290384
0.054026 39.291520
0.054787 39.292615
0.055548 39.293668
0.056309 39.294679
0.057070 39.295648
0.057831 39.296573
0.058592 39.297456
0.059353 39.298295
0.060114 39.299091
0.060874 39.299845
0.061635 39.300555
0.062396 39.301223
0.063157 39.301849
0.063918 39.302433
0.064679 39.302975
0.065440 39.303475
0.066201 39.303934
0.066962 39.304353
0.067723 39.304730
0.068484 39.305067
0.069245 39.305364
0.070006 39.305621
0.070767 39.305838
0.071527 39.306015
0.072288 39.306153
0.073049 39.306251
0.073810 39.306310
0.074571 39.306330

0.074571 39.306330
0.075647 39.306291
0.076724 39.306173
0.077800 39.305976
0.078876 39.305702
0.079952 39.305349
0.081028 39.304919
0.082104 39.304411
0.083180 39.303826
0.084256 39.303164
0.085332 39.302426
0.086408 39.301613
0.087485 39.300725
0.088561 39.299763
0.089637 39.298727
0.090713 39.297619
0.091789 39.296439
0.092865 39.295189
0.093941 39.293868
0.095018 39.292479
0.096094 39.291023
0.097170 39.289500
0.098246 39.287911
0.099322 39.286259
0.100398 39.284544
0.101474 39.282768
0.102550 39.280932
0.103626 39.279037
0.104703 39.277086
0.105779 39.275080
0.106855 39.273020
0.107931 39.270908
0.109007 39.268746
0.110083 39.266536
0.111159 39.264280
0.112235 39.261979
0.113311 39.259636
0.114388 39.257252
0.115464 39.254830
0.116540 39.252373
0.117616 39.249882
0.118692 39.247359
0.119768 39.244808
0.120844 39.242230
0.121920 39.239630
0.122997 39.237011
0.124073 39.234378
0.125149 39.231743
0.126225 39.229150
0.127301 39.227275

0.127301 39.227275
0.128718 39.227281
0.130135 39.227299
0.131553 39.227329
0.132970 39.227371
0.134387 39.227424
0.135804 39.227489
0.137222 39.227564
0.138639 39.227651
0.140056 39.227748
0.141473 39.227855
0.142891 39.227971
0.144308 39.228097
0.145725 39.228231
0.147142 39.228374
0.148560 39.228523
0.149977 39.228680
0.151394 39.228842
0.152811 39.229010
0.154228 39.229183
0.155646 39.229360
0.157063 39.229540
0.158480 39.229723
0.159897 39.229907
0.161315 39.230093
0.162732 39.230279
0.164149 39.230464
0.165566 39.230649
0.166984 39.230831
0.168401 39.231010
0.169818 39.231186
0.171235 39.231358
0.172652 39.231525
0.174070 39.231686
0.175487 39.231842
0.176904 39.231990
0.178321 39.232131
0.179739 39.232264
0.181156 39.232388
0.182573 39.232503
0.183990 39.232609
0.185408 39.232705
0.186825 39.232790
0.188242 39.232865
0.189659 39.232929
0.191077 39.232981
0.192494 39.233022
0.193911 39.233052
0.195328 39.233069
0.196745 39.233075

0.196745 39.233075
0.197506 39.233075
0.198267 39.233075
0.199028 39.233073
0.199789 39.233072
0.200550 39.233070
0.201311 39.233068
0.202072 39.233065
0.202833 39.233062
0.203594 39.233059
0.204355 39.233055
0.205116 39.233051
0.205877 39.233047
0.206638 39.233042
0.207399 39.233037
0.208159 39.233032
0.208920 39.233027
0.209681 39.233021
0.210442 39.233015
0.211203 39.233009
0.211964 39.233003
0.212725 39.232997
0.213486 39.232991
0.214247 39.232984
0.215008 39.232978
0.215769 39.232971
0.216530 39.232965
0.217291 39.232959
0.218052 39.232952
0.218812 39.232946
0.219573 39.232940
0.220334 39.232934
0.221095 39.232928
0.221856 39.232922
0.222617 39.232917
0.223378 39.232912
0.224139 39.232907
0.224900 39.232902
0.225661 39.232898
0.226422 39.232894
0.227183 39.232890
0.227944 39.232887
0.228705 39.232884
0.229465 39.232881
0.230226 39.232879
0.230987 39.232877
0.231748 39.232876
0.232509 39.232875
0.233270 39.232874
0.234031 39.232874

0.234031 39.232874
0.234792 39.232805
0.235553 39.232598
0.236314 39.232254
0.237075 39.231774
0.237836 39.231158
0.238597 39.230408
0.239358 39.229526
0.240119 39.228514
0.240879 39.227375
0.241640 39.226110
0.242401 39.224723
0.243162 39.223217
0.243923 39.221596
0.244684 39.219863
0.245445 39.218022
0.246206 39.216078
0.246967 39.214036
0.247728 39.211900
0.248489 39.209675
0.249250 39.207366
0.250011 39.204979
0.250772 39.202521
0.251532 39.199996
0.252293 39.197412
0.253054 39.194774
0.253815 39.192090
0.254576 39.189368
0.255337 39.186614
0.256098 39.183836
0.256859 39.181044
0.257620 39.178246
0.258381 39.175451
0.259142 39.172671
0.259903 39.169916
0.260664 39.167198
0.261425 39.164531
0.262186 39.161929
0.262946 39.159408
0.263707 39.156986
0.264468 39.154683
0.265229 39.152520
0.265990 39.150521
0.266751 39.148711
0.267512 39.147117
0.268273 39.145765
0.269034 39.144681
0.269795 39.143888
0.270556 39.143404
0.271317 39.143241

0.271317 39.143241
0.272393 39.143404
0.273469 39.143889
0.274545 39.144683
0.275621 39.145769
0.276697 39.147123
0.277773 39.148720
0.278849 39.150533
0.279926 39.152535
0.281002 39.154702
0.282078 39.157010
0.283154 39.159437
0.284230 39.161963
0.285306 39.164571
0.286382 39.167244
0.287459 39.169969
0.288535 39.172730
0.289611 39.175517
0.290687 39.178319
0.291763 39.181124
0.292839 39.183923
0.293915 39.186707
0.294991 39.189468
0.296067 39.192198
0.297144 39.194888
0.298220 39.197532
0.299296 39.200123
0.300372 39.202654
0.301448 39.205119
0.302524 39.207511
0.303600 39.209825
0.304676 39.212056
0.305752 39.214197
0.306829 39.216244
0.307905 39.218192
0.308981 39.220037
0.310057 39.221774
0.311133 39.223398
0.312209 39.224908
0.313285 39.226298
0.314361 39.227565
0.315438 39.228707
0.316514 39.229721
0.317590 39.230605
0.318666 39.231356
0.319742 39.231973
0.320818 39.232454
0.321894 39.232799
0.322970 39.233006
0.324047 39.233075


0.000000 40.463944
0.000761 40.463946
0.001522 40.463953
0.002283 40.463964
0.003044 40.463980
0.003805 40.464000
0.004566 40.464023
0.005326 40.464051
0.006087 40.464082
0.006848 40.464116
0.007609 40.464152
0.008370 40.464192
0.009131 40.464233
0.009892 40.464275
0.010653 40.464319
0.011414 40.464364
0.012175 40.464408
0.012936 40.464453
0.013697 40.464497
0.014458 40.464540
0.015219 40.464582
0.015980 40.464622
0.016740 40.464661
0.017501 40.464698
0.018262 40.464732
0.019023 40.464765
0.019784 40.464796
0.020545 40.464824
0.021306 40.464851
0.022067 40.464875
0.022828 40.464898
0.023589 40.464919
0.024350 40.464938
0.025111 40.464955
0.025872 40.464971
0.026633 40.464986
0.027394 40.464999
0.028154 40.465011
0.028915 40.465021
0.029676 40.465031
0.030437 40.465039
0.031198 40.465046
0.031959 40.465053
0.032720 40.465058
0.033481 40.465063
0.034242 40.465066
0.035003 40.465069
0.035764 40.465071
0.036525 40.465072
0.037286 40.465073

0.037286 40.465073
0.038046 40.465076
0.038808 40.465085
0.039568 40.465100
0.040329 40.465121
0.041090 40.465147
0.041851 40.465179
0.042612 40.465217
0.043373 40.465261
0.044134 40.465309
0.044895 40.465363
0.045656 40.465421
0.046417 40.465484
0.047178 40.465551
0.047939 40.465623
0.048700 40.465698
0.049460 40.465776
0.050221 40.465857
0.050982 40.465942
0.051743 40.466028
0.052504 40.466117
0.053265 40.466208
0.054026 40.466300
0.054787 40.466392
0.055548 40.466486
0.056309 40.466579
0.057070 40.466673
0.057831 40.466765
0.058592 40.466857
0.059353 40.466948
0.060114 40.467036
0.060874 40.467123
0.061635 40.467207
0.062396 40.467289
0.063157 40.467367
0.063918 40.467442
0.064679 40.467513
0.065440 40.467580
0.066201 40.467643
0.066962 40.467701
0.067723 40.467755
0.068484 40.467803
0.069245 40.467847
0.070006 40.467884
0.070767 40.467917
0.071527 40.467943
0.072288 40.467964
0.073049 40.467979
0.073810 40.467988
0.074571 40.467991

0.074571 40.467991
0.075647 40.467987
0.076724 40.467976
0.077800 40.467957
0.078876 40.467931
0.079952 40.467897
0.081028 40.467856
0.082104 40.467808
0.083180 40.467753
0.084256 40.467691
0.085332 40.467622
0.086408 40.467547
0.087485 40.467465
0.088561 40.467378
0.089637 40.467285
0.090713 40.467187
0.091789 40.467083
0.092865 40.466975
0.093941 40.466863
0.095018 40.466747
0.096094 40.466627
0.097170 40.466505
0.098246 40.466380
0.099322 40.466253
0.100398 40.466124
0.101474 40.465994
0.102550 40.465864
0.103626 40.465734
0.104703 40.465605
0.105779 40.465476
0.106855 40.465350
0.107931 40.465225
0.109007 40.465104
0.110083 40.464986
0.111159 40.464872
0.112235 40.464762
0.113311 40.464658
0.114388 40.464559
0.115464 40.464466
0.116540 40.464379
0.117616 40.464299
0.118692 40.464227
0.119768 40.464162
0.120844 40.464105
0.121920 40.464056
0.122997 40.464016
0.124073 40.463985
0.125149 40.463962
0.126225 40.463949
0.127301 40.463944

0.127301 40.463944
0.128718 40.463944
0.130135 40.463942
0.131553 40.463940
0.132970 40.463937
0.134387 40.463933
0.135804 40.463929
0.137222 40.463923
0.138639 40.463917
0.140056 40.463911
0.141473 40.463903
0.142891 40.463896
0.144308 40.463887
0.145725 40.463879
0.147142 40.463870
0.148560 40.463861
0.149977 40.463851
0.151394 40.463842
0.152811 40.463833
0.154228 40.463823
0.155646 40.463815
0.157063 40.463806
0.158480 40.463798
0.159897 40.463790
0.161315 40.463784
0.162732 40.463777
0.164149 40.463772
0.165566 40.463768
0.166984 40.463765
0.168401 40.463763
0.169818 40.463762
0.171235 40.463763
0.172652 40.463765
0.174070 40.463769
0.175487 40.463774
0.176904 40.463781
0.178321 40.463790
0.179739 40.463800
0.181156 40.463813
0.182573 40.463827
0.183990 40.463844
0.185408 40.463862
0.186825 40.463883
0.188242 40.463905
0.189659 40.463930
0.191077 40.463957
0.192494 40.463986
0.193911 40.464017
0.195328 40.464050
0.196745 40.464085

0.196745 40.464085
0.197506 40.464085
0.198267 40.464085
0.199028 40.464085
0.199789 40.464085
0.200550 40.464085
0.201311 40.464085
0.202072 40.464085
0.202833 40.464085
0.203594 40.464085
0.204355 40.464085
0.205116 40.464085
0.205877 40.464085
0.206638 40.464085
0.207399 40.464085
0.208159 40.464085
0.208920 40.464085
0.209681 40.464085
0.210442 40.464085
0.211203 40.464085
0.211964 40.464085
0.212725 40.464085
0.213486 40.464085
0.214247 40.464085
0.215008 40.464085
0.215769 40.464085
0.216530 40.464085
0.217291 40.464085
0.218052 40.464085
0.218812 40.464085
0.219573 40.464085
0.220334 40.464085
0.221095 40.464085
0.221856 40.464085
0.222617 40.464085
0.223378 40.464085
0.224139 40.464085
0.224900 40.464085
0.225661 40.464085
0.226422 40.464085
0.227183 40.464085
0.227944 40.464085
0.228705 40.464085
0.229465 40.464085
0.230226 40.464085
0.230987 40.464085
0.231748 40.464085
0.232509 40.464085
0.233270 40.464085
0.234031 40.464085

0.234031 40.464085
0.234792 40.464087
0.235553 40.464094
0.236314 40.464104
0.237075 40.464118
0.237836 40.464136
0.238597 40.464158
0.239358 40.464184
0.240119 40.464214
0.240879 40.464247
0.241640 40.464283
0.242401 40.464323
0.243162 40.464366
0.243923 40.464412
0.244684 40.464461
0.245445 40.464512
0.246206 40.464566
0.246967 40.464621
0.247728 40.464679
0.248489 40.464738
0.249250 40.464799
0.250011 40.464861
0.250772 40.464923
0.251532 40.464987
0.252293 40.465051
0.253054 40.465114
0.253815 40.465178
0.254576 40.465242
0.255337 40.465304
0.256098 40.465366
0.256859 40.465427
0.257620 40.465486
0.258381 40.465544
0.259142 40.465599
0.259903 40.465653
0.260664 40.465704
0.261425 40.465753
0.262186 40.465799
0.262946 40.465842
0.263707 40.465881
0.264468 40.465918
0.265229 40.465951
0.265990 40.465981
0.266751 40.466006
0.267512 40.466029
0.268273 40.466047
0.269034 40.466061
0.269795 40.466071
0.270556 40.466077
0.271317 40.466079

0.271317 40.466079
0.272393 40.466077
0.273469 40.466071
0.274545 40.466061
0.275621 40.466047
0.276697 40.466028
0.277773 40.466006
0.278849 40.465980
0.279926 40.465950
0.281002 40.465917
0.282078 40.465880
0.283154 40.465840
0.284230 40.465797
0.285306 40.465751
0.286382 40.465702
0.287459 40.465651
0.288535 40.465597
0.289611 40.465541
0.290687 40.465484
0.291763 40.465424
0.292839 40.465364
0.293915 40.465302
0.294991 40.465239
0.296067 40.465176
0.297144 40.465112
0.298220 40.465048
0.299296 40.464984
0.300372 40.464921
0.301448 40.464858
0.302524 40.464796
0.303600 40.464736
0.304676 40.464677
0.305752 40.464619
0.306829 40.464564
0.307905 40.464510
0.308981 40.464459
0.310057 40.464411
0.311133 40.464365
0.312209 40.464322
0.313285 40.464282
0.314361 40.464246
0.315438 40.464213
0.316514 40.464184
0.317590 40.464158
0.318666 40.464136
0.319742 40.464118
0.320818 40.464104
0.321894 40.464094
0.322970 40.464087
0.324047 40.464085


0.000000 40.466201
0.000761 40.466203
0.001522 40.466206
0.002283 40.466211
0.003044 40.466219
0.003805 40.466230
0.004566 40.466242
0.005326 40.466257
0.006087 40.466275
0.006848 40.466296
0.007609 40.466319
0.008370 40.466346
0.009131 40.466375
0.009892 40.466408
0.010653 40.466445
0.011414 40.466485
0.012175 40.466528
0.012936 40.466575
0.013697 40.466626
0.014458 40.466681
0.015219 40.466739
0.015980 40.466800
0.016740 40.466865
0.017501 40.466932
0.018262 40.467003
0.019023 40.467075
0.019784 40.467149
0.020545 40.467225
0.021306 40.467302
0.022067 40.467379
0.022828 40.467456
0.023589 40.467533
0.024350 40.467609
0.025111 40.467683
0.025872 40.467755
0.026633 40.467825
0.027394 40.467892
0.028154 40.467955
0.028915 40.468016
0.029676 40.468072
0.030437 40.468123
0.031198 40.468171
0.031959 40.468213
0.032720 40.468250
0.033481 40.468282
0.034242 40.468308
0.035003 40.468328
0.035764 40.468343
0.036525 40.468352
0.037286 40.468355

0.037286 40.468355
0.038046 40.468355
0.038808 40.468354
0.039568 40.468352
0.040329 40.468349
0.041090 40.468345
0.041851 40.468341
0.042612 40.468336
0.043373 40.468331
0.044134 40.468325
0.044895 40.468318
0.045656 40.468310
0.046417 40.468302
0.047178 40.468293
0.047939 40.468284
0.048700 40.468275
0.049460 40.468265
0.050221 40.468254
0.050982 40.468244
0.051743 40.468233
0.052504 40.468221
0.053265 40.468210
0.054026 40.468199
0.054787 40.468187
0.055548 40.468175
0.056309 40.468164
0.057070 40.468152
0.057831 40.468140
0.058592 40.468129
0.059353 40.468118
0.060114 40.468107
0.060874 40.468096
0.061635 40.468086
0.062396 40.468076
0.063157 40.468066
0.063918 40.468057
0.064679 40.468049
0.065440 40.468041
0.066201 40.468033
0.066962 40.468026
0.067723 40.468019
0.068484 40.468014
0.069245 40.468008
0.070006 40.468004
0.070767 40.468000
0.071527 40.467997
0.072288 40.467994
0.073049 40.467992
0.073810 40.467991
0.074571 40.467991

0.074571 40.467991
0.075647 40.467990
0.076724 40.467985
0.077800 40.467978
0.078876 40.467967
0.079952 40.467954
0.081028 40.467938
0.082104 40.467918
0.083180 40.467896
0.084256 40.467872
0.085332 40.467844
0.086408 40.467814
0.087485 40.467780
0.088561 40.467745
0.089637 40.467707
0.090713 40.467666
0.091789 40.467623
0.092865 40.467578
0.093941 40.467531
0.095018 40.467482
0.096094 40.467431
0.097170 40.467378
0.098246 40.467324
0.099322 40.467269
0.100398 40.467213
0.101474 40.467156
0.102550 40.467098
0.103626 40.467040
0.104703 40.466982
0.105779 40.466923
0.106855 40.466866
0.107931 40.466809
0.109007 40.466753
0.110083 40.466698
0.111159 40.466645
0.112235 40.466593
0.113311 40.466544
0.114388 40.466497
0.115464 40.466453
0.116540 40.466412
0.117616 40.466373
0.118692 40.466339
0.119768 40.466307
0.120844 40.466280
0.121920 40.466256
0.122997 40.466237
0.124073 40.466221
0.125149 40.466210
0.126225 40.466204
0.127301 40.466201

0.127301 40.466201
0.128718 40.466200
0.130135 40.466195
0.131553 40.466187
0.132970 40.466176
0.134387 40.466162
0.135804 40.466145
0.137222 40.466124
0.138639 40.466101
0.140056 40.466075
0.141473 40.466046
0.142891 40.466014
0.144308 40.465980
0.145725 40.465943
0.147142 40.465904
0.148560 40.465862
0.149977 40.465819
0.151394 40.465773
0.152811 40.465725
0.154228 40.465675
0.155646 40.465624
0.157063 40.465572
0.158480 40.465517
0.159897 40.465462
0.161315 40.465406
0.162732 40.465349
0.164149 40.465291
0.165566 40.465232
0.166984 40.465173
0.168401 40.465114
0.169818 40.465055
0.171235 40.464995
0.172652 40.464936
0.174070 40.464877
0.175487 40.464819
0.176904 40.464761
0.178321 40.464704
0.179739 40.464648
0.181156 40.464593
0.182573 40.464539
0.183990 40.464487
0.185408 40.464435
0.186825 40.464386
0.188242 40.464337
0.189659 40.464291
0.191077 40.464246
0.192494 40.464203
0.193911 40.464162
0.195328 40.464123
0.196745 40.464085

0.196745 40.464085
0.197506 40.464087
0.198267 40.464094
0.199028 40.464104
0.199789 40.464118
0.200550 40.464136
0.201311 40.464158
0.202072 40.464184
0.202833 40.464213
0.203594 40.464246
0.204355 40.464282
0.205116 40.464322
0.205877 40.464365
0.206638 40.464410
0.207399 40.464459
0.208159 40.464510
0.208920 40.464563
0.209681 40.464618
0.210442 40.464676
0.211203 40.464735
0.211964 40.464795
0.212725 40.464856
0.213486 40.464919
0.214247 40.464982
0.215008 40.465045
0.215769 40.465109
0.216530 40.465172
0.217291 40.465235
0.218052 40.465298
0.218812 40.465359
0.219573 40.465419
0.220334 40.465478
0.221095 40.465536
0.221856 40.465591
0.222617 40.465644
0.223378 40.465695
0.224139 40.465744
0.224900 40.465789
0.225661 40.465832
0.226422 40.465872
0.227183 40.465908
0.227944 40.465941
0.228705 40.465970
0.229465 40.465996
0.230226 40.466018
0.230987 40.466036
0.231748 40.466050
0.232509 40.466060
0.233270 40.466066
0.234031 40.466068

0.234031 40.466068
0.234792 40.466068
0.235553 40.466069
0.236314 40.466069
0.237075 40.466069
0.237836 40.466069
0.238597 40.466069
0.239358 40.466069
0.240119 40.466069
0.240879 40.466069
0.241640 40.466070
0.242401 40.466070
0.243162 40.466070
0.243923 40.466070
0.244684 40.466071
0.245445 40.466071
0.246206 40.466071
0.246967 40.466071
0.247728 40.466072
0.248489 40.466072
0.249250 40.466072
0.250011 40.466073
0.250772 40.466073
0.251532 40.466073
0.252293 40.466074
0.253054 40.466074
0.253815 40.466074
0.254576 40.466075
0.255337 40.466075
0.256098 40.466075
0.256859 40.466076
0.257620 40.466076
0.258381 40.466076
0.259142 40.466077
0.259903 40.466077
0.260664 40.466077
0.261425 40.466078
0.262186 40.466078
0.262946 40.466078
0.263707 40.466078
0.264468 40.466078
0.265229 40.466079
0.265990 40.466079
0.266751 40.466079
0.267512 40.466079
0.268273 40.466079
0.269034 40.466079
0.269795 40.466079
0.270556 40.466079
0.271317 40.466079

0.271317 40.466079
0.272393 40.466077
0.273469 40.466071
0.274545 40.466061
0.275621 40.466047
0.276697 40.466028
0.277773 40.466006
0.278849 40.465980
0.279926 40.465950
0.281002 40.465917
0.282078 40.465880
0.283154 40.465840
0.284230 40.465797
0.285306 40.465751
0.286382 40.465702
0.287459 40.465651
0.288535 40.465597
0.289611 40.465541
0.290687 40.465484
0.291763 40.465424
0.292839 40.465364
0.293915 40.465302
0.294991 40.465239
0.296067 40.465176
0.297144 40.465112
0.298220 40.465048
0.299296 40.464984
0.300372 40.464921
0.301448 40.464858
0.302524 40.464796
0.303600 40.464736
0.304676 40.464677
0.305752 40.464619
0.306829 40.464564
0.307905 40.464510
0.308981 40.464459
0.310057 40.464411
0.311133 40.464365
0.312209 40.464322
0.313285 40.464282
0.314361 40.464246
0.315438 40.464213
0.316514 40.464184
0.317590 40.464158
0.318666 40.464136
0.319742 40.464118
0.320818 40.464104
0.321894 40.464094
0.322970 40.464087
0.324047 40.464085


0.000000 41.687216
0.000761 41.687216
0.001522 41.687216
0.002283 41.687216
0.003044 41.687216
0.003805 41.687217
0.004566 41.687217
0.005326 41.687217
0.006087 41.687217
0.006848 41.687217
0.007609 41.687217
0.008370 41.687218
0.009131 41.687218
0.009892 41.687218
0.010653 41.687218
0.011414 41.687219
0.012175 41.687219
0.012936 41.687219
0.013697 41.687219
0.014458 41.687220
0.015219 41.687220
0.015980 41.687220
0.016740 41.687221
0.017501 41.687221
0.018262 41.687222
0.019023 41.687222
0.019784 41.687222
0.020545 41.687223
0.021306 41.687223
0.022067 41.687223
0.022828 41.687224
0.023589 41.687224
0.024350 41.687224
0.025111 41.687225
0.025872 41.687225
0.026633 41.687225
0.027394 41.687226
0.028154 41.687226
0.028915 41.687226
0.029676 41.687227
0.030437 41.687227
0.031198 41.687227
0.031959 41.687227
0.032720 41.687228
0.033481 41.687228
0.034242 41.687228
0.035003 41.687228
0.035764 41.687228
0.036525 41.687228
0.037286 41.687228

0.037286 41.687228
0.038046 41.687228
0.038808 41.687228
0.039568 41.687228
0.040329 41.687228
0.041090 41.687228
0.041851 41.687228
0.042612 41.687229
0.043373 41.687229
0.044134 41.687229
0.044895 41.687229
0.045656 41.687229
0.046417 41.687229
0.047178 41.687230
0.047939 41.687230
0.048700 41.687230
0.049460 41.687230
0.050221 41.687231
0.050982 41.687231
0.051743 41.687231
0.052504 41.687232
0.053265 41.687232
0.054026 41.687232
0.054787 41.687232
0.055548 41.687233
0.056309 41.687233
0.057070 41.687233
0.057831 41.687234
0.058592 41.687234
0.059353 41.687234
0.060114 41.687235
0.060874 41.687235
0.061635 41.687235
0.062396 41.687235
0.063157 41.687236
0.063918 41.687236
0.064679 41.687236
0.065440 41.687236
0.066201 41.687237
0.066962 41.687237
0.067723 41.687237
0.068484 41.687237
0.069245 41.687237
0.070006 41.687237
0.070767 41.687238
0.071527 41.687238
0.072288 41.687238
0.073049 41.687238
0.073810 41.687238
0.074571 41.687238

0.074571 41.687238
0.075647 41.687238
0.076724 41.687238
0.077800 41.687238
0.078876 41.687237
0.079952 41.687237
0.081028 41.687237
0.082104 41.687237
0.083180 41.687236
0.084256 41.687236
0.085332 41.687236
0.086408 41.687235
0.087485 41.687235
0.088561 41.687234
0.089637 41.687234
0.090713 41.687233
0.091789 41.687232
0.092865 41.687232
0.093941 41.687231
0.095018 41.687231
0.096094 41.687230
0.097170 41.687229
0.098246 41.687229
0.099322 41.687228
0.100398 41.687227
0.101474 41.687227
0.102550 41.687226
0.103626 41.687225
0.104703 41.687225
0.105779 41.687224
0.106855 41.687223
0.107931 41.687223
0.109007 41.687222
0.110083 41.687221
0.111159 41.687221
0.112235 41.687220
0.113311 41.687220
0.114388 41.687219
0.115464 41.687219
0.116540 41.687218
0.117616 41.687218
0.118692 41.687218
0.119768 41.687217
0.120844 41.687217
0.121920 41.687217
0.122997 41.687217
0.124073 41.687216
0.125149 41.687216
0.126225 41.687216
0.127301 41.687216

0.127301 41.687216
0.128718 41.687219
0.130135 41.687227
0.131553 41.687240
0.132970 41.687259
0.134387 41.687283
0.135804 41.687312
0.137222 41.687346
0.138639 41.687385
0.140056 41.687428
0.141473 41.687476
0.142891 41.687528
0.144308 41.687585
0.145725 41.687645
0.147142 41.687709
0.148560 41.687776
0.149977 41.687846
0.151394 41.687919
0.152811 41.687995
0.154228 41.688073
0.155646 41.688152
0.157063 41.688233
0.158480 41.688316
0.159897 41.688399
0.161315 41.688483
0.162732 41.688567
0.164149 41.688650
0.165566 41.688734
0.166984 41.688816
0.168401 41.688897
0.169818 41.688977
0.171235 41.689055
0.172652 41.689131
0.174070 41.689204
0.175487 41.689274
0.176904 41.689342
0.178321 41.689406
0.179739 41.689466
0.181156 41.689523
0.182573 41.689575
0.183990 41.689624
0.185408 41.689667
0.186825 41.689706
0.188242 41.689741
0.189659 41.689770
0.191077 41.689794
0.192494 41.689813
0.193911 41.689827
0.195328 41.689835
0.196745 41.689838

0.196745 41.689838
0.197506 41.689838
0.198267 41.689838
0.199028 41.689838
0.199789 41.689838
0.200550 41.689838
0.201311 41.689838
0.202072 41.689838
0.202833 41.689838
0.203594 41.689838
0.204355 41.689838
0.205116 41.689838
0.205877 41.689838
0.206638 41.689838
0.207399 41.689838
0.208159 41.689838
0.208920 41.689838
0.209681 41.689838
0.210442 41.689838
0.211203 41.689838
0.211964 41.689838
0.212725 41.689838
0.213486 41.689838
0.214247 41.689838
0.215008 41.689838
0.215769 41.689838
0.216530 41.689838
0.217291 41.689838
0.218052 41.689838
0.218812 41.689838
0.219573 41.689838
0.220334 41.689838
0.221095 41.689838
0.221856 41.689838
0.222617 41.689838
0.223378 41.689838
0.224139 41.689838
0.224900 41.689838
0.225661 41.689838
0.226422 41.689838
0.227183 41.689838
0.227944 41.689838
0.228705 41.689838
0.229465 41.689838
0.230226 41.689838
0.230987 41.689838
0.231748 41.689838
0.232509 41.689838
0.233270 41.689838
0.234031 41.689838

0.234031 41.689838
0.234792 41.689838
0.235553 41.689838
0.236314 41.689838
0.237075 41.689838
0.237836 41.689839
0.238597 41.689839
0.239358 41.689839
0.240119 41.689839
0.240879 41.689839
0.241640 41.689840
0.242401 41.689840
0.243162 41.689840
0.243923 41.689841
0.244684 41.689841
0.245445 41.689842
0.246206 41.689842
0.246967 41.689842
0.247728 41.689843
0.248489 41.689843
0.249250 41.689844
0.250011 41.689844
0.250772 41.689845
0.251532 41.689845
0.252293 41.689846
0.253054 41.689846
0.253815 41.689847
0.254576 41.689847
0.255337 41.689848
0.256098 41.689848
0.256859 41.689849
0.257620 41.689849
0.258381 41.689850
0.259142 41.689850
0.259903 41.689850
0.260664 41.689851
0.261425 41.689851
0.262186 41.689852
0.262946 41.689852
0.263707 41.689852
0.264468 41.689852
0.265229 41.689853
0.265990 41.689853
0.266751 41.689853
0.267512 41.689853
0.268273 41.689853
0.269034 41.689854
0.269795 41.689854
0.270556 41.689854
0.271317 41.689854

0.271317 41.689854
0.272393 41.689854
0.273469 41.689854
0.274545 41.689854
0.275621 41.689854
0.276697 41.689853
0.277773 41.689853
0.278849 41.689853
0.279926 41.689853
0.281002 41.689853
0.282078 41.689853
0.283154 41.689852
0.284230 41.689852
0.285306 41.689852
0.286382 41.689852
0.287459 41.689851
0.288535 41.689851
0.289611 41.689851
0.290687 41.689850
0.291763 41.689850
0.292839 41.689850
0.293915 41.689849
0.294991 41.689849
0.296067 41.689848
0.297144 41.689848
0.298220 41.689847
0.299296 41.689847
0.300372 41.689846
0.301448 41.689846
0.302524 41.689845
0.303600 41.689845
0.304676 41.689844
0.305752 41.689844
0.306829 41.689843
0.307905 41.689843
0.308981 41.689842
0.310057 41.689842
0.311133 41.689841
0.312209 41.689841
0.313285 41.689840
0.314361 41.689840
0.315438 41.689840
0.316514 41.689839
0.317590 41.689839
0.318666 41.689839
0.319742 41.689839
0.320818 41.689838
0.321894 41.689838
0.322970 41.689838
0.324047 41.689838


0.000000 41.687240
0.000761 41.687240
0.001522 41.687240
0.002283 41.687240
0.003044 41.687240
0.003805 41.687240
0.004566 41.687240
0.005326 41.687240
0.006087 41.687240
0.006848 41.687240
0.007609 41.687240
0.008370 41.687240
0.009131 41.687240
0.009892 41.687240
0.010653 41.687240
0.011414 41.687240
0.012175 41.687239
0.012936 41.687239
0.013697 41.687239
0.014458 41.687239
0.015219 41.687239
0.015980 41.687239
0.016740 41.687239
0.017501 41.687239
0.018262 41.687239
0.019023 41.687239
0.019784 41.687239
0.020545 41.687239
0.021306 41.687239
0.022067 41.687239
0.022828 41.687239
0.023589 41.687238
0.024350 41.687238
0.025111 41.687238
0.025872 41.687238
0.026633 41.687238
0.027394 41.687238
0.028154 41.687238
0.028915 41.687238
0.029676 41.687238
0.030437 41.687238
0.031198 41.687238
0.031959 41.687237
0.032720 41.687237
0.033481 41.687237
0.034242 41.687237
0.035003 41.687237
0.035764 41.687237
0.036525 41.687237
0.037286 41.687237

0.037286 41.687237
0.038046 41.687237
0.038808 41.687237
0.039568 41.687237
0.040329 41.687237
0.041090 41.687237
0.041851 41.687237
0.042612 41.687237
0.043373 41.687237
0.044134 41.687237
0.044895 41.687237
0.045656 41.687237
0.046417 41.687237
0.047178 41.687237
0.047939 41.687237
0.048700 41.687237
0.049460 41.687237
0.050221 41.687237
0.050982 41.687237
0.051743 41.687237
0.052504 41.687237
0.053265 41.687237
0.054026 41.687237
0.054787 41.687237
0.055548 41.687237
0.056309 41.687237
0.057070 41.687238
0.057831 41.687238
0.058592 41.687238
0.059353 41.687238
0.060114 41.687238
0.060874 41.687238
0.061635 41.687238
0.062396 41.687238
0.063157 41.687238
0.063918 41.687238
0.064679 41.687238
0.065440 41.687238
0.066201 41.687238
0.066962 41.687238
0.067723 41.687238
0.068484 41.687238
0.069245 41.687238
0.070006 41.687238
0.070767 41.687238
0.071527 41.687238
0.072288 41.687238
0.073049 41.687238
0.073810 41.687238
0.074571 41.687238

0.074571 41.687238
0.075647 41.687238
0.076724 41.687238
0.077800 41.687238
0.078876 41.687238
0.079952 41.687238
0.081028 41.687238
0.082104 41.687238
0.083180 41.687238
0.084256 41.687238
0.085332 41.687238
0.086408 41.687238
0.087485 41.687238
0.088561 41.687238
0.089637 41.687238
0.090713 41.687238
0.091789 41.687238
0.092865 41.687238
0.093941 41.687238
0.095018 41.687238
0.096094 41.687238
0.097170 41.687238
0.098246 41.687239
0.099322 41.687239
0.100398 41.687239
0.101474 41.687239
0.102550 41.687239
0.103626 41.687239
0.104703 41.687239
0.105779 41.687239
0.106855 41.687239
0.107931 41.687239
0.109007 41.687239
0.110083 41.687239
0.111159 41.687239
0.112235 41.687239
0.113311 41.687239
0.114388 41.687239
0.115464 41.687240
0.116540 41.687240
0.117616 41.687240
0.118692 41.687240
0.119768 41.687240
0.120844 41.687240
0.121920 41.687240
0.122997 41.687240
0.124073 41.687240
0.125149 41.687240
0.126225 41.687240
0.127301 41.687240

0.127301 41.687240
0.128718 41.687243
0.130135 41.687251
0.131553 41.687264
0.132970 41.687282
0.134387 41.687306
0.135804 41.687335
0.137222 41.687369
0.138639 41.687407
0.140056 41.687451
0.141473 41.687498
0.142891 41.687551
0.144308 41.687607
0.145725 41.687667
0.147142 41.687730
0.148560 41.687797
0.149977 41.687867
0.151394 41.687940
0.152811 41.688015
0.154228 41.688092
0.155646 41.688171
0.157063 41.688252
0.158480 41.688334
0.159897 41.688417
0.161315 41.688500
0.162732 41.688583
0.164149 41.688667
0.165566 41.688749
0.166984 41.688831
0.168401 41.688912
0.169818 41.688991
0.171235 41.689068
0.172652 41.689143
0.174070 41.689216
0.175487 41.689285
0.176904 41.689352
0.178321 41.689415
0.179739 41.689475
0.181156 41.689531
0.182573 41.689583
0.183990 41.689630
0.185408 41.689673
0.186825 41.689712
0.188242 41.689745
0.189659 41.689774
0.191077 41.689797
0.192494 41.689815
0.193911 41.689828
0.195328 41.689836
0.196745 41.689838

0.196745 41.689838
0.197506 41.689838
0.198267 41.689838
0.199028 41.689838
0.199789 41.689839
0.200550 41.689839
0.201311 41.689839
0.202072 41.689839
0.202833 41.689840
0.203594 41.689840
0.204355 41.689840
0.205116 41.689841
0.205877 41.689841
0.206638 41.689842
0.207399 41.689842
0.208159 41.689843
0.208920 41.689843
0.209681 41.689844
0.210442 41.689845
0.211203 41.689845
0.211964 41.689846
0.212725 41.689847
0.213486 41.689847
0.214247 41.689848
0.215008 41.689849
0.215769 41.689849
0.216530 41.689850
0.217291 41.689851
0.218052 41.689851
0.218812 41.689852
0.219573 41.689853
0.220334 41.689853
0.221095 41.689854
0.221856 41.689855
0.222617 41.689855
0.223378 41.689856
0.224139 41.689856
0.224900 41.689857
0.225661 41.689857
0.226422 41.689858
0.227183 41.689858
0.227944 41.689859
0.228705 41.689859
0.229465 41.689859
0.230226 41.689859
0.230987 41.689860
0.231748 41.689860
0.232509 41.689860
0.233270 41.689860
0.234031 41.689860

0.234031 41.689860
0.234792 41.689860
0.235553 41.689860
0.236314 41.689860
0.237075 41.689860
0.237836 41.689860
0.238597 41.689860
0.239358 41.689860
0.240119 41.689859
0.240879 41.689859
0.241640 41.689859
0.242401 41.689859
0.243162 41.689859
0.243923 41.689859
0.244684 41.689859
0.245445 41.689858
0.246206 41.689858
0.246967 41.689858
0.247728 41.689858
0.248489 41.689858
0.249250 41.689858
0.250011 41.689857
0.250772 41.689857
0.251532 41.689857
0.252293 41.689857
0.253054 41.689857
0.253815 41.689856
0.254576 41.689856
0.255337 41.689856
0.256098 41.689856
0.256859 41.689856
0.257620 41.689855
0.258381 41.689855
0.259142 41.689855
0.259903 41.689855
0.260664 41.689855
0.261425 41.689855
0.262186 41.689855
0.262946 41.689854
0.263707 41.689854
0.264468 41.689854
0.265229 41.689854
0.265990 41.689854
0.266751 41.689854
0.267512 41.689854
0.268273 41.689854
0.269034 41.689854
0.269795 41.689854
0.270556 41.689854
0.271317 41.689854

0.271317 41.689854
0.272393 41.689854
0.273469 41.689854
0.274545 41.689854
0.275621 41.689854
0.276697 41.689853
0.277773 41.689853
0.278849 41.689853
0.279926 41.689853
0.281002 41.689853
0.282078 41.689853
0.283154 41.689852
0.284230 41.689852
0.285306 41.689852
0.286382 41.689852
0.287459 41.689851
0.288535 41.689851
0.289611 41.689851
0.290687 41.689850
0.291763 41.689850
0.292839 41.689850
0.293915 41.689849
0.294991 41.689849
0.296067 41.689848
0.297144 41.689848
0.298220 41.689847
0.299296 41.689847
0.300372 41.689846
0.301448 41.689846
0.302524 41.689845
0.303600 41.689845
0.304676 41.689844
0.305752 41.689844
0.306829 41.689843
0.307905 41.689843
0.308981 41.689842
0.310057 41.689842
0.311133 41.689841
0.312209 41.689841
0.313285 41.689840
0.314361 41.689840
0.315438 41.689840
0.316514 41.689839
0.317590 41.689839
0.318666 41.689839
0.319742 41.689839
0.320818 41.689838
0.321894 41.689838
0.322970 41.689838
0.324047 41.689838


0.000000 42.034422
0.000761 42.034444
0.001522 42.034511
0.002283 42.034621
0.003044 42.034774
0.003805 42.034970
0.004566 42.035207
0.005326 42.035483
0.006087 42.035797
0.006848 42.036147
0.007609 42.036531
0.008370 42.036947
0.009131 42.037392
0.009892 42.037863
0.010653 42.038357
0.011414 42.038872
0.012175 42.039404
0.012936 42.039950
0.013697 42.040506
0.014458 42.041070
0.015219 42.041639
0.015980 42.042208
0.016740 42.042774
0.017501 42.043336
0.018262 42.043888
0.019023 42.044430
0.019784 42.044958
0.020545 42.045470
0.021306 42.045964
0.022067 42.046439
0.022828 42.046892
0.023589 42.047322
0.024350 42.047729
0.025111 42.048112
0.025872 42.048470
0.026633 42.048804
0.027394 42.049112
0.028154 42.049396
0.028915 42.049655
0.029676 42.049890
0.030437 42.050100
0.031198 42.050287
0.031959 42.050451
0.032720 42.050592
0.033481 42.050711
0.034242 42.050807
0.035003 42.050882
0.035764 42.050935
0.036525 42.050967
0.037286 42.050978

0.037286 42.050978
0.038046 42.051005
0.038808 42.051085
0.039568 42.051220
0.040329 42.051407
0.041090 42.051646
0.041851 42.051937
0.042612 42.052277
0.043373 42.052666
0.044134 42.053102
0.044895 42.053583
0.045656 42.054107
0.046417 42.054671
0.047178 42.055274
0.047939 42.055913
0.048700 42.056585
0.049460 42.057288
0.050221 42.058018
0.050982 42.058772
0.051743 42.059548
0.052504 42.060341
0.053265 42.061150
0.054026 42.061970
0.054787 42.062798
0.055548 42.063630
0.056309 42.064464
0.057070 42.065296
0.057831 42.066121
0.058592 42.066938
0.059353 42.067743
0.060114 42.068532
0.060874 42.069302
0.061635 42.070050
0.062396 42.070773
0.063157 42.071468
0.063918 42.072133
0.064679 42.072764
0.065440 42.073359
0.066201 42.073915
0.066962 42.074431
0.067723 42.074905
0.068484 42.075333
0.069245 42.075716
0.070006 42.076051
0.070767 42.076336
0.071527 42.076571
0.072288 42.076755
0.073049 42.076887
0.073810 42.076966
0.074571 42.076992

0.074571 42.076992
0.075647 42.076949
0.076724 42.076820
0.077800 42.076605
0.078876 42.076306
0.079952 42.075923
0.081028 42.075457
0.082104 42.074912
0.083180 42.074289
0.084256 42.073590
0.085332 42.072818
0.086408 42.071977
0.087485 42.071069
0.088561 42.070098
0.089637 42.069069
0.090713 42.067984
0.091789 42.066850
0.092865 42.065669
0.093941 42.064447
0.095018 42.063189
0.096094 42.061900
0.097170 42.060585
0.098246 42.059250
0.099322 42.057899
0.100398 42.056539
0.101474 42.055175
0.102550 42.053812
0.103626 42.052457
0.104703 42.051114
0.105779 42.049790
0.106855 42.048489
0.107931 42.047218
0.109007 42.045981
0.110083 42.044784
0.111159 42.043632
0.112235 42.042529
0.113311 42.041481
0.114388 42.040491
0.115464 42.039564
0.116540 42.038704
0.117616 42.037914
0.118692 42.037198
0.119768 42.036559
0.120844 42.035999
0.121920 42.035522
0.122997 42.035128
0.124073 42.034820
0.125149 42.034599
0.126225 42.034466
0.127301 42.034422

0.127301 42.034422
0.128718 42.034427
0.130135 42.034440
0.131553 42.034462
0.132970 42.034494
0.134387 42.034534
0.135804 42.034584
0.137222 42.034643
0.138639 42.034711
0.140056 42.034788
0.141473 42.034876
0.142891 42.034973
0.144308 42.035080
0.145725 42.035197
0.147142 42.035324
0.148560 42.035462
0.149977 42.035610
0.151394 42.035769
0.152811 42.035939
0.154228 42.036120
0.155646 42.036313
0.157063 42.036517
0.158480 42.036733
0.159897 42.036961
0.161315 42.037201
0.162732 42.037453
0.164149 42.037717
0.165566 42.037994
0.166984 42.038284
0.168401 42.038586
0.169818 42.038900
0.171235 42.039228
0.172652 42.039568
0.174070 42.039920
0.175487 42.040286
0.176904 42.040664
0.178321 42.041054
0.179739 42.041456
0.181156 42.041871
0.182573 42.042298
0.183990 42.042736
0.185408 42.043186
0.186825 42.043647
0.188242 42.044119
0.189659 42.044601
0.191077 42.045093
0.192494 42.045595
0.193911 42.046106
0.195328 42.046626
0.196745 42.047154

0.196745 42.047154
0.197506 42.047153
0.198267 42.047153
0.199028 42.047152
0.199789 42.047150
0.200550 42.047148
0.201311 42.047145
0.202072 42.047143
0.202833 42.047139
0.203594 42.047135
0.204355 42.047131
0.205116 42.047127
0.205877 42.047122
0.206638 42.047117
0.207399 42.047111
0.208159 42.047105
0.208920 42.047099
0.209681 42.047093
0.210442 42.047086
0.211203 42.047079
0.211964 42.047072
0.212725 42.047065
0.213486 42.047058
0.214247 42.047050
0.215008 42.047043
0.215769 42.047035
0.216530 42.047028
0.217291 42.047020
0.218052 42.047013
0.218812 42.047005
0.219573 42.046998
0.220334 42.046991
0.221095 42.046984
0.221856 42.046977
0.222617 42.046971
0.223378 42.046964
0.224139 42.046959
0.224900 42.046953
0.225661 42.046948
0.226422 42.046943
0.227183 42.046938
0.227944 42.046934
0.228705 42.046931
0.229465 42.046927
0.230226 42.046925
0.230987 42.046922
0.231748 42.046921
0.232509 42.046919
0.233270 42.046919
0.234031 42.046918

0.234031 42.046918
0.234792 42.046947
0.235553 42.047032
0.236314 42.047174
0.237075 42.047371
0.237836 42.047623
0.238597 42.047929
0.239358 42.048288
0.240119 42.048698
0.240879 42.049157
0.241640 42.049663
0.242401 42.050215
0.243162 42.050810
0.243923 42.051446
0.244684 42.052119
0.245445 42.052828
0.246206 42.053568
0.246967 42.054338
0.247728 42.055133
0.248489 42.055951
0.249250 42.056789
0.250011 42.057642
0.250772 42.058507
0.251532 42.059380
0.252293 42.060259
0.253054 42.061139
0.253815 42.062017
0.254576 42.062889
0.255337 42.063752
0.256098 42.064602
0.256859 42.065436
0.257620 42.066249
0.258381 42.067040
0.259142 42.067804
0.259903 42.068539
0.260664 42.069242
0.261425 42.069909
0.262186 42.070538
0.262946 42.071127
0.263707 42.071673
0.264468 42.072173
0.265229 42.072627
0.265990 42.073032
0.266751 42.073386
0.267512 42.073688
0.268273 42.073937
0.269034 42.074131
0.269795 42.074271
0.270556 42.074355
0.271317 42.074383

0.271317 42.074383
0.272393 42.074355
0.273469 42.074271
0.274545 42.074131
0.275621 42.073937
0.276697 42.073688
0.277773 42.073386
0.278849 42.073032
0.279926 42.072628
0.281002 42.072175
0.282078 42.071675
0.283154 42.071130
0.284230 42.070543
0.285306 42.069916
0.286382 42.069251
0.287459 42.068551
0.288535 42.067819
0.289611 42.067059
0.290687 42.066272
0.291763 42.065463
0.292839 42.064635
0.293915 42.063791
0.294991 42.062935
0.296067 42.062069
0.297144 42.061199
0.298220 42.060327
0.299296 42.059456
0.300372 42.058591
0.301448 42.057735
0.302524 42.056891
0.303600 42.056063
0.304676 42.055255
0.305752 42.054469
0.306829 42.053709
0.307905 42.052978
0.308981 42.052279
0.310057 42.051614
0.311133 42.050988
0.312209 42.050401
0.313285 42.049857
0.314361 42.049358
0.315438 42.048906
0.316514 42.048502
0.317590 42.048149
0.318666 42.047847
0.319742 42.047599
0.320818 42.047405
0.321894 42.047265
0.322970 42.047182
0.324047 42.047154


0.000000 42.067207
0.000761 42.067212
0.001522 42.067227
0.002283 42.067251
0.003044 42.067286
0.003805 42.067330
0.004566 42.067385
0.005326 42.067450
0.006087 42.067526
0.006848 42.067613
0.007609 42.067711
0.008370 42.067821
0.009131 42.067943
0.009892 42.068077
0.010653 42.068223
0.011414 42.068382
0.012175 42.068555
0.012936 42.068741
0.013697 42.068941
0.014458 42.069155
0.015219 42.069383
0.015980 42.069624
0.016740 42.069880
0.017501 42.070149
0.018262 42.070431
0.019023 42.070725
0.019784 42.071031
0.020545 42.071347
0.021306 42.071672
0.022067 42.072005
0.022828 42.072343
0.023589 42.072684
0.024350 42.073027
0.025111 42.073370
0.025872 42.073708
0.026633 42.074041
0.027394 42.074365
0.028154 42.074678
0.028915 42.074977
0.029676 42.075260
0.030437 42.075524
0.031198 42.075766
0.031959 42.075986
0.032720 42.076180
0.033481 42.076348
0.034242 42.076487
0.035003 42.076597
0.035764 42.076676
0.036525 42.076723
0.037286 42.076739

0.037286 42.076739
0.038046 42.076740
0.038808 42.076740
0.039568 42.076742
0.040329 42.076743
0.041090 42.076746
0.041851 42.076749
0.042612 42.076752
0.043373 42.076756
0.044134 42.076760
0.044895 42.076764
0.045656 42.076769
0.046417 42.076775
0.047178 42.076781
0.047939 42.076787
0.048700 42.076793
0.049460 42.076800
0.050221 42.076807
0.050982 42.076814
0.051743 42.076822
0.052504 42.076830
0.053265 42.076837
0.054026 42.076845
0.054787 42.076854
0.055548 42.076862
0.056309 42.076870
0.057070 42.076878
0.057831 42.076886
0.058592 42.076894
0.059353 42.076902
0.060114 42.076909
0.060874 42.076917
0.061635 42.076924
0.062396 42.076931
0.063157 42.076938
0.063918 42.076945
0.064679 42.076951
0.065440 42.076957
0.066201 42.076962
0.066962 42.076967
0.067723 42.076972
0.068484 42.076976
0.069245 42.076980
0.070006 42.076983
0.070767 42.076986
0.071527 42.076988
0.072288 42.076990
0.073049 42.076991
0.073810 42.076992
0.074571 42.076992

0.074571 42.076992
0.075647 42.076982
0.076724 42.076951
0.077800 42.076900
0.078876 42.076828
0.079952 42.076736
0.081028 42.076625
0.082104 42.076495
0.083180 42.076346
0.084256 42.076180
0.085332 42.075996
0.086408 42.075796
0.087485 42.075581
0.088561 42.075352
0.089637 42.075108
0.090713 42.074853
0.091789 42.074586
0.092865 42.074309
0.093941 42.074023
0.095018 42.073729
0.096094 42.073429
0.097170 42.073123
0.098246 42.072814
0.099322 42.072502
0.100398 42.072188
0.101474 42.071875
0.102550 42.071562
0.103626 42.071252
0.104703 42.070946
0.105779 42.070645
0.106855 42.070350
0.107931 42.070062
0.109007 42.069783
0.110083 42.069513
0.111159 42.069255
0.112235 42.069007
0.113311 42.068773
0.114388 42.068552
0.115464 42.068346
0.116540 42.068154
0.117616 42.067979
0.118692 42.067820
0.119768 42.067679
0.120844 42.067555
0.121920 42.067450
0.122997 42.067363
0.124073 42.067295
0.125149 42.067246
0.126225 42.067217
0.127301 42.067207

0.127301 42.067207
0.128718 42.067195
0.130135 42.067159
0.131553 42.067099
0.132970 42.067016
0.134387 42.066908
0.135804 42.066778
0.137222 42.066624
0.138639 42.066447
0.140056 42.066248
0.141473 42.066026
0.142891 42.065783
0.144308 42.065518
0.145725 42.065232
0.147142 42.064926
0.148560 42.064601
0.149977 42.064256
0.151394 42.063892
0.152811 42.063510
0.154228 42.063111
0.155646 42.062696
0.157063 42.062265
0.158480 42.061818
0.159897 42.061358
0.161315 42.060884
0.162732 42.060397
0.164149 42.059898
0.165566 42.059389
0.166984 42.058869
0.168401 42.058340
0.169818 42.057803
0.171235 42.057258
0.172652 42.056707
0.174070 42.056149
0.175487 42.055588
0.176904 42.055022
0.178321 42.054453
0.179739 42.053882
0.181156 42.053309
0.182573 42.052736
0.183990 42.052163
0.185408 42.051592
0.186825 42.051022
0.188242 42.050456
0.189659 42.049892
0.191077 42.049333
0.192494 42.048779
0.193911 42.048231
0.195328 42.047689
0.196745 42.047154

0.196745 42.047154
0.197506 42.047182
0.198267 42.047266
0.199028 42.047407
0.199789 42.047603
0.200550 42.047853
0.201311 42.048157
0.202072 42.048513
0.202833 42.048919
0.203594 42.049375
0.204355 42.049878
0.205116 42.050425
0.205877 42.051015
0.206638 42.051646
0.207399 42.052314
0.208159 42.053017
0.208920 42.053751
0.209681 42.054515
0.210442 42.055304
0.211203 42.056115
0.211964 42.056945
0.212725 42.057791
0.213486 42.058649
0.214247 42.059515
0.215008 42.060387
0.215769 42.061259
0.216530 42.062129
0.217291 42.062994
0.218052 42.063849
0.218812 42.064691
0.219573 42.065517
0.220334 42.066323
0.221095 42.067107
0.221856 42.067864
0.222617 42.068592
0.223378 42.069288
0.224139 42.069949
0.224900 42.070572
0.225661 42.071155
0.226422 42.071696
0.227183 42.072191
0.227944 42.072641
0.228705 42.073041
0.229465 42.073392
0.230226 42.073691
0.230987 42.073937
0.231748 42.074130
0.232509 42.074268
0.233270 42.074351
0.234031 42.074379

0.234031 42.074379
0.234792 42.074379
0.235553 42.074379
0.236314 42.074379
0.237075 42.074379
0.237836 42.074379
0.238597 42.074379
0.239358 42.074379
0.240119 42.074379
0.240879 42.074379
0.241640 42.074379
0.242401 42.074379
0.243162 42.074380
0.243923 42.074380
0.244684 42.074380
0.245445 42.074380
0.246206 42.074380
0.246967 42.074380
0.247728 42.074380
0.248489 42.074380
0.249250 42.074380
0.250011 42.074381
0.250772 42.074381
0.251532 42.074381
0.252293 42.074381
0.253054 42.074381
0.253815 42.074381
0.254576 42.074381
0.255337 42.074381
0.256098 42.074381
0.256859 42.074382
0.257620 42.074382
0.258381 42.074382
0.259142 42.074382
0.259903 42.074382
0.260664 42.074382
0.261425 42.074382
0.262186 42.074382
0.262946 42.074382
0.263707 42.074382
0.264468 42.074383
0.265229 42.074383
0.265990 42.074383
0.266751 42.074383
0.267512 42.074383
0.268273 42.074383
0.269034 42.074383
0.269795 42.074383
0.270556 42.074383
0.271317 42.074383

0.271317 42.074383
0.272393 42.074355
0.273469 42.074271
0.274545 42.074131
0.275621 42.073937
0.276697 42.073688
0.277773 42.073386
0.278849 42.073032
0.279926 42.072628
0.281002 42.072175
0.282078 42.071675
0.283154 42.071130
0.284230 42.070543
0.285306 42.069916
0.286382 42.069251
0.287459 42.068551
0.288535 42.067819
0.289611 42.067059
0.290687 42.066272
0.291763 42.065463
0.292839 42.064635
0.293915 42.063791
0.294991 42.062935
0.296067 42.062069
0.297144 42.061199
0.298220 42.060327
0.299296 42.059456
0.300372 42.058591
0.301448 42.057735
0.302524 42.056891
0.303600 42.056063
0.304676 42.055255
0.305752 42.054469
0.306829 42.053709
0.307905 42.052978
0.308981 42.052279
0.310057 42.051614
0.311133 42.050988
0.312209 42.050401
0.313285 42.049857
0.314361 42.049358
0.315438 42.048906
0.316514 42.048502
0.317590 42.048149
0.318666 42.047847
0.319742 42.047599
0.320818 42.047405
0.321894 42.047265
0.322970 42.047182
0.324047 42.047154


0.000000 42.382735
0.000761 42.382681
0.001522 42.382519
0.002283 42.382248
0.003044 42.381867
0.003805 42.381376
0.004566 42.380774
0.005326 42.380061
0.006087 42.379239
0.006848 42.378310
0.007609 42.377278
0.008370 42.376149
0.009131 42.374931
0.009892 42.373631
0.010653 42.372260
0.011414 42.370828
0.012175 42.369343
0.012936 42.367818
0.013697 42.366261
0.014458 42.364683
0.015219 42.363092
0.015980 42.361497
0.016740 42.359905
0.017501 42.358325
0.018262 42.356761
0.019023 42.355221
0.019784 42.353710
0.020545 42.352233
0.021306 42.350795
0.022067 42.349399
0.022828 42.348051
0.023589 42.346753
0.024350 42.345509
0.025111 42.344321
0.025872 42.343193
0.026633 42.342127
0.027394 42.341126
0.028154 42.340190
0.028915 42.339323
0.029676 42.338526
0.030437 42.337800
0.031198 42.337147
0.031959 42.336568
0.032720 42.336064
0.033481 42.335636
0.034242 42.335285
0.035003 42.335012
0.035764 42.334816
0.036525 42.334698
0.037286 42.334659

0.037286 42.334659
0.038046 42.334654
0.038808 42.334638
0.039568 42.334612
0.040329 42.334575
0.041090 42.334527
0.041851 42.334468
0.042612 42.334398
0.043373 42.334316
0.044134 42.334221
0.044895 42.334114
0.045656 42.333995
0.046417 42.333861
0.047178 42.333713
0.047939 42.333550
0.048700 42.333372
0.049460 42.333178
0.050221 42.332967
0.050982 42.332738
0.051743 42.332492
0.052504 42.332227
0.053265 42.331943
0.054026 42.331640
0.054787 42.331318
0.055548 42.330977
0.056309 42.330617
0.057070 42.330240
0.057831 42.329846
0.058592 42.329436
0.059353 42.329014
0.060114 42.328581
0.060874 42.328140
0.061635 42.327694
0.062396 42.327245
0.063157 42.326799
0.063918 42.326359
0.064679 42.325927
0.065440 42.325510
0.066201 42.325109
0.066962 42.324729
0.067723 42.324374
0.068484 42.324047
0.069245 42.323751
0.070006 42.323489
0.070767 42.323262
0.071527 42.323074
0.072288 42.322926
0.073049 42.322819
0.073810 42.322755
0.074571 42.322733

0.074571 42.322733
0.075647 42.322777
0.076724 42.322906
0.077800 42.323121
0.078876 42.323422
0.079952 42.323808
0.081028 42.324279
0.082104 42.324833
0.083180 42.325470
0.084256 42.326190
0.085332 42.326990
0.086408 42.327870
0.087485 42.328829
0.088561 42.329863
0.089637 42.330973
0.090713 42.332156
0.091789 42.333409
0.092865 42.334732
0.093941 42.336120
0.095018 42.337573
0.096094 42.339086
0.097170 42.340658
0.098246 42.342284
0.099322 42.343961
0.100398 42.345685
0.101474 42.347453
0.102550 42.349260
0.103626 42.351101
0.104703 42.352971
0.105779 42.354864
0.106855 42.356774
0.107931 42.358695
0.109007 42.360619
0.110083 42.362538
0.111159 42.364444
0.112235 42.366327
0.113311 42.368175
0.114388 42.369978
0.115464 42.371724
0.116540 42.373397
0.117616 42.374985
0.118692 42.376470
0.119768 42.377836
0.120844 42.379067
0.121920 42.380144
0.122997 42.381053
0.124073 42.381778
0.125149 42.382306
0.126225 42.382627
0.127301 42.382735

0.127301 42.382735
0.128718 42.382742
0.130135 42.382764
0.131553 42.382801
0.132970 42.382853
0.134387 42.382919
0.135804 42.383001
0.137222 42.383096
0.138639 42.383207
0.140056 42.383331
0.141473 42.383470
0.142891 42.383624
0.144308 42.383791
0.145725 42.383972
0.147142 42.384167
0.148560 42.384376
0.149977 42.384598
0.151394 42.384833
0.152811 42.385082
0.154228 42.385343
0.155646 42.385616
0.157063 42.385902
0.158480 42.386201
0.159897 42.386511
0.161315 42.386832
0.162732 42.387165
0.164149 42.387508
0.165566 42.387862
0.166984 42.388227
0.168401 42.388601
0.169818 42.388984
0.171235 42.389377
0.172652 42.389779
0.174070 42.390189
0.175487 42.390606
0.176904 42.391032
0.178321 42.391464
0.179739 42.391903
0.181156 42.392348
0.182573 42.392799
0.183990 42.393255
0.185408 42.393715
0.186825 42.394180
0.188242 42.394649
0.189659 42.395121
0.191077 42.395596
0.192494 42.396072
0.193911 42.396551
0.195328 42.397031
0.196745 42.397511

0.196745 42.397511
0.197506 42.397396
0.198267 42.397054
0.199028 42.396493
0.199789 42.395726
0.200550 42.394770
0.201311 42.393643
0.202072 42.392366
0.202833 42.390958
0.203594 42.389438
0.204355 42.387825
0.205116 42.386135
0.205877 42.384383
0.206638 42.382583
0.207399 42.380748
0.208159 42.378888
0.208920 42.377014
0.209681 42.375135
0.210442 42.373257
0.211203 42.371389
0.211964 42.369538
0.212725 42.367708
0.213486 42.365905
0.214247 42.364135
0.215008 42.362401
0.215769 42.360708
0.216530 42.359060
0.217291 42.357460
0.218052 42.355911
0.218812 42.354416
0.219573 42.352978
0.220334 42.351600
0.221095 42.350283
0.221856 42.349031
0.222617 42.347845
0.223378 42.346728
0.224139 42.345680
0.224900 42.344703
0.225661 42.343800
0.226422 42.342970
0.227183 42.342216
0.227944 42.341539
0.228705 42.340939
0.229465 42.340417
0.230226 42.339974
0.230987 42.339611
0.231748 42.339328
0.232509 42.339126
0.233270 42.339005
0.234031 42.338964

0.234031 42.338964
0.234792 42.338963
0.235553 42.338960
0.236314 42.338956
0.237075 42.338949
0.237836 42.338941
0.238597 42.338931
0.239358 42.338919
0.240119 42.338905
0.240879 42.338889
0.241640 42.338872
0.242401 42.338854
0.243162 42.338834
0.243923 42.338812
0.244684 42.338789
0.245445 42.338765
0.246206 42.338739
0.246967 42.338712
0.247728 42.338685
0.248489 42.338656
0.249250 42.338627
0.250011 42.338596
0.250772 42.338566
0.251532 42.338534
0.252293 42.338503
0.253054 42.338471
0.253815 42.338439
0.254576 42.338407
0.255337 42.338375
0.256098 42.338343
0.256859 42.338312
0.257620 42.338281
0.258381 42.338252
0.259142 42.338223
0.259903 42.338195
0.260664 42.338168
0.261425 42.338142
0.262186 42.338117
0.262946 42.338095
0.263707 42.338073
0.264468 42.338054
0.265229 42.338036
0.265990 42.338020
0.266751 42.338006
0.267512 42.337994
0.268273 42.337984
0.269034 42.337976
0.269795 42.337971
0.270556 42.337967
0.271317 42.337966

0.271317 42.337966
0.272393 42.338008
0.273469 42.338134
0.274545 42.338344
0.275621 42.338638
0.276697 42.339014
0.277773 42.339473
0.278849 42.340013
0.279926 42.340634
0.281002 42.341335
0.282078 42.342115
0.283154 42.342972
0.284230 42.343905
0.285306 42.344912
0.286382 42.345991
0.287459 42.347142
0.288535 42.348362
0.289611 42.349648
0.290687 42.350998
0.291763 42.352411
0.292839 42.353884
0.293915 42.355413
0.294991 42.356995
0.296067 42.358629
0.297144 42.360309
0.298220 42.362033
0.299296 42.363797
0.300372 42.365597
0.301448 42.367427
0.302524 42.369283
0.303600 42.371160
0.304676 42.373051
0.305752 42.374951
0.306829 42.376852
0.307905 42.378745
0.308981 42.380623
0.310057 42.382475
0.311133 42.384290
0.312209 42.386056
0.313285 42.387759
0.314361 42.389384
0.315438 42.390915
0.316514 42.392332
0.317590 42.393618
0.318666 42.394752
0.319742 42.395715
0.320818 42.396486
0.321894 42.397051
0.322970 42.397396
0.324047 42.397511


0.000000 42.412424
0.000761 42.412359
0.001522 42.412167
0.002283 42.411857
0.003044 42.411446
0.003805 42.410952
0.004566 42.410396
0.005326 42.409799
0.006087 42.409181
0.006848 42.408559
0.007609 42.407948
0.008370 42.407359
0.009131 42.406799
0.009892 42.406274
0.010653 42.405787
0.011414 42.405339
0.012175 42.404929
0.012936 42.404556
0.013697 42.404218
0.014458 42.403912
0.015219 42.403635
0.015980 42.403385
0.016740 42.403159
0.017501 42.402956
0.018262 42.402772
0.019023 42.402606
0.019784 42.402456
0.020545 42.402320
0.021306 42.402197
0.022067 42.402086
0.022828 42.401986
0.023589 42.401895
0.024350 42.401812
0.025111 42.401738
0.025872 42.401670
0.026633 42.401610
0.027394 42.401555
0.028154 42.401506
0.028915 42.401462
0.029676 42.401423
0.030437 42.401389
0.031198 42.401359
0.031959 42.401332
0.032720 42.401310
0.033481 42.401292
0.034242 42.401277
0.035003 42.401265
0.035764 42.401257
0.036525 42.401252
0.037286 42.401250

0.037286 42.401250
0.038046 42.401138
0.038808 42.400802
0.039568 42.400254
0.040329 42.399506
0.041090 42.398576
0.041851 42.397484
0.042612 42.396252
0.043373 42.394900
0.044134 42.393448
0.044895 42.391915
0.045656 42.390319
0.046417 42.388676
0.047178 42.387001
0.047939 42.385305
0.048700 42.383601
0.049460 42.381900
0.050221 42.380210
0.050982 42.378542
0.051743 42.376901
0.052504 42.375295
0.053265 42.373731
0.054026 42.372214
0.054787 42.370749
0.055548 42.369340
0.056309 42.367991
0.057070 42.366705
0.057831 42.365484
0.058592 42.364329
0.059353 42.363243
0.060114 42.362225
0.060874 42.361275
0.061635 42.360393
0.062396 42.359577
0.063157 42.358826
0.063918 42.358138
0.064679 42.357512
0.065440 42.356944
0.066201 42.356432
0.066962 42.355974
0.067723 42.355568
0.068484 42.355211
0.069245 42.354902
0.070006 42.354637
0.070767 42.354417
0.071527 42.354238
0.072288 42.354101
0.073049 42.354003
0.073810 42.353945
0.074571 42.353925

0.074571 42.353925
0.075647 42.353964
0.076724 42.354080
0.077800 42.354274
0.078876 42.354544
0.079952 42.354891
0.081028 42.355314
0.082104 42.355813
0.083180 42.356387
0.084256 42.357036
0.085332 42.357758
0.086408 42.358552
0.087485 42.359419
0.088561 42.360355
0.089637 42.361361
0.090713 42.362435
0.091789 42.363575
0.092865 42.364779
0.093941 42.366047
0.095018 42.367376
0.096094 42.368764
0.097170 42.370209
0.098246 42.371708
0.099322 42.373260
0.100398 42.374861
0.101474 42.376509
0.102550 42.378200
0.103626 42.379931
0.104703 42.381698
0.105779 42.383496
0.106855 42.385323
0.107931 42.387172
0.109007 42.389038
0.110083 42.390915
0.111159 42.392795
0.112235 42.394671
0.113311 42.396534
0.114388 42.398374
0.115464 42.400179
0.116540 42.401935
0.117616 42.403626
0.118692 42.405236
0.119768 42.406743
0.120844 42.408125
0.121920 42.409358
0.122997 42.410416
0.124073 42.411273
0.125149 42.411906
0.126225 42.412294
0.127301 42.412424

0.127301 42.412424
0.128718 42.412417
0.130135 42.412394
0.131553 42.412357
0.132970 42.412304
0.134387 42.412236
0.135804 42.412154
0.137222 42.412056
0.138639 42.411944
0.140056 42.411817
0.141473 42.411676
0.142891 42.411520
0.144308 42.411350
0.145725 42.411165
0.147142 42.410967
0.148560 42.410755
0.149977 42.410530
0.151394 42.410291
0.152811 42.410038
0.154228 42.409773
0.155646 42.409495
0.157063 42.409205
0.158480 42.408903
0.159897 42.408589
0.161315 42.408263
0.162732 42.407926
0.164149 42.407578
0.165566 42.407219
0.166984 42.406851
0.168401 42.406472
0.169818 42.406084
0.171235 42.405687
0.172652 42.405282
0.174070 42.404868
0.175487 42.404447
0.176904 42.404018
0.178321 42.403582
0.179739 42.403140
0.181156 42.402692
0.182573 42.402238
0.183990 42.401780
0.185408 42.401316
0.186825 42.400849
0.188242 42.400379
0.189659 42.399905
0.191077 42.399429
0.192494 42.398952
0.193911 42.398472
0.195328 42.397992
0.196745 42.397511

0.196745 42.397511
0.197506 42.397511
0.198267 42.397508
0.199028 42.397505
0.199789 42.397499
0.200550 42.397493
0.201311 42.397485
0.202072 42.397475
0.202833 42.397464
0.203594 42.397452
0.204355 42.397439
0.205116 42.397424
0.205877 42.397408
0.206638 42.397391
0.207399 42.397373
0.208159 42.397354
0.208920 42.397334
0.209681 42.397313
0.210442 42.397291
0.211203 42.397268
0.211964 42.397245
0.212725 42.397222
0.213486 42.397198
0.214247 42.397173
0.215008 42.397148
0.215769 42.397124
0.216530 42.397099
0.217291 42.397074
0.218052 42.397049
0.218812 42.397024
0.219573 42.397000
0.220334 42.396977
0.221095 42.396954
0.221856 42.396931
0.222617 42.396909
0.223378 42.396889
0.224139 42.396869
0.224900 42.396850
0.225661 42.396833
0.226422 42.396816
0.227183 42.396801
0.227944 42.396787
0.228705 42.396775
0.229465 42.396764
0.230226 42.396755
0.230987 42.396748
0.231748 42.396742
0.232509 42.396737
0.233270 42.396735
0.234031 42.396734

0.234031 42.396734
0.234792 42.396620
0.235553 42.396282
0.236314 42.395727
0.237075 42.394968
0.237836 42.394020
0.238597 42.392902
0.239358 42.391634
0.240119 42.390233
0.240879 42.388719
0.241640 42.387111
0.242401 42.385423
0.243162 42.383673
0.243923 42.381873
0.244684 42.380036
0.245445 42.378173
0.246206 42.376294
0.246967 42.374408
0.247728 42.372523
0.248489 42.370647
0.249250 42.368786
0.250011 42.366946
0.250772 42.365133
0.251532 42.363352
0.252293 42.361606
0.253054 42.359902
0.253815 42.358241
0.254576 42.356629
0.255337 42.355068
0.256098 42.353561
0.256859 42.352111
0.257620 42.350721
0.258381 42.349393
0.259142 42.348130
0.259903 42.346933
0.260664 42.345805
0.261425 42.344748
0.262186 42.343762
0.262946 42.342850
0.263707 42.342012
0.264468 42.341251
0.265229 42.340567
0.265990 42.339961
0.266751 42.339434
0.267512 42.338987
0.268273 42.338620
0.269034 42.338334
0.269795 42.338130
0.270556 42.338007
0.271317 42.337966

0.271317 42.337966
0.272393 42.338008
0.273469 42.338134
0.274545 42.338344
0.275621 42.338638
0.276697 42.339014
0.277773 42.339473
0.278849 42.340013
0.279926 42.340634
0.281002 42.341335
0.282078 42.342115
0.283154 42.342972
0.284230 42.343905
0.285306 42.344912
0.286382 42.345991
0.287459 42.347142
0.288535 42.348362
0.289611 42.349648
0.290687 42.350998
0.291763 42.352411
0.292839 42.353884
0.293915 42.355413
0.294991 42.356995
0.296067 42.358629
0.297144 42.360309
0.298220 42.362033
0.299296 42.363797
0.300372 42.365597
0.301448 42.367427
0.302524 42.369283
0.303600 42.371160
0.304676 42.373051
0.305752 42.374951
0.306829 42.376852
0.307905 42.378745
0.308981 42.380623
0.310057 42.382475
0.311133 42.384290
0.312209 42.386056
0.313285 42.387759
0.314361 42.389384
0.315438 42.390915
0.316514 42.392332
0.317590 42.393618
0.318666 42.394752
0.319742 42.395715
0.320818 42.396486
0.321894 42.397051
0.322970 42.397396
0.324047 42.397511


0.000000 42.463798
0.000761 42.463798
0.001522 42.463798
0.002283 42.463798
0.003044 42.463798
0.003805 42.463798
0.004566 42.463798
0.005326 42.463798
0.006087 42.463798
0.006848 42.463799
0.007609 42.463799
0.008370 42.463799
0.009131 42.463799
0.009892 42.463799
0.010653 42.463799
0.011414 42.463799
0.012175 42.463799
0.012936 42.463799
0.013697 42.463800
0.014458 42.463800
0.015219 42.463800
0.015980 42.463800
0.016740 42.463800
0.017501 42.463800
0.018262 42.463800
0.019023 42.463801
0.019784 42.463801
0.020545 42.463801
0.021306 42.463801
0.022067 42.463801
0.022828 42.463801
0.023589 42.463802
0.024350 42.463802
0.025111 42.463802
0.025872 42.463802
0.026633 42.463802
0.027394 42.463802
0.028154 42.463802
0.028915 42.463802
0.029676 42.463802
0.030437 42.463803
0.031198 42.463803
0.031959 42.463803
0.032720 42.463803
0.033481 42.463803
0.034242 42.463803
0.035003 42.463803
0.035764 42.463803
0.036525 42.463803
0.037286 42.463803

0.037286 42.463803
0.038046 42.463923
0.038808 42.464278
0.039568 42.464862
0.040329 42.465658
0.041090 42.466650
0.041851 42.467819
0.042612 42.469142
0.043373 42.470601
0.044134 42.472174
0.044895 42.473843
0.045656 42.475591
0.046417 42.477402
0.047178 42.479263
0.047939 42.481161
0.048700 42.483085
0.049460 42.485024
0.050221 42.486970
0.050982 42.488914
0.051743 42.490849
0.052504 42.492769
0.053265 42.494667
0.054026 42.496538
0.054787 42.498376
0.055548 42.500178
0.056309 42.501939
0.057070 42.503655
0.057831 42.505322
0.058592 42.506936
0.059353 42.508495
0.060114 42.509996
0.060874 42.511435
0.061635 42.512810
0.062396 42.514119
0.063157 42.515360
0.063918 42.516530
0.064679 42.517627
0.065440 42.518651
0.066201 42.519598
0.066962 42.520468
0.067723 42.521259
0.068484 42.521969
0.069245 42.522599
0.070006 42.523147
0.070767 42.523612
0.071527 42.523993
0.072288 42.524291
0.073049 42.524503
0.073810 42.524631
0.074571 42.524673

0.074571 42.524673
0.075647 42.524629
0.076724 42.524498
0.077800 42.524278
0.078876 42.523971
0.079952 42.523577
0.081028 42.523096
0.082104 42.522531
0.083180 42.521880
0.084256 42.521146
0.085332 42.520330
0.086408 42.519432
0.087485 42.518455
0.088561 42.517400
0.089637 42.516269
0.090713 42.515064
0.091789 42.513787
0.092865 42.512440
0.093941 42.511026
0.095018 42.509548
0.096094 42.508007
0.097170 42.506409
0.098246 42.504755
0.099322 42.503051
0.100398 42.501298
0.101474 42.499502
0.102550 42.497667
0.103626 42.495799
0.104703 42.493901
0.105779 42.491981
0.106855 42.490044
0.107931 42.488097
0.109007 42.486148
0.110083 42.484204
0.111159 42.482275
0.112235 42.480370
0.113311 42.478501
0.114388 42.476677
0.115464 42.474913
0.116540 42.473222
0.117616 42.471619
0.118692 42.470119
0.119768 42.468740
0.120844 42.467498
0.121920 42.466410
0.122997 42.465494
0.124073 42.464763
0.125149 42.464230
0.126225 42.463907
0.127301 42.463798

0.127301 42.463798
0.128718 42.463798
0.130135 42.463796
0.131553 42.463793
0.132970 42.463789
0.134387 42.463783
0.135804 42.463777
0.137222 42.463769
0.138639 42.463761
0.140056 42.463751
0.141473 42.463741
0.142891 42.463729
0.144308 42.463717
0.145725 42.463703
0.147142 42.463689
0.148560 42.463674
0.149977 42.463659
0.151394 42.463642
0.152811 42.463626
0.154228 42.463608
0.155646 42.463591
0.157063 42.463573
0.158480 42.463554
0.159897 42.463536
0.161315 42.463517
0.162732 42.463498
0.164149 42.463480
0.165566 42.463461
0.166984 42.463443
0.168401 42.463425
0.169818 42.463407
0.171235 42.463389
0.172652 42.463372
0.174070 42.463356
0.175487 42.463340
0.176904 42.463325
0.178321 42.463311
0.179739 42.463297
0.181156 42.463285
0.182573 42.463273
0.183990 42.463262
0.185408 42.463252
0.186825 42.463244
0.188242 42.463236
0.189659 42.463230
0.191077 42.463224
0.192494 42.463220
0.193911 42.463217
0.195328 42.463215
0.196745 42.463215

0.196745 42.463215
0.197506 42.463216
0.198267 42.463221
0.199028 42.463229
0.199789 42.463241
0.200550 42.463256
0.201311 42.463273
0.202072 42.463294
0.202833 42.463318
0.203594 42.463345
0.204355 42.463374
0.205116 42.463407
0.205877 42.463441
0.206638 42.463479
0.207399 42.463518
0.208159 42.463560
0.208920 42.463603
0.209681 42.463648
0.210442 42.463695
0.211203 42.463743
0.211964 42.463792
0.212725 42.463843
0.213486 42.463894
0.214247 42.463945
0.215008 42.463997
0.215769 42.464049
0.216530 42.464102
0.217291 42.464153
0.218052 42.464205
0.218812 42.464255
0.219573 42.464305
0.220334 42.464353
0.221095 42.464400
0.221856 42.464446
0.222617 42.464490
0.223378 42.464532
0.224139 42.464572
0.224900 42.464610
0.225661 42.464645
0.226422 42.464678
0.227183 42.464708
0.227944 42.464735
0.228705 42.464760
0.229465 42.464781
0.230226 42.464799
0.230987 42.464814
0.231748 42.464826
0.232509 42.464834
0.233270 42.464839
0.234031 42.464841

0.234031 42.464841
0.234792 42.464956
0.235553 42.465300
0.236314 42.465863
0.237075 42.466635
0.237836 42.467598
0.238597 42.468734
0.239358 42.470025
0.240119 42.471451
0.240879 42.472993
0.241640 42.474632
0.242401 42.476353
0.243162 42.478140
0.243923 42.479979
0.244684 42.481858
0.245445 42.483764
0.246206 42.485689
0.246967 42.487622
0.247728 42.489556
0.248489 42.491482
0.249250 42.493395
0.250011 42.495287
0.250772 42.497154
0.251532 42.498989
0.252293 42.500788
0.253054 42.502548
0.253815 42.504262
0.254576 42.505929
0.255337 42.507543
0.256098 42.509103
0.256859 42.510604
0.257620 42.512044
0.258381 42.513421
0.259142 42.514732
0.259903 42.515974
0.260664 42.517146
0.261425 42.518245
0.262186 42.519270
0.262946 42.520219
0.263707 42.521090
0.264468 42.521883
0.265229 42.522595
0.265990 42.523226
0.266751 42.523775
0.267512 42.524241
0.268273 42.524623
0.269034 42.524921
0.269795 42.525134
0.270556 42.525262
0.271317 42.525305

0.271317 42.525305
0.272393 42.525260
0.273469 42.525126
0.274545 42.524902
0.275621 42.524589
0.276697 42.524189
0.277773 42.523700
0.278849 42.523125
0.279926 42.522464
0.281002 42.521719
0.282078 42.520890
0.283154 42.519980
0.284230 42.518991
0.285306 42.517923
0.286382 42.516778
0.287459 42.515560
0.288535 42.514270
0.289611 42.512911
0.290687 42.511485
0.291763 42.509995
0.292839 42.508444
0.293915 42.506835
0.294991 42.505171
0.296067 42.503456
0.297144 42.501694
0.298220 42.499888
0.299296 42.498043
0.300372 42.496164
0.301448 42.494254
0.302524 42.492320
0.303600 42.490368
0.304676 42.488402
0.305752 42.486431
0.306829 42.484461
0.307905 42.482501
0.308981 42.480561
0.310057 42.478649
0.311133 42.476778
0.312209 42.474959
0.313285 42.473207
0.314361 42.471537
0.315438 42.469967
0.316514 42.468513
0.317590 42.467196
0.318666 42.466035
0.319742 42.465051
0.320818 42.464262
0.321894 42.463685
0.322970 42.463333
0.324047 42.463215


0.000000 42.463798
0.000761 42.463919
0.001522 42.464279
0.002283 42.464867
0.003044 42.465671
0.003805 42.466671
0.004566 42.467846
0.005326 42.469177
0.006087 42.470641
0.006848 42.472219
0.007609 42.473892
0.008370 42.475642
0.009131 42.477455
0.009892 42.479317
0.010653 42.481214
0.011414 42.483137
0.012175 42.485074
0.012936 42.487018
0.013697 42.488960
0.014458 42.490892
0.015219 42.492809
0.015980 42.494705
0.016740 42.496573
0.017501 42.498409
0.018262 42.500208
0.019023 42.501966
0.019784 42.503679
0.020545 42.505343
0.021306 42.506955
0.022067 42.508512
0.022828 42.510010
0.023589 42.511447
0.024350 42.512821
0.025111 42.514128
0.025872 42.515367
0.026633 42.516536
0.027394 42.517632
0.028154 42.518653
0.028915 42.519599
0.029676 42.520468
0.030437 42.521258
0.031198 42.521968
0.031959 42.522597
0.032720 42.523145
0.033481 42.523609
0.034242 42.523990
0.035003 42.524287
0.035764 42.524499
0.036525 42.524627
0.037286 42.524669

0.037286 42.524669
0.038046 42.524669
0.038808 42.524669
0.039568 42.524669
0.040329 42.524669
0.041090 42.524669
0.041851 42.524669
0.042612 42.524669
0.043373 42.524669
0.044134 42.524670
0.044895 42.524670
0.045656 42.524670
0.046417 42.524670
0.047178 42.524670
0.047939 42.524670
0.048700 42.524670
0.049460 42.524670
0.050221 42.524670
0.050982 42.524670
0.051743 42.524671
0.052504 42.524671
0.053265 42.524671
0.054026 42.524671
0.054787 42.524671
0.055548 42.524671
0.056309 42.524671
0.057070 42.524672
0.057831 42.524672
0.058592 42.524672
0.059353 42.524672
0.060114 42.524672
0.060874 42.524672
0.061635 42.524672
0.062396 42.524672
0.063157 42.524673
0.063918 42.524673
0.064679 42.524673
0.065440 42.524673
0.066201 42.524673
0.066962 42.524673
0.067723 42.524673
0.068484 42.524673
0.069245 42.524673
0.070006 42.524673
0.070767 42.524673
0.071527 42.524673
0.072288 42.524673
0.073049 42.524673
0.073810 42.524673
0.074571 42.524673

0.074571 42.524673
0.075647 42.524632
0.076724 42.524509
0.077800 42.524303
0.078876 42.524016
0.079952 42.523647
0.081028 42.523198
0.082104 42.522668
0.083180 42.522058
0.084256 42.521370
0.085332 42.520605
0.086408 42.519763
0.087485 42.518845
0.088561 42.517854
0.089637 42.516790
0.090713 42.515655
0.091789 42.514451
0.092865 42.513180
0.093941 42.511844
0.095018 42.510444
0.096094 42.508984
0.097170 42.507465
0.098246 42.505891
0.099322 42.504264
0.100398 42.502587
0.101474 42.500863
0.102550 42.499096
0.103626 42.497290
0.104703 42.495448
0.105779 42.493575
0.106855 42.491676
0.107931 42.489757
0.109007 42.487822
0.110083 42.485879
0.111159 42.483935
0.112235 42.481998
0.113311 42.480077
0.114388 42.478182
0.115464 42.476327
0.116540 42.474524
0.117616 42.472788
0.118692 42.471140
0.119768 42.469597
0.120844 42.468184
0.121920 42.466925
0.122997 42.465845
0.124073 42.464971
0.125149 42.464327
0.126225 42.463931
0.127301 42.463798

0.127301 42.463798
0.128718 42.463798
0.130135 42.463796
0.131553 42.463793
0.132970 42.463789
0.134387 42.463783
0.135804 42.463777
0.137222 42.463769
0.138639 42.463761
0.140056 42.463751
0.141473 42.463741
0.142891 42.463729
0.144308 42.463717
0.145725 42.463703
0.147142 42.463689
0.148560 42.463674
0.149977 42.463659
0.151394 42.463642
0.152811 42.463626
0.154228 42.463608
0.155646 42.463591
0.157063 42.463573
0.158480 42.463554
0.159897 42.463536
0.161315 42.463517
0.162732 42.463498
0.164149 42.463480
0.165566 42.463461
0.166984 42.463443
0.168401 42.463425
0.169818 42.463407
0.171235 42.463389
0.172652 42.463372
0.174070 42.463356
0.175487 42.463340
0.176904 42.463325
0.178321 42.463311
0.179739 42.463297
0.181156 42.463285
0.182573 42.463273
0.183990 42.463262
0.185408 42.463252
0.186825 42.463244
0.188242 42.463236
0.189659 42.463230
0.191077 42.463224
0.192494 42.463220
0.193911 42.463217
0.195328 42.463215
0.196745 42.463215

0.196745 42.463215
0.197506 42.463331
0.198267 42.463678
0.199028 42.464247
0.199789 42.465024
0.200550 42.465994
0.201311 42.467138
0.202072 42.468435
0.202833 42.469866
0.203594 42.471411
0.204355 42.473052
0.205116 42.474772
0.205877 42.476557
0.206638 42.478391
0.207399 42.480263
0.208159 42.482162
0.208920 42.484077
0.209681 42.485998
0.210442 42.487919
0.211203 42.489832
0.211964 42.491730
0.212725 42.493606
0.213486 42.495456
0.214247 42.497274
0.215008 42.499056
0.215769 42.500796
0.216530 42.502493
0.217291 42.504141
0.218052 42.505737
0.218812 42.507278
0.219573 42.508761
0.220334 42.510183
0.221095 42.511543
0.221856 42.512836
0.222617 42.514062
0.223378 42.515218
0.224139 42.516302
0.224900 42.517313
0.225661 42.518248
0.226422 42.519107
0.227183 42.519888
0.227944 42.520590
0.228705 42.521212
0.229465 42.521753
0.230226 42.522212
0.230987 42.522588
0.231748 42.522882
0.232509 42.523092
0.233270 42.523218
0.234031 42.523260

0.234031 42.523260
0.234792 42.523262
0.235553 42.523268
0.236314 42.523278
0.237075 42.523293
0.237836 42.523311
0.238597 42.523333
0.239358 42.523359
0.240119 42.523389
0.240879 42.523423
0.241640 42.523460
0.242401 42.523500
0.243162 42.523544
0.243923 42.523590
0.244684 42.523640
0.245445 42.523692
0.246206 42.523746
0.246967 42.523803
0.247728 42.523862
0.248489 42.523922
0.249250 42.523984
0.250011 42.524047
0.250772 42.524111
0.251532 42.524176
0.252293 42.524242
0.253054 42.524307
0.253815 42.524373
0.254576 42.524438
0.255337 42.524502
0.256098 42.524566
0.256859 42.524628
0.257620 42.524689
0.258381 42.524749
0.259142 42.524806
0.259903 42.524862
0.260664 42.524915
0.261425 42.524965
0.262186 42.525013
0.262946 42.525057
0.263707 42.525099
0.264468 42.525137
0.265229 42.525171
0.265990 42.525202
0.266751 42.525229
0.267512 42.525252
0.268273 42.525271
0.269034 42.525286
0.269795 42.525296
0.270556 42.525303
0.271317 42.525305

0.271317 42.525305
0.272393 42.525260
0.273469 42.525126
0.274545 42.524902
0.275621 42.524589
0.276697 42.524189
0.277773 42.523700
0.278849 42.523125
0.279926 42.522464
0.281002 42.521719
0.282078 42.520890
0.283154 42.519980
0.284230 42.518991
0.285306 42.517923
0.286382 42.516778
0.287459 42.515560
0.288535 42.514270
0.289611 42.512911
0.290687 42.511485
0.291763 42.509995
0.292839 42.508444
0.293915 42.506835
0.294991 42.505171
0.296067 42.503456
0.297144 42.501694
0.298220 42.499888
0.299296 42.498043
0.300372 42.496164
0.301448 42.494254
0.302524 42.492320
0.303600 42.490368
0.304676 42.488402
0.305752 42.486431
0.306829 42.484461
0.307905 42.482501
0.308981 42.480561
0.310057 42.478649
0.311133 42.476778
0.312209 42.474959
0.313285 42.473207
0.314361 42.471537
0.315438 42.469967
0.316514 42.468513
0.317590 42.467196
0.318666 42.466035
0.319742 42.465051
0.320818 42.464262
0.321894 42.463685
0.322970 42.463333
0.324047 42.463215


0.000000 42.733289
0.000761 42.733287
0.001522 42.733283
0.002283 42.733276
0.003044 42.733266
0.003805 42.733253
0.004566 42.733238
0.005326 42.733220
0.006087 42.733199
0.006848 42.733176
0.007609 42.733151
0.008370 42.733123
0.009131 42.733093
0.009892 42.733061
0.010653 42.733027
0.011414 42.732991
0.012175 42.732954
0.012936 42.732915
0.013697 42.732874
0.014458 42.732833
0.015219 42.732791
0.015980 42.732747
0.016740 42.732704
0.017501 42.732659
0.018262 42.732615
0.019023 42.732570
0.019784 42.732526
0.020545 42.732481
0.021306 42.732437
0.022067 42.732394
0.022828 42.732352
0.023589 42.732310
0.024350 42.732270
0.025111 42.732231
0.025872 42.732194
0.026633 42.732158
0.027394 42.732124
0.028154 42.732092
0.028915 42.732062
0.029676 42.732034
0.030437 42.732008
0.031198 42.731985
0.031959 42.731965
0.032720 42.731946
0.033481 42.731931
0.034242 42.731918
0.035003 42.731908
0.035764 42.731901
0.036525 42.731897
0.037286 42.731895

0.037286 42.731895
0.038046 42.731895
0.038808 42.731894
0.039568 42.731892
0.040329 42.731890
0.041090 42.731887
0.041851 42.731883
0.042612 42.731879
0.043373 42.731874
0.044134 42.731868
0.044895 42.731861
0.045656 42.731853
0.046417 42.731845
0.047178 42.731835
0.047939 42.731825
0.048700 42.731814
0.049460 42.731801
0.050221 42.731788
0.050982 42.731774
0.051743 42.731758
0.052504 42.731741
0.053265 42.731723
0.054026 42.731704
0.054787 42.731684
0.055548 42.731663
0.056309 42.731641
0.057070 42.731618
0.057831 42.731594
0.058592 42.731570
0.059353 42.731545
0.060114 42.731519
0.060874 42.731493
0.061635 42.731468
0.062396 42.731442
0.063157 42.731417
0.063918 42.731392
0.064679 42.731368
0.065440 42.731345
0.066201 42.731323
0.066962 42.731302
0.067723 42.731283
0.068484 42.731265
0.069245 42.731249
0.070006 42.731235
0.070767 42.731223
0.071527 42.731213
0.072288 42.731205
0.073049 42.731199
0.073810 42.731196
0.074571 42.731195

0.074571 42.731195
0.075647 42.731197
0.076724 42.731204
0.077800 42.731215
0.078876 42.731231
0.079952 42.731251
0.081028 42.731276
0.082104 42.731305
0.083180 42.731338
0.084256 42.731375
0.085332 42.731415
0.086408 42.731459
0.087485 42.731506
0.088561 42.731557
0.089637 42.731610
0.090713 42.731666
0.091789 42.731724
0.092865 42.731785
0.093941 42.731847
0.095018 42.731911
0.096094 42.731976
0.097170 42.732042
0.098246 42.732109
0.099322 42.732176
0.100398 42.732243
0.101474 42.732310
0.102550 42.732377
0.103626 42.732443
0.104703 42.732508
0.105779 42.732572
0.106855 42.732634
0.107931 42.732695
0.109007 42.732753
0.110083 42.732810
0.111159 42.732864
0.112235 42.732916
0.113311 42.732965
0.114388 42.733011
0.115464 42.733054
0.116540 42.733093
0.117616 42.733130
0.118692 42.733162
0.119768 42.733192
0.120844 42.733217
0.121920 42.733239
0.122997 42.733257
0.124073 42.733271
0.125149 42.733281
0.126225 42.733287
0.127301 42.733289

0.127301 42.733289
0.128718 42.733290
0.130135 42.733292
0.131553 42.733295
0.132970 42.733299
0.134387 42.733305
0.135804 42.733313
0.137222 42.733321
0.138639 42.733331
0.140056 42.733341
0.141473 42.733353
0.142891 42.733366
0.144308 42.733380
0.145725 42.733395
0.147142 42.733411
0.148560 42.733427
0.149977 42.733445
0.151394 42.733463
0.152811 42.733482
0.154228 42.733501
0.155646 42.733521
0.157063 42.733541
0.158480 42.733561
0.159897 42.733582
0.161315 42.733602
0.162732 42.733623
0.164149 42.733644
0.165566 42.733665
0.166984 42.733685
0.168401 42.733705
0.169818 42.733725
0.171235 42.733744
0.172652 42.733763
0.174070 42.733781
0.175487 42.733799
0.176904 42.733815
0.178321 42.733831
0.179739 42.733846
0.181156 42.733860
0.182573 42.733873
0.183990 42.733885
0.185408 42.733896
0.186825 42.733906
0.188242 42.733914
0.189659 42.733921
0.191077 42.733927
0.192494 42.733932
0.193911 42.733935
0.195328 42.733937
0.196745 42.733938

0.196745 42.733938
0.197506 42.733935
0.198267 42.733927
0.199028 42.733913
0.199789 42.733894
0.200550 42.733869
0.201311 42.733840
0.202072 42.733805
0.202833 42.733765
0.203594 42.733721
0.204355 42.733671
0.205116 42.733618
0.205877 42.733560
0.206638 42.733498
0.207399 42.733433
0.208159 42.733364
0.208920 42.733291
0.209681 42.733216
0.210442 42.733139
0.211203 42.733059
0.211964 42.732977
0.212725 42.732893
0.213486 42.732808
0.214247 42.732723
0.215008 42.732637
0.215769 42.732550
0.216530 42.732464
0.217291 42.732378
0.218052 42.732293
0.218812 42.732209
0.219573 42.732127
0.220334 42.732047
0.221095 42.731969
0.221856 42.731893
0.222617 42.731820
0.223378 42.731751
0.224139 42.731685
0.224900 42.731622
0.225661 42.731564
0.226422 42.731510
0.227183 42.731460
0.227944 42.731415
0.228705 42.731375
0.229465 42.731339
0.230226 42.731309
0.230987 42.731285
0.231748 42.731265
0.232509 42.731251
0.233270 42.731243
0.234031 42.731240

0.234031 42.731240
0.234792 42.731240
0.235553 42.731240
0.236314 42.731240
0.237075 42.731240
0.237836 42.731240
0.238597 42.731240
0.239358 42.731240
0.240119 42.731240
0.240879 42.731240
0.241640 42.731240
0.242401 42.731240
0.243162 42.731240
0.243923 42.731240
0.244684 42.731240
0.245445 42.731240
0.246206 42.731240
0.246967 42.731240
0.247728 42.731240
0.248489 42.731240
0.249250 42.731240
0.250011 42.731240
0.250772 42.731240
0.251532 42.731240
0.252293 42.731240
0.253054 42.731240
0.253815 42.731240
0.254576 42.731240
0.255337 42.731240
0.256098 42.731240
0.256859 42.731240
0.257620 42.731240
0.258381 42.731240
0.259142 42.731240
0.259903 42.731240
0.260664 42.731240
0.261425 42.731240
0.262186 42.731240
0.262946 42.731240
0.263707 42.731240
0.264468 42.731240
0.265229 42.731240
0.265990 42.731240
0.266751 42.731240
0.267512 42.731240
0.268273 42.731240
0.269034 42.731240
0.269795 42.731240
0.270556 42.731240
0.271317 42.731240

0.271317 42.731240
0.272393 42.731243
0.273469 42.731253
0.274545 42.731269
0.275621 42.731292
0.276697 42.731320
0.277773 42.731355
0.278849 42.731395
0.279926 42.731441
0.281002 42.731493
0.282078 42.731549
0.283154 42.731610
0.284230 42.731675
0.285306 42.731744
0.286382 42.731817
0.287459 42.731893
0.288535 42.731972
0.289611 42.732053
0.290687 42.732136
0.291763 42.732221
0.292839 42.732307
0.293915 42.732393
0.294991 42.732480
0.296067 42.732567
0.297144 42.732654
0.298220 42.732740
0.299296 42.732825
0.300372 42.732909
0.301448 42.732991
0.302524 42.733071
0.303600 42.733148
0.304676 42.733223
0.305752 42.733296
0.306829 42.733365
0.307905 42.733431
0.308981 42.733494
0.310057 42.733553
0.311133 42.733608
0.312209 42.733660
0.313285 42.733707
0.314361 42.733750
0.315438 42.733789
0.316514 42.733824
0.317590 42.733854
0.318666 42.733879
0.319742 42.733900
0.320818 42.733917
0.321894 42.733928
0.322970 42.733935
0.324047 42.733938


0.000000 42.733289
0.000761 42.733289
0.001522 42.733289
0.002283 42.733290
0.003044 42.733291
0.003805 42.733292
0.004566 42.733294
0.005326 42.733296
0.006087 42.733298
0.006848 42.733300
0.007609 42.733302
0.008370 42.733305
0.009131 42.733308
0.009892 42.733311
0.010653 42.733314
0.011414 42.733318
0.012175 42.733321
0.012936 42.733325
0.013697 42.733329
0.014458 42.733333
0.015219 42.733337
0.015980 42.733341
0.016740 42.733346
0.017501 42.733350
0.018262 42.733354
0.019023 42.733359
0.019784 42.733363
0.020545 42.733368
0.021306 42.733372
0.022067 42.733376
0.022828 42.733381
0.023589 42.733385
0.024350 42.733389
0.025111 42.733393
0.025872 42.733396
0.026633 42.733400
0.027394 42.733403
0.028154 42.733407
0.028915 42.733410
0.029676 42.733413
0.030437 42.733415
0.031198 42.733417
0.031959 42.733420
0.032720 42.733421
0.033481 42.733423
0.034242 42.733424
0.035003 42.733425
0.035764 42.733426
0.036525 42.733426
0.037286 42.733427

0.037286 42.733427
0.038046 42.733425
0.038808 42.733422
0.039568 42.733415
0.040329 42.733407
0.041090 42.733396
0.041851 42.733383
0.042612 42.733367
0.043373 42.733350
0.044134 42.733330
0.044895 42.733309
0.045656 42.733286
0.046417 42.733262
0.047178 42.733236
0.047939 42.733209
0.048700 42.733181
0.049460 42.733152
0.050221 42.733123
0.050982 42.733093
0.051743 42.733063
0.052504 42.733033
0.053265 42.733004
0.054026 42.732975
0.054787 42.732946
0.055548 42.732918
0.056309 42.732891
0.057070 42.732865
0.057831 42.732840
0.058592 42.732817
0.059353 42.732794
0.060114 42.732773
0.060874 42.732753
0.061635 42.732735
0.062396 42.732718
0.063157 42.732702
0.063918 42.732687
0.064679 42.732674
0.065440 42.732662
0.066201 42.732651
0.066962 42.732641
0.067723 42.732632
0.068484 42.732624
0.069245 42.732617
0.070006 42.732612
0.070767 42.732607
0.071527 42.732603
0.072288 42.732600
0.073049 42.732598
0.073810 42.732596
0.074571 42.732596

0.074571 42.732596
0.075647 42.732597
0.076724 42.732599
0.077800 42.732604
0.078876 42.732610
0.079952 42.732617
0.081028 42.732626
0.082104 42.732637
0.083180 42.732649
0.084256 42.732662
0.085332 42.732677
0.086408 42.732693
0.087485 42.732710
0.088561 42.732728
0.089637 42.732747
0.090713 42.732767
0.091789 42.732788
0.092865 42.732809
0.093941 42.732831
0.095018 42.732853
0.096094 42.732875
0.097170 42.732898
0.098246 42.732920
0.099322 42.732943
0.100398 42.732965
0.101474 42.732987
0.102550 42.733009
0.103626 42.733030
0.104703 42.733051
0.105779 42.733072
0.106855 42.733092
0.107931 42.733111
0.109007 42.733129
0.110083 42.733146
0.111159 42.733163
0.112235 42.733179
0.113311 42.733194
0.114388 42.733207
0.115464 42.733220
0.116540 42.733232
0.117616 42.733243
0.118692 42.733252
0.119768 42.733261
0.120844 42.733268
0.121920 42.733275
0.122997 42.733280
0.124073 42.733284
0.125149 42.733287
0.126225 42.733288
0.127301 42.733289

0.127301 42.733289
0.128718 42.733290
0.130135 42.733292
0.131553 42.733295
0.132970 42.733299
0.134387 42.733305
0.135804 42.733313
0.137222 42.733321
0.138639 42.733331
0.140056 42.733341
0.141473 42.733353
0.142891 42.733366
0.144308 42.733380
0.145725 42.733395
0.147142 42.733411
0.148560 42.733427
0.149977 42.733445
0.151394 42.733463
0.152811 42.733482
0.154228 42.733501
0.155646 42.733521
0.157063 42.733541
0.158480 42.733561
0.159897 42.733582
0.161315 42.733602
0.162732 42.733623
0.164149 42.733644
0.165566 42.733665
0.166984 42.733685
0.168401 42.733705
0.169818 42.733725
0.171235 42.733744
0.172652 42.733763
0.174070 42.733781
0.175487 42.733799
0.176904 42.733815
0.178321 42.733831
0.179739 42.733846
0.181156 42.733860
0.182573 42.733873
0.183990 42.733885
0.185408 42.733896
0.186825 42.733906
0.188242 42.733914
0.189659 42.733921
0.191077 42.733927
0.192494 42.733932
0.193911 42.733935
0.195328 42.733937
0.196745 42.733938

0.196745 42.733938
0.197506 42.733938
0.198267 42.733939
0.199028 42.733941
0.199789 42.733944
0.200550 42.733948
0.201311 42.733952
0.202072 42.733957
0.202833 42.733963
0.203594 42.733970
0.204355 42.733977
0.205116 42.733985
0.205877 42.733994
0.206638 42.734003
0.207399 42.734013
0.208159 42.734023
0.208920 42.734034
0.209681 42.734046
0.210442 42.734058
0.211203 42.734070
0.211964 42.734082
0.212725 42.734095
0.213486 42.734109
0.214247 42.734122
0.215008 42.734136
0.215769 42.734150
0.216530 42.734163
0.217291 42.734177
0.218052 42.734191
0.218812 42.734204
0.219573 42.734218
0.220334 42.734231
0.221095 42.734244
0.221856 42.734256
0.222617 42.734269
0.223378 42.734280
0.224139 42.734291
0.224900 42.734302
0.225661 42.734312
0.226422 42.734321
0.227183 42.734329
0.227944 42.734337
0.228705 42.734344
0.229465 42.734350
0.230226 42.734355
0.230987 42.734359
0.231748 42.734363
0.232509 42.734365
0.233270 42.734367
0.234031 42.734367

0.234031 42.734367
0.234792 42.734364
0.235553 42.734354
0.236314 42.734339
0.237075 42.734316
0.237836 42.734288
0.238597 42.734254
0.239358 42.734214
0.240119 42.734168
0.240879 42.734116
0.241640 42.734059
0.242401 42.733997
0.243162 42.733931
0.243923 42.733859
0.244684 42.733783
0.245445 42.733703
0.246206 42.733620
0.246967 42.733533
0.247728 42.733443
0.248489 42.733351
0.249250 42.733256
0.250011 42.733159
0.250772 42.733061
0.251532 42.732962
0.252293 42.732862
0.253054 42.732762
0.253815 42.732661
0.254576 42.732562
0.255337 42.732463
0.256098 42.732366
0.256859 42.732271
0.257620 42.732178
0.258381 42.732087
0.259142 42.731999
0.259903 42.731915
0.260664 42.731834
0.261425 42.731757
0.262186 42.731684
0.262946 42.731617
0.263707 42.731554
0.264468 42.731496
0.265229 42.731443
0.265990 42.731397
0.266751 42.731356
0.267512 42.731321
0.268273 42.731292
0.269034 42.731269
0.269795 42.731253
0.270556 42.731243
0.271317 42.731240

0.271317 42.731240
0.272393 42.731243
0.273469 42.731253
0.274545 42.731269
0.275621 42.731292
0.276697 42.731320
0.277773 42.731355
0.278849 42.731395
0.279926 42.731441
0.281002 42.731493
0.282078 42.731549
0.283154 42.731610
0.284230 42.731675
0.285306 42.731744
0.286382 42.731817
0.287459 42.731893
0.288535 42.731972
0.289611 42.732053
0.290687 42.732136
0.291763 42.732221
0.292839 42.732307
0.293915 42.732393
0.294991 42.732480
0.296067 42.732567
0.297144 42.732654
0.298220 42.732740
0.299296 42.732825
0.300372 42.732909
0.301448 42.732991
0.302524 42.733071
0.303600 42.733148
0.304676 42.733223
0.305752 42.733296
0.306829 42.733365
0.307905 42.733431
0.308981 42.733494
0.310057 42.733553
0.311133 42.733608
0.312209 42.733660
0.313285 42.733707
0.314361 42.733750
0.315438 42.733789
0.316514 42.733824
0.317590 42.733854
0.318666 42.733879
0.319742 42.733900
0.320818 42.733917
0.321894 42.733928
0.322970 42.733935
0.324047 42.733938


0.000000 44.507826
0.000761 44.507826
0.001522 44.507826
0.002283 44.507826
0.003044 44.507826
0.003805 44.507826
0.004566 44.507825
0.005326 44.507825
0.006087 44.507824
0.006848 44.507824
0.007609 44.507823
0.008370 44.507823
0.009131 44.507822
0.009892 44.507822
0.010653 44.507821
0.011414 44.507820
0.012175 44.507819
0.012936 44.507819
0.013697 44.507818
0.014458 44.507817
0.015219 44.507816
0.015980 44.507815
0.016740 44.507814
0.017501 44.507814
0.018262 44.507813
0.019023 44.507812
0.019784 44.507811
0.020545 44.507810
0.021306 44.507809
0.022067 44.507808
0.022828 44.507807
0.023589 44.507807
0.024350 44.507806
0.025111 44.507805
0.025872 44.507804
0.026633 44.507804
0.027394 44.507803
0.028154 44.507802
0.028915 44.507802
0.029676 44.507801
0.030437 44.507801
0.031198 44.507800
0.031959 44.507800
0.032720 44.507799
0.033481 44.507799
0.034242 44.507799
0.035003 44.507799
0.035764 44.507798
0.036525 44.507798
0.037286 44.507798

0.037286 44.507798
0.038046 44.507796
0.038808 44.507789
0.039568 44.507778
0.040329 44.507763
0.041090 44.507744
0.041851 44.507721
0.042612 44.507696
0.043373 44.507667
0.044134 44.507637
0.044895 44.507604
0.045656 44.507570
0.046417 44.507534
0.047178 44.507498
0.047939 44.507462
0.048700 44.507425
0.049460 44.507388
0.050221 44.507352
0.050982 44.507316
0.051743 44.507281
0.052504 44.507246
0.053265 44.507213
0.054026 44.507180
0.054787 44.507149
0.055548 44.507118
0.056309 44.507089
0.057070 44.507061
0.057831 44.507035
0.058592 44.507010
0.059353 44.506985
0.060114 44.506963
0.060874 44.506941
0.061635 44.506921
0.062396 44.506902
0.063157 44.506884
0.063918 44.506868
0.064679 44.506853
0.065440 44.506839
0.066201 44.506826
0.066962 44.506814
0.067723 44.506803
0.068484 44.506794
0.069245 44.506786
0.070006 44.506779
0.070767 44.506773
0.071527 44.506768
0.072288 44.506764
0.073049 44.506761
0.073810 44.506760
0.074571 44.506759

0.074571 44.506759
0.075647 44.506760
0.076724 44.506763
0.077800 44.506769
0.078876 44.506776
0.079952 44.506786
0.081028 44.506798
0.082104 44.506811
0.083180 44.506827
0.084256 44.506845
0.085332 44.506864
0.086408 44.506885
0.087485 44.506908
0.088561 44.506932
0.089637 44.506958
0.090713 44.506985
0.091789 44.507014
0.092865 44.507044
0.093941 44.507074
0.095018 44.507106
0.096094 44.507138
0.097170 44.507171
0.098246 44.507205
0.099322 44.507238
0.100398 44.507273
0.101474 44.507307
0.102550 44.507341
0.103626 44.507375
0.104703 44.507409
0.105779 44.507442
0.106855 44.507474
0.107931 44.507506
0.109007 44.507537
0.110083 44.507567
0.111159 44.507596
0.112235 44.507624
0.113311 44.507650
0.114388 44.507675
0.115464 44.507698
0.116540 44.507719
0.117616 44.507739
0.118692 44.507757
0.119768 44.507773
0.120844 44.507787
0.121920 44.507799
0.122997 44.507809
0.124073 44.507816
0.125149 44.507822
0.126225 44.507825
0.127301 44.507826

0.127301 44.507826
0.128718 44.507821
0.130135 44.507805
0.131553 44.507779
0.132970 44.507743
0.134387 44.507696
0.135804 44.507640
0.137222 44.507573
0.138639 44.507498
0.140056 44.507413
0.141473 44.507319
0.142891 44.507218
0.144308 44.507108
0.145725 44.506990
0.147142 44.506866
0.148560 44.506735
0.149977 44.506598
0.151394 44.506456
0.152811 44.506309
0.154228 44.506158
0.155646 44.506004
0.157063 44.505846
0.158480 44.505686
0.159897 44.505525
0.161315 44.505363
0.162732 44.505200
0.164149 44.505038
0.165566 44.504877
0.166984 44.504717
0.168401 44.504560
0.169818 44.504406
0.171235 44.504256
0.172652 44.504110
0.174070 44.503969
0.175487 44.503833
0.176904 44.503703
0.178321 44.503580
0.179739 44.503464
0.181156 44.503355
0.182573 44.503254
0.183990 44.503162
0.185408 44.503078
0.186825 44.503003
0.188242 44.502938
0.189659 44.502882
0.191077 44.502836
0.192494 44.502800
0.193911 44.502774
0.195328 44.502759
0.196745 44.502753

0.196745 44.502753
0.197506 44.502753
0.198267 44.502753
0.199028 44.502753
0.199789 44.502753
0.200550 44.502753
0.201311 44.502753
0.202072 44.502753
0.202833 44.502753
0.203594 44.502753
0.204355 44.502753
0.205116 44.502753
0.205877 44.502753
0.206638 44.502753
0.207399 44.502753
0.208159 44.502753
0.208920 44.502753
0.209681 44.502753
0.210442 44.502753
0.211203 44.502753
0.211964 44.502753
0.212725 44.502753
0.213486 44.502753
0.214247 44.502753
0.215008 44.502753
0.215769 44.502753
0.216530 44.502753
0.217291 44.502753
0.218052 44.502753
0.218812 44.502753
0.219573 44.502753
0.220334 44.502753
0.221095 44.502753
0.221856 44.502753
0.222617 44.502753
0.223378 44.502753
0.224139 44.502753
0.224900 44.502753
0.225661 44.502753
0.226422 44.502753
0.227183 44.502753
0.227944 44.502753
0.228705 44.502753
0.229465 44.502753
0.230226 44.502753
0.230987 44.502753
0.231748 44.502753
0.232509 44.502753
0.233270 44.502753
0.234031 44.502753

0.234031 44.502753
0.234792 44.502761
0.235553 44.502784
0.236314 44.502823
0.237075 44.502876
0.237836 44.502945
0.238597 44.503028
0.239358 44.503126
0.240119 44.503237
0.240879 44.503362
0.241640 44.503500
0.242401 44.503651
0.243162 44.503813
0.243923 44.503987
0.244684 44.504171
0.245445 44.504365
0.246206 44.504568
0.246967 44.504779
0.247728 44.504998
0.248489 44.505223
0.249250 44.505454
0.250011 44.505689
0.250772 44.505928
0.251532 44.506169
0.252293 44.506412
0.253054 44.506656
0.253815 44.506900
0.254576 44.507142
0.255337 44.507382
0.256098 44.507619
0.256859 44.507851
0.257620 44.508078
0.258381 44.508299
0.259142 44.508513
0.259903 44.508719
0.260664 44.508916
0.261425 44.509103
0.262186 44.509280
0.262946 44.509446
0.263707 44.509599
0.264468 44.509740
0.265229 44.509868
0.265990 44.509982
0.266751 44.510082
0.267512 44.510167
0.268273 44.510238
0.269034 44.510293
0.269795 44.510332
0.270556 44.510356
0.271317 44.510364

0.271317 44.510364
0.272393 44.510356
0.273469 44.510332
0.274545 44.510293
0.275621 44.510238
0.276697 44.510168
0.277773 44.510082
0.278849 44.509983
0.279926 44.509869
0.281002 44.509741
0.282078 44.509600
0.283154 44.509447
0.284230 44.509281
0.285306 44.509105
0.286382 44.508917
0.287459 44.508721
0.288535 44.508515
0.289611 44.508301
0.290687 44.508080
0.291763 44.507853
0.292839 44.507621
0.293915 44.507384
0.294991 44.507144
0.296067 44.506902
0.297144 44.506658
0.298220 44.506414
0.299296 44.506171
0.300372 44.505930
0.301448 44.505691
0.302524 44.505456
0.303600 44.505225
0.304676 44.505000
0.305752 44.504781
0.306829 44.504570
0.307905 44.504367
0.308981 44.504173
0.310057 44.503988
0.311133 44.503814
0.312209 44.503652
0.313285 44.503501
0.314361 44.503363
0.315438 44.503238
0.316514 44.503126
0.317590 44.503028
0.318666 44.502945
0.319742 44.502876
0.320818 44.502823
0.321894 44.502784
0.322970 44.502761
0.324047 44.502753


0.000000 44.507826
0.000761 44.507834
0.001522 44.507856
0.002283 44.507892
0.003044 44.507943
0.003805 44.508008
0.004566 44.508087
0.005326 44.508180
0.006087 44.508286
0.006848 44.508404
0.007609 44.508535
0.008370 44.508678
0.009131 44.508833
0.009892 44.508997
0.010653 44.509172
0.011414 44.509356
0.012175 44.509549
0.012936 44.509750
0.013697 44.509957
0.014458 44.510171
0.015219 44.510389
0.015980 44.510613
0.016740 44.510839
0.017501 44.511069
0.018262 44.511300
0.019023 44.511531
0.019784 44.511762
0.020545 44.511992
0.021306 44.512220
0.022067 44.512445
0.022828 44.512665
0.023589 44.512881
0.024350 44.513091
0.025111 44.513294
0.025872 44.513489
0.026633 44.513676
0.027394 44.513854
0.028154 44.514022
0.028915 44.514179
0.029676 44.514325
0.030437 44.514459
0.031198 44.514580
0.031959 44.514688
0.032720 44.514783
0.033481 44.514864
0.034242 44.514931
0.035003 44.514983
0.035764 44.515020
0.036525 44.515043
0.037286 44.515050

0.037286 44.515050
0.038046 44.515060
0.038808 44.515089
0.039568 44.515137
0.040329 44.515204
0.041090 44.515289
0.041851 44.515392
0.042612 44.515512
0.043373 44.515647
0.044134 44.515799
0.044895 44.515965
0.045656 44.516144
0.046417 44.516336
0.047178 44.516539
0.047939 44.516753
0.048700 44.516977
0.049460 44.517209
0.050221 44.517449
0.050982 44.517696
0.051743 44.517948
0.052504 44.518205
0.053265 44.518465
0.054026 44.518728
0.054787 44.518992
0.055548 44.519257
0.056309 44.519521
0.057070 44.519784
0.057831 44.520044
0.058592 44.520301
0.059353 44.520553
0.060114 44.520800
0.060874 44.521040
0.061635 44.521274
0.062396 44.521499
0.063157 44.521715
0.063918 44.521921
0.064679 44.522117
0.065440 44.522302
0.066201 44.522474
0.066962 44.522634
0.067723 44.522781
0.068484 44.522913
0.069245 44.523032
0.070006 44.523135
0.070767 44.523223
0.071527 44.523296
0.072288 44.523353
0.073049 44.523394
0.073810 44.523418
0.074571 44.523426

0.074571 44.523426
0.075647 44.523410
0.076724 44.523361
0.077800 44.523279
0.078876 44.523166
0.079952 44.523021
0.081028 44.522845
0.082104 44.522639
0.083180 44.522403
0.084256 44.522139
0.085332 44.521848
0.086408 44.521532
0.087485 44.521190
0.088561 44.520826
0.089637 44.520440
0.090713 44.520035
0.091789 44.519611
0.092865 44.519171
0.093941 44.518717
0.095018 44.518250
0.096094 44.517772
0.097170 44.517286
0.098246 44.516793
0.099322 44.516296
0.100398 44.515797
0.101474 44.515297
0.102550 44.514799
0.103626 44.514304
0.104703 44.513815
0.105779 44.513334
0.106855 44.512863
0.107931 44.512403
0.109007 44.511957
0.110083 44.511525
0.111159 44.511111
0.112235 44.510715
0.113311 44.510339
0.114388 44.509985
0.115464 44.509654
0.116540 44.509347
0.117616 44.509066
0.118692 44.508811
0.119768 44.508584
0.120844 44.508385
0.121920 44.508216
0.122997 44.508076
0.124073 44.507967
0.125149 44.507889
0.126225 44.507842
0.127301 44.507826

0.127301 44.507826
0.128718 44.507821
0.130135 44.507805
0.131553 44.507779
0.132970 44.507743
0.134387 44.507696
0.135804 44.507640
0.137222 44.507573
0.138639 44.507498
0.140056 44.507413
0.141473 44.507319
0.142891 44.507218
0.144308 44.507108
0.145725 44.506990
0.147142 44.506866
0.148560 44.506735
0.149977 44.506598
0.151394 44.506456
0.152811 44.506309
0.154228 44.506158
0.155646 44.506004
0.157063 44.505846
0.158480 44.505686
0.159897 44.505525
0.161315 44.505363
0.162732 44.505200
0.164149 44.505038
0.165566 44.504877
0.166984 44.504717
0.168401 44.504560
0.169818 44.504406
0.171235 44.504256
0.172652 44.504110
0.174070 44.503969
0.175487 44.503833
0.176904 44.503703
0.178321 44.503580
0.179739 44.503464
0.181156 44.503355
0.182573 44.503254
0.183990 44.503162
0.185408 44.503078
0.186825 44.503003
0.188242 44.502938
0.189659 44.502882
0.191077 44.502836
0.192494 44.502800
0.193911 44.502774
0.195328 44.502759
0.196745 44.502753

0.196745 44.502753
0.197506 44.502761
0.198267 44.502784
0.199028 44.502823
0.199789 44.502876
0.200550 44.502945
0.201311 44.503028
0.202072 44.503126
0.202833 44.503238
0.203594 44.503363
0.204355 44.503501
0.205116 44.503652
0.205877 44.503815
0.206638 44.503988
0.207399 44.504173
0.208159 44.504367
0.208920 44.504570
0.209681 44.504782
0.210442 44.505001
0.211203 44.505226
0.211964 44.505457
0.212725 44.505692
0.213486 44.505931
0.214247 44.506173
0.215008 44.506416
0.215769 44.506661
0.216530 44.506905
0.217291 44.507147
0.218052 44.507387
0.218812 44.507624
0.219573 44.507857
0.220334 44.508084
0.221095 44.508306
0.221856 44.508520
0.222617 44.508726
0.223378 44.508923
0.224139 44.509111
0.224900 44.509288
0.225661 44.509453
0.226422 44.509607
0.227183 44.509748
0.227944 44.509876
0.228705 44.509990
0.229465 44.510090
0.230226 44.510176
0.230987 44.510246
0.231748 44.510301
0.232509 44.510341
0.233270 44.510364
0.234031 44.510372

0.234031 44.510372
0.234792 44.510372
0.235553 44.510372
0.236314 44.510372
0.237075 44.510372
0.237836 44.510372
0.238597 44.510372
0.239358 44.510372
0.240119 44.510372
0.240879 44.510372
0.241640 44.510371
0.242401 44.510371
0.243162 44.510371
0.243923 44.510371
0.244684 44.510371
0.245445 44.510370
0.246206 44.510370
0.246967 44.510370
0.247728 44.510370
0.248489 44.510369
0.249250 44.510369
0.250011 44.510369
0.250772 44.510369
0.251532 44.510368
0.252293 44.510368
0.253054 44.510368
0.253815 44.510368
0.254576 44.510367
0.255337 44.510367
0.256098 44.510367
0.256859 44.510366
0.257620 44.510366
0.258381 44.510366
0.259142 44.510366
0.259903 44.510365
0.260664 44.510365
0.261425 44.510365
0.262186 44.510365
0.262946 44.510365
0.263707 44.510364
0.264468 44.510364
0.265229 44.510364
0.265990 44.510364
0.266751 44.510364
0.267512 44.510364
0.268273 44.510364
0.269034 44.510364
0.269795 44.510364
0.270556 44.510364
0.271317 44.510364

0.271317 44.510364
0.272393 44.510356
0.273469 44.510332
0.274545 44.510293
0.275621 44.510238
0.276697 44.510168
0.277773 44.510082
0.278849 44.509983
0.279926 44.509869
0.281002 44.509741
0.282078 44.509600
0.283154 44.509447
0.284230 44.509281
0.285306 44.509105
0.286382 44.508917
0.287459 44.508721
0.288535 44.508515
0.289611 44.508301
0.290687 44.508080
0.291763 44.507853
0.292839 44.507621
0.293915 44.507384
0.294991 44.507144
0.296067 44.506902
0.297144 44.506658
0.298220 44.506414
0.299296 44.506171
0.300372 44.505930
0.301448 44.505691
0.302524 44.505456
0.303600 44.505225
0.304676 44.505000
0.305752 44.504781
0.306829 44.504570
0.307905 44.504367
0.308981 44.504173
0.310057 44.503988
0.311133 44.503814
0.312209 44.503652
0.313285 44.503501
0.314361 44.503363
0.315438 44.503238
0.316514 44.503126
0.317590 44.503028
0.318666 44.502945
0.319742 44.502876
0.320818 44.502823
0.321894 44.502784
0.322970 44.502761
0.324047 44.502753


0.000000 44.573188
0.000761 44.573188
0.001522 44.573189
0.002283 44.573190
0.003044 44.573191
0.003805 44.573194
0.004566 44.573196
0.005326 44.573199
0.006087 44.573202
0.006848 44.573206
0.007609 44.573210
0.008370 44.573215
0.009131 44.573219
0.009892 44.573224
0.010653 44.573229
0.011414 44.573235
0.012175 44.573240
0.012936 44.573246
0.013697 44.573252
0.014458 44.573257
0.015219 44.573263
0.015980 44.573269
0.016740 44.573274
0.017501 44.573280
0.018262 44.573285
0.019023 44.573290
0.019784 44.573295
0.020545 44.573300
0.021306 44.573304
0.022067 44.573309
0.022828 44.573313
0.023589 44.573316
0.024350 44.573320
0.025111 44.573323
0.025872 44.573326
0.026633 44.573329
0.027394 44.573332
0.028154 44.573334
0.028915 44.573336
0.029676 44.573338
0.030437 44.573340
0.031198 44.573342
0.031959 44.573343
0.032720 44.573344
0.033481 44.573345
0.034242 44.573346
0.035003 44.573346
0.035764 44.573347
0.036525 44.573347
0.037286 44.573347

0.037286 44.573347
0.038046 44.573347
0.038808 44.573348
0.039568 44.573350
0.040329 44.573352
0.041090 44.573354
0.041851 44.573358
0.042612 44.573361
0.043373 44.573366
0.044134 44.573370
0.044895 44.573376
0.045656 44.573381
0.046417 44.573387
0.047178 44.573394
0.047939 44.573401
0.048700 44.573408
0.049460 44.573416
0.050221 44.573424
0.050982 44.573432
0.051743 44.573441
0.052504 44.573449
0.053265 44.573458
0.054026 44.573467
0.054787 44.573476
0.055548 44.573486
0.056309 44.573495
0.057070 44.573504
0.057831 44.573513
0.058592 44.573522
0.059353 44.573531
0.060114 44.573540
0.060874 44.573548
0.061635 44.573556
0.062396 44.573564
0.063157 44.573572
0.063918 44.573579
0.064679 44.573586
0.065440 44.573593
0.066201 44.573599
0.066962 44.573605
0.067723 44.573610
0.068484 44.573615
0.069245 44.573619
0.070006 44.573623
0.070767 44.573626
0.071527 44.573628
0.072288 44.573630
0.073049 44.573632
0.073810 44.573633
0.074571 44.573633

0.074571 44.573633
0.075647 44.573633
0.076724 44.573631
0.077800 44.573629
0.078876 44.573626
0.079952 44.573622
0.081028 44.573618
0.082104 44.573612
0.083180 44.573606
0.084256 44.573599
0.085332 44.573591
0.086408 44.573582
0.087485 44.573573
0.088561 44.573563
0.089637 44.573552
0.090713 44.573541
0.091789 44.573530
0.092865 44.573517
0.093941 44.573505
0.095018 44.573492
0.096094 44.573479
0.097170 44.573465
0.098246 44.573451
0.099322 44.573437
0.100398 44.573423
0.101474 44.573408
0.102550 44.573394
0.103626 44.573380
0.104703 44.573366
0.105779 44.573352
0.106855 44.573338
0.107931 44.573325
0.109007 44.573311
0.110083 44.573299
0.111159 44.573286
0.112235 44.573275
0.113311 44.573264
0.114388 44.573253
0.115464 44.573243
0.116540 44.573234
0.117616 44.573225
0.118692 44.573218
0.119768 44.573211
0.120844 44.573205
0.121920 44.573200
0.122997 44.573195
0.124073 44.573192
0.125149 44.573190
0.126225 44.573188
0.127301 44.573188

0.127301 44.573188
0.128718 44.573186
0.130135 44.573183
0.131553 44.573177
0.132970 44.573168
0.134387 44.573157
0.135804 44.573143
0.137222 44.573128
0.138639 44.573110
0.140056 44.573090
0.141473 44.573068
0.142891 44.573044
0.144308 44.573018
0.145725 44.572990
0.147142 44.572961
0.148560 44.572930
0.149977 44.572898
0.151394 44.572864
0.152811 44.572830
0.154228 44.572794
0.155646 44.572758
0.157063 44.572721
0.158480 44.572684
0.159897 44.572646
0.161315 44.572608
0.162732 44.572571
0.164149 44.572533
0.165566 44.572496
0.166984 44.572459
0.168401 44.572423
0.169818 44.572388
0.171235 44.572354
0.172652 44.572321
0.174070 44.572290
0.175487 44.572259
0.176904 44.572231
0.178321 44.572204
0.179739 44.572179
0.181156 44.572156
0.182573 44.572135
0.183990 44.572116
0.185408 44.572100
0.186825 44.572085
0.188242 44.572074
0.189659 44.572064
0.191077 44.572058
0.192494 44.572054
0.193911 44.572052
0.195328 44.572053
0.196745 44.572057

0.196745 44.572057
0.197506 44.572057
0.198267 44.572057
0.199028 44.572057
0.199789 44.572057
0.200550 44.572057
0.201311 44.572057
0.202072 44.572057
0.202833 44.572057
0.203594 44.572057
0.204355 44.572057
0.205116 44.572057
0.205877 44.572057
0.206638 44.572057
0.207399 44.572057
0.208159 44.572057
0.208920 44.572057
0.209681 44.572057
0.210442 44.572057
0.211203 44.572057
0.211964 44.572057
0.212725 44.572057
0.213486 44.572057
0.214247 44.572057
0.215008 44.572057
0.215769 44.572057
0.216530 44.572057
0.217291 44.572057
0.218052 44.572057
0.218812 44.572057
0.219573 44.572057
0.220334 44.572057
0.221095 44.572057
0.221856 44.572057
0.222617 44.572057
0.223378 44.572057
0.224139 44.572057
0.224900 44.572057
0.225661 44.572057
0.226422 44.572057
0.227183 44.572057
0.227944 44.572057
0.228705 44.572057
0.229465 44.572057
0.230226 44.572057
0.230987 44.572057
0.231748 44.572057
0.232509 44.572057
0.233270 44.572057
0.234031 44.572057

0.234031 44.572057
0.234792 44.572057
0.235553 44.572058
0.236314 44.572060
0.237075 44.572062
0.237836 44.572065
0.238597 44.572069
0.239358 44.572073
0.240119 44.572077
0.240879 44.572083
0.241640 44.572089
0.242401 44.572095
0.243162 44.572102
0.243923 44.572109
0.244684 44.572117
0.245445 44.572125
0.246206 44.572134
0.246967 44.572142
0.247728 44.572152
0.248489 44.572161
0.249250 44.572171
0.250011 44.572180
0.250772 44.572190
0.251532 44.572201
0.252293 44.572211
0.253054 44.572221
0.253815 44.572231
0.254576 44.572241
0.255337 44.572251
0.256098 44.572261
0.256859 44.572271
0.257620 44.572280
0.258381 44.572289
0.259142 44.572298
0.259903 44.572307
0.260664 44.572315
0.261425 44.572323
0.262186 44.572330
0.262946 44.572337
0.263707 44.572343
0.264468 44.572349
0.265229 44.572354
0.265990 44.572359
0.266751 44.572363
0.267512 44.572366
0.268273 44.572369
0.269034 44.572372
0.269795 44.572373
0.270556 44.572374
0.271317 44.572375

0.271317 44.572375
0.272393 44.572374
0.273469 44.572373
0.274545 44.572372
0.275621 44.572369
0.276697 44.572366
0.277773 44.572363
0.278849 44.572359
0.279926 44.572354
0.281002 44.572349
0.282078 44.572343
0.283154 44.572336
0.284230 44.572329
0.285306 44.572322
0.286382 44.572314
0.287459 44.572306
0.288535 44.572297
0.289611 44.572288
0.290687 44.572279
0.291763 44.572270
0.292839 44.572260
0.293915 44.572250
0.294991 44.572240
0.296067 44.572230
0.297144 44.572220
0.298220 44.572210
0.299296 44.572200
0.300372 44.572190
0.301448 44.572180
0.302524 44.572170
0.303600 44.572160
0.304676 44.572151
0.305752 44.572142
0.306829 44.572133
0.307905 44.572124
0.308981 44.572116
0.310057 44.572109
0.311133 44.572101
0.312209 44.572095
0.313285 44.572088
0.314361 44.572082
0.315438 44.572077
0.316514 44.572073
0.317590 44.572069
0.318666 44.572065
0.319742 44.572062
0.320818 44.572060
0.321894 44.572058
0.322970 44.572057
0.324047 44.572057


0.000000 44.573507
0.000761 44.573507
0.001522 44.573507
0.002283 44.573507
0.003044 44.573508
0.003805 44.573508
0.004566 44.573509
0.005326 44.573510
0.006087 44.573512
0.006848 44.573513
0.007609 44.573514
0.008370 44.573516
0.009131 44.573518
0.009892 44.573520
0.010653 44.573523
0.011414 44.573525
0.012175 44.573528
0.012936 44.573531
0.013697 44.573534
0.014458 44.573537
0.015219 44.573541
0.015980 44.573545
0.016740 44.573549
0.017501 44.573553
0.018262 44.573558
0.019023 44.573562
0.019784 44.573567
0.020545 44.573572
0.021306 44.573577
0.022067 44.573583
0.022828 44.573588
0.023589 44.573593
0.024350 44.573598
0.025111 44.573604
0.025872 44.573609
0.026633 44.573614
0.027394 44.573619
0.028154 44.573623
0.028915 44.573628
0.029676 44.573632
0.030437 44.573636
0.031198 44.573639
0.031959 44.573643
0.032720 44.573646
0.033481 44.573648
0.034242 44.573650
0.035003 44.573652
0.035764 44.573653
0.036525 44.573653
0.037286 44.573654

0.037286 44.573654
0.038046 44.573654
0.038808 44.573654
0.039568 44.573653
0.040329 44.573653
0.041090 44.573653
0.041851 44.573653
0.042612 44.573653
0.043373 44.573652
0.044134 44.573652
0.044895 44.573652
0.045656 44.573652
0.046417 44.573651
0.047178 44.573651
0.047939 44.573650
0.048700 44.573650
0.049460 44.573649
0.050221 44.573649
0.050982 44.573648
0.051743 44.573648
0.052504 44.573647
0.053265 44.573646
0.054026 44.573646
0.054787 44.573645
0.055548 44.573645
0.056309 44.573644
0.057070 44.573643
0.057831 44.573643
0.058592 44.573642
0.059353 44.573641
0.060114 44.573641
0.060874 44.573640
0.061635 44.573639
0.062396 44.573639
0.063157 44.573638
0.063918 44.573638
0.064679 44.573637
0.065440 44.573636
0.066201 44.573636
0.066962 44.573635
0.067723 44.573635
0.068484 44.573635
0.069245 44.573634
0.070006 44.573634
0.070767 44.573634
0.071527 44.573633
0.072288 44.573633
0.073049 44.573633
0.073810 44.573633
0.074571 44.573633

0.074571 44.573633
0.075647 44.573633
0.076724 44.573633
0.077800 44.573632
0.078876 44.573631
0.079952 44.573631
0.081028 44.573629
0.082104 44.573628
0.083180 44.573627
0.084256 44.573625
0.085332 44.573623
0.086408 44.573621
0.087485 44.573619
0.088561 44.573616
0.089637 44.573613
0.090713 44.573610
0.091789 44.573607
0.092865 44.573604
0.093941 44.573601
0.095018 44.573597
0.096094 44.573594
0.097170 44.573590
0.098246 44.573586
0.099322 44.573582
0.100398 44.573578
0.101474 44.573574
0.102550 44.573570
0.103626 44.573565
0.104703 44.573561
0.105779 44.573557
0.106855 44.573553
0.107931 44.573549
0.109007 44.573545
0.110083 44.573541
0.111159 44.573537
0.112235 44.573534
0.113311 44.573530
0.114388 44.573527
0.115464 44.573524
0.116540 44.573521
0.117616 44.573518
0.118692 44.573516
0.119768 44.573514
0.120844 44.573512
0.121920 44.573510
0.122997 44.573509
0.124073 44.573508
0.125149 44.573507
0.126225 44.573507
0.127301 44.573507

0.127301 44.573507
0.128718 44.573505
0.130135 44.573501
0.131553 44.573494
0.132970 44.573484
0.134387 44.573472
0.135804 44.573457
0.137222 44.573439
0.138639 44.573418
0.140056 44.573396
0.141473 44.573370
0.142891 44.573343
0.144308 44.573313
0.145725 44.573282
0.147142 44.573248
0.148560 44.573213
0.149977 44.573176
0.151394 44.573137
0.152811 44.573097
0.154228 44.573056
0.155646 44.573014
0.157063 44.572971
0.158480 44.572927
0.159897 44.572882
0.161315 44.572838
0.162732 44.572793
0.164149 44.572748
0.165566 44.572703
0.166984 44.572658
0.168401 44.572614
0.169818 44.572571
0.171235 44.572528
0.172652 44.572487
0.174070 44.572446
0.175487 44.572407
0.176904 44.572369
0.178321 44.572333
0.179739 44.572299
0.181156 44.572266
0.182573 44.572236
0.183990 44.572207
0.185408 44.572181
0.186825 44.572156
0.188242 44.572135
0.189659 44.572115
0.191077 44.572099
0.192494 44.572084
0.193911 44.572073
0.195328 44.572063
0.196745 44.572057

0.196745 44.572057
0.197506 44.572057
0.198267 44.572058
0.199028 44.572060
0.199789 44.572062
0.200550 44.572065
0.201311 44.572069
0.202072 44.572073
0.202833 44.572077
0.203594 44.572082
0.204355 44.572088
0.205116 44.572094
0.205877 44.572101
0.206638 44.572108
0.207399 44.572116
0.208159 44.572124
0.208920 44.572133
0.209681 44.572141
0.210442 44.572150
0.211203 44.572160
0.211964 44.572169
0.212725 44.572179
0.213486 44.572189
0.214247 44.572199
0.215008 44.572209
0.215769 44.572219
0.216530 44.572229
0.217291 44.572239
0.218052 44.572249
0.218812 44.572259
0.219573 44.572268
0.220334 44.572277
0.221095 44.572287
0.221856 44.572295
0.222617 44.572304
0.223378 44.572312
0.224139 44.572319
0.224900 44.572327
0.225661 44.572333
0.226422 44.572340
0.227183 44.572345
0.227944 44.572351
0.228705 44.572355
0.229465 44.572359
0.230226 44.572363
0.230987 44.572366
0.231748 44.572368
0.232509 44.572370
0.233270 44.572371
0.234031 44.572371

0.234031 44.572371
0.234792 44.572371
0.235553 44.572371
0.236314 44.572371
0.237075 44.572371
0.237836 44.572371
0.238597 44.572371
0.239358 44.572371
0.240119 44.572371
0.240879 44.572371
0.241640 44.572371
0.242401 44.572371
0.243162 44.572371
0.243923 44.572371
0.244684 44.572372
0.245445 44.572372
0.246206 44.572372
0.246967 44.572372
0.247728 44.572372
0.248489 44.572372
0.249250 44.572372
0.250011 44.572372
0.250772 44.572372
0.251532 44.572372
0.252293 44.572373
0.253054 44.572373
0.253815 44.572373
0.254576 44.572373
0.255337 44.572373
0.256098 44.572373
0.256859 44.572373
0.257620 44.572373
0.258381 44.572374
0.259142 44.572374
0.259903 44.572374
0.260664 44.572374
0.261425 44.572374
0.262186 44.572374
0.262946 44.572374
0.263707 44.572374
0.264468 44.572374
0.265229 44.572374
0.265990 44.572374
0.266751 44.572374
0.267512 44.572374
0.268273 44.572374
0.269034 44.572374
0.269795 44.572374
0.270556 44.572374
0.271317 44.572375

0.271317 44.572375
0.272393 44.572374
0.273469 44.572373
0.274545 44.572372
0.275621 44.572369
0.276697 44.572366
0.277773 44.572363
0.278849 44.572359
0.279926 44.572354
0.281002 44.572349
0.282078 44.572343
0.283154 44.572336
0.284230 44.572329
0.285306 44.572322
0.286382 44.572314
0.287459 44.572306
0.288535 44.572297
0.289611 44.572288
0.290687 44.572279
0.291763 44.572270
0.292839 44.572260
0.293915 44.572250
0.294991 44.572240
0.296067 44.572230
0.297144 44.572220
0.298220 44.572210
0.299296 44.572200
0.300372 44.572190
0.301448 44.572180
0.302524 44.572170
0.303600 44.572160
0.304676 44.572151
0.305752 44.572142
0.306829 44.572133
0.307905 44.572124
0.308981 44.572116
0.310057 44.572109
0.311133 44.572101
0.312209 44.572095
0.313285 44.572088
0.314361 44.572082
0.315438 44.572077
0.316514 44.572073
0.317590 44.572069
0.318666 44.572065
0.319742 44.572062
0.320818 44.572060
0.321894 44.572058
0.322970 44.572057
0.324047 44.572057


0.000000 45.590866
0.000761 45.590856
0.001522 45.590828
0.002283 45.590781
0.003044 45.590715
0.003805 45.590631
0.004566 45.590529
0.005326 45.590410
0.006087 45.590274
0.006848 45.590121
0.007609 45.589953
0.008370 45.589769
0.009131 45.589571
0.009892 45.589360
0.010653 45.589137
0.011414 45.588902
0.012175 45.588656
0.012936 45.588401
0.013697 45.588137
0.014458 45.587866
0.015219 45.587589
0.015980 45.587306
0.016740 45.587020
0.017501 45.586731
0.018262 45.586441
0.019023 45.586150
0.019784 45.585860
0.020545 45.585572
0.021306 45.585287
0.022067 45.585007
0.022828 45.584732
0.023589 45.584464
0.024350 45.584204
0.025111 45.583952
0.025872 45.583710
0.026633 45.583479
0.027394 45.583260
0.028154 45.583053
0.028915 45.582860
0.029676 45.582680
0.030437 45.582516
0.031198 45.582367
0.031959 45.582234
0.032720 45.582118
0.033481 45.582019
0.034242 45.581937
0.035003 45.581874
0.035764 45.581828
0.036525 45.581800
0.037286 45.581791

0.037286 45.581791
0.038046 45.581791
0.038808 45.581790
0.039568 45.581788
0.040329 45.581786
0.041090 45.581783
0.041851 45.581780
0.042612 45.581776
0.043373 45.581771
0.044134 45.581765
0.044895 45.581758
0.045656 45.581751
0.046417 45.581743
0.047178 45.581733
0.047939 45.581723
0.048700 45.581711
0.049460 45.581698
0.050221 45.581684
0.050982 45.581668
0.051743 45.581650
0.052504 45.581630
0.053265 45.581608
0.054026 45.581584
0.054787 45.581557
0.055548 45.581527
0.056309 45.581494
0.057070 45.581458
0.057831 45.581418
0.058592 45.581374
0.059353 45.581325
0.060114 45.581272
0.060874 45.581215
0.061635 45.581152
0.062396 45.581086
0.063157 45.581015
0.063918 45.580941
0.064679 45.580864
0.065440 45.580785
0.066201 45.580705
0.066962 45.580627
0.067723 45.580551
0.068484 45.580478
0.069245 45.580410
0.070006 45.580348
0.070767 45.580294
0.071527 45.580249
0.072288 45.580212
0.073049 45.580186
0.073810 45.580170
0.074571 45.580164

0.074571 45.580164
0.075647 45.580175
0.076724 45.580207
0.077800 45.580261
0.078876 45.580336
0.079952 45.580432
0.081028 45.580549
0.082104 45.580686
0.083180 45.580842
0.084256 45.581017
0.085332 45.581211
0.086408 45.581422
0.087485 45.581650
0.088561 45.581893
0.089637 45.582151
0.090713 45.582423
0.091789 45.582708
0.092865 45.583005
0.093941 45.583311
0.095018 45.583627
0.096094 45.583951
0.097170 45.584281
0.098246 45.584617
0.099322 45.584956
0.100398 45.585298
0.101474 45.585641
0.102550 45.585984
0.103626 45.586325
0.104703 45.586662
0.105779 45.586995
0.106855 45.587323
0.107931 45.587643
0.109007 45.587954
0.110083 45.588255
0.111159 45.588545
0.112235 45.588823
0.113311 45.589087
0.114388 45.589336
0.115464 45.589570
0.116540 45.589787
0.117616 45.589986
0.118692 45.590166
0.119768 45.590327
0.120844 45.590468
0.121920 45.590588
0.122997 45.590688
0.124073 45.590765
0.125149 45.590821
0.126225 45.590854
0.127301 45.590866

0.127301 45.590866
0.128718 45.590872
0.130135 45.590891
0.131553 45.590923
0.132970 45.590967
0.134387 45.591024
0.135804 45.591093
0.137222 45.591173
0.138639 45.591265
0.140056 45.591368
0.141473 45.591482
0.142891 45.591606
0.144308 45.591740
0.145725 45.591883
0.147142 45.592034
0.148560 45.592193
0.149977 45.592360
0.151394 45.592533
0.152811 45.592712
0.154228 45.592896
0.155646 45.593084
0.157063 45.593276
0.158480 45.593471
0.159897 45.593667
0.161315 45.593865
0.162732 45.594063
0.164149 45.594261
0.165566 45.594457
0.166984 45.594651
0.168401 45.594843
0.169818 45.595031
0.171235 45.595214
0.172652 45.595392
0.174070 45.595564
0.175487 45.595730
0.176904 45.595888
0.178321 45.596039
0.179739 45.596181
0.181156 45.596313
0.182573 45.596436
0.183990 45.596549
0.185408 45.596651
0.186825 45.596743
0.188242 45.596823
0.189659 45.596891
0.191077 45.596947
0.192494 45.596991
0.193911 45.597022
0.195328 45.597041
0.196745 45.597047

0.196745 45.597047
0.197506 45.597038
0.198267 45.597009
0.199028 45.596961
0.199789 45.596894
0.200550 45.596808
0.201311 45.596705
0.202072 45.596583
0.202833 45.596444
0.203594 45.596289
0.204355 45.596117
0.205116 45.595930
0.205877 45.595729
0.206638 45.595514
0.207399 45.595286
0.208159 45.595047
0.208920 45.594796
0.209681 45.594536
0.210442 45.594268
0.211203 45.593992
0.211964 45.593709
0.212725 45.593422
0.213486 45.593130
0.214247 45.592836
0.215008 45.592540
0.215769 45.592244
0.216530 45.591949
0.217291 45.591655
0.218052 45.591365
0.218812 45.591080
0.219573 45.590800
0.220334 45.590527
0.221095 45.590262
0.221856 45.590006
0.222617 45.589760
0.223378 45.589524
0.224139 45.589301
0.224900 45.589091
0.225661 45.588894
0.226422 45.588711
0.227183 45.588544
0.227944 45.588392
0.228705 45.588257
0.229465 45.588139
0.230226 45.588038
0.230987 45.587955
0.231748 45.587890
0.232509 45.587843
0.233270 45.587815
0.234031 45.587806

0.234031 45.587806
0.234792 45.587806
0.235553 45.587806
0.236314 45.587806
0.237075 45.587806
0.237836 45.587807
0.238597 45.587807
0.239358 45.587808
0.240119 45.587809
0.240879 45.587810
0.241640 45.587811
0.242401 45.587812
0.243162 45.587813
0.243923 45.587814
0.244684 45.587815
0.245445 45.587816
0.246206 45.587818
0.246967 45.587819
0.247728 45.587821
0.248489 45.587822
0.249250 45.587824
0.250011 45.587825
0.250772 45.587827
0.251532 45.587829
0.252293 45.587830
0.253054 45.587832
0.253815 45.587834
0.254576 45.587835
0.255337 45.587837
0.256098 45.587838
0.256859 45.587840
0.257620 45.587842
0.258381 45.587843
0.259142 45.587845
0.259903 45.587846
0.260664 45.587847
0.261425 45.587849
0.262186 45.587850
0.262946 45.587851
0.263707 45.587852
0.264468 45.587853
0.265229 45.587854
0.265990 45.587855
0.266751 45.587855
0.267512 45.587856
0.268273 45.587857
0.269034 45.587857
0.269795 45.587857
0.270556 45.587857
0.271317 45.587857

0.271317 45.587857
0.272393 45.587867
0.273469 45.587894
0.274545 45.587940
0.275621 45.588005
0.276697 45.588087
0.277773 45.588187
0.278849 45.588304
0.279926 45.588437
0.281002 45.588587
0.282078 45.588753
0.283154 45.588934
0.284230 45.589129
0.285306 45.589338
0.286382 45.589559
0.287459 45.589792
0.288535 45.590036
0.289611 45.590290
0.290687 45.590553
0.291763 45.590824
0.292839 45.591102
0.293915 45.591385
0.294991 45.591673
0.296067 45.591964
0.297144 45.592258
0.298220 45.592552
0.299296 45.592847
0.300372 45.593140
0.301448 45.593430
0.302524 45.593716
0.303600 45.593998
0.304676 45.594273
0.305752 45.594540
0.306829 45.594800
0.307905 45.595049
0.308981 45.595288
0.310057 45.595516
0.311133 45.595730
0.312209 45.595931
0.313285 45.596118
0.314361 45.596289
0.315438 45.596445
0.316514 45.596583
0.317590 45.596705
0.318666 45.596809
0.319742 45.596894
0.320818 45.596961
0.321894 45.597009
0.322970 45.597038
0.324047 45.597047


0.000000 45.590866
0.000761 45.590866
0.001522 45.590866
0.002283 45.590866
0.003044 45.590866
0.003805 45.590866
0.004566 45.590866
0.005326 45.590866
0.006087 45.590866
0.006848 45.590866
0.007609 45.590866
0.008370 45.590866
0.009131 45.590866
0.009892 45.590866
0.010653 45.590866
0.011414 45.590866
0.012175 45.590866
0.012936 45.590866
0.013697 45.590866
0.014458 45.590866
0.015219 45.590866
0.015980 45.590866
0.016740 45.590866
0.017501 45.590866
0.018262 45.590866
0.019023 45.590866
0.019784 45.590866
0.020545 45.590866
0.021306 45.590866
0.022067 45.590866
0.022828 45.590866
0.023589 45.590866
0.024350 45.590866
0.025111 45.590866
0.025872 45.590866
0.026633 45.590866
0.027394 45.590866
0.028154 45.590866
0.028915 45.590866
0.029676 45.590866
0.030437 45.590866
0.031198 45.590866
0.031959 45.590866
0.032720 45.590866
0.033481 45.590866
0.034242 45.590866
0.035003 45.590866
0.035764 45.590866
0.036525 45.590866
0.037286 45.590866

0.037286 45.590866
0.038046 45.590856
0.038808 45.590829
0.039568 45.590784
0.040329 45.590720
0.041090 45.590639
0.041851 45.590541
0.042612 45.590426
0.043373 45.590295
0.044134 45.590148
0.044895 45.589986
0.045656 45.589810
0.046417 45.589621
0.047178 45.589420
0.047939 45.589207
0.048700 45.588983
0.049460 45.588751
0.050221 45.588510
0.050982 45.588263
0.051743 45.588010
0.052504 45.587753
0.053265 45.587492
0.054026 45.587231
0.054787 45.586969
0.055548 45.586708
0.056309 45.586451
0.057070 45.586197
0.057831 45.585950
0.058592 45.585709
0.059353 45.585478
0.060114 45.585256
0.060874 45.585046
0.061635 45.584848
0.062396 45.584663
0.063157 45.584493
0.063918 45.584336
0.064679 45.584194
0.065440 45.584066
0.066201 45.583952
0.066962 45.583852
0.067723 45.583764
0.068484 45.583688
0.069245 45.583623
0.070006 45.583568
0.070767 45.583523
0.071527 45.583487
0.072288 45.583460
0.073049 45.583441
0.073810 45.583429
0.074571 45.583426

0.074571 45.583426
0.075647 45.583433
0.076724 45.583456
0.077800 45.583493
0.078876 45.583546
0.079952 45.583613
0.081028 45.583694
0.082104 45.583790
0.083180 45.583899
0.084256 45.584021
0.085332 45.584156
0.086408 45.584304
0.087485 45.584463
0.088561 45.584632
0.089637 45.584813
0.090713 45.585002
0.091789 45.585201
0.092865 45.585407
0.093941 45.585621
0.095018 45.585841
0.096094 45.586066
0.097170 45.586296
0.098246 45.586530
0.099322 45.586766
0.100398 45.587004
0.101474 45.587242
0.102550 45.587480
0.103626 45.587717
0.104703 45.587952
0.105779 45.588183
0.106855 45.588410
0.107931 45.588632
0.109007 45.588848
0.110083 45.589057
0.111159 45.589259
0.112235 45.589451
0.113311 45.589634
0.114388 45.589807
0.115464 45.589969
0.116540 45.590119
0.117616 45.590256
0.118692 45.590381
0.119768 45.590493
0.120844 45.590590
0.121920 45.590674
0.122997 45.590742
0.124073 45.590796
0.125149 45.590835
0.126225 45.590858
0.127301 45.590866

0.127301 45.590866
0.128718 45.590872
0.130135 45.590891
0.131553 45.590923
0.132970 45.590967
0.134387 45.591024
0.135804 45.591093
0.137222 45.591173
0.138639 45.591265
0.140056 45.591368
0.141473 45.591482
0.142891 45.591606
0.144308 45.591740
0.145725 45.591883
0.147142 45.592034
0.148560 45.592193
0.149977 45.592360
0.151394 45.592533
0.152811 45.592712
0.154228 45.592896
0.155646 45.593084
0.157063 45.593276
0.158480 45.593471
0.159897 45.593667
0.161315 45.593865
0.162732 45.594063
0.164149 45.594261
0.165566 45.594457
0.166984 45.594651
0.168401 45.594843
0.169818 45.595031
0.171235 45.595214
0.172652 45.595392
0.174070 45.595564
0.175487 45.595730
0.176904 45.595888
0.178321 45.596039
0.179739 45.596181
0.181156 45.596313
0.182573 45.596436
0.183990 45.596549
0.185408 45.596651
0.186825 45.596743
0.188242 45.596823
0.189659 45.596891
0.191077 45.596947
0.192494 45.596991
0.193911 45.597022
0.195328 45.597041
0.196745 45.597047

0.196745 45.597047
0.197506 45.597047
0.198267 45.597047
0.199028 45.597047
0.199789 45.597047
0.200550 45.597047
0.201311 45.597047
0.202072 45.597047
0.202833 45.597047
0.203594 45.597048
0.204355 45.597048
0.205116 45.597048
0.205877 45.597048
0.206638 45.597048
0.207399 45.597048
0.208159 45.597048
0.208920 45.597048
0.209681 45.597048
0.210442 45.597048
0.211203 45.597048
0.211964 45.597048
0.212725 45.597048
0.213486 45.597048
0.214247 45.597048
0.215008 45.597048
0.215769 45.597048
0.216530 45.597048
0.217291 45.597048
0.218052 45.597048
0.218812 45.597048
0.219573 45.597048
0.220334 45.597049
0.221095 45.597049
0.221856 45.597049
0.222617 45.597049
0.223378 45.597049
0.224139 45.597049
0.224900 45.597049
0.225661 45.597049
0.226422 45.597049
0.227183 45.597049
0.227944 45.597049
0.228705 45.597049
0.229465 45.597049
0.230226 45.597049
0.230987 45.597049
0.231748 45.597049
0.232509 45.597049
0.233270 45.597049
0.234031 45.597049

0.234031 45.597049
0.234792 45.597039
0.235553 45.597011
0.236314 45.596963
0.237075 45.596896
0.237836 45.596811
0.238597 45.596708
0.239358 45.596587
0.240119 45.596449
0.240879 45.596295
0.241640 45.596124
0.242401 45.595938
0.243162 45.595738
0.243923 45.595524
0.244684 45.595298
0.245445 45.595059
0.246206 45.594810
0.246967 45.594552
0.247728 45.594285
0.248489 45.594010
0.249250 45.593729
0.250011 45.593443
0.250772 45.593153
0.251532 45.592861
0.252293 45.592566
0.253054 45.592272
0.253815 45.591978
0.254576 45.591686
0.255337 45.591398
0.256098 45.591114
0.256859 45.590836
0.257620 45.590565
0.258381 45.590301
0.259142 45.590046
0.259903 45.589801
0.260664 45.589567
0.261425 45.589345
0.262186 45.589135
0.262946 45.588940
0.263707 45.588758
0.264468 45.588591
0.265229 45.588441
0.265990 45.588306
0.266751 45.588189
0.267512 45.588088
0.268273 45.588006
0.269034 45.587941
0.269795 45.587895
0.270556 45.587867
0.271317 45.587857

0.271317 45.587857
0.272393 45.587867
0.273469 45.587894
0.274545 45.587940
0.275621 45.588005
0.276697 45.588087
0.277773 45.588187
0.278849 45.588304
0.279926 45.588437
0.281002 45.588587
0.282078 45.588753
0.283154 45.588934
0.284230 45.589129
0.285306 45.589338
0.286382 45.589559
0.287459 45.589792
0.288535 45.590036
0.289611 45.590290
0.290687 45.590553
0.291763 45.590824
0.292839 45.591102
0.293915 45.591385
0.294991 45.591673
0.296067 45.591964
0.297144 45.592258
0.298220 45.592552
0.299296 45.592847
0.300372 45.593140
0.301448 45.593430
0.302524 45.593716
0.303600 45.593998
0.304676 45.594273
0.305752 45.594540
0.306829 45.594800
0.307905 45.595049
0.308981 45.595288
0.310057 45.595516
0.311133 45.595730
0.312209 45.595931
0.313285 45.596118
0.314361 45.596289
0.315438 45.596445
0.316514 45.596583
0.317590 45.596705
0.318666 45.596809
0.319742 45.596894
0.320818 45.596961
0.321894 45.597009
0.322970 45.597038
0.324047 45.597047


0.000000 46.192974
0.000761 46.192980
0.001522 46.193000
0.002283 46.193032
0.003044 46.193075
0.003805 46.193129
0.004566 46.193193
0.005326 46.193264
0.006087 46.193342
0.006848 46.193424
0.007609 46.193508
0.008370 46.193592
0.009131 46.193675
0.009892 46.193755
0.010653 46.193831
0.011414 46.193903
0.012175 46.193969
0.012936 46.194029
0.013697 46.194084
0.014458 46.194134
0.015219 46.194178
0.015980 46.194219
0.016740 46.194255
0.017501 46.194287
0.018262 46.194315
0.019023 46.194341
0.019784 46.194364
0.020545 46.194385
0.021306 46.194403
0.022067 46.194420
0.022828 46.194435
0.023589 46.194448
0.024350 46.194461
0.025111 46.194471
0.025872 46.194481
0.026633 46.194490
0.027394 46.194498
0.028154 46.194505
0.028915 46.194511
0.029676 46.194516
0.030437 46.194521
0.031198 46.194525
0.031959 46.194529
0.032720 46.194532
0.033481 46.194535
0.034242 46.194537
0.035003 46.194539
0.035764 46.194540
0.036525 46.194540
0.037286 46.194541

0.037286 46.194541
0.038046 46.194552
0.038808 46.194586
0.039568 46.194643
0.040329 46.194722
0.041090 46.194823
0.041851 46.194946
0.042612 46.195090
0.043373 46.195255
0.044134 46.195439
0.044895 46.195642
0.045656 46.195864
0.046417 46.196102
0.047178 46.196357
0.047939 46.196627
0.048700 46.196911
0.049460 46.197208
0.050221 46.197516
0.050982 46.197835
0.051743 46.198162
0.052504 46.198498
0.053265 46.198839
0.054026 46.199185
0.054787 46.199535
0.055548 46.199886
0.056309 46.200238
0.057070 46.200589
0.057831 46.200938
0.058592 46.201283
0.059353 46.201622
0.060114 46.201955
0.060874 46.202280
0.061635 46.202596
0.062396 46.202901
0.063157 46.203194
0.063918 46.203474
0.064679 46.203740
0.065440 46.203991
0.066201 46.204226
0.066962 46.204443
0.067723 46.204643
0.068484 46.204824
0.069245 46.204985
0.070006 46.205126
0.070767 46.205246
0.071527 46.205346
0.072288 46.205423
0.073049 46.205479
0.073810 46.205512
0.074571 46.205523

0.074571 46.205523
0.075647 46.205510
0.076724 46.205472
0.077800 46.205409
0.078876 46.205321
0.079952 46.205208
0.081028 46.205071
0.082104 46.204910
0.083180 46.204726
0.084256 46.204520
0.085332 46.204292
0.086408 46.204044
0.087485 46.203776
0.088561 46.203490
0.089637 46.203187
0.090713 46.202867
0.091789 46.202532
0.092865 46.202184
0.093941 46.201824
0.095018 46.201453
0.096094 46.201073
0.097170 46.200685
0.098246 46.200292
0.099322 46.199893
0.100398 46.199492
0.101474 46.199090
0.102550 46.198689
0.103626 46.198289
0.104703 46.197893
0.105779 46.197503
0.106855 46.197119
0.107931 46.196745
0.109007 46.196380
0.110083 46.196027
0.111159 46.195688
0.112235 46.195363
0.113311 46.195054
0.114388 46.194762
0.115464 46.194489
0.116540 46.194235
0.117616 46.194003
0.118692 46.193792
0.119768 46.193603
0.120844 46.193438
0.121920 46.193298
0.122997 46.193182
0.124073 46.193091
0.125149 46.193026
0.126225 46.192987
0.127301 46.192974

0.127301 46.192974
0.128718 46.192979
0.130135 46.192994
0.131553 46.193019
0.132970 46.193054
0.134387 46.193099
0.135804 46.193154
0.137222 46.193218
0.138639 46.193292
0.140056 46.193375
0.141473 46.193466
0.142891 46.193566
0.144308 46.193675
0.145725 46.193791
0.147142 46.193915
0.148560 46.194046
0.149977 46.194183
0.151394 46.194327
0.152811 46.194477
0.154228 46.194632
0.155646 46.194791
0.157063 46.194956
0.158480 46.195123
0.159897 46.195295
0.161315 46.195469
0.162732 46.195645
0.164149 46.195822
0.165566 46.196001
0.166984 46.196180
0.168401 46.196358
0.169818 46.196536
0.171235 46.196713
0.172652 46.196888
0.174070 46.197060
0.175487 46.197229
0.176904 46.197395
0.178321 46.197557
0.179739 46.197713
0.181156 46.197865
0.182573 46.198011
0.183990 46.198151
0.185408 46.198284
0.186825 46.198410
0.188242 46.198528
0.189659 46.198639
0.191077 46.198742
0.192494 46.198836
0.193911 46.198921
0.195328 46.198998
0.196745 46.199065

0.196745 46.199065
0.197506 46.199065
0.198267 46.199066
0.199028 46.199068
0.199789 46.199070
0.200550 46.199074
0.201311 46.199077
0.202072 46.199082
0.202833 46.199087
0.203594 46.199092
0.204355 46.199099
0.205116 46.199106
0.205877 46.199113
0.206638 46.199122
0.207399 46.199130
0.208159 46.199140
0.208920 46.199150
0.209681 46.199160
0.210442 46.199171
0.211203 46.199183
0.211964 46.199194
0.212725 46.199207
0.213486 46.199219
0.214247 46.199232
0.215008 46.199245
0.215769 46.199259
0.216530 46.199273
0.217291 46.199286
0.218052 46.199300
0.218812 46.199314
0.219573 46.199328
0.220334 46.199342
0.221095 46.199355
0.221856 46.199369
0.222617 46.199382
0.223378 46.199394
0.224139 46.199406
0.224900 46.199418
0.225661 46.199429
0.226422 46.199439
0.227183 46.199449
0.227944 46.199458
0.228705 46.199465
0.229465 46.199472
0.230226 46.199478
0.230987 46.199483
0.231748 46.199487
0.232509 46.199490
0.233270 46.199492
0.234031 46.199492

0.234031 46.199492
0.234792 46.199504
0.235553 46.199539
0.236314 46.199597
0.237075 46.199678
0.237836 46.199781
0.238597 46.199907
0.239358 46.200054
0.240119 46.200222
0.240879 46.200410
0.241640 46.200618
0.242401 46.200844
0.243162 46.201088
0.243923 46.201348
0.244684 46.201624
0.245445 46.201914
0.246206 46.202217
0.246967 46.202533
0.247728 46.202858
0.248489 46.203193
0.249250 46.203535
0.250011 46.203884
0.250772 46.204238
0.251532 46.204595
0.252293 46.204954
0.253054 46.205314
0.253815 46.205673
0.254576 46.206029
0.255337 46.206381
0.256098 46.206728
0.256859 46.207068
0.257620 46.207400
0.258381 46.207723
0.259142 46.208034
0.259903 46.208334
0.260664 46.208620
0.261425 46.208892
0.262186 46.209148
0.262946 46.209388
0.263707 46.209611
0.264468 46.209814
0.265229 46.209999
0.265990 46.210164
0.266751 46.210308
0.267512 46.210431
0.268273 46.210532
0.269034 46.210611
0.269795 46.210668
0.270556 46.210702
0.271317 46.210714

0.271317 46.210714
0.272393 46.210702
0.273469 46.210668
0.274545 46.210611
0.275621 46.210532
0.276697 46.210431
0.277773 46.210307
0.278849 46.210162
0.279926 46.209997
0.281002 46.209811
0.282078 46.209605
0.283154 46.209380
0.284230 46.209137
0.285306 46.208877
0.286382 46.208600
0.287459 46.208308
0.288535 46.208002
0.289611 46.207683
0.290687 46.207352
0.291763 46.207011
0.292839 46.206660
0.293915 46.206302
0.294991 46.205938
0.296067 46.205568
0.297144 46.205196
0.298220 46.204822
0.299296 46.204447
0.300372 46.204074
0.301448 46.203704
0.302524 46.203338
0.303600 46.202979
0.304676 46.202627
0.305752 46.202284
0.306829 46.201952
0.307905 46.201632
0.308981 46.201326
0.310057 46.201034
0.311133 46.200759
0.312209 46.200501
0.313285 46.200261
0.314361 46.200040
0.315438 46.199841
0.316514 46.199662
0.317590 46.199506
0.318666 46.199372
0.319742 46.199262
0.320818 46.199176
0.321894 46.199115
0.322970 46.199077
0.324047 46.199065


0.000000 46.196100
0.000761 46.196104
0.001522 46.196119
0.002283 46.196144
0.003044 46.196180
0.003805 46.196227
0.004566 46.196286
0.005326 46.196359
0.006087 46.196446
0.006848 46.196549
0.007609 46.196668
0.008370 46.196805
0.009131 46.196961
0.009892 46.197136
0.010653 46.197330
0.011414 46.197543
0.012175 46.197774
0.012936 46.198022
0.013697 46.198286
0.014458 46.198564
0.015219 46.198855
0.015980 46.199156
0.016740 46.199467
0.017501 46.199785
0.018262 46.200108
0.019023 46.200434
0.019784 46.200762
0.020545 46.201090
0.021306 46.201417
0.022067 46.201740
0.022828 46.202058
0.023589 46.202370
0.024350 46.202674
0.025111 46.202968
0.025872 46.203252
0.026633 46.203523
0.027394 46.203782
0.028154 46.204026
0.028915 46.204255
0.029676 46.204467
0.030437 46.204662
0.031198 46.204838
0.031959 46.204996
0.032720 46.205134
0.033481 46.205252
0.034242 46.205349
0.035003 46.205425
0.035764 46.205479
0.036525 46.205512
0.037286 46.205523

0.037286 46.205523
0.038046 46.205523
0.038808 46.205523
0.039568 46.205523
0.040329 46.205523
0.041090 46.205523
0.041851 46.205523
0.042612 46.205523
0.043373 46.205523
0.044134 46.205523
0.044895 46.205523
0.045656 46.205523
0.046417 46.205523
0.047178 46.205523
0.047939 46.205523
0.048700 46.205523
0.049460 46.205523
0.050221 46.205523
0.050982 46.205523
0.051743 46.205523
0.052504 46.205523
0.053265 46.205523
0.054026 46.205523
0.054787 46.205523
0.055548 46.205523
0.056309 46.205523
0.057070 46.205523
0.057831 46.205523
0.058592 46.205523
0.059353 46.205523
0.060114 46.205523
0.060874 46.205523
0.061635 46.205523
0.062396 46.205523
0.063157 46.205523
0.063918 46.205523
0.064679 46.205523
0.065440 46.205523
0.066201 46.205523
0.066962 46.205523
0.067723 46.205523
0.068484 46.205523
0.069245 46.205523
0.070006 46.205523
0.070767 46.205523
0.071527 46.205523
0.072288 46.205523
0.073049 46.205523
0.073810 46.205523
0.074571 46.205523

0.074571 46.205523
0.075647 46.205514
0.076724 46.205485
0.077800 46.205437
0.078876 46.205370
0.079952 46.205285
0.081028 46.205182
0.082104 46.205060
0.083180 46.204922
0.084256 46.204766
0.085332 46.204595
0.086408 46.204408
0.087485 46.204206
0.088561 46.203990
0.089637 46.203761
0.090713 46.203520
0.091789 46.203269
0.092865 46.203006
0.093941 46.202735
0.095018 46.202456
0.096094 46.202170
0.097170 46.201879
0.098246 46.201583
0.099322 46.201284
0.100398 46.200982
0.101474 46.200680
0.102550 46.200379
0.103626 46.200079
0.104703 46.199782
0.105779 46.199489
0.106855 46.199202
0.107931 46.198921
0.109007 46.198648
0.110083 46.198384
0.111159 46.198129
0.112235 46.197886
0.113311 46.197655
0.114388 46.197437
0.115464 46.197232
0.116540 46.197043
0.117616 46.196869
0.118692 46.196711
0.119768 46.196570
0.120844 46.196447
0.121920 46.196342
0.122997 46.196255
0.124073 46.196187
0.125149 46.196139
0.126225 46.196109
0.127301 46.196100

0.127301 46.196100
0.128718 46.196104
0.130135 46.196116
0.131553 46.196137
0.132970 46.196166
0.134387 46.196203
0.135804 46.196248
0.137222 46.196300
0.138639 46.196360
0.140056 46.196427
0.141473 46.196500
0.142891 46.196580
0.144308 46.196666
0.145725 46.196757
0.147142 46.196853
0.148560 46.196954
0.149977 46.197058
0.151394 46.197167
0.152811 46.197278
0.154228 46.197391
0.155646 46.197506
0.157063 46.197622
0.158480 46.197739
0.159897 46.197855
0.161315 46.197971
0.162732 46.198085
0.164149 46.198197
0.165566 46.198307
0.166984 46.198413
0.168401 46.198516
0.169818 46.198614
0.171235 46.198707
0.172652 46.198795
0.174070 46.198876
0.175487 46.198951
0.176904 46.199019
0.178321 46.199080
0.179739 46.199133
0.181156 46.199177
0.182573 46.199214
0.183990 46.199241
0.185408 46.199259
0.186825 46.199268
0.188242 46.199268
0.189659 46.199258
0.191077 46.199239
0.192494 46.199210
0.193911 46.199171
0.195328 46.199123
0.196745 46.199065

0.196745 46.199065
0.197506 46.199077
0.198267 46.199113
0.199028 46.199173
0.199789 46.199257
0.200550 46.199364
0.201311 46.199494
0.202072 46.199646
0.202833 46.199820
0.203594 46.200015
0.204355 46.200230
0.205116 46.200464
0.205877 46.200717
0.206638 46.200986
0.207399 46.201272
0.208159 46.201573
0.208920 46.201887
0.209681 46.202214
0.210442 46.202551
0.211203 46.202898
0.211964 46.203253
0.212725 46.203615
0.213486 46.203982
0.214247 46.204353
0.215008 46.204725
0.215769 46.205099
0.216530 46.205471
0.217291 46.205841
0.218052 46.206207
0.218812 46.206567
0.219573 46.206920
0.220334 46.207265
0.221095 46.207601
0.221856 46.207925
0.222617 46.208236
0.223378 46.208534
0.224139 46.208817
0.224900 46.209084
0.225661 46.209333
0.226422 46.209564
0.227183 46.209777
0.227944 46.209969
0.228705 46.210140
0.229465 46.210291
0.230226 46.210419
0.230987 46.210524
0.231748 46.210606
0.232509 46.210666
0.233270 46.210701
0.234031 46.210713

0.234031 46.210713
0.234792 46.210713
0.235553 46.210713
0.236314 46.210713
0.237075 46.210713
0.237836 46.210713
0.238597 46.210713
0.239358 46.210713
0.240119 46.210713
0.240879 46.210713
0.241640 46.210713
0.242401 46.210713
0.243162 46.210713
0.243923 46.210713
0.244684 46.210713
0.245445 46.210713
0.246206 46.210713
0.246967 46.210713
0.247728 46.210713
0.248489 46.210713
0.249250 46.210713
0.250011 46.210713
0.250772 46.210713
0.251532 46.210713
0.252293 46.210713
0.253054 46.210713
0.253815 46.210713
0.254576 46.210713
0.255337 46.210713
0.256098 46.210714
0.256859 46.210714
0.257620 46.210714
0.258381 46.210714
0.259142 46.210714
0.259903 46.210714
0.260664 46.210714
0.261425 46.210714
0.262186 46.210714
0.262946 46.210714
0.263707 46.210714
0.264468 46.210714
0.265229 46.210714
0.265990 46.210714
0.266751 46.210714
0.267512 46.210714
0.268273 46.210714
0.269034 46.210714
0.269795 46.210714
0.270556 46.210714
0.271317 46.210714

0.271317 46.210714
0.272393 46.210702
0.273469 46.210668
0.274545 46.210611
0.275621 46.210532
0.276697 46.210431
0.277773 46.210307
0.278849 46.210162
0.279926 46.209997
0.281002 46.209811
0.282078 46.209605
0.283154 46.209380
0.284230 46.209137
0.285306 46.208877
0.286382 46.208600
0.287459 46.208308
0.288535 46.208002
0.289611 46.207683
0.290687 46.207352
0.291763 46.207011
0.292839 46.206660
0.293915 46.206302
0.294991 46.205938
0.296067 46.205568
0.297144 46.205196
0.298220 46.204822
0.299296 46.204447
0.300372 46.204074
0.301448 46.203704
0.302524 46.203338
0.303600 46.202979
0.304676 46.202627
0.305752 46.202284
0.306829 46.201952
0.307905 46.201632
0.308981 46.201326
0.310057 46.201034
0.311133 46.200759
0.312209 46.200501
0.313285 46.200261
0.314361 46.200040
0.315438 46.199841
0.316514 46.199662
0.317590 46.199506
0.318666 46.199372
0.319742 46.199262
0.320818 46.199176
0.321894 46.199115
0.322970 46.199077
0.324047 46.199065


0.000000 46.338234
0.000761 46.338220
0.001522 46.338180
0.002283 46.338111
0.003044 46.338014
0.003805 46.337887
0.004566 46.337728
0.005326 46.337534
0.006087 46.337305
0.006848 46.337037
0.007609 46.336727
0.008370 46.336373
0.009131 46.335974
0.009892 46.335526
0.010653 46.335030
0.011414 46.334484
0.012175 46.333890
0.012936 46.333249
0.013697 46.332562
0.014458 46.331834
0.015219 46.331068
0.015980 46.330269
0.016740 46.329440
0.017501 46.328588
0.018262 46.327717
0.019023 46.326832
0.019784 46.325939
0.020545 46.325043
0.021306 46.324148
0.022067 46.323260
0.022828 46.322384
0.023589 46.321523
0.024350 46.320683
0.025111 46.319868
0.025872 46.319081
0.026633 46.318326
0.027394 46.317608
0.028154 46.316928
0.028915 46.316292
0.029676 46.315700
0.030437 46.315157
0.031198 46.314664
0.031959 46.314224
0.032720 46.313839
0.033481 46.313510
0.034242 46.313239
0.035003 46.313026
0.035764 46.312874
0.036525 46.312783
0.037286 46.312752

0.037286 46.312752
0.038046 46.312752
0.038808 46.312752
0.039568 46.312752
0.040329 46.312752
0.041090 46.312752
0.041851 46.312752
0.042612 46.312752
0.043373 46.312752
0.044134 46.312752
0.044895 46.312752
0.045656 46.312752
0.046417 46.312752
0.047178 46.312752
0.047939 46.312752
0.048700 46.312752
0.049460 46.312752
0.050221 46.312752
0.050982 46.312752
0.051743 46.312752
0.052504 46.312752
0.053265 46.312752
0.054026 46.312752
0.054787 46.312752
0.055548 46.312752
0.056309 46.312752
0.057070 46.312752
0.057831 46.312752
0.058592 46.312752
0.059353 46.312752
0.060114 46.312752
0.060874 46.312752
0.061635 46.312753
0.062396 46.312753
0.063157 46.312753
0.063918 46.312753
0.064679 46.312753
0.065440 46.312753
0.066201 46.312753
0.066962 46.312753
0.067723 46.312753
0.068484 46.312753
0.069245 46.312753
0.070006 46.312753
0.070767 46.312753
0.071527 46.312753
0.072288 46.312753
0.073049 46.312753
0.073810 46.312753
0.074571 46.312753

0.074571 46.312753
0.075647 46.312778
0.076724 46.312855
0.077800 46.312982
0.078876 46.313159
0.079952 46.313385
0.081028 46.313660
0.082104 46.313983
0.083180 46.314352
0.084256 46.314766
0.085332 46.315223
0.086408 46.315722
0.087485 46.316260
0.088561 46.316836
0.089637 46.317447
0.090713 46.318091
0.091789 46.318766
0.092865 46.319468
0.093941 46.320195
0.095018 46.320944
0.096094 46.321713
0.097170 46.322497
0.098246 46.323294
0.099322 46.324101
0.100398 46.324914
0.101474 46.325731
0.102550 46.326547
0.103626 46.327359
0.104703 46.328165
0.105779 46.328960
0.106855 46.329742
0.107931 46.330506
0.109007 46.331250
0.110083 46.331971
0.111159 46.332666
0.112235 46.333331
0.113311 46.333963
0.114388 46.334561
0.115464 46.335121
0.116540 46.335641
0.117616 46.336119
0.118692 46.336552
0.119768 46.336939
0.120844 46.337278
0.121920 46.337567
0.122997 46.337806
0.124073 46.337992
0.125149 46.338126
0.126225 46.338207
0.127301 46.338234

0.127301 46.338234
0.128718 46.338228
0.130135 46.338212
0.131553 46.338185
0.132970 46.338147
0.134387 46.338100
0.135804 46.338042
0.137222 46.337974
0.138639 46.337898
0.140056 46.337812
0.141473 46.337719
0.142891 46.337617
0.144308 46.337509
0.145725 46.337395
0.147142 46.337275
0.148560 46.337150
0.149977 46.337022
0.151394 46.336890
0.152811 46.336757
0.154228 46.336622
0.155646 46.336486
0.157063 46.336352
0.158480 46.336219
0.159897 46.336089
0.161315 46.335962
0.162732 46.335840
0.164149 46.335724
0.165566 46.335614
0.166984 46.335511
0.168401 46.335417
0.169818 46.335333
0.171235 46.335258
0.172652 46.335194
0.174070 46.335142
0.175487 46.335103
0.176904 46.335076
0.178321 46.335064
0.179739 46.335066
0.181156 46.335083
0.182573 46.335115
0.183990 46.335164
0.185408 46.335228
0.186825 46.335309
0.188242 46.335407
0.189659 46.335522
0.191077 46.335653
0.192494 46.335801
0.193911 46.335967
0.195328 46.336149
0.196745 46.336347

0.196745 46.336347
0.197506 46.336314
0.198267 46.336215
0.199028 46.336051
0.199789 46.335822
0.200550 46.335530
0.201311 46.335175
0.202072 46.334759
0.202833 46.334283
0.203594 46.333751
0.204355 46.333164
0.205116 46.332525
0.205877 46.331836
0.206638 46.331100
0.207399 46.330321
0.208159 46.329502
0.208920 46.328645
0.209681 46.327756
0.210442 46.326837
0.211203 46.325893
0.211964 46.324926
0.212725 46.323943
0.213486 46.322945
0.214247 46.321938
0.215008 46.320926
0.215769 46.319912
0.216530 46.318902
0.217291 46.317899
0.218052 46.316906
0.218812 46.315930
0.219573 46.314972
0.220334 46.314037
0.221095 46.313129
0.221856 46.312252
0.222617 46.311409
0.223378 46.310603
0.224139 46.309838
0.224900 46.309116
0.225661 46.308442
0.226422 46.307816
0.227183 46.307242
0.227944 46.306723
0.228705 46.306259
0.229465 46.305854
0.230226 46.305508
0.230987 46.305223
0.231748 46.305000
0.232509 46.304840
0.233270 46.304744
0.234031 46.304712

0.234031 46.304712
0.234792 46.304712
0.235553 46.304712
0.236314 46.304712
0.237075 46.304712
0.237836 46.304712
0.238597 46.304712
0.239358 46.304712
0.240119 46.304712
0.240879 46.304712
0.241640 46.304712
0.242401 46.304712
0.243162 46.304712
0.243923 46.304712
0.244684 46.304712
0.245445 46.304712
0.246206 46.304712
0.246967 46.304712
0.247728 46.304712
0.248489 46.304712
0.249250 46.304712
0.250011 46.304712
0.250772 46.304712
0.251532 46.304712
0.252293 46.304712
0.253054 46.304712
0.253815 46.304712
0.254576 46.304712
0.255337 46.304712
0.256098 46.304712
0.256859 46.304712
0.257620 46.304712
0.258381 46.304712
0.259142 46.304712
0.259903 46.304712
0.260664 46.304712
0.261425 46.304712
0.262186 46.304712
0.262946 46.304712
0.263707 46.304712
0.264468 46.304712
0.265229 46.304712
0.265990 46.304712
0.266751 46.304712
0.267512 46.304712
0.268273 46.304712
0.269034 46.304712
0.269795 46.304712
0.270556 46.304712
0.271317 46.304712

0.271317 46.304712
0.272393 46.304744
0.273469 46.304838
0.274545 46.304995
0.275621 46.305214
0.276697 46.305494
0.277773 46.305834
0.278849 46.306233
0.279926 46.306689
0.281002 46.307202
0.282078 46.307767
0.283154 46.308385
0.284230 46.309052
0.285306 46.309765
0.286382 46.310523
0.287459 46.311321
0.288535 46.312157
0.289611 46.313029
0.290687 46.313931
0.291763 46.314861
0.292839 46.315815
0.293915 46.316789
0.294991 46.317780
0.296067 46.318782
0.297144 46.319793
0.298220 46.320807
0.299296 46.321822
0.300372 46.322832
0.301448 46.323833
0.302524 46.324821
0.303600 46.325793
0.304676 46.326743
0.305752 46.327668
0.306829 46.328565
0.307905 46.329428
0.308981 46.330254
0.310057 46.331041
0.311133 46.331784
0.312209 46.332480
0.313285 46.333126
0.314361 46.333720
0.315438 46.334258
0.316514 46.334739
0.317590 46.335160
0.318666 46.335519
0.319742 46.335816
0.320818 46.336047
0.321894 46.336214
0.322970 46.336314
0.324047 46.336347


0.000000 46.350229
0.000761 46.350209
0.001522 46.350151
0.002283 46.350056
0.003044 46.349925
0.003805 46.349760
0.004566 46.349565
0.005326 46.349343
0.006087 46.349099
0.006848 46.348837
0.007609 46.348561
0.008370 46.348277
0.009131 46.347990
0.009892 46.347704
0.010653 46.347424
0.011414 46.347153
0.012175 46.346895
0.012936 46.346650
0.013697 46.346422
0.014458 46.346210
0.015219 46.346014
0.015980 46.345835
0.016740 46.345671
0.017501 46.345522
0.018262 46.345386
0.019023 46.345263
0.019784 46.345152
0.020545 46.345052
0.021306 46.344961
0.022067 46.344879
0.022828 46.344805
0.023589 46.344738
0.024350 46.344677
0.025111 46.344622
0.025872 46.344573
0.026633 46.344529
0.027394 46.344489
0.028154 46.344454
0.028915 46.344422
0.029676 46.344394
0.030437 46.344369
0.031198 46.344347
0.031959 46.344329
0.032720 46.344313
0.033481 46.344299
0.034242 46.344289
0.035003 46.344280
0.035764 46.344275
0.036525 46.344271
0.037286 46.344270

0.037286 46.344270
0.038046 46.344237
0.038808 46.344138
0.039568 46.343974
0.040329 46.343745
0.041090 46.343452
0.041851 46.343097
0.042612 46.342682
0.043373 46.342207
0.044134 46.341675
0.044895 46.341088
0.045656 46.340449
0.046417 46.339761
0.047178 46.339026
0.047939 46.338247
0.048700 46.337429
0.049460 46.336574
0.050221 46.335686
0.050982 46.334769
0.051743 46.333827
0.052504 46.332863
0.053265 46.331881
0.054026 46.330887
0.054787 46.329883
0.055548 46.328874
0.056309 46.327864
0.057070 46.326857
0.057831 46.325858
0.058592 46.324870
0.059353 46.323898
0.060114 46.322945
0.060874 46.322015
0.061635 46.321112
0.062396 46.320240
0.063157 46.319401
0.063918 46.318601
0.064679 46.317840
0.065440 46.317124
0.066201 46.316453
0.066962 46.315832
0.067723 46.315263
0.068484 46.314747
0.069245 46.314287
0.070006 46.313885
0.070767 46.313542
0.071527 46.313259
0.072288 46.313038
0.073049 46.312880
0.073810 46.312784
0.074571 46.312753

0.074571 46.312753
0.075647 46.312791
0.076724 46.312905
0.077800 46.313095
0.078876 46.313360
0.079952 46.313698
0.081028 46.314109
0.082104 46.314591
0.083180 46.315142
0.084256 46.315759
0.085332 46.316441
0.086408 46.317184
0.087485 46.317986
0.088561 46.318842
0.089637 46.319751
0.090713 46.320708
0.091789 46.321709
0.092865 46.322750
0.093941 46.323827
0.095018 46.324936
0.096094 46.326072
0.097170 46.327231
0.098246 46.328407
0.099322 46.329597
0.100398 46.330794
0.101474 46.331995
0.102550 46.333194
0.103626 46.334387
0.104703 46.335568
0.105779 46.336733
0.106855 46.337876
0.107931 46.338993
0.109007 46.340080
0.110083 46.341132
0.111159 46.342144
0.112235 46.343113
0.113311 46.344034
0.114388 46.344903
0.115464 46.345717
0.116540 46.346472
0.117616 46.347165
0.118692 46.347793
0.119768 46.348354
0.120844 46.348845
0.121920 46.349264
0.122997 46.349609
0.124073 46.349879
0.125149 46.350073
0.126225 46.350190
0.127301 46.350229

0.127301 46.350229
0.128718 46.350218
0.130135 46.350186
0.131553 46.350132
0.132970 46.350058
0.134387 46.349962
0.135804 46.349846
0.137222 46.349709
0.138639 46.349553
0.140056 46.349377
0.141473 46.349182
0.142891 46.348969
0.144308 46.348738
0.145725 46.348490
0.147142 46.348225
0.148560 46.347946
0.149977 46.347651
0.151394 46.347343
0.152811 46.347022
0.154228 46.346689
0.155646 46.346345
0.157063 46.345991
0.158480 46.345628
0.159897 46.345257
0.161315 46.344879
0.162732 46.344496
0.164149 46.344108
0.165566 46.343716
0.166984 46.343323
0.168401 46.342927
0.169818 46.342532
0.171235 46.342138
0.172652 46.341746
0.174070 46.341357
0.175487 46.340972
0.176904 46.340593
0.178321 46.340220
0.179739 46.339854
0.181156 46.339496
0.182573 46.339148
0.183990 46.338810
0.185408 46.338483
0.186825 46.338168
0.188242 46.337865
0.189659 46.337575
0.191077 46.337300
0.192494 46.337039
0.193911 46.336793
0.195328 46.336562
0.196745 46.336347

0.196745 46.336347
0.197506 46.336347
0.198267 46.336345
0.199028 46.336343
0.199789 46.336340
0.200550 46.336337
0.201311 46.336332
0.202072 46.336326
0.202833 46.336320
0.203594 46.336313
0.204355 46.336306
0.205116 46.336297
0.205877 46.336288
0.206638 46.336278
0.207399 46.336268
0.208159 46.336257
0.208920 46.336245
0.209681 46.336233
0.210442 46.336221
0.211203 46.336208
0.211964 46.336194
0.212725 46.336181
0.213486 46.336167
0.214247 46.336153
0.215008 46.336138
0.215769 46.336124
0.216530 46.336109
0.217291 46.336095
0.218052 46.336081
0.218812 46.336066
0.219573 46.336052
0.220334 46.336039
0.221095 46.336025
0.221856 46.336012
0.222617 46.336000
0.223378 46.335987
0.224139 46.335976
0.224900 46.335965
0.225661 46.335955
0.226422 46.335945
0.227183 46.335936
0.227944 46.335928
0.228705 46.335921
0.229465 46.335915
0.230226 46.335909
0.230987 46.335905
0.231748 46.335902
0.232509 46.335899
0.233270 46.335898
0.234031 46.335897

0.234031 46.335897
0.234792 46.335864
0.235553 46.335767
0.236314 46.335604
0.237075 46.335378
0.237836 46.335089
0.238597 46.334738
0.239358 46.334327
0.240119 46.333857
0.240879 46.333331
0.241640 46.332751
0.242401 46.332119
0.243162 46.331438
0.243923 46.330712
0.244684 46.329942
0.245445 46.329133
0.246206 46.328287
0.246967 46.327409
0.247728 46.326502
0.248489 46.325569
0.249250 46.324616
0.250011 46.323645
0.250772 46.322661
0.251532 46.321667
0.252293 46.320669
0.253054 46.319670
0.253815 46.318674
0.254576 46.317685
0.255337 46.316707
0.256098 46.315745
0.256859 46.314802
0.257620 46.313881
0.258381 46.312988
0.259142 46.312124
0.259903 46.311295
0.260664 46.310502
0.261425 46.309749
0.262186 46.309040
0.262946 46.308376
0.263707 46.307761
0.264468 46.307198
0.265229 46.306687
0.265990 46.306232
0.266751 46.305833
0.267512 46.305493
0.268273 46.305214
0.269034 46.304995
0.269795 46.304838
0.270556 46.304744
0.271317 46.304712

0.271317 46.304712
0.272393 46.304744
0.273469 46.304838
0.274545 46.304995
0.275621 46.305214
0.276697 46.305494
0.277773 46.305834
0.278849 46.306233
0.279926 46.306689
0.281002 46.307202
0.282078 46.307767
0.283154 46.308385
0.284230 46.309052
0.285306 46.309765
0.286382 46.310523
0.287459 46.311321
0.288535 46.312157
0.289611 46.313029
0.290687 46.313931
0.291763 46.314861
0.292839 46.315815
0.293915 46.316789
0.294991 46.317780
0.296067 46.318782
0.297144 46.319793
0.298220 46.320807
0.299296 46.321822
0.300372 46.322832
0.301448 46.323833
0.302524 46.324821
0.303600 46.325793
0.304676 46.326743
0.305752 46.327668
0.306829 46.328565
0.307905 46.329428
0.308981 46.330254
0.310057 46.331041
0.311133 46.331784
0.312209 46.332480
0.313285 46.333126
0.314361 46.333720
0.315438 46.334258
0.316514 46.334739
0.317590 46.335160
0.318666 46.335519
0.319742 46.335816
0.320818 46.336047
0.321894 46.336214
0.322970 46.336314
0.324047 46.336347


0.000000 47.450742
0.000761 47.450742
0.001522 47.450742
0.002283 47.450742
0.003044 47.450742
0.003805 47.450742
0.004566 47.450742
0.005326 47.450742
0.006087 47.450742
0.006848 47.450742
0.007609 47.450742
0.008370 47.450742
0.009131 47.450742
0.009892 47.450742
0.010653 47.450742
0.011414 47.450742
0.012175 47.450742
0.012936 47.450743
0.013697 47.450743
0.014458 47.450743
0.015219 47.450743
0.015980 47.450743
0.016740 47.450743
0.017501 47.450743
0.018262 47.450743
0.019023 47.450743
0.019784 47.450743
0.020545 47.450743
0.021306 47.450743
0.022067 47.450743
0.022828 47.450743
0.023589 47.450743
0.024350 47.450743
0.025111 47.450743
0.025872 47.450743
0.026633 47.450743
0.027394 47.450743
0.028154 47.450743
0.028915 47.450743
0.029676 47.450743
0.030437 47.450743
0.031198 47.450743
0.031959 47.450743
0.032720 47.450743
0.033481 47.450743
0.034242 47.450743
0.035003 47.450743
0.035764 47.450743
0.036525 47.450743
0.037286 47.450743

0.037286 47.450743
0.038046 47.450806
0.038808 47.450993
0.039568 47.451304
0.040329 47.451738
0.041090 47.452295
0.041851 47.452971
0.042612 47.453767
0.043373 47.454679
0.044134 47.455705
0.044895 47.456842
0.045656 47.458087
0.046417 47.459436
0.047178 47.460885
0.047939 47.462430
0.048700 47.464066
0.049460 47.465787
0.050221 47.467590
0.050982 47.469466
0.051743 47.471410
0.052504 47.473414
0.053265 47.475472
0.054026 47.477574
0.054787 47.479712
0.055548 47.481876
0.056309 47.484056
0.057070 47.486242
0.057831 47.488420
0.058592 47.490580
0.059353 47.492709
0.060114 47.494792
0.060874 47.496817
0.061635 47.498771
0.062396 47.500640
0.063157 47.502414
0.063918 47.504082
0.064679 47.505636
0.065440 47.507069
0.066201 47.508377
0.066962 47.509558
0.067723 47.510612
0.068484 47.511541
0.069245 47.512347
0.070006 47.513035
0.070767 47.513608
0.071527 47.514071
0.072288 47.514426
0.073049 47.514678
0.073810 47.514828
0.074571 47.514878

0.074571 47.514878
0.075647 47.514778
0.076724 47.514482
0.077800 47.513992
0.078876 47.513316
0.079952 47.512465
0.081028 47.511448
0.082104 47.510280
0.083180 47.508972
0.084256 47.507538
0.085332 47.505993
0.086408 47.504350
0.087485 47.502622
0.088561 47.500820
0.089637 47.498957
0.090713 47.497044
0.091789 47.495090
0.092865 47.493107
0.093941 47.491102
0.095018 47.489084
0.096094 47.487062
0.097170 47.485043
0.098246 47.483033
0.099322 47.481041
0.100398 47.479072
0.101474 47.477131
0.102550 47.475226
0.103626 47.473361
0.104703 47.471542
0.105779 47.469774
0.106855 47.468060
0.107931 47.466407
0.109007 47.464818
0.110083 47.463297
0.111159 47.461849
0.112235 47.460476
0.113311 47.459182
0.114388 47.457971
0.115464 47.456846
0.116540 47.455808
0.117616 47.454862
0.118692 47.454009
0.119768 47.453251
0.120844 47.452590
0.121920 47.452028
0.122997 47.451567
0.124073 47.451207
0.125149 47.450949
0.126225 47.450794
0.127301 47.450742

0.127301 47.450742
0.128718 47.450742
0.130135 47.450742
0.131553 47.450742
0.132970 47.450741
0.134387 47.450741
0.135804 47.450740
0.137222 47.450739
0.138639 47.450738
0.140056 47.450737
0.141473 47.450736
0.142891 47.450735
0.144308 47.450733
0.145725 47.450732
0.147142 47.450730
0.148560 47.450729
0.149977 47.450727
0.151394 47.450725
0.152811 47.450723
0.154228 47.450721
0.155646 47.450720
0.157063 47.450718
0.158480 47.450716
0.159897 47.450714
0.161315 47.450712
0.162732 47.450710
0.164149 47.450708
0.165566 47.450706
0.166984 47.450704
0.168401 47.450702
0.169818 47.450700
0.171235 47.450698
0.172652 47.450696
0.174070 47.450695
0.175487 47.450693
0.176904 47.450691
0.178321 47.450690
0.179739 47.450688
0.181156 47.450687
0.182573 47.450686
0.183990 47.450685
0.185408 47.450684
0.186825 47.450683
0.188242 47.450682
0.189659 47.450681
0.191077 47.450681
0.192494 47.450680
0.193911 47.450680
0.195328 47.450680
0.196745 47.450680

0.196745 47.450680
0.197506 47.450680
0.198267 47.450680
0.199028 47.450680
0.199789 47.450680
0.200550 47.450680
0.201311 47.450680
0.202072 47.450680
0.202833 47.450680
0.203594 47.450680
0.204355 47.450680
0.205116 47.450680
0.205877 47.450680
0.206638 47.450680
0.207399 47.450680
0.208159 47.450680
0.208920 47.450680
0.209681 47.450680
0.210442 47.450680
0.211203 47.450680
0.211964 47.450680
0.212725 47.450680
0.213486 47.450680
0.214247 47.450680
0.215008 47.450680
0.215769 47.450680
0.216530 47.450680
0.217291 47.450680
0.218052 47.450680
0.218812 47.450680
0.219573 47.450680
0.220334 47.450680
0.221095 47.450680
0.221856 47.450680
0.222617 47.450680
0.223378 47.450680
0.224139 47.450680
0.224900 47.450680
0.225661 47.450680
0.226422 47.450680
0.227183 47.450680
0.227944 47.450680
0.228705 47.450680
0.229465 47.450680
0.230226 47.450680
0.230987 47.450680
0.231748 47.450680
0.232509 47.450680
0.233270 47.450680
0.234031 47.450680

0.234031 47.450680
0.234792 47.450746
0.235553 47.450945
0.236314 47.451275
0.237075 47.451736
0.237836 47.452328
0.238597 47.453049
0.239358 47.453898
0.240119 47.454873
0.240879 47.455972
0.241640 47.457194
0.242401 47.458535
0.243162 47.459993
0.243923 47.461566
0.244684 47.463250
0.245445 47.465042
0.246206 47.466940
0.246967 47.468938
0.247728 47.471034
0.248489 47.473224
0.249250 47.475504
0.250011 47.477868
0.250772 47.480314
0.251532 47.482835
0.252293 47.485428
0.253054 47.488087
0.253815 47.490808
0.254576 47.493584
0.255337 47.496409
0.256098 47.499279
0.256859 47.502186
0.257620 47.505124
0.258381 47.508085
0.259142 47.511061
0.259903 47.514043
0.260664 47.517022
0.261425 47.519987
0.262186 47.522925
0.262946 47.525820
0.263707 47.528656
0.264468 47.531412
0.265229 47.534062
0.265990 47.536577
0.266751 47.538919
0.267512 47.541045
0.268273 47.542903
0.269034 47.544437
0.269795 47.545588
0.270556 47.546304
0.271317 47.546547

0.271317 47.546547
0.272393 47.546304
0.273469 47.545591
0.274545 47.544444
0.275621 47.542914
0.276697 47.541061
0.277773 47.538941
0.278849 47.536605
0.279926 47.534097
0.281002 47.531453
0.282078 47.528703
0.283154 47.525873
0.284230 47.522984
0.285306 47.520052
0.286382 47.517093
0.287459 47.514118
0.288535 47.511140
0.289611 47.508167
0.290687 47.505209
0.291763 47.502274
0.292839 47.499368
0.293915 47.496500
0.294991 47.493674
0.296067 47.490898
0.297144 47.488177
0.298220 47.485516
0.299296 47.482921
0.300372 47.480396
0.301448 47.477948
0.302524 47.475580
0.303600 47.473296
0.304676 47.471102
0.305752 47.469001
0.306829 47.466997
0.307905 47.465095
0.308981 47.463297
0.310057 47.461608
0.311133 47.460030
0.312209 47.458566
0.313285 47.457220
0.314361 47.455994
0.315438 47.454891
0.316514 47.453912
0.317590 47.453060
0.318666 47.452336
0.319742 47.451741
0.320818 47.451277
0.321894 47.450946
0.322970 47.450746
0.324047 47.450680


0.000000 47.450742
0.000761 47.450807
0.001522 47.451003
0.002283 47.451328
0.003044 47.451783
0.003805 47.452366
0.004566 47.453076
0.005326 47.453912
0.006087 47.454871
0.006848 47.455952
0.007609 47.457153
0.008370 47.458470
0.009131 47.459902
0.009892 47.461446
0.010653 47.463097
0.011414 47.464853
0.012175 47.466710
0.012936 47.468664
0.013697 47.470711
0.014458 47.472847
0.015219 47.475067
0.015980 47.477367
0.016740 47.479741
0.017501 47.482185
0.018262 47.484693
0.019023 47.487260
0.019784 47.489880
0.020545 47.492546
0.021306 47.495252
0.022067 47.497992
0.022828 47.500757
0.023589 47.503541
0.024350 47.506334
0.025111 47.509128
0.025872 47.511912
0.026633 47.514676
0.027394 47.517407
0.028154 47.520091
0.028915 47.522712
0.029676 47.525254
0.030437 47.527694
0.031198 47.530011
0.031959 47.532176
0.032720 47.534159
0.033481 47.535927
0.034242 47.537445
0.035003 47.538675
0.035764 47.539583
0.036525 47.540141
0.037286 47.540329

0.037286 47.540329
0.038046 47.540334
0.038808 47.540348
0.039568 47.540373
0.040329 47.540407
0.041090 47.540452
0.041851 47.540507
0.042612 47.540574
0.043373 47.540652
0.044134 47.540743
0.044895 47.540847
0.045656 47.540965
0.046417 47.541098
0.047178 47.541248
0.047939 47.541415
0.048700 47.541602
0.049460 47.541810
0.050221 47.542042
0.050982 47.542300
0.051743 47.542587
0.052504 47.542905
0.053265 47.543259
0.054026 47.543652
0.054787 47.544089
0.055548 47.544576
0.056309 47.545117
0.057070 47.545720
0.057831 47.546391
0.058592 47.547137
0.059353 47.547967
0.060114 47.548888
0.060874 47.549908
0.061635 47.551036
0.062396 47.552279
0.063157 47.553641
0.063918 47.555127
0.064679 47.556740
0.065440 47.558478
0.066201 47.560337
0.066962 47.562311
0.067723 47.564389
0.068484 47.566557
0.069245 47.568795
0.070006 47.571078
0.070767 47.573368
0.071527 47.575610
0.072288 47.577718
0.073049 47.579541
0.073810 47.580842
0.074571 47.581327

0.074571 47.581327
0.075647 47.580380
0.076724 47.577988
0.077800 47.574830
0.078876 47.571293
0.079952 47.567557
0.081028 47.563710
0.082104 47.559797
0.083180 47.555848
0.084256 47.551880
0.085332 47.547906
0.086408 47.543937
0.087485 47.539981
0.088561 47.536046
0.089637 47.532137
0.090713 47.528262
0.091789 47.524425
0.092865 47.520633
0.093941 47.516891
0.095018 47.513204
0.096094 47.509578
0.097170 47.506017
0.098246 47.502527
0.099322 47.499113
0.100398 47.495779
0.101474 47.492530
0.102550 47.489372
0.103626 47.486309
0.104703 47.483345
0.105779 47.480485
0.106855 47.477733
0.107931 47.475095
0.109007 47.472573
0.110083 47.470171
0.111159 47.467895
0.112235 47.465746
0.113311 47.463730
0.114388 47.461849
0.115464 47.460106
0.116540 47.458505
0.117616 47.457047
0.118692 47.455736
0.119768 47.454574
0.120844 47.453563
0.121920 47.452704
0.122997 47.452000
0.124073 47.451450
0.125149 47.451057
0.126225 47.450821
0.127301 47.450742

0.127301 47.450742
0.128718 47.450742
0.130135 47.450742
0.131553 47.450742
0.132970 47.450741
0.134387 47.450741
0.135804 47.450740
0.137222 47.450739
0.138639 47.450738
0.140056 47.450737
0.141473 47.450736
0.142891 47.450735
0.144308 47.450733
0.145725 47.450732
0.147142 47.450730
0.148560 47.450729
0.149977 47.450727
0.151394 47.450725
0.152811 47.450723
0.154228 47.450721
0.155646 47.450720
0.157063 47.450718
0.158480 47.450716
0.159897 47.450714
0.161315 47.450712
0.162732 47.450710
0.164149 47.450708
0.165566 47.450706
0.166984 47.450704
0.168401 47.450702
0.169818 47.450700
0.171235 47.450698
0.172652 47.450696
0.174070 47.450695
0.175487 47.450693
0.176904 47.450691
0.178321 47.450690
0.179739 47.450688
0.181156 47.450687
0.182573 47.450686
0.183990 47.450685
0.185408 47.450684
0.186825 47.450683
0.188242 47.450682
0.189659 47.450681
0.191077 47.450681
0.192494 47.450680
0.193911 47.450680
0.195328 47.450680
0.196745 47.450680

0.196745 47.450680
0.197506 47.450746
0.198267 47.450946
0.199028 47.451278
0.199789 47.451741
0.200550 47.452336
0.201311 47.453060
0.202072 47.453913
0.202833 47.454892
0.203594 47.455996
0.204355 47.457223
0.205116 47.458571
0.205877 47.460036
0.206638 47.461616
0.207399 47.463308
0.208159 47.465109
0.208920 47.467015
0.209681 47.469023
0.210442 47.471130
0.211203 47.473330
0.211964 47.475621
0.212725 47.477998
0.213486 47.480456
0.214247 47.482990
0.215008 47.485597
0.215769 47.488270
0.216530 47.491006
0.217291 47.493797
0.218052 47.496639
0.218812 47.499526
0.219573 47.502451
0.220334 47.505407
0.221095 47.508388
0.221856 47.511384
0.222617 47.514388
0.223378 47.517390
0.224139 47.520378
0.224900 47.523341
0.225661 47.526263
0.226422 47.529127
0.227183 47.531912
0.227944 47.534593
0.228705 47.537140
0.229465 47.539515
0.230226 47.541674
0.230987 47.543565
0.231748 47.545127
0.232509 47.546302
0.233270 47.547033
0.234031 47.547281

0.234031 47.547281
0.234792 47.547281
0.235553 47.547279
0.236314 47.547275
0.237075 47.547270
0.237836 47.547263
0.238597 47.547255
0.239358 47.547246
0.240119 47.547235
0.240879 47.547223
0.241640 47.547209
0.242401 47.547195
0.243162 47.547179
0.243923 47.547162
0.244684 47.547144
0.245445 47.547126
0.246206 47.547106
0.246967 47.547086
0.247728 47.547065
0.248489 47.547043
0.249250 47.547021
0.250011 47.546998
0.250772 47.546975
0.251532 47.546951
0.252293 47.546928
0.253054 47.546904
0.253815 47.546881
0.254576 47.546858
0.255337 47.546834
0.256098 47.546811
0.256859 47.546789
0.257620 47.546767
0.258381 47.546746
0.259142 47.546725
0.259903 47.546705
0.260664 47.546686
0.261425 47.546668
0.262186 47.546651
0.262946 47.546635
0.263707 47.546620
0.264468 47.546607
0.265229 47.546594
0.265990 47.546583
0.266751 47.546574
0.267512 47.546566
0.268273 47.546559
0.269034 47.546553
0.269795 47.546550
0.270556 47.546547
0.271317 47.546547

0.271317 47.546547
0.272393 47.546304
0.273469 47.545591
0.274545 47.544444
0.275621 47.542914
0.276697 47.541061
0.277773 47.538941
0.278849 47.536605
0.279926 47.534097
0.281002 47.531453
0.282078 47.528703
0.283154 47.525873
0.284230 47.522984
0.285306 47.520052
0.286382 47.517093
0.287459 47.514118
0.288535 47.511140
0.289611 47.508167
0.290687 47.505209
0.291763 47.502274
0.292839 47.499368
0.293915 47.496500
0.294991 47.493674
0.296067 47.490898
0.297144 47.488177
0.298220 47.485516
0.299296 47.482921
0.300372 47.480396
0.301448 47.477948
0.302524 47.475580
0.303600 47.473296
0.304676 47.471102
0.305752 47.469001
0.306829 47.466997
0.307905 47.465095
0.308981 47.463297
0.310057 47.461608
0.311133 47.460030
0.312209 47.458566
0.313285 47.457220
0.314361 47.455994
0.315438 47.454891
0.316514 47.453912
0.317590 47.453060
0.318666 47.452336
0.319742 47.451741
0.320818 47.451277
0.321894 47.450946
0.322970 47.450746
0.324047 47.450680


0.000000 47.643771
0.000761 47.643755
0.001522 47.643706
0.002283 47.643625
0.003044 47.643511
0.003805 47.643363
0.004566 47.643180
0.005326 47.642963
0.006087 47.642709
0.006848 47.642418
0.007609 47.642088
0.008370 47.641718
0.009131 47.641306
0.009892 47.640850
0.010653 47.640348
0.011414 47.639798
0.012175 47.639199
0.012936 47.638547
0.013697 47.637841
0.014458 47.637079
0.015219 47.636257
0.015980 47.635375
0.016740 47.634430
0.017501 47.633420
0.018262 47.632344
0.019023 47.631201
0.019784 47.629990
0.020545 47.628712
0.021306 47.627366
0.022067 47.625954
0.022828 47.624477
0.023589 47.622939
0.024350 47.621344
0.025111 47.619697
0.025872 47.618004
0.026633 47.616273
0.027394 47.614513
0.028154 47.612736
0.028915 47.610955
0.029676 47.609186
0.030437 47.607448
0.031198 47.605764
0.031959 47.604159
0.032720 47.602663
0.033481 47.601308
0.034242 47.600129
0.035003 47.599163
0.035764 47.598444
0.036525 47.598000
0.037286 47.597849

0.037286 47.597849
0.038046 47.597849
0.038808 47.597849
0.039568 47.597849
0.040329 47.597849
0.041090 47.597849
0.041851 47.597849
0.042612 47.597849
0.043373 47.597849
0.044134 47.597849
0.044895 47.597849
0.045656 47.597849
0.046417 47.597849
0.047178 47.597850
0.047939 47.597850
0.048700 47.597850
0.049460 47.597850
0.050221 47.597850
0.050982 47.597850
0.051743 47.597850
0.052504 47.597850
0.053265 47.597850
0.054026 47.597850
0.054787 47.597850
0.055548 47.597850
0.056309 47.597850
0.057070 47.597850
0.057831 47.597850
0.058592 47.597850
0.059353 47.597850
0.060114 47.597850
0.060874 47.597850
0.061635 47.597850
0.062396 47.597850
0.063157 47.597850
0.063918 47.597850
0.064679 47.597850
0.065440 47.597850
0.066201 47.597850
0.066962 47.597850
0.067723 47.597850
0.068484 47.597850
0.069245 47.597850
0.070006 47.597850
0.070767 47.597850
0.071527 47.597850
0.072288 47.597850
0.073049 47.597850
0.073810 47.597850
0.074571 47.597850

0.074571 47.597850
0.075647 47.597932
0.076724 47.598174
0.077800 47.598574
0.078876 47.599124
0.079952 47.599815
0.081028 47.600636
0.082104 47.601576
0.083180 47.602623
0.084256 47.603762
0.085332 47.604983
0.086408 47.606272
0.087485 47.607618
0.088561 47.609011
0.089637 47.610439
0.090713 47.611895
0.091789 47.613368
0.092865 47.614852
0.093941 47.616339
0.095018 47.617823
0.096094 47.619297
0.097170 47.620757
0.098246 47.622197
0.099322 47.623614
0.100398 47.625002
0.101474 47.626359
0.102550 47.627680
0.103626 47.628964
0.104703 47.630206
0.105779 47.631405
0.106855 47.632558
0.107931 47.633663
0.109007 47.634719
0.110083 47.635722
0.111159 47.636672
0.112235 47.637567
0.113311 47.638406
0.114388 47.639187
0.115464 47.639909
0.116540 47.640572
0.117616 47.641175
0.118692 47.641716
0.119768 47.642195
0.120844 47.642612
0.121920 47.642965
0.122997 47.643255
0.124073 47.643480
0.125149 47.643642
0.126225 47.643738
0.127301 47.643771

0.127301 47.643771
0.128718 47.643785
0.130135 47.643827
0.131553 47.643897
0.132970 47.643996
0.134387 47.644122
0.135804 47.644276
0.137222 47.644459
0.138639 47.644669
0.140056 47.644906
0.141473 47.645171
0.142891 47.645464
0.144308 47.645784
0.145725 47.646131
0.147142 47.646504
0.148560 47.646905
0.149977 47.647331
0.151394 47.647784
0.152811 47.648263
0.154228 47.648767
0.155646 47.649297
0.157063 47.649851
0.158480 47.650430
0.159897 47.651033
0.161315 47.651660
0.162732 47.652311
0.164149 47.652984
0.165566 47.653679
0.166984 47.654397
0.168401 47.655135
0.169818 47.655895
0.171235 47.656674
0.172652 47.657474
0.174070 47.658292
0.175487 47.659128
0.176904 47.659982
0.178321 47.660853
0.179739 47.661739
0.181156 47.662641
0.182573 47.663558
0.183990 47.664488
0.185408 47.665431
0.186825 47.666386
0.188242 47.667352
0.189659 47.668328
0.191077 47.669313
0.192494 47.670307
0.193911 47.671307
0.195328 47.672314
0.196745 47.673326

0.196745 47.673326
0.197506 47.673280
0.198267 47.673143
0.199028 47.672915
0.199789 47.672595
0.200550 47.672185
0.201311 47.671684
0.202072 47.671093
0.202833 47.670413
0.203594 47.669643
0.204355 47.668785
0.205116 47.667839
0.205877 47.666807
0.206638 47.665688
0.207399 47.664484
0.208159 47.663195
0.208920 47.661824
0.209681 47.660372
0.210442 47.658838
0.211203 47.657226
0.211964 47.655537
0.212725 47.653772
0.213486 47.651934
0.214247 47.650024
0.215008 47.648044
0.215769 47.645998
0.216530 47.643887
0.217291 47.641715
0.218052 47.639485
0.218812 47.637199
0.219573 47.634864
0.220334 47.632481
0.221095 47.630058
0.221856 47.627599
0.222617 47.625112
0.223378 47.622603
0.224139 47.620082
0.224900 47.617560
0.225661 47.615050
0.226422 47.612567
0.227183 47.610131
0.227944 47.607766
0.228705 47.605501
0.229465 47.603372
0.230226 47.601423
0.230987 47.599706
0.231748 47.598278
0.232509 47.597201
0.233270 47.596528
0.234031 47.596299

0.234031 47.596299
0.234792 47.596299
0.235553 47.596299
0.236314 47.596299
0.237075 47.596299
0.237836 47.596299
0.238597 47.596299
0.239358 47.596299
0.240119 47.596299
0.240879 47.596299
0.241640 47.596299
0.242401 47.596299
0.243162 47.596299
0.243923 47.596299
0.244684 47.596299
0.245445 47.596299
0.246206 47.596299
0.246967 47.596299
0.247728 47.596299
0.248489 47.596299
0.249250 47.596299
0.250011 47.596299
0.250772 47.596299
0.251532 47.596299
0.252293 47.596299
0.253054 47.596299
0.253815 47.596299
0.254576 47.596299
0.255337 47.596299
0.256098 47.596299
0.256859 47.596299
0.257620 47.596299
0.258381 47.596299
0.259142 47.596299
0.259903 47.596299
0.260664 47.596299
0.261425 47.596299
0.262186 47.596299
0.262946 47.596299
0.263707 47.596299
0.264468 47.596299
0.265229 47.596299
0.265990 47.596299
0.266751 47.596299
0.267512 47.596299
0.268273 47.596299
0.269034 47.596299
0.269795 47.596299
0.270556 47.596299
0.271317 47.596299

0.271317 47.596299
0.272393 47.596523
0.273469 47.597180
0.274545 47.598234
0.275621 47.599634
0.276697 47.601320
0.277773 47.603238
0.278849 47.605338
0.279926 47.607575
0.281002 47.609915
0.282078 47.612329
0.283154 47.614793
0.284230 47.617287
0.285306 47.619795
0.286382 47.622305
0.287459 47.624806
0.288535 47.627288
0.289611 47.629743
0.290687 47.632166
0.291763 47.634549
0.292839 47.636888
0.293915 47.639178
0.294991 47.641415
0.296067 47.643595
0.297144 47.645715
0.298220 47.647772
0.299296 47.649764
0.300372 47.651687
0.301448 47.653539
0.302524 47.655318
0.303600 47.657023
0.304676 47.658650
0.305752 47.660199
0.306829 47.661667
0.307905 47.663054
0.308981 47.664358
0.310057 47.665577
0.311133 47.666710
0.312209 47.667757
0.313285 47.668716
0.314361 47.669587
0.315438 47.670368
0.316514 47.671058
0.317590 47.671658
0.318666 47.672167
0.319742 47.672584
0.320818 47.672908
0.321894 47.673140
0.322970 47.673279
0.324047 47.673326


0.000000 47.706900
0.000761 47.706872
0.001522 47.706788
0.002283 47.706649
0.003044 47.706455
0.003805 47.706207
0.004566 47.705907
0.005326 47.705554
0.006087 47.705152
0.006848 47.704702
0.007609 47.704206
0.008370 47.703666
0.009131 47.703086
0.009892 47.702467
0.010653 47.701813
0.011414 47.701127
0.012175 47.700413
0.012936 47.699675
0.013697 47.698916
0.014458 47.698140
0.015219 47.697352
0.015980 47.696556
0.016740 47.695755
0.017501 47.694955
0.018262 47.694159
0.019023 47.693372
0.019784 47.692597
0.020545 47.691838
0.021306 47.691099
0.022067 47.690382
0.022828 47.689691
0.023589 47.689028
0.024350 47.688395
0.025111 47.687794
0.025872 47.687227
0.026633 47.686694
0.027394 47.686198
0.028154 47.685738
0.028915 47.685315
0.029676 47.684929
0.030437 47.684580
0.031198 47.684269
0.031959 47.683995
0.032720 47.683758
0.033481 47.683558
0.034242 47.683394
0.035003 47.683268
0.035764 47.683177
0.036525 47.683123
0.037286 47.683105

0.037286 47.683105
0.038046 47.683059
0.038808 47.682921
0.039568 47.682690
0.040329 47.682368
0.041090 47.681954
0.041851 47.681449
0.042612 47.680853
0.043373 47.680166
0.044134 47.679389
0.044895 47.678523
0.045656 47.677568
0.046417 47.676525
0.047178 47.675395
0.047939 47.674178
0.048700 47.672876
0.049460 47.671490
0.050221 47.670020
0.050982 47.668468
0.051743 47.666836
0.052504 47.665124
0.053265 47.663334
0.054026 47.661468
0.054787 47.659527
0.055548 47.657513
0.056309 47.655428
0.057070 47.653274
0.057831 47.651053
0.058592 47.648768
0.059353 47.646421
0.060114 47.644015
0.060874 47.641552
0.061635 47.639036
0.062396 47.636470
0.063157 47.633858
0.063918 47.631204
0.064679 47.628512
0.065440 47.625789
0.066201 47.623039
0.066962 47.620271
0.067723 47.617493
0.068484 47.614718
0.069245 47.611959
0.070006 47.609239
0.070767 47.606589
0.071527 47.604059
0.072288 47.601733
0.073049 47.599757
0.073810 47.598365
0.074571 47.597850

0.074571 47.597850
0.075647 47.598776
0.076724 47.601103
0.077800 47.604154
0.078876 47.607542
0.079952 47.611088
0.081028 47.614704
0.082104 47.618345
0.083180 47.621984
0.084256 47.625603
0.085332 47.629192
0.086408 47.632741
0.087485 47.636244
0.088561 47.639695
0.089637 47.643089
0.090713 47.646421
0.091789 47.649690
0.092865 47.652890
0.093941 47.656019
0.095018 47.659074
0.096094 47.662052
0.097170 47.664950
0.098246 47.667767
0.099322 47.670500
0.100398 47.673147
0.101474 47.675705
0.102550 47.678174
0.103626 47.680550
0.104703 47.682832
0.105779 47.685020
0.106855 47.687110
0.107931 47.689101
0.109007 47.690993
0.110083 47.692784
0.111159 47.694472
0.112235 47.696056
0.113311 47.697536
0.114388 47.698910
0.115464 47.700178
0.116540 47.701338
0.117616 47.702390
0.118692 47.703334
0.119768 47.704167
0.120844 47.704891
0.121920 47.705504
0.122997 47.706006
0.124073 47.706397
0.125149 47.706676
0.126225 47.706844
0.127301 47.706900

0.127301 47.706900
0.128718 47.706882
0.130135 47.706827
0.131553 47.706736
0.132970 47.706609
0.134387 47.706446
0.135804 47.706247
0.137222 47.706012
0.138639 47.705742
0.140056 47.705437
0.141473 47.705098
0.142891 47.704725
0.144308 47.704318
0.145725 47.703878
0.147142 47.703406
0.148560 47.702902
0.149977 47.702367
0.151394 47.701801
0.152811 47.701206
0.154228 47.700582
0.155646 47.699930
0.157063 47.699251
0.158480 47.698545
0.159897 47.697814
0.161315 47.697058
0.162732 47.696279
0.164149 47.695478
0.165566 47.694655
0.166984 47.693811
0.168401 47.692948
0.169818 47.692066
0.171235 47.691168
0.172652 47.690253
0.174070 47.689323
0.175487 47.688379
0.176904 47.687422
0.178321 47.686454
0.179739 47.685475
0.181156 47.684487
0.182573 47.683490
0.183990 47.682487
0.185408 47.681477
0.186825 47.680463
0.188242 47.679446
0.189659 47.678425
0.191077 47.677404
0.192494 47.676382
0.193911 47.675361
0.195328 47.674342
0.196745 47.673326

0.196745 47.673326
0.197506 47.673325
0.198267 47.673323
0.199028 47.673319
0.199789 47.673314
0.200550 47.673307
0.201311 47.673299
0.202072 47.673290
0.202833 47.673279
0.203594 47.673267
0.204355 47.673254
0.205116 47.673240
0.205877 47.673224
0.206638 47.673207
0.207399 47.673190
0.208159 47.673171
0.208920 47.673151
0.209681 47.673131
0.210442 47.673110
0.211203 47.673088
0.211964 47.673066
0.212725 47.673044
0.213486 47.673021
0.214247 47.672998
0.215008 47.672974
0.215769 47.672951
0.216530 47.672927
0.217291 47.672904
0.218052 47.672881
0.218812 47.672858
0.219573 47.672836
0.220334 47.672814
0.221095 47.672793
0.221856 47.672772
0.222617 47.672752
0.223378 47.672733
0.224139 47.672715
0.224900 47.672698
0.225661 47.672683
0.226422 47.672668
0.227183 47.672654
0.227944 47.672642
0.228705 47.672631
0.229465 47.672621
0.230226 47.672613
0.230987 47.672606
0.231748 47.672601
0.232509 47.672597
0.233270 47.672595
0.234031 47.672594

0.234031 47.672594
0.234792 47.672549
0.235553 47.672413
0.236314 47.672186
0.237075 47.671868
0.237836 47.671461
0.238597 47.670963
0.239358 47.670376
0.240119 47.669700
0.240879 47.668935
0.241640 47.668083
0.242401 47.667143
0.243162 47.666117
0.243923 47.665005
0.244684 47.663809
0.245445 47.662529
0.246206 47.661167
0.246967 47.659723
0.247728 47.658200
0.248489 47.656599
0.249250 47.654921
0.250011 47.653168
0.250772 47.651342
0.251532 47.649445
0.252293 47.647479
0.253054 47.645447
0.253815 47.643351
0.254576 47.641194
0.255337 47.638980
0.256098 47.636712
0.256859 47.634394
0.257620 47.632030
0.258381 47.629626
0.259142 47.627188
0.259903 47.624722
0.260664 47.622236
0.261425 47.619738
0.262186 47.617241
0.262946 47.614758
0.263707 47.612303
0.264468 47.609896
0.265229 47.607562
0.265990 47.605329
0.266751 47.603233
0.267512 47.601318
0.268273 47.599632
0.269034 47.598234
0.269795 47.597180
0.270556 47.596523
0.271317 47.596299

0.271317 47.596299
0.272393 47.596523
0.273469 47.597180
0.274545 47.598234
0.275621 47.599634
0.276697 47.601320
0.277773 47.603238
0.278849 47.605338
0.279926 47.607575
0.281002 47.609915
0.282078 47.612329
0.283154 47.614793
0.284230 47.617287
0.285306 47.619795
0.286382 47.622305
0.287459 47.624806
0.288535 47.627288
0.289611 47.629743
0.290687 47.632166
0.291763 47.634549
0.292839 47.636888
0.293915 47.639178
0.294991 47.641415
0.296067 47.643595
0.297144 47.645715
0.298220 47.647772
0.299296 47.649764
0.300372 47.651687
0.301448 47.653539
0.302524 47.655318
0.303600 47.657023
0.304676 47.658650
0.305752 47.660199
0.306829 47.661667
0.307905 47.663054
0.308981 47.664358
0.310057 47.665577
0.311133 47.666710
0.312209 47.667757
0.313285 47.668716
0.314361 47.669587
0.315438 47.670368
0.316514 47.671058
0.317590 47.671658
0.318666 47.672167
0.319742 47.672584
0.320818 47.672908
0.321894 47.673140
0.322970 47.673279
0.324047 47.673326


0.000000 48.294368
0.000761 48.294360
0.001522 48.294336
0.002283 48.294296
0.003044 48.294241
0.003805 48.294170
0.004566 48.294084
0.005326 48.293983
0.006087 48.293867
0.006848 48.293738
0.007609 48.293595
0.008370 48.293440
0.009131 48.293272
0.009892 48.293093
0.010653 48.292903
0.011414 48.292703
0.012175 48.292494
0.012936 48.292277
0.013697 48.292052
0.014458 48.291821
0.015219 48.291584
0.015980 48.291343
0.016740 48.291098
0.017501 48.290851
0.018262 48.290602
0.019023 48.290353
0.019784 48.290104
0.020545 48.289857
0.021306 48.289612
0.022067 48.289371
0.022828 48.289134
0.023589 48.288903
0.024350 48.288679
0.025111 48.288461
0.025872 48.288252
0.026633 48.288053
0.027394 48.287863
0.028154 48.287684
0.028915 48.287516
0.029676 48.287361
0.030437 48.287218
0.031198 48.287089
0.031959 48.286974
0.032720 48.286873
0.033481 48.286787
0.034242 48.286716
0.035003 48.286660
0.035764 48.286621
0.036525 48.286597
0.037286 48.286589

0.037286 48.286589
0.038046 48.286589
0.038808 48.286588
0.039568 48.286588
0.040329 48.286588
0.041090 48.286588
0.041851 48.286587
0.042612 48.286586
0.043373 48.286586
0.044134 48.286585
0.044895 48.286584
0.045656 48.286583
0.046417 48.286582
0.047178 48.286581
0.047939 48.286579
0.048700 48.286578
0.049460 48.286576
0.050221 48.286574
0.050982 48.286571
0.051743 48.286569
0.052504 48.286566
0.053265 48.286563
0.054026 48.286559
0.054787 48.286555
0.055548 48.286551
0.056309 48.286546
0.057070 48.286540
0.057831 48.286534
0.058592 48.286526
0.059353 48.286518
0.060114 48.286508
0.060874 48.286496
0.061635 48.286483
0.062396 48.286468
0.063157 48.286451
0.063918 48.286431
0.064679 48.286407
0.065440 48.286381
0.066201 48.286350
0.066962 48.286316
0.067723 48.286280
0.068484 48.286241
0.069245 48.286201
0.070006 48.286161
0.070767 48.286125
0.071527 48.286092
0.072288 48.286064
0.073049 48.286044
0.073810 48.286031
0.074571 48.286027

0.074571 48.286027
0.075647 48.286036
0.076724 48.286061
0.077800 48.286104
0.078876 48.286163
0.079952 48.286239
0.081028 48.286332
0.082104 48.286440
0.083180 48.286563
0.084256 48.286702
0.085332 48.286855
0.086408 48.287021
0.087485 48.287201
0.088561 48.287393
0.089637 48.287596
0.090713 48.287810
0.091789 48.288034
0.092865 48.288267
0.093941 48.288508
0.095018 48.288755
0.096094 48.289009
0.097170 48.289268
0.098246 48.289530
0.099322 48.289795
0.100398 48.290062
0.101474 48.290329
0.102550 48.290596
0.103626 48.290861
0.104703 48.291124
0.105779 48.291382
0.106855 48.291636
0.107931 48.291884
0.109007 48.292125
0.110083 48.292358
0.111159 48.292582
0.112235 48.292797
0.113311 48.293000
0.114388 48.293193
0.115464 48.293372
0.116540 48.293539
0.117616 48.293692
0.118692 48.293831
0.119768 48.293955
0.120844 48.294063
0.121920 48.294156
0.122997 48.294232
0.124073 48.294291
0.125149 48.294334
0.126225 48.294360
0.127301 48.294368

0.127301 48.294368
0.128718 48.294381
0.130135 48.294421
0.131553 48.294487
0.132970 48.294578
0.134387 48.294695
0.135804 48.294837
0.137222 48.295004
0.138639 48.295194
0.140056 48.295407
0.141473 48.295642
0.142891 48.295899
0.144308 48.296175
0.145725 48.296471
0.147142 48.296784
0.148560 48.297114
0.149977 48.297458
0.151394 48.297817
0.152811 48.298187
0.154228 48.298568
0.155646 48.298958
0.157063 48.299356
0.158480 48.299760
0.159897 48.300167
0.161315 48.300578
0.162732 48.300989
0.164149 48.301399
0.165566 48.301807
0.166984 48.302210
0.168401 48.302608
0.169818 48.302998
0.171235 48.303379
0.172652 48.303749
0.174070 48.304107
0.175487 48.304451
0.176904 48.304781
0.178321 48.305094
0.179739 48.305389
0.181156 48.305665
0.182573 48.305921
0.183990 48.306156
0.185408 48.306369
0.186825 48.306559
0.188242 48.306726
0.189659 48.306867
0.191077 48.306984
0.192494 48.307076
0.193911 48.307141
0.195328 48.307181
0.196745 48.307194

0.196745 48.307194
0.197506 48.307187
0.198267 48.307165
0.199028 48.307130
0.199789 48.307080
0.200550 48.307016
0.201311 48.306939
0.202072 48.306849
0.202833 48.306745
0.203594 48.306629
0.204355 48.306502
0.205116 48.306362
0.205877 48.306212
0.206638 48.306052
0.207399 48.305881
0.208159 48.305702
0.208920 48.305515
0.209681 48.305321
0.210442 48.305119
0.211203 48.304912
0.211964 48.304700
0.212725 48.304484
0.213486 48.304265
0.214247 48.304044
0.215008 48.303821
0.215769 48.303598
0.216530 48.303375
0.217291 48.303154
0.218052 48.302935
0.218812 48.302719
0.219573 48.302507
0.220334 48.302300
0.221095 48.302099
0.221856 48.301905
0.222617 48.301718
0.223378 48.301539
0.224139 48.301369
0.224900 48.301209
0.225661 48.301059
0.226422 48.300920
0.227183 48.300793
0.227944 48.300677
0.228705 48.300574
0.229465 48.300484
0.230226 48.300407
0.230987 48.300343
0.231748 48.300294
0.232509 48.300258
0.233270 48.300237
0.234031 48.300230

0.234031 48.300230
0.234792 48.300230
0.235553 48.300229
0.236314 48.300229
0.237075 48.300229
0.237836 48.300228
0.238597 48.300227
0.239358 48.300227
0.240119 48.300226
0.240879 48.300225
0.241640 48.300223
0.242401 48.300222
0.243162 48.300221
0.243923 48.300219
0.244684 48.300218
0.245445 48.300216
0.246206 48.300214
0.246967 48.300212
0.247728 48.300211
0.248489 48.300209
0.249250 48.300207
0.250011 48.300205
0.250772 48.300203
0.251532 48.300201
0.252293 48.300199
0.253054 48.300197
0.253815 48.300195
0.254576 48.300192
0.255337 48.300190
0.256098 48.300188
0.256859 48.300187
0.257620 48.300185
0.258381 48.300183
0.259142 48.300181
0.259903 48.300179
0.260664 48.300178
0.261425 48.300176
0.262186 48.300175
0.262946 48.300173
0.263707 48.300172
0.264468 48.300171
0.265229 48.300170
0.265990 48.300169
0.266751 48.300168
0.267512 48.300167
0.268273 48.300167
0.269034 48.300166
0.269795 48.300166
0.270556 48.300166
0.271317 48.300166

0.271317 48.300166
0.272393 48.300173
0.273469 48.300195
0.274545 48.300231
0.275621 48.300281
0.276697 48.300346
0.277773 48.300424
0.278849 48.300516
0.279926 48.300621
0.281002 48.300739
0.282078 48.300868
0.283154 48.301010
0.284230 48.301162
0.285306 48.301325
0.286382 48.301497
0.287459 48.301679
0.288535 48.301868
0.289611 48.302065
0.290687 48.302269
0.291763 48.302478
0.292839 48.302693
0.293915 48.302911
0.294991 48.303132
0.296067 48.303356
0.297144 48.303581
0.298220 48.303806
0.299296 48.304031
0.300372 48.304254
0.301448 48.304475
0.302524 48.304692
0.303600 48.304905
0.304676 48.305114
0.305752 48.305316
0.306829 48.305511
0.307905 48.305699
0.308981 48.305879
0.310057 48.306050
0.311133 48.306211
0.312209 48.306361
0.313285 48.306501
0.314361 48.306629
0.315438 48.306745
0.316514 48.306848
0.317590 48.306939
0.318666 48.307016
0.319742 48.307080
0.320818 48.307130
0.321894 48.307165
0.322970 48.307187
0.324047 48.307194


0.000000 48.294368
0.000761 48.294368
0.001522 48.294368
0.002283 48.294368
0.003044 48.294368
0.003805 48.294368
0.004566 48.294368
0.005326 48.294368
0.006087 48.294368
0.006848 48.294368
0.007609 48.294368
0.008370 48.294368
0.009131 48.294368
0.009892 48.294368
0.010653 48.294368
0.011414 48.294368
0.012175 48.294368
0.012936 48.294368
0.013697 48.294368
0.014458 48.294368
0.015219 48.294368
0.015980 48.294368
0.016740 48.294368
0.017501 48.294368
0.018262 48.294368
0.019023 48.294368
0.019784 48.294368
0.020545 48.294368
0.021306 48.294368
0.022067 48.294368
0.022828 48.294368
0.023589 48.294368
0.024350 48.294368
0.025111 48.294368
0.025872 48.294368
0.026633 48.294368
0.027394 48.294368
0.028154 48.294368
0.028915 48.294368
0.029676 48.294368
0.030437 48.294368
0.031198 48.294368
0.031959 48.294368
0.032720 48.294368
0.033481 48.294368
0.034242 48.294368
0.035003 48.294368
0.035764 48.294368
0.036525 48.294368
0.037286 48.294368

0.037286 48.294368
0.038046 48.294360
0.038808 48.294336
0.039568 48.294297
0.040329 48.294242
0.041090 48.294171
0.041851 48.294085
0.042612 48.293985
0.043373 48.293870
0.044134 48.293742
0.044895 48.293600
0.045656 48.293446
0.046417 48.293279
0.047178 48.293101
0.047939 48.292913
0.048700 48.292714
0.049460 48.292507
0.050221 48.292292
0.050982 48.292070
0.051743 48.291841
0.052504 48.291607
0.053265 48.291369
0.054026 48.291128
0.054787 48.290885
0.055548 48.290640
0.056309 48.290396
0.057070 48.290153
0.057831 48.289912
0.058592 48.289675
0.059353 48.289442
0.060114 48.289216
0.060874 48.288996
0.061635 48.288784
0.062396 48.288582
0.063157 48.288391
0.063918 48.288211
0.064679 48.288045
0.065440 48.287892
0.066201 48.287755
0.066962 48.287633
0.067723 48.287528
0.068484 48.287438
0.069245 48.287362
0.070006 48.287301
0.070767 48.287251
0.071527 48.287213
0.072288 48.287185
0.073049 48.287166
0.073810 48.287154
0.074571 48.287151

0.074571 48.287151
0.075647 48.287158
0.076724 48.287180
0.077800 48.287217
0.078876 48.287269
0.079952 48.287335
0.081028 48.287415
0.082104 48.287508
0.083180 48.287615
0.084256 48.287735
0.085332 48.287868
0.086408 48.288012
0.087485 48.288167
0.088561 48.288334
0.089637 48.288510
0.090713 48.288695
0.091789 48.288889
0.092865 48.289091
0.093941 48.289299
0.095018 48.289514
0.096094 48.289733
0.097170 48.289957
0.098246 48.290184
0.099322 48.290413
0.100398 48.290644
0.101474 48.290876
0.102550 48.291106
0.103626 48.291336
0.104703 48.291563
0.105779 48.291787
0.106855 48.292006
0.107931 48.292221
0.109007 48.292429
0.110083 48.292631
0.111159 48.292824
0.112235 48.293010
0.113311 48.293186
0.114388 48.293352
0.115464 48.293508
0.116540 48.293652
0.117616 48.293784
0.118692 48.293904
0.119768 48.294011
0.120844 48.294105
0.121920 48.294184
0.122997 48.294250
0.124073 48.294302
0.125149 48.294339
0.126225 48.294361
0.127301 48.294368

0.127301 48.294368
0.128718 48.294381
0.130135 48.294421
0.131553 48.294487
0.132970 48.294578
0.134387 48.294695
0.135804 48.294837
0.137222 48.295004
0.138639 48.295194
0.140056 48.295407
0.141473 48.295642
0.142891 48.295899
0.144308 48.296175
0.145725 48.296471
0.147142 48.296784
0.148560 48.297114
0.149977 48.297458
0.151394 48.297817
0.152811 48.298187
0.154228 48.298568
0.155646 48.298958
0.157063 48.299356
0.158480 48.299760
0.159897 48.300167
0.161315 48.300578
0.162732 48.300989
0.164149 48.301399
0.165566 48.301807
0.166984 48.302210
0.168401 48.302608
0.169818 48.302998
0.171235 48.303379
0.172652 48.303749
0.174070 48.304107
0.175487 48.304451
0.176904 48.304781
0.178321 48.305094
0.179739 48.305389
0.181156 48.305665
0.182573 48.305921
0.183990 48.306156
0.185408 48.306369
0.186825 48.306559
0.188242 48.306726
0.189659 48.306867
0.191077 48.306984
0.192494 48.307076
0.193911 48.307141
0.195328 48.307181
0.196745 48.307194

0.196745 48.307194
0.197506 48.307194
0.198267 48.307194
0.199028 48.307194
0.199789 48.307194
0.200550 48.307194
0.201311 48.307194
0.202072 48.307194
0.202833 48.307194
0.203594 48.307194
0.204355 48.307194
0.205116 48.307194
0.205877 48.307194
0.206638 48.307194
0.207399 48.307194
0.208159 48.307194
0.208920 48.307194
0.209681 48.307194
0.210442 48.307194
0.211203 48.307194
0.211964 48.307194
0.212725 48.307194
0.213486 48.307194
0.214247 48.307194
0.215008 48.307194
0.215769 48.307194
0.216530 48.307194
0.217291 48.307194
0.218052 48.307194
0.218812 48.307194
0.219573 48.307194
0.220334 48.307194
0.221095 48.307194
0.221856 48.307194
0.222617 48.307194
0.223378 48.307194
0.224139 48.307194
0.224900 48.307194
0.225661 48.307194
0.226422 48.307194
0.227183 48.307194
0.227944 48.307194
0.228705 48.307194
0.229465 48.307194
0.230226 48.307194
0.230987 48.307194
0.231748 48.307194
0.232509 48.307194
0.233270 48.307194
0.234031 48.307194

0.234031 48.307194
0.234792 48.307187
0.235553 48.307165
0.236314 48.307129
0.237075 48.307079
0.237836 48.307015
0.238597 48.306937
0.239358 48.306846
0.240119 48.306741
0.240879 48.306624
0.241640 48.306495
0.242401 48.306355
0.243162 48.306203
0.243923 48.306041
0.244684 48.305870
0.245445 48.305689
0.246206 48.305500
0.246967 48.305304
0.247728 48.305101
0.248489 48.304892
0.249250 48.304678
0.250011 48.304460
0.250772 48.304239
0.251532 48.304015
0.252293 48.303790
0.253054 48.303565
0.253815 48.303340
0.254576 48.303117
0.255337 48.302896
0.256098 48.302678
0.256859 48.302464
0.257620 48.302256
0.258381 48.302053
0.259142 48.301857
0.259903 48.301668
0.260664 48.301488
0.261425 48.301316
0.262186 48.301154
0.262946 48.301003
0.263707 48.300863
0.264468 48.300734
0.265229 48.300617
0.265990 48.300513
0.266751 48.300422
0.267512 48.300344
0.268273 48.300280
0.269034 48.300230
0.269795 48.300194
0.270556 48.300173
0.271317 48.300166

0.271317 48.300166
0.272393 48.300173
0.273469 48.300195
0.274545 48.300231
0.275621 48.300281
0.276697 48.300346
0.277773 48.300424
0.278849 48.300516
0.279926 48.300621
0.281002 48.300739
0.282078 48.300868
0.283154 48.301010
0.284230 48.301162
0.285306 48.301325
0.286382 48.301497
0.287459 48.301679
0.288535 48.301868
0.289611 48.302065
0.290687 48.302269
0.291763 48.302478
0.292839 48.302693
0.293915 48.302911
0.294991 48.303132
0.296067 48.303356
0.297144 48.303581
0.298220 48.303806
0.299296 48.304031
0.300372 48.304254
0.301448 48.304475
0.302524 48.304692
0.303600 48.304905
0.304676 48.305114
0.305752 48.305316
0.306829 48.305511
0.307905 48.305699
0.308981 48.305879
0.310057 48.306050
0.311133 48.306211
0.312209 48.306361
0.313285 48.306501
0.314361 48.306629
0.315438 48.306745
0.316514 48.306848
0.317590 48.306939
0.318666 48.307016
0.319742 48.307080
0.320818 48.307130
0.321894 48.307165
0.322970 48.307187
0.324047 48.307194


0.000000 49.788467
0.000761 49.788470
0.001522 49.788478
0.002283 49.788491
0.003044 49.788508
0.003805 49.788530
0.004566 49.788557
0.005326 49.788586
0.006087 49.788618
0.006848 49.788653
0.007609 49.788689
0.008370 49.788726
0.009131 49.788763
0.009892 49.788799
0.010653 49.788834
0.011414 49.788868
0.012175 49.788899
0.012936 49.788929
0.013697 49.788956
0.014458 49.788981
0.015219 49.789004
0.015980 49.789025
0.016740 49.789044
0.017501 49.789061
0.018262 49.789076
0.019023 49.789090
0.019784 49.789103
0.020545 49.789114
0.021306 49.789124
0.022067 49.789133
0.022828 49.789141
0.023589 49.789149
0.024350 49.789156
0.025111 49.789162
0.025872 49.789167
0.026633 49.789172
0.027394 49.789176
0.028154 49.789180
0.028915 49.789183
0.029676 49.789186
0.030437 49.789189
0.031198 49.789192
0.031959 49.789194
0.032720 49.789195
0.033481 49.789197
0.034242 49.789198
0.035003 49.789199
0.035764 49.789199
0.036525 49.789200
0.037286 49.789200

0.037286 49.789200
0.038046 49.789204
0.038808 49.789218
0.039568 49.789240
0.040329 49.789271
0.041090 49.789311
0.041851 49.789360
0.042612 49.789417
0.043373 49.789481
0.044134 49.789554
0.044895 49.789634
0.045656 49.789721
0.046417 49.789816
0.047178 49.789916
0.047939 49.790023
0.048700 49.790135
0.049460 49.790252
0.050221 49.790374
0.050982 49.790500
0.051743 49.790630
0.052504 49.790763
0.053265 49.790898
0.054026 49.791035
0.054787 49.791174
0.055548 49.791313
0.056309 49.791453
0.057070 49.791592
0.057831 49.791731
0.058592 49.791868
0.059353 49.792003
0.060114 49.792135
0.060874 49.792264
0.061635 49.792390
0.062396 49.792511
0.063157 49.792628
0.063918 49.792740
0.064679 49.792846
0.065440 49.792946
0.066201 49.793040
0.066962 49.793127
0.067723 49.793206
0.068484 49.793278
0.069245 49.793343
0.070006 49.793399
0.070767 49.793447
0.071527 49.793487
0.072288 49.793518
0.073049 49.793540
0.073810 49.793553
0.074571 49.793558

0.074571 49.793558
0.075647 49.793553
0.076724 49.793537
0.077800 49.793511
0.078876 49.793475
0.079952 49.793429
0.081028 49.793373
0.082104 49.793307
0.083180 49.793232
0.084256 49.793147
0.085332 49.793054
0.086408 49.792953
0.087485 49.792844
0.088561 49.792727
0.089637 49.792603
0.090713 49.792472
0.091789 49.792336
0.092865 49.792194
0.093941 49.792047
0.095018 49.791896
0.096094 49.791742
0.097170 49.791584
0.098246 49.791424
0.099322 49.791262
0.100398 49.791100
0.101474 49.790936
0.102550 49.790774
0.103626 49.790612
0.104703 49.790451
0.105779 49.790293
0.106855 49.790138
0.107931 49.789987
0.109007 49.789840
0.110083 49.789697
0.111159 49.789560
0.112235 49.789429
0.113311 49.789304
0.114388 49.789187
0.115464 49.789077
0.116540 49.788975
0.117616 49.788881
0.118692 49.788796
0.119768 49.788721
0.120844 49.788654
0.121920 49.788598
0.122997 49.788551
0.124073 49.788515
0.125149 49.788488
0.126225 49.788473
0.127301 49.788467

0.127301 49.788467
0.128718 49.788478
0.130135 49.788511
0.131553 49.788565
0.132970 49.788641
0.134387 49.788738
0.135804 49.788855
0.137222 49.788993
0.138639 49.789150
0.140056 49.789326
0.141473 49.789521
0.142891 49.789733
0.144308 49.789962
0.145725 49.790207
0.147142 49.790467
0.148560 49.790740
0.149977 49.791026
0.151394 49.791323
0.152811 49.791631
0.154228 49.791948
0.155646 49.792273
0.157063 49.792604
0.158480 49.792941
0.159897 49.793282
0.161315 49.793625
0.162732 49.793969
0.164149 49.794313
0.165566 49.794656
0.166984 49.794995
0.168401 49.795331
0.169818 49.795661
0.171235 49.795984
0.172652 49.796299
0.174070 49.796605
0.175487 49.796900
0.176904 49.797184
0.178321 49.797455
0.179739 49.797712
0.181156 49.797954
0.182573 49.798181
0.183990 49.798391
0.185408 49.798584
0.186825 49.798758
0.188242 49.798914
0.189659 49.799051
0.191077 49.799168
0.192494 49.799265
0.193911 49.799341
0.195328 49.799397
0.196745 49.799432

0.196745 49.799432
0.197506 49.799432
0.198267 49.799432
0.199028 49.799432
0.199789 49.799432
0.200550 49.799432
0.201311 49.799432
0.202072 49.799432
0.202833 49.799431
0.203594 49.799431
0.204355 49.799431
0.205116 49.799431
0.205877 49.799431
0.206638 49.799431
0.207399 49.799431
0.208159 49.799431
0.208920 49.799431
0.209681 49.799431
0.210442 49.799431
0.211203 49.799431
0.211964 49.799431
0.212725 49.799431
0.213486 49.799431
0.214247 49.799431
0.215008 49.799431
0.215769 49.799431
0.216530 49.799431
0.217291 49.799431
0.218052 49.799431
0.218812 49.799431
0.219573 49.799431
0.220334 49.799431
0.221095 49.799431
0.221856 49.799431
0.222617 49.799431
0.223378 49.799431
0.224139 49.799431
0.224900 49.799430
0.225661 49.799430
0.226422 49.799430
0.227183 49.799430
0.227944 49.799430
0.228705 49.799430
0.229465 49.799430
0.230226 49.799430
0.230987 49.799430
0.231748 49.799430
0.232509 49.799430
0.233270 49.799430
0.234031 49.799430

0.234031 49.799430
0.234792 49.799435
0.235553 49.799448
0.236314 49.799469
0.237075 49.799499
0.237836 49.799538
0.238597 49.799584
0.239358 49.799639
0.240119 49.799701
0.240879 49.799771
0.241640 49.799848
0.242401 49.799932
0.243162 49.800023
0.243923 49.800120
0.244684 49.800222
0.245445 49.800330
0.246206 49.800443
0.246967 49.800561
0.247728 49.800682
0.248489 49.800807
0.249250 49.800935
0.250011 49.801065
0.250772 49.801197
0.251532 49.801330
0.252293 49.801465
0.253054 49.801599
0.253815 49.801733
0.254576 49.801867
0.255337 49.801999
0.256098 49.802129
0.256859 49.802256
0.257620 49.802380
0.258381 49.802501
0.259142 49.802618
0.259903 49.802731
0.260664 49.802838
0.261425 49.802941
0.262186 49.803037
0.262946 49.803127
0.263707 49.803211
0.264468 49.803287
0.265229 49.803357
0.265990 49.803419
0.266751 49.803473
0.267512 49.803520
0.268273 49.803558
0.269034 49.803587
0.269795 49.803609
0.270556 49.803622
0.271317 49.803626

0.271317 49.803626
0.272393 49.803622
0.273469 49.803609
0.274545 49.803587
0.275621 49.803558
0.276697 49.803520
0.277773 49.803473
0.278849 49.803419
0.279926 49.803357
0.281002 49.803287
0.282078 49.803211
0.283154 49.803127
0.284230 49.803037
0.285306 49.802941
0.286382 49.802838
0.287459 49.802731
0.288535 49.802618
0.289611 49.802502
0.290687 49.802381
0.291763 49.802256
0.292839 49.802129
0.293915 49.801999
0.294991 49.801867
0.296067 49.801734
0.297144 49.801599
0.298220 49.801465
0.299296 49.801331
0.300372 49.801197
0.301448 49.801065
0.302524 49.800935
0.303600 49.800808
0.304676 49.800683
0.305752 49.800561
0.306829 49.800444
0.307905 49.800331
0.308981 49.800223
0.310057 49.800121
0.311133 49.800024
0.312209 49.799933
0.313285 49.799849
0.314361 49.799772
0.315438 49.799702
0.316514 49.799640
0.317590 49.799585
0.318666 49.799539
0.319742 49.799500
0.320818 49.799470
0.321894 49.799449
0.322970 49.799436
0.324047 49.799432


0.000000 49.789932
0.000761 49.789934
0.001522 49.789939
0.002283 49.789949
0.003044 49.789962
0.003805 49.789980
0.004566 49.790003
0.005326 49.790030
0.006087 49.790062
0.006848 49.790100
0.007609 49.790145
0.008370 49.790195
0.009131 49.790253
0.009892 49.790317
0.010653 49.790388
0.011414 49.790467
0.012175 49.790553
0.012936 49.790645
0.013697 49.790744
0.014458 49.790848
0.015219 49.790958
0.015980 49.791072
0.016740 49.791191
0.017501 49.791312
0.018262 49.791436
0.019023 49.791562
0.019784 49.791689
0.020545 49.791816
0.021306 49.791943
0.022067 49.792069
0.022828 49.792193
0.023589 49.792315
0.024350 49.792434
0.025111 49.792550
0.025872 49.792661
0.026633 49.792768
0.027394 49.792870
0.028154 49.792966
0.028915 49.793056
0.029676 49.793140
0.030437 49.793217
0.031198 49.793287
0.031959 49.793349
0.032720 49.793404
0.033481 49.793450
0.034242 49.793489
0.035003 49.793519
0.035764 49.793540
0.036525 49.793553
0.037286 49.793558

0.037286 49.793558
0.038046 49.793558
0.038808 49.793558
0.039568 49.793558
0.040329 49.793558
0.041090 49.793558
0.041851 49.793558
0.042612 49.793558
0.043373 49.793558
0.044134 49.793558
0.044895 49.793558
0.045656 49.793558
0.046417 49.793558
0.047178 49.793558
0.047939 49.793558
0.048700 49.793558
0.049460 49.793558
0.050221 49.793558
0.050982 49.793558
0.051743 49.793558
0.052504 49.793558
0.053265 49.793558
0.054026 49.793558
0.054787 49.793558
0.055548 49.793558
0.056309 49.793558
0.057070 49.793558
0.057831 49.793558
0.058592 49.793558
0.059353 49.793558
0.060114 49.793558
0.060874 49.793558
0.061635 49.793558
0.062396 49.793558
0.063157 49.793558
0.063918 49.793558
0.064679 49.793558
0.065440 49.793558
0.066201 49.793558
0.066962 49.793558
0.067723 49.793558
0.068484 49.793558
0.069245 49.793558
0.070006 49.793558
0.070767 49.793558
0.071527 49.793558
0.072288 49.793558
0.073049 49.793558
0.073810 49.793558
0.074571 49.793558

0.074571 49.793558
0.075647 49.793554
0.076724 49.793543
0.077800 49.793524
0.078876 49.793499
0.079952 49.793466
0.081028 49.793426
0.082104 49.793379
0.083180 49.793325
0.084256 49.793265
0.085332 49.793199
0.086408 49.793127
0.087485 49.793049
0.088561 49.792965
0.089637 49.792877
0.090713 49.792784
0.091789 49.792687
0.092865 49.792586
0.093941 49.792481
0.095018 49.792374
0.096094 49.792263
0.097170 49.792151
0.098246 49.792037
0.099322 49.791922
0.100398 49.791806
0.101474 49.791690
0.102550 49.791574
0.103626 49.791458
0.104703 49.791344
0.105779 49.791232
0.106855 49.791121
0.107931 49.791014
0.109007 49.790909
0.110083 49.790807
0.111159 49.790710
0.112235 49.790616
0.113311 49.790528
0.114388 49.790444
0.115464 49.790366
0.116540 49.790293
0.117616 49.790226
0.118692 49.790166
0.119768 49.790112
0.120844 49.790065
0.121920 49.790025
0.122997 49.789991
0.124073 49.789965
0.125149 49.789947
0.126225 49.789936
0.127301 49.789932

0.127301 49.789932
0.128718 49.789942
0.130135 49.789973
0.131553 49.790023
0.132970 49.790094
0.134387 49.790184
0.135804 49.790294
0.137222 49.790423
0.138639 49.790569
0.140056 49.790734
0.141473 49.790915
0.142891 49.791113
0.144308 49.791326
0.145725 49.791553
0.147142 49.791794
0.148560 49.792047
0.149977 49.792311
0.151394 49.792586
0.152811 49.792870
0.154228 49.793162
0.155646 49.793460
0.157063 49.793763
0.158480 49.794071
0.159897 49.794381
0.161315 49.794693
0.162732 49.795004
0.164149 49.795315
0.165566 49.795622
0.166984 49.795926
0.168401 49.796224
0.169818 49.796516
0.171235 49.796801
0.172652 49.797076
0.174070 49.797341
0.175487 49.797594
0.176904 49.797835
0.178321 49.798063
0.179739 49.798276
0.181156 49.798474
0.182573 49.798655
0.183990 49.798820
0.185408 49.798966
0.186825 49.799094
0.188242 49.799203
0.189659 49.799292
0.191077 49.799361
0.192494 49.799410
0.193911 49.799438
0.195328 49.799445
0.196745 49.799432

0.196745 49.799432
0.197506 49.799436
0.198267 49.799449
0.199028 49.799470
0.199789 49.799500
0.200550 49.799539
0.201311 49.799585
0.202072 49.799640
0.202833 49.799702
0.203594 49.799772
0.204355 49.799849
0.205116 49.799933
0.205877 49.800024
0.206638 49.800121
0.207399 49.800223
0.208159 49.800331
0.208920 49.800444
0.209681 49.800562
0.210442 49.800683
0.211203 49.800808
0.211964 49.800936
0.212725 49.801066
0.213486 49.801198
0.214247 49.801331
0.215008 49.801465
0.215769 49.801600
0.216530 49.801734
0.217291 49.801867
0.218052 49.801999
0.218812 49.802129
0.219573 49.802256
0.220334 49.802381
0.221095 49.802502
0.221856 49.802619
0.222617 49.802731
0.223378 49.802839
0.224139 49.802941
0.224900 49.803037
0.225661 49.803127
0.226422 49.803211
0.227183 49.803288
0.227944 49.803357
0.228705 49.803419
0.229465 49.803473
0.230226 49.803520
0.230987 49.803558
0.231748 49.803587
0.232509 49.803609
0.233270 49.803622
0.234031 49.803626

0.234031 49.803626
0.234792 49.803626
0.235553 49.803626
0.236314 49.803626
0.237075 49.803626
0.237836 49.803626
0.238597 49.803626
0.239358 49.803626
0.240119 49.803626
0.240879 49.803626
0.241640 49.803626
0.242401 49.803626
0.243162 49.803626
0.243923 49.803626
0.244684 49.803626
0.245445 49.803626
0.246206 49.803626
0.246967 49.803626
0.247728 49.803626
0.248489 49.803626
0.249250 49.803626
0.250011 49.803626
0.250772 49.803626
0.251532 49.803626
0.252293 49.803626
0.253054 49.803626
0.253815 49.803626
0.254576 49.803626
0.255337 49.803626
0.256098 49.803626
0.256859 49.803626
0.257620 49.803626
0.258381 49.803626
0.259142 49.803626
0.259903 49.803626
0.260664 49.803626
0.261425 49.803626
0.262186 49.803626
0.262946 49.803626
0.263707 49.803626
0.264468 49.803626
0.265229 49.803626
0.265990 49.803626
0.266751 49.803626
0.267512 49.803626
0.268273 49.803626
0.269034 49.803626
0.269795 49.803626
0.270556 49.803626
0.271317 49.803626

0.271317 49.803626
0.272393 49.803622
0.273469 49.803609
0.274545 49.803587
0.275621 49.803558
0.276697 49.803520
0.277773 49.803473
0.278849 49.803419
0.279926 49.803357
0.281002 49.803287
0.282078 49.803211
0.283154 49.803127
0.284230 49.803037
0.285306 49.802941
0.286382 49.802838
0.287459 49.802731
0.288535 49.802618
0.289611 49.802502
0.290687 49.802381
0.291763 49.802256
0.292839 49.802129
0.293915 49.801999
0.294991 49.801867
0.296067 49.801734
0.297144 49.801599
0.298220 49.801465
0.299296 49.801331
0.300372 49.801197
0.301448 49.801065
0.302524 49.800935
0.303600 49.800808
0.304676 49.800683
0.305752 49.800561
0.306829 49.800444
0.307905 49.800331
0.308981 49.800223
0.310057 49.800121
0.311133 49.800024
0.312209 49.799933
0.313285 49.799849
0.314361 49.799772
0.315438 49.799702
0.316514 49.799640
0.317590 49.799585
0.318666 49.799539
0.319742 49.799500
0.320818 49.799470
0.321894 49.799449
0.322970 49.799436
0.324047 49.799432


0.000000 54.125796
0.000761 54.125784
0.001522 54.125748
0.002283 54.125689
0.003044 54.125606
0.003805 54.125501
0.004566 54.125374
0.005326 54.125226
0.006087 54.125059
0.006848 54.124872
0.007609 54.124669
0.008370 54.124450
0.009131 54.124216
0.009892 54.123968
0.010653 54.123709
0.011414 54.123440
0.012175 54.123162
0.012936 54.122877
0.013697 54.122586
0.014458 54.122291
0.015219 54.121992
0.015980 54.121692
0.016740 54.121391
0.017501 54.121091
0.018262 54.120792
0.019023 54.120497
0.019784 54.120206
0.020545 54.119920
0.021306 54.119640
0.022067 54.119368
0.022828 54.119103
0.023589 54.118847
0.024350 54.118601
0.025111 54.118364
0.025872 54.118139
0.026633 54.117926
0.027394 54.117725
0.028154 54.117536
0.028915 54.117361
0.029676 54.117199
0.030437 54.117052
0.031198 54.116919
0.031959 54.116801
0.032720 54.116698
0.033481 54.116611
0.034242 54.116539
0.035003 54.116483
0.035764 54.116442
0.036525 54.116418
0.037286 54.116410

0.037286 54.116410
0.038046 54.116404
0.038808 54.116387
0.039568 54.116358
0.040329 54.116317
0.041090 54.116265
0.041851 54.116202
0.042612 54.116127
0.043373 54.116043
0.044134 54.115948
0.044895 54.115843
0.045656 54.115728
0.046417 54.115605
0.047178 54.115473
0.047939 54.115333
0.048700 54.115185
0.049460 54.115031
0.050221 54.114871
0.050982 54.114705
0.051743 54.114534
0.052504 54.114359
0.053265 54.114181
0.054026 54.114001
0.054787 54.113819
0.055548 54.113635
0.056309 54.113452
0.057070 54.113269
0.057831 54.113087
0.058592 54.112908
0.059353 54.112731
0.060114 54.112558
0.060874 54.112389
0.061635 54.112225
0.062396 54.112066
0.063157 54.111914
0.063918 54.111769
0.064679 54.111631
0.065440 54.111501
0.066201 54.111380
0.066962 54.111267
0.067723 54.111164
0.068484 54.111071
0.069245 54.110988
0.070006 54.110915
0.070767 54.110853
0.071527 54.110802
0.072288 54.110762
0.073049 54.110733
0.073810 54.110716
0.074571 54.110710

0.074571 54.110710
0.075647 54.110722
0.076724 54.110756
0.077800 54.110814
0.078876 54.110894
0.079952 54.110997
0.081028 54.111122
0.082104 54.111269
0.083180 54.111439
0.084256 54.111630
0.085332 54.111842
0.086408 54.112075
0.087485 54.112329
0.088561 54.112603
0.089637 54.112896
0.090713 54.113208
0.091789 54.113538
0.092865 54.113886
0.093941 54.114250
0.095018 54.114631
0.096094 54.115026
0.097170 54.115436
0.098246 54.115859
0.099322 54.116294
0.100398 54.116740
0.101474 54.117195
0.102550 54.117660
0.103626 54.118131
0.104703 54.118607
0.105779 54.119088
0.106855 54.119570
0.107931 54.120053
0.109007 54.120534
0.110083 54.121011
0.111159 54.121482
0.112235 54.121943
0.113311 54.122394
0.114388 54.122830
0.115464 54.123248
0.116540 54.123646
0.117616 54.124021
0.118692 54.124368
0.119768 54.124685
0.120844 54.124968
0.121920 54.125214
0.122997 54.125419
0.124073 54.125582
0.125149 54.125701
0.126225 54.125772
0.127301 54.125796

0.127301 54.125796
0.128718 54.125805
0.130135 54.125830
0.131553 54.125871
0.132970 54.125930
0.134387 54.126005
0.135804 54.126096
0.137222 54.126203
0.138639 54.126327
0.140056 54.126467
0.141473 54.126622
0.142891 54.126793
0.144308 54.126979
0.145725 54.127181
0.147142 54.127397
0.148560 54.127627
0.149977 54.127872
0.151394 54.128130
0.152811 54.128402
0.154228 54.128687
0.155646 54.128985
0.157063 54.129295
0.158480 54.129616
0.159897 54.129950
0.161315 54.130294
0.162732 54.130649
0.164149 54.131013
0.165566 54.131388
0.166984 54.131771
0.168401 54.132163
0.169818 54.132563
0.171235 54.132971
0.172652 54.133386
0.174070 54.133807
0.175487 54.134235
0.176904 54.134667
0.178321 54.135105
0.179739 54.135548
0.181156 54.135994
0.182573 54.136443
0.183990 54.136896
0.185408 54.137350
0.186825 54.137807
0.188242 54.138265
0.189659 54.138723
0.191077 54.139182
0.192494 54.139641
0.193911 54.140099
0.195328 54.140555
0.196745 54.141011

0.196745 54.141011
0.197506 54.140977
0.198267 54.140877
0.199028 54.140714
0.199789 54.140495
0.200550 54.140224
0.201311 54.139908
0.202072 54.139556
0.202833 54.139172
0.203594 54.138762
0.204355 54.138332
0.205116 54.137886
0.205877 54.137428
0.206638 54.136961
0.207399 54.136489
0.208159 54.136013
0.208920 54.135536
0.209681 54.135060
0.210442 54.134586
0.211203 54.134116
0.211964 54.133652
0.212725 54.133195
0.213486 54.132746
0.214247 54.132305
0.215008 54.131875
0.215769 54.131455
0.216530 54.131046
0.217291 54.130650
0.218052 54.130268
0.218812 54.129898
0.219573 54.129544
0.220334 54.129204
0.221095 54.128879
0.221856 54.128570
0.222617 54.128278
0.223378 54.128003
0.224139 54.127745
0.224900 54.127505
0.225661 54.127282
0.226422 54.127078
0.227183 54.126892
0.227944 54.126726
0.228705 54.126578
0.229465 54.126450
0.230226 54.126341
0.230987 54.126251
0.231748 54.126182
0.232509 54.126132
0.233270 54.126102
0.234031 54.126092

0.234031 54.126092
0.234792 54.126092
0.235553 54.126092
0.236314 54.126092
0.237075 54.126091
0.237836 54.126091
0.238597 54.126090
0.239358 54.126090
0.240119 54.126089
0.240879 54.126088
0.241640 54.126087
0.242401 54.126086
0.243162 54.126085
0.243923 54.126083
0.244684 54.126082
0.245445 54.126081
0.246206 54.126079
0.246967 54.126078
0.247728 54.126076
0.248489 54.126074
0.249250 54.126073
0.250011 54.126071
0.250772 54.126069
0.251532 54.126068
0.252293 54.126066
0.253054 54.126064
0.253815 54.126062
0.254576 54.126061
0.255337 54.126059
0.256098 54.126057
0.256859 54.126056
0.257620 54.126054
0.258381 54.126052
0.259142 54.126051
0.259903 54.126049
0.260664 54.126048
0.261425 54.126047
0.262186 54.126045
0.262946 54.126044
0.263707 54.126043
0.264468 54.126042
0.265229 54.126041
0.265990 54.126040
0.266751 54.126040
0.267512 54.126039
0.268273 54.126039
0.269034 54.126038
0.269795 54.126038
0.270556 54.126038
0.271317 54.126038

0.271317 54.126038
0.272393 54.126048
0.273469 54.126078
0.274545 54.126128
0.275621 54.126198
0.276697 54.126288
0.277773 54.126397
0.278849 54.126527
0.279926 54.126675
0.281002 54.126843
0.282078 54.127029
0.283154 54.127235
0.284230 54.127458
0.285306 54.127700
0.286382 54.127960
0.287459 54.128236
0.288535 54.128530
0.289611 54.128840
0.290687 54.129167
0.291763 54.129508
0.292839 54.129865
0.293915 54.130236
0.294991 54.130620
0.296067 54.131018
0.297144 54.131428
0.298220 54.131850
0.299296 54.132282
0.300372 54.132724
0.301448 54.133175
0.302524 54.133634
0.303600 54.134100
0.304676 54.134571
0.305752 54.135046
0.306829 54.135523
0.307905 54.136002
0.308981 54.136479
0.310057 54.136953
0.311133 54.137421
0.312209 54.137880
0.313285 54.138327
0.314361 54.138758
0.315438 54.139168
0.316514 54.139553
0.317590 54.139906
0.318666 54.140222
0.319742 54.140494
0.320818 54.140714
0.321894 54.140877
0.322970 54.140977
0.324047 54.141011


0.000000 54.152250
0.000761 54.152211
0.001522 54.152106
0.002283 54.151956
0.003044 54.151782
0.003805 54.151597
0.004566 54.151411
0.005326 54.151226
0.006087 54.151047
0.006848 54.150874
0.007609 54.150709
0.008370 54.150553
0.009131 54.150404
0.009892 54.150265
0.010653 54.150133
0.011414 54.150009
0.012175 54.149893
0.012936 54.149785
0.013697 54.149684
0.014458 54.149589
0.015219 54.149500
0.015980 54.149418
0.016740 54.149341
0.017501 54.149270
0.018262 54.149204
0.019023 54.149142
0.019784 54.149085
0.020545 54.149031
0.021306 54.148982
0.022067 54.148937
0.022828 54.148894
0.023589 54.148855
0.024350 54.148819
0.025111 54.148786
0.025872 54.148756
0.026633 54.148728
0.027394 54.148703
0.028154 54.148680
0.028915 54.148659
0.029676 54.148640
0.030437 54.148624
0.031198 54.148609
0.031959 54.148596
0.032720 54.148585
0.033481 54.148576
0.034242 54.148568
0.035003 54.148563
0.035764 54.148558
0.036525 54.148556
0.037286 54.148555

0.037286 54.148555
0.038046 54.148501
0.038808 54.148348
0.039568 54.148118
0.040329 54.147836
0.041090 54.147521
0.041851 54.147185
0.042612 54.146839
0.043373 54.146487
0.044134 54.146135
0.044895 54.145786
0.045656 54.145441
0.046417 54.145103
0.047178 54.144771
0.047939 54.144449
0.048700 54.144135
0.049460 54.143831
0.050221 54.143537
0.050982 54.143254
0.051743 54.142981
0.052504 54.142719
0.053265 54.142468
0.054026 54.142227
0.054787 54.141997
0.055548 54.141778
0.056309 54.141570
0.057070 54.141372
0.057831 54.141184
0.058592 54.141007
0.059353 54.140839
0.060114 54.140682
0.060874 54.140534
0.061635 54.140395
0.062396 54.140266
0.063157 54.140145
0.063918 54.140034
0.064679 54.139931
0.065440 54.139836
0.066201 54.139750
0.066962 54.139671
0.067723 54.139601
0.068484 54.139538
0.069245 54.139484
0.070006 54.139436
0.070767 54.139396
0.071527 54.139364
0.072288 54.139339
0.073049 54.139321
0.073810 54.139310
0.074571 54.139306

0.074571 54.139306
0.075647 54.139313
0.076724 54.139335
0.077800 54.139371
0.078876 54.139421
0.079952 54.139485
0.081028 54.139564
0.082104 54.139656
0.083180 54.139763
0.084256 54.139883
0.085332 54.140017
0.086408 54.140165
0.087485 54.140325
0.088561 54.140500
0.089637 54.140687
0.090713 54.140887
0.091789 54.141100
0.092865 54.141325
0.093941 54.141562
0.095018 54.141811
0.096094 54.142071
0.097170 54.142343
0.098246 54.142626
0.099322 54.142919
0.100398 54.143223
0.101474 54.143537
0.102550 54.143860
0.103626 54.144193
0.104703 54.144534
0.105779 54.144884
0.106855 54.145243
0.107931 54.145608
0.109007 54.145981
0.110083 54.146361
0.111159 54.146747
0.112235 54.147139
0.113311 54.147536
0.114388 54.147938
0.115464 54.148344
0.116540 54.148752
0.117616 54.149164
0.118692 54.149576
0.119768 54.149988
0.120844 54.150398
0.121920 54.150803
0.122997 54.151196
0.124073 54.151569
0.125149 54.151902
0.126225 54.152152
0.127301 54.152250

0.127301 54.152250
0.128718 54.152251
0.130135 54.152254
0.131553 54.152258
0.132970 54.152263
0.134387 54.152271
0.135804 54.152279
0.137222 54.152290
0.138639 54.152302
0.140056 54.152315
0.141473 54.152330
0.142891 54.152345
0.144308 54.152363
0.145725 54.152381
0.147142 54.152401
0.148560 54.152421
0.149977 54.152442
0.151394 54.152350
0.152811 54.152139
0.154228 54.151917
0.155646 54.151683
0.157063 54.151439
0.158480 54.151183
0.159897 54.150917
0.161315 54.150640
0.162732 54.150353
0.164149 54.150055
0.165566 54.149748
0.166984 54.149431
0.168401 54.149104
0.169818 54.148768
0.171235 54.148423
0.172652 54.148069
0.174070 54.147706
0.175487 54.147336
0.176904 54.146957
0.178321 54.146571
0.179739 54.146177
0.181156 54.145776
0.182573 54.145369
0.183990 54.144955
0.185408 54.144535
0.186825 54.144110
0.188242 54.143679
0.189659 54.143244
0.191077 54.142804
0.192494 54.142361
0.193911 54.141914
0.195328 54.141463
0.196745 54.141011

0.196745 54.141011
0.197506 54.141010
0.198267 54.141010
0.199028 54.141010
0.199789 54.141010
0.200550 54.141009
0.201311 54.141008
0.202072 54.141008
0.202833 54.141007
0.203594 54.141006
0.204355 54.141005
0.205116 54.141004
0.205877 54.141003
0.206638 54.141001
0.207399 54.141000
0.208159 54.140998
0.208920 54.140997
0.209681 54.140995
0.210442 54.140994
0.211203 54.140992
0.211964 54.140990
0.212725 54.140989
0.213486 54.140987
0.214247 54.140985
0.215008 54.140983
0.215769 54.140982
0.216530 54.140980
0.217291 54.140978
0.218052 54.140976
0.218812 54.140974
0.219573 54.140973
0.220334 54.140971
0.221095 54.140969
0.221856 54.140968
0.222617 54.140966
0.223378 54.140965
0.224139 54.140963
0.224900 54.140962
0.225661 54.140961
0.226422 54.140960
0.227183 54.140959
0.227944 54.140958
0.228705 54.140957
0.229465 54.140956
0.230226 54.140956
0.230987 54.140955
0.231748 54.140955
0.232509 54.140954
0.233270 54.140954
0.234031 54.140954

0.234031 54.140954
0.234792 54.140921
0.235553 54.140821
0.236314 54.140659
0.237075 54.140440
0.237836 54.140169
0.238597 54.139854
0.239358 54.139502
0.240119 54.139119
0.240879 54.138710
0.241640 54.138280
0.242401 54.137834
0.243162 54.137377
0.243923 54.136910
0.244684 54.136438
0.245445 54.135962
0.246206 54.135485
0.246967 54.135009
0.247728 54.134535
0.248489 54.134065
0.249250 54.133601
0.250011 54.133144
0.250772 54.132694
0.251532 54.132254
0.252293 54.131823
0.253054 54.131403
0.253815 54.130994
0.254576 54.130598
0.255337 54.130215
0.256098 54.129846
0.256859 54.129491
0.257620 54.129151
0.258381 54.128826
0.259142 54.128517
0.259903 54.128225
0.260664 54.127950
0.261425 54.127691
0.262186 54.127451
0.262946 54.127228
0.263707 54.127024
0.264468 54.126838
0.265229 54.126672
0.265990 54.126524
0.266751 54.126395
0.267512 54.126286
0.268273 54.126197
0.269034 54.126127
0.269795 54.126078
0.270556 54.126048
0.271317 54.126038

0.271317 54.126038
0.272393 54.126048
0.273469 54.126078
0.274545 54.126128
0.275621 54.126198
0.276697 54.126288
0.277773 54.126397
0.278849 54.126527
0.279926 54.126675
0.281002 54.126843
0.282078 54.127029
0.283154 54.127235
0.284230 54.127458
0.285306 54.127700
0.286382 54.127960
0.287459 54.128236
0.288535 54.128530
0.289611 54.128840
0.290687 54.129167
0.291763 54.129508
0.292839 54.129865
0.293915 54.130236
0.294991 54.130620
0.296067 54.131018
0.297144 54.131428
0.298220 54.131850
0.299296 54.132282
0.300372 54.132724
0.301448 54.133175
0.302524 54.133634
0.303600 54.134100
0.304676 54.134571
0.305752 54.135046
0.306829 54.135523
0.307905 54.136002
0.308981 54.136479
0.310057 54.136953
0.311133 54.137421
0.312209 54.137880
0.313285 54.138327
0.314361 54.138758
0.315438 54.139168
0.316514 54.139553
0.317590 54.139906
0.318666 54.140222
0.319742 54.140494
0.320818 54.140714
0.321894 54.140877
0.322970 54.140977
0.324047 54.141011


0.000000 54.152250
0.000761 54.152250
0.001522 54.152250
0.002283 54.152250
0.003044 54.152250
0.003805 54.152250
0.004566 54.152250
0.005326 54.152250
0.006087 54.152250
0.006848 54.152250
0.007609 54.152250
0.008370 54.152250
0.009131 54.152250
0.009892 54.152250
0.010653 54.152250
0.011414 54.152250
0.012175 54.152250
0.012936 54.152250
0.013697 54.152250
0.014458 54.152250
0.015219 54.152250
0.015980 54.152250
0.016740 54.152250
0.017501 54.152250
0.018262 54.152250
0.019023 54.152250
0.019784 54.152250
0.020545 54.152250
0.021306 54.152250
0.022067 54.152250
0.022828 54.152250
0.023589 54.152250
0.024350 54.152250
0.025111 54.152250
0.025872 54.152250
0.026633 54.152250
0.027394 54.152250
0.028154 54.152250
0.028915 54.152250
0.029676 54.152250
0.030437 54.152250
0.031198 54.152250
0.031959 54.152250
0.032720 54.152250
0.033481 54.152250
0.034242 54.152250
0.035003 54.152250
0.035764 54.152250
0.036525 54.152250
0.037286 54.152250

0.037286 54.152250
0.038046 54.152310
0.038808 54.152479
0.039568 54.152736
0.040329 54.153056
0.041090 54.153419
0.041851 54.153813
0.042612 54.154229
0.043373 54.154659
0.044134 54.155099
0.044895 54.155545
0.045656 54.155996
0.046417 54.156449
0.047178 54.156903
0.047939 54.157355
0.048700 54.157805
0.049460 54.158252
0.050221 54.158695
0.050982 54.159132
0.051743 54.159563
0.052504 54.159987
0.053265 54.160403
0.054026 54.160811
0.054787 54.161209
0.055548 54.161598
0.056309 54.161977
0.057070 54.162344
0.057831 54.162700
0.058592 54.163044
0.059353 54.163375
0.060114 54.163693
0.060874 54.163997
0.061635 54.164288
0.062396 54.164564
0.063157 54.164825
0.063918 54.165071
0.064679 54.165302
0.065440 54.165517
0.066201 54.165716
0.066962 54.165898
0.067723 54.166064
0.068484 54.166212
0.069245 54.166344
0.070006 54.166459
0.070767 54.166556
0.071527 54.166636
0.072288 54.166698
0.073049 54.166742
0.073810 54.166769
0.074571 54.166778

0.074571 54.166778
0.075647 54.166767
0.076724 54.166734
0.077800 54.166680
0.078876 54.166604
0.079952 54.166506
0.081028 54.166387
0.082104 54.166247
0.083180 54.166086
0.084256 54.165904
0.085332 54.165702
0.086408 54.165479
0.087485 54.165238
0.088561 54.164977
0.089637 54.164697
0.090713 54.164400
0.091789 54.164085
0.092865 54.163752
0.093941 54.163404
0.095018 54.163040
0.096094 54.162662
0.097170 54.162269
0.098246 54.161864
0.099322 54.161447
0.100398 54.161019
0.101474 54.160581
0.102550 54.160135
0.103626 54.159681
0.104703 54.159222
0.105779 54.158759
0.106855 54.158294
0.107931 54.157827
0.109007 54.157363
0.110083 54.156901
0.111159 54.156446
0.112235 54.155998
0.113311 54.155561
0.114388 54.155138
0.115464 54.154732
0.116540 54.154345
0.117616 54.153981
0.118692 54.153643
0.119768 54.153334
0.120844 54.153058
0.121920 54.152819
0.122997 54.152618
0.124073 54.152459
0.125149 54.152344
0.126225 54.152274
0.127301 54.152250

0.127301 54.152250
0.128718 54.152251
0.130135 54.152254
0.131553 54.152258
0.132970 54.152263
0.134387 54.152271
0.135804 54.152279
0.137222 54.152290
0.138639 54.152302
0.140056 54.152315
0.141473 54.152330
0.142891 54.152345
0.144308 54.152363
0.145725 54.152381
0.147142 54.152401
0.148560 54.152421
0.149977 54.152442
0.151394 54.152465
0.152811 54.152488
0.154228 54.152511
0.155646 54.152536
0.157063 54.152560
0.158480 54.152586
0.159897 54.152611
0.161315 54.152636
0.162732 54.152662
0.164149 54.152688
0.165566 54.152713
0.166984 54.152738
0.168401 54.152763
0.169818 54.152787
0.171235 54.152811
0.172652 54.152834
0.174070 54.152856
0.175487 54.152878
0.176904 54.152898
0.178321 54.152918
0.179739 54.152936
0.181156 54.152953
0.182573 54.152969
0.183990 54.152984
0.185408 54.152997
0.186825 54.153009
0.188242 54.153019
0.189659 54.153028
0.191077 54.153035
0.192494 54.153041
0.193911 54.153045
0.195328 54.153048
0.196745 54.153048

0.196745 54.153048
0.197506 54.153048
0.198267 54.153048
0.199028 54.153048
0.199789 54.153048
0.200550 54.153048
0.201311 54.153048
0.202072 54.153048
0.202833 54.153048
0.203594 54.153048
0.204355 54.153048
0.205116 54.153048
0.205877 54.153048
0.206638 54.153048
0.207399 54.153048
0.208159 54.153048
0.208920 54.153048
0.209681 54.153048
0.210442 54.153048
0.211203 54.153048
0.211964 54.153048
0.212725 54.153048
0.213486 54.153048
0.214247 54.153048
0.215008 54.153048
0.215769 54.153048
0.216530 54.153048
0.217291 54.153048
0.218052 54.153048
0.218812 54.153048
0.219573 54.153048
0.220334 54.153048
0.221095 54.153048
0.221856 54.153048
0.222617 54.153048
0.223378 54.153048
0.224139 54.153048
0.224900 54.153048
0.225661 54.153048
0.226422 54.153048
0.227183 54.153048
0.227944 54.153048
0.228705 54.153048
0.229465 54.153048
0.230226 54.153048
0.230987 54.153048
0.231748 54.153048
0.232509 54.153048
0.233270 54.153048
0.234031 54.153048

0.234031 54.153048
0.234792 54.153082
0.235553 54.153180
0.236314 54.153340
0.237075 54.153556
0.237836 54.153823
0.238597 54.154133
0.239358 54.154480
0.240119 54.154857
0.240879 54.155260
0.241640 54.155682
0.242401 54.156119
0.243162 54.156568
0.243923 54.157025
0.244684 54.157487
0.245445 54.157952
0.246206 54.158418
0.246967 54.158883
0.247728 54.159345
0.248489 54.159802
0.249250 54.160253
0.250011 54.160698
0.250772 54.161134
0.251532 54.161562
0.252293 54.161979
0.253054 54.162386
0.253815 54.162781
0.254576 54.163164
0.255337 54.163534
0.256098 54.163891
0.256859 54.164233
0.257620 54.164561
0.258381 54.164874
0.259142 54.165171
0.259903 54.165452
0.260664 54.165717
0.261425 54.165965
0.262186 54.166196
0.262946 54.166410
0.263707 54.166606
0.264468 54.166784
0.265229 54.166944
0.265990 54.167085
0.266751 54.167209
0.267512 54.167313
0.268273 54.167399
0.269034 54.167465
0.269795 54.167513
0.270556 54.167542
0.271317 54.167551

0.271317 54.167551
0.272393 54.167542
0.273469 54.167513
0.274545 54.167465
0.275621 54.167399
0.276697 54.167313
0.277773 54.167209
0.278849 54.167085
0.279926 54.166944
0.281002 54.166784
0.282078 54.166606
0.283154 54.166410
0.284230 54.166196
0.285306 54.165965
0.286382 54.165717
0.287459 54.165453
0.288535 54.165172
0.289611 54.164875
0.290687 54.164562
0.291763 54.164234
0.292839 54.163892
0.293915 54.163536
0.294991 54.163166
0.296067 54.162783
0.297144 54.162388
0.298220 54.161981
0.299296 54.161564
0.300372 54.161137
0.301448 54.160701
0.302524 54.160256
0.303600 54.159805
0.304676 54.159348
0.305752 54.158886
0.306829 54.158422
0.307905 54.157956
0.308981 54.157491
0.310057 54.157029
0.311133 54.156572
0.312209 54.156123
0.313285 54.155685
0.314361 54.155263
0.315438 54.154860
0.316514 54.154483
0.317590 54.154135
0.318666 54.153825
0.319742 54.153557
0.320818 54.153341
0.321894 54.153180
0.322970 54.153082
0.324047 54.153048


0.000000 54.154118
0.000761 54.154168
0.001522 54.154309
0.002283 54.154516
0.003044 54.154770
0.003805 54.155055
0.004566 54.155365
0.005326 54.155691
0.006087 54.156032
0.006848 54.156384
0.007609 54.156744
0.008370 54.157112
0.009131 54.157485
0.009892 54.157862
0.010653 54.158243
0.011414 54.158625
0.012175 54.159007
0.012936 54.159389
0.013697 54.159769
0.014458 54.160147
0.015219 54.160521
0.015980 54.160891
0.016740 54.161255
0.017501 54.161614
0.018262 54.161965
0.019023 54.162308
0.019784 54.162643
0.020545 54.162969
0.021306 54.163285
0.022067 54.163590
0.022828 54.163884
0.023589 54.164166
0.024350 54.164436
0.025111 54.164694
0.025872 54.164938
0.026633 54.165168
0.027394 54.165385
0.028154 54.165587
0.028915 54.165774
0.029676 54.165946
0.030437 54.166102
0.031198 54.166242
0.031959 54.166367
0.032720 54.166476
0.033481 54.166568
0.034242 54.166643
0.035003 54.166702
0.035764 54.166744
0.036525 54.166770
0.037286 54.166778

0.037286 54.166778
0.038046 54.166778
0.038808 54.166778
0.039568 54.166778
0.040329 54.166778
0.041090 54.166778
0.041851 54.166778
0.042612 54.166778
0.043373 54.166778
0.044134 54.166778
0.044895 54.166778
0.045656 54.166778
0.046417 54.166778
0.047178 54.166778
0.047939 54.166778
0.048700 54.166778
0.049460 54.166778
0.050221 54.166778
0.050982 54.166778
0.051743 54.166778
0.052504 54.166778
0.053265 54.166778
0.054026 54.166778
0.054787 54.166778
0.055548 54.166778
0.056309 54.166778
0.057070 54.166778
0.057831 54.166778
0.058592 54.166778
0.059353 54.166778
0.060114 54.166778
0.060874 54.166778
0.061635 54.166778
0.062396 54.166778
0.063157 54.166778
0.063918 54.166778
0.064679 54.166778
0.065440 54.166778
0.066201 54.166778
0.066962 54.166778
0.067723 54.166778
0.068484 54.166778
0.069245 54.166778
0.070006 54.166778
0.070767 54.166778
0.071527 54.166778
0.072288 54.166778
0.073049 54.166778
0.073810 54.166778
0.074571 54.166778

0.074571 54.166778
0.075647 54.166771
0.076724 54.166750
0.077800 54.166716
0.078876 54.166668
0.079952 54.166606
0.081028 54.166531
0.082104 54.166442
0.083180 54.166340
0.084256 54.166224
0.085332 54.166095
0.086408 54.165954
0.087485 54.165799
0.088561 54.165631
0.089637 54.165451
0.090713 54.165258
0.091789 54.165053
0.092865 54.164836
0.093941 54.164607
0.095018 54.164367
0.096094 54.164115
0.097170 54.163852
0.098246 54.163578
0.099322 54.163293
0.100398 54.162999
0.101474 54.162694
0.102550 54.162380
0.103626 54.162056
0.104703 54.161723
0.105779 54.161382
0.106855 54.161033
0.107931 54.160675
0.109007 54.160310
0.110083 54.159939
0.111159 54.159560
0.112235 54.159176
0.113311 54.158785
0.114388 54.158390
0.115464 54.157991
0.116540 54.157588
0.117616 54.157182
0.118692 54.156774
0.119768 54.156366
0.120844 54.155960
0.121920 54.155558
0.122997 54.155167
0.124073 54.154796
0.125149 54.154465
0.126225 54.154216
0.127301 54.154118

0.127301 54.154118
0.128718 54.154112
0.130135 54.154093
0.131553 54.154062
0.132970 54.154019
0.134387 54.153963
0.135804 54.153895
0.137222 54.153815
0.138639 54.153723
0.140056 54.153618
0.141473 54.153501
0.142891 54.153372
0.144308 54.153232
0.145725 54.153079
0.147142 54.152914
0.148560 54.152738
0.149977 54.152550
0.151394 54.152465
0.152811 54.152488
0.154228 54.152511
0.155646 54.152536
0.157063 54.152560
0.158480 54.152586
0.159897 54.152611
0.161315 54.152636
0.162732 54.152662
0.164149 54.152688
0.165566 54.152713
0.166984 54.152738
0.168401 54.152763
0.169818 54.152787
0.171235 54.152811
0.172652 54.152834
0.174070 54.152856
0.175487 54.152878
0.176904 54.152898
0.178321 54.152918
0.179739 54.152936
0.181156 54.152953
0.182573 54.152969
0.183990 54.152984
0.185408 54.152997
0.186825 54.153009
0.188242 54.153019
0.189659 54.153028
0.191077 54.153035
0.192494 54.153041
0.193911 54.153045
0.195328 54.153048
0.196745 54.153048

0.196745 54.153048
0.197506 54.153082
0.198267 54.153180
0.199028 54.153341
0.199789 54.153558
0.200550 54.153825
0.201311 54.154135
0.202072 54.154483
0.202833 54.154861
0.203594 54.155263
0.204355 54.155686
0.205116 54.156123
0.205877 54.156572
0.206638 54.157029
0.207399 54.157492
0.208159 54.157957
0.208920 54.158423
0.209681 54.158888
0.210442 54.159349
0.211203 54.159806
0.211964 54.160258
0.212725 54.160702
0.213486 54.161139
0.214247 54.161566
0.215008 54.161983
0.215769 54.162390
0.216530 54.162785
0.217291 54.163167
0.218052 54.163537
0.218812 54.163894
0.219573 54.164236
0.220334 54.164563
0.221095 54.164876
0.221856 54.165173
0.222617 54.165454
0.223378 54.165719
0.224139 54.165966
0.224900 54.166197
0.225661 54.166411
0.226422 54.166607
0.227183 54.166785
0.227944 54.166944
0.228705 54.167086
0.229465 54.167209
0.230226 54.167313
0.230987 54.167399
0.231748 54.167465
0.232509 54.167513
0.233270 54.167542
0.234031 54.167551

0.234031 54.167551
0.234792 54.167551
0.235553 54.167551
0.236314 54.167551
0.237075 54.167551
0.237836 54.167551
0.238597 54.167551
0.239358 54.167551
0.240119 54.167551
0.240879 54.167551
0.241640 54.167551
0.242401 54.167551
0.243162 54.167551
0.243923 54.167551
0.244684 54.167551
0.245445 54.167551
0.246206 54.167551
0.246967 54.167551
0.247728 54.167551
0.248489 54.167551
0.249250 54.167551
0.250011 54.167551
0.250772 54.167551
0.251532 54.167551
0.252293 54.167551
0.253054 54.167551
0.253815 54.167551
0.254576 54.167551
0.255337 54.167551
0.256098 54.167551
0.256859 54.167551
0.257620 54.167551
0.258381 54.167551
0.259142 54.167551
0.259903 54.167551
0.260664 54.167551
0.261425 54.167551
0.262186 54.167551
0.262946 54.167551
0.263707 54.167551
0.264468 54.167551
0.265229 54.167551
0.265990 54.167551
0.266751 54.167551
0.267512 54.167551
0.268273 54.167551
0.269034 54.167551
0.269795 54.167551
0.270556 54.167551
0.271317 54.167551

0.271317 54.167551
0.272393 54.167542
0.273469 54.167513
0.274545 54.167465
0.275621 54.167399
0.276697 54.167313
0.277773 54.167209
0.278849 54.167085
0.279926 54.166944
0.281002 54.166784
0.282078 54.166606
0.283154 54.166410
0.284230 54.166196
0.285306 54.165965
0.286382 54.165717
0.287459 54.165453
0.288535 54.165172
0.289611 54.164875
0.290687 54.164562
0.291763 54.164234
0.292839 54.163892
0.293915 54.163536
0.294991 54.163166
0.296067 54.162783
0.297144 54.162388
0.298220 54.161981
0.299296 54.161564
0.300372 54.161137
0.301448 54.160701
0.302524 54.160256
0.303600 54.159805
0.304676 54.159348
0.305752 54.158886
0.306829 54.158422
0.307905 54.157956
0.308981 54.157491
0.310057 54.157029
0.311133 54.156572
0.312209 54.156123
0.313285 54.155685
0.314361 54.155263
0.315438 54.154860
0.316514 54.154483
0.317590 54.154135
0.318666 54.153825
0.319742 54.153557
0.320818 54.153341
0.321894 54.153180
0.322970 54.153082
0.324047 54.153048


0.000000 54.711754
0.000761 54.711752
0.001522 54.711746
0.002283 54.711736
0.003044 54.711722
0.003805 54.711704
0.004566 54.711682
0.005326 54.711656
0.006087 54.711626
0.006848 54.711593
0.007609 54.711557
0.008370 54.711517
0.009131 54.711474
0.009892 54.711429
0.010653 54.711380
0.011414 54.711329
0.012175 54.711276
0.012936 54.711221
0.013697 54.711163
0.014458 54.711104
0.015219 54.711044
0.015980 54.710982
0.016740 54.710920
0.017501 54.710857
0.018262 54.710794
0.019023 54.710730
0.019784 54.710667
0.020545 54.710604
0.021306 54.710542
0.022067 54.710480
0.022828 54.710420
0.023589 54.710361
0.024350 54.710304
0.025111 54.710249
0.025872 54.710196
0.026633 54.710145
0.027394 54.710097
0.028154 54.710051
0.028915 54.710009
0.029676 54.709969
0.030437 54.709933
0.031198 54.709900
0.031959 54.709871
0.032720 54.709845
0.033481 54.709823
0.034242 54.709805
0.035003 54.709791
0.035764 54.709781
0.036525 54.709775
0.037286 54.709773

0.037286 54.709773
0.038046 54.709761
0.038808 54.709726
0.039568 54.709670
0.040329 54.709596
0.041090 54.709506
0.041851 54.709404
0.042612 54.709291
0.043373 54.709171
0.044134 54.709044
0.044895 54.708911
0.045656 54.708775
0.046417 54.708635
0.047178 54.708494
0.047939 54.708350
0.048700 54.708205
0.049460 54.708060
0.050221 54.707915
0.050982 54.707770
0.051743 54.707625
0.052504 54.707482
0.053265 54.707340
0.054026 54.707199
0.054787 54.707061
0.055548 54.706925
0.056309 54.706792
0.057070 54.706662
0.057831 54.706535
0.058592 54.706412
0.059353 54.706293
0.060114 54.706177
0.060874 54.706066
0.061635 54.705960
0.062396 54.705858
0.063157 54.705761
0.063918 54.705669
0.064679 54.705583
0.065440 54.705503
0.066201 54.705428
0.066962 54.705359
0.067723 54.705296
0.068484 54.705240
0.069245 54.705190
0.070006 54.705146
0.070767 54.705109
0.071527 54.705078
0.072288 54.705054
0.073049 54.705037
0.073810 54.705027
0.074571 54.705024

0.074571 54.705024
0.075647 54.705031
0.076724 54.705051
0.077800 54.705085
0.078876 54.705132
0.079952 54.705193
0.081028 54.705267
0.082104 54.705353
0.083180 54.705452
0.084256 54.705562
0.085332 54.705685
0.086408 54.705818
0.087485 54.705961
0.088561 54.706115
0.089637 54.706278
0.090713 54.706450
0.091789 54.706629
0.092865 54.706816
0.093941 54.707009
0.095018 54.707208
0.096094 54.707412
0.097170 54.707620
0.098246 54.707831
0.099322 54.708045
0.100398 54.708260
0.101474 54.708476
0.102550 54.708691
0.103626 54.708906
0.104703 54.709118
0.105779 54.709327
0.106855 54.709533
0.107931 54.709734
0.109007 54.709929
0.110083 54.710118
0.111159 54.710300
0.112235 54.710474
0.113311 54.710640
0.114388 54.710796
0.115464 54.710943
0.116540 54.711078
0.117616 54.711203
0.118692 54.711316
0.119768 54.711417
0.120844 54.711505
0.121920 54.711581
0.122997 54.711643
0.124073 54.711692
0.125149 54.711726
0.126225 54.711747
0.127301 54.711754

0.127301 54.711754
0.128718 54.711751
0.130135 54.711739
0.131553 54.711720
0.132970 54.711693
0.134387 54.711659
0.135804 54.711618
0.137222 54.711570
0.138639 54.711514
0.140056 54.711452
0.141473 54.711384
0.142891 54.711309
0.144308 54.711229
0.145725 54.711143
0.147142 54.711052
0.148560 54.710956
0.149977 54.710856
0.151394 54.710751
0.152811 54.710644
0.154228 54.710533
0.155646 54.710419
0.157063 54.710303
0.158480 54.710186
0.159897 54.710067
0.161315 54.709948
0.162732 54.709828
0.164149 54.709709
0.165566 54.709590
0.166984 54.709473
0.168401 54.709357
0.169818 54.709243
0.171235 54.709133
0.172652 54.709025
0.174070 54.708920
0.175487 54.708820
0.176904 54.708724
0.178321 54.708633
0.179739 54.708547
0.181156 54.708467
0.182573 54.708392
0.183990 54.708323
0.185408 54.708261
0.186825 54.708206
0.188242 54.708158
0.189659 54.708116
0.191077 54.708082
0.192494 54.708056
0.193911 54.708036
0.195328 54.708025
0.196745 54.708021

0.196745 54.708021
0.197506 54.708019
0.198267 54.708013
0.199028 54.708003
0.199789 54.707990
0.200550 54.707972
0.201311 54.707951
0.202072 54.707926
0.202833 54.707898
0.203594 54.707866
0.204355 54.707830
0.205116 54.707792
0.205877 54.707751
0.206638 54.707707
0.207399 54.707660
0.208159 54.707610
0.208920 54.707559
0.209681 54.707505
0.210442 54.707450
0.211203 54.707393
0.211964 54.707335
0.212725 54.707275
0.213486 54.707215
0.214247 54.707154
0.215008 54.707093
0.215769 54.707032
0.216530 54.706971
0.217291 54.706910
0.218052 54.706850
0.218812 54.706790
0.219573 54.706732
0.220334 54.706675
0.221095 54.706620
0.221856 54.706567
0.222617 54.706515
0.223378 54.706466
0.224139 54.706420
0.224900 54.706376
0.225661 54.706335
0.226422 54.706297
0.227183 54.706262
0.227944 54.706230
0.228705 54.706202
0.229465 54.706177
0.230226 54.706156
0.230987 54.706138
0.231748 54.706125
0.232509 54.706115
0.233270 54.706109
0.234031 54.706107

0.234031 54.706107
0.234792 54.706107
0.235553 54.706107
0.236314 54.706107
0.237075 54.706107
0.237836 54.706107
0.238597 54.706107
0.239358 54.706107
0.240119 54.706107
0.240879 54.706107
0.241640 54.706107
0.242401 54.706107
0.243162 54.706107
0.243923 54.706107
0.244684 54.706107
0.245445 54.706107
0.246206 54.706107
0.246967 54.706107
0.247728 54.706106
0.248489 54.706106
0.249250 54.706106
0.250011 54.706106
0.250772 54.706106
0.251532 54.706106
0.252293 54.706106
0.253054 54.706106
0.253815 54.706106
0.254576 54.706106
0.255337 54.706106
0.256098 54.706106
0.256859 54.706106
0.257620 54.706106
0.258381 54.706106
0.259142 54.706105
0.259903 54.706105
0.260664 54.706105
0.261425 54.706105
0.262186 54.706105
0.262946 54.706105
0.263707 54.706105
0.264468 54.706105
0.265229 54.706105
0.265990 54.706105
0.266751 54.706105
0.267512 54.706105
0.268273 54.706105
0.269034 54.706105
0.269795 54.706105
0.270556 54.706105
0.271317 54.706105

0.271317 54.706105
0.272393 54.706107
0.273469 54.706113
0.274545 54.706123
0.275621 54.706136
0.276697 54.706154
0.277773 54.706175
0.278849 54.706200
0.279926 54.706228
0.281002 54.706260
0.282078 54.706295
0.283154 54.706333
0.284230 54.706374
0.285306 54.706418
0.286382 54.706465
0.287459 54.706514
0.288535 54.706565
0.289611 54.706619
0.290687 54.706674
0.291763 54.706731
0.292839 54.706789
0.293915 54.706849
0.294991 54.706909
0.296067 54.706970
0.297144 54.707031
0.298220 54.707093
0.299296 54.707154
0.300372 54.707215
0.301448 54.707275
0.302524 54.707335
0.303600 54.707393
0.304676 54.707450
0.305752 54.707505
0.306829 54.707559
0.307905 54.707610
0.308981 54.707660
0.310057 54.707707
0.311133 54.707751
0.312209 54.707792
0.313285 54.707830
0.314361 54.707866
0.315438 54.707898
0.316514 54.707926
0.317590 54.707951
0.318666 54.707972
0.319742 54.707990
0.320818 54.708003
0.321894 54.708013
0.322970 54.708019
0.324047 54.708021


0.000000 54.711754
0.000761 54.711754
0.001522 54.711754
0.002283 54.711754
0.003044 54.711754
0.003805 54.711754
0.004566 54.711754
0.005326 54.711754
0.006087 54.711754
0.006848 54.711754
0.007609 54.711754
0.008370 54.711754
0.009131 54.711754
0.009892 54.711754
0.010653 54.711754
0.011414 54.711754
0.012175 54.711754
0.012936 54.711754
0.013697 54.711754
0.014458 54.711754
0.015219 54.711754
0.015980 54.711754
0.016740 54.711754
0.017501 54.711754
0.018262 54.711754
0.019023 54.711754
0.019784 54.711754
0.020545 54.711754
0.021306 54.711754
0.022067 54.711754
0.022828 54.711754
0.023589 54.711754
0.024350 54.711754
0.025111 54.711754
0.025872 54.711754
0.026633 54.711754
0.027394 54.711754
0.028154 54.711754
0.028915 54.711754
0.029676 54.711754
0.030437 54.711754
0.031198 54.711754
0.031959 54.711754
0.032720 54.711754
0.033481 54.711754
0.034242 54.711754
0.035003 54.711754
0.035764 54.711754
0.036525 54.711754
0.037286 54.711754

0.037286 54.711754
0.038046 54.711764
0.038808 54.711793
0.039568 54.711840
0.040329 54.711900
0.041090 54.711973
0.041851 54.712054
0.042612 54.712142
0.043373 54.712234
0.044134 54.712330
0.044895 54.712427
0.045656 54.712526
0.046417 54.712624
0.047178 54.712722
0.047939 54.712820
0.048700 54.712916
0.049460 54.713010
0.050221 54.713102
0.050982 54.713193
0.051743 54.713281
0.052504 54.713366
0.053265 54.713450
0.054026 54.713530
0.054787 54.713608
0.055548 54.713683
0.056309 54.713756
0.057070 54.713825
0.057831 54.713892
0.058592 54.713955
0.059353 54.714016
0.060114 54.714074
0.060874 54.714129
0.061635 54.714181
0.062396 54.714230
0.063157 54.714276
0.063918 54.714319
0.064679 54.714359
0.065440 54.714396
0.066201 54.714430
0.066962 54.714461
0.067723 54.714489
0.068484 54.714514
0.069245 54.714536
0.070006 54.714555
0.070767 54.714572
0.071527 54.714585
0.072288 54.714595
0.073049 54.714603
0.073810 54.714607
0.074571 54.714609

0.074571 54.714609
0.075647 54.714606
0.076724 54.714597
0.077800 54.714582
0.078876 54.714562
0.079952 54.714535
0.081028 54.714504
0.082104 54.714467
0.083180 54.714424
0.084256 54.714376
0.085332 54.714324
0.086408 54.714266
0.087485 54.714205
0.088561 54.714139
0.089637 54.714069
0.090713 54.713995
0.091789 54.713918
0.092865 54.713838
0.093941 54.713756
0.095018 54.713671
0.096094 54.713584
0.097170 54.713495
0.098246 54.713405
0.099322 54.713315
0.100398 54.713223
0.101474 54.713132
0.102550 54.713041
0.103626 54.712950
0.104703 54.712860
0.105779 54.712772
0.106855 54.712685
0.107931 54.712601
0.109007 54.712518
0.110083 54.712439
0.111159 54.712362
0.112235 54.712289
0.113311 54.712220
0.114388 54.712154
0.115464 54.712093
0.116540 54.712036
0.117616 54.711984
0.118692 54.711937
0.119768 54.711895
0.120844 54.711858
0.121920 54.711827
0.122997 54.711801
0.124073 54.711781
0.125149 54.711766
0.126225 54.711757
0.127301 54.711754

0.127301 54.711754
0.128718 54.711751
0.130135 54.711739
0.131553 54.711720
0.132970 54.711693
0.134387 54.711659
0.135804 54.711618
0.137222 54.711570
0.138639 54.711514
0.140056 54.711452
0.141473 54.711384
0.142891 54.711309
0.144308 54.711229
0.145725 54.711143
0.147142 54.711052
0.148560 54.710956
0.149977 54.710856
0.151394 54.710751
0.152811 54.710644
0.154228 54.710533
0.155646 54.710419
0.157063 54.710303
0.158480 54.710186
0.159897 54.710067
0.161315 54.709948
0.162732 54.709828
0.164149 54.709709
0.165566 54.709590
0.166984 54.709473
0.168401 54.709357
0.169818 54.709243
0.171235 54.709133
0.172652 54.709025
0.174070 54.708920
0.175487 54.708820
0.176904 54.708724
0.178321 54.708633
0.179739 54.708547
0.181156 54.708467
0.182573 54.708392
0.183990 54.708323
0.185408 54.708261
0.186825 54.708206
0.188242 54.708158
0.189659 54.708116
0.191077 54.708082
0.192494 54.708056
0.193911 54.708036
0.195328 54.708025
0.196745 54.708021

0.196745 54.708021
0.197506 54.708021
0.198267 54.708021
0.199028 54.708021
0.199789 54.708021
0.200550 54.708021
0.201311 54.708021
0.202072 54.708021
0.202833 54.708021
0.203594 54.708021
0.204355 54.708021
0.205116 54.708021
0.205877 54.708021
0.206638 54.708021
0.207399 54.708021
0.208159 54.708021
0.208920 54.708021
0.209681 54.708021
0.210442 54.708021
0.211203 54.708021
0.211964 54.708021
0.212725 54.708021
0.213486 54.708021
0.214247 54.708021
0.215008 54.708021
0.215769 54.708021
0.216530 54.708021
0.217291 54.708021
0.218052 54.708021
0.218812 54.708021
0.219573 54.708021
0.220334 54.708021
0.221095 54.708021
0.221856 54.708021
0.222617 54.708021
0.223378 54.708021
0.224139 54.708021
0.224900 54.708021
0.225661 54.708021
0.226422 54.708021
0.227183 54.708021
0.227944 54.708021
0.228705 54.708021
0.229465 54.708021
0.230226 54.708021
0.230987 54.708021
0.231748 54.708021
0.232509 54.708021
0.233270 54.708021
0.234031 54.708021

0.234031 54.708021
0.234792 54.708019
0.235553 54.708013
0.236314 54.708003
0.237075 54.707990
0.237836 54.707972
0.238597 54.707951
0.239358 54.707926
0.240119 54.707897
0.240879 54.707866
0.241640 54.707830
0.242401 54.707792
0.243162 54.707750
0.243923 54.707706
0.244684 54.707659
0.245445 54.707610
0.246206 54.707558
0.246967 54.707505
0.247728 54.707449
0.248489 54.707392
0.249250 54.707334
0.250011 54.707275
0.250772 54.707214
0.251532 54.707153
0.252293 54.707092
0.253054 54.707031
0.253815 54.706969
0.254576 54.706908
0.255337 54.706848
0.256098 54.706789
0.256859 54.706731
0.257620 54.706674
0.258381 54.706618
0.259142 54.706565
0.259903 54.706514
0.260664 54.706465
0.261425 54.706418
0.262186 54.706374
0.262946 54.706333
0.263707 54.706295
0.264468 54.706260
0.265229 54.706228
0.265990 54.706199
0.266751 54.706175
0.267512 54.706154
0.268273 54.706136
0.269034 54.706123
0.269795 54.706113
0.270556 54.706107
0.271317 54.706105

0.271317 54.706105
0.272393 54.706107
0.273469 54.706113
0.274545 54.706123
0.275621 54.706136
0.276697 54.706154
0.277773 54.706175
0.278849 54.706200
0.279926 54.706228
0.281002 54.706260
0.282078 54.706295
0.283154 54.706333
0.284230 54.706374
0.285306 54.706418
0.286382 54.706465
0.287459 54.706514
0.288535 54.706565
0.289611 54.706619
0.290687 54.706674
0.291763 54.706731
0.292839 54.706789
0.293915 54.706849
0.294991 54.706909
0.296067 54.706970
0.297144 54.707031
0.298220 54.707093
0.299296 54.707154
0.300372 54.707215
0.301448 54.707275
0.302524 54.707335
0.303600 54.707393
0.304676 54.707450
0.305752 54.707505
0.306829 54.707559
0.307905 54.707610
0.308981 54.707660
0.310057 54.707707
0.311133 54.707751
0.312209 54.707792
0.313285 54.707830
0.314361 54.707866
0.315438 54.707898
0.316514 54.707926
0.317590 54.707951
0.318666 54.707972
0.319742 54.707990
0.320818 54.708003
0.321894 54.708013
0.322970 54.708019
0.324047 54.708021


0.000000 55.306944
0.000761 55.306948
0.001522 55.306960
0.002283 55.306980
0.003044 55.307008
0.003805 55.307044
0.004566 55.307088
0.005326 55.307140
0.006087 55.307199
0.006848 55.307266
0.007609 55.307340
0.008370 55.307421
0.009131 55.307509
0.009892 55.307605
0.010653 55.307706
0.011414 55.307814
0.012175 55.307929
0.012936 55.308049
0.013697 55.308175
0.014458 55.308306
0.015219 55.308442
0.015980 55.308583
0.016740 55.308728
0.017501 55.308878
0.018262 55.309031
0.019023 55.309188
0.019784 55.309349
0.020545 55.309512
0.021306 55.309677
0.022067 55.309845
0.022828 55.310014
0.023589 55.310185
0.024350 55.310356
0.025111 55.310529
0.025872 55.310701
0.026633 55.310872
0.027394 55.311043
0.028154 55.311211
0.028915 55.311378
0.029676 55.311541
0.030437 55.311699
0.031198 55.311852
0.031959 55.311998
0.032720 55.312135
0.033481 55.312260
0.034242 55.312371
0.035003 55.312463
0.035764 55.312533
0.036525 55.312578
0.037286 55.312593

0.037286 55.312593
0.038046 55.312595
0.038808 55.312601
0.039568 55.312612
0.040329 55.312627
0.041090 55.312647
0.041851 55.312670
0.042612 55.312698
0.043373 55.312730
0.044134 55.312765
0.044895 55.312804
0.045656 55.312847
0.046417 55.312893
0.047178 55.312942
0.047939 55.312994
0.048700 55.313048
0.049460 55.313105
0.050221 55.313165
0.050982 55.313226
0.051743 55.313289
0.052504 55.313354
0.053265 55.313420
0.054026 55.313487
0.054787 55.313555
0.055548 55.313623
0.056309 55.313691
0.057070 55.313759
0.057831 55.313826
0.058592 55.313893
0.059353 55.313959
0.060114 55.314023
0.060874 55.314086
0.061635 55.314148
0.062396 55.314207
0.063157 55.314264
0.063918 55.314318
0.064679 55.314370
0.065440 55.314419
0.066201 55.314465
0.066962 55.314507
0.067723 55.314546
0.068484 55.314581
0.069245 55.314612
0.070006 55.314640
0.070767 55.314663
0.071527 55.314683
0.072288 55.314698
0.073049 55.314709
0.073810 55.314715
0.074571 55.314717

0.074571 55.314717
0.075647 55.314709
0.076724 55.314686
0.077800 55.314646
0.078876 55.314592
0.079952 55.314521
0.081028 55.314436
0.082104 55.314336
0.083180 55.314222
0.084256 55.314094
0.085332 55.313953
0.086408 55.313799
0.087485 55.313633
0.088561 55.313455
0.089637 55.313267
0.090713 55.313068
0.091789 55.312861
0.092865 55.312645
0.093941 55.312421
0.095018 55.312191
0.096094 55.311955
0.097170 55.311715
0.098246 55.311471
0.099322 55.311224
0.100398 55.310976
0.101474 55.310727
0.102550 55.310478
0.103626 55.310230
0.104703 55.309985
0.105779 55.309744
0.106855 55.309506
0.107931 55.309275
0.109007 55.309049
0.110083 55.308831
0.111159 55.308621
0.112235 55.308420
0.113311 55.308229
0.114388 55.308048
0.115464 55.307880
0.116540 55.307723
0.117616 55.307579
0.118692 55.307449
0.119768 55.307332
0.120844 55.307231
0.121920 55.307144
0.122997 55.307072
0.124073 55.307016
0.125149 55.306976
0.126225 55.306952
0.127301 55.306944

0.127301 55.306944
0.128718 55.306944
0.130135 55.306947
0.131553 55.306951
0.132970 55.306957
0.134387 55.306964
0.135804 55.306973
0.137222 55.306984
0.138639 55.306997
0.140056 55.307011
0.141473 55.307028
0.142891 55.307047
0.144308 55.307068
0.145725 55.307092
0.147142 55.307118
0.148560 55.307147
0.149977 55.307178
0.151394 55.307212
0.152811 55.307249
0.154228 55.307290
0.155646 55.307333
0.157063 55.307381
0.158480 55.307431
0.159897 55.307486
0.161315 55.307544
0.162732 55.307607
0.164149 55.307673
0.165566 55.307744
0.166984 55.307819
0.168401 55.307899
0.169818 55.307983
0.171235 55.308073
0.172652 55.308167
0.174070 55.308266
0.175487 55.308370
0.176904 55.308479
0.178321 55.308593
0.179739 55.308712
0.181156 55.308836
0.182573 55.308966
0.183990 55.309101
0.185408 55.309240
0.186825 55.309385
0.188242 55.309535
0.189659 55.309690
0.191077 55.309850
0.192494 55.310015
0.193911 55.310184
0.195328 55.310357
0.196745 55.310535

0.196745 55.310535
0.197506 55.310535
0.198267 55.310535
0.199028 55.310535
0.199789 55.310535
0.200550 55.310535
0.201311 55.310535
0.202072 55.310535
0.202833 55.310535
0.203594 55.310535
0.204355 55.310535
0.205116 55.310535
0.205877 55.310535
0.206638 55.310535
0.207399 55.310535
0.208159 55.310535
0.208920 55.310535
0.209681 55.310535
0.210442 55.310535
0.211203 55.310535
0.211964 55.310535
0.212725 55.310535
0.213486 55.310535
0.214247 55.310535
0.215008 55.310535
0.215769 55.310535
0.216530 55.310535
0.217291 55.310535
0.218052 55.310535
0.218812 55.310535
0.219573 55.310535
0.220334 55.310535
0.221095 55.310535
0.221856 55.310535
0.222617 55.310535
0.223378 55.310535
0.224139 55.310535
0.224900 55.310535
0.225661 55.310535
0.226422 55.310535
0.227183 55.310535
0.227944 55.310535
0.228705 55.310535
0.229465 55.310535
0.230226 55.310535
0.230987 55.310535
0.231748 55.310535
0.232509 55.310535
0.233270 55.310535
0.234031 55.310535

0.234031 55.310535
0.234792 55.310537
0.235553 55.310544
0.236314 55.310555
0.237075 55.310571
0.237836 55.310591
0.238597 55.310615
0.239358 55.310644
0.240119 55.310676
0.240879 55.310713
0.241640 55.310753
0.242401 55.310797
0.243162 55.310844
0.243923 55.310895
0.244684 55.310948
0.245445 55.311005
0.246206 55.311064
0.246967 55.311125
0.247728 55.311188
0.248489 55.311253
0.249250 55.311320
0.250011 55.311388
0.250772 55.311457
0.251532 55.311527
0.252293 55.311597
0.253054 55.311667
0.253815 55.311737
0.254576 55.311807
0.255337 55.311875
0.256098 55.311943
0.256859 55.312010
0.257620 55.312075
0.258381 55.312138
0.259142 55.312199
0.259903 55.312258
0.260664 55.312314
0.261425 55.312367
0.262186 55.312418
0.262946 55.312465
0.263707 55.312508
0.264468 55.312549
0.265229 55.312585
0.265990 55.312617
0.266751 55.312646
0.267512 55.312670
0.268273 55.312690
0.269034 55.312705
0.269795 55.312716
0.270556 55.312723
0.271317 55.312725

0.271317 55.312725
0.272393 55.312723
0.273469 55.312716
0.274545 55.312705
0.275621 55.312690
0.276697 55.312670
0.277773 55.312646
0.278849 55.312617
0.279926 55.312585
0.281002 55.312549
0.282078 55.312508
0.283154 55.312465
0.284230 55.312418
0.285306 55.312367
0.286382 55.312314
0.287459 55.312258
0.288535 55.312199
0.289611 55.312138
0.290687 55.312075
0.291763 55.312010
0.292839 55.311943
0.293915 55.311875
0.294991 55.311807
0.296067 55.311737
0.297144 55.311667
0.298220 55.311597
0.299296 55.311527
0.300372 55.311457
0.301448 55.311388
0.302524 55.311320
0.303600 55.311254
0.304676 55.311188
0.305752 55.311125
0.306829 55.311064
0.307905 55.311005
0.308981 55.310949
0.310057 55.310895
0.311133 55.310844
0.312209 55.310797
0.313285 55.310753
0.314361 55.310713
0.315438 55.310677
0.316514 55.310644
0.317590 55.310616
0.318666 55.310591
0.319742 55.310571
0.320818 55.310556
0.321894 55.310544
0.322970 55.310538
0.324047 55.310535


0.000000 55.318157
0.000761 55.318155
0.001522 55.318150
0.002283 55.318141
0.003044 55.318129
0.003805 55.318113
0.004566 55.318093
0.005326 55.318070
0.006087 55.318044
0.006848 55.318014
0.007609 55.317981
0.008370 55.317944
0.009131 55.317903
0.009892 55.317859
0.010653 55.317811
0.011414 55.317760
0.012175 55.317705
0.012936 55.317647
0.013697 55.317585
0.014458 55.317520
0.015219 55.317451
0.015980 55.317378
0.016740 55.317302
0.017501 55.317223
0.018262 55.317140
0.019023 55.317054
0.019784 55.316964
0.020545 55.316872
0.021306 55.316776
0.022067 55.316676
0.022828 55.316574
0.023589 55.316469
0.024350 55.316361
0.025111 55.316251
0.025872 55.316138
0.026633 55.316023
0.027394 55.315906
0.028154 55.315788
0.028915 55.315670
0.029676 55.315551
0.030437 55.315432
0.031198 55.315316
0.031959 55.315203
0.032720 55.315095
0.033481 55.314994
0.034242 55.314903
0.035003 55.314826
0.035764 55.314767
0.036525 55.314730
0.037286 55.314717

0.037286 55.314717
0.038046 55.314717
0.038808 55.314717
0.039568 55.314717
0.040329 55.314717
0.041090 55.314717
0.041851 55.314717
0.042612 55.314717
0.043373 55.314717
0.044134 55.314717
0.044895 55.314717
0.045656 55.314717
0.046417 55.314717
0.047178 55.314717
0.047939 55.314717
0.048700 55.314717
0.049460 55.314717
0.050221 55.314717
0.050982 55.314717
0.051743 55.314717
0.052504 55.314717
0.053265 55.314717
0.054026 55.314717
0.054787 55.314717
0.055548 55.314717
0.056309 55.314717
0.057070 55.314717
0.057831 55.314717
0.058592 55.314717
0.059353 55.314717
0.060114 55.314717
0.060874 55.314717
0.061635 55.314717
0.062396 55.314717
0.063157 55.314717
0.063918 55.314717
0.064679 55.314717
0.065440 55.314717
0.066201 55.314717
0.066962 55.314717
0.067723 55.314717
0.068484 55.314717
0.069245 55.314717
0.070006 55.314717
0.070767 55.314717
0.071527 55.314717
0.072288 55.314717
0.073049 55.314717
0.073810 55.314717
0.074571 55.314717

0.074571 55.314717
0.075647 55.314721
0.076724 55.314732
0.077800 55.314749
0.078876 55.314774
0.079952 55.314805
0.081028 55.314844
0.082104 55.314888
0.083180 55.314940
0.084256 55.314997
0.085332 55.315060
0.086408 55.315129
0.087485 55.315204
0.088561 55.315283
0.089637 55.315367
0.090713 55.315456
0.091789 55.315548
0.092865 55.315645
0.093941 55.315744
0.095018 55.315847
0.096094 55.315951
0.097170 55.316058
0.098246 55.316166
0.099322 55.316276
0.100398 55.316386
0.101474 55.316496
0.102550 55.316606
0.103626 55.316715
0.104703 55.316823
0.105779 55.316930
0.106855 55.317034
0.107931 55.317136
0.109007 55.317235
0.110083 55.317331
0.111159 55.317423
0.112235 55.317512
0.113311 55.317595
0.114388 55.317674
0.115464 55.317748
0.116540 55.317817
0.117616 55.317879
0.118692 55.317936
0.119768 55.317987
0.120844 55.318032
0.121920 55.318069
0.122997 55.318101
0.124073 55.318125
0.125149 55.318143
0.126225 55.318153
0.127301 55.318157

0.127301 55.318157
0.128718 55.318152
0.130135 55.318137
0.131553 55.318112
0.132970 55.318078
0.134387 55.318034
0.135804 55.317980
0.137222 55.317917
0.138639 55.317844
0.140056 55.317763
0.141473 55.317672
0.142891 55.317573
0.144308 55.317465
0.145725 55.317348
0.147142 55.317224
0.148560 55.317092
0.149977 55.316952
0.151394 55.316805
0.152811 55.316652
0.154228 55.316492
0.155646 55.316325
0.157063 55.316153
0.158480 55.315976
0.159897 55.315793
0.161315 55.315606
0.162732 55.315414
0.164149 55.315219
0.165566 55.315020
0.166984 55.314818
0.168401 55.314613
0.169818 55.314406
0.171235 55.314197
0.172652 55.313987
0.174070 55.313775
0.175487 55.313563
0.176904 55.313351
0.178321 55.313138
0.179739 55.312926
0.181156 55.312715
0.182573 55.312505
0.183990 55.312296
0.185408 55.312089
0.186825 55.311885
0.188242 55.311682
0.189659 55.311483
0.191077 55.311286
0.192494 55.311093
0.193911 55.310903
0.195328 55.310717
0.196745 55.310535

0.196745 55.310535
0.197506 55.310538
0.198267 55.310544
0.199028 55.310556
0.199789 55.310571
0.200550 55.310591
0.201311 55.310616
0.202072 55.310644
0.202833 55.310677
0.203594 55.310713
0.204355 55.310753
0.205116 55.310797
0.205877 55.310845
0.206638 55.310895
0.207399 55.310949
0.208159 55.311005
0.208920 55.311064
0.209681 55.311125
0.210442 55.311188
0.211203 55.311254
0.211964 55.311320
0.212725 55.311388
0.213486 55.311457
0.214247 55.311527
0.215008 55.311597
0.215769 55.311667
0.216530 55.311737
0.217291 55.311807
0.218052 55.311876
0.218812 55.311943
0.219573 55.312010
0.220334 55.312075
0.221095 55.312138
0.221856 55.312199
0.222617 55.312258
0.223378 55.312314
0.224139 55.312367
0.224900 55.312418
0.225661 55.312465
0.226422 55.312509
0.227183 55.312549
0.227944 55.312585
0.228705 55.312617
0.229465 55.312646
0.230226 55.312670
0.230987 55.312690
0.231748 55.312705
0.232509 55.312716
0.233270 55.312723
0.234031 55.312725

0.234031 55.312725
0.234792 55.312725
0.235553 55.312725
0.236314 55.312725
0.237075 55.312725
0.237836 55.312725
0.238597 55.312725
0.239358 55.312725
0.240119 55.312725
0.240879 55.312725
0.241640 55.312725
0.242401 55.312725
0.243162 55.312725
0.243923 55.312725
0.244684 55.312725
0.245445 55.312725
0.246206 55.312725
0.246967 55.312725
0.247728 55.312725
0.248489 55.312725
0.249250 55.312725
0.250011 55.312725
0.250772 55.312725
0.251532 55.312725
0.252293 55.312725
0.253054 55.312725
0.253815 55.312725
0.254576 55.312725
0.255337 55.312725
0.256098 55.312725
0.256859 55.312725
0.257620 55.312725
0.258381 55.312725
0.259142 55.312725
0.259903 55.312725
0.260664 55.312725
0.261425 55.312725
0.262186 55.312725
0.262946 55.312725
0.263707 55.312725
0.264468 55.312725
0.265229 55.312725
0.265990 55.312725
0.266751 55.312725
0.267512 55.312725
0.268273 55.312725
0.269034 55.312725
0.269795 55.312725
0.270556 55.312725
0.271317 55.312725

0.271317 55.312725
0.272393 55.312723
0.273469 55.312716
0.274545 55.312705
0.275621 55.312690
0.276697 55.312670
0.277773 55.312646
0.278849 55.312617
0.279926 55.312585
0.281002 55.312549
0.282078 55.312508
0.283154 55.312465
0.284230 55.312418
0.285306 55.312367
0.286382 55.312314
0.287459 55.312258
0.288535 55.312199
0.289611 55.312138
0.290687 55.312075
0.291763 55.312010
0.292839 55.311943
0.293915 55.311875
0.294991 55.311807
0.296067 55.311737
0.297144 55.311667
0.298220 55.311597
0.299296 55.311527
0.300372 55.311457
0.301448 55.311388
0.302524 55.311320
0.303600 55.311254
0.304676 55.311188
0.305752 55.311125
0.306829 55.311064
0.307905 55.311005
0.308981 55.310949
0.310057 55.310895
0.311133 55.310844
0.312209 55.310797
0.313285 55.310753
0.314361 55.310713
0.315438 55.310677
0.316514 55.310644
0.317590 55.310616
0.318666 55.310591
0.319742 55.310571
0.320818 55.310556
0.321894 55.310544
0.322970 55.310538
0.324047 55.310535


0.000000 56.393558
0.000761 56.393558
0.001522 56.393558
0.002283 56.393558
0.003044 56.393558
0.003805 56.393558
0.004566 56.393558
0.005326 56.393558
0.006087 56.393558
0.006848 56.393558
0.007609 56.393558
0.008370 56.393558
0.009131 56.393558
0.009892 56.393558
0.010653 56.393558
0.011414 56.393558
0.012175 56.393558
0.012936 56.393558
0.013697 56.393558
0.014458 56.393558
0.015219 56.393558
0.015980 56.393558
0.016740 56.393558
0.017501 56.393558
0.018262 56.393558
0.019023 56.393558
0.019784 56.393558
0.020545 56.393558
0.021306 56.393558
0.022067 56.393558
0.022828 56.393558
0.023589 56.393558
0.024350 56.393558
0.025111 56.393558
0.025872 56.393558
0.026633 56.393558
0.027394 56.393558
0.028154 56.393558
0.028915 56.393558
0.029676 56.393558
0.030437 56.393558
0.031198 56.393558
0.031959 56.393558
0.032720 56.393558
0.033481 56.393558
0.034242 56.393558
0.035003 56.393558
0.035764 56.393558
0.036525 56.393558
0.037286 56.393558

0.037286 56.393558
0.038046 56.393558
0.038808 56.393558
0.039568 56.393558
0.040329 56.393558
0.041090 56.393558
0.041851 56.393558
0.042612 56.393558
0.043373 56.393558
0.044134 56.393558
0.044895 56.393558
0.045656 56.393558
0.046417 56.393558
0.047178 56.393558
0.047939 56.393558
0.048700 56.393558
0.049460 56.393558
0.050221 56.393558
0.050982 56.393558
0.051743 56.393558
0.052504 56.393559
0.053265 56.393559
0.054026 56.393559
0.054787 56.393559
0.055548 56.393559
0.056309 56.393559
0.057070 56.393559
0.057831 56.393559
0.058592 56.393559
0.059353 56.393559
0.060114 56.393559
0.060874 56.393560
0.061635 56.393560
0.062396 56.393560
0.063157 56.393560
0.063918 56.393560
0.064679 56.393560
0.065440 56.393560
0.066201 56.393560
0.066962 56.393560
0.067723 56.393560
0.068484 56.393560
0.069245 56.393560
0.070006 56.393560
0.070767 56.393560
0.071527 56.393560
0.072288 56.393560
0.073049 56.393560
0.073810 56.393560
0.074571 56.393560

0.074571 56.393560
0.075647 56.393560
0.076724 56.393560
0.077800 56.393560
0.078876 56.393560
0.079952 56.393560
0.081028 56.393560
0.082104 56.393560
0.083180 56.393560
0.084256 56.393560
0.085332 56.393560
0.086408 56.393560
0.087485 56.393560
0.088561 56.393560
0.089637 56.393560
0.090713 56.393560
0.091789 56.393559
0.092865 56.393559
0.093941 56.393559
0.095018 56.393559
0.096094 56.393559
0.097170 56.393559
0.098246 56.393559
0.099322 56.393559
0.100398 56.393559
0.101474 56.393559
0.102550 56.393559
0.103626 56.393559
0.104703 56.393559
0.105779 56.393558
0.106855 56.393558
0.107931 56.393558
0.109007 56.393558
0.110083 56.393558
0.111159 56.393558
0.112235 56.393558
0.113311 56.393558
0.114388 56.393558
0.115464 56.393558
0.116540 56.393558
0.117616 56.393558
0.118692 56.393558
0.119768 56.393558
0.120844 56.393558
0.121920 56.393558
0.122997 56.393558
0.124073 56.393558
0.125149 56.393558
0.126225 56.393558
0.127301 56.393558

0.127301 56.393558
0.128718 56.393562
0.130135 56.393575
0.131553 56.393596
0.132970 56.393625
0.134387 56.393663
0.135804 56.393709
0.137222 56.393763
0.138639 56.393824
0.140056 56.393893
0.141473 56.393970
0.142891 56.394052
0.144308 56.394142
0.145725 56.394238
0.147142 56.394339
0.148560 56.394446
0.149977 56.394557
0.151394 56.394673
0.152811 56.394793
0.154228 56.394917
0.155646 56.395043
0.157063 56.395172
0.158480 56.395303
0.159897 56.395435
0.161315 56.395568
0.162732 56.395701
0.164149 56.395834
0.165566 56.395966
0.166984 56.396097
0.168401 56.396226
0.169818 56.396353
0.171235 56.396477
0.172652 56.396597
0.174070 56.396713
0.175487 56.396825
0.176904 56.396932
0.178321 56.397034
0.179739 56.397130
0.181156 56.397220
0.182573 56.397303
0.183990 56.397379
0.185408 56.397449
0.186825 56.397510
0.188242 56.397565
0.189659 56.397611
0.191077 56.397649
0.192494 56.397679
0.193911 56.397700
0.195328 56.397713
0.196745 56.397717

0.196745 56.397717
0.197506 56.397717
0.198267 56.397717
0.199028 56.397717
0.199789 56.397717
0.200550 56.397717
0.201311 56.397717
0.202072 56.397717
0.202833 56.397717
0.203594 56.397717
0.204355 56.397717
0.205116 56.397717
0.205877 56.397717
0.206638 56.397717
0.207399 56.397717
0.208159 56.397717
0.208920 56.397717
0.209681 56.397717
0.210442 56.397717
0.211203 56.397717
0.211964 56.397717
0.212725 56.397717
0.213486 56.397717
0.214247 56.397717
0.215008 56.397717
0.215769 56.397717
0.216530 56.397717
0.217291 56.397717
0.218052 56.397717
0.218812 56.397717
0.219573 56.397717
0.220334 56.397717
0.221095 56.397717
0.221856 56.397717
0.222617 56.397717
0.223378 56.397717
0.224139 56.397717
0.224900 56.397717
0.225661 56.397717
0.226422 56.397717
0.227183 56.397717
0.227944 56.397717
0.228705 56.397717
0.229465 56.397717
0.230226 56.397717
0.230987 56.397717
0.231748 56.397717
0.232509 56.397717
0.233270 56.397717
0.234031 56.397717

0.234031 56.397717
0.234792 56.397717
0.235553 56.397717
0.236314 56.397717
0.237075 56.397717
0.237836 56.397717
0.238597 56.397717
0.239358 56.397717
0.240119 56.397717
0.240879 56.397717
0.241640 56.397717
0.242401 56.397717
0.243162 56.397717
0.243923 56.397717
0.244684 56.397717
0.245445 56.397718
0.246206 56.397718
0.246967 56.397718
0.247728 56.397718
0.248489 56.397718
0.249250 56.397718
0.250011 56.397718
0.250772 56.397718
0.251532 56.397718
0.252293 56.397718
0.253054 56.397718
0.253815 56.397718
0.254576 56.397718
0.255337 56.397718
0.256098 56.397719
0.256859 56.397719
0.257620 56.397719
0.258381 56.397719
0.259142 56.397719
0.259903 56.397719
0.260664 56.397719
0.261425 56.397719
0.262186 56.397719
0.262946 56.397719
0.263707 56.397719
0.264468 56.397719
0.265229 56.397719
0.265990 56.397719
0.266751 56.397719
0.267512 56.397719
0.268273 56.397719
0.269034 56.397719
0.269795 56.397719
0.270556 56.397719
0.271317 56.397719

0.271317 56.397719
0.272393 56.397719
0.273469 56.397719
0.274545 56.397719
0.275621 56.397719
0.276697 56.397719
0.277773 56.397719
0.278849 56.397719
0.279926 56.397719
0.281002 56.397719
0.282078 56.397719
0.283154 56.397719
0.284230 56.397719
0.285306 56.397719
0.286382 56.397719
0.287459 56.397719
0.288535 56.397719
0.289611 56.397719
0.290687 56.397719
0.291763 56.397719
0.292839 56.397719
0.293915 56.397718
0.294991 56.397718
0.296067 56.397718
0.297144 56.397718
0.298220 56.397718
0.299296 56.397718
0.300372 56.397718
0.301448 56.397718
0.302524 56.397718
0.303600 56.397718
0.304676 56.397718
0.305752 56.397718
0.306829 56.397718
0.307905 56.397718
0.308981 56.397717
0.310057 56.397717
0.311133 56.397717
0.312209 56.397717
0.313285 56.397717
0.314361 56.397717
0.315438 56.397717
0.316514 56.397717
0.317590 56.397717
0.318666 56.397717
0.319742 56.397717
0.320818 56.397717
0.321894 56.397717
0.322970 56.397717
0.324047 56.397717


0.000000 56.393558
0.000761 56.393558
0.001522 56.393558
0.002283 56.393558
0.003044 56.393558
0.003805 56.393558
0.004566 56.393558
0.005326 56.393558
0.006087 56.393558
0.006848 56.393558
0.007609 56.393558
0.008370 56.393558
0.009131 56.393558
0.009892 56.393558
0.010653 56.393558
0.011414 56.393558
0.012175 56.393558
0.012936 56.393558
0.013697 56.393558
0.014458 56.393559
0.015219 56.393559
0.015980 56.393559
0.016740 56.393559
0.017501 56.393559
0.018262 56.393559
0.019023 56.393559
0.019784 56.393559
0.020545 56.393559
0.021306 56.393559
0.022067 56.393559
0.022828 56.393560
0.023589 56.393560
0.024350 56.393560
0.025111 56.393560
0.025872 56.393560
0.026633 56.393560
0.027394 56.393560
0.028154 56.393560
0.028915 56.393560
0.029676 56.393560
0.030437 56.393560
0.031198 56.393560
0.031959 56.393560
0.032720 56.393560
0.033481 56.393560
0.034242 56.393561
0.035003 56.393561
0.035764 56.393561
0.036525 56.393561
0.037286 56.393561

0.037286 56.393561
0.038046 56.393561
0.038808 56.393561
0.039568 56.393561
0.040329 56.393561
0.041090 56.393561
0.041851 56.393561
0.042612 56.393561
0.043373 56.393561
0.044134 56.393561
0.044895 56.393561
0.045656 56.393561
0.046417 56.393561
0.047178 56.393561
0.047939 56.393561
0.048700 56.393561
0.049460 56.393561
0.050221 56.393561
0.050982 56.393561
0.051743 56.393561
0.052504 56.393561
0.053265 56.393561
0.054026 56.393561
0.054787 56.393561
0.055548 56.393561
0.056309 56.393561
0.057070 56.393561
0.057831 56.393561
0.058592 56.393561
0.059353 56.393561
0.060114 56.393561
0.060874 56.393561
0.061635 56.393561
0.062396 56.393561
0.063157 56.393561
0.063918 56.393561
0.064679 56.393561
0.065440 56.393561
0.066201 56.393561
0.066962 56.393561
0.067723 56.393561
0.068484 56.393561
0.069245 56.393561
0.070006 56.393561
0.070767 56.393561
0.071527 56.393561
0.072288 56.393561
0.073049 56.393561
0.073810 56.393561
0.074571 56.393561

0.074571 56.393561
0.075647 56.393561
0.076724 56.393561
0.077800 56.393561
0.078876 56.393561
0.079952 56.393561
0.081028 56.393561
0.082104 56.393561
0.083180 56.393561
0.084256 56.393561
0.085332 56.393561
0.086408 56.393561
0.087485 56.393561
0.088561 56.393560
0.089637 56.393560
0.090713 56.393560
0.091789 56.393560
0.092865 56.393560
0.093941 56.393560
0.095018 56.393560
0.096094 56.393560
0.097170 56.393560
0.098246 56.393560
0.099322 56.393559
0.100398 56.393559
0.101474 56.393559
0.102550 56.393559
0.103626 56.393559
0.104703 56.393559
0.105779 56.393559
0.106855 56.393559
0.107931 56.393559
0.109007 56.393558
0.110083 56.393558
0.111159 56.393558
0.112235 56.393558
0.113311 56.393558
0.114388 56.393558
0.115464 56.393558
0.116540 56.393558
0.117616 56.393558
0.118692 56.393558
0.119768 56.393558
0.120844 56.393558
0.121920 56.393558
0.122997 56.393558
0.124073 56.393558
0.125149 56.393558
0.126225 56.393558
0.127301 56.393558

0.127301 56.393558
0.128718 56.393562
0.130135 56.393575
0.131553 56.393596
0.132970 56.393625
0.134387 56.393663
0.135804 56.393709
0.137222 56.393763
0.138639 56.393824
0.140056 56.393893
0.141473 56.393970
0.142891 56.394052
0.144308 56.394142
0.145725 56.394238
0.147142 56.394339
0.148560 56.394446
0.149977 56.394557
0.151394 56.394673
0.152811 56.394793
0.154228 56.394917
0.155646 56.395043
0.157063 56.395172
0.158480 56.395303
0.159897 56.395435
0.161315 56.395568
0.162732 56.395701
0.164149 56.395834
0.165566 56.395966
0.166984 56.396097
0.168401 56.396226
0.169818 56.396353
0.171235 56.396477
0.172652 56.396597
0.174070 56.396713
0.175487 56.396825
0.176904 56.396932
0.178321 56.397034
0.179739 56.397130
0.181156 56.397220
0.182573 56.397303
0.183990 56.397379
0.185408 56.397449
0.186825 56.397510
0.188242 56.397565
0.189659 56.397611
0.191077 56.397649
0.192494 56.397679
0.193911 56.397700
0.195328 56.397713
0.196745 56.397717

0.196745 56.397717
0.197506 56.397717
0.198267 56.397717
0.199028 56.397717
0.199789 56.397717
0.200550 56.397717
0.201311 56.397717
0.202072 56.397717
0.202833 56.397717
0.203594 56.397717
0.204355 56.397717
0.205116 56.397717
0.205877 56.397717
0.206638 56.397717
0.207399 56.397717
0.208159 56.397718
0.208920 56.397718
0.209681 56.397718
0.210442 56.397718
0.211203 56.397718
0.211964 56.397718
0.212725 56.397718
0.213486 56.397718
0.214247 56.397718
0.215008 56.397718
0.215769 56.397718
0.216530 56.397718
0.217291 56.397718
0.218052 56.397718
0.218812 56.397719
0.219573 56.397719
0.220334 56.397719
0.221095 56.397719
0.221856 56.397719
0.222617 56.397719
0.223378 56.397719
0.224139 56.397719
0.224900 56.397719
0.225661 56.397719
0.226422 56.397719
0.227183 56.397719
0.227944 56.397719
0.228705 56.397719
0.229465 56.397719
0.230226 56.397719
0.230987 56.397719
0.231748 56.397719
0.232509 56.397719
0.233270 56.397719
0.234031 56.397719

0.234031 56.397719
0.234792 56.397719
0.235553 56.397719
0.236314 56.397719
0.237075 56.397719
0.237836 56.397719
0.238597 56.397719
0.239358 56.397719
0.240119 56.397719
0.240879 56.397719
0.241640 56.397719
0.242401 56.397719
0.243162 56.397719
0.243923 56.397719
0.244684 56.397719
0.245445 56.397719
0.246206 56.397719
0.246967 56.397719
0.247728 56.397719
0.248489 56.397719
0.249250 56.397719
0.250011 56.397719
0.250772 56.397719
0.251532 56.397719
0.252293 56.397719
0.253054 56.397719
0.253815 56.397719
0.254576 56.397719
0.255337 56.397719
0.256098 56.397719
0.256859 56.397719
0.257620 56.397719
0.258381 56.397719
0.259142 56.397719
0.259903 56.397719
0.260664 56.397719
0.261425 56.397719
0.262186 56.397719
0.262946 56.397719
0.263707 56.397719
0.264468 56.397719
0.265229 56.397719
0.265990 56.397719
0.266751 56.397719
0.267512 56.397719
0.268273 56.397719
0.269034 56.397719
0.269795 56.397719
0.270556 56.397719
0.271317 56.397719

0.271317 56.397719
0.272393 56.397719
0.273469 56.397719
0.274545 56.397719
0.275621 56.397719
0.276697 56.397719
0.277773 56.397719
0.278849 56.397719
0.279926 56.397719
0.281002 56.397719
0.282078 56.397719
0.283154 56.397719
0.284230 56.397719
0.285306 56.397719
0.286382 56.397719
0.287459 56.397719
0.288535 56.397719
0.289611 56.397719
0.290687 56.397719
0.291763 56.397719
0.292839 56.397719
0.293915 56.397718
0.294991 56.397718
0.296067 56.397718
0.297144 56.397718
0.298220 56.397718
0.299296 56.397718
0.300372 56.397718
0.301448 56.397718
0.302524 56.397718
0.303600 56.397718
0.304676 56.397718
0.305752 56.397718
0.306829 56.397718
0.307905 56.397718
0.308981 56.397717
0.310057 56.397717
0.311133 56.397717
0.312209 56.397717
0.313285 56.397717
0.314361 56.397717
0.315438 56.397717
0.316514 56.397717
0.317590 56.397717
0.318666 56.397717
0.319742 56.397717
0.320818 56.397717
0.321894 56.397717
0.322970 56.397717
0.324047 56.397717


0.000000 57.779437
0.000761 57.779436
0.001522 57.779436
0.002283 57.779434
0.003044 57.779432
0.003805 57.779429
0.004566 57.779426
0.005326 57.779423
0.006087 57.779418
0.006848 57.779414
0.007609 57.779409
0.008370 57.779403
0.009131 57.779397
0.009892 57.779390
0.010653 57.779383
0.011414 57.779376
0.012175 57.779369
0.012936 57.779361
0.013697 57.779352
0.014458 57.779344
0.015219 57.779335
0.015980 57.779327
0.016740 57.779318
0.017501 57.779309
0.018262 57.779300
0.019023 57.779291
0.019784 57.779282
0.020545 57.779273
0.021306 57.779264
0.022067 57.779255
0.022828 57.779246
0.023589 57.779238
0.024350 57.779230
0.025111 57.779222
0.025872 57.779214
0.026633 57.779207
0.027394 57.779200
0.028154 57.779193
0.028915 57.779187
0.029676 57.779182
0.030437 57.779177
0.031198 57.779172
0.031959 57.779168
0.032720 57.779164
0.033481 57.779161
0.034242 57.779158
0.035003 57.779156
0.035764 57.779155
0.036525 57.779154
0.037286 57.779154

0.037286 57.779154
0.038046 57.779150
0.038808 57.779139
0.039568 57.779123
0.040329 57.779103
0.041090 57.779079
0.041851 57.779054
0.042612 57.779026
0.043373 57.778998
0.044134 57.778968
0.044895 57.778938
0.045656 57.778908
0.046417 57.778877
0.047178 57.778847
0.047939 57.778816
0.048700 57.778785
0.049460 57.778754
0.050221 57.778724
0.050982 57.778693
0.051743 57.778663
0.052504 57.778634
0.053265 57.778605
0.054026 57.778576
0.054787 57.778548
0.055548 57.778520
0.056309 57.778493
0.057070 57.778467
0.057831 57.778442
0.058592 57.778417
0.059353 57.778393
0.060114 57.778370
0.060874 57.778348
0.061635 57.778327
0.062396 57.778307
0.063157 57.778288
0.063918 57.778270
0.064679 57.778253
0.065440 57.778237
0.066201 57.778222
0.066962 57.778209
0.067723 57.778197
0.068484 57.778186
0.069245 57.778176
0.070006 57.778167
0.070767 57.778160
0.071527 57.778154
0.072288 57.778149
0.073049 57.778146
0.073810 57.778144
0.074571 57.778143

0.074571 57.778143
0.075647 57.778145
0.076724 57.778149
0.077800 57.778155
0.078876 57.778165
0.079952 57.778176
0.081028 57.778191
0.082104 57.778208
0.083180 57.778227
0.084256 57.778248
0.085332 57.778272
0.086408 57.778298
0.087485 57.778326
0.088561 57.778356
0.089637 57.778387
0.090713 57.778420
0.091789 57.778455
0.092865 57.778491
0.093941 57.778529
0.095018 57.778567
0.096094 57.778606
0.097170 57.778646
0.098246 57.778687
0.099322 57.778728
0.100398 57.778770
0.101474 57.778811
0.102550 57.778852
0.103626 57.778894
0.104703 57.778934
0.105779 57.778974
0.106855 57.779014
0.107931 57.779052
0.109007 57.779089
0.110083 57.779125
0.111159 57.779160
0.112235 57.779193
0.113311 57.779225
0.114388 57.779255
0.115464 57.779283
0.116540 57.779308
0.117616 57.779332
0.118692 57.779354
0.119768 57.779373
0.120844 57.779389
0.121920 57.779404
0.122997 57.779416
0.124073 57.779425
0.125149 57.779431
0.126225 57.779435
0.127301 57.779437

0.127301 57.779437
0.128718 57.779432
0.130135 57.779417
0.131553 57.779393
0.132970 57.779359
0.134387 57.779315
0.135804 57.779262
0.137222 57.779200
0.138639 57.779130
0.140056 57.779050
0.141473 57.778963
0.142891 57.778867
0.144308 57.778764
0.145725 57.778654
0.147142 57.778538
0.148560 57.778415
0.149977 57.778286
0.151394 57.778153
0.152811 57.778015
0.154228 57.777873
0.155646 57.777727
0.157063 57.777579
0.158480 57.777429
0.159897 57.777276
0.161315 57.777123
0.162732 57.776970
0.164149 57.776817
0.165566 57.776664
0.166984 57.776514
0.168401 57.776365
0.169818 57.776219
0.171235 57.776077
0.172652 57.775939
0.174070 57.775805
0.175487 57.775676
0.176904 57.775553
0.178321 57.775436
0.179739 57.775325
0.181156 57.775222
0.182573 57.775126
0.183990 57.775038
0.185408 57.774958
0.186825 57.774887
0.188242 57.774825
0.189659 57.774772
0.191077 57.774728
0.192494 57.774694
0.193911 57.774669
0.195328 57.774654
0.196745 57.774649

0.196745 57.774649
0.197506 57.774649
0.198267 57.774648
0.199028 57.774647
0.199789 57.774645
0.200550 57.774642
0.201311 57.774639
0.202072 57.774635
0.202833 57.774631
0.203594 57.774626
0.204355 57.774621
0.205116 57.774615
0.205877 57.774609
0.206638 57.774603
0.207399 57.774596
0.208159 57.774588
0.208920 57.774581
0.209681 57.774573
0.210442 57.774564
0.211203 57.774556
0.211964 57.774547
0.212725 57.774538
0.213486 57.774529
0.214247 57.774520
0.215008 57.774511
0.215769 57.774502
0.216530 57.774493
0.217291 57.774484
0.218052 57.774475
0.218812 57.774466
0.219573 57.774457
0.220334 57.774449
0.221095 57.774441
0.221856 57.774433
0.222617 57.774425
0.223378 57.774418
0.224139 57.774411
0.224900 57.774404
0.225661 57.774398
0.226422 57.774392
0.227183 57.774387
0.227944 57.774382
0.228705 57.774378
0.229465 57.774374
0.230226 57.774371
0.230987 57.774369
0.231748 57.774367
0.232509 57.774365
0.233270 57.774364
0.234031 57.774364

0.234031 57.774364
0.234792 57.774364
0.235553 57.774364
0.236314 57.774364
0.237075 57.774364
0.237836 57.774364
0.238597 57.774364
0.239358 57.774364
0.240119 57.774364
0.240879 57.774364
0.241640 57.774364
0.242401 57.774364
0.243162 57.774364
0.243923 57.774364
0.244684 57.774364
0.245445 57.774364
0.246206 57.774364
0.246967 57.774364
0.247728 57.774364
0.248489 57.774364
0.249250 57.774364
0.250011 57.774364
0.250772 57.774364
0.251532 57.774364
0.252293 57.774364
0.253054 57.774364
0.253815 57.774364
0.254576 57.774364
0.255337 57.774364
0.256098 57.774364
0.256859 57.774364
0.257620 57.774364
0.258381 57.774364
0.259142 57.774364
0.259903 57.774364
0.260664 57.774364
0.261425 57.774364
0.262186 57.774364
0.262946 57.774364
0.263707 57.774364
0.264468 57.774364
0.265229 57.774364
0.265990 57.774364
0.266751 57.774364
0.267512 57.774364
0.268273 57.774364
0.269034 57.774364
0.269795 57.774364
0.270556 57.774364
0.271317 57.774364

0.271317 57.774364
0.272393 57.774364
0.273469 57.774365
0.274545 57.774367
0.275621 57.774369
0.276697 57.774371
0.277773 57.774374
0.278849 57.774378
0.279926 57.774382
0.281002 57.774387
0.282078 57.774392
0.283154 57.774398
0.284230 57.774404
0.285306 57.774411
0.286382 57.774418
0.287459 57.774425
0.288535 57.774433
0.289611 57.774441
0.290687 57.774449
0.291763 57.774457
0.292839 57.774466
0.293915 57.774475
0.294991 57.774484
0.296067 57.774493
0.297144 57.774502
0.298220 57.774511
0.299296 57.774520
0.300372 57.774529
0.301448 57.774538
0.302524 57.774547
0.303600 57.774556
0.304676 57.774564
0.305752 57.774573
0.306829 57.774581
0.307905 57.774588
0.308981 57.774596
0.310057 57.774603
0.311133 57.774609
0.312209 57.774615
0.313285 57.774621
0.314361 57.774626
0.315438 57.774631
0.316514 57.774635
0.317590 57.774639
0.318666 57.774642
0.319742 57.774645
0.320818 57.774647
0.321894 57.774648
0.322970 57.774649
0.324047 57.774649


0.000000 57.779437
0.000761 57.779437
0.001522 57.779437
0.002283 57.779437
0.003044 57.779437
0.003805 57.779437
0.004566 57.779437
0.005326 57.779437
0.006087 57.779437
0.006848 57.779437
0.007609 57.779437
0.008370 57.779437
0.009131 57.779437
0.009892 57.779437
0.010653 57.779437
0.011414 57.779437
0.012175 57.779437
0.012936 57.779437
0.013697 57.779437
0.014458 57.779437
0.015219 57.779437
0.015980 57.779437
0.016740 57.779437
0.017501 57.779437
0.018262 57.779437
0.019023 57.779437
0.019784 57.779437
0.020545 57.779437
0.021306 57.779437
0.022067 57.779437
0.022828 57.779437
0.023589 57.779437
0.024350 57.779437
0.025111 57.779437
0.025872 57.779437
0.026633 57.779437
0.027394 57.779437
0.028154 57.779437
0.028915 57.779437
0.029676 57.779437
0.030437 57.779437
0.031198 57.779437
0.031959 57.779437
0.032720 57.779437
0.033481 57.779437
0.034242 57.779437
0.035003 57.779437
0.035764 57.779437
0.036525 57.779437
0.037286 57.779437

0.037286 57.779437
0.038046 57.779440
0.038808 57.779450
0.039568 57.779464
0.040329 57.779483
0.041090 57.779504
0.041851 57.779526
0.042612 57.779550
0.043373 57.779574
0.044134 57.779599
0.044895 57.779624
0.045656 57.779648
0.046417 57.779673
0.047178 57.779697
0.047939 57.779721
0.048700 57.779745
0.049460 57.779768
0.050221 57.779790
0.050982 57.779812
0.051743 57.779834
0.052504 57.779855
0.053265 57.779875
0.054026 57.779895
0.054787 57.779914
0.055548 57.779932
0.056309 57.779950
0.057070 57.779967
0.057831 57.779984
0.058592 57.779999
0.059353 57.780014
0.060114 57.780029
0.060874 57.780042
0.061635 57.780055
0.062396 57.780067
0.063157 57.780079
0.063918 57.780090
0.064679 57.780100
0.065440 57.780109
0.066201 57.780117
0.066962 57.780125
0.067723 57.780132
0.068484 57.780139
0.069245 57.780144
0.070006 57.780149
0.070767 57.780153
0.071527 57.780156
0.072288 57.780159
0.073049 57.780161
0.073810 57.780162
0.074571 57.780162

0.074571 57.780162
0.075647 57.780162
0.076724 57.780159
0.077800 57.780156
0.078876 57.780151
0.079952 57.780144
0.081028 57.780136
0.082104 57.780127
0.083180 57.780116
0.084256 57.780104
0.085332 57.780090
0.086408 57.780076
0.087485 57.780060
0.088561 57.780044
0.089637 57.780026
0.090713 57.780007
0.091789 57.779988
0.092865 57.779967
0.093941 57.779947
0.095018 57.779925
0.096094 57.779903
0.097170 57.779880
0.098246 57.779858
0.099322 57.779834
0.100398 57.779811
0.101474 57.779788
0.102550 57.779765
0.103626 57.779742
0.104703 57.779719
0.105779 57.779696
0.106855 57.779674
0.107931 57.779653
0.109007 57.779632
0.110083 57.779612
0.111159 57.779592
0.112235 57.779573
0.113311 57.779556
0.114388 57.779539
0.115464 57.779523
0.116540 57.779509
0.117616 57.779495
0.118692 57.779483
0.119768 57.779473
0.120844 57.779463
0.121920 57.779455
0.122997 57.779449
0.124073 57.779443
0.125149 57.779440
0.126225 57.779437
0.127301 57.779437

0.127301 57.779437
0.128718 57.779432
0.130135 57.779417
0.131553 57.779393
0.132970 57.779359
0.134387 57.779315
0.135804 57.779262
0.137222 57.779200
0.138639 57.779130
0.140056 57.779050
0.141473 57.778963
0.142891 57.778867
0.144308 57.778764
0.145725 57.778654
0.147142 57.778538
0.148560 57.778415
0.149977 57.778286
0.151394 57.778153
0.152811 57.778015
0.154228 57.777873
0.155646 57.777727
0.157063 57.777579
0.158480 57.777429
0.159897 57.777276
0.161315 57.777123
0.162732 57.776970
0.164149 57.776817
0.165566 57.776664
0.166984 57.776514
0.168401 57.776365
0.169818 57.776219
0.171235 57.776077
0.172652 57.775939
0.174070 57.775805
0.175487 57.775676
0.176904 57.775553
0.178321 57.775436
0.179739 57.775325
0.181156 57.775222
0.182573 57.775126
0.183990 57.775038
0.185408 57.774958
0.186825 57.774887
0.188242 57.774825
0.189659 57.774772
0.191077 57.774728
0.192494 57.774694
0.193911 57.774669
0.195328 57.774654
0.196745 57.774649

0.196745 57.774649
0.197506 57.774649
0.198267 57.774649
0.199028 57.774649
0.199789 57.774649
0.200550 57.774649
0.201311 57.774649
0.202072 57.774649
0.202833 57.774649
0.203594 57.774649
0.204355 57.774649
0.205116 57.774649
0.205877 57.774649
0.206638 57.774649
0.207399 57.774649
0.208159 57.774649
0.208920 57.774649
0.209681 57.774649
0.210442 57.774649
0.211203 57.774649
0.211964 57.774649
0.212725 57.774649
0.213486 57.774649
0.214247 57.774649
0.215008 57.774649
0.215769 57.774649
0.216530 57.774649
0.217291 57.774649
0.218052 57.774649
0.218812 57.774649
0.219573 57.774649
0.220334 57.774649
0.221095 57.774649
0.221856 57.774649
0.222617 57.774649
0.223378 57.774649
0.224139 57.774649
0.224900 57.774649
0.225661 57.774649
0.226422 57.774649
0.227183 57.774649
0.227944 57.774649
0.228705 57.774649
0.229465 57.774649
0.230226 57.774649
0.230987 57.774649
0.231748 57.774649
0.232509 57.774649
0.233270 57.774649
0.234031 57.774649

0.234031 57.774649
0.234792 57.774649
0.235553 57.774648
0.236314 57.774647
0.237075 57.774645
0.237836 57.774642
0.238597 57.774639
0.239358 57.774635
0.240119 57.774631
0.240879 57.774626
0.241640 57.774621
0.242401 57.774615
0.243162 57.774609
0.243923 57.774603
0.244684 57.774596
0.245445 57.774588
0.246206 57.774581
0.246967 57.774573
0.247728 57.774564
0.248489 57.774556
0.249250 57.774547
0.250011 57.774538
0.250772 57.774529
0.251532 57.774520
0.252293 57.774511
0.253054 57.774502
0.253815 57.774493
0.254576 57.774484
0.255337 57.774475
0.256098 57.774466
0.256859 57.774457
0.257620 57.774449
0.258381 57.774441
0.259142 57.774433
0.259903 57.774425
0.260664 57.774418
0.261425 57.774411
0.262186 57.774404
0.262946 57.774398
0.263707 57.774392
0.264468 57.774387
0.265229 57.774382
0.265990 57.774378
0.266751 57.774374
0.267512 57.774371
0.268273 57.774369
0.269034 57.774367
0.269795 57.774365
0.270556 57.774364
0.271317 57.774364

0.271317 57.774364
0.272393 57.774364
0.273469 57.774365
0.274545 57.774367
0.275621 57.774369
0.276697 57.774371
0.277773 57.774374
0.278849 57.774378
0.279926 57.774382
0.281002 57.774387
0.282078 57.774392
0.283154 57.774398
0.284230 57.774404
0.285306 57.774411
0.286382 57.774418
0.287459 57.774425
0.288535 57.774433
0.289611 57.774441
0.290687 57.774449
0.291763 57.774457
0.292839 57.774466
0.293915 57.774475
0.294991 57.774484
0.296067 57.774493
0.297144 57.774502
0.298220 57.774511
0.299296 57.774520
0.300372 57.774529
0.301448 57.774538
0.302524 57.774547
0.303600 57.774556
0.304676 57.774564
0.305752 57.774573
0.306829 57.774581
0.307905 57.774588
0.308981 57.774596
0.310057 57.774603
0.311133 57.774609
0.312209 57.774615
0.313285 57.774621
0.314361 57.774626
0.315438 57.774631
0.316514 57.774635
0.317590 57.774639
0.318666 57.774642
0.319742 57.774645
0.320818 57.774647
0.321894 57.774648
0.322970 57.774649
0.324047 57.774649


0.000000 58.481037
0.000761 58.481037
0.001522 58.481037
0.002283 58.481037
0.003044 58.481037
0.003805 58.481038
0.004566 58.481038
0.005326 58.481038
0.006087 58.481038
0.006848 58.481038
0.007609 58.481038
0.008370 58.481038
0.009131 58.481038
0.009892 58.481038
0.010653 58.481038
0.011414 58.481038
0.012175 58.481038
0.012936 58.481038
0.013697 58.481038
0.014458 58.481038
0.015219 58.481038
0.015980 58.481038
0.016740 58.481038
0.017501 58.481038
0.018262 58.481038
0.019023 58.481038
0.019784 58.481038
0.020545 58.481038
0.021306 58.481039
0.022067 58.481039
0.022828 58.481039
0.023589 58.481039
0.024350 58.481039
0.025111 58.481039
0.025872 58.481039
0.026633 58.481039
0.027394 58.481039
0.028154 58.481039
0.028915 58.481039
0.029676 58.481039
0.030437 58.481039
0.031198 58.481039
0.031959 58.481039
0.032720 58.481039
0.033481 58.481039
0.034242 58.481039
0.035003 58.481039
0.035764 58.481039
0.036525 58.481039
0.037286 58.481039

0.037286 58.481039
0.038046 58.481039
0.038808 58.481039
0.039568 58.481039
0.040329 58.481039
0.041090 58.481039
0.041851 58.481039
0.042612 58.481039
0.043373 58.481039
0.044134 58.481039
0.044895 58.481039
0.045656 58.481039
0.046417 58.481040
0.047178 58.481040
0.047939 58.481040
0.048700 58.481040
0.049460 58.481040
0.050221 58.481040
0.050982 58.481041
0.051743 58.481041
0.052504 58.481041
0.053265 58.481041
0.054026 58.481041
0.054787 58.481042
0.055548 58.481042
0.056309 58.481042
0.057070 58.481042
0.057831 58.481042
0.058592 58.481043
0.059353 58.481043
0.060114 58.481043
0.060874 58.481043
0.061635 58.481043
0.062396 58.481043
0.063157 58.481044
0.063918 58.481044
0.064679 58.481044
0.065440 58.481044
0.066201 58.481044
0.066962 58.481044
0.067723 58.481045
0.068484 58.481045
0.069245 58.481045
0.070006 58.481045
0.070767 58.481045
0.071527 58.481045
0.072288 58.481045
0.073049 58.481045
0.073810 58.481045
0.074571 58.481045

0.074571 58.481045
0.075647 58.481045
0.076724 58.481045
0.077800 58.481045
0.078876 58.481045
0.079952 58.481045
0.081028 58.481045
0.082104 58.481045
0.083180 58.481045
0.084256 58.481044
0.085332 58.481044
0.086408 58.481044
0.087485 58.481044
0.088561 58.481044
0.089637 58.481044
0.090713 58.481043
0.091789 58.481043
0.092865 58.481043
0.093941 58.481043
0.095018 58.481043
0.096094 58.481042
0.097170 58.481042
0.098246 58.481042
0.099322 58.481042
0.100398 58.481041
0.101474 58.481041
0.102550 58.481041
0.103626 58.481041
0.104703 58.481040
0.105779 58.481040
0.106855 58.481040
0.107931 58.481040
0.109007 58.481039
0.110083 58.481039
0.111159 58.481039
0.112235 58.481039
0.113311 58.481039
0.114388 58.481039
0.115464 58.481038
0.116540 58.481038
0.117616 58.481038
0.118692 58.481038
0.119768 58.481038
0.120844 58.481038
0.121920 58.481038
0.122997 58.481038
0.124073 58.481038
0.125149 58.481037
0.126225 58.481037
0.127301 58.481037

0.127301 58.481037
0.128718 58.481046
0.130135 58.481070
0.131553 58.481111
0.132970 58.481168
0.134387 58.481240
0.135804 58.481328
0.137222 58.481432
0.138639 58.481550
0.140056 58.481682
0.141473 58.481828
0.142891 58.481988
0.144308 58.482159
0.145725 58.482343
0.147142 58.482537
0.148560 58.482742
0.149977 58.482956
0.151394 58.483179
0.152811 58.483410
0.154228 58.483647
0.155646 58.483890
0.157063 58.484137
0.158480 58.484388
0.159897 58.484642
0.161315 58.484898
0.162732 58.485154
0.164149 58.485410
0.165566 58.485664
0.166984 58.485916
0.168401 58.486164
0.169818 58.486407
0.171235 58.486645
0.172652 58.486876
0.174070 58.487099
0.175487 58.487315
0.176904 58.487520
0.178321 58.487716
0.179739 58.487900
0.181156 58.488073
0.182573 58.488233
0.183990 58.488380
0.185408 58.488514
0.186825 58.488632
0.188242 58.488737
0.189659 58.488825
0.191077 58.488899
0.192494 58.488956
0.193911 58.488997
0.195328 58.489022
0.196745 58.489030

0.196745 58.489030
0.197506 58.489030
0.198267 58.489030
0.199028 58.489030
0.199789 58.489030
0.200550 58.489030
0.201311 58.489030
0.202072 58.489030
0.202833 58.489030
0.203594 58.489030
0.204355 58.489030
0.205116 58.489030
0.205877 58.489030
0.206638 58.489030
0.207399 58.489030
0.208159 58.489030
0.208920 58.489030
0.209681 58.489030
0.210442 58.489030
0.211203 58.489030
0.211964 58.489030
0.212725 58.489030
0.213486 58.489030
0.214247 58.489030
0.215008 58.489030
0.215769 58.489030
0.216530 58.489030
0.217291 58.489030
0.218052 58.489030
0.218812 58.489030
0.219573 58.489030
0.220334 58.489030
0.221095 58.489030
0.221856 58.489030
0.222617 58.489030
0.223378 58.489030
0.224139 58.489030
0.224900 58.489030
0.225661 58.489030
0.226422 58.489030
0.227183 58.489030
0.227944 58.489030
0.228705 58.489030
0.229465 58.489030
0.230226 58.489030
0.230987 58.489030
0.231748 58.489030
0.232509 58.489030
0.233270 58.489030
0.234031 58.489030

0.234031 58.489030
0.234792 58.489030
0.235553 58.489030
0.236314 58.489030
0.237075 58.489030
0.237836 58.489030
0.238597 58.489030
0.239358 58.489030
0.240119 58.489030
0.240879 58.489030
0.241640 58.489030
0.242401 58.489031
0.243162 58.489031
0.243923 58.489031
0.244684 58.489031
0.245445 58.489031
0.246206 58.489031
0.246967 58.489032
0.247728 58.489032
0.248489 58.489032
0.249250 58.489032
0.250011 58.489032
0.250772 58.489033
0.251532 58.489033
0.252293 58.489033
0.253054 58.489033
0.253815 58.489034
0.254576 58.489034
0.255337 58.489034
0.256098 58.489034
0.256859 58.489034
0.257620 58.489035
0.258381 58.489035
0.259142 58.489035
0.259903 58.489035
0.260664 58.489035
0.261425 58.489035
0.262186 58.489036
0.262946 58.489036
0.263707 58.489036
0.264468 58.489036
0.265229 58.489036
0.265990 58.489036
0.266751 58.489036
0.267512 58.489036
0.268273 58.489036
0.269034 58.489037
0.269795 58.489037
0.270556 58.489037
0.271317 58.489037

0.271317 58.489037
0.272393 58.489037
0.273469 58.489037
0.274545 58.489037
0.275621 58.489036
0.276697 58.489036
0.277773 58.489036
0.278849 58.489036
0.279926 58.489036
0.281002 58.489036
0.282078 58.489036
0.283154 58.489036
0.284230 58.489036
0.285306 58.489035
0.286382 58.489035
0.287459 58.489035
0.288535 58.489035
0.289611 58.489035
0.290687 58.489035
0.291763 58.489034
0.292839 58.489034
0.293915 58.489034
0.294991 58.489034
0.296067 58.489034
0.297144 58.489033
0.298220 58.489033
0.299296 58.489033
0.300372 58.489033
0.301448 58.489032
0.302524 58.489032
0.303600 58.489032
0.304676 58.489032
0.305752 58.489032
0.306829 58.489031
0.307905 58.489031
0.308981 58.489031
0.310057 58.489031
0.311133 58.489031
0.312209 58.489031
0.313285 58.489030
0.314361 58.489030
0.315438 58.489030
0.316514 58.489030
0.317590 58.489030
0.318666 58.489030
0.319742 58.489030
0.320818 58.489030
0.321894 58.489030
0.322970 58.489030
0.324047 58.489030


0.000000 58.481040
0.000761 58.481040
0.001522 58.481040
0.002283 58.481040
0.003044 58.481040
0.003805 58.481040
0.004566 58.481040
0.005326 58.481040
0.006087 58.481040
0.006848 58.481040
0.007609 58.481040
0.008370 58.481040
0.009131 58.481040
0.009892 58.481040
0.010653 58.481040
0.011414 58.481041
0.012175 58.481041
0.012936 58.481041
0.013697 58.481041
0.014458 58.481041
0.015219 58.481041
0.015980 58.481041
0.016740 58.481042
0.017501 58.481042
0.018262 58.481042
0.019023 58.481042
0.019784 58.481042
0.020545 58.481043
0.021306 58.481043
0.022067 58.481043
0.022828 58.481043
0.023589 58.481043
0.024350 58.481043
0.025111 58.481044
0.025872 58.481044
0.026633 58.481044
0.027394 58.481044
0.028154 58.481044
0.028915 58.481044
0.029676 58.481044
0.030437 58.481045
0.031198 58.481045
0.031959 58.481045
0.032720 58.481045
0.033481 58.481045
0.034242 58.481045
0.035003 58.481045
0.035764 58.481045
0.036525 58.481045
0.037286 58.481045

0.037286 58.481045
0.038046 58.481045
0.038808 58.481045
0.039568 58.481045
0.040329 58.481045
0.041090 58.481045
0.041851 58.481045
0.042612 58.481045
0.043373 58.481045
0.044134 58.481045
0.044895 58.481045
0.045656 58.481045
0.046417 58.481045
0.047178 58.481045
0.047939 58.481045
0.048700 58.481045
0.049460 58.481045
0.050221 58.481045
0.050982 58.481045
0.051743 58.481045
0.052504 58.481045
0.053265 58.481045
0.054026 58.481045
0.054787 58.481045
0.055548 58.481045
0.056309 58.481045
0.057070 58.481045
0.057831 58.481045
0.058592 58.481045
0.059353 58.481045
0.060114 58.481045
0.060874 58.481045
0.061635 58.481045
0.062396 58.481045
0.063157 58.481045
0.063918 58.481045
0.064679 58.481045
0.065440 58.481045
0.066201 58.481045
0.066962 58.481045
0.067723 58.481045
0.068484 58.481045
0.069245 58.481045
0.070006 58.481045
0.070767 58.481045
0.071527 58.481045
0.072288 58.481045
0.073049 58.481045
0.073810 58.481045
0.074571 58.481045

0.074571 58.481045
0.075647 58.481045
0.076724 58.481045
0.077800 58.481045
0.078876 58.481045
0.079952 58.481045
0.081028 58.481045
0.082104 58.481045
0.083180 58.481045
0.084256 58.481045
0.085332 58.481045
0.086408 58.481044
0.087485 58.481044
0.088561 58.481044
0.089637 58.481044
0.090713 58.481044
0.091789 58.481044
0.092865 58.481044
0.093941 58.481043
0.095018 58.481043
0.096094 58.481043
0.097170 58.481043
0.098246 58.481043
0.099322 58.481043
0.100398 58.481043
0.101474 58.481042
0.102550 58.481042
0.103626 58.481042
0.104703 58.481042
0.105779 58.481042
0.106855 58.481042
0.107931 58.481041
0.109007 58.481041
0.110083 58.481041
0.111159 58.481041
0.112235 58.481041
0.113311 58.481041
0.114388 58.481041
0.115464 58.481040
0.116540 58.481040
0.117616 58.481040
0.118692 58.481040
0.119768 58.481040
0.120844 58.481040
0.121920 58.481040
0.122997 58.481040
0.124073 58.481040
0.125149 58.481040
0.126225 58.481040
0.127301 58.481040

0.127301 58.481040
0.128718 58.481048
0.130135 58.481073
0.131553 58.481113
0.132970 58.481170
0.134387 58.481243
0.135804 58.481331
0.137222 58.481434
0.138639 58.481552
0.140056 58.481685
0.141473 58.481831
0.142891 58.481990
0.144308 58.482161
0.145725 58.482345
0.147142 58.482540
0.148560 58.482744
0.149977 58.482958
0.151394 58.483181
0.152811 58.483412
0.154228 58.483649
0.155646 58.483891
0.157063 58.484139
0.158480 58.484390
0.159897 58.484644
0.161315 58.484899
0.162732 58.485156
0.164149 58.485411
0.165566 58.485665
0.166984 58.485917
0.168401 58.486165
0.169818 58.486408
0.171235 58.486646
0.172652 58.486877
0.174070 58.487101
0.175487 58.487316
0.176904 58.487521
0.178321 58.487717
0.179739 58.487901
0.181156 58.488074
0.182573 58.488234
0.183990 58.488381
0.185408 58.488514
0.186825 58.488633
0.188242 58.488737
0.189659 58.488826
0.191077 58.488899
0.192494 58.488956
0.193911 58.488997
0.195328 58.489022
0.196745 58.489030

0.196745 58.489030
0.197506 58.489030
0.198267 58.489030
0.199028 58.489030
0.199789 58.489030
0.200550 58.489030
0.201311 58.489030
0.202072 58.489030
0.202833 58.489030
0.203594 58.489030
0.204355 58.489030
0.205116 58.489031
0.205877 58.489031
0.206638 58.489031
0.207399 58.489031
0.208159 58.489031
0.208920 58.489031
0.209681 58.489032
0.210442 58.489032
0.211203 58.489032
0.211964 58.489032
0.212725 58.489032
0.213486 58.489033
0.214247 58.489033
0.215008 58.489033
0.215769 58.489033
0.216530 58.489034
0.217291 58.489034
0.218052 58.489034
0.218812 58.489034
0.219573 58.489034
0.220334 58.489035
0.221095 58.489035
0.221856 58.489035
0.222617 58.489035
0.223378 58.489035
0.224139 58.489035
0.224900 58.489036
0.225661 58.489036
0.226422 58.489036
0.227183 58.489036
0.227944 58.489036
0.228705 58.489036
0.229465 58.489036
0.230226 58.489036
0.230987 58.489036
0.231748 58.489037
0.232509 58.489037
0.233270 58.489037
0.234031 58.489037

0.234031 58.489037
0.234792 58.489037
0.235553 58.489037
0.236314 58.489037
0.237075 58.489037
0.237836 58.489037
0.238597 58.489037
0.239358 58.489037
0.240119 58.489037
0.240879 58.489037
0.241640 58.489037
0.242401 58.489037
0.243162 58.489037
0.243923 58.489037
0.244684 58.489037
0.245445 58.489037
0.246206 58.489037
0.246967 58.489037
0.247728 58.489037
0.248489 58.489037
0.249250 58.489037
0.250011 58.489037
0.250772 58.489037
0.251532 58.489037
0.252293 58.489037
0.253054 58.489037
0.253815 58.489037
0.254576 58.489037
0.255337 58.489037
0.256098 58.489037
0.256859 58.489037
0.257620 58.489037
0.258381 58.489037
0.259142 58.489037
0.259903 58.489037
0.260664 58.489037
0.261425 58.489037
0.262186 58.489037
0.262946 58.489037
0.263707 58.489037
0.264468 58.489037
0.265229 58.489037
0.265990 58.489037
0.266751 58.489037
0.267512 58.489037
0.268273 58.489037
0.269034 58.489037
0.269795 58.489037
0.270556 58.489037
0.271317 58.489037

0.271317 58.489037
0.272393 58.489037
0.273469 58.489037
0.274545 58.489037
0.275621 58.489036
0.276697 58.489036
0.277773 58.489036
0.278849 58.489036
0.279926 58.489036
0.281002 58.489036
0.282078 58.489036
0.283154 58.489036
0.284230 58.489036
0.285306 58.489035
0.286382 58.489035
0.287459 58.489035
0.288535 58.489035
0.289611 58.489035
0.290687 58.489035
0.291763 58.489034
0.292839 58.489034
0.293915 58.489034
0.294991 58.489034
0.296067 58.489034
0.297144 58.489033
0.298220 58.489033
0.299296 58.489033
0.300372 58.489033
0.301448 58.489032
0.302524 58.489032
0.303600 58.489032
0.304676 58.489032
0.305752 58.489032
0.306829 58.489031
0.307905 58.489031
0.308981 58.489031
0.310057 58.489031
0.311133 58.489031
0.312209 58.489031
0.313285 58.489030
0.314361 58.489030
0.315438 58.489030
0.316514 58.489030
0.317590 58.489030
0.318666 58.489030
0.319742 58.489030
0.320818 58.489030
0.321894 58.489030
0.322970 58.489030
0.324047 58.489030


0.000000 60.548311
0.000761 60.548311
0.001522 60.548311
0.002283 60.548312
0.003044 60.548312
0.003805 60.548313
0.004566 60.548313
0.005326 60.548314
0.006087 60.548315
0.006848 60.548316
0.007609 60.548317
0.008370 60.548319
0.009131 60.548320
0.009892 60.548322
0.010653 60.548323
0.011414 60.548325
0.012175 60.548327
0.012936 60.548329
0.013697 60.548331
0.014458 60.548333
0.015219 60.548336
0.015980 60.548338
0.016740 60.548341
0.017501 60.548343
0.018262 60.548346
0.019023 60.548349
0.019784 60.548352
0.020545 60.548355
0.021306 60.548358
0.022067 60.548361
0.022828 60.548364
0.023589 60.548367
0.024350 60.548370
0.025111 60.548374
0.025872 60.548377
0.026633 60.548380
0.027394 60.548384
0.028154 60.548387
0.028915 60.548391
0.029676 60.548394
0.030437 60.548398
0.031198 60.548402
0.031959 60.548405
0.032720 60.548409
0.033481 60.548412
0.034242 60.548416
0.035003 60.548419
0.035764 60.548423
0.036525 60.548425
0.037286 60.548427

0.037286 60.548427
0.038046 60.548427
0.038808 60.548427
0.039568 60.548427
0.040329 60.548427
0.041090 60.548427
0.041851 60.548427
0.042612 60.548427
0.043373 60.548427
0.044134 60.548427
0.044895 60.548428
0.045656 60.548428
0.046417 60.548428
0.047178 60.548428
0.047939 60.548428
0.048700 60.548429
0.049460 60.548429
0.050221 60.548429
0.050982 60.548430
0.051743 60.548430
0.052504 60.548430
0.053265 60.548431
0.054026 60.548431
0.054787 60.548431
0.055548 60.548432
0.056309 60.548432
0.057070 60.548432
0.057831 60.548432
0.058592 60.548433
0.059353 60.548433
0.060114 60.548433
0.060874 60.548434
0.061635 60.548434
0.062396 60.548434
0.063157 60.548435
0.063918 60.548435
0.064679 60.548435
0.065440 60.548435
0.066201 60.548436
0.066962 60.548436
0.067723 60.548436
0.068484 60.548436
0.069245 60.548436
0.070006 60.548436
0.070767 60.548437
0.071527 60.548437
0.072288 60.548437
0.073049 60.548437
0.073810 60.548437
0.074571 60.548437

0.074571 60.548437
0.075647 60.548437
0.076724 60.548436
0.077800 60.548436
0.078876 60.548435
0.079952 60.548434
0.081028 60.548432
0.082104 60.548431
0.083180 60.548429
0.084256 60.548427
0.085332 60.548424
0.086408 60.548422
0.087485 60.548419
0.088561 60.548416
0.089637 60.548413
0.090713 60.548410
0.091789 60.548407
0.092865 60.548403
0.093941 60.548399
0.095018 60.548396
0.096094 60.548392
0.097170 60.548388
0.098246 60.548384
0.099322 60.548380
0.100398 60.548376
0.101474 60.548372
0.102550 60.548368
0.103626 60.548364
0.104703 60.548360
0.105779 60.548356
0.106855 60.548352
0.107931 60.548348
0.109007 60.548345
0.110083 60.548341
0.111159 60.548338
0.112235 60.548335
0.113311 60.548332
0.114388 60.548329
0.115464 60.548326
0.116540 60.548324
0.117616 60.548321
0.118692 60.548319
0.119768 60.548317
0.120844 60.548316
0.121920 60.548314
0.122997 60.548313
0.124073 60.548312
0.125149 60.548312
0.126225 60.548311
0.127301 60.548311

0.127301 60.548311
0.128718 60.548303
0.130135 60.548280
0.131553 60.548242
0.132970 60.548188
0.134387 60.548119
0.135804 60.548036
0.137222 60.547939
0.138639 60.547827
0.140056 60.547702
0.141473 60.547564
0.142891 60.547414
0.144308 60.547252
0.145725 60.547078
0.147142 60.546895
0.148560 60.546701
0.149977 60.546499
0.151394 60.546289
0.152811 60.546072
0.154228 60.545848
0.155646 60.545619
0.157063 60.545386
0.158480 60.545149
0.159897 60.544910
0.161315 60.544669
0.162732 60.544428
0.164149 60.544187
0.165566 60.543948
0.166984 60.543711
0.168401 60.543478
0.169818 60.543249
0.171235 60.543026
0.172652 60.542809
0.174070 60.542599
0.175487 60.542398
0.176904 60.542205
0.178321 60.542023
0.179739 60.541850
0.181156 60.541689
0.182573 60.541540
0.183990 60.541404
0.185408 60.541281
0.186825 60.541171
0.188242 60.541076
0.189659 60.540995
0.191077 60.540929
0.192494 60.540878
0.193911 60.540843
0.195328 60.540823
0.196745 60.540819

0.196745 60.540819
0.197506 60.540819
0.198267 60.540819
0.199028 60.540819
0.199789 60.540819
0.200550 60.540819
0.201311 60.540819
0.202072 60.540819
0.202833 60.540819
0.203594 60.540819
0.204355 60.540819
0.205116 60.540819
0.205877 60.540819
0.206638 60.540819
0.207399 60.540819
0.208159 60.540819
0.208920 60.540819
0.209681 60.540819
0.210442 60.540819
0.211203 60.540819
0.211964 60.540819
0.212725 60.540819
0.213486 60.540819
0.214247 60.540819
0.215008 60.540819
0.215769 60.540819
0.216530 60.540819
0.217291 60.540819
0.218052 60.540819
0.218812 60.540819
0.219573 60.540819
0.220334 60.540819
0.221095 60.540819
0.221856 60.540819
0.222617 60.540819
0.223378 60.540819
0.224139 60.540819
0.224900 60.540819
0.225661 60.540819
0.226422 60.540819
0.227183 60.540819
0.227944 60.540819
0.228705 60.540819
0.229465 60.540819
0.230226 60.540819
0.230987 60.540819
0.231748 60.540819
0.232509 60.540819
0.233270 60.540819
0.234031 60.540819

0.234031 60.540819
0.234792 60.540819
0.235553 60.540819
0.236314 60.540819
0.237075 60.540819
0.237836 60.540819
0.238597 60.540819
0.239358 60.540819
0.240119 60.540820
0.240879 60.540820
0.241640 60.540820
0.242401 60.540820
0.243162 60.540820
0.243923 60.540820
0.244684 60.540821
0.245445 60.540821
0.246206 60.540821
0.246967 60.540821
0.247728 60.540822
0.248489 60.540822
0.249250 60.540822
0.250011 60.540823
0.250772 60.540823
0.251532 60.540823
0.252293 60.540823
0.253054 60.540824
0.253815 60.540824
0.254576 60.540824
0.255337 60.540825
0.256098 60.540825
0.256859 60.540825
0.257620 60.540825
0.258381 60.540826
0.259142 60.540826
0.259903 60.540826
0.260664 60.540826
0.261425 60.540827
0.262186 60.540827
0.262946 60.540827
0.263707 60.540827
0.264468 60.540827
0.265229 60.540828
0.265990 60.540828
0.266751 60.540828
0.267512 60.540828
0.268273 60.540828
0.269034 60.540828
0.269795 60.540828
0.270556 60.540828
0.271317 60.540828

0.271317 60.540828
0.272393 60.540828
0.273469 60.540828
0.274545 60.540828
0.275621 60.540828
0.276697 60.540828
0.277773 60.540828
0.278849 60.540828
0.279926 60.540828
0.281002 60.540827
0.282078 60.540827
0.283154 60.540827
0.284230 60.540827
0.285306 60.540827
0.286382 60.540826
0.287459 60.540826
0.288535 60.540826
0.289611 60.540826
0.290687 60.540825
0.291763 60.540825
0.292839 60.540825
0.293915 60.540825
0.294991 60.540824
0.296067 60.540824
0.297144 60.540824
0.298220 60.540823
0.299296 60.540823
0.300372 60.540823
0.301448 60.540823
0.302524 60.540822
0.303600 60.540822
0.304676 60.540822
0.305752 60.540821
0.306829 60.540821
0.307905 60.540821
0.308981 60.540821
0.310057 60.540820
0.311133 60.540820
0.312209 60.540820
0.313285 60.540820
0.314361 60.540820
0.315438 60.540820
0.316514 60.540819
0.317590 60.540819
0.318666 60.540819
0.319742 60.540819
0.320818 60.540819
0.321894 60.540819
0.322970 60.540819
0.324047 60.540819


0.000000 60.548542
0.000761 60.548542
0.001522 60.548542
0.002283 60.548542
0.003044 60.548541
0.003805 60.548541
0.004566 60.548540
0.005326 60.548539
0.006087 60.548539
0.006848 60.548538
0.007609 60.548537
0.008370 60.548536
0.009131 60.548534
0.009892 60.548533
0.010653 60.548532
0.011414 60.548530
0.012175 60.548528
0.012936 60.548527
0.013697 60.548525
0.014458 60.548523
0.015219 60.548521
0.015980 60.548519
0.016740 60.548517
0.017501 60.548514
0.018262 60.548512
0.019023 60.548510
0.019784 60.548507
0.020545 60.548504
0.021306 60.548502
0.022067 60.548499
0.022828 60.548496
0.023589 60.548493
0.024350 60.548490
0.025111 60.548487
0.025872 60.548484
0.026633 60.548481
0.027394 60.548478
0.028154 60.548475
0.028915 60.548471
0.029676 60.548468
0.030437 60.548464
0.031198 60.548461
0.031959 60.548458
0.032720 60.548454
0.033481 60.548451
0.034242 60.548447
0.035003 60.548444
0.035764 60.548441
0.036525 60.548438
0.037286 60.548437

0.037286 60.548437
0.038046 60.548437
0.038808 60.548437
0.039568 60.548437
0.040329 60.548437
0.041090 60.548437
0.041851 60.548437
0.042612 60.548437
0.043373 60.548437
0.044134 60.548437
0.044895 60.548437
0.045656 60.548437
0.046417 60.548437
0.047178 60.548437
0.047939 60.548437
0.048700 60.548437
0.049460 60.548437
0.050221 60.548437
0.050982 60.548437
0.051743 60.548437
0.052504 60.548437
0.053265 60.548437
0.054026 60.548437
0.054787 60.548437
0.055548 60.548437
0.056309 60.548437
0.057070 60.548437
0.057831 60.548437
0.058592 60.548437
0.059353 60.548437
0.060114 60.548437
0.060874 60.548437
0.061635 60.548437
0.062396 60.548437
0.063157 60.548437
0.063918 60.548437
0.064679 60.548437
0.065440 60.548437
0.066201 60.548437
0.066962 60.548437
0.067723 60.548437
0.068484 60.548437
0.069245 60.548437
0.070006 60.548437
0.070767 60.548437
0.071527 60.548437
0.072288 60.548437
0.073049 60.548437
0.073810 60.548437
0.074571 60.548437

0.074571 60.548437
0.075647 60.548437
0.076724 60.548437
0.077800 60.548438
0.078876 60.548439
0.079952 60.548439
0.081028 60.548441
0.082104 60.548442
0.083180 60.548444
0.084256 60.548445
0.085332 60.548447
0.086408 60.548449
0.087485 60.548452
0.088561 60.548454
0.089637 60.548457
0.090713 60.548459
0.091789 60.548462
0.092865 60.548465
0.093941 60.548468
0.095018 60.548471
0.096094 60.548474
0.097170 60.548478
0.098246 60.548481
0.099322 60.548484
0.100398 60.548488
0.101474 60.548491
0.102550 60.548494
0.103626 60.548498
0.104703 60.548501
0.105779 60.548504
0.106855 60.548508
0.107931 60.548511
0.109007 60.548514
0.110083 60.548517
0.111159 60.548519
0.112235 60.548522
0.113311 60.548525
0.114388 60.548527
0.115464 60.548529
0.116540 60.548532
0.117616 60.548533
0.118692 60.548535
0.119768 60.548537
0.120844 60.548538
0.121920 60.548539
0.122997 60.548540
0.124073 60.548541
0.125149 60.548542
0.126225 60.548542
0.127301 60.548542

0.127301 60.548542
0.128718 60.548534
0.130135 60.548511
0.131553 60.548472
0.132970 60.548417
0.134387 60.548347
0.135804 60.548263
0.137222 60.548164
0.138639 60.548051
0.140056 60.547924
0.141473 60.547783
0.142891 60.547631
0.144308 60.547466
0.145725 60.547290
0.147142 60.547103
0.148560 60.546906
0.149977 60.546701
0.151394 60.546487
0.152811 60.546266
0.154228 60.546038
0.155646 60.545805
0.157063 60.545567
0.158480 60.545325
0.159897 60.545081
0.161315 60.544835
0.162732 60.544589
0.164149 60.544343
0.165566 60.544098
0.166984 60.543856
0.168401 60.543617
0.169818 60.543382
0.171235 60.543153
0.172652 60.542929
0.174070 60.542713
0.175487 60.542505
0.176904 60.542306
0.178321 60.542117
0.179739 60.541937
0.181156 60.541770
0.182573 60.541614
0.183990 60.541470
0.185408 60.541340
0.186825 60.541223
0.188242 60.541120
0.189659 60.541032
0.191077 60.540959
0.192494 60.540900
0.193911 60.540858
0.195328 60.540830
0.196745 60.540819

0.196745 60.540819
0.197506 60.540819
0.198267 60.540819
0.199028 60.540819
0.199789 60.540819
0.200550 60.540819
0.201311 60.540819
0.202072 60.540819
0.202833 60.540820
0.203594 60.540820
0.204355 60.540820
0.205116 60.540820
0.205877 60.540820
0.206638 60.540820
0.207399 60.540821
0.208159 60.540821
0.208920 60.540821
0.209681 60.540821
0.210442 60.540822
0.211203 60.540822
0.211964 60.540822
0.212725 60.540823
0.213486 60.540823
0.214247 60.540823
0.215008 60.540823
0.215769 60.540824
0.216530 60.540824
0.217291 60.540824
0.218052 60.540825
0.218812 60.540825
0.219573 60.540825
0.220334 60.540825
0.221095 60.540826
0.221856 60.540826
0.222617 60.540826
0.223378 60.540826
0.224139 60.540827
0.224900 60.540827
0.225661 60.540827
0.226422 60.540827
0.227183 60.540827
0.227944 60.540828
0.228705 60.540828
0.229465 60.540828
0.230226 60.540828
0.230987 60.540828
0.231748 60.540828
0.232509 60.540828
0.233270 60.540828
0.234031 60.540828

0.234031 60.540828
0.234792 60.540828
0.235553 60.540828
0.236314 60.540828
0.237075 60.540828
0.237836 60.540828
0.238597 60.540828
0.239358 60.540828
0.240119 60.540828
0.240879 60.540828
0.241640 60.540828
0.242401 60.540828
0.243162 60.540828
0.243923 60.540828
0.244684 60.540828
0.245445 60.540828
0.246206 60.540828
0.246967 60.540828
0.247728 60.540828
0.248489 60.540828
0.249250 60.540828
0.250011 60.540828
0.250772 60.540828
0.251532 60.540828
0.252293 60.540828
0.253054 60.540828
0.253815 60.540828
0.254576 60.540828
0.255337 60.540828
0.256098 60.540828
0.256859 60.540828
0.257620 60.540828
0.258381 60.540828
0.259142 60.540828
0.259903 60.540828
0.260664 60.540828
0.261425 60.540828
0.262186 60.540828
0.262946 60.540828
0.263707 60.540828
0.264468 60.540828
0.265229 60.540828
0.265990 60.540828
0.266751 60.540828
0.267512 60.540828
0.268273 60.540828
0.269034 60.540828
0.269795 60.540828
0.270556 60.540828
0.271317 60.540828

0.271317 60.540828
0.272393 60.540828
0.273469 60.540828
0.274545 60.540828
0.275621 60.540828
0.276697 60.540828
0.277773 60.540828
0.278849 60.540828
0.279926 60.540828
0.281002 60.540827
0.282078 60.540827
0.283154 60.540827
0.284230 60.540827
0.285306 60.540827
0.286382 60.540826
0.287459 60.540826
0.288535 60.540826
0.289611 60.540826
0.290687 60.540825
0.291763 60.540825
0.292839 60.540825
0.293915 60.540825
0.294991 60.540824
0.296067 60.540824
0.297144 60.540824
0.298220 60.540823
0.299296 60.540823
0.300372 60.540823
0.301448 60.540823
0.302524 60.540822
0.303600 60.540822
0.304676 60.540822
0.305752 60.540821
0.306829 60.540821
0.307905 60.540821
0.308981 60.540821
0.310057 60.540820
0.311133 60.540820
0.312209 60.540820
0.313285 60.540820
0.314361 60.540820
0.315438 60.540820
0.316514 60.540819
0.317590 60.540819
0.318666 60.540819
0.319742 60.540819
0.320818 60.540819
0.321894 60.540819
0.322970 60.540819
0.324047 60.540819


0.000000 89.824989
0.000761 89.824989
0.001522 89.824989
0.002283 89.824989
0.003044 89.824989
0.003805 89.824989
0.004566 89.824989
0.005326 89.824989
0.006087 89.824989
0.006848 89.824989
0.007609 89.824988
0.008370 89.824988
0.009131 89.824988
0.009892 89.824988
0.010653 89.824988
0.011414 89.824988
0.012175 89.824988
0.012936 89.824988
0.013697 89.824988
0.014458 89.824988
0.015219 89.824988
0.015980 89.824988
0.016740 89.824988
0.017501 89.824988
0.018262 89.824988
0.019023 89.824988
0.019784 89.824988
0.020545 89.824988
0.021306 89.824988
0.022067 89.824988
0.022828 89.824988
0.023589 89.824988
0.024350 89.824988
0.025111 89.824988
0.025872 89.824988
0.026633 89.824988
0.027394 89.824988
0.028154 89.824988
0.028915 89.824988
0.029676 89.824987
0.030437 89.824987
0.031198 89.824987
0.031959 89.824987
0.032720 89.824987
0.033481 89.824987
0.034242 89.824987
0.035003 89.824987
0.035764 89.824987
0.036525 89.824987
0.037286 89.824987

0.037286 89.824987
0.038046 89.824987
0.038808 89.824986
0.039568 89.824986
0.040329 89.824985
0.041090 89.824984
0.041851 89.824984
0.042612 89.824983
0.043373 89.824982
0.044134 89.824982
0.044895 89.824981
0.045656 89.824980
0.046417 89.824980
0.047178 89.824979
0.047939 89.824979
0.048700 89.824978
0.049460 89.824977
0.050221 89.824977
0.050982 89.824976
0.051743 89.824975
0.052504 89.824975
0.053265 89.824974
0.054026 89.824974
0.054787 89.824973
0.055548 89.824973
0.056309 89.824972
0.057070 89.824972
0.057831 89.824971
0.058592 89.824971
0.059353 89.824970
0.060114 89.824970
0.060874 89.824970
0.061635 89.824969
0.062396 89.824969
0.063157 89.824968
0.063918 89.824968
0.064679 89.824968
0.065440 89.824968
0.066201 89.824967
0.066962 89.824967
0.067723 89.824967
0.068484 89.824967
0.069245 89.824966
0.070006 89.824966
0.070767 89.824966
0.071527 89.824966
0.072288 89.824966
0.073049 89.824966
0.073810 89.824966
0.074571 89.824966

0.074571 89.824966
0.075647 89.824966
0.076724 89.824966
0.077800 89.824966
0.078876 89.824966
0.079952 89.824966
0.081028 89.824967
0.082104 89.824967
0.083180 89.824967
0.084256 89.824968
0.085332 89.824968
0.086408 89.824969
0.087485 89.824969
0.088561 89.824970
0.089637 89.824970
0.090713 89.824971
0.091789 89.824971
0.092865 89.824972
0.093941 89.824973
0.095018 89.824973
0.096094 89.824974
0.097170 89.824975
0.098246 89.824975
0.099322 89.824976
0.100398 89.824977
0.101474 89.824978
0.102550 89.824978
0.103626 89.824979
0.104703 89.824980
0.105779 89.824980
0.106855 89.824981
0.107931 89.824982
0.109007 89.824983
0.110083 89.824983
0.111159 89.824984
0.112235 89.824984
0.113311 89.824985
0.114388 89.824985
0.115464 89.824986
0.116540 89.824986
0.117616 89.824987
0.118692 89.824987
0.119768 89.824987
0.120844 89.824988
0.121920 89.824988
0.122997 89.824988
0.124073 89.824988
0.125149 89.824989
0.126225 89.824989
0.127301 89.824989

0.127301 89.824989
0.128718 89.824947
0.130135 89.824824
0.131553 89.824619
0.132970 89.824336
0.134387 89.823976
0.135804 89.823542
0.137222 89.823040
0.138639 89.822472
0.140056 89.821844
0.141473 89.821161
0.142891 89.820427
0.144308 89.819648
0.145725 89.818829
0.147142 89.817976
0.148560 89.817092
0.149977 89.816184
0.151394 89.815257
0.152811 89.814314
0.154228 89.813360
0.155646 89.812401
0.157063 89.811439
0.158480 89.810479
0.159897 89.809525
0.161315 89.808580
0.162732 89.807648
0.164149 89.806731
0.165566 89.805833
0.166984 89.804956
0.168401 89.804104
0.169818 89.803278
0.171235 89.802482
0.172652 89.801716
0.174070 89.800984
0.175487 89.800287
0.176904 89.799627
0.178321 89.799006
0.179739 89.798425
0.181156 89.797885
0.182573 89.797388
0.183990 89.796935
0.185408 89.796527
0.186825 89.796164
0.188242 89.795849
0.189659 89.795581
0.191077 89.795360
0.192494 89.795189
0.193911 89.795066
0.195328 89.794992
0.196745 89.794967

0.196745 89.794967
0.197506 89.794967
0.198267 89.794967
0.199028 89.794967
0.199789 89.794967
0.200550 89.794967
0.201311 89.794967
0.202072 89.794967
0.202833 89.794967
0.203594 89.794967
0.204355 89.794967
0.205116 89.794967
0.205877 89.794967
0.206638 89.794967
0.207399 89.794967
0.208159 89.794967
0.208920 89.794967
0.209681 89.794967
0.210442 89.794967
0.211203 89.794967
0.211964 89.794967
0.212725 89.794967
0.213486 89.794967
0.214247 89.794967
0.215008 89.794967
0.215769 89.794967
0.216530 89.794967
0.217291 89.794967
0.218052 89.794967
0.218812 89.794967
0.219573 89.794967
0.220334 89.794967
0.221095 89.794967
0.221856 89.794967
0.222617 89.794967
0.223378 89.794967
0.224139 89.794967
0.224900 89.794967
0.225661 89.794967
0.226422 89.794967
0.227183 89.794967
0.227944 89.794967
0.228705 89.794967
0.229465 89.794967
0.230226 89.794967
0.230987 89.794967
0.231748 89.794967
0.232509 89.794967
0.233270 89.794967
0.234031 89.794967

0.234031 89.794967
0.234792 89.794967
0.235553 89.794967
0.236314 89.794967
0.237075 89.794967
0.237836 89.794968
0.238597 89.794968
0.239358 89.794968
0.240119 89.794968
0.240879 89.794968
0.241640 89.794968
0.242401 89.794969
0.243162 89.794969
0.243923 89.794969
0.244684 89.794970
0.245445 89.794970
0.246206 89.794970
0.246967 89.794970
0.247728 89.794971
0.248489 89.794971
0.249250 89.794972
0.250011 89.794972
0.250772 89.794972
0.251532 89.794973
0.252293 89.794973
0.253054 89.794974
0.253815 89.794974
0.254576 89.794974
0.255337 89.794975
0.256098 89.794975
0.256859 89.794975
0.257620 89.794976
0.258381 89.794976
0.259142 89.794976
0.259903 89.794977
0.260664 89.794977
0.261425 89.794977
0.262186 89.794978
0.262946 89.794978
0.263707 89.794978
0.264468 89.794978
0.265229 89.794979
0.265990 89.794979
0.266751 89.794979
0.267512 89.794979
0.268273 89.794979
0.269034 89.794979
0.269795 89.794979
0.270556 89.794979
0.271317 89.794979

0.271317 89.794979
0.272393 89.794979
0.273469 89.794979
0.274545 89.794979
0.275621 89.794979
0.276697 89.794979
0.277773 89.794979
0.278849 89.794979
0.279926 89.794979
0.281002 89.794978
0.282078 89.794978
0.283154 89.794978
0.284230 89.794978
0.285306 89.794977
0.286382 89.794977
0.287459 89.794977
0.288535 89.794976
0.289611 89.794976
0.290687 89.794976
0.291763 89.794975
0.292839 89.794975
0.293915 89.794975
0.294991 89.794974
0.296067 89.794974
0.297144 89.794974
0.298220 89.794973
0.299296 89.794973
0.300372 89.794972
0.301448 89.794972
0.302524 89.794972
0.303600 89.794971
0.304676 89.794971
0.305752 89.794970
0.306829 89.794970
0.307905 89.794970
0.308981 89.794970
0.310057 89.794969
0.311133 89.794969
0.312209 89.794969
0.313285 89.794968
0.314361 89.794968
0.315438 89.794968
0.316514 89.794968
0.317590 89.794968
0.318666 89.794968
0.319742 89.794967
0.320818 89.794967
0.321894 89.794967
0.322970 89.794967
0.324047 89.794967


0.000000 89.824989
0.000761 89.824989
0.001522 89.824989
0.002283 89.824989
0.003044 89.824989
0.003805 89.824989
0.004566 89.824989
0.005326 89.824989
0.006087 89.824989
0.006848 89.824989
0.007609 89.824989
0.008370 89.824989
0.009131 89.824989
0.009892 89.824989
0.010653 89.824989
0.011414 89.824989
0.012175 89.824989
0.012936 89.824989
0.013697 89.824989
0.014458 89.824989
0.015219 89.824989
0.015980 89.824989
0.016740 89.824989
0.017501 89.824989
0.018262 89.824989
0.019023 89.824989
0.019784 89.824989
0.020545 89.824989
0.021306 89.824989
0.022067 89.824989
0.022828 89.824989
0.023589 89.824989
0.024350 89.824989
0.025111 89.824989
0.025872 89.824989
0.026633 89.824989
0.027394 89.824989
0.028154 89.824989
0.028915 89.824989
0.029676 89.824989
0.030437 89.824989
0.031198 89.824989
0.031959 89.824989
0.032720 89.824989
0.033481 89.824989
0.034242 89.824989
0.035003 89.824989
0.035764 89.824989
0.036525 89.824989
0.037286 89.824989

0.037286 89.824989
0.038046 89.824989
0.038808 89.824990
0.039568 89.824990
0.040329 89.824991
0.041090 89.824991
0.041851 89.824992
0.042612 89.824993
0.043373 89.824993
0.044134 89.824994
0.044895 89.824995
0.045656 89.824995
0.046417 89.824996
0.047178 89.824997
0.047939 89.824997
0.048700 89.824998
0.049460 89.824998
0.050221 89.824999
0.050982 89.825000
0.051743 89.825000
0.052504 89.825001
0.053265 89.825001
0.054026 89.825002
0.054787 89.825002
0.055548 89.825003
0.056309 89.825003
0.057070 89.825004
0.057831 89.825004
0.058592 89.825004
0.059353 89.825005
0.060114 89.825005
0.060874 89.825006
0.061635 89.825006
0.062396 89.825006
0.063157 89.825007
0.063918 89.825007
0.064679 89.825007
0.065440 89.825007
0.066201 89.825008
0.066962 89.825008
0.067723 89.825008
0.068484 89.825008
0.069245 89.825008
0.070006 89.825008
0.070767 89.825009
0.071527 89.825009
0.072288 89.825009
0.073049 89.825009
0.073810 89.825009
0.074571 89.825009

0.074571 89.825009
0.075647 89.825009
0.076724 89.825009
0.077800 89.825009
0.078876 89.825009
0.079952 89.825008
0.081028 89.825008
0.082104 89.825008
0.083180 89.825008
0.084256 89.825007
0.085332 89.825007
0.086408 89.825006
0.087485 89.825006
0.088561 89.825006
0.089637 89.825005
0.090713 89.825005
0.091789 89.825004
0.092865 89.825003
0.093941 89.825003
0.095018 89.825002
0.096094 89.825002
0.097170 89.825001
0.098246 89.825000
0.099322 89.825000
0.100398 89.824999
0.101474 89.824998
0.102550 89.824998
0.103626 89.824997
0.104703 89.824996
0.105779 89.824996
0.106855 89.824995
0.107931 89.824995
0.109007 89.824994
0.110083 89.824993
0.111159 89.824993
0.112235 89.824992
0.113311 89.824992
0.114388 89.824991
0.115464 89.824991
0.116540 89.824991
0.117616 89.824990
0.118692 89.824990
0.119768 89.824990
0.120844 89.824989
0.121920 89.824989
0.122997 89.824989
0.124073 89.824989
0.125149 89.824989
0.126225 89.824989
0.127301 89.824989

0.127301 89.824989
0.128718 89.824947
0.130135 89.824824
0.131553 89.824619
0.132970 89.824336
0.134387 89.823976
0.135804 89.823542
0.137222 89.823040
0.138639 89.822472
0.140056 89.821844
0.141473 89.821161
0.142891 89.820427
0.144308 89.819648
0.145725 89.818829
0.147142 89.817976
0.148560 89.817092
0.149977 89.816184
0.151394 89.815257
0.152811 89.814314
0.154228 89.813360
0.155646 89.812401
0.157063 89.811439
0.158480 89.810479
0.159897 89.809525
0.161315 89.808580
0.162732 89.807648
0.164149 89.806731
0.165566 89.805833
0.166984 89.804956
0.168401 89.804104
0.169818 89.803278
0.171235 89.802482
0.172652 89.801716
0.174070 89.800984
0.175487 89.800287
0.176904 89.799627
0.178321 89.799006
0.179739 89.798425
0.181156 89.797885
0.182573 89.797388
0.183990 89.796935
0.185408 89.796527
0.186825 89.796164
0.188242 89.795849
0.189659 89.795581
0.191077 89.795360
0.192494 89.795189
0.193911 89.795066
0.195328 89.794992
0.196745 89.794967

0.196745 89.794967
0.197506 89.794967
0.198267 89.794967
0.199028 89.794967
0.199789 89.794967
0.200550 89.794968
0.201311 89.794968
0.202072 89.794968
0.202833 89.794968
0.203594 89.794968
0.204355 89.794968
0.205116 89.794969
0.205877 89.794969
0.206638 89.794969
0.207399 89.794970
0.208159 89.794970
0.208920 89.794970
0.209681 89.794970
0.210442 89.794971
0.211203 89.794971
0.211964 89.794972
0.212725 89.794972
0.213486 89.794972
0.214247 89.794973
0.215008 89.794973
0.215769 89.794974
0.216530 89.794974
0.217291 89.794974
0.218052 89.794975
0.218812 89.794975
0.219573 89.794975
0.220334 89.794976
0.221095 89.794976
0.221856 89.794976
0.222617 89.794977
0.223378 89.794977
0.224139 89.794977
0.224900 89.794978
0.225661 89.794978
0.226422 89.794978
0.227183 89.794978
0.227944 89.794979
0.228705 89.794979
0.229465 89.794979
0.230226 89.794979
0.230987 89.794979
0.231748 89.794979
0.232509 89.794979
0.233270 89.794979
0.234031 89.794979

0.234031 89.794979
0.234792 89.794979
0.235553 89.794979
0.236314 89.794979
0.237075 89.794979
0.237836 89.794979
0.238597 89.794979
0.239358 89.794979
0.240119 89.794979
0.240879 89.794979
0.241640 89.794979
0.242401 89.794979
0.243162 89.794979
0.243923 89.794979
0.244684 89.794979
0.245445 89.794979
0.246206 89.794979
0.246967 89.794979
0.247728 89.794979
0.248489 89.794979
0.249250 89.794979
0.250011 89.794979
0.250772 89.794979
0.251532 89.794979
0.252293 89.794979
0.253054 89.794979
0.253815 89.794979
0.254576 89.794979
0.255337 89.794979
0.256098 89.794979
0.256859 89.794979
0.257620 89.794979
0.258381 89.794979
0.259142 89.794979
0.259903 89.794979
0.260664 89.794979
0.261425 89.794979
0.262186 89.794979
0.262946 89.794979
0.263707 89.794979
0.264468 89.794979
0.265229 89.794979
0.265990 89.794979
0.266751 89.794979
0.267512 89.794979
0.268273 89.794979
0.269034 89.794979
0.269795 89.794979
0.270556 89.794979
0.271317 89.794979

0.271317 89.794979
0.272393 89.794979
0.273469 89.794979
0.274545 89.794979
0.275621 89.794979
0.276697 89.794979
0.277773 89.794979
0.278849 89.794979
0.279926 89.794979
0.281002 89.794978
0.282078 89.794978
0.283154 89.794978
0.284230 89.794978
0.285306 89.794977
0.286382 89.794977
0.287459 89.794977
0.288535 89.794976
0.289611 89.794976
0.290687 89.794976
0.291763 89.794975
0.292839 89.794975
0.293915 89.794975
0.294991 89.794974
0.296067 89.794974
0.297144 89.794974
0.298220 89.794973
0.299296 89.794973
0.300372 89.794972
0.301448 89.794972
0.302524 89.794972
0.303600 89.794971
0.304676 89.794971
0.305752 89.794970
0.306829 89.794970
0.307905 89.794970
0.308981 89.794970
0.310057 89.794969
0.311133 89.794969
0.312209 89.794969
0.313285 89.794968
0.314361 89.794968
0.315438 89.794968
0.316514 89.794968
0.317590 89.794968
0.318666 89.794968
0.319742 89.794967
0.320818 89.794967
0.321894 89.794967
0.322970 89.794967
0.324047 89.794967


0.000000 89.910092
0.000761 89.910092
0.001522 89.910092
0.002283 89.910092
0.003044 89.910092
0.003805 89.910092
0.004566 89.910092
0.005326 89.910092
0.006087 89.910092
0.006848 89.910092
0.007609 89.910092
0.008370 89.910092
0.009131 89.910092
0.009892 89.910092
0.010653 89.910092
0.011414 89.910092
0.012175 89.910092
0.012936 89.910092
0.013697 89.910092
0.014458 89.910092
0.015219 89.910092
0.015980 89.910092
0.016740 89.910092
0.017501 89.910092
0.018262 89.910092
0.019023 89.910092
0.019784 89.910092
0.020545 89.910092
0.021306 89.910092
0.022067 89.910092
0.022828 89.910092
0.023589 89.910092
0.024350 89.910092
0.025111 89.910092
0.025872 89.910092
0.026633 89.910092
0.027394 89.910092
0.028154 89.910092
0.028915 89.910092
0.029676 89.910092
0.030437 89.910092
0.031198 89.910092
0.031959 89.910092
0.032720 89.910092
0.033481 89.910092
0.034242 89.910092
0.035003 89.910092
0.035764 89.910092
0.036525 89.910092
0.037286 89.910092

0.037286 89.910092
0.038046 89.910092
0.038808 89.910092
0.039568 89.910092
0.040329 89.910092
0.041090 89.910092
0.041851 89.910092
0.042612 89.910093
0.043373 89.910093
0.044134 89.910093
0.044895 89.910093
0.045656 89.910093
0.046417 89.910093
0.047178 89.910093
0.047939 89.910093
0.048700 89.910093
0.049460 89.910093
0.050221 89.910094
0.050982 89.910094
0.051743 89.910094
0.052504 89.910094
0.053265 89.910094
0.054026 89.910094
0.054787 89.910094
0.055548 89.910094
0.056309 89.910095
0.057070 89.910095
0.057831 89.910095
0.058592 89.910095
0.059353 89.910095
0.060114 89.910095
0.060874 89.910095
0.061635 89.910095
0.062396 89.910095
0.063157 89.910096
0.063918 89.910096
0.064679 89.910096
0.065440 89.910096
0.066201 89.910096
0.066962 89.910096
0.067723 89.910096
0.068484 89.910096
0.069245 89.910096
0.070006 89.910096
0.070767 89.910096
0.071527 89.910096
0.072288 89.910096
0.073049 89.910096
0.073810 89.910096
0.074571 89.910096

0.074571 89.910096
0.075647 89.910096
0.076724 89.910096
0.077800 89.910096
0.078876 89.910096
0.079952 89.910096
0.081028 89.910096
0.082104 89.910096
0.083180 89.910096
0.084256 89.910096
0.085332 89.910096
0.086408 89.910096
0.087485 89.910096
0.088561 89.910095
0.089637 89.910095
0.090713 89.910095
0.091789 89.910095
0.092865 89.910095
0.093941 89.910095
0.095018 89.910095
0.096094 89.910095
0.097170 89.910095
0.098246 89.910094
0.099322 89.910094
0.100398 89.910094
0.101474 89.910094
0.102550 89.910094
0.103626 89.910094
0.104703 89.910094
0.105779 89.910094
0.106855 89.910094
0.107931 89.910093
0.109007 89.910093
0.110083 89.910093
0.111159 89.910093
0.112235 89.910093
0.113311 89.910093
0.114388 89.910093
0.115464 89.910093
0.116540 89.910093
0.117616 89.910093
0.118692 89.910093
0.119768 89.910092
0.120844 89.910092
0.121920 89.910092
0.122997 89.910092
0.124073 89.910092
0.125149 89.910092
0.126225 89.910092
0.127301 89.910092

0.127301 89.910092
0.128718 89.910133
0.130135 89.910253
0.131553 89.910453
0.132970 89.910729
0.134387 89.911081
0.135804 89.911503
0.137222 89.911993
0.138639 89.912546
0.140056 89.913158
0.141473 89.913824
0.142891 89.914539
0.144308 89.915297
0.145725 89.916095
0.147142 89.916925
0.148560 89.917785
0.149977 89.918668
0.151394 89.919570
0.152811 89.920486
0.154228 89.921412
0.155646 89.922344
0.157063 89.923278
0.158480 89.924210
0.159897 89.925136
0.161315 89.926053
0.162732 89.926957
0.164149 89.927846
0.165566 89.928717
0.166984 89.929567
0.168401 89.930393
0.169818 89.931193
0.171235 89.931965
0.172652 89.932707
0.174070 89.933416
0.175487 89.934092
0.176904 89.934731
0.178321 89.935333
0.179739 89.935896
0.181156 89.936419
0.182573 89.936901
0.183990 89.937340
0.185408 89.937735
0.186825 89.938086
0.188242 89.938392
0.189659 89.938652
0.191077 89.938865
0.192494 89.939031
0.193911 89.939151
0.195328 89.939222
0.196745 89.939246

0.196745 89.939246
0.197506 89.939246
0.198267 89.939246
0.199028 89.939246
0.199789 89.939246
0.200550 89.939246
0.201311 89.939245
0.202072 89.939245
0.202833 89.939245
0.203594 89.939245
0.204355 89.939244
0.205116 89.939244
0.205877 89.939244
0.206638 89.939243
0.207399 89.939243
0.208159 89.939242
0.208920 89.939242
0.209681 89.939241
0.210442 89.939241
0.211203 89.939240
0.211964 89.939240
0.212725 89.939239
0.213486 89.939239
0.214247 89.939238
0.215008 89.939238
0.215769 89.939237
0.216530 89.939236
0.217291 89.939236
0.218052 89.939235
0.218812 89.939235
0.219573 89.939234
0.220334 89.939234
0.221095 89.939233
0.221856 89.939233
0.222617 89.939232
0.223378 89.939232
0.224139 89.939231
0.224900 89.939231
0.225661 89.939230
0.226422 89.939230
0.227183 89.939230
0.227944 89.939229
0.228705 89.939229
0.229465 89.939229
0.230226 89.939229
0.230987 89.939229
0.231748 89.939229
0.232509 89.939228
0.233270 89.939228
0.234031 89.939228

0.234031 89.939228
0.234792 89.939228
0.235553 89.939228
0.236314 89.939228
0.237075 89.939228
0.237836 89.939228
0.238597 89.939228
0.239358 89.939228
0.240119 89.939228
0.240879 89.939228
0.241640 89.939228
0.242401 89.939228
0.243162 89.939228
0.243923 89.939228
0.244684 89.939228
0.245445 89.939228
0.246206 89.939228
0.246967 89.939228
0.247728 89.939228
0.248489 89.939228
0.249250 89.939228
0.250011 89.939228
0.250772 89.939228
0.251532 89.939228
0.252293 89.939228
0.253054 89.939228
0.253815 89.939228
0.254576 89.939228
0.255337 89.939228
0.256098 89.939228
0.256859 89.939228
0.257620 89.939228
0.258381 89.939228
0.259142 89.939228
0.259903 89.939228
0.260664 89.939228
0.261425 89.939228
0.262186 89.939228
0.262946 89.939228
0.263707 89.939228
0.264468 89.939228
0.265229 89.939228
0.265990 89.939228
0.266751 89.939228
0.267512 89.939228
0.268273 89.939228
0.269034 89.939228
0.269795 89.939228
0.270556 89.939228
0.271317 89.939228

0.271317 89.939228
0.272393 89.939228
0.273469 89.939228
0.274545 89.939229
0.275621 89.939229
0.276697 89.939229
0.277773 89.939229
0.278849 89.939229
0.279926 89.939230
0.281002 89.939230
0.282078 89.939230
0.283154 89.939230
0.284230 89.939231
0.285306 89.939231
0.286382 89.939232
0.287459 89.939232
0.288535 89.939233
0.289611 89.939233
0.290687 89.939234
0.291763 89.939234
0.292839 89.939235
0.293915 89.939235
0.294991 89.939236
0.296067 89.939236
0.297144 89.939237
0.298220 89.939238
0.299296 89.939238
0.300372 89.939239
0.301448 89.939239
0.302524 89.939240
0.303600 89.939240
0.304676 89.939241
0.305752 89.939241
0.306829 89.939242
0.307905 89.939242
0.308981 89.939243
0.310057 89.939243
0.311133 89.939244
0.312209 89.939244
0.313285 89.939244
0.314361 89.939245
0.315438 89.939245
0.316514 89.939245
0.317590 89.939245
0.318666 89.939246
0.319742 89.939246
0.320818 89.939246
0.321894 89.939246
0.322970 89.939246
0.324047 89.939246


0.000000 89.910092
0.000761 89.910092
0.001522 89.910092
0.002283 89.910092
0.003044 89.910092
0.003805 89.910092
0.004566 89.910092
0.005326 89.910093
0.006087 89.910093
0.006848 89.910093
0.007609 89.910093
0.008370 89.910093
0.009131 89.910093
0.009892 89.910093
0.010653 89.910093
0.011414 89.910093
0.012175 89.910094
0.012936 89.910094
0.013697 89.910094
0.014458 89.910094
0.015219 89.910094
0.015980 89.910094
0.016740 89.910095
0.017501 89.910095
0.018262 89.910095
0.019023 89.910095
0.019784 89.910095
0.020545 89.910095
0.021306 89.910096
0.022067 89.910096
0.022828 89.910096
0.023589 89.910096
0.024350 89.910096
0.025111 89.910096
0.025872 89.910096
0.026633 89.910097
0.027394 89.910097
0.028154 89.910097
0.028915 89.910097
0.029676 89.910097
0.030437 89.910097
0.031198 89.910097
0.031959 89.910097
0.032720 89.910097
0.033481 89.910097
0.034242 89.910098
0.035003 89.910098
0.035764 89.910098
0.036525 89.910098
0.037286 89.910098

0.037286 89.910098
0.038046 89.910098
0.038808 89.910098
0.039568 89.910098
0.040329 89.910098
0.041090 89.910098
0.041851 89.910098
0.042612 89.910098
0.043373 89.910098
0.044134 89.910098
0.044895 89.910098
0.045656 89.910098
0.046417 89.910098
0.047178 89.910098
0.047939 89.910098
0.048700 89.910098
0.049460 89.910098
0.050221 89.910098
0.050982 89.910098
0.051743 89.910098
0.052504 89.910098
0.053265 89.910098
0.054026 89.910098
0.054787 89.910098
0.055548 89.910098
0.056309 89.910098
0.057070 89.910098
0.057831 89.910098
0.058592 89.910098
0.059353 89.910098
0.060114 89.910098
0.060874 89.910098
0.061635 89.910098
0.062396 89.910098
0.063157 89.910099
0.063918 89.910099
0.064679 89.910099
0.065440 89.910099
0.066201 89.910099
0.066962 89.910099
0.067723 89.910099
0.068484 89.910099
0.069245 89.910099
0.070006 89.910099
0.070767 89.910099
0.071527 89.910099
0.072288 89.910099
0.073049 89.910099
0.073810 89.910099
0.074571 89.910099

0.074571 89.910099
0.075647 89.910099
0.076724 89.910099
0.077800 89.910099
0.078876 89.910099
0.079952 89.910099
0.081028 89.910099
0.082104 89.910099
0.083180 89.910099
0.084256 89.910099
0.085332 89.910098
0.086408 89.910098
0.087485 89.910098
0.088561 89.910098
0.089637 89.910098
0.090713 89.910098
0.091789 89.910098
0.092865 89.910097
0.093941 89.910097
0.095018 89.910097
0.096094 89.910097
0.097170 89.910096
0.098246 89.910096
0.099322 89.910096
0.100398 89.910096
0.101474 89.910096
0.102550 89.910095
0.103626 89.910095
0.104703 89.910095
0.105779 89.910095
0.106855 89.910095
0.107931 89.910094
0.109007 89.910094
0.110083 89.910094
0.111159 89.910094
0.112235 89.910094
0.113311 89.910093
0.114388 89.910093
0.115464 89.910093
0.116540 89.910093
0.117616 89.910093
0.118692 89.910093
0.119768 89.910093
0.120844 89.910093
0.121920 89.910092
0.122997 89.910092
0.124073 89.910092
0.125149 89.910092
0.126225 89.910092
0.127301 89.910092

0.127301 89.910092
0.128718 89.910133
0.130135 89.910253
0.131553 89.910453
0.132970 89.910729
0.134387 89.911081
0.135804 89.911503
0.137222 89.911993
0.138639 89.912546
0.140056 89.913158
0.141473 89.913824
0.142891 89.914539
0.144308 89.915297
0.145725 89.916095
0.147142 89.916925
0.148560 89.917785
0.149977 89.918668
0.151394 89.919570
0.152811 89.920486
0.154228 89.921412
0.155646 89.922344
0.157063 89.923278
0.158480 89.924210
0.159897 89.925136
0.161315 89.926053
0.162732 89.926957
0.164149 89.927846
0.165566 89.928717
0.166984 89.929567
0.168401 89.930393
0.169818 89.931193
0.171235 89.931965
0.172652 89.932707
0.174070 89.933416
0.175487 89.934092
0.176904 89.934731
0.178321 89.935333
0.179739 89.935896
0.181156 89.936419
0.182573 89.936901
0.183990 89.937340
0.185408 89.937735
0.186825 89.938086
0.188242 89.938392
0.189659 89.938652
0.191077 89.938865
0.192494 89.939031
0.193911 89.939151
0.195328 89.939222
0.196745 89.939246

0.196745 89.939246
0.197506 89.939246
0.198267 89.939246
0.199028 89.939246
0.199789 89.939246
0.200550 89.939246
0.201311 89.939246
0.202072 89.939246
0.202833 89.939246
0.203594 89.939246
0.204355 89.939246
0.205116 89.939246
0.205877 89.939246
0.206638 89.939246
0.207399 89.939246
0.208159 89.939246
0.208920 89.939246
0.209681 89.939246
0.210442 89.939246
0.211203 89.939246
0.211964 89.939246
0.212725 89.939246
0.213486 89.939246
0.214247 89.939246
0.215008 89.939246
0.215769 89.939246
0.216530 89.939246
0.217291 89.939246
0.218052 89.939246
0.218812 89.939246
0.219573 89.939246
0.220334 89.939246
0.221095 89.939246
0.221856 89.939246
0.222617 89.939246
0.223378 89.939246
0.224139 89.939246
0.224900 89.939246
0.225661 89.939246
0.226422 89.939246
0.227183 89.939246
0.227944 89.939246
0.228705 89.939246
0.229465 89.939246
0.230226 89.939246
0.230987 89.939246
0.231748 89.939246
0.232509 89.939246
0.233270 89.939246
0.234031 89.939246

0.234031 89.939246
0.234792 89.939246
0.235553 89.939246
0.236314 89.939246
0.237075 89.939246
0.237836 89.939246
0.238597 89.939245
0.239358 89.939245
0.240119 89.939245
0.240879 89.939245
0.241640 89.939244
0.242401 89.939244
0.243162 89.939244
0.243923 89.939243
0.244684 89.939243
0.245445 89.939242
0.246206 89.939242
0.246967 89.939241
0.247728 89.939241
0.248489 89.939240
0.249250 89.939240
0.250011 89.939239
0.250772 89.939239
0.251532 89.939238
0.252293 89.939238
0.253054 89.939237
0.253815 89.939236
0.254576 89.939236
0.255337 89.939235
0.256098 89.939235
0.256859 89.939234
0.257620 89.939234
0.258381 89.939233
0.259142 89.939233
0.259903 89.939232
0.260664 89.939232
0.261425 89.939231
0.262186 89.939231
0.262946 89.939230
0.263707 89.939230
0.264468 89.939230
0.265229 89.939230
0.265990 89.939229
0.266751 89.939229
0.267512 89.939229
0.268273 89.939229
0.269034 89.939229
0.269795 89.939228
0.270556 89.939228
0.271317 89.939228

0.271317 89.939228
0.272393 89.939228
0.273469 89.939228
0.274545 89.939229
0.275621 89.939229
0.276697 89.939229
0.277773 89.939229
0.278849 89.939229
0.279926 89.939230
0.281002 89.939230
0.282078 89.939230
0.283154 89.939230
0.284230 89.939231
0.285306 89.939231
0.286382 89.939232
0.287459 89.939232
0.288535 89.939233
0.289611 89.939233
0.290687 89.939234
0.291763 89.939234
0.292839 89.939235
0.293915 89.939235
0.294991 89.939236
0.296067 89.939236
0.297144 89.939237
0.298220 89.939238
0.299296 89.939238
0.300372 89.939239
0.301448 89.939239
0.302524 89.939240
0.303600 89.939240
0.304676 89.939241
0.305752 89.939241
0.306829 89.939242
0.307905 89.939242
0.308981 89.939243
0.310057 89.939243
0.311133 89.939244
0.312209 89.939244
0.313285 89.939244
0.314361 89.939245
0.315438 89.939245
0.316514 89.939245
0.317590 89.939245
0.318666 89.939246
0.319742 89.939246
0.320818 89.939246
0.321894 89.939246
0.322970 89.939246
0.324047 89.939246


0.000000 90.012222
0.000761 90.012222
0.001522 90.012222
0.002283 90.012222
0.003044 90.012222
0.003805 90.012223
0.004566 90.012223
0.005326 90.012223
0.006087 90.012223
0.006848 90.012224
0.007609 90.012224
0.008370 90.012224
0.009131 90.012225
0.009892 90.012225
0.010653 90.012226
0.011414 90.012226
0.012175 90.012227
0.012936 90.012227
0.013697 90.012228
0.014458 90.012229
0.015219 90.012229
0.015980 90.012230
0.016740 90.012231
0.017501 90.012232
0.018262 90.012232
0.019023 90.012233
0.019784 90.012234
0.020545 90.012235
0.021306 90.012236
0.022067 90.012237
0.022828 90.012238
0.023589 90.012239
0.024350 90.012240
0.025111 90.012241
0.025872 90.012242
0.026633 90.012243
0.027394 90.012245
0.028154 90.012246
0.028915 90.012247
0.029676 90.012248
0.030437 90.012249
0.031198 90.012251
0.031959 90.012252
0.032720 90.012253
0.033481 90.012254
0.034242 90.012255
0.035003 90.012256
0.035764 90.012257
0.036525 90.012257
0.037286 90.012257

0.037286 90.012257
0.038046 90.012257
0.038808 90.012257
0.039568 90.012257
0.040329 90.012257
0.041090 90.012257
0.041851 90.012257
0.042612 90.012257
0.043373 90.012257
0.044134 90.012257
0.044895 90.012257
0.045656 90.012257
0.046417 90.012257
0.047178 90.012257
0.047939 90.012257
0.048700 90.012257
0.049460 90.012257
0.050221 90.012257
0.050982 90.012257
0.051743 90.012257
0.052504 90.012257
0.053265 90.012257
0.054026 90.012257
0.054787 90.012257
0.055548 90.012257
0.056309 90.012257
0.057070 90.012257
0.057831 90.012257
0.058592 90.012257
0.059353 90.012257
0.060114 90.012257
0.060874 90.012257
0.061635 90.012257
0.062396 90.012257
0.063157 90.012257
0.063918 90.012257
0.064679 90.012257
0.065440 90.012257
0.066201 90.012257
0.066962 90.012257
0.067723 90.012257
0.068484 90.012257
0.069245 90.012257
0.070006 90.012257
0.070767 90.012257
0.071527 90.012257
0.072288 90.012257
0.073049 90.012257
0.073810 90.012257
0.074571 90.012257

0.074571 90.012257
0.075647 90.012257
0.076724 90.012257
0.077800 90.012257
0.078876 90.012257
0.079952 90.012257
0.081028 90.012256
0.082104 90.012256
0.083180 90.012255
0.084256 90.012255
0.085332 90.012254
0.086408 90.012253
0.087485 90.012252
0.088561 90.012252
0.089637 90.012251
0.090713 90.012250
0.091789 90.012249
0.092865 90.012248
0.093941 90.012247
0.095018 90.012246
0.096094 90.012245
0.097170 90.012244
0.098246 90.012243
0.099322 90.012241
0.100398 90.012240
0.101474 90.012239
0.102550 90.012238
0.103626 90.012237
0.104703 90.012236
0.105779 90.012235
0.106855 90.012234
0.107931 90.012233
0.109007 90.012232
0.110083 90.012231
0.111159 90.012230
0.112235 90.012229
0.113311 90.012228
0.114388 90.012227
0.115464 90.012226
0.116540 90.012226
0.117616 90.012225
0.118692 90.012224
0.119768 90.012224
0.120844 90.012223
0.121920 90.012223
0.122997 90.012223
0.124073 90.012222
0.125149 90.012222
0.126225 90.012222
0.127301 90.012222

0.127301 90.012222
0.128718 90.012080
0.130135 90.011704
0.131553 90.011185
0.132970 90.010586
0.134387 90.009945
0.135804 90.009280
0.137222 90.008602
0.138639 90.007918
0.140056 90.007232
0.141473 90.006547
0.142891 90.005865
0.144308 90.005188
0.145725 90.004518
0.147142 90.003855
0.148560 90.003201
0.149977 90.002557
0.151394 90.001923
0.152811 90.001301
0.154228 90.000691
0.155646 90.000094
0.157063 89.999511
0.158480 89.998942
0.159897 89.998388
0.161315 89.997850
0.162732 89.997328
0.164149 89.996822
0.165566 89.996334
0.166984 89.995865
0.168401 89.995413
0.169818 89.994980
0.171235 89.994567
0.172652 89.994174
0.174070 89.993800
0.175487 89.993448
0.176904 89.993116
0.178321 89.992806
0.179739 89.992518
0.181156 89.992251
0.182573 89.992007
0.183990 89.991785
0.185408 89.991586
0.186825 89.991410
0.188242 89.991258
0.189659 89.991128
0.191077 89.991022
0.192494 89.990940
0.193911 89.990881
0.195328 89.990847
0.196745 89.990836

0.196745 89.990836
0.197506 89.990836
0.198267 89.990835
0.199028 89.990835
0.199789 89.990835
0.200550 89.990834
0.201311 89.990834
0.202072 89.990833
0.202833 89.990832
0.203594 89.990831
0.204355 89.990830
0.205116 89.990829
0.205877 89.990828
0.206638 89.990827
0.207399 89.990826
0.208159 89.990824
0.208920 89.990823
0.209681 89.990821
0.210442 89.990820
0.211203 89.990818
0.211964 89.990817
0.212725 89.990815
0.213486 89.990814
0.214247 89.990812
0.215008 89.990810
0.215769 89.990809
0.216530 89.990807
0.217291 89.990805
0.218052 89.990804
0.218812 89.990802
0.219573 89.990800
0.220334 89.990799
0.221095 89.990797
0.221856 89.990796
0.222617 89.990794
0.223378 89.990793
0.224139 89.990792
0.224900 89.990791
0.225661 89.990789
0.226422 89.990788
0.227183 89.990787
0.227944 89.990787
0.228705 89.990786
0.229465 89.990785
0.230226 89.990785
0.230987 89.990784
0.231748 89.990784
0.232509 89.990783
0.233270 89.990783
0.234031 89.990783

0.234031 89.990783
0.234792 89.990783
0.235553 89.990783
0.236314 89.990783
0.237075 89.990783
0.237836 89.990783
0.238597 89.990783
0.239358 89.990783
0.240119 89.990783
0.240879 89.990783
0.241640 89.990783
0.242401 89.990783
0.243162 89.990783
0.243923 89.990783
0.244684 89.990783
0.245445 89.990783
0.246206 89.990783
0.246967 89.990783
0.247728 89.990783
0.248489 89.990783
0.249250 89.990783
0.250011 89.990783
0.250772 89.990783
0.251532 89.990783
0.252293 89.990783
0.253054 89.990783
0.253815 89.990783
0.254576 89.990783
0.255337 89.990783
0.256098 89.990783
0.256859 89.990783
0.257620 89.990783
0.258381 89.990783
0.259142 89.990783
0.259903 89.990783
0.260664 89.990783
0.261425 89.990783
0.262186 89.990783
0.262946 89.990783
0.263707 89.990783
0.264468 89.990783
0.265229 89.990783
0.265990 89.990783
0.266751 89.990783
0.267512 89.990783
0.268273 89.990783
0.269034 89.990783
0.269795 89.990783
0.270556 89.990783
0.271317 89.990783

0.271317 89.990783
0.272393 89.990783
0.273469 89.990783
0.274545 89.990784
0.275621 89.990784
0.276697 89.990785
0.277773 89.990785
0.278849 89.990786
0.279926 89.990787
0.281002 89.990787
0.282078 89.990788
0.283154 89.990789
0.284230 89.990791
0.285306 89.990792
0.286382 89.990793
0.287459 89.990794
0.288535 89.990796
0.289611 89.990797
0.290687 89.990799
0.291763 89.990800
0.292839 89.990802
0.293915 89.990804
0.294991 89.990805
0.296067 89.990807
0.297144 89.990809
0.298220 89.990810
0.299296 89.990812
0.300372 89.990814
0.301448 89.990815
0.302524 89.990817
0.303600 89.990818
0.304676 89.990820
0.305752 89.990822
0.306829 89.990823
0.307905 89.990824
0.308981 89.990826
0.310057 89.990827
0.311133 89.990828
0.312209 89.990829
0.313285 89.990830
0.314361 89.990831
0.315438 89.990832
0.316514 89.990833
0.317590 89.990834
0.318666 89.990834
0.319742 89.990835
0.320818 89.990835
0.321894 89.990835
0.322970 89.990836
0.324047 89.990836


0.000000 90.012317
0.000761 90.012316
0.001522 90.012316
0.002283 90.012316
0.003044 90.012316
0.003805 90.012316
0.004566 90.012315
0.005326 90.012315
0.006087 90.012315
0.006848 90.012314
0.007609 90.012314
0.008370 90.012313
0.009131 90.012312
0.009892 90.012312
0.010653 90.012311
0.011414 90.012310
0.012175 90.012309
0.012936 90.012308
0.013697 90.012307
0.014458 90.012306
0.015219 90.012305
0.015980 90.012304
0.016740 90.012303
0.017501 90.012302
0.018262 90.012300
0.019023 90.012299
0.019784 90.012298
0.020545 90.012297
0.021306 90.012295
0.022067 90.012294
0.022828 90.012293
0.023589 90.012291
0.024350 90.012290
0.025111 90.012288
0.025872 90.012287
0.026633 90.012286
0.027394 90.012284
0.028154 90.012283
0.028915 90.012281
0.029676 90.012280
0.030437 90.012278
0.031198 90.012277
0.031959 90.012276
0.032720 90.012274
0.033481 90.012273
0.034242 90.012272
0.035003 90.012271
0.035764 90.012270
0.036525 90.012269
0.037286 90.012269

0.037286 90.012269
0.038046 90.012269
0.038808 90.012269
0.039568 90.012269
0.040329 90.012269
0.041090 90.012269
0.041851 90.012269
0.042612 90.012269
0.043373 90.012269
0.044134 90.012268
0.044895 90.012268
0.045656 90.012268
0.046417 90.012268
0.047178 90.012267
0.047939 90.012267
0.048700 90.012267
0.049460 90.012266
0.050221 90.012266
0.050982 90.012266
0.051743 90.012265
0.052504 90.012265
0.053265 90.012265
0.054026 90.012264
0.054787 90.012264
0.055548 90.012264
0.056309 90.012263
0.057070 90.012263
0.057831 90.012262
0.058592 90.012262
0.059353 90.012262
0.060114 90.012261
0.060874 90.012261
0.061635 90.012261
0.062396 90.012260
0.063157 90.012260
0.063918 90.012260
0.064679 90.012259
0.065440 90.012259
0.066201 90.012259
0.066962 90.012259
0.067723 90.012258
0.068484 90.012258
0.069245 90.012258
0.070006 90.012258
0.070767 90.012258
0.071527 90.012258
0.072288 90.012258
0.073049 90.012258
0.073810 90.012257
0.074571 90.012257

0.074571 90.012257
0.075647 90.012258
0.076724 90.012258
0.077800 90.012258
0.078876 90.012258
0.079952 90.012259
0.081028 90.012260
0.082104 90.012260
0.083180 90.012261
0.084256 90.012262
0.085332 90.012263
0.086408 90.012265
0.087485 90.012266
0.088561 90.012267
0.089637 90.012269
0.090713 90.012270
0.091789 90.012272
0.092865 90.012273
0.093941 90.012275
0.095018 90.012277
0.096094 90.012279
0.097170 90.012280
0.098246 90.012282
0.099322 90.012284
0.100398 90.012286
0.101474 90.012288
0.102550 90.012290
0.103626 90.012292
0.104703 90.012294
0.105779 90.012295
0.106855 90.012297
0.107931 90.012299
0.109007 90.012301
0.110083 90.012302
0.111159 90.012304
0.112235 90.012305
0.113311 90.012307
0.114388 90.012308
0.115464 90.012309
0.116540 90.012311
0.117616 90.012312
0.118692 90.012313
0.119768 90.012314
0.120844 90.012314
0.121920 90.012315
0.122997 90.012316
0.124073 90.012316
0.125149 90.012316
0.126225 90.012316
0.127301 90.012317

0.127301 90.012317
0.128718 90.012170
0.130135 90.011786
0.131553 90.011259
0.132970 90.010654
0.134387 90.010008
0.135804 90.009340
0.137222 90.008659
0.138639 90.007973
0.140056 90.007285
0.141473 90.006598
0.142891 90.005915
0.144308 90.005237
0.145725 90.004566
0.147142 90.003902
0.148560 90.003247
0.149977 90.002601
0.151394 90.001967
0.152811 90.001344
0.154228 90.000733
0.155646 90.000135
0.157063 89.999550
0.158480 89.998980
0.159897 89.998425
0.161315 89.997886
0.162732 89.997363
0.164149 89.996857
0.165566 89.996367
0.166984 89.995896
0.168401 89.995444
0.169818 89.995010
0.171235 89.994595
0.172652 89.994200
0.174070 89.993826
0.175487 89.993472
0.176904 89.993139
0.178321 89.992827
0.179739 89.992537
0.181156 89.992269
0.182573 89.992023
0.183990 89.991800
0.185408 89.991599
0.186825 89.991422
0.188242 89.991268
0.189659 89.991137
0.191077 89.991029
0.192494 89.990945
0.193911 89.990885
0.195328 89.990848
0.196745 89.990836

0.196745 89.990836
0.197506 89.990836
0.198267 89.990836
0.199028 89.990836
0.199789 89.990836
0.200550 89.990836
0.201311 89.990836
0.202072 89.990836
0.202833 89.990836
0.203594 89.990836
0.204355 89.990836
0.205116 89.990836
0.205877 89.990836
0.206638 89.990836
0.207399 89.990836
0.208159 89.990836
0.208920 89.990836
0.209681 89.990836
0.210442 89.990836
0.211203 89.990836
0.211964 89.990836
0.212725 89.990836
0.213486 89.990836
0.214247 89.990836
0.215008 89.990836
0.215769 89.990836
0.216530 89.990836
0.217291 89.990836
0.218052 89.990836
0.218812 89.990836
0.219573 89.990836
0.220334 89.990836
0.221095 89.990836
0.221856 89.990836
0.222617 89.990836
0.223378 89.990836
0.224139 89.990836
0.224900 89.990836
0.225661 89.990836
0.226422 89.990836
0.227183 89.990836
0.227944 89.990836
0.228705 89.990836
0.229465 89.990836
0.230226 89.990836
0.230987 89.990836
0.231748 89.990836
0.232509 89.990836
0.233270 89.990836
0.234031 89.990836

0.234031 89.990836
0.234792 89.990836
0.235553 89.990835
0.236314 89.990835
0.237075 89.990835
0.237836 89.990834
0.238597 89.990834
0.239358 89.990833
0.240119 89.990832
0.240879 89.990831
0.241640 89.990830
0.242401 89.990829
0.243162 89.990828
0.243923 89.990827
0.244684 89.990826
0.245445 89.990824
0.246206 89.990823
0.246967 89.990822
0.247728 89.990820
0.248489 89.990818
0.249250 89.990817
0.250011 89.990815
0.250772 89.990814
0.251532 89.990812
0.252293 89.990810
0.253054 89.990809
0.253815 89.990807
0.254576 89.990805
0.255337 89.990804
0.256098 89.990802
0.256859 89.990800
0.257620 89.990799
0.258381 89.990797
0.259142 89.990796
0.259903 89.990794
0.260664 89.990793
0.261425 89.990792
0.262186 89.990791
0.262946 89.990789
0.263707 89.990788
0.264468 89.990787
0.265229 89.990787
0.265990 89.990786
0.266751 89.990785
0.267512 89.990785
0.268273 89.990784
0.269034 89.990784
0.269795 89.990783
0.270556 89.990783
0.271317 89.990783

0.271317 89.990783
0.272393 89.990783
0.273469 89.990783
0.274545 89.990784
0.275621 89.990784
0.276697 89.990785
0.277773 89.990785
0.278849 89.990786
0.279926 89.990787
0.281002 89.990787
0.282078 89.990788
0.283154 89.990789
0.284230 89.990791
0.285306 89.990792
0.286382 89.990793
0.287459 89.990794
0.288535 89.990796
0.289611 89.990797
0.290687 89.990799
0.291763 89.990800
0.292839 89.990802
0.293915 89.990804
0.294991 89.990805
0.296067 89.990807
0.297144 89.990809
0.298220 89.990810
0.299296 89.990812
0.300372 89.990814
0.301448 89.990815
0.302524 89.990817
0.303600 89.990818
0.304676 89.990820
0.305752 89.990822
0.306829 89.990823
0.307905 89.990824
0.308981 89.990826
0.310057 89.990827
0.311133 89.990828
0.312209 89.990829
0.313285 89.990830
0.314361 89.990831
0.315438 89.990832
0.316514 89.990833
0.317590 89.990834
0.318666 89.990834
0.319742 89.990835
0.320818 89.990835
0.321894 89.990835
0.322970 89.990836
0.324047 89.990836


0.000000 90.015969
0.000761 90.015969
0.001522 90.015969
0.002283 90.015969
0.003044 90.015969
0.003805 90.015969
0.004566 90.015969
0.005326 90.015970
0.006087 90.015970
0.006848 90.015970
0.007609 90.015970
0.008370 90.015970
0.009131 90.015970
0.009892 90.015971
0.010653 90.015971
0.011414 90.015971
0.012175 90.015971
0.012936 90.015972
0.013697 90.015972
0.014458 90.015972
0.015219 90.015973
0.015980 90.015973
0.016740 90.015973
0.017501 90.015974
0.018262 90.015974
0.019023 90.015974
0.019784 90.015975
0.020545 90.015975
0.021306 90.015975
0.022067 90.015975
0.022828 90.015976
0.023589 90.015976
0.024350 90.015976
0.025111 90.015977
0.025872 90.015977
0.026633 90.015977
0.027394 90.015977
0.028154 90.015977
0.028915 90.015978
0.029676 90.015978
0.030437 90.015978
0.031198 90.015978
0.031959 90.015978
0.032720 90.015978
0.033481 90.015979
0.034242 90.015979
0.035003 90.015979
0.035764 90.015979
0.036525 90.015979
0.037286 90.015979

0.037286 90.015979
0.038046 90.015979
0.038808 90.015979
0.039568 90.015979
0.040329 90.015979
0.041090 90.015979
0.041851 90.015979
0.042612 90.015979
0.043373 90.015979
0.044134 90.015980
0.044895 90.015980
0.045656 90.015980
0.046417 90.015980
0.047178 90.015981
0.047939 90.015981
0.048700 90.015981
0.049460 90.015981
0.050221 90.015982
0.050982 90.015982
0.051743 90.015982
0.052504 90.015983
0.053265 90.015983
0.054026 90.015983
0.054787 90.015984
0.055548 90.015984
0.056309 90.015984
0.057070 90.015985
0.057831 90.015985
0.058592 90.015985
0.059353 90.015986
0.060114 90.015986
0.060874 90.015986
0.061635 90.015987
0.062396 90.015987
0.063157 90.015987
0.063918 90.015988
0.064679 90.015988
0.065440 90.015988
0.066201 90.015988
0.066962 90.015988
0.067723 90.015989
0.068484 90.015989
0.069245 90.015989
0.070006 90.015989
0.070767 90.015989
0.071527 90.015989
0.072288 90.015989
0.073049 90.015990
0.073810 90.015990
0.074571 90.015990

0.074571 90.015990
0.075647 90.015990
0.076724 90.015989
0.077800 90.015989
0.078876 90.015989
0.079952 90.015989
0.081028 90.015989
0.082104 90.015989
0.083180 90.015988
0.084256 90.015988
0.085332 90.015988
0.086408 90.015987
0.087485 90.015987
0.088561 90.015986
0.089637 90.015986
0.090713 90.015985
0.091789 90.015985
0.092865 90.015984
0.093941 90.015983
0.095018 90.015983
0.096094 90.015982
0.097170 90.015982
0.098246 90.015981
0.099322 90.015980
0.100398 90.015980
0.101474 90.015979
0.102550 90.015978
0.103626 90.015978
0.104703 90.015977
0.105779 90.015976
0.106855 90.015976
0.107931 90.015975
0.109007 90.015975
0.110083 90.015974
0.111159 90.015973
0.112235 90.015973
0.113311 90.015972
0.114388 90.015972
0.115464 90.015971
0.116540 90.015971
0.117616 90.015971
0.118692 90.015970
0.119768 90.015970
0.120844 90.015970
0.121920 90.015970
0.122997 90.015969
0.124073 90.015969
0.125149 90.015969
0.126225 90.015969
0.127301 90.015969

0.127301 90.015969
0.128718 90.016115
0.130135 90.016500
0.131553 90.017028
0.132970 90.017628
0.134387 90.018272
0.135804 90.018940
0.137222 90.019621
0.138639 90.020309
0.140056 90.020999
0.141473 90.021689
0.142891 90.022376
0.144308 90.023058
0.145725 90.023735
0.147142 90.024404
0.148560 90.025064
0.149977 90.025716
0.151394 90.026357
0.152811 90.026986
0.154228 90.027604
0.155646 90.028209
0.157063 90.028801
0.158480 90.029378
0.159897 90.029940
0.161315 90.030487
0.162732 90.031018
0.164149 90.031532
0.165566 90.032029
0.166984 90.032507
0.168401 90.032967
0.169818 90.033409
0.171235 90.033830
0.172652 90.034232
0.174070 90.034613
0.175487 90.034974
0.176904 90.035313
0.178321 90.035630
0.179739 90.035926
0.181156 90.036199
0.182573 90.036449
0.183990 90.036677
0.185408 90.036881
0.186825 90.037062
0.188242 90.037219
0.189659 90.037353
0.191077 90.037462
0.192494 90.037547
0.193911 90.037608
0.195328 90.037645
0.196745 90.037658

0.196745 90.037658
0.197506 90.037658
0.198267 90.037658
0.199028 90.037658
0.199789 90.037658
0.200550 90.037658
0.201311 90.037658
0.202072 90.037658
0.202833 90.037658
0.203594 90.037658
0.204355 90.037658
0.205116 90.037658
0.205877 90.037658
0.206638 90.037658
0.207399 90.037658
0.208159 90.037658
0.208920 90.037658
0.209681 90.037658
0.210442 90.037658
0.211203 90.037658
0.211964 90.037658
0.212725 90.037658
0.213486 90.037658
0.214247 90.037658
0.215008 90.037658
0.215769 90.037658
0.216530 90.037658
0.217291 90.037658
0.218052 90.037658
0.218812 90.037658
0.219573 90.037658
0.220334 90.037658
0.221095 90.037658
0.221856 90.037658
0.222617 90.037658
0.223378 90.037658
0.224139 90.037658
0.224900 90.037658
0.225661 90.037658
0.226422 90.037658
0.227183 90.037658
0.227944 90.037658
0.228705 90.037658
0.229465 90.037658
0.230226 90.037658
0.230987 90.037658
0.231748 90.037658
0.232509 90.037658
0.233270 90.037658
0.234031 90.037658

0.234031 90.037658
0.234792 90.037658
0.235553 90.037658
0.236314 90.037658
0.237075 90.037658
0.237836 90.037659
0.238597 90.037659
0.239358 90.037660
0.240119 90.037661
0.240879 90.037662
0.241640 90.037662
0.242401 90.037663
0.243162 90.037664
0.243923 90.037666
0.244684 90.037667
0.245445 90.037668
0.246206 90.037669
0.246967 90.037671
0.247728 90.037672
0.248489 90.037674
0.249250 90.037675
0.250011 90.037677
0.250772 90.037678
0.251532 90.037680
0.252293 90.037681
0.253054 90.037683
0.253815 90.037684
0.254576 90.037686
0.255337 90.037687
0.256098 90.037689
0.256859 90.037690
0.257620 90.037692
0.258381 90.037693
0.259142 90.037695
0.259903 90.037696
0.260664 90.037697
0.261425 90.037698
0.262186 90.037699
0.262946 90.037700
0.263707 90.037701
0.264468 90.037702
0.265229 90.037703
0.265990 90.037704
0.266751 90.037704
0.267512 90.037705
0.268273 90.037705
0.269034 90.037706
0.269795 90.037706
0.270556 90.037706
0.271317 90.037706

0.271317 90.037706
0.272393 90.037706
0.273469 90.037706
0.274545 90.037706
0.275621 90.037705
0.276697 90.037705
0.277773 90.037704
0.278849 90.037704
0.279926 90.037703
0.281002 90.037702
0.282078 90.037701
0.283154 90.037700
0.284230 90.037699
0.285306 90.037698
0.286382 90.037697
0.287459 90.037696
0.288535 90.037695
0.289611 90.037693
0.290687 90.037692
0.291763 90.037690
0.292839 90.037689
0.293915 90.037687
0.294991 90.037686
0.296067 90.037684
0.297144 90.037683
0.298220 90.037681
0.299296 90.037680
0.300372 90.037678
0.301448 90.037677
0.302524 90.037675
0.303600 90.037674
0.304676 90.037672
0.305752 90.037671
0.306829 90.037669
0.307905 90.037668
0.308981 90.037667
0.310057 90.037666
0.311133 90.037665
0.312209 90.037663
0.313285 90.037663
0.314361 90.037662
0.315438 90.037661
0.316514 90.037660
0.317590 90.037659
0.318666 90.037659
0.319742 90.037658
0.320818 90.037658
0.321894 90.037658
0.322970 90.037658
0.324047 90.037658


0.000000 90.015988
0.000761 90.015988
0.001522 90.015988
0.002283 90.015988
0.003044 90.015988
0.003805 90.015988
0.004566 90.015988
0.005326 90.015988
0.006087 90.015988
0.006848 90.015989
0.007609 90.015989
0.008370 90.015989
0.009131 90.015989
0.009892 90.015989
0.010653 90.015989
0.011414 90.015989
0.012175 90.015989
0.012936 90.015989
0.013697 90.015989
0.014458 90.015989
0.015219 90.015989
0.015980 90.015989
0.016740 90.015989
0.017501 90.015989
0.018262 90.015989
0.019023 90.015989
0.019784 90.015989
0.020545 90.015989
0.021306 90.015989
0.022067 90.015989
0.022828 90.015989
0.023589 90.015989
0.024350 90.015989
0.025111 90.015989
0.025872 90.015989
0.026633 90.015989
0.027394 90.015989
0.028154 90.015989
0.028915 90.015989
0.029676 90.015989
0.030437 90.015989
0.031198 90.015989
0.031959 90.015989
0.032720 90.015989
0.033481 90.015990
0.034242 90.015990
0.035003 90.015990
0.035764 90.015990
0.036525 90.015990
0.037286 90.015990

0.037286 90.015990
0.038046 90.015990
0.038808 90.015990
0.039568 90.015990
0.040329 90.015990
0.041090 90.015990
0.041851 90.015990
0.042612 90.015990
0.043373 90.015990
0.044134 90.015990
0.044895 90.015990
0.045656 90.015990
0.046417 90.015990
0.047178 90.015990
0.047939 90.015990
0.048700 90.015990
0.049460 90.015990
0.050221 90.015990
0.050982 90.015990
0.051743 90.015990
0.052504 90.015990
0.053265 90.015990
0.054026 90.015990
0.054787 90.015990
0.055548 90.015990
0.056309 90.015990
0.057070 90.015990
0.057831 90.015990
0.058592 90.015990
0.059353 90.015990
0.060114 90.015990
0.060874 90.015990
0.061635 90.015990
0.062396 90.015990
0.063157 90.015990
0.063918 90.015990
0.064679 90.015990
0.065440 90.015990
0.066201 90.015990
0.066962 90.015990
0.067723 90.015990
0.068484 90.015990
0.069245 90.015990
0.070006 90.015990
0.070767 90.015990
0.071527 90.015990
0.072288 90.015990
0.073049 90.015990
0.073810 90.015990
0.074571 90.015990

0.074571 90.015990
0.075647 90.015990
0.076724 90.015990
0.077800 90.015990
0.078876 90.015990
0.079952 90.015990
0.081028 90.015990
0.082104 90.015990
0.083180 90.015989
0.084256 90.015989
0.085332 90.015989
0.086408 90.015989
0.087485 90.015989
0.088561 90.015989
0.089637 90.015989
0.090713 90.015989
0.091789 90.015989
0.092865 90.015989
0.093941 90.015989
0.095018 90.015989
0.096094 90.015989
0.097170 90.015989
0.098246 90.015989
0.099322 90.015989
0.100398 90.015989
0.101474 90.015989
0.102550 90.015989
0.103626 90.015989
0.104703 90.015989
0.105779 90.015989
0.106855 90.015989
0.107931 90.015989
0.109007 90.015989
0.110083 90.015989
0.111159 90.015989
0.112235 90.015989
0.113311 90.015989
0.114388 90.015989
0.115464 90.015989
0.116540 90.015989
0.117616 90.015989
0.118692 90.015989
0.119768 90.015989
0.120844 90.015989
0.121920 90.015988
0.122997 90.015988
0.124073 90.015988
0.125149 90.015988
0.126225 90.015988
0.127301 90.015988

0.127301 90.015988
0.128718 90.016131
0.130135 90.016508
0.131553 90.017029
0.132970 90.017635
0.134387 90.018283
0.135804 90.018953
0.137222 90.019637
0.138639 90.020326
0.140056 90.021018
0.141473 90.021709
0.142891 90.022396
0.144308 90.023079
0.145725 90.023755
0.147142 90.024424
0.148560 90.025085
0.149977 90.025736
0.151394 90.026377
0.152811 90.027006
0.154228 90.027624
0.155646 90.028228
0.157063 90.028819
0.158480 90.029396
0.159897 90.029958
0.161315 90.030504
0.162732 90.031035
0.164149 90.031548
0.165566 90.032044
0.166984 90.032522
0.168401 90.032982
0.169818 90.033422
0.171235 90.033843
0.172652 90.034244
0.174070 90.034625
0.175487 90.034984
0.176904 90.035323
0.178321 90.035640
0.179739 90.035934
0.181156 90.036207
0.182573 90.036457
0.183990 90.036683
0.185408 90.036887
0.186825 90.037067
0.188242 90.037223
0.189659 90.037356
0.191077 90.037465
0.192494 90.037549
0.193911 90.037610
0.195328 90.037646
0.196745 90.037658

0.196745 90.037658
0.197506 90.037658
0.198267 90.037658
0.199028 90.037658
0.199789 90.037658
0.200550 90.037659
0.201311 90.037659
0.202072 90.037660
0.202833 90.037661
0.203594 90.037662
0.204355 90.037663
0.205116 90.037663
0.205877 90.037665
0.206638 90.037666
0.207399 90.037667
0.208159 90.037668
0.208920 90.037669
0.209681 90.037671
0.210442 90.037672
0.211203 90.037674
0.211964 90.037675
0.212725 90.037677
0.213486 90.037678
0.214247 90.037680
0.215008 90.037681
0.215769 90.037683
0.216530 90.037684
0.217291 90.037686
0.218052 90.037687
0.218812 90.037689
0.219573 90.037690
0.220334 90.037692
0.221095 90.037693
0.221856 90.037695
0.222617 90.037696
0.223378 90.037697
0.224139 90.037698
0.224900 90.037699
0.225661 90.037700
0.226422 90.037701
0.227183 90.037702
0.227944 90.037703
0.228705 90.037704
0.229465 90.037704
0.230226 90.037705
0.230987 90.037705
0.231748 90.037706
0.232509 90.037706
0.233270 90.037706
0.234031 90.037706

0.234031 90.037706
0.234792 90.037706
0.235553 90.037706
0.236314 90.037706
0.237075 90.037706
0.237836 90.037706
0.238597 90.037706
0.239358 90.037706
0.240119 90.037706
0.240879 90.037706
0.241640 90.037706
0.242401 90.037706
0.243162 90.037706
0.243923 90.037706
0.244684 90.037706
0.245445 90.037706
0.246206 90.037706
0.246967 90.037706
0.247728 90.037706
0.248489 90.037706
0.249250 90.037706
0.250011 90.037706
0.250772 90.037706
0.251532 90.037706
0.252293 90.037706
0.253054 90.037706
0.253815 90.037706
0.254576 90.037706
0.255337 90.037706
0.256098 90.037706
0.256859 90.037706
0.257620 90.037706
0.258381 90.037706
0.259142 90.037706
0.259903 90.037706
0.260664 90.037706
0.261425 90.037706
0.262186 90.037706
0.262946 90.037706
0.263707 90.037706
0.264468 90.037706
0.265229 90.037706
0.265990 90.037706
0.266751 90.037706
0.267512 90.037706
0.268273 90.037706
0.269034 90.037706
0.269795 90.037706
0.270556 90.037706
0.271317 90.037706

0.271317 90.037706
0.272393 90.037706
0.273469 90.037706
0.274545 90.037706
0.275621 90.037705
0.276697 90.037705
0.277773 90.037704
0.278849 90.037704
0.279926 90.037703
0.281002 90.037702
0.282078 90.037701
0.283154 90.037700
0.284230 90.037699
0.285306 90.037698
0.286382 90.037697
0.287459 90.037696
0.288535 90.037695
0.289611 90.037693
0.290687 90.037692
0.291763 90.037690
0.292839 90.037689
0.293915 90.037687
0.294991 90.037686
0.296067 90.037684
0.297144 90.037683
0.298220 90.037681
0.299296 90.037680
0.300372 90.037678
0.301448 90.037677
0.302524 90.037675
0.303600 90.037674
0.304676 90.037672
0.305752 90.037671
0.306829 90.037669
0.307905 90.037668
0.308981 90.037667
0.310057 90.037666
0.311133 90.037665
0.312209 90.037663
0.313285 90.037663
0.314361 90.037662
0.315438 90.037661
0.316514 90.037660
0.317590 90.037659
0.318666 90.037659
0.319742 90.037658
0.320818 90.037658
0.321894 90.037658
0.322970 90.037658
0.324047 90.037658


0.000000 90.107439
0.000761 90.107439
0.001522 90.107439
0.002283 90.107439
0.003044 90.107439
0.003805 90.107439
0.004566 90.107439
0.005326 90.107439
0.006087 90.107439
0.006848 90.107438
0.007609 90.107438
0.008370 90.107438
0.009131 90.107438
0.009892 90.107437
0.010653 90.107437
0.011414 90.107437
0.012175 90.107436
0.012936 90.107436
0.013697 90.107436
0.014458 90.107436
0.015219 90.107435
0.015980 90.107435
0.016740 90.107434
0.017501 90.107434
0.018262 90.107434
0.019023 90.107433
0.019784 90.107433
0.020545 90.107433
0.021306 90.107432
0.022067 90.107432
0.022828 90.107432
0.023589 90.107431
0.024350 90.107431
0.025111 90.107431
0.025872 90.107430
0.026633 90.107430
0.027394 90.107430
0.028154 90.107429
0.028915 90.107429
0.029676 90.107429
0.030437 90.107429
0.031198 90.107429
0.031959 90.107428
0.032720 90.107428
0.033481 90.107428
0.034242 90.107428
0.035003 90.107428
0.035764 90.107428
0.036525 90.107428
0.037286 90.107428

0.037286 90.107428
0.038046 90.107428
0.038808 90.107428
0.039568 90.107427
0.040329 90.107427
0.041090 90.107426
0.041851 90.107426
0.042612 90.107425
0.043373 90.107424
0.044134 90.107424
0.044895 90.107423
0.045656 90.107422
0.046417 90.107421
0.047178 90.107421
0.047939 90.107420
0.048700 90.107419
0.049460 90.107418
0.050221 90.107417
0.050982 90.107417
0.051743 90.107416
0.052504 90.107415
0.053265 90.107414
0.054026 90.107413
0.054787 90.107412
0.055548 90.107412
0.056309 90.107411
0.057070 90.107410
0.057831 90.107409
0.058592 90.107409
0.059353 90.107408
0.060114 90.107407
0.060874 90.107407
0.061635 90.107406
0.062396 90.107406
0.063157 90.107405
0.063918 90.107404
0.064679 90.107404
0.065440 90.107403
0.066201 90.107403
0.066962 90.107403
0.067723 90.107402
0.068484 90.107402
0.069245 90.107402
0.070006 90.107401
0.070767 90.107401
0.071527 90.107401
0.072288 90.107401
0.073049 90.107401
0.073810 90.107401
0.074571 90.107401

0.074571 90.107401
0.075647 90.107401
0.076724 90.107401
0.077800 90.107401
0.078876 90.107401
0.079952 90.107402
0.081028 90.107402
0.082104 90.107403
0.083180 90.107403
0.084256 90.107404
0.085332 90.107405
0.086408 90.107405
0.087485 90.107406
0.088561 90.107407
0.089637 90.107408
0.090713 90.107409
0.091789 90.107410
0.092865 90.107411
0.093941 90.107412
0.095018 90.107413
0.096094 90.107415
0.097170 90.107416
0.098246 90.107417
0.099322 90.107418
0.100398 90.107419
0.101474 90.107421
0.102550 90.107422
0.103626 90.107423
0.104703 90.107424
0.105779 90.107425
0.106855 90.107427
0.107931 90.107428
0.109007 90.107429
0.110083 90.107430
0.111159 90.107431
0.112235 90.107432
0.113311 90.107433
0.114388 90.107434
0.115464 90.107435
0.116540 90.107435
0.117616 90.107436
0.118692 90.107437
0.119768 90.107437
0.120844 90.107438
0.121920 90.107438
0.122997 90.107439
0.124073 90.107439
0.125149 90.107439
0.126225 90.107439
0.127301 90.107439

0.127301 90.107439
0.128718 90.107376
0.130135 90.107191
0.131553 90.106891
0.132970 90.106490
0.134387 90.106002
0.135804 90.105442
0.137222 90.104823
0.138639 90.104158
0.140056 90.103456
0.141473 90.102727
0.142891 90.101977
0.144308 90.101212
0.145725 90.100438
0.147142 90.099659
0.148560 90.098879
0.149977 90.098100
0.151394 90.097326
0.152811 90.096559
0.154228 90.095800
0.155646 90.095052
0.157063 90.094317
0.158480 90.093596
0.159897 90.092890
0.161315 90.092202
0.162732 90.091531
0.164149 90.090879
0.165566 90.090248
0.166984 90.089638
0.168401 90.089050
0.169818 90.088486
0.171235 90.087945
0.172652 90.087429
0.174070 90.086938
0.175487 90.086474
0.176904 90.086036
0.178321 90.085626
0.179739 90.085244
0.181156 90.084890
0.182573 90.084566
0.183990 90.084271
0.185408 90.084006
0.186825 90.083771
0.188242 90.083567
0.189659 90.083394
0.191077 90.083252
0.192494 90.083141
0.193911 90.083062
0.195328 90.083014
0.196745 90.082998

0.196745 90.082998
0.197506 90.082998
0.198267 90.082998
0.199028 90.082998
0.199789 90.082998
0.200550 90.082998
0.201311 90.082998
0.202072 90.082998
0.202833 90.082998
0.203594 90.082998
0.204355 90.082998
0.205116 90.082998
0.205877 90.082998
0.206638 90.082998
0.207399 90.082998
0.208159 90.082998
0.208920 90.082998
0.209681 90.082998
0.210442 90.082998
0.211203 90.082998
0.211964 90.082998
0.212725 90.082998
0.213486 90.082998
0.214247 90.082998
0.215008 90.082998
0.215769 90.082998
0.216530 90.082998
0.217291 90.082998
0.218052 90.082998
0.218812 90.082998
0.219573 90.082998
0.220334 90.082998
0.221095 90.082998
0.221856 90.082998
0.222617 90.082998
0.223378 90.082998
0.224139 90.082998
0.224900 90.082998
0.225661 90.082998
0.226422 90.082998
0.227183 90.082998
0.227944 90.082998
0.228705 90.082998
0.229465 90.082998
0.230226 90.082998
0.230987 90.082998
0.231748 90.082998
0.232509 90.082998
0.233270 90.082998
0.234031 90.082998

0.234031 90.082998
0.234792 90.082999
0.235553 90.082999
0.236314 90.082999
0.237075 90.082999
0.237836 90.083000
0.238597 90.083000
0.239358 90.083001
0.240119 90.083001
0.240879 90.083002
0.241640 90.083003
0.242401 90.083004
0.243162 90.083005
0.243923 90.083006
0.244684 90.083007
0.245445 90.083008
0.246206 90.083009
0.246967 90.083010
0.247728 90.083012
0.248489 90.083013
0.249250 90.083014
0.250011 90.083015
0.250772 90.083017
0.251532 90.083018
0.252293 90.083020
0.253054 90.083021
0.253815 90.083022
0.254576 90.083024
0.255337 90.083025
0.256098 90.083027
0.256859 90.083028
0.257620 90.083029
0.258381 90.083030
0.259142 90.083032
0.259903 90.083033
0.260664 90.083034
0.261425 90.083035
0.262186 90.083036
0.262946 90.083037
0.263707 90.083038
0.264468 90.083039
0.265229 90.083039
0.265990 90.083040
0.266751 90.083041
0.267512 90.083041
0.268273 90.083042
0.269034 90.083042
0.269795 90.083042
0.270556 90.083042
0.271317 90.083042

0.271317 90.083042
0.272393 90.083042
0.273469 90.083042
0.274545 90.083042
0.275621 90.083042
0.276697 90.083041
0.277773 90.083041
0.278849 90.083040
0.279926 90.083039
0.281002 90.083039
0.282078 90.083038
0.283154 90.083037
0.284230 90.083036
0.285306 90.083035
0.286382 90.083034
0.287459 90.083033
0.288535 90.083032
0.289611 90.083030
0.290687 90.083029
0.291763 90.083028
0.292839 90.083027
0.293915 90.083025
0.294991 90.083024
0.296067 90.083022
0.297144 90.083021
0.298220 90.083020
0.299296 90.083018
0.300372 90.083017
0.301448 90.083016
0.302524 90.083014
0.303600 90.083013
0.304676 90.083012
0.305752 90.083010
0.306829 90.083009
0.307905 90.083008
0.308981 90.083007
0.310057 90.083006
0.311133 90.083005
0.312209 90.083004
0.313285 90.083003
0.314361 90.083002
0.315438 90.083001
0.316514 90.083001
0.317590 90.083000
0.318666 90.083000
0.319742 90.082999
0.320818 90.082999
0.321894 90.082999
0.322970 90.082999
0.324047 90.082998


0.000000 90.107439
0.000761 90.107439
0.001522 90.107439
0.002283 90.107439
0.003044 90.107439
0.003805 90.107439
0.004566 90.107439
0.005326 90.107439
0.006087 90.107439
0.006848 90.107439
0.007609 90.107439
0.008370 90.107439
0.009131 90.107439
0.009892 90.107439
0.010653 90.107439
0.011414 90.107439
0.012175 90.107439
0.012936 90.107439
0.013697 90.107439
0.014458 90.107439
0.015219 90.107439
0.015980 90.107439
0.016740 90.107439
0.017501 90.107439
0.018262 90.107439
0.019023 90.107439
0.019784 90.107439
0.020545 90.107439
0.021306 90.107439
0.022067 90.107439
0.022828 90.107439
0.023589 90.107439
0.024350 90.107439
0.025111 90.107439
0.025872 90.107439
0.026633 90.107439
0.027394 90.107439
0.028154 90.107439
0.028915 90.107439
0.029676 90.107439
0.030437 90.107439
0.031198 90.107439
0.031959 90.107439
0.032720 90.107439
0.033481 90.107439
0.034242 90.107439
0.035003 90.107439
0.035764 90.107439
0.036525 90.107439
0.037286 90.107439

0.037286 90.107439
0.038046 90.107439
0.038808 90.107439
0.039568 90.107440
0.040329 90.107440
0.041090 90.107440
0.041851 90.107441
0.042612 90.107441
0.043373 90.107442
0.044134 90.107442
0.044895 90.107443
0.045656 90.107443
0.046417 90.107444
0.047178 90.107445
0.047939 90.107445
0.048700 90.107446
0.049460 90.107446
0.050221 90.107447
0.050982 90.107447
0.051743 90.107448
0.052504 90.107448
0.053265 90.107449
0.054026 90.107449
0.054787 90.107449
0.055548 90.107450
0.056309 90.107450
0.057070 90.107451
0.057831 90.107451
0.058592 90.107451
0.059353 90.107452
0.060114 90.107452
0.060874 90.107452
0.061635 90.107453
0.062396 90.107453
0.063157 90.107453
0.063918 90.107453
0.064679 90.107454
0.065440 90.107454
0.066201 90.107454
0.066962 90.107454
0.067723 90.107454
0.068484 90.107454
0.069245 90.107455
0.070006 90.107455
0.070767 90.107455
0.071527 90.107455
0.072288 90.107455
0.073049 90.107455
0.073810 90.107455
0.074571 90.107455

0.074571 90.107455
0.075647 90.107455
0.076724 90.107455
0.077800 90.107455
0.078876 90.107455
0.079952 90.107454
0.081028 90.107454
0.082104 90.107454
0.083180 90.107454
0.084256 90.107454
0.085332 90.107453
0.086408 90.107453
0.087485 90.107453
0.088561 90.107452
0.089637 90.107452
0.090713 90.107452
0.091789 90.107451
0.092865 90.107451
0.093941 90.107450
0.095018 90.107450
0.096094 90.107449
0.097170 90.107449
0.098246 90.107448
0.099322 90.107448
0.100398 90.107447
0.101474 90.107447
0.102550 90.107446
0.103626 90.107446
0.104703 90.107445
0.105779 90.107445
0.106855 90.107444
0.107931 90.107444
0.109007 90.107443
0.110083 90.107443
0.111159 90.107443
0.112235 90.107442
0.113311 90.107442
0.114388 90.107441
0.115464 90.107441
0.116540 90.107441
0.117616 90.107441
0.118692 90.107440
0.119768 90.107440
0.120844 90.107440
0.121920 90.107440
0.122997 90.107440
0.124073 90.107439
0.125149 90.107439
0.126225 90.107439
0.127301 90.107439

0.127301 90.107439
0.128718 90.107376
0.130135 90.107191
0.131553 90.106891
0.132970 90.106490
0.134387 90.106002
0.135804 90.105442
0.137222 90.104823
0.138639 90.104158
0.140056 90.103456
0.141473 90.102727
0.142891 90.101977
0.144308 90.101212
0.145725 90.100438
0.147142 90.099659
0.148560 90.098879
0.149977 90.098100
0.151394 90.097326
0.152811 90.096559
0.154228 90.095800
0.155646 90.095052
0.157063 90.094317
0.158480 90.093596
0.159897 90.092890
0.161315 90.092202
0.162732 90.091531
0.164149 90.090879
0.165566 90.090248
0.166984 90.089638
0.168401 90.089050
0.169818 90.088486
0.171235 90.087945
0.172652 90.087429
0.174070 90.086938
0.175487 90.086474
0.176904 90.086036
0.178321 90.085626
0.179739 90.085244
0.181156 90.084890
0.182573 90.084566
0.183990 90.084271
0.185408 90.084006
0.186825 90.083771
0.188242 90.083567
0.189659 90.083394
0.191077 90.083252
0.192494 90.083141
0.193911 90.083062
0.195328 90.083014
0.196745 90.082998

0.196745 90.082998
0.197506 90.082999
0.198267 90.082999
0.199028 90.082999
0.199789 90.082999
0.200550 90.083000
0.201311 90.083000
0.202072 90.083001
0.202833 90.083001
0.203594 90.083002
0.204355 90.083003
0.205116 90.083004
0.205877 90.083005
0.206638 90.083006
0.207399 90.083007
0.208159 90.083008
0.208920 90.083009
0.209681 90.083010
0.210442 90.083012
0.211203 90.083013
0.211964 90.083014
0.212725 90.083016
0.213486 90.083017
0.214247 90.083018
0.215008 90.083020
0.215769 90.083021
0.216530 90.083022
0.217291 90.083024
0.218052 90.083025
0.218812 90.083027
0.219573 90.083028
0.220334 90.083029
0.221095 90.083031
0.221856 90.083032
0.222617 90.083033
0.223378 90.083034
0.224139 90.083035
0.224900 90.083036
0.225661 90.083037
0.226422 90.083038
0.227183 90.083039
0.227944 90.083039
0.228705 90.083040
0.229465 90.083041
0.230226 90.083041
0.230987 90.083042
0.231748 90.083042
0.232509 90.083042
0.233270 90.083042
0.234031 90.083042

0.234031 90.083042
0.234792 90.083042
0.235553 90.083042
0.236314 90.083042
0.237075 90.083042
0.237836 90.083042
0.238597 90.083042
0.239358 90.083042
0.240119 90.083042
0.240879 90.083042
0.241640 90.083042
0.242401 90.083042
0.243162 90.083042
0.243923 90.083042
0.244684 90.083042
0.245445 90.083042
0.246206 90.083042
0.246967 90.083042
0.247728 90.083042
0.248489 90.083042
0.249250 90.083042
0.250011 90.083042
0.250772 90.083042
0.251532 90.083042
0.252293 90.083042
0.253054 90.083042
0.253815 90.083042
0.254576 90.083042
0.255337 90.083042
0.256098 90.083042
0.256859 90.083042
0.257620 90.083042
0.258381 90.083042
0.259142 90.083042
0.259903 90.083042
0.260664 90.083042
0.261425 90.083042
0.262186 90.083042
0.262946 90.083042
0.263707 90.083042
0.264468 90.083042
0.265229 90.083042
0.265990 90.083042
0.266751 90.083042
0.267512 90.083042
0.268273 90.083042
0.269034 90.083042
0.269795 90.083042
0.270556 90.083042
0.271317 90.083042

0.271317 90.083042
0.272393 90.083042
0.273469 90.083042
0.274545 90.083042
0.275621 90.083042
0.276697 90.083041
0.277773 90.083041
0.278849 90.083040
0.279926 90.083039
0.281002 90.083039
0.282078 90.083038
0.283154 90.083037
0.284230 90.083036
0.285306 90.083035
0.286382 90.083034
0.287459 90.083033
0.288535 90.083032
0.289611 90.083030
0.290687 90.083029
0.291763 90.083028
0.292839 90.083027
0.293915 90.083025
0.294991 90.083024
0.296067 90.083022
0.297144 90.083021
0.298220 90.083020
0.299296 90.083018
0.300372 90.083017
0.301448 90.083016
0.302524 90.083014
0.303600 90.083013
0.304676 90.083012
0.305752 90.083010
0.306829 90.083009
0.307905 90.083008
0.308981 90.083007
0.310057 90.083006
0.311133 90.083005
0.312209 90.083004
0.313285 90.083003
0.314361 90.083002
0.315438 90.083001
0.316514 90.083001
0.317590 90.083000
0.318666 90.083000
0.319742 90.082999
0.320818 90.082999
0.321894 90.082999
0.322970 90.082999
0.324047 90.082998


0.000000 90.123474
0.000761 90.123474
0.001522 90.123474
0.002283 90.123474
0.003044 90.123474
0.003805 90.123474
0.004566 90.123474
0.005326 90.123474
0.006087 90.123474
0.006848 90.123474
0.007609 90.123474
0.008370 90.123474
0.009131 90.123474
0.009892 90.123474
0.010653 90.123474
0.011414 90.123474
0.012175 90.123474
0.012936 90.123474
0.013697 90.123474
0.014458 90.123474
0.015219 90.123474
0.015980 90.123474
0.016740 90.123474
0.017501 90.123474
0.018262 90.123474
0.019023 90.123474
0.019784 90.123474
0.020545 90.123474
0.021306 90.123474
0.022067 90.123474
0.022828 90.123474
0.023589 90.123474
0.024350 90.123474
0.025111 90.123474
0.025872 90.123474
0.026633 90.123474
0.027394 90.123474
0.028154 90.123474
0.028915 90.123474
0.029676 90.123474
0.030437 90.123474
0.031198 90.123474
0.031959 90.123474
0.032720 90.123474
0.033481 90.123474
0.034242 90.123474
0.035003 90.123474
0.035764 90.123474
0.036525 90.123474
0.037286 90.123474

0.037286 90.123474
0.038046 90.123474
0.038808 90.123472
0.039568 90.123470
0.040329 90.123468
0.041090 90.123466
0.041851 90.123464
0.042612 90.123462
0.043373 90.123460
0.044134 90.123458
0.044895 90.123456
0.045656 90.123454
0.046417 90.123452
0.047178 90.123450
0.047939 90.123448
0.048700 90.123447
0.049460 90.123445
0.050221 90.123443
0.050982 90.123441
0.051743 90.123440
0.052504 90.123438
0.053265 90.123436
0.054026 90.123435
0.054787 90.123433
0.055548 90.123432
0.056309 90.123430
0.057070 90.123429
0.057831 90.123427
0.058592 90.123426
0.059353 90.123425
0.060114 90.123424
0.060874 90.123423
0.061635 90.123422
0.062396 90.123421
0.063157 90.123420
0.063918 90.123419
0.064679 90.123418
0.065440 90.123417
0.066201 90.123416
0.066962 90.123416
0.067723 90.123415
0.068484 90.123415
0.069245 90.123414
0.070006 90.123414
0.070767 90.123413
0.071527 90.123413
0.072288 90.123413
0.073049 90.123413
0.073810 90.123413
0.074571 90.123413

0.074571 90.123413
0.075647 90.123413
0.076724 90.123413
0.077800 90.123413
0.078876 90.123414
0.079952 90.123414
0.081028 90.123415
0.082104 90.123416
0.083180 90.123417
0.084256 90.123418
0.085332 90.123419
0.086408 90.123420
0.087485 90.123421
0.088561 90.123423
0.089637 90.123424
0.090713 90.123426
0.091789 90.123427
0.092865 90.123429
0.093941 90.123431
0.095018 90.123433
0.096094 90.123435
0.097170 90.123437
0.098246 90.123439
0.099322 90.123440
0.100398 90.123442
0.101474 90.123444
0.102550 90.123446
0.103626 90.123448
0.104703 90.123450
0.105779 90.123452
0.106855 90.123454
0.107931 90.123456
0.109007 90.123458
0.110083 90.123459
0.111159 90.123461
0.112235 90.123463
0.113311 90.123464
0.114388 90.123466
0.115464 90.123467
0.116540 90.123468
0.117616 90.123469
0.118692 90.123470
0.119768 90.123471
0.120844 90.123472
0.121920 90.123473
0.122997 90.123473
0.124073 90.123474
0.125149 90.123474
0.126225 90.123474
0.127301 90.123474

0.127301 90.123474
0.128718 90.123538
0.130135 90.123725
0.131553 90.124028
0.132970 90.124434
0.134387 90.124927
0.135804 90.125494
0.137222 90.126121
0.138639 90.126796
0.140056 90.127508
0.141473 90.128249
0.142891 90.129011
0.144308 90.129789
0.145725 90.130577
0.147142 90.131370
0.148560 90.132166
0.149977 90.132960
0.151394 90.133751
0.152811 90.134535
0.154228 90.135311
0.155646 90.136076
0.157063 90.136828
0.158480 90.137567
0.159897 90.138290
0.161315 90.138996
0.162732 90.139684
0.164149 90.140352
0.165566 90.141000
0.166984 90.141626
0.168401 90.142229
0.169818 90.142809
0.171235 90.143364
0.172652 90.143894
0.174070 90.144398
0.175487 90.144875
0.176904 90.145324
0.178321 90.145745
0.179739 90.146138
0.181156 90.146501
0.182573 90.146834
0.183990 90.147137
0.185408 90.147409
0.186825 90.147650
0.188242 90.147860
0.189659 90.148037
0.191077 90.148183
0.192494 90.148297
0.193911 90.148378
0.195328 90.148427
0.196745 90.148443

0.196745 90.148443
0.197506 90.148443
0.198267 90.148443
0.199028 90.148443
0.199789 90.148443
0.200550 90.148442
0.201311 90.148442
0.202072 90.148441
0.202833 90.148441
0.203594 90.148440
0.204355 90.148439
0.205116 90.148439
0.205877 90.148438
0.206638 90.148437
0.207399 90.148436
0.208159 90.148435
0.208920 90.148434
0.209681 90.148433
0.210442 90.148432
0.211203 90.148431
0.211964 90.148429
0.212725 90.148428
0.213486 90.148427
0.214247 90.148426
0.215008 90.148425
0.215769 90.148423
0.216530 90.148422
0.217291 90.148421
0.218052 90.148420
0.218812 90.148419
0.219573 90.148417
0.220334 90.148416
0.221095 90.148415
0.221856 90.148414
0.222617 90.148413
0.223378 90.148412
0.224139 90.148411
0.224900 90.148410
0.225661 90.148409
0.226422 90.148409
0.227183 90.148408
0.227944 90.148407
0.228705 90.148407
0.229465 90.148406
0.230226 90.148406
0.230987 90.148406
0.231748 90.148405
0.232509 90.148405
0.233270 90.148405
0.234031 90.148405

0.234031 90.148405
0.234792 90.148405
0.235553 90.148405
0.236314 90.148405
0.237075 90.148405
0.237836 90.148405
0.238597 90.148405
0.239358 90.148405
0.240119 90.148405
0.240879 90.148405
0.241640 90.148405
0.242401 90.148405
0.243162 90.148405
0.243923 90.148405
0.244684 90.148405
0.245445 90.148405
0.246206 90.148405
0.246967 90.148405
0.247728 90.148405
0.248489 90.148405
0.249250 90.148405
0.250011 90.148405
0.250772 90.148405
0.251532 90.148405
0.252293 90.148405
0.253054 90.148405
0.253815 90.148405
0.254576 90.148405
0.255337 90.148405
0.256098 90.148405
0.256859 90.148405
0.257620 90.148405
0.258381 90.148405
0.259142 90.148405
0.259903 90.148405
0.260664 90.148405
0.261425 90.148405
0.262186 90.148405
0.262946 90.148405
0.263707 90.148405
0.264468 90.148405
0.265229 90.148405
0.265990 90.148405
0.266751 90.148405
0.267512 90.148405
0.268273 90.148405
0.269034 90.148405
0.269795 90.148405
0.270556 90.148405
0.271317 90.148405

0.271317 90.148405
0.272393 90.148405
0.273469 90.148405
0.274545 90.148405
0.275621 90.148406
0.276697 90.148406
0.277773 90.148406
0.278849 90.148407
0.279926 90.148407
0.281002 90.148408
0.282078 90.148409
0.283154 90.148409
0.284230 90.148410
0.285306 90.148411
0.286382 90.148412
0.287459 90.148413
0.288535 90.148414
0.289611 90.148415
0.290687 90.148416
0.291763 90.148417
0.292839 90.148419
0.293915 90.148420
0.294991 90.148421
0.296067 90.148422
0.297144 90.148423
0.298220 90.148425
0.299296 90.148426
0.300372 90.148427
0.301448 90.148428
0.302524 90.148429
0.303600 90.148431
0.304676 90.148432
0.305752 90.148433
0.306829 90.148434
0.307905 90.148435
0.308981 90.148436
0.310057 90.148437
0.311133 90.148438
0.312209 90.148439
0.313285 90.148439
0.314361 90.148440
0.315438 90.148441
0.316514 90.148441
0.317590 90.148442
0.318666 90.148442
0.319742 90.148443
0.320818 90.148443
0.321894 90.148443
0.322970 90.148443
0.324047 90.148443


0.000000 90.123474
0.000761 90.123474
0.001522 90.123474
0.002283 90.123474
0.003044 90.123474
0.003805 90.123474
0.004566 90.123474
0.005326 90.123475
0.006087 90.123475
0.006848 90.123475
0.007609 90.123475
0.008370 90.123475
0.009131 90.123475
0.009892 90.123475
0.010653 90.123476
0.011414 90.123476
0.012175 90.123476
0.012936 90.123476
0.013697 90.123476
0.014458 90.123477
0.015219 90.123477
0.015980 90.123477
0.016740 90.123477
0.017501 90.123477
0.018262 90.123478
0.019023 90.123478
0.019784 90.123478
0.020545 90.123478
0.021306 90.123479
0.022067 90.123479
0.022828 90.123479
0.023589 90.123479
0.024350 90.123479
0.025111 90.123480
0.025872 90.123480
0.026633 90.123480
0.027394 90.123480
0.028154 90.123480
0.028915 90.123481
0.029676 90.123481
0.030437 90.123481
0.031198 90.123481
0.031959 90.123481
0.032720 90.123481
0.033481 90.123481
0.034242 90.123481
0.035003 90.123481
0.035764 90.123481
0.036525 90.123481
0.037286 90.123481

0.037286 90.123481
0.038046 90.123482
0.038808 90.123483
0.039568 90.123485
0.040329 90.123487
0.041090 90.123489
0.041851 90.123492
0.042612 90.123494
0.043373 90.123496
0.044134 90.123498
0.044895 90.123500
0.045656 90.123502
0.046417 90.123504
0.047178 90.123506
0.047939 90.123508
0.048700 90.123510
0.049460 90.123512
0.050221 90.123514
0.050982 90.123516
0.051743 90.123518
0.052504 90.123520
0.053265 90.123522
0.054026 90.123524
0.054787 90.123526
0.055548 90.123527
0.056309 90.123529
0.057070 90.123531
0.057831 90.123532
0.058592 90.123534
0.059353 90.123535
0.060114 90.123537
0.060874 90.123538
0.061635 90.123539
0.062396 90.123540
0.063157 90.123542
0.063918 90.123543
0.064679 90.123544
0.065440 90.123545
0.066201 90.123545
0.066962 90.123546
0.067723 90.123547
0.068484 90.123548
0.069245 90.123548
0.070006 90.123549
0.070767 90.123549
0.071527 90.123549
0.072288 90.123550
0.073049 90.123550
0.073810 90.123550
0.074571 90.123550

0.074571 90.123550
0.075647 90.123550
0.076724 90.123550
0.077800 90.123549
0.078876 90.123549
0.079952 90.123548
0.081028 90.123547
0.082104 90.123546
0.083180 90.123545
0.084256 90.123544
0.085332 90.123543
0.086408 90.123541
0.087485 90.123539
0.088561 90.123538
0.089637 90.123536
0.090713 90.123534
0.091789 90.123532
0.092865 90.123530
0.093941 90.123528
0.095018 90.123525
0.096094 90.123523
0.097170 90.123521
0.098246 90.123518
0.099322 90.123516
0.100398 90.123513
0.101474 90.123511
0.102550 90.123509
0.103626 90.123506
0.104703 90.123504
0.105779 90.123501
0.106855 90.123499
0.107931 90.123497
0.109007 90.123495
0.110083 90.123492
0.111159 90.123490
0.112235 90.123488
0.113311 90.123487
0.114388 90.123485
0.115464 90.123483
0.116540 90.123482
0.117616 90.123480
0.118692 90.123479
0.119768 90.123478
0.120844 90.123477
0.121920 90.123476
0.122997 90.123475
0.124073 90.123475
0.125149 90.123475
0.126225 90.123474
0.127301 90.123474

0.127301 90.123474
0.128718 90.123538
0.130135 90.123725
0.131553 90.124028
0.132970 90.124434
0.134387 90.124927
0.135804 90.125494
0.137222 90.126121
0.138639 90.126796
0.140056 90.127508
0.141473 90.128249
0.142891 90.129011
0.144308 90.129789
0.145725 90.130577
0.147142 90.131370
0.148560 90.132166
0.149977 90.132960
0.151394 90.133751
0.152811 90.134535
0.154228 90.135311
0.155646 90.136076
0.157063 90.136828
0.158480 90.137567
0.159897 90.138290
0.161315 90.138996
0.162732 90.139684
0.164149 90.140352
0.165566 90.141000
0.166984 90.141626
0.168401 90.142229
0.169818 90.142809
0.171235 90.143364
0.172652 90.143894
0.174070 90.144398
0.175487 90.144875
0.176904 90.145324
0.178321 90.145745
0.179739 90.146138
0.181156 90.146501
0.182573 90.146834
0.183990 90.147137
0.185408 90.147409
0.186825 90.147650
0.188242 90.147860
0.189659 90.148037
0.191077 90.148183
0.192494 90.148297
0.193911 90.148378
0.195328 90.148427
0.196745 90.148443

0.196745 90.148443
0.197506 90.148443
0.198267 90.148443
0.199028 90.148443
0.199789 90.148443
0.200550 90.148443
0.201311 90.148443
0.202072 90.148443
0.202833 90.148443
0.203594 90.148443
0.204355 90.148443
0.205116 90.148443
0.205877 90.148443
0.206638 90.148443
0.207399 90.148443
0.208159 90.148443
0.208920 90.148443
0.209681 90.148443
0.210442 90.148443
0.211203 90.148443
0.211964 90.148443
0.212725 90.148443
0.213486 90.148443
0.214247 90.148443
0.215008 90.148443
0.215769 90.148443
0.216530 90.148443
0.217291 90.148443
0.218052 90.148443
0.218812 90.148443
0.219573 90.148443
0.220334 90.148443
0.221095 90.148443
0.221856 90.148443
0.222617 90.148443
0.223378 90.148443
0.224139 90.148443
0.224900 90.148443
0.225661 90.148443
0.226422 90.148443
0.227183 90.148443
0.227944 90.148443
0.228705 90.148443
0.229465 90.148443
0.230226 90.148443
0.230987 90.148443
0.231748 90.148443
0.232509 90.148443
0.233270 90.148443
0.234031 90.148443

0.234031 90.148443
0.234792 90.148443
0.235553 90.148443
0.236314 90.148443
0.237075 90.148443
0.237836 90.148442
0.238597 90.148442
0.239358 90.148441
0.240119 90.148441
0.240879 90.148440
0.241640 90.148439
0.242401 90.148439
0.243162 90.148438
0.243923 90.148437
0.244684 90.148436
0.245445 90.148435
0.246206 90.148434
0.246967 90.148433
0.247728 90.148432
0.248489 90.148431
0.249250 90.148429
0.250011 90.148428
0.250772 90.148427
0.251532 90.148426
0.252293 90.148425
0.253054 90.148423
0.253815 90.148422
0.254576 90.148421
0.255337 90.148420
0.256098 90.148419
0.256859 90.148417
0.257620 90.148416
0.258381 90.148415
0.259142 90.148414
0.259903 90.148413
0.260664 90.148412
0.261425 90.148411
0.262186 90.148410
0.262946 90.148409
0.263707 90.148409
0.264468 90.148408
0.265229 90.148407
0.265990 90.148407
0.266751 90.148406
0.267512 90.148406
0.268273 90.148406
0.269034 90.148405
0.269795 90.148405
0.270556 90.148405
0.271317 90.148405

0.271317 90.148405
0.272393 90.148405
0.273469 90.148405
0.274545 90.148405
0.275621 90.148406
0.276697 90.148406
0.277773 90.148406
0.278849 90.148407
0.279926 90.148407
0.281002 90.148408
0.282078 90.148409
0.283154 90.148409
0.284230 90.148410
0.285306 90.148411
0.286382 90.148412
0.287459 90.148413
0.288535 90.148414
0.289611 90.148415
0.290687 90.148416
0.291763 90.148417
0.292839 90.148419
0.293915 90.148420
0.294991 90.148421
0.296067 90.148422
0.297144 90.148423
0.298220 90.148425
0.299296 90.148426
0.300372 90.148427
0.301448 90.148428
0.302524 90.148429
0.303600 90.148431
0.304676 90.148432
0.305752 90.148433
0.306829 90.148434
0.307905 90.148435
0.308981 90.148436
0.310057 90.148437
0.311133 90.148438
0.312209 90.148439
0.313285 90.148439
0.314361 90.148440
0.315438 90.148441
0.316514 90.148441
0.317590 90.148442
0.318666 90.148442
0.319742 90.148443
0.320818 90.148443
0.321894 90.148443
0.322970 90.148443
0.324047 90.148443


0.000000 90.352230
0.000761 90.352230
0.001522 90.352230
0.002283 90.352230
0.003044 90.352230
0.003805 90.352230
0.004566 90.352230
0.005326 90.352230
0.006087 90.352231
0.006848 90.352231
0.007609 90.352231
0.008370 90.352231
0.009131 90.352231
0.009892 90.352232
0.010653 90.352232
0.011414 90.352232
0.012175 90.352233
0.012936 90.352233
0.013697 90.352233
0.014458 90.352234
0.015219 90.352234
0.015980 90.352235
0.016740 90.352235
0.017501 90.352236
0.018262 90.352236
0.019023 90.352237
0.019784 90.352237
0.020545 90.352238
0.021306 90.352238
0.022067 90.352239
0.022828 90.352239
0.023589 90.352240
0.024350 90.352241
0.025111 90.352241
0.025872 90.352242
0.026633 90.352243
0.027394 90.352243
0.028154 90.352244
0.028915 90.352245
0.029676 90.352245
0.030437 90.352246
0.031198 90.352247
0.031959 90.352247
0.032720 90.352248
0.033481 90.352249
0.034242 90.352250
0.035003 90.352250
0.035764 90.352251
0.036525 90.352252
0.037286 90.352252

0.037286 90.352252
0.038046 90.352252
0.038808 90.352252
0.039568 90.352252
0.040329 90.352252
0.041090 90.352252
0.041851 90.352252
0.042612 90.352252
0.043373 90.352252
0.044134 90.352252
0.044895 90.352252
0.045656 90.352252
0.046417 90.352252
0.047178 90.352252
0.047939 90.352252
0.048700 90.352252
0.049460 90.352252
0.050221 90.352252
0.050982 90.352252
0.051743 90.352252
0.052504 90.352252
0.053265 90.352252
0.054026 90.352252
0.054787 90.352252
0.055548 90.352252
0.056309 90.352252
0.057070 90.352252
0.057831 90.352252
0.058592 90.352252
0.059353 90.352252
0.060114 90.352252
0.060874 90.352252
0.061635 90.352252
0.062396 90.352252
0.063157 90.352252
0.063918 90.352252
0.064679 90.352252
0.065440 90.352252
0.066201 90.352252
0.066962 90.352252
0.067723 90.352252
0.068484 90.352252
0.069245 90.352252
0.070006 90.352252
0.070767 90.352252
0.071527 90.352252
0.072288 90.352252
0.073049 90.352252
0.073810 90.352252
0.074571 90.352252

0.074571 90.352252
0.075647 90.352252
0.076724 90.352252
0.077800 90.352252
0.078876 90.352252
0.079952 90.352252
0.081028 90.352251
0.082104 90.352251
0.083180 90.352251
0.084256 90.352250
0.085332 90.352250
0.086408 90.352250
0.087485 90.352249
0.088561 90.352249
0.089637 90.352248
0.090713 90.352247
0.091789 90.352247
0.092865 90.352246
0.093941 90.352246
0.095018 90.352245
0.096094 90.352244
0.097170 90.352243
0.098246 90.352243
0.099322 90.352242
0.100398 90.352241
0.101474 90.352241
0.102550 90.352240
0.103626 90.352239
0.104703 90.352238
0.105779 90.352238
0.106855 90.352237
0.107931 90.352236
0.109007 90.352236
0.110083 90.352235
0.111159 90.352235
0.112235 90.352234
0.113311 90.352233
0.114388 90.352233
0.115464 90.352232
0.116540 90.352232
0.117616 90.352232
0.118692 90.352231
0.119768 90.352231
0.120844 90.352231
0.121920 90.352230
0.122997 90.352230
0.124073 90.352230
0.125149 90.352230
0.126225 90.352230
0.127301 90.352230

0.127301 90.352230
0.128718 90.352251
0.130135 90.352314
0.131553 90.352420
0.132970 90.352568
0.134387 90.352757
0.135804 90.352987
0.137222 90.353259
0.138639 90.353570
0.140056 90.353922
0.141473 90.354312
0.142891 90.354740
0.144308 90.355206
0.145725 90.355707
0.147142 90.356244
0.148560 90.356814
0.149977 90.357418
0.151394 90.358052
0.152811 90.358716
0.154228 90.359408
0.155646 90.360126
0.157063 90.360869
0.158480 90.361633
0.159897 90.362418
0.161315 90.363221
0.162732 90.364039
0.164149 90.364870
0.165566 90.365710
0.166984 90.366558
0.168401 90.367409
0.169818 90.368261
0.171235 90.369109
0.172652 90.369950
0.174070 90.370780
0.175487 90.371595
0.176904 90.372390
0.178321 90.373161
0.179739 90.373903
0.181156 90.374611
0.182573 90.375280
0.183990 90.375906
0.185408 90.376482
0.186825 90.377004
0.188242 90.377468
0.189659 90.377869
0.191077 90.378203
0.192494 90.378467
0.193911 90.378658
0.195328 90.378773
0.196745 90.378813

0.196745 90.378813
0.197506 90.378813
0.198267 90.378813
0.199028 90.378813
0.199789 90.378813
0.200550 90.378813
0.201311 90.378813
0.202072 90.378813
0.202833 90.378813
0.203594 90.378813
0.204355 90.378813
0.205116 90.378813
0.205877 90.378813
0.206638 90.378813
0.207399 90.378813
0.208159 90.378813
0.208920 90.378813
0.209681 90.378813
0.210442 90.378813
0.211203 90.378813
0.211964 90.378813
0.212725 90.378813
0.213486 90.378813
0.214247 90.378813
0.215008 90.378813
0.215769 90.378813
0.216530 90.378813
0.217291 90.378813
0.218052 90.378813
0.218812 90.378813
0.219573 90.378813
0.220334 90.378813
0.221095 90.378813
0.221856 90.378813
0.222617 90.378813
0.223378 90.378813
0.224139 90.378813
0.224900 90.378813
0.225661 90.378813
0.226422 90.378813
0.227183 90.378813
0.227944 90.378813
0.228705 90.378813
0.229465 90.378813
0.230226 90.378813
0.230987 90.378813
0.231748 90.378813
0.232509 90.378813
0.233270 90.378813
0.234031 90.378813

0.234031 90.378813
0.234792 90.378813
0.235553 90.378813
0.236314 90.378813
0.237075 90.378813
0.237836 90.378813
0.238597 90.378813
0.239358 90.378813
0.240119 90.378813
0.240879 90.378813
0.241640 90.378813
0.242401 90.378813
0.243162 90.378814
0.243923 90.378814
0.244684 90.378814
0.245445 90.378814
0.246206 90.378814
0.246967 90.378815
0.247728 90.378815
0.248489 90.378815
0.249250 90.378815
0.250011 90.378815
0.250772 90.378816
0.251532 90.378816
0.252293 90.378816
0.253054 90.378816
0.253815 90.378817
0.254576 90.378817
0.255337 90.378817
0.256098 90.378817
0.256859 90.378818
0.257620 90.378818
0.258381 90.378818
0.259142 90.378818
0.259903 90.378818
0.260664 90.378819
0.261425 90.378819
0.262186 90.378819
0.262946 90.378819
0.263707 90.378819
0.264468 90.378819
0.265229 90.378819
0.265990 90.378820
0.266751 90.378820
0.267512 90.378820
0.268273 90.378820
0.269034 90.378820
0.269795 90.378820
0.270556 90.378820
0.271317 90.378820

0.271317 90.378820
0.272393 90.378820
0.273469 90.378820
0.274545 90.378820
0.275621 90.378820
0.276697 90.378820
0.277773 90.378820
0.278849 90.378820
0.279926 90.378819
0.281002 90.378819
0.282078 90.378819
0.283154 90.378819
0.284230 90.378819
0.285306 90.378819
0.286382 90.378819
0.287459 90.378818
0.288535 90.378818
0.289611 90.378818
0.290687 90.378818
0.291763 90.378818
0.292839 90.378817
0.293915 90.378817
0.294991 90.378817
0.296067 90.378817
0.297144 90.378816
0.298220 90.378816
0.299296 90.378816
0.300372 90.378816
0.301448 90.378815
0.302524 90.378815
0.303600 90.378815
0.304676 90.378815
0.305752 90.378815
0.306829 90.378814
0.307905 90.378814
0.308981 90.378814
0.310057 90.378814
0.311133 90.378814
0.312209 90.378813
0.313285 90.378813
0.314361 90.378813
0.315438 90.378813
0.316514 90.378813
0.317590 90.378813
0.318666 90.378813
0.319742 90.378813
0.320818 90.378813
0.321894 90.378813
0.322970 90.378813
0.324047 90.378813


0.000000 90.352276
0.000761 90.352276
0.001522 90.352276
0.002283 90.352276
0.003044 90.352276
0.003805 90.352276
0.004566 90.352275
0.005326 90.352275
0.006087 90.352275
0.006848 90.352275
0.007609 90.352275
0.008370 90.352274
0.009131 90.352274
0.009892 90.352274
0.010653 90.352274
0.011414 90.352273
0.012175 90.352273
0.012936 90.352272
0.013697 90.352272
0.014458 90.352272
0.015219 90.352271
0.015980 90.352271
0.016740 90.352270
0.017501 90.352270
0.018262 90.352269
0.019023 90.352269
0.019784 90.352268
0.020545 90.352268
0.021306 90.352267
0.022067 90.352266
0.022828 90.352266
0.023589 90.352265
0.024350 90.352265
0.025111 90.352264
0.025872 90.352263
0.026633 90.352263
0.027394 90.352262
0.028154 90.352261
0.028915 90.352261
0.029676 90.352260
0.030437 90.352259
0.031198 90.352258
0.031959 90.352258
0.032720 90.352257
0.033481 90.352256
0.034242 90.352255
0.035003 90.352255
0.035764 90.352254
0.036525 90.352253
0.037286 90.352253

0.037286 90.352253
0.038046 90.352253
0.038808 90.352253
0.039568 90.352253
0.040329 90.352253
0.041090 90.352253
0.041851 90.352253
0.042612 90.352253
0.043373 90.352253
0.044134 90.352253
0.044895 90.352253
0.045656 90.352253
0.046417 90.352253
0.047178 90.352253
0.047939 90.352253
0.048700 90.352253
0.049460 90.352253
0.050221 90.352253
0.050982 90.352253
0.051743 90.352253
0.052504 90.352253
0.053265 90.352253
0.054026 90.352253
0.054787 90.352253
0.055548 90.352253
0.056309 90.352253
0.057070 90.352252
0.057831 90.352252
0.058592 90.352252
0.059353 90.352252
0.060114 90.352252
0.060874 90.352252
0.061635 90.352252
0.062396 90.352252
0.063157 90.352252
0.063918 90.352252
0.064679 90.352252
0.065440 90.352252
0.066201 90.352252
0.066962 90.352252
0.067723 90.352252
0.068484 90.352252
0.069245 90.352252
0.070006 90.352252
0.070767 90.352252
0.071527 90.352252
0.072288 90.352252
0.073049 90.352252
0.073810 90.352252
0.074571 90.352252

0.074571 90.352252
0.075647 90.352252
0.076724 90.352252
0.077800 90.352252
0.078876 90.352253
0.079952 90.352253
0.081028 90.352253
0.082104 90.352253
0.083180 90.352254
0.084256 90.352254
0.085332 90.352255
0.086408 90.352255
0.087485 90.352256
0.088561 90.352256
0.089637 90.352257
0.090713 90.352257
0.091789 90.352258
0.092865 90.352259
0.093941 90.352259
0.095018 90.352260
0.096094 90.352261
0.097170 90.352261
0.098246 90.352262
0.099322 90.352263
0.100398 90.352264
0.101474 90.352264
0.102550 90.352265
0.103626 90.352266
0.104703 90.352267
0.105779 90.352267
0.106855 90.352268
0.107931 90.352269
0.109007 90.352270
0.110083 90.352270
0.111159 90.352271
0.112235 90.352271
0.113311 90.352272
0.114388 90.352273
0.115464 90.352273
0.116540 90.352274
0.117616 90.352274
0.118692 90.352274
0.119768 90.352275
0.120844 90.352275
0.121920 90.352275
0.122997 90.352276
0.124073 90.352276
0.125149 90.352276
0.126225 90.352276
0.127301 90.352276

0.127301 90.352276
0.128718 90.352297
0.130135 90.352360
0.131553 90.352466
0.132970 90.352613
0.134387 90.352802
0.135804 90.353033
0.137222 90.353304
0.138639 90.353615
0.140056 90.353966
0.141473 90.354356
0.142891 90.354784
0.144308 90.355249
0.145725 90.355750
0.147142 90.356286
0.148560 90.356856
0.149977 90.357458
0.151394 90.358092
0.152811 90.358755
0.154228 90.359446
0.155646 90.360164
0.157063 90.360905
0.158480 90.361669
0.159897 90.362453
0.161315 90.363255
0.162732 90.364072
0.164149 90.364902
0.165566 90.365741
0.166984 90.366588
0.168401 90.367438
0.169818 90.368288
0.171235 90.369135
0.172652 90.369975
0.174070 90.370804
0.175487 90.371618
0.176904 90.372411
0.178321 90.373181
0.179739 90.373922
0.181156 90.374628
0.182573 90.375296
0.183990 90.375920
0.185408 90.376494
0.186825 90.377015
0.188242 90.377477
0.189659 90.377877
0.191077 90.378209
0.192494 90.378472
0.193911 90.378661
0.195328 90.378775
0.196745 90.378813

0.196745 90.378813
0.197506 90.378813
0.198267 90.378813
0.199028 90.378813
0.199789 90.378813
0.200550 90.378813
0.201311 90.378813
0.202072 90.378813
0.202833 90.378813
0.203594 90.378813
0.204355 90.378813
0.205116 90.378813
0.205877 90.378814
0.206638 90.378814
0.207399 90.378814
0.208159 90.378814
0.208920 90.378814
0.209681 90.378815
0.210442 90.378815
0.211203 90.378815
0.211964 90.378815
0.212725 90.378815
0.213486 90.378816
0.214247 90.378816
0.215008 90.378816
0.215769 90.378816
0.216530 90.378817
0.217291 90.378817
0.218052 90.378817
0.218812 90.378817
0.219573 90.378818
0.220334 90.378818
0.221095 90.378818
0.221856 90.378818
0.222617 90.378818
0.223378 90.378819
0.224139 90.378819
0.224900 90.378819
0.225661 90.378819
0.226422 90.378819
0.227183 90.378819
0.227944 90.378819
0.228705 90.378820
0.229465 90.378820
0.230226 90.378820
0.230987 90.378820
0.231748 90.378820
0.232509 90.378820
0.233270 90.378820
0.234031 90.378820

0.234031 90.378820
0.234792 90.378820
0.235553 90.378820
0.236314 90.378820
0.237075 90.378820
0.237836 90.378820
0.238597 90.378820
0.239358 90.378820
0.240119 90.378820
0.240879 90.378820
0.241640 90.378820
0.242401 90.378820
0.243162 90.378820
0.243923 90.378820
0.244684 90.378820
0.245445 90.378820
0.246206 90.378820
0.246967 90.378820
0.247728 90.378820
0.248489 90.378820
0.249250 90.378820
0.250011 90.378820
0.250772 90.378820
0.251532 90.378820
0.252293 90.378820
0.253054 90.378820
0.253815 90.378820
0.254576 90.378820
0.255337 90.378820
0.256098 90.378820
0.256859 90.378820
0.257620 90.378820
0.258381 90.378820
0.259142 90.378820
0.259903 90.378820
0.260664 90.378820
0.261425 90.378820
0.262186 90.378820
0.262946 90.378820
0.263707 90.378820
0.264468 90.378820
0.265229 90.378820
0.265990 90.378820
0.266751 90.378820
0.267512 90.378820
0.268273 90.378820
0.269034 90.378820
0.269795 90.378820
0.270556 90.378820
0.271317 90.378820

0.271317 90.378820
0.272393 90.378820
0.273469 90.378820
0.274545 90.378820
0.275621 90.378820
0.276697 90.378820
0.277773 90.378820
0.278849 90.378820
0.279926 90.378819
0.281002 90.378819
0.282078 90.378819
0.283154 90.378819
0.284230 90.378819
0.285306 90.378819
0.286382 90.378819
0.287459 90.378818
0.288535 90.378818
0.289611 90.378818
0.290687 90.378818
0.291763 90.378818
0.292839 90.378817
0.293915 90.378817
0.294991 90.378817
0.296067 90.378817
0.297144 90.378816
0.298220 90.378816
0.299296 90.378816
0.300372 90.378816
0.301448 90.378815
0.302524 90.378815
0.303600 90.378815
0.304676 90.378815
0.305752 90.378815
0.306829 90.378814
0.307905 90.378814
0.308981 90.378814
0.310057 90.378814
0.311133 90.378814
0.312209 90.378813
0.313285 90.378813
0.314361 90.378813
0.315438 90.378813
0.316514 90.378813
0.317590 90.378813
0.318666 90.378813
0.319742 90.378813
0.320818 90.378813
0.321894 90.378813
0.322970 90.378813
0.324047 90.378813


0.000000 90.470580
0.000761 90.470580
0.001522 90.470580
0.002283 90.470580
0.003044 90.470580
0.003805 90.470580
0.004566 90.470580
0.005326 90.470580
0.006087 90.470580
0.006848 90.470581
0.007609 90.470581
0.008370 90.470581
0.009131 90.470581
0.009892 90.470581
0.010653 90.470582
0.011414 90.470582
0.012175 90.470582
0.012936 90.470582
0.013697 90.470583
0.014458 90.470583
0.015219 90.470583
0.015980 90.470584
0.016740 90.470584
0.017501 90.470584
0.018262 90.470585
0.019023 90.470585
0.019784 90.470585
0.020545 90.470586
0.021306 90.470586
0.022067 90.470587
0.022828 90.470587
0.023589 90.470588
0.024350 90.470588
0.025111 90.470588
0.025872 90.470589
0.026633 90.470589
0.027394 90.470590
0.028154 90.470590
0.028915 90.470591
0.029676 90.470591
0.030437 90.470592
0.031198 90.470592
0.031959 90.470593
0.032720 90.470593
0.033481 90.470594
0.034242 90.470594
0.035003 90.470594
0.035764 90.470595
0.036525 90.470595
0.037286 90.470595

0.037286 90.470595
0.038046 90.470595
0.038808 90.470595
0.039568 90.470595
0.040329 90.470595
0.041090 90.470595
0.041851 90.470595
0.042612 90.470595
0.043373 90.470595
0.044134 90.470595
0.044895 90.470595
0.045656 90.470596
0.046417 90.470596
0.047178 90.470596
0.047939 90.470596
0.048700 90.470596
0.049460 90.470596
0.050221 90.470596
0.050982 90.470596
0.051743 90.470596
0.052504 90.470596
0.053265 90.470596
0.054026 90.470596
0.054787 90.470596
0.055548 90.470596
0.056309 90.470596
0.057070 90.470596
0.057831 90.470596
0.058592 90.470596
0.059353 90.470597
0.060114 90.470597
0.060874 90.470597
0.061635 90.470597
0.062396 90.470597
0.063157 90.470597
0.063918 90.470597
0.064679 90.470597
0.065440 90.470597
0.066201 90.470597
0.066962 90.470597
0.067723 90.470597
0.068484 90.470597
0.069245 90.470597
0.070006 90.470597
0.070767 90.470597
0.071527 90.470597
0.072288 90.470597
0.073049 90.470597
0.073810 90.470597
0.074571 90.470597

0.074571 90.470597
0.075647 90.470597
0.076724 90.470597
0.077800 90.470597
0.078876 90.470597
0.079952 90.470597
0.081028 90.470597
0.082104 90.470596
0.083180 90.470596
0.084256 90.470596
0.085332 90.470595
0.086408 90.470595
0.087485 90.470595
0.088561 90.470594
0.089637 90.470594
0.090713 90.470593
0.091789 90.470593
0.092865 90.470593
0.093941 90.470592
0.095018 90.470592
0.096094 90.470591
0.097170 90.470590
0.098246 90.470590
0.099322 90.470589
0.100398 90.470589
0.101474 90.470588
0.102550 90.470588
0.103626 90.470587
0.104703 90.470587
0.105779 90.470586
0.106855 90.470586
0.107931 90.470585
0.109007 90.470585
0.110083 90.470584
0.111159 90.470584
0.112235 90.470583
0.113311 90.470583
0.114388 90.470582
0.115464 90.470582
0.116540 90.470582
0.117616 90.470581
0.118692 90.470581
0.119768 90.470581
0.120844 90.470581
0.121920 90.470580
0.122997 90.470580
0.124073 90.470580
0.125149 90.470580
0.126225 90.470580
0.127301 90.470580

0.127301 90.470580
0.128718 90.470559
0.130135 90.470495
0.131553 90.470389
0.132970 90.470241
0.134387 90.470051
0.135804 90.469819
0.137222 90.469546
0.138639 90.469233
0.140056 90.468881
0.141473 90.468489
0.142891 90.468059
0.144308 90.467591
0.145725 90.467087
0.147142 90.466548
0.148560 90.465975
0.149977 90.465369
0.151394 90.464732
0.152811 90.464066
0.154228 90.463371
0.155646 90.462650
0.157063 90.461904
0.158480 90.461137
0.159897 90.460349
0.161315 90.459543
0.162732 90.458722
0.164149 90.457888
0.165566 90.457044
0.166984 90.456194
0.168401 90.455340
0.169818 90.454485
0.171235 90.453634
0.172652 90.452790
0.174070 90.451958
0.175487 90.451140
0.176904 90.450343
0.178321 90.449570
0.179739 90.448826
0.181156 90.448116
0.182573 90.447446
0.183990 90.446819
0.185408 90.446242
0.186825 90.445719
0.188242 90.445255
0.189659 90.444853
0.191077 90.444519
0.192494 90.444256
0.193911 90.444065
0.195328 90.443951
0.196745 90.443913

0.196745 90.443913
0.197506 90.443913
0.198267 90.443913
0.199028 90.443912
0.199789 90.443912
0.200550 90.443912
0.201311 90.443912
0.202072 90.443912
0.202833 90.443912
0.203594 90.443912
0.204355 90.443912
0.205116 90.443912
0.205877 90.443912
0.206638 90.443912
0.207399 90.443912
0.208159 90.443912
0.208920 90.443912
0.209681 90.443912
0.210442 90.443911
0.211203 90.443911
0.211964 90.443911
0.212725 90.443911
0.213486 90.443911
0.214247 90.443911
0.215008 90.443911
0.215769 90.443911
0.216530 90.443911
0.217291 90.443910
0.218052 90.443910
0.218812 90.443910
0.219573 90.443910
0.220334 90.443910
0.221095 90.443910
0.221856 90.443910
0.222617 90.443910
0.223378 90.443910
0.224139 90.443910
0.224900 90.443909
0.225661 90.443909
0.226422 90.443909
0.227183 90.443909
0.227944 90.443909
0.228705 90.443909
0.229465 90.443909
0.230226 90.443909
0.230987 90.443909
0.231748 90.443909
0.232509 90.443909
0.233270 90.443909
0.234031 90.443909

0.234031 90.443909
0.234792 90.443909
0.235553 90.443909
0.236314 90.443909
0.237075 90.443909
0.237836 90.443909
0.238597 90.443909
0.239358 90.443909
0.240119 90.443909
0.240879 90.443909
0.241640 90.443909
0.242401 90.443909
0.243162 90.443909
0.243923 90.443909
0.244684 90.443909
0.245445 90.443909
0.246206 90.443909
0.246967 90.443909
0.247728 90.443909
0.248489 90.443909
0.249250 90.443909
0.250011 90.443909
0.250772 90.443909
0.251532 90.443909
0.252293 90.443909
0.253054 90.443909
0.253815 90.443909
0.254576 90.443909
0.255337 90.443909
0.256098 90.443909
0.256859 90.443909
0.257620 90.443909
0.258381 90.443909
0.259142 90.443909
0.259903 90.443909
0.260664 90.443909
0.261425 90.443909
0.262186 90.443909
0.262946 90.443909
0.263707 90.443909
0.264468 90.443909
0.265229 90.443909
0.265990 90.443909
0.266751 90.443909
0.267512 90.443909
0.268273 90.443909
0.269034 90.443909
0.269795 90.443909
0.270556 90.443909
0.271317 90.443909

0.271317 90.443909
0.272393 90.443909
0.273469 90.443909
0.274545 90.443909
0.275621 90.443909
0.276697 90.443909
0.277773 90.443909
0.278849 90.443909
0.279926 90.443909
0.281002 90.443909
0.282078 90.443909
0.283154 90.443909
0.284230 90.443909
0.285306 90.443910
0.286382 90.443910
0.287459 90.443910
0.288535 90.443910
0.289611 90.443910
0.290687 90.443910
0.291763 90.443910
0.292839 90.443910
0.293915 90.443910
0.294991 90.443910
0.296067 90.443911
0.297144 90.443911
0.298220 90.443911
0.299296 90.443911
0.300372 90.443911
0.301448 90.443911
0.302524 90.443911
0.303600 90.443911
0.304676 90.443911
0.305752 90.443912
0.306829 90.443912
0.307905 90.443912
0.308981 90.443912
0.310057 90.443912
0.311133 90.443912
0.312209 90.443912
0.313285 90.443912
0.314361 90.443912
0.315438 90.443912
0.316514 90.443912
0.317590 90.443912
0.318666 90.443912
0.319742 90.443912
0.320818 90.443912
0.321894 90.443913
0.322970 90.443913
0.324047 90.443913


0.000000 90.470611
0.000761 90.470611
0.001522 90.470611
0.002283 90.470611
0.003044 90.470611
0.003805 90.470611
0.004566 90.470610
0.005326 90.470610
0.006087 90.470610
0.006848 90.470610
0.007609 90.470610
0.008370 90.470610
0.009131 90.470610
0.009892 90.470610
0.010653 90.470609
0.011414 90.470609
0.012175 90.470609
0.012936 90.470609
0.013697 90.470608
0.014458 90.470608
0.015219 90.470608
0.015980 90.470608
0.016740 90.470607
0.017501 90.470607
0.018262 90.470607
0.019023 90.470606
0.019784 90.470606
0.020545 90.470606
0.021306 90.470605
0.022067 90.470605
0.022828 90.470605
0.023589 90.470604
0.024350 90.470604
0.025111 90.470604
0.025872 90.470603
0.026633 90.470603
0.027394 90.470602
0.028154 90.470602
0.028915 90.470602
0.029676 90.470601
0.030437 90.470601
0.031198 90.470600
0.031959 90.470600
0.032720 90.470599
0.033481 90.470599
0.034242 90.470598
0.035003 90.470598
0.035764 90.470598
0.036525 90.470597
0.037286 90.470597

0.037286 90.470597
0.038046 90.470597
0.038808 90.470597
0.039568 90.470597
0.040329 90.470597
0.041090 90.470597
0.041851 90.470597
0.042612 90.470597
0.043373 90.470597
0.044134 90.470597
0.044895 90.470597
0.045656 90.470597
0.046417 90.470597
0.047178 90.470597
0.047939 90.470597
0.048700 90.470597
0.049460 90.470597
0.050221 90.470597
0.050982 90.470597
0.051743 90.470597
0.052504 90.470597
0.053265 90.470597
0.054026 90.470597
0.054787 90.470597
0.055548 90.470597
0.056309 90.470597
0.057070 90.470597
0.057831 90.470597
0.058592 90.470597
0.059353 90.470597
0.060114 90.470597
0.060874 90.470597
0.061635 90.470597
0.062396 90.470597
0.063157 90.470597
0.063918 90.470597
0.064679 90.470597
0.065440 90.470597
0.066201 90.470597
0.066962 90.470597
0.067723 90.470597
0.068484 90.470597
0.069245 90.470597
0.070006 90.470597
0.070767 90.470597
0.071527 90.470597
0.072288 90.470597
0.073049 90.470597
0.073810 90.470597
0.074571 90.470597

0.074571 90.470597
0.075647 90.470597
0.076724 90.470597
0.077800 90.470597
0.078876 90.470597
0.079952 90.470598
0.081028 90.470598
0.082104 90.470598
0.083180 90.470598
0.084256 90.470598
0.085332 90.470599
0.086408 90.470599
0.087485 90.470599
0.088561 90.470599
0.089637 90.470600
0.090713 90.470600
0.091789 90.470600
0.092865 90.470601
0.093941 90.470601
0.095018 90.470602
0.096094 90.470602
0.097170 90.470602
0.098246 90.470603
0.099322 90.470603
0.100398 90.470604
0.101474 90.470604
0.102550 90.470605
0.103626 90.470605
0.104703 90.470605
0.105779 90.470606
0.106855 90.470606
0.107931 90.470607
0.109007 90.470607
0.110083 90.470607
0.111159 90.470608
0.112235 90.470608
0.113311 90.470608
0.114388 90.470609
0.115464 90.470609
0.116540 90.470609
0.117616 90.470610
0.118692 90.470610
0.119768 90.470610
0.120844 90.470610
0.121920 90.470610
0.122997 90.470610
0.124073 90.470611
0.125149 90.470611
0.126225 90.470611
0.127301 90.470611

0.127301 90.470611
0.128718 90.470589
0.130135 90.470526
0.131553 90.470419
0.132970 90.470271
0.134387 90.470081
0.135804 90.469849
0.137222 90.469576
0.138639 90.469263
0.140056 90.468910
0.141473 90.468518
0.142891 90.468087
0.144308 90.467619
0.145725 90.467115
0.147142 90.466576
0.148560 90.466002
0.149977 90.465396
0.151394 90.464758
0.152811 90.464091
0.154228 90.463396
0.155646 90.462674
0.157063 90.461928
0.158480 90.461160
0.159897 90.460371
0.161315 90.459564
0.162732 90.458743
0.164149 90.457908
0.165566 90.457064
0.166984 90.456212
0.168401 90.455357
0.169818 90.454502
0.171235 90.453650
0.172652 90.452805
0.174070 90.451972
0.175487 90.451154
0.176904 90.450355
0.178321 90.449581
0.179739 90.448837
0.181156 90.448126
0.182573 90.447455
0.183990 90.446827
0.185408 90.446249
0.186825 90.445725
0.188242 90.445260
0.189659 90.444858
0.191077 90.444523
0.192494 90.444258
0.193911 90.444067
0.195328 90.443952
0.196745 90.443913

0.196745 90.443913
0.197506 90.443913
0.198267 90.443913
0.199028 90.443913
0.199789 90.443913
0.200550 90.443913
0.201311 90.443913
0.202072 90.443913
0.202833 90.443913
0.203594 90.443913
0.204355 90.443913
0.205116 90.443913
0.205877 90.443913
0.206638 90.443913
0.207399 90.443913
0.208159 90.443913
0.208920 90.443913
0.209681 90.443913
0.210442 90.443913
0.211203 90.443913
0.211964 90.443913
0.212725 90.443913
0.213486 90.443913
0.214247 90.443913
0.215008 90.443913
0.215769 90.443913
0.216530 90.443913
0.217291 90.443913
0.218052 90.443913
0.218812 90.443913
0.219573 90.443913
0.220334 90.443913
0.221095 90.443913
0.221856 90.443913
0.222617 90.443913
0.223378 90.443913
0.224139 90.443913
0.224900 90.443913
0.225661 90.443913
0.226422 90.443913
0.227183 90.443913
0.227944 90.443913
0.228705 90.443913
0.229465 90.443913
0.230226 90.443913
0.230987 90.443913
0.231748 90.443913
0.232509 90.443913
0.233270 90.443913
0.234031 90.443913

0.234031 90.443913
0.234792 90.443913
0.235553 90.443913
0.236314 90.443912
0.237075 90.443912
0.237836 90.443912
0.238597 90.443912
0.239358 90.443912
0.240119 90.443912
0.240879 90.443912
0.241640 90.443912
0.242401 90.443912
0.243162 90.443912
0.243923 90.443912
0.244684 90.443912
0.245445 90.443912
0.246206 90.443912
0.246967 90.443912
0.247728 90.443911
0.248489 90.443911
0.249250 90.443911
0.250011 90.443911
0.250772 90.443911
0.251532 90.443911
0.252293 90.443911
0.253054 90.443911
0.253815 90.443911
0.254576 90.443910
0.255337 90.443910
0.256098 90.443910
0.256859 90.443910
0.257620 90.443910
0.258381 90.443910
0.259142 90.443910
0.259903 90.443910
0.260664 90.443910
0.261425 90.443910
0.262186 90.443909
0.262946 90.443909
0.263707 90.443909
0.264468 90.443909
0.265229 90.443909
0.265990 90.443909
0.266751 90.443909
0.267512 90.443909
0.268273 90.443909
0.269034 90.443909
0.269795 90.443909
0.270556 90.443909
0.271317 90.443909

0.271317 90.443909
0.272393 90.443909
0.273469 90.443909
0.274545 90.443909
0.275621 90.443909
0.276697 90.443909
0.277773 90.443909
0.278849 90.443909
0.279926 90.443909
0.281002 90.443909
0.282078 90.443909
0.283154 90.443909
0.284230 90.443909
0.285306 90.443910
0.286382 90.443910
0.287459 90.443910
0.288535 90.443910
0.289611 90.443910
0.290687 90.443910
0.291763 90.443910
0.292839 90.443910
0.293915 90.443910
0.294991 90.443910
0.296067 90.443911
0.297144 90.443911
0.298220 90.443911
0.299296 90.443911
0.300372 90.443911
0.301448 90.443911
0.302524 90.443911
0.303600 90.443911
0.304676 90.443911
0.305752 90.443912
0.306829 90.443912
0.307905 90.443912
0.308981 90.443912
0.310057 90.443912
0.311133 90.443912
0.312209 90.443912
0.313285 90.443912
0.314361 90.443912
0.315438 90.443912
0.316514 90.443912
0.317590 90.443912
0.318666 90.443912
0.319742 90.443912
0.320818 90.443912
0.321894 90.443913
0.322970 90.443913
0.324047 90.443913


