  50   50
1 1
    44.811845842197798     0.000000000000000    -0.000000000000003
    -0.000000000000000    44.811845842197783     0.000000000000002
     0.000000000000004    -0.000000000000011    48.925795658815431
1 2
    -0.379075443826521     0.000000000000000     0.000000000000000
    -0.000000000000000    -0.379075443826520    -0.000000000000000
    -0.000000000000000     0.000000000000000    -0.804766399077163
1 3
     1.032783848689911     0.000000000000000    -0.000000000000000
    -0.000000000000000     0.804388574074379    -0.000461508180706
     0.000000000000000    -1.109329431020196     0.001118323696392
1 4
   -21.180124465053360     0.000000000000000    12.672861815044929
     0.000000000000001    -3.694359529480455    -0.000000000000001
    12.515118194914363     0.000000000000001   -13.067035238381525
1 5
   -21.180124465053357     0.000000000000000   -12.672861815044927
    -0.000000000000001    -3.694359529480455    -0.000000000000001
   -12.515118194914368     0.000000000000001   -13.067035238381528
1 6
    -3.694359529480456    -0.000000000000000     0.000000000000001
    -0.000000000000000   -21.180124465053353    12.672861815044925
    -0.000000000000000    12.515118194914370   -13.067035238381528
1 7
    -3.694359529480456     0.000000000000001     0.000000000000000
    -0.000000000000000   -21.180124465053353   -12.672861815044925
    -0.000000000000000   -12.515118194914361   -13.067035238381525
1 8
     0.804388574074379     0.000000000000000    -0.000461508180706
    -0.000000000000000     1.032783848689911     0.000000000000000
    -1.109329431020196    -0.000000000000000     0.001118323696392
1 9
     0.804388574074379     0.000000000000000     0.000461508180706
     0.000000000000000     1.032783848689911     0.000000000000000
     1.109329431020196    -0.000000000000000     0.001118323696392
1 10
     1.032783848689911    -0.000000000000000    -0.000000000000000
    -0.000000000000000     0.804388574074379     0.000461508180706
     0.000000000000000     1.109329431020196     0.001118323696392
1 11
    -0.255141338603363    -0.000000000000000     0.753169614210938
    -0.000000000000000     1.161123416791427     0.000000000000000
    -0.351609628413573    -0.000000000000000     1.038194758823670
1 12
     0.000837539261111     0.000000000000000    -0.000056349032296
    -0.000000000000000    -0.000140835375665    -0.000000000000000
    -0.000056349668569     0.000000000000000    -0.000084175292324
1 13
    -0.255141338603363     0.000000000000000    -0.753169614210938
     0.000000000000000     1.161123416791427     0.000000000000000
     0.351609628413573    -0.000000000000000     1.038194758823670
1 14
     0.000837539261111    -0.000000000000000     0.000056349032296
     0.000000000000000    -0.000140835375665    -0.000000000000000
     0.000056349668569     0.000000000000000    -0.000084175292324
1 15
     1.161123416791427     0.000000000000000    -0.000000000000000
     0.000000000000000    -0.255141338603363     0.753169614210938
     0.000000000000000    -0.351609628413573     1.038194758823670
1 16
    -0.000140835375665     0.000000000000000     0.000000000000000
    -0.000000000000000     0.000837539261111    -0.000056349032296
    -0.000000000000000    -0.000056349668569    -0.000084175292324
1 17
     1.161123416791427    -0.000000000000000    -0.000000000000000
    -0.000000000000000    -0.255141338603363    -0.753169614210938
     0.000000000000000     0.351609628413573     1.038194758823670
1 18
    -0.000140835375665    -0.000000000000000     0.000000000000000
     0.000000000000000     0.000837539261111     0.000056349032296
    -0.000000000000000     0.000056349668569    -0.000084175292324
1 19
     0.267219462689634    -0.000000000000000     0.000000000000000
    -0.000000000000000    -0.012351755584246     0.014087199976018
     0.000000000000000     0.014086734515004    -0.011917648040322
1 20
    -0.012351755584246    -0.000000000000000    -0.014087199976018
    -0.000000000000000     0.267219462689634    -0.000000000000000
    -0.014086734515004    -0.000000000000000    -0.011917648040322
1 21
     0.000462589471593     0.000000000000000     0.000051841305310
     0.000000000000000    -0.000094189399564    -0.000000000000000
     0.000051841810878     0.000000000000000     0.000075069809663
1 22
    -0.012351755584246     0.000000000000000     0.014087199976018
     0.000000000000000     0.267219462689634    -0.000000000000000
     0.014086734515004    -0.000000000000000    -0.011917648040322
1 23
     0.000462589471593    -0.000000000000000    -0.000051841305310
    -0.000000000000000    -0.000094189399564     0.000000000000000
    -0.000051841810878     0.000000000000000     0.000075069809663
1 24
    -0.000094189399564     0.000000000000000    -0.000000000000000
     0.000000000000000     0.000462589471593    -0.000051841305310
    -0.000000000000000    -0.000051841810878     0.000075069809663
1 25
     0.258443255120992    -0.000000000000000     0.000000000000000
     0.000000000000000    -0.013203311841587     0.006654404115784
     0.000000000000000     0.006654950564030    -0.002668785339438
1 26
    -0.000229173936104     0.000000000000000    -0.000000000000000
     0.000000000000000     0.001071397895648    -0.000312591289113
    -0.000000000000000    -0.000312592037397     0.000008130272630
1 27
     0.258443255120992     0.000000000000000     0.000000000000000
     0.000000000000000    -0.013203311841587    -0.006654404115784
     0.000000000000000    -0.006654950564030    -0.002668785339438
1 28
    -0.000229173936104    -0.000000000000000    -0.000000000000000
     0.000000000000000     0.001071397895648     0.000312591289113
    -0.000000000000000     0.000312592037397     0.000008130272630
1 29
    -0.013203311841587    -0.000000000000000     0.006654404115784
     0.000000000000000     0.258443255120992    -0.000000000000000
     0.006654950564030    -0.000000000000000    -0.002668785339438
1 30
     0.001071397895648    -0.000000000000000    -0.000312591289113
    -0.000000000000000    -0.000229173936104     0.000000000000000
    -0.000312592037397     0.000000000000000     0.000008130272630
1 31
    -0.013203311841587    -0.000000000000000    -0.006654404115784
    -0.000000000000000     0.258443255120992    -0.000000000000000
    -0.006654950564030    -0.000000000000000    -0.002668785339438
1 32
     0.001071397895648    -0.000000000000000     0.000312591289113
     0.000000000000000    -0.000229173936104     0.000000000000000
     0.000312592037397     0.000000000000000     0.000008130272630
1 33
     0.267219462689634     0.000000000000000     0.000000000000000
     0.000000000000000    -0.012351755584246    -0.014087199976018
     0.000000000000000    -0.014086734515004    -0.011917648040322
1 34
    -0.000094189399564    -0.000000000000000    -0.000000000000000
    -0.000000000000000     0.000462589471593     0.000051841305310
    -0.000000000000000     0.000051841810878     0.000075069809663
1 35
    -0.000272507988372     0.000000000000000    -0.000000000000000
     0.000000000000000     0.000345287066071    -0.000056382186957
    -0.000000000000000    -0.000056387216066     0.000528288964314
1 36
    -0.000030844261307     0.000000000000000    -0.000000000000000
    -0.000000000000000     0.000140887498802    -0.000014309167527
    -0.000000000000000    -0.000014309307643     0.000036738430983
1 37
    -0.200596619289682    -0.000000000000000    -0.018630161640839
    -0.000000000000000    -0.386943267645013     0.000000000000000
    -0.018633482948510     0.000000000000000     0.011529756129582
1 38
     0.000343292595343     0.000000000000000     0.000017436640798
     0.000000000000000    -0.000056911881863    -0.000000000000000
     0.000017436871451     0.000000000000000    -0.000042534008186
1 39
    -0.200596619289682     0.000000000000000     0.018630161640839
     0.000000000000000    -0.386943267645013     0.000000000000000
     0.018633482948510     0.000000000000000     0.011529756129582
1 40
     0.000343292595343    -0.000000000000000    -0.000017436640798
    -0.000000000000000    -0.000056911881863    -0.000000000000000
    -0.000017436871451     0.000000000000000    -0.000042534008186
1 41
    -0.386943267645013     0.000000000000000    -0.000000000000000
     0.000000000000000    -0.200596619289682    -0.018630161640839
    -0.000000000000000    -0.018633482948510     0.011529756129582
1 42
    -0.000056911881863    -0.000000000000000     0.000000000000000
    -0.000000000000000     0.000343292595343     0.000017436640798
    -0.000000000000000     0.000017436871451    -0.000042534008186
1 43
    -0.386943267645013    -0.000000000000000    -0.000000000000000
    -0.000000000000000    -0.200596619289682     0.018630161640839
    -0.000000000000000     0.018633482948510     0.011529756129582
1 44
    -0.000056911881863     0.000000000000000     0.000000000000000
     0.000000000000000     0.000343292595343    -0.000017436640798
    -0.000000000000000    -0.000017436871451    -0.000042534008186
1 45
     0.000345287066071    -0.000000000000000    -0.000056382186957
    -0.000000000000000    -0.000272507988372     0.000000000000000
    -0.000056387216066     0.000000000000000     0.000528288964314
1 46
     0.000140887498802     0.000000000000000    -0.000014309167527
    -0.000000000000000    -0.000030844261307     0.000000000000000
    -0.000014309307643     0.000000000000000     0.000036738430983
1 47
     0.000345287066071     0.000000000000000     0.000056382186957
     0.000000000000000    -0.000272507988372     0.000000000000000
     0.000056387216066     0.000000000000000     0.000528288964314
1 48
     0.000140887498802    -0.000000000000000     0.000014309167527
     0.000000000000000    -0.000030844261307     0.000000000000000
     0.000014309307643     0.000000000000000     0.000036738430983
1 49
    -0.000272507988372    -0.000000000000000    -0.000000000000000
    -0.000000000000000     0.000345287066071     0.000056382186957
    -0.000000000000000     0.000056387216066     0.000528288964314
1 50
    -0.000030844261307    -0.000000000000000    -0.000000000000000
     0.000000000000000     0.000140887498802     0.000014309167527
    -0.000000000000000     0.000014309307643     0.000036738430983
2 1
    -0.379075443826520     0.000000000000000     0.000000000000000
    -0.000000000000000    -0.379075443826520    -0.000000000000000
    -0.000000000000000     0.000000000000000    -0.804766399077163
2 2
    44.811845842197791     0.000000000000000    -0.000000000000003
    -0.000000000000000    44.811845842197776     0.000000000000002
     0.000000000000004    -0.000000000000011    48.925795658815431
2 3
    -3.694359529480455    -0.000000000000000     0.000000000000001
    -0.000000000000000   -21.180124465053350    12.672861815044923
    -0.000000000000000    12.515118194914368   -13.067035238381528
2 4
     0.804388574074379     0.000000000000000    -0.000461508180706
    -0.000000000000000     1.032783848689910     0.000000000000000
    -1.109329431020196    -0.000000000000000     0.001118323696392
2 5
     0.804388574074379     0.000000000000000     0.000461508180706
     0.000000000000000     1.032783848689910     0.000000000000000
     1.109329431020196    -0.000000000000000     0.001118323696392
2 6
     1.032783848689911     0.000000000000000    -0.000000000000000
    -0.000000000000000     0.804388574074379    -0.000461508180706
     0.000000000000000    -1.109329431020196     0.001118323696392
2 7
     1.032783848689910    -0.000000000000000    -0.000000000000000
    -0.000000000000000     0.804388574074379     0.000461508180706
     0.000000000000000     1.109329431020196     0.001118323696392
2 8
   -21.180124465053357     0.000000000000000    12.672861815044927
     0.000000000000001    -3.694359529480455    -0.000000000000001
    12.515118194914361     0.000000000000001   -13.067035238381525
2 9
   -21.180124465053353     0.000000000000000   -12.672861815044925
    -0.000000000000001    -3.694359529480455    -0.000000000000001
   -12.515118194914367     0.000000000000001   -13.067035238381528
2 10
    -3.694359529480455     0.000000000000001     0.000000000000000
    -0.000000000000000   -21.180124465053350   -12.672861815044923
    -0.000000000000000   -12.515118194914360   -13.067035238381525
2 11
    -0.012351755584246    -0.000000000000000    -0.014087199976018
    -0.000000000000000     0.267219462689634    -0.000000000000000
    -0.014086734515004    -0.000000000000000    -0.011917648040322
2 12
     0.000462589471593     0.000000000000000     0.000051841305310
     0.000000000000000    -0.000094189399564    -0.000000000000000
     0.000051841810878     0.000000000000000     0.000075069809663
2 13
    -0.012351755584246     0.000000000000000     0.014087199976018
     0.000000000000000     0.267219462689634    -0.000000000000000
     0.014086734515004    -0.000000000000000    -0.011917648040322
2 14
     0.000462589471593    -0.000000000000000    -0.000051841305310
    -0.000000000000000    -0.000094189399564     0.000000000000000
    -0.000051841810878     0.000000000000000     0.000075069809663
2 15
     0.267219462689634     0.000000000000000     0.000000000000000
     0.000000000000000    -0.012351755584246    -0.014087199976018
     0.000000000000000    -0.014086734515004    -0.011917648040322
2 16
    -0.000094189399564    -0.000000000000000    -0.000000000000000
    -0.000000000000000     0.000462589471593     0.000051841305310
    -0.000000000000000     0.000051841810878     0.000075069809663
2 17
     0.267219462689634    -0.000000000000000     0.000000000000000
    -0.000000000000000    -0.012351755584246     0.014087199976018
     0.000000000000000     0.014086734515004    -0.011917648040322
2 18
    -0.000094189399564     0.000000000000000    -0.000000000000000
     0.000000000000000     0.000462589471593    -0.000051841305310
    -0.000000000000000    -0.000051841810878     0.000075069809663
2 19
     1.161123416791427    -0.000000000000000    -0.000000000000000
    -0.000000000000000    -0.255141338603363    -0.753169614210938
     0.000000000000000     0.351609628413573     1.038194758823670
2 20
    -0.255141338603363    -0.000000000000000     0.753169614210938
    -0.000000000000000     1.161123416791427     0.000000000000000
    -0.351609628413573    -0.000000000000000     1.038194758823670
2 21
     0.000837539261111     0.000000000000000    -0.000056349032296
    -0.000000000000000    -0.000140835375665    -0.000000000000000
    -0.000056349668569     0.000000000000000    -0.000084175292324
2 22
    -0.255141338603363     0.000000000000000    -0.753169614210938
     0.000000000000000     1.161123416791427     0.000000000000000
     0.351609628413573    -0.000000000000000     1.038194758823670
2 23
     0.000837539261111    -0.000000000000000     0.000056349032296
     0.000000000000000    -0.000140835375665    -0.000000000000000
     0.000056349668569     0.000000000000000    -0.000084175292324
2 24
    -0.000140835375665    -0.000000000000000     0.000000000000000
     0.000000000000000     0.000837539261111     0.000056349032296
    -0.000000000000000     0.000056349668569    -0.000084175292324
2 25
     0.258443255120992     0.000000000000000     0.000000000000000
     0.000000000000000    -0.013203311841587    -0.006654404115784
     0.000000000000000    -0.006654950564030    -0.002668785339438
2 26
    -0.000229173936104    -0.000000000000000    -0.000000000000000
     0.000000000000000     0.001071397895648     0.000312591289113
    -0.000000000000000     0.000312592037397     0.000008130272630
2 27
     0.258443255120992    -0.000000000000000     0.000000000000000
     0.000000000000000    -0.013203311841587     0.006654404115784
     0.000000000000000     0.006654950564030    -0.002668785339438
2 28
    -0.000229173936104     0.000000000000000    -0.000000000000000
     0.000000000000000     0.001071397895648    -0.000312591289113
    -0.000000000000000    -0.000312592037397     0.000008130272630
2 29
    -0.013203311841587    -0.000000000000000    -0.006654404115784
    -0.000000000000000     0.258443255120992    -0.000000000000000
    -0.006654950564030    -0.000000000000000    -0.002668785339438
2 30
     0.001071397895648    -0.000000000000000     0.000312591289113
     0.000000000000000    -0.000229173936104     0.000000000000000
     0.000312592037397     0.000000000000000     0.000008130272630
2 31
    -0.013203311841587    -0.000000000000000     0.006654404115784
     0.000000000000000     0.258443255120992    -0.000000000000000
     0.006654950564030    -0.000000000000000    -0.002668785339438
2 32
     0.001071397895648    -0.000000000000000    -0.000312591289113
    -0.000000000000000    -0.000229173936104     0.000000000000000
    -0.000312592037397     0.000000000000000     0.000008130272630
2 33
     1.161123416791427     0.000000000000000    -0.000000000000000
     0.000000000000000    -0.255141338603363     0.753169614210938
     0.000000000000000    -0.351609628413573     1.038194758823670
2 34
    -0.000140835375665     0.000000000000000     0.000000000000000
    -0.000000000000000     0.000837539261111    -0.000056349032296
    -0.000000000000000    -0.000056349668569    -0.000084175292324
2 35
    -0.386943267645013     0.000000000000000    -0.000000000000000
     0.000000000000000    -0.200596619289682    -0.018630161640839
    -0.000000000000000    -0.018633482948510     0.011529756129582
2 36
    -0.000056911881863    -0.000000000000000     0.000000000000000
    -0.000000000000000     0.000343292595343     0.000017436640798
    -0.000000000000000     0.000017436871451    -0.000042534008186
2 37
     0.000345287066071    -0.000000000000000    -0.000056382186957
    -0.000000000000000    -0.000272507988372     0.000000000000000
    -0.000056387216066     0.000000000000000     0.000528288964314
2 38
     0.000140887498802     0.000000000000000    -0.000014309167527
    -0.000000000000000    -0.000030844261307     0.000000000000000
    -0.000014309307643     0.000000000000000     0.000036738430983
2 39
     0.000345287066071     0.000000000000000     0.000056382186957
     0.000000000000000    -0.000272507988372     0.000000000000000
     0.000056387216066     0.000000000000000     0.000528288964314
2 40
     0.000140887498802    -0.000000000000000     0.000014309167527
     0.000000000000000    -0.000030844261307     0.000000000000000
     0.000014309307643     0.000000000000000     0.000036738430983
2 41
    -0.000272507988372     0.000000000000000    -0.000000000000000
     0.000000000000000     0.000345287066071    -0.000056382186957
    -0.000000000000000    -0.000056387216066     0.000528288964314
2 42
    -0.000030844261307     0.000000000000000    -0.000000000000000
    -0.000000000000000     0.000140887498802    -0.000014309167527
    -0.000000000000000    -0.000014309307643     0.000036738430983
2 43
    -0.000272507988372    -0.000000000000000    -0.000000000000000
    -0.000000000000000     0.000345287066071     0.000056382186957
    -0.000000000000000     0.000056387216066     0.000528288964314
2 44
    -0.000030844261307    -0.000000000000000    -0.000000000000000
     0.000000000000000     0.000140887498802     0.000014309167527
    -0.000000000000000     0.000014309307643     0.000036738430983
2 45
    -0.200596619289682    -0.000000000000000    -0.018630161640839
    -0.000000000000000    -0.386943267645012     0.000000000000000
    -0.018633482948510     0.000000000000000     0.011529756129582
2 46
     0.000343292595343     0.000000000000000     0.000017436640798
     0.000000000000000    -0.000056911881863    -0.000000000000000
     0.000017436871451     0.000000000000000    -0.000042534008186
2 47
    -0.200596619289682     0.000000000000000     0.018630161640839
     0.000000000000000    -0.386943267645012     0.000000000000000
     0.018633482948510     0.000000000000000     0.011529756129582
2 48
     0.000343292595343    -0.000000000000000    -0.000017436640798
    -0.000000000000000    -0.000056911881863    -0.000000000000000
    -0.000017436871451     0.000000000000000    -0.000042534008186
2 49
    -0.386943267645013    -0.000000000000000    -0.000000000000000
    -0.000000000000000    -0.200596619289682     0.018630161640839
    -0.000000000000000     0.018633482948510     0.011529756129582
2 50
    -0.000056911881863     0.000000000000000     0.000000000000000
     0.000000000000000     0.000343292595343    -0.000017436640798
    -0.000000000000000    -0.000017436871451    -0.000042534008186
3 1
     1.032774458315376    -0.000000000000000    -0.000000000000000
    -0.000000000000000     0.804400837645508    -1.109323255561929
    -0.000000000000000    -0.000461504851531     0.001118280089637
3 2
    -3.693903508163389     0.000000000000000     0.000000000000000
     0.000000000000000   -21.180055823044697    12.514898833991667
     0.000000000000000    12.672927498757835   -13.066214899730918
3 3
    19.090948568977165    -0.000000000000000    -0.000000000000000
    -0.000000000000001    76.907107246313700    -3.862490135725041
    -0.000000000000000    -3.863379488688282    73.980395065279652
3 4
    -0.000521424616701    -0.000565838698295     0.000000000000003
    -0.000565838698276    -0.000521424616694    -0.000000000000003
    -0.000000000000000     0.000000000000001     0.001846683653336
3 5
    -0.000521424616701     0.000565838698295    -0.000000000000003
     0.000565838698276    -0.000521424616694    -0.000000000000003
    -0.000000000000000     0.000000000000001     0.001846683653336
3 6
     0.002546269597661    -0.000000000000000    -0.000000000000000
    -0.000000000000000    -0.054615866937212    -0.023629513446485
    -0.000000000000000    -0.023625809588324    -0.006996199563456
3 7
   -10.671495210488045     0.000000000000000    -0.000000000000000
     0.000000000000000   -14.690484056212538    -1.850147464342867
     0.000000000000000     1.850170103722043   -45.531868800204791
3 8
    -0.029470947283265    -0.212682857936142    -0.040316683376755
    -0.092563554148371    -0.029504742859013    -0.127444436910401
    -0.127468882424491    -0.040291769873947    -0.175384381020250
3 9
    -0.029470947283265     0.212682857936142     0.040316683376755
     0.092563554148371    -0.029504742859014    -0.127444436910401
     0.127468882424491    -0.040291769873947    -0.175384381020251
3 10
    -0.284135036831288    -0.000000000000000    -0.000000000000000
     0.000000000000000    -0.118931351233863     0.163932298314674
     0.000000000000000    -0.163882927947119     0.225948249770413
3 11
     0.000718882767918    -0.000770044443539    -0.000432202618023
    -0.000770034130200    -0.000258779250530     0.000238639715944
    -0.000432186078283     0.000238646846993     0.001362729320386
3 12
     0.000230320226376    -0.000041856454320    -0.000023142767804
    -0.000041857558143    -0.000030824358656     0.000007913709350
    -0.000023142269544     0.000007913229914     0.000037857309815
3 13
     0.000718882767918     0.000770044443539     0.000432202618023
     0.000770034130200    -0.000258779250530     0.000238639715944
     0.000432186078283     0.000238646846993     0.001362729320386
3 14
     0.000230320226376     0.000041856454320     0.000023142767804
     0.000041857558143    -0.000030824358656     0.000007913709350
     0.000023142269544     0.000007913229914     0.000037857309815
3 15
    -0.000388568218016     0.000000000000000     0.000000000000000
     0.000000000000000     0.001607212092891     0.000665905112344
    -0.000000000000000     0.000665905087271     0.000011942405162
3 16
    -0.000083796441748     0.000000000000000     0.000000000000000
     0.000000000000000     0.000472997951741    -0.000097899113353
    -0.000000000000000    -0.000097896897136     0.000006225910925
3 17
     1.359309907684180    -0.000000000000000     0.000000000000000
    -0.000000000000000     1.002440406402943     2.959099253727404
    -0.000000000000000     0.000194712845551     0.000740732569926
3 18
    -0.000388257575063     0.000000000000000     0.000000000000000
     0.000000000000000     0.001570677619690    -0.000689580621947
    -0.000000000000000    -0.000689580113671     0.000058536576644
3 19
    -0.000532702809766    -0.000000000000000     0.000000000000000
     0.000000000000000     0.001850506585523    -0.000213857361144
     0.000000000000000    -0.000213873651035    -0.000448320134223
3 20
    -0.011646486907916    -0.006444936205324     0.007789078008228
    -0.006446473681488    -0.003540837333998     0.004302340941764
     0.007787688098807     0.004300574072114    -0.004636692256126
3 21
     0.000329201256228     0.000064267479866    -0.000052735541880
     0.000064269715850    -0.000035680982647    -0.000018379754766
    -0.000052734121056    -0.000018378523647    -0.000000849333441
3 22
    -0.011646486907916     0.006444936205324    -0.007789078008228
     0.006446473681488    -0.003540837333998     0.004302340941764
    -0.007787688098807     0.004300574072114    -0.004636692256126
3 23
     0.000329201256228    -0.000064267479866     0.000052735541880
    -0.000064269715850    -0.000035680982647    -0.000018379754766
     0.000052734121056    -0.000018378523647    -0.000000849333441
3 24
    -0.000105681967563     0.000000000000000     0.000000000000000
     0.000000000000000     0.000660738726124     0.000048985200643
    -0.000000000000000     0.000048983879435    -0.000068578408891
3 25
    -0.000178667357833     0.000000000000000     0.000000000000000
     0.000000000000000     0.001058862955963     0.000126138044334
     0.000000000000000     0.000126135062778    -0.000121661983034
3 26
    -0.000066347808810     0.000000000000000     0.000000000000000
     0.000000000000000     0.000421774471025    -0.000005137388312
     0.000000000000000    -0.000005137248594    -0.000035620858021
3 27
     1.044467621017368     0.000000000000000    -0.000000000000000
    -0.000000000000000    -0.698534571845145    -0.573039002400632
     0.000000000000000     2.061716732029660     1.691615681084701
3 28
     0.377527395418813     0.000000000000000    -0.000000000000000
    -0.000000000000000    -0.028055232628670     0.005148281398698
    -0.000000000000000     0.005146989993523    -0.000313545354121
3 29
     0.000893546079075    -0.000514701985109     0.000471124953995
    -0.000514708918013    -0.000128389518173    -0.000198517817614
     0.000471120354191    -0.000198513626436     0.000587106188466
3 30
     0.000365653931855    -0.000118609688241     0.000085075820960
    -0.000118612889610    -0.000047068971926    -0.000026531807762
     0.000085074074783    -0.000026530267382     0.000091827322723
3 31
     0.000893546079075     0.000514701985109    -0.000471124953995
     0.000514708918013    -0.000128389518173    -0.000198517817614
    -0.000471120354191    -0.000198513626436     0.000587106188466
3 32
     0.000365653931855     0.000118609688241    -0.000085075820960
     0.000118612889610    -0.000047068971926    -0.000026531807762
    -0.000085074074783    -0.000026530267382     0.000091827322723
3 33
   -10.334319566415571     0.000000000000000     0.000000000000000
     0.000000000000000   -42.731374984222604    -7.771373220294270
     0.000000000000000    -9.962038093464164   -17.583380328002445
3 34
    -0.000546378593937     0.000000000000000    -0.000000000000000
     0.000000000000000     0.001782689927874     0.000262560057504
     0.000000000000000     0.000262583440176    -0.000446586335952
3 35
     1.640488528579585    -0.000000000000000     0.000000000000000
    -0.000000000000000     0.856368190052960    -0.229546571427467
    -0.000000000000000    -2.527548566509779     0.677503247058239
3 36
    -0.000217416337348    -0.000000000000000    -0.000000000000000
     0.000000000000000     0.000817817890439     0.000356953318231
     0.000000000000000     0.000356959937965    -0.000048671979124
3 37
     0.000458450737746    -0.000354427981397    -0.000422469374642
    -0.000354413092760    -0.000065542187459     0.000213493900687
    -0.000422479468560     0.000213509684154     0.000157194205730
3 38
     0.000092412104090    -0.000026138987098    -0.000024641716255
    -0.000026139910150    -0.000009741388809     0.000007599743246
    -0.000024641064675     0.000007599217526     0.000006304945168
3 39
     0.000458450737746     0.000354427981397     0.000422469374642
     0.000354413092760    -0.000065542187459     0.000213493900687
     0.000422479468560     0.000213509684154     0.000157194205730
3 40
     0.000092412104090     0.000026138987098     0.000024641716255
     0.000026139910150    -0.000009741388809     0.000007599743246
     0.000024641064675     0.000007599217526     0.000006304945168
3 41
    -0.000045228217027    -0.000000000000000    -0.000000000000000
     0.000000000000000     0.000199133976795     0.000081192695035
     0.000000000000000     0.000081191570870     0.000056968615555
3 42
    -0.000011828878744     0.000000000000000    -0.000000000000000
     0.000000000000000     0.000062709860250    -0.000005441471145
     0.000000000000000    -0.000005441358709     0.000007463554411
3 43
     0.519154920288862     0.000000000000000    -0.000000000000000
    -0.000000000000000    -0.009984805661117     0.021673295015556
     0.000000000000000     0.021681893319444    -0.035038044038309
3 44
    -0.000107096221457     0.000000000000000     0.000000000000000
     0.000000000000000     0.000379151136064    -0.000224965727911
    -0.000000000000000    -0.000224964412285     0.000178847471635
3 45
    -0.001891986471573    -0.000818421466146     0.000463711847129
    -0.000818949715243    -0.000689086694094     0.000234665248188
     0.000463395998204     0.000234357809382    -0.000374045087305
3 46
     0.000143064692688     0.000041538854455    -0.000019604067461
     0.000041540679458    -0.000011486614840    -0.000005997267478
    -0.000019603410281    -0.000005996784672    -0.000013845731945
3 47
    -0.001891986471573     0.000818421466146    -0.000463711847129
     0.000818949715243    -0.000689086694094     0.000234665248188
    -0.000463395998204     0.000234357809382    -0.000374045087305
3 48
     0.000143064692688    -0.000041538854455     0.000019604067461
    -0.000041540679458    -0.000011486614840    -0.000005997267478
     0.000019603410281    -0.000005996784672    -0.000013845731945
3 49
    -0.000078857237699    -0.000000000000000    -0.000000000000000
     0.000000000000000     0.000432115729324    -0.000137691499300
     0.000000000000000    -0.000137688365836    -0.000016741347008
3 50
    -0.000014893348804    -0.000000000000000    -0.000000000000000
     0.000000000000000     0.000090832000695     0.000008460103398
     0.000000000000000     0.000008459881885    -0.000003021479729
4 1
   -21.180055823044693    -0.000000000000000    12.514898833991666
    -0.000000000000000    -3.693903508163388    -0.000000000000000
    12.672927498757833    -0.000000000000000   -13.066214899730918
4 2
     0.804400837645508     0.000000000000000    -1.109323255561929
     0.000000000000000     1.032774458315376     0.000000000000000
    -0.000461504851531     0.000000000000000     0.001118280089637
4 3
    -0.000521424616694    -0.000565838698276    -0.000000000000003
    -0.000565838698295    -0.000521424616701     0.000000000000003
     0.000000000000001     0.000000000000000     0.001846683653336
4 4
    76.907107246313686     0.000000000000001    -3.862490135725040
     0.000000000000000    19.090948568977161     0.000000000000000
    -3.863379488688282     0.000000000000000    73.980395065279652
4 5
    -0.118931351233863    -0.000000000000000     0.163932298314674
     0.000000000000000    -0.284135036831288     0.000000000000000
    -0.163882927947119    -0.000000000000000     0.225948249770413
4 6
    -0.029504742859014    -0.092563554148371    -0.127444436910401
    -0.212682857936142    -0.029470947283265    -0.040316683376755
    -0.040291769873947    -0.127468882424491    -0.175384381020251
4 7
    -0.029504742859013     0.092563554148371    -0.127444436910401
     0.212682857936142    -0.029470947283265     0.040316683376755
    -0.040291769873947     0.127468882424491    -0.175384381020250
4 8
    -0.054615866937212     0.000000000000000    -0.023629513446485
     0.000000000000000     0.002546269597661     0.000000000000000
    -0.023625809588324     0.000000000000000    -0.006996199563456
4 9
   -14.690484056212535    -0.000000000000000    -1.850147464342867
    -0.000000000000000   -10.671495210488043     0.000000000000000
     1.850170103722042    -0.000000000000000   -45.531868800204791
4 10
    -0.000521424616694     0.000565838698276    -0.000000000000003
     0.000565838698295    -0.000521424616701    -0.000000000000003
     0.000000000000001     0.000000000000000     0.001846683653336
4 11
   -42.731374984222597    -0.000000000000000    -7.771373220294270
    -0.000000000000000   -10.334319566415569    -0.000000000000000
    -9.962038093464162    -0.000000000000000   -17.583380328002445
4 12
     0.001782689927874    -0.000000000000000     0.000262560057504
    -0.000000000000000    -0.000546378593937     0.000000000000000
     0.000262583440176    -0.000000000000000    -0.000446586335952
4 13
     0.001850506585523    -0.000000000000000    -0.000213857361144
     0.000000000000000    -0.000532702809766    -0.000000000000000
    -0.000213873651035    -0.000000000000000    -0.000448320134223
4 14
     0.000660738726124    -0.000000000000000     0.000048985200643
    -0.000000000000000    -0.000105681967563    -0.000000000000000
     0.000048983879435     0.000000000000000    -0.000068578408891
4 15
    -0.003540837333998    -0.006446473681488     0.004302340941764
    -0.006444936205324    -0.011646486907916     0.007789078008228
     0.004300574072114     0.007787688098807    -0.004636692256126
4 16
    -0.000035680982647     0.000064269715850    -0.000018379754766
     0.000064267479866     0.000329201256228    -0.000052735541880
    -0.000018378523647    -0.000052734121056    -0.000000849333441
4 17
    -0.003540837333998     0.006446473681488     0.004302340941764
     0.006444936205324    -0.011646486907916    -0.007789078008228
     0.004300574072114    -0.007787688098807    -0.004636692256126
4 18
    -0.000035680982647    -0.000064269715850    -0.000018379754766
    -0.000064267479866     0.000329201256228     0.000052735541880
    -0.000018378523647     0.000052734121056    -0.000000849333441
4 19
    -0.000258779250530     0.000770034130200     0.000238639715944
     0.000770044443539     0.000718882767918     0.000432202618023
     0.000238646846993     0.000432186078283     0.001362729320386
4 20
     0.001607212092891    -0.000000000000000     0.000665905112344
    -0.000000000000000    -0.000388568218016    -0.000000000000000
     0.000665905087271     0.000000000000000     0.000011942405162
4 21
     0.000472997951741    -0.000000000000000    -0.000097899113353
    -0.000000000000000    -0.000083796441748    -0.000000000000000
    -0.000097896897136     0.000000000000000     0.000006225910925
4 22
     1.002440406402942     0.000000000000000     2.959099253727404
     0.000000000000000     1.359309907684180    -0.000000000000000
     0.000194712845551     0.000000000000000     0.000740732569926
4 23
     0.001570677619690    -0.000000000000000    -0.000689580621947
    -0.000000000000000    -0.000388257575063    -0.000000000000000
    -0.000689580113671     0.000000000000000     0.000058536576644
4 24
    -0.000030824358656     0.000041857558143     0.000007913709350
     0.000041856454320     0.000230320226376     0.000023142767804
     0.000007913229914     0.000023142269544     0.000037857309815
4 25
    -0.000128389518173     0.000514708918013    -0.000198517817614
     0.000514701985109     0.000893546079075    -0.000471124953995
    -0.000198513626436    -0.000471120354191     0.000587106188466
4 26
    -0.000047068971926     0.000118612889610    -0.000026531807762
     0.000118609688241     0.000365653931855    -0.000085075820960
    -0.000026530267382    -0.000085074074783     0.000091827322723
4 27
    -0.000128389518173    -0.000514708918013    -0.000198517817614
    -0.000514701985109     0.000893546079075     0.000471124953995
    -0.000198513626436     0.000471120354191     0.000587106188466
4 28
    -0.000047068971926    -0.000118612889610    -0.000026531807762
    -0.000118609688241     0.000365653931855     0.000085075820960
    -0.000026530267382     0.000085074074783     0.000091827322723
4 29
    -0.698534571845145     0.000000000000000    -0.573039002400632
    -0.000000000000000     1.044467621017368     0.000000000000000
     2.061716732029659    -0.000000000000000     1.691615681084701
4 30
    -0.028055232628670     0.000000000000000     0.005148281398698
    -0.000000000000000     0.377527395418813     0.000000000000000
     0.005146989993523     0.000000000000000    -0.000313545354121
4 31
     0.001058862955963    -0.000000000000000     0.000126138044334
    -0.000000000000000    -0.000178667357833    -0.000000000000000
     0.000126135062778    -0.000000000000000    -0.000121661983034
4 32
     0.000421774471025    -0.000000000000000    -0.000005137388312
    -0.000000000000000    -0.000066347808810    -0.000000000000000
    -0.000005137248594    -0.000000000000000    -0.000035620858021
4 33
    -0.000258779250530    -0.000770034130200     0.000238639715944
    -0.000770044443539     0.000718882767918    -0.000432202618023
     0.000238646846993    -0.000432186078283     0.001362729320386
4 34
    -0.000030824358656    -0.000041857558143     0.000007913709350
    -0.000041856454320     0.000230320226376    -0.000023142767804
     0.000007913229914    -0.000023142269544     0.000037857309815
4 35
    -0.000065542187459    -0.000354413092760     0.000213493900687
    -0.000354427981397     0.000458450737746    -0.000422469374642
     0.000213509684154    -0.000422479468560     0.000157194205730
4 36
    -0.000009741388809    -0.000026139910150     0.000007599743246
    -0.000026138987098     0.000092412104090    -0.000024641716255
     0.000007599217526    -0.000024641064675     0.000006304945168
4 37
     0.856368190052960     0.000000000000000    -0.229546571427467
     0.000000000000000     1.640488528579584    -0.000000000000000
    -2.527548566509778     0.000000000000000     0.677503247058239
4 38
     0.000817817890439    -0.000000000000000     0.000356953318231
     0.000000000000000    -0.000217416337348     0.000000000000000
     0.000356959937965    -0.000000000000000    -0.000048671979124
4 39
     0.000432115729324    -0.000000000000000    -0.000137691499300
     0.000000000000000    -0.000078857237699     0.000000000000000
    -0.000137688365836    -0.000000000000000    -0.000016741347008
4 40
     0.000090832000695    -0.000000000000000     0.000008460103398
     0.000000000000000    -0.000014893348804     0.000000000000000
     0.000008459881885    -0.000000000000000    -0.000003021479729
4 41
    -0.000689086694094    -0.000818949715243     0.000234665248188
    -0.000818421466146    -0.001891986471573     0.000463711847129
     0.000234357809382     0.000463395998204    -0.000374045087305
4 42
    -0.000011486614840     0.000041540679458    -0.000005997267478
     0.000041538854455     0.000143064692688    -0.000019604067461
    -0.000005996784672    -0.000019603410281    -0.000013845731945
4 43
    -0.000689086694094     0.000818949715243     0.000234665248188
     0.000818421466146    -0.001891986471573    -0.000463711847129
     0.000234357809382    -0.000463395998204    -0.000374045087305
4 44
    -0.000011486614840    -0.000041540679458    -0.000005997267478
    -0.000041538854455     0.000143064692688     0.000019604067461
    -0.000005996784672     0.000019603410281    -0.000013845731945
4 45
     0.000199133976795    -0.000000000000000     0.000081192695035
     0.000000000000000    -0.000045228217027     0.000000000000000
     0.000081191570870    -0.000000000000000     0.000056968615555
4 46
     0.000062709860250    -0.000000000000000    -0.000005441471145
    -0.000000000000000    -0.000011828878744     0.000000000000000
    -0.000005441358709    -0.000000000000000     0.000007463554411
4 47
    -0.009984805661117     0.000000000000000     0.021673295015556
    -0.000000000000000     0.519154920288861     0.000000000000000
     0.021681893319444    -0.000000000000000    -0.035038044038309
4 48
     0.000379151136064    -0.000000000000000    -0.000224965727911
    -0.000000000000000    -0.000107096221457    -0.000000000000000
    -0.000224964412285     0.000000000000000     0.000178847471635
4 49
    -0.000065542187459     0.000354413092760     0.000213493900687
     0.000354427981397     0.000458450737746     0.000422469374642
     0.000213509684154     0.000422479468560     0.000157194205730
4 50
    -0.000009741388809     0.000026139910150     0.000007599743246
     0.000026138987098     0.000092412104090     0.000024641716255
     0.000007599217526     0.000024641064675     0.000006304945168
5 1
   -21.180055823044693    -0.000000000000000   -12.514898833991666
    -0.000000000000000    -3.693903508163388     0.000000000000000
   -12.672927498757833     0.000000000000000   -13.066214899730918
5 2
     0.804400837645508     0.000000000000000     1.109323255561929
     0.000000000000000     1.032774458315376    -0.000000000000000
     0.000461504851531     0.000000000000000     0.001118280089637
5 3
    -0.000521424616694     0.000565838698276     0.000000000000003
     0.000565838698295    -0.000521424616701     0.000000000000003
    -0.000000000000001    -0.000000000000000     0.001846683653336
5 4
    -0.118931351233863    -0.000000000000000    -0.163932298314674
     0.000000000000000    -0.284135036831288    -0.000000000000000
     0.163882927947119     0.000000000000000     0.225948249770413
5 5
    76.907107246313686     0.000000000000001     3.862490135725040
     0.000000000000000    19.090948568977161    -0.000000000000000
     3.863379488688282    -0.000000000000000    73.980395065279652
5 6
    -0.029504742859013     0.092563554148371     0.127444436910401
     0.212682857936142    -0.029470947283265    -0.040316683376755
     0.040291769873947    -0.127468882424491    -0.175384381020250
5 7
    -0.029504742859014    -0.092563554148371     0.127444436910401
    -0.212682857936142    -0.029470947283265     0.040316683376755
     0.040291769873947     0.127468882424491    -0.175384381020251
5 8
   -14.690484056212535    -0.000000000000000     1.850147464342867
    -0.000000000000000   -10.671495210488043    -0.000000000000000
    -1.850170103722042     0.000000000000000   -45.531868800204791
5 9
    -0.054615866937212     0.000000000000000     0.023629513446485
     0.000000000000000     0.002546269597661    -0.000000000000000
     0.023625809588324    -0.000000000000000    -0.006996199563456
5 10
    -0.000521424616694    -0.000565838698276     0.000000000000003
    -0.000565838698295    -0.000521424616701    -0.000000000000003
    -0.000000000000001    -0.000000000000000     0.001846683653336
5 11
     0.001850506585523    -0.000000000000000     0.000213857361144
     0.000000000000000    -0.000532702809766     0.000000000000000
     0.000213873651035     0.000000000000000    -0.000448320134223
5 12
     0.000660738726124    -0.000000000000000    -0.000048985200643
    -0.000000000000000    -0.000105681967563     0.000000000000000
    -0.000048983879435     0.000000000000000    -0.000068578408891
5 13
   -42.731374984222597    -0.000000000000000     7.771373220294270
    -0.000000000000000   -10.334319566415569     0.000000000000000
     9.962038093464162     0.000000000000000   -17.583380328002445
5 14
     0.001782689927874    -0.000000000000000    -0.000262560057504
    -0.000000000000000    -0.000546378593937    -0.000000000000000
    -0.000262583440176     0.000000000000000    -0.000446586335952
5 15
    -0.003540837333998     0.006446473681488    -0.004302340941764
     0.006444936205324    -0.011646486907916     0.007789078008228
    -0.004300574072114     0.007787688098807    -0.004636692256126
5 16
    -0.000035680982647    -0.000064269715850     0.000018379754766
    -0.000064267479866     0.000329201256228    -0.000052735541880
     0.000018378523647    -0.000052734121056    -0.000000849333441
5 17
    -0.003540837333998    -0.006446473681488    -0.004302340941764
    -0.006444936205324    -0.011646486907916    -0.007789078008228
    -0.004300574072114    -0.007787688098807    -0.004636692256126
5 18
    -0.000035680982647     0.000064269715850     0.000018379754766
     0.000064267479866     0.000329201256228     0.000052735541880
     0.000018378523647     0.000052734121056    -0.000000849333441
5 19
    -0.000258779250530    -0.000770034130200    -0.000238639715944
    -0.000770044443539     0.000718882767918     0.000432202618023
    -0.000238646846993     0.000432186078283     0.001362729320386
5 20
     1.002440406402942     0.000000000000000    -2.959099253727404
     0.000000000000000     1.359309907684180     0.000000000000000
    -0.000194712845551    -0.000000000000000     0.000740732569926
5 21
     0.001570677619690    -0.000000000000000     0.000689580621947
    -0.000000000000000    -0.000388257575063     0.000000000000000
     0.000689580113671    -0.000000000000000     0.000058536576644
5 22
     0.001607212092891    -0.000000000000000    -0.000665905112344
    -0.000000000000000    -0.000388568218016     0.000000000000000
    -0.000665905087271    -0.000000000000000     0.000011942405162
5 23
     0.000472997951741    -0.000000000000000     0.000097899113353
    -0.000000000000000    -0.000083796441748     0.000000000000000
     0.000097896897136    -0.000000000000000     0.000006225910925
5 24
    -0.000030824358656    -0.000041857558143    -0.000007913709350
    -0.000041856454320     0.000230320226376     0.000023142767804
    -0.000007913229914     0.000023142269544     0.000037857309815
5 25
    -0.000128389518173    -0.000514708918013     0.000198517817614
    -0.000514701985109     0.000893546079075    -0.000471124953995
     0.000198513626436    -0.000471120354191     0.000587106188466
5 26
    -0.000047068971926    -0.000118612889610     0.000026531807762
    -0.000118609688241     0.000365653931855    -0.000085075820960
     0.000026530267382    -0.000085074074783     0.000091827322723
5 27
    -0.000128389518173     0.000514708918013     0.000198517817614
     0.000514701985109     0.000893546079075     0.000471124953995
     0.000198513626436     0.000471120354191     0.000587106188466
5 28
    -0.000047068971926     0.000118612889610     0.000026531807762
     0.000118609688241     0.000365653931855     0.000085075820960
     0.000026530267382     0.000085074074783     0.000091827322723
5 29
     0.001058862955963    -0.000000000000000    -0.000126138044334
    -0.000000000000000    -0.000178667357833     0.000000000000000
    -0.000126135062778     0.000000000000000    -0.000121661983034
5 30
     0.000421774471025    -0.000000000000000     0.000005137388312
    -0.000000000000000    -0.000066347808810     0.000000000000000
     0.000005137248594     0.000000000000000    -0.000035620858021
5 31
    -0.698534571845145     0.000000000000000     0.573039002400632
    -0.000000000000000     1.044467621017368    -0.000000000000000
    -2.061716732029659     0.000000000000000     1.691615681084701
5 32
    -0.028055232628670     0.000000000000000    -0.005148281398698
    -0.000000000000000     0.377527395418813    -0.000000000000000
    -0.005146989993523    -0.000000000000000    -0.000313545354121
5 33
    -0.000258779250530     0.000770034130200    -0.000238639715944
     0.000770044443539     0.000718882767918    -0.000432202618023
    -0.000238646846993    -0.000432186078283     0.001362729320386
5 34
    -0.000030824358656     0.000041857558143    -0.000007913709350
     0.000041856454320     0.000230320226376    -0.000023142767804
    -0.000007913229914    -0.000023142269544     0.000037857309815
5 35
    -0.000065542187459     0.000354413092760    -0.000213493900687
     0.000354427981397     0.000458450737746    -0.000422469374642
    -0.000213509684154    -0.000422479468560     0.000157194205730
5 36
    -0.000009741388809     0.000026139910150    -0.000007599743246
     0.000026138987098     0.000092412104090    -0.000024641716255
    -0.000007599217526    -0.000024641064675     0.000006304945168
5 37
     0.000432115729324    -0.000000000000000     0.000137691499300
     0.000000000000000    -0.000078857237699    -0.000000000000000
     0.000137688365836     0.000000000000000    -0.000016741347008
5 38
     0.000090832000695    -0.000000000000000    -0.000008460103398
     0.000000000000000    -0.000014893348804    -0.000000000000000
    -0.000008459881885     0.000000000000000    -0.000003021479729
5 39
     0.856368190052960     0.000000000000000     0.229546571427467
     0.000000000000000     1.640488528579584     0.000000000000000
     2.527548566509778    -0.000000000000000     0.677503247058239
5 40
     0.000817817890439    -0.000000000000000    -0.000356953318231
     0.000000000000000    -0.000217416337348    -0.000000000000000
    -0.000356959937965     0.000000000000000    -0.000048671979124
5 41
    -0.000689086694094     0.000818949715243    -0.000234665248188
     0.000818421466146    -0.001891986471573     0.000463711847129
    -0.000234357809382     0.000463395998204    -0.000374045087305
5 42
    -0.000011486614840    -0.000041540679458     0.000005997267478
    -0.000041538854455     0.000143064692688    -0.000019604067461
     0.000005996784672    -0.000019603410281    -0.000013845731945
5 43
    -0.000689086694094    -0.000818949715243    -0.000234665248188
    -0.000818421466146    -0.001891986471573    -0.000463711847129
    -0.000234357809382    -0.000463395998204    -0.000374045087305
5 44
    -0.000011486614840     0.000041540679458     0.000005997267478
     0.000041538854455     0.000143064692688     0.000019604067461
     0.000005996784672     0.000019603410281    -0.000013845731945
5 45
    -0.009984805661117     0.000000000000000    -0.021673295015556
    -0.000000000000000     0.519154920288861    -0.000000000000000
    -0.021681893319444     0.000000000000000    -0.035038044038309
5 46
     0.000379151136064    -0.000000000000000     0.000224965727911
    -0.000000000000000    -0.000107096221457     0.000000000000000
     0.000224964412285    -0.000000000000000     0.000178847471635
5 47
     0.000199133976795    -0.000000000000000    -0.000081192695035
     0.000000000000000    -0.000045228217027    -0.000000000000000
    -0.000081191570870     0.000000000000000     0.000056968615555
5 48
     0.000062709860250    -0.000000000000000     0.000005441471145
    -0.000000000000000    -0.000011828878744    -0.000000000000000
     0.000005441358709     0.000000000000000     0.000007463554411
5 49
    -0.000065542187459    -0.000354413092760    -0.000213493900687
    -0.000354427981397     0.000458450737746     0.000422469374642
    -0.000213509684154     0.000422479468560     0.000157194205730
5 50
    -0.000009741388809    -0.000026139910150    -0.000007599743246
    -0.000026138987098     0.000092412104090     0.000024641716255
    -0.000007599217526     0.000024641064675     0.000006304945168
6 1
    -3.693903508163388     0.000000000000000     0.000000000000000
     0.000000000000000   -21.180055823044693    12.514898833991666
     0.000000000000000    12.672927498757833   -13.066214899730918
6 2
     1.032774458315376    -0.000000000000000    -0.000000000000000
    -0.000000000000000     0.804400837645508    -1.109323255561929
     0.000000000000000    -0.000461504851531     0.001118280089637
6 3
     0.002546269597661    -0.000000000000000    -0.000000000000000
    -0.000000000000000    -0.054615866937212    -0.023629513446485
    -0.000000000000000    -0.023625809588324    -0.006996199563456
6 4
    -0.029470947283265    -0.212682857936142    -0.040316683376755
    -0.092563554148371    -0.029504742859013    -0.127444436910401
    -0.127468882424491    -0.040291769873947    -0.175384381020250
6 5
    -0.029470947283265     0.212682857936142     0.040316683376755
     0.092563554148371    -0.029504742859014    -0.127444436910401
     0.127468882424491    -0.040291769873947    -0.175384381020251
6 6
    19.090948568977161    -0.000000000000000    -0.000000000000000
    -0.000000000000001    76.907107246313686    -3.862490135725040
    -0.000000000000000    -3.863379488688282    73.980395065279652
6 7
    -0.284135036831288    -0.000000000000000    -0.000000000000000
     0.000000000000000    -0.118931351233863     0.163932298314674
     0.000000000000000    -0.163882927947119     0.225948249770413
6 8
    -0.000521424616701    -0.000565838698295     0.000000000000003
    -0.000565838698276    -0.000521424616694    -0.000000000000003
    -0.000000000000000     0.000000000000001     0.001846683653336
6 9
    -0.000521424616701     0.000565838698295    -0.000000000000003
     0.000565838698276    -0.000521424616694    -0.000000000000003
    -0.000000000000000     0.000000000000001     0.001846683653336
6 10
   -10.671495210488043     0.000000000000000    -0.000000000000000
     0.000000000000000   -14.690484056212535    -1.850147464342867
     0.000000000000000     1.850170103722042   -45.531868800204791
6 11
    -0.011646486907916    -0.006444936205324     0.007789078008228
    -0.006446473681488    -0.003540837333998     0.004302340941764
     0.007787688098807     0.004300574072114    -0.004636692256126
6 12
     0.000329201256228     0.000064267479866    -0.000052735541880
     0.000064269715850    -0.000035680982647    -0.000018379754766
    -0.000052734121056    -0.000018378523647    -0.000000849333441
6 13
    -0.011646486907916     0.006444936205324    -0.007789078008228
     0.006446473681488    -0.003540837333998     0.004302340941764
    -0.007787688098807     0.004300574072114    -0.004636692256126
6 14
     0.000329201256228    -0.000064267479866     0.000052735541880
    -0.000064269715850    -0.000035680982647    -0.000018379754766
     0.000052734121056    -0.000018378523647    -0.000000849333441
6 15
   -10.334319566415569     0.000000000000000     0.000000000000000
     0.000000000000000   -42.731374984222597    -7.771373220294270
     0.000000000000000    -9.962038093464162   -17.583380328002445
6 16
    -0.000546378593937     0.000000000000000    -0.000000000000000
     0.000000000000000     0.001782689927874     0.000262560057504
     0.000000000000000     0.000262583440176    -0.000446586335952
6 17
    -0.000532702809766    -0.000000000000000     0.000000000000000
     0.000000000000000     0.001850506585523    -0.000213857361144
     0.000000000000000    -0.000213873651035    -0.000448320134223
6 18
    -0.000105681967563     0.000000000000000     0.000000000000000
     0.000000000000000     0.000660738726124     0.000048985200643
     0.000000000000000     0.000048983879435    -0.000068578408891
6 19
     1.359309907684180    -0.000000000000000     0.000000000000000
    -0.000000000000000     1.002440406402942     2.959099253727404
    -0.000000000000000     0.000194712845551     0.000740732569926
6 20
     0.000718882767918    -0.000770044443539    -0.000432202618023
    -0.000770034130200    -0.000258779250530     0.000238639715944
    -0.000432186078283     0.000238646846993     0.001362729320386
6 21
     0.000230320226376    -0.000041856454320    -0.000023142767804
    -0.000041857558143    -0.000030824358656     0.000007913709350
    -0.000023142269544     0.000007913229914     0.000037857309815
6 22
     0.000718882767918     0.000770044443539     0.000432202618023
     0.000770034130200    -0.000258779250530     0.000238639715944
     0.000432186078283     0.000238646846993     0.001362729320386
6 23
     0.000230320226376     0.000041856454320     0.000023142767804
     0.000041857558143    -0.000030824358656     0.000007913709350
     0.000023142269544     0.000007913229914     0.000037857309815
6 24
    -0.000388257575063     0.000000000000000     0.000000000000000
     0.000000000000000     0.001570677619690    -0.000689580621947
    -0.000000000000000    -0.000689580113671     0.000058536576644
6 25
     1.044467621017368     0.000000000000000    -0.000000000000000
    -0.000000000000000    -0.698534571845145    -0.573039002400632
     0.000000000000000     2.061716732029659     1.691615681084701
6 26
     0.377527395418813     0.000000000000000    -0.000000000000000
    -0.000000000000000    -0.028055232628670     0.005148281398698
    -0.000000000000000     0.005146989993523    -0.000313545354121
6 27
    -0.000178667357833     0.000000000000000     0.000000000000000
     0.000000000000000     0.001058862955963     0.000126138044334
     0.000000000000000     0.000126135062778    -0.000121661983034
6 28
    -0.000066347808810     0.000000000000000     0.000000000000000
     0.000000000000000     0.000421774471025    -0.000005137388312
     0.000000000000000    -0.000005137248594    -0.000035620858021
6 29
     0.000893546079075     0.000514701985109    -0.000471124953995
     0.000514708918013    -0.000128389518173    -0.000198517817614
    -0.000471120354191    -0.000198513626436     0.000587106188466
6 30
     0.000365653931855     0.000118609688241    -0.000085075820960
     0.000118612889610    -0.000047068971926    -0.000026531807762
    -0.000085074074783    -0.000026530267382     0.000091827322723
6 31
     0.000893546079075    -0.000514701985109     0.000471124953995
    -0.000514708918013    -0.000128389518173    -0.000198517817614
     0.000471120354191    -0.000198513626436     0.000587106188466
6 32
     0.000365653931855    -0.000118609688241     0.000085075820960
    -0.000118612889610    -0.000047068971926    -0.000026531807762
     0.000085074074783    -0.000026530267382     0.000091827322723
6 33
    -0.000388568218016     0.000000000000000     0.000000000000000
     0.000000000000000     0.001607212092891     0.000665905112344
    -0.000000000000000     0.000665905087271     0.000011942405162
6 34
    -0.000083796441748     0.000000000000000     0.000000000000000
     0.000000000000000     0.000472997951741    -0.000097899113353
    -0.000000000000000    -0.000097896897136     0.000006225910925
6 35
    -0.000045228217027    -0.000000000000000    -0.000000000000000
     0.000000000000000     0.000199133976795     0.000081192695035
     0.000000000000000     0.000081191570870     0.000056968615555
6 36
    -0.000011828878744     0.000000000000000    -0.000000000000000
     0.000000000000000     0.000062709860250    -0.000005441471145
     0.000000000000000    -0.000005441358709     0.000007463554411
6 37
    -0.001891986471573    -0.000818421466146     0.000463711847129
    -0.000818949715243    -0.000689086694094     0.000234665248188
     0.000463395998204     0.000234357809382    -0.000374045087305
6 38
     0.000143064692688     0.000041538854455    -0.000019604067461
     0.000041540679458    -0.000011486614840    -0.000005997267478
    -0.000019603410281    -0.000005996784672    -0.000013845731945
6 39
    -0.001891986471573     0.000818421466146    -0.000463711847129
     0.000818949715243    -0.000689086694094     0.000234665248188
    -0.000463395998204     0.000234357809382    -0.000374045087305
6 40
     0.000143064692688    -0.000041538854455     0.000019604067461
    -0.000041540679458    -0.000011486614840    -0.000005997267478
     0.000019603410281    -0.000005996784672    -0.000013845731945
6 41
     1.640488528579584    -0.000000000000000     0.000000000000000
    -0.000000000000000     0.856368190052960    -0.229546571427467
    -0.000000000000000    -2.527548566509778     0.677503247058239
6 42
    -0.000217416337348    -0.000000000000000    -0.000000000000000
     0.000000000000000     0.000817817890439     0.000356953318231
     0.000000000000000     0.000356959937965    -0.000048671979124
6 43
    -0.000078857237699    -0.000000000000000    -0.000000000000000
     0.000000000000000     0.000432115729324    -0.000137691499300
     0.000000000000000    -0.000137688365836    -0.000016741347008
6 44
    -0.000014893348804    -0.000000000000000    -0.000000000000000
     0.000000000000000     0.000090832000695     0.000008460103398
     0.000000000000000     0.000008459881885    -0.000003021479729
6 45
     0.000458450737746    -0.000354427981397    -0.000422469374642
    -0.000354413092760    -0.000065542187459     0.000213493900687
    -0.000422479468560     0.000213509684154     0.000157194205730
6 46
     0.000092412104090    -0.000026138987098    -0.000024641716255
    -0.000026139910150    -0.000009741388809     0.000007599743246
    -0.000024641064675     0.000007599217526     0.000006304945168
6 47
     0.000458450737746     0.000354427981397     0.000422469374642
     0.000354413092760    -0.000065542187459     0.000213493900687
     0.000422479468560     0.000213509684154     0.000157194205730
6 48
     0.000092412104090     0.000026138987098     0.000024641716255
     0.000026139910150    -0.000009741388809     0.000007599743246
     0.000024641064675     0.000007599217526     0.000006304945168
6 49
     0.519154920288861     0.000000000000000    -0.000000000000000
    -0.000000000000000    -0.009984805661117     0.021673295015556
     0.000000000000000     0.021681893319444    -0.035038044038309
6 50
    -0.000107096221457     0.000000000000000     0.000000000000000
     0.000000000000000     0.000379151136064    -0.000224965727911
    -0.000000000000000    -0.000224964412285     0.000178847471635
7 1
    -3.693903508163388     0.000000000000000    -0.000000000000000
     0.000000000000000   -21.180055823044693   -12.514898833991666
    -0.000000000000000   -12.672927498757833   -13.066214899730918
7 2
     1.032774458315376    -0.000000000000000     0.000000000000000
    -0.000000000000000     0.804400837645508     1.109323255561929
     0.000000000000000     0.000461504851531     0.001118280089637
7 3
   -10.671495210488043     0.000000000000000     0.000000000000000
     0.000000000000000   -14.690484056212535     1.850147464342867
    -0.000000000000000    -1.850170103722042   -45.531868800204791
7 4
    -0.029470947283265     0.212682857936142    -0.040316683376755
     0.092563554148371    -0.029504742859014     0.127444436910401
    -0.127468882424491     0.040291769873947    -0.175384381020251
7 5
    -0.029470947283265    -0.212682857936142     0.040316683376755
    -0.092563554148371    -0.029504742859013     0.127444436910401
     0.127468882424491     0.040291769873947    -0.175384381020250
7 6
    -0.284135036831288    -0.000000000000000     0.000000000000000
     0.000000000000000    -0.118931351233863    -0.163932298314674
    -0.000000000000000     0.163882927947119     0.225948249770413
7 7
    19.090948568977161    -0.000000000000000     0.000000000000000
    -0.000000000000001    76.907107246313686     3.862490135725040
     0.000000000000000     3.863379488688282    73.980395065279652
7 8
    -0.000521424616701     0.000565838698295     0.000000000000003
     0.000565838698276    -0.000521424616694     0.000000000000003
     0.000000000000000    -0.000000000000001     0.001846683653336
7 9
    -0.000521424616701    -0.000565838698295    -0.000000000000003
    -0.000565838698276    -0.000521424616694     0.000000000000003
     0.000000000000000    -0.000000000000001     0.001846683653336
7 10
     0.002546269597661    -0.000000000000000     0.000000000000000
    -0.000000000000000    -0.054615866937212     0.023629513446485
     0.000000000000000     0.023625809588324    -0.006996199563456
7 11
    -0.011646486907916     0.006444936205324     0.007789078008228
     0.006446473681488    -0.003540837333998    -0.004302340941764
     0.007787688098807    -0.004300574072114    -0.004636692256126
7 12
     0.000329201256228    -0.000064267479866    -0.000052735541880
    -0.000064269715850    -0.000035680982647     0.000018379754766
    -0.000052734121056     0.000018378523647    -0.000000849333441
7 13
    -0.011646486907916    -0.006444936205324    -0.007789078008228
    -0.006446473681488    -0.003540837333998    -0.004302340941764
    -0.007787688098807    -0.004300574072114    -0.004636692256126
7 14
     0.000329201256228     0.000064267479866     0.000052735541880
     0.000064269715850    -0.000035680982647     0.000018379754766
     0.000052734121056     0.000018378523647    -0.000000849333441
7 15
    -0.000532702809766    -0.000000000000000    -0.000000000000000
     0.000000000000000     0.001850506585523     0.000213857361144
    -0.000000000000000     0.000213873651035    -0.000448320134223
7 16
    -0.000105681967563     0.000000000000000    -0.000000000000000
     0.000000000000000     0.000660738726124    -0.000048985200643
     0.000000000000000    -0.000048983879435    -0.000068578408891
7 17
   -10.334319566415569     0.000000000000000    -0.000000000000000
     0.000000000000000   -42.731374984222597     7.771373220294270
    -0.000000000000000     9.962038093464162   -17.583380328002445
7 18
    -0.000546378593937     0.000000000000000     0.000000000000000
     0.000000000000000     0.001782689927874    -0.000262560057504
    -0.000000000000000    -0.000262583440176    -0.000446586335952
7 19
    -0.000388568218016     0.000000000000000    -0.000000000000000
     0.000000000000000     0.001607212092891    -0.000665905112344
     0.000000000000000    -0.000665905087271     0.000011942405162
7 20
     0.000718882767918     0.000770044443539    -0.000432202618023
     0.000770034130200    -0.000258779250530    -0.000238639715944
    -0.000432186078283    -0.000238646846993     0.001362729320386
7 21
     0.000230320226376     0.000041856454320    -0.000023142767804
     0.000041857558143    -0.000030824358656    -0.000007913709350
    -0.000023142269544    -0.000007913229914     0.000037857309815
7 22
     0.000718882767918    -0.000770044443539     0.000432202618023
    -0.000770034130200    -0.000258779250530    -0.000238639715944
     0.000432186078283    -0.000238646846993     0.001362729320386
7 23
     0.000230320226376    -0.000041856454320     0.000023142767804
    -0.000041857558143    -0.000030824358656    -0.000007913709350
     0.000023142269544    -0.000007913229914     0.000037857309815
7 24
    -0.000083796441748     0.000000000000000    -0.000000000000000
     0.000000000000000     0.000472997951741     0.000097899113353
     0.000000000000000     0.000097896897136     0.000006225910925
7 25
    -0.000178667357833     0.000000000000000    -0.000000000000000
     0.000000000000000     0.001058862955963    -0.000126138044334
    -0.000000000000000    -0.000126135062778    -0.000121661983034
7 26
    -0.000066347808810     0.000000000000000    -0.000000000000000
     0.000000000000000     0.000421774471025     0.000005137388312
    -0.000000000000000     0.000005137248594    -0.000035620858021
7 27
     1.044467621017368     0.000000000000000     0.000000000000000
    -0.000000000000000    -0.698534571845145     0.573039002400632
    -0.000000000000000    -2.061716732029659     1.691615681084701
7 28
     0.377527395418813     0.000000000000000     0.000000000000000
    -0.000000000000000    -0.028055232628670    -0.005148281398698
     0.000000000000000    -0.005146989993523    -0.000313545354121
7 29
     0.000893546079075    -0.000514701985109    -0.000471124953995
    -0.000514708918013    -0.000128389518173     0.000198517817614
    -0.000471120354191     0.000198513626436     0.000587106188466
7 30
     0.000365653931855    -0.000118609688241    -0.000085075820960
    -0.000118612889610    -0.000047068971926     0.000026531807762
    -0.000085074074783     0.000026530267382     0.000091827322723
7 31
     0.000893546079075     0.000514701985109     0.000471124953995
     0.000514708918013    -0.000128389518173     0.000198517817614
     0.000471120354191     0.000198513626436     0.000587106188466
7 32
     0.000365653931855     0.000118609688241     0.000085075820960
     0.000118612889610    -0.000047068971926     0.000026531807762
     0.000085074074783     0.000026530267382     0.000091827322723
7 33
     1.359309907684180    -0.000000000000000    -0.000000000000000
    -0.000000000000000     1.002440406402942    -2.959099253727404
     0.000000000000000    -0.000194712845551     0.000740732569926
7 34
    -0.000388257575063     0.000000000000000    -0.000000000000000
     0.000000000000000     0.001570677619690     0.000689580621947
     0.000000000000000     0.000689580113671     0.000058536576644
7 35
     0.519154920288861     0.000000000000000     0.000000000000000
    -0.000000000000000    -0.009984805661117    -0.021673295015556
    -0.000000000000000    -0.021681893319444    -0.035038044038309
7 36
    -0.000107096221457     0.000000000000000    -0.000000000000000
     0.000000000000000     0.000379151136064     0.000224965727911
     0.000000000000000     0.000224964412285     0.000178847471635
7 37
    -0.001891986471573     0.000818421466146     0.000463711847129
     0.000818949715243    -0.000689086694094    -0.000234665248188
     0.000463395998204    -0.000234357809382    -0.000374045087305
7 38
     0.000143064692688    -0.000041538854455    -0.000019604067461
    -0.000041540679458    -0.000011486614840     0.000005997267478
    -0.000019603410281     0.000005996784672    -0.000013845731945
7 39
    -0.001891986471573    -0.000818421466146    -0.000463711847129
    -0.000818949715243    -0.000689086694094    -0.000234665248188
    -0.000463395998204    -0.000234357809382    -0.000374045087305
7 40
     0.000143064692688     0.000041538854455     0.000019604067461
     0.000041540679458    -0.000011486614840     0.000005997267478
     0.000019603410281     0.000005996784672    -0.000013845731945
7 41
    -0.000078857237699    -0.000000000000000     0.000000000000000
     0.000000000000000     0.000432115729324     0.000137691499300
    -0.000000000000000     0.000137688365836    -0.000016741347008
7 42
    -0.000014893348804    -0.000000000000000     0.000000000000000
     0.000000000000000     0.000090832000695    -0.000008460103398
    -0.000000000000000    -0.000008459881885    -0.000003021479729
7 43
     1.640488528579584    -0.000000000000000    -0.000000000000000
    -0.000000000000000     0.856368190052960     0.229546571427467
     0.000000000000000     2.527548566509778     0.677503247058239
7 44
    -0.000217416337348    -0.000000000000000     0.000000000000000
     0.000000000000000     0.000817817890439    -0.000356953318231
    -0.000000000000000    -0.000356959937965    -0.000048671979124
7 45
     0.000458450737746     0.000354427981397    -0.000422469374642
     0.000354413092760    -0.000065542187459    -0.000213493900687
    -0.000422479468560    -0.000213509684154     0.000157194205730
7 46
     0.000092412104090     0.000026138987098    -0.000024641716255
     0.000026139910150    -0.000009741388809    -0.000007599743246
    -0.000024641064675    -0.000007599217526     0.000006304945168
7 47
     0.000458450737746    -0.000354427981397     0.000422469374642
    -0.000354413092760    -0.000065542187459    -0.000213493900687
     0.000422479468560    -0.000213509684154     0.000157194205730
7 48
     0.000092412104090    -0.000026138987098     0.000024641716255
    -0.000026139910150    -0.000009741388809    -0.000007599743246
     0.000024641064675    -0.000007599217526     0.000006304945168
7 49
    -0.000045228217027    -0.000000000000000     0.000000000000000
     0.000000000000000     0.000199133976795    -0.000081192695035
    -0.000000000000000    -0.000081191570870     0.000056968615555
7 50
    -0.000011828878744     0.000000000000000     0.000000000000000
     0.000000000000000     0.000062709860250     0.000005441471145
    -0.000000000000000     0.000005441358709     0.000007463554411
8 1
     0.804400837645508     0.000000000000000    -1.109323255561929
     0.000000000000000     1.032774458315376     0.000000000000000
    -0.000461504851531     0.000000000000000     0.001118280089637
8 2
   -21.180055823044693    -0.000000000000000    12.514898833991666
    -0.000000000000000    -3.693903508163388    -0.000000000000000
    12.672927498757833    -0.000000000000000   -13.066214899730918
8 3
    -0.029504742859014    -0.092563554148371    -0.127444436910401
    -0.212682857936142    -0.029470947283265    -0.040316683376755
    -0.040291769873947    -0.127468882424491    -0.175384381020251
8 4
    -0.054615866937212     0.000000000000000    -0.023629513446485
     0.000000000000000     0.002546269597661     0.000000000000000
    -0.023625809588324     0.000000000000000    -0.006996199563456
8 5
   -14.690484056212535    -0.000000000000000    -1.850147464342867
    -0.000000000000000   -10.671495210488043     0.000000000000000
     1.850170103722042    -0.000000000000000   -45.531868800204791
8 6
    -0.000521424616694    -0.000565838698276    -0.000000000000003
    -0.000565838698295    -0.000521424616701     0.000000000000003
     0.000000000000001     0.000000000000000     0.001846683653336
8 7
    -0.000521424616694     0.000565838698276    -0.000000000000003
     0.000565838698295    -0.000521424616701    -0.000000000000003
     0.000000000000001     0.000000000000000     0.001846683653336
8 8
    76.907107246313686     0.000000000000001    -3.862490135725040
     0.000000000000000    19.090948568977161     0.000000000000000
    -3.863379488688282     0.000000000000000    73.980395065279652
8 9
    -0.118931351233863    -0.000000000000000     0.163932298314674
     0.000000000000000    -0.284135036831288     0.000000000000000
    -0.163882927947119    -0.000000000000000     0.225948249770413
8 10
    -0.029504742859013     0.092563554148371    -0.127444436910401
     0.212682857936142    -0.029470947283265     0.040316683376755
    -0.040291769873947     0.127468882424491    -0.175384381020250
8 11
     0.001607212092891    -0.000000000000000     0.000665905112344
    -0.000000000000000    -0.000388568218016    -0.000000000000000
     0.000665905087271     0.000000000000000     0.000011942405162
8 12
     0.000472997951741    -0.000000000000000    -0.000097899113353
    -0.000000000000000    -0.000083796441748    -0.000000000000000
    -0.000097896897136     0.000000000000000     0.000006225910925
8 13
     1.002440406402942     0.000000000000000     2.959099253727404
     0.000000000000000     1.359309907684180    -0.000000000000000
     0.000194712845551     0.000000000000000     0.000740732569926
8 14
     0.001570677619690    -0.000000000000000    -0.000689580621947
    -0.000000000000000    -0.000388257575063    -0.000000000000000
    -0.000689580113671     0.000000000000000     0.000058536576644
8 15
    -0.000258779250530    -0.000770034130200     0.000238639715944
    -0.000770044443539     0.000718882767918    -0.000432202618023
     0.000238646846993    -0.000432186078283     0.001362729320386
8 16
    -0.000030824358656    -0.000041857558143     0.000007913709350
    -0.000041856454320     0.000230320226376    -0.000023142767804
     0.000007913229914    -0.000023142269544     0.000037857309815
8 17
    -0.000258779250530     0.000770034130200     0.000238639715944
     0.000770044443539     0.000718882767918     0.000432202618023
     0.000238646846993     0.000432186078283     0.001362729320386
8 18
    -0.000030824358656     0.000041857558143     0.000007913709350
     0.000041856454320     0.000230320226376     0.000023142767804
     0.000007913229914     0.000023142269544     0.000037857309815
8 19
    -0.003540837333998     0.006446473681488     0.004302340941764
     0.006444936205324    -0.011646486907916    -0.007789078008228
     0.004300574072114    -0.007787688098807    -0.004636692256126
8 20
   -42.731374984222597    -0.000000000000000    -7.771373220294270
    -0.000000000000000   -10.334319566415569    -0.000000000000000
    -9.962038093464162    -0.000000000000000   -17.583380328002445
8 21
     0.001782689927874    -0.000000000000000     0.000262560057504
    -0.000000000000000    -0.000546378593937     0.000000000000000
     0.000262583440176    -0.000000000000000    -0.000446586335952
8 22
     0.001850506585523    -0.000000000000000    -0.000213857361144
     0.000000000000000    -0.000532702809766    -0.000000000000000
    -0.000213873651035    -0.000000000000000    -0.000448320134223
8 23
     0.000660738726124    -0.000000000000000     0.000048985200643
    -0.000000000000000    -0.000105681967563    -0.000000000000000
     0.000048983879435     0.000000000000000    -0.000068578408891
8 24
    -0.000035680982647    -0.000064269715850    -0.000018379754766
    -0.000064267479866     0.000329201256228     0.000052735541880
    -0.000018378523647     0.000052734121056    -0.000000849333441
8 25
    -0.000128389518173    -0.000514708918013    -0.000198517817614
    -0.000514701985109     0.000893546079075     0.000471124953995
    -0.000198513626436     0.000471120354191     0.000587106188466
8 26
    -0.000047068971926    -0.000118612889610    -0.000026531807762
    -0.000118609688241     0.000365653931855     0.000085075820960
    -0.000026530267382     0.000085074074783     0.000091827322723
8 27
    -0.000128389518173     0.000514708918013    -0.000198517817614
     0.000514701985109     0.000893546079075    -0.000471124953995
    -0.000198513626436    -0.000471120354191     0.000587106188466
8 28
    -0.000047068971926     0.000118612889610    -0.000026531807762
     0.000118609688241     0.000365653931855    -0.000085075820960
    -0.000026530267382    -0.000085074074783     0.000091827322723
8 29
     0.001058862955963    -0.000000000000000     0.000126138044334
    -0.000000000000000    -0.000178667357833    -0.000000000000000
     0.000126135062778    -0.000000000000000    -0.000121661983034
8 30
     0.000421774471025    -0.000000000000000    -0.000005137388312
    -0.000000000000000    -0.000066347808810    -0.000000000000000
    -0.000005137248594    -0.000000000000000    -0.000035620858021
8 31
    -0.698534571845145     0.000000000000000    -0.573039002400632
    -0.000000000000000     1.044467621017368     0.000000000000000
     2.061716732029659    -0.000000000000000     1.691615681084701
8 32
    -0.028055232628670     0.000000000000000     0.005148281398698
    -0.000000000000000     0.377527395418813     0.000000000000000
     0.005146989993523     0.000000000000000    -0.000313545354121
8 33
    -0.003540837333998    -0.006446473681488     0.004302340941764
    -0.006444936205324    -0.011646486907916     0.007789078008228
     0.004300574072114     0.007787688098807    -0.004636692256126
8 34
    -0.000035680982647     0.000064269715850    -0.000018379754766
     0.000064267479866     0.000329201256228    -0.000052735541880
    -0.000018378523647    -0.000052734121056    -0.000000849333441
8 35
    -0.000689086694094    -0.000818949715243     0.000234665248188
    -0.000818421466146    -0.001891986471573     0.000463711847129
     0.000234357809382     0.000463395998204    -0.000374045087305
8 36
    -0.000011486614840     0.000041540679458    -0.000005997267478
     0.000041538854455     0.000143064692688    -0.000019604067461
    -0.000005996784672    -0.000019603410281    -0.000013845731945
8 37
     0.000199133976795    -0.000000000000000     0.000081192695035
     0.000000000000000    -0.000045228217027     0.000000000000000
     0.000081191570870    -0.000000000000000     0.000056968615555
8 38
     0.000062709860250    -0.000000000000000    -0.000005441471145
    -0.000000000000000    -0.000011828878744     0.000000000000000
    -0.000005441358709    -0.000000000000000     0.000007463554411
8 39
    -0.009984805661117     0.000000000000000     0.021673295015556
    -0.000000000000000     0.519154920288861     0.000000000000000
     0.021681893319444    -0.000000000000000    -0.035038044038309
8 40
     0.000379151136064    -0.000000000000000    -0.000224965727911
    -0.000000000000000    -0.000107096221457    -0.000000000000000
    -0.000224964412285     0.000000000000000     0.000178847471635
8 41
    -0.000065542187459    -0.000354413092760     0.000213493900687
    -0.000354427981397     0.000458450737746    -0.000422469374642
     0.000213509684154    -0.000422479468560     0.000157194205730
8 42
    -0.000009741388809    -0.000026139910150     0.000007599743246
    -0.000026138987098     0.000092412104090    -0.000024641716255
     0.000007599217526    -0.000024641064675     0.000006304945168
8 43
    -0.000065542187459     0.000354413092760     0.000213493900687
     0.000354427981397     0.000458450737746     0.000422469374642
     0.000213509684154     0.000422479468560     0.000157194205730
8 44
    -0.000009741388809     0.000026139910150     0.000007599743246
     0.000026138987098     0.000092412104090     0.000024641716255
     0.000007599217526     0.000024641064675     0.000006304945168
8 45
     0.856368190052960     0.000000000000000    -0.229546571427467
     0.000000000000000     1.640488528579584    -0.000000000000000
    -2.527548566509778     0.000000000000000     0.677503247058239
8 46
     0.000817817890439    -0.000000000000000     0.000356953318231
     0.000000000000000    -0.000217416337348     0.000000000000000
     0.000356959937965    -0.000000000000000    -0.000048671979124
8 47
     0.000432115729324    -0.000000000000000    -0.000137691499300
     0.000000000000000    -0.000078857237699     0.000000000000000
    -0.000137688365836    -0.000000000000000    -0.000016741347008
8 48
     0.000090832000695    -0.000000000000000     0.000008460103398
     0.000000000000000    -0.000014893348804     0.000000000000000
     0.000008459881885    -0.000000000000000    -0.000003021479729
8 49
    -0.000689086694094     0.000818949715243     0.000234665248188
     0.000818421466146    -0.001891986471573    -0.000463711847129
     0.000234357809382    -0.000463395998204    -0.000374045087305
8 50
    -0.000011486614840    -0.000041540679458    -0.000005997267478
    -0.000041538854455     0.000143064692688     0.000019604067461
    -0.000005996784672     0.000019603410281    -0.000013845731945
9 1
     0.804400837645508     0.000000000000000     1.109323255561929
     0.000000000000000     1.032774458315376    -0.000000000000000
     0.000461504851531     0.000000000000000     0.001118280089637
9 2
   -21.180055823044693    -0.000000000000000   -12.514898833991666
    -0.000000000000000    -3.693903508163388     0.000000000000000
   -12.672927498757833     0.000000000000000   -13.066214899730918
9 3
    -0.029504742859013     0.092563554148371     0.127444436910401
     0.212682857936142    -0.029470947283265    -0.040316683376755
     0.040291769873947    -0.127468882424491    -0.175384381020250
9 4
   -14.690484056212535    -0.000000000000000     1.850147464342867
    -0.000000000000000   -10.671495210488043    -0.000000000000000
    -1.850170103722042     0.000000000000000   -45.531868800204791
9 5
    -0.054615866937212     0.000000000000000     0.023629513446485
     0.000000000000000     0.002546269597661    -0.000000000000000
     0.023625809588324    -0.000000000000000    -0.006996199563456
9 6
    -0.000521424616694     0.000565838698276     0.000000000000003
     0.000565838698295    -0.000521424616701     0.000000000000003
    -0.000000000000001    -0.000000000000000     0.001846683653336
9 7
    -0.000521424616694    -0.000565838698276     0.000000000000003
    -0.000565838698295    -0.000521424616701    -0.000000000000003
    -0.000000000000001    -0.000000000000000     0.001846683653336
9 8
    -0.118931351233863    -0.000000000000000    -0.163932298314674
     0.000000000000000    -0.284135036831288    -0.000000000000000
     0.163882927947119     0.000000000000000     0.225948249770413
9 9
    76.907107246313686     0.000000000000001     3.862490135725040
     0.000000000000000    19.090948568977161    -0.000000000000000
     3.863379488688282    -0.000000000000000    73.980395065279652
9 10
    -0.029504742859014    -0.092563554148371     0.127444436910401
    -0.212682857936142    -0.029470947283265     0.040316683376755
     0.040291769873947     0.127468882424491    -0.175384381020251
9 11
     1.002440406402942     0.000000000000000    -2.959099253727404
     0.000000000000000     1.359309907684180     0.000000000000000
    -0.000194712845551    -0.000000000000000     0.000740732569926
9 12
     0.001570677619690    -0.000000000000000     0.000689580621947
    -0.000000000000000    -0.000388257575063     0.000000000000000
     0.000689580113671    -0.000000000000000     0.000058536576644
9 13
     0.001607212092891    -0.000000000000000    -0.000665905112344
    -0.000000000000000    -0.000388568218016     0.000000000000000
    -0.000665905087271    -0.000000000000000     0.000011942405162
9 14
     0.000472997951741    -0.000000000000000     0.000097899113353
    -0.000000000000000    -0.000083796441748     0.000000000000000
     0.000097896897136    -0.000000000000000     0.000006225910925
9 15
    -0.000258779250530     0.000770034130200    -0.000238639715944
     0.000770044443539     0.000718882767918    -0.000432202618023
    -0.000238646846993    -0.000432186078283     0.001362729320386
9 16
    -0.000030824358656     0.000041857558143    -0.000007913709350
     0.000041856454320     0.000230320226376    -0.000023142767804
    -0.000007913229914    -0.000023142269544     0.000037857309815
9 17
    -0.000258779250530    -0.000770034130200    -0.000238639715944
    -0.000770044443539     0.000718882767918     0.000432202618023
    -0.000238646846993     0.000432186078283     0.001362729320386
9 18
    -0.000030824358656    -0.000041857558143    -0.000007913709350
    -0.000041856454320     0.000230320226376     0.000023142767804
    -0.000007913229914     0.000023142269544     0.000037857309815
9 19
    -0.003540837333998    -0.006446473681488    -0.004302340941764
    -0.006444936205324    -0.011646486907916    -0.007789078008228
    -0.004300574072114    -0.007787688098807    -0.004636692256126
9 20
     0.001850506585523    -0.000000000000000     0.000213857361144
     0.000000000000000    -0.000532702809766     0.000000000000000
     0.000213873651035     0.000000000000000    -0.000448320134223
9 21
     0.000660738726124    -0.000000000000000    -0.000048985200643
    -0.000000000000000    -0.000105681967563     0.000000000000000
    -0.000048983879435     0.000000000000000    -0.000068578408891
9 22
   -42.731374984222597    -0.000000000000000     7.771373220294270
    -0.000000000000000   -10.334319566415569     0.000000000000000
     9.962038093464162     0.000000000000000   -17.583380328002445
9 23
     0.001782689927874    -0.000000000000000    -0.000262560057504
    -0.000000000000000    -0.000546378593937    -0.000000000000000
    -0.000262583440176     0.000000000000000    -0.000446586335952
9 24
    -0.000035680982647     0.000064269715850     0.000018379754766
     0.000064267479866     0.000329201256228     0.000052735541880
     0.000018378523647     0.000052734121056    -0.000000849333441
9 25
    -0.000128389518173     0.000514708918013     0.000198517817614
     0.000514701985109     0.000893546079075     0.000471124953995
     0.000198513626436     0.000471120354191     0.000587106188466
9 26
    -0.000047068971926     0.000118612889610     0.000026531807762
     0.000118609688241     0.000365653931855     0.000085075820960
     0.000026530267382     0.000085074074783     0.000091827322723
9 27
    -0.000128389518173    -0.000514708918013     0.000198517817614
    -0.000514701985109     0.000893546079075    -0.000471124953995
     0.000198513626436    -0.000471120354191     0.000587106188466
9 28
    -0.000047068971926    -0.000118612889610     0.000026531807762
    -0.000118609688241     0.000365653931855    -0.000085075820960
     0.000026530267382    -0.000085074074783     0.000091827322723
9 29
    -0.698534571845145     0.000000000000000     0.573039002400632
    -0.000000000000000     1.044467621017368    -0.000000000000000
    -2.061716732029659     0.000000000000000     1.691615681084701
9 30
    -0.028055232628670     0.000000000000000    -0.005148281398698
    -0.000000000000000     0.377527395418813    -0.000000000000000
    -0.005146989993523    -0.000000000000000    -0.000313545354121
9 31
     0.001058862955963    -0.000000000000000    -0.000126138044334
    -0.000000000000000    -0.000178667357833     0.000000000000000
    -0.000126135062778     0.000000000000000    -0.000121661983034
9 32
     0.000421774471025    -0.000000000000000     0.000005137388312
    -0.000000000000000    -0.000066347808810     0.000000000000000
     0.000005137248594     0.000000000000000    -0.000035620858021
9 33
    -0.003540837333998     0.006446473681488    -0.004302340941764
     0.006444936205324    -0.011646486907916     0.007789078008228
    -0.004300574072114     0.007787688098807    -0.004636692256126
9 34
    -0.000035680982647    -0.000064269715850     0.000018379754766
    -0.000064267479866     0.000329201256228    -0.000052735541880
     0.000018378523647    -0.000052734121056    -0.000000849333441
9 35
    -0.000689086694094     0.000818949715243    -0.000234665248188
     0.000818421466146    -0.001891986471573     0.000463711847129
    -0.000234357809382     0.000463395998204    -0.000374045087305
9 36
    -0.000011486614840    -0.000041540679458     0.000005997267478
    -0.000041538854455     0.000143064692688    -0.000019604067461
     0.000005996784672    -0.000019603410281    -0.000013845731945
9 37
    -0.009984805661117     0.000000000000000    -0.021673295015556
    -0.000000000000000     0.519154920288861    -0.000000000000000
    -0.021681893319444     0.000000000000000    -0.035038044038309
9 38
     0.000379151136064    -0.000000000000000     0.000224965727911
    -0.000000000000000    -0.000107096221457     0.000000000000000
     0.000224964412285    -0.000000000000000     0.000178847471635
9 39
     0.000199133976795    -0.000000000000000    -0.000081192695035
     0.000000000000000    -0.000045228217027    -0.000000000000000
    -0.000081191570870     0.000000000000000     0.000056968615555
9 40
     0.000062709860250    -0.000000000000000     0.000005441471145
    -0.000000000000000    -0.000011828878744    -0.000000000000000
     0.000005441358709     0.000000000000000     0.000007463554411
9 41
    -0.000065542187459     0.000354413092760    -0.000213493900687
     0.000354427981397     0.000458450737746    -0.000422469374642
    -0.000213509684154    -0.000422479468560     0.000157194205730
9 42
    -0.000009741388809     0.000026139910150    -0.000007599743246
     0.000026138987098     0.000092412104090    -0.000024641716255
    -0.000007599217526    -0.000024641064675     0.000006304945168
9 43
    -0.000065542187459    -0.000354413092760    -0.000213493900687
    -0.000354427981397     0.000458450737746     0.000422469374642
    -0.000213509684154     0.000422479468560     0.000157194205730
9 44
    -0.000009741388809    -0.000026139910150    -0.000007599743246
    -0.000026138987098     0.000092412104090     0.000024641716255
    -0.000007599217526     0.000024641064675     0.000006304945168
9 45
     0.000432115729324    -0.000000000000000     0.000137691499300
     0.000000000000000    -0.000078857237699    -0.000000000000000
     0.000137688365836     0.000000000000000    -0.000016741347008
9 46
     0.000090832000695    -0.000000000000000    -0.000008460103398
     0.000000000000000    -0.000014893348804    -0.000000000000000
    -0.000008459881885     0.000000000000000    -0.000003021479729
9 47
     0.856368190052960     0.000000000000000     0.229546571427467
     0.000000000000000     1.640488528579584     0.000000000000000
     2.527548566509778    -0.000000000000000     0.677503247058239
9 48
     0.000817817890439    -0.000000000000000    -0.000356953318231
     0.000000000000000    -0.000217416337348    -0.000000000000000
    -0.000356959937965     0.000000000000000    -0.000048671979124
9 49
    -0.000689086694094    -0.000818949715243    -0.000234665248188
    -0.000818421466146    -0.001891986471573    -0.000463711847129
    -0.000234357809382    -0.000463395998204    -0.000374045087305
9 50
    -0.000011486614840     0.000041540679458     0.000005997267478
     0.000041538854455     0.000143064692688     0.000019604067461
     0.000005996784672     0.000019603410281    -0.000013845731945
10 1
     1.032774458315376    -0.000000000000000     0.000000000000000
    -0.000000000000000     0.804400837645508     1.109323255561929
     0.000000000000000     0.000461504851531     0.001118280089637
10 2
    -3.693903508163388     0.000000000000000    -0.000000000000000
     0.000000000000000   -21.180055823044693   -12.514898833991666
    -0.000000000000000   -12.672927498757833   -13.066214899730918
10 3
    -0.284135036831288    -0.000000000000000     0.000000000000000
     0.000000000000000    -0.118931351233863    -0.163932298314674
    -0.000000000000000     0.163882927947119     0.225948249770413
10 4
    -0.000521424616701     0.000565838698295     0.000000000000003
     0.000565838698276    -0.000521424616694     0.000000000000003
     0.000000000000000    -0.000000000000001     0.001846683653336
10 5
    -0.000521424616701    -0.000565838698295    -0.000000000000003
    -0.000565838698276    -0.000521424616694     0.000000000000003
     0.000000000000000    -0.000000000000001     0.001846683653336
10 6
   -10.671495210488043     0.000000000000000     0.000000000000000
     0.000000000000000   -14.690484056212535     1.850147464342867
    -0.000000000000000    -1.850170103722042   -45.531868800204791
10 7
     0.002546269597661    -0.000000000000000     0.000000000000000
    -0.000000000000000    -0.054615866937212     0.023629513446485
     0.000000000000000     0.023625809588324    -0.006996199563456
10 8
    -0.029470947283265     0.212682857936142    -0.040316683376755
     0.092563554148371    -0.029504742859014     0.127444436910401
    -0.127468882424491     0.040291769873947    -0.175384381020251
10 9
    -0.029470947283265    -0.212682857936142     0.040316683376755
    -0.092563554148371    -0.029504742859013     0.127444436910401
     0.127468882424491     0.040291769873947    -0.175384381020250
10 10
    19.090948568977161    -0.000000000000000     0.000000000000000
    -0.000000000000001    76.907107246313686     3.862490135725040
     0.000000000000000     3.863379488688282    73.980395065279652
10 11
     0.000718882767918     0.000770044443539    -0.000432202618023
     0.000770034130200    -0.000258779250530    -0.000238639715944
    -0.000432186078283    -0.000238646846993     0.001362729320386
10 12
     0.000230320226376     0.000041856454320    -0.000023142767804
     0.000041857558143    -0.000030824358656    -0.000007913709350
    -0.000023142269544    -0.000007913229914     0.000037857309815
10 13
     0.000718882767918    -0.000770044443539     0.000432202618023
    -0.000770034130200    -0.000258779250530    -0.000238639715944
     0.000432186078283    -0.000238646846993     0.001362729320386
10 14
     0.000230320226376    -0.000041856454320     0.000023142767804
    -0.000041857558143    -0.000030824358656    -0.000007913709350
     0.000023142269544    -0.000007913229914     0.000037857309815
10 15
     1.359309907684180    -0.000000000000000    -0.000000000000000
    -0.000000000000000     1.002440406402942    -2.959099253727404
     0.000000000000000    -0.000194712845551     0.000740732569926
10 16
    -0.000388257575063     0.000000000000000    -0.000000000000000
     0.000000000000000     0.001570677619690     0.000689580621947
     0.000000000000000     0.000689580113671     0.000058536576644
10 17
    -0.000388568218016     0.000000000000000    -0.000000000000000
     0.000000000000000     0.001607212092891    -0.000665905112344
     0.000000000000000    -0.000665905087271     0.000011942405162
10 18
    -0.000083796441748     0.000000000000000    -0.000000000000000
     0.000000000000000     0.000472997951741     0.000097899113353
     0.000000000000000     0.000097896897136     0.000006225910925
10 19
   -10.334319566415569     0.000000000000000    -0.000000000000000
     0.000000000000000   -42.731374984222597     7.771373220294270
    -0.000000000000000     9.962038093464162   -17.583380328002445
10 20
    -0.011646486907916     0.006444936205324     0.007789078008228
     0.006446473681488    -0.003540837333998    -0.004302340941764
     0.007787688098807    -0.004300574072114    -0.004636692256126
10 21
     0.000329201256228    -0.000064267479866    -0.000052735541880
    -0.000064269715850    -0.000035680982647     0.000018379754766
    -0.000052734121056     0.000018378523647    -0.000000849333441
10 22
    -0.011646486907916    -0.006444936205324    -0.007789078008228
    -0.006446473681488    -0.003540837333998    -0.004302340941764
    -0.007787688098807    -0.004300574072114    -0.004636692256126
10 23
     0.000329201256228     0.000064267479866     0.000052735541880
     0.000064269715850    -0.000035680982647     0.000018379754766
     0.000052734121056     0.000018378523647    -0.000000849333441
10 24
    -0.000546378593937     0.000000000000000     0.000000000000000
     0.000000000000000     0.001782689927874    -0.000262560057504
    -0.000000000000000    -0.000262583440176    -0.000446586335952
10 25
     1.044467621017368     0.000000000000000     0.000000000000000
    -0.000000000000000    -0.698534571845145     0.573039002400632
    -0.000000000000000    -2.061716732029659     1.691615681084701
10 26
     0.377527395418813     0.000000000000000     0.000000000000000
    -0.000000000000000    -0.028055232628670    -0.005148281398698
     0.000000000000000    -0.005146989993523    -0.000313545354121
10 27
    -0.000178667357833     0.000000000000000    -0.000000000000000
     0.000000000000000     0.001058862955963    -0.000126138044334
    -0.000000000000000    -0.000126135062778    -0.000121661983034
10 28
    -0.000066347808810     0.000000000000000    -0.000000000000000
     0.000000000000000     0.000421774471025     0.000005137388312
    -0.000000000000000     0.000005137248594    -0.000035620858021
10 29
     0.000893546079075     0.000514701985109     0.000471124953995
     0.000514708918013    -0.000128389518173     0.000198517817614
     0.000471120354191     0.000198513626436     0.000587106188466
10 30
     0.000365653931855     0.000118609688241     0.000085075820960
     0.000118612889610    -0.000047068971926     0.000026531807762
     0.000085074074783     0.000026530267382     0.000091827322723
10 31
     0.000893546079075    -0.000514701985109    -0.000471124953995
    -0.000514708918013    -0.000128389518173     0.000198517817614
    -0.000471120354191     0.000198513626436     0.000587106188466
10 32
     0.000365653931855    -0.000118609688241    -0.000085075820960
    -0.000118612889610    -0.000047068971926     0.000026531807762
    -0.000085074074783     0.000026530267382     0.000091827322723
10 33
    -0.000532702809766    -0.000000000000000    -0.000000000000000
     0.000000000000000     0.001850506585523     0.000213857361144
    -0.000000000000000     0.000213873651035    -0.000448320134223
10 34
    -0.000105681967563     0.000000000000000    -0.000000000000000
     0.000000000000000     0.000660738726124    -0.000048985200643
     0.000000000000000    -0.000048983879435    -0.000068578408891
10 35
    -0.000078857237699    -0.000000000000000     0.000000000000000
     0.000000000000000     0.000432115729324     0.000137691499300
    -0.000000000000000     0.000137688365836    -0.000016741347008
10 36
    -0.000014893348804    -0.000000000000000     0.000000000000000
     0.000000000000000     0.000090832000695    -0.000008460103398
    -0.000000000000000    -0.000008459881885    -0.000003021479729
10 37
     0.000458450737746     0.000354427981397    -0.000422469374642
     0.000354413092760    -0.000065542187459    -0.000213493900687
    -0.000422479468560    -0.000213509684154     0.000157194205730
10 38
     0.000092412104090     0.000026138987098    -0.000024641716255
     0.000026139910150    -0.000009741388809    -0.000007599743246
    -0.000024641064675    -0.000007599217526     0.000006304945168
10 39
     0.000458450737746    -0.000354427981397     0.000422469374642
    -0.000354413092760    -0.000065542187459    -0.000213493900687
     0.000422479468560    -0.000213509684154     0.000157194205730
10 40
     0.000092412104090    -0.000026138987098     0.000024641716255
    -0.000026139910150    -0.000009741388809    -0.000007599743246
     0.000024641064675    -0.000007599217526     0.000006304945168
10 41
     0.519154920288861     0.000000000000000     0.000000000000000
    -0.000000000000000    -0.009984805661117    -0.021673295015556
    -0.000000000000000    -0.021681893319444    -0.035038044038309
10 42
    -0.000107096221457     0.000000000000000    -0.000000000000000
     0.000000000000000     0.000379151136064     0.000224965727911
     0.000000000000000     0.000224964412285     0.000178847471635
10 43
    -0.000045228217027    -0.000000000000000     0.000000000000000
     0.000000000000000     0.000199133976795    -0.000081192695035
    -0.000000000000000    -0.000081191570870     0.000056968615555
10 44
    -0.000011828878744     0.000000000000000     0.000000000000000
     0.000000000000000     0.000062709860250     0.000005441471145
    -0.000000000000000     0.000005441358709     0.000007463554411
10 45
    -0.001891986471573     0.000818421466146     0.000463711847129
     0.000818949715243    -0.000689086694094    -0.000234665248188
     0.000463395998204    -0.000234357809382    -0.000374045087305
10 46
     0.000143064692688    -0.000041538854455    -0.000019604067461
    -0.000041540679458    -0.000011486614840     0.000005997267478
    -0.000019603410281     0.000005996784672    -0.000013845731945
10 47
    -0.001891986471573    -0.000818421466146    -0.000463711847129
    -0.000818949715243    -0.000689086694094    -0.000234665248188
    -0.000463395998204    -0.000234357809382    -0.000374045087305
10 48
     0.000143064692688     0.000041538854455     0.000019604067461
     0.000041540679458    -0.000011486614840     0.000005997267478
     0.000019603410281     0.000005996784672    -0.000013845731945
10 49
     1.640488528579584    -0.000000000000000    -0.000000000000000
    -0.000000000000000     0.856368190052960     0.229546571427467
     0.000000000000000     2.527548566509778     0.677503247058239
10 50
    -0.000217416337348    -0.000000000000000     0.000000000000000
     0.000000000000000     0.000817817890439    -0.000356953318231
    -0.000000000000000    -0.000356959937965    -0.000048671979124
11 1
    -0.255129283813854    -0.000000000000000    -0.351593974296168
     0.000000000000000     1.161056034677194     0.000000000000000
     0.753104036844173     0.000000000000000     1.038107213326021
11 2
    -0.012349437484479     0.000000000000000    -0.014084846601855
     0.000000000000000     0.267227960846254     0.000000000000000
    -0.014086310429585     0.000000000000000    -0.011916231089498
11 3
     0.000718882767926    -0.000770044443541    -0.000432202618021
    -0.000770034130190    -0.000258779250527     0.000238639715947
    -0.000432186078276     0.000238646846994     0.001362729320385
11 4
   -42.731625277771819    -0.000000000000000    -9.961976582453788
     0.000000000000002   -10.334491012156793     0.000000000000001
    -7.771221425890711    -0.000000000000000   -17.583230447324073
11 5
     0.001850506585490     0.000000000000000     0.000213857361129
    -0.000000000000000    -0.000532702809766    -0.000000000000000
     0.000213873651018     0.000000000000000    -0.000448320134229
11 6
    -0.011646486907908    -0.006444936205323     0.007789078008219
    -0.006446473681490    -0.003540837333999     0.004302340941777
     0.007787688098813     0.004300574072112    -0.004636692256127
11 7
    -0.011646486907908     0.006444936205323     0.007789078008219
     0.006446473681490    -0.003540837333999    -0.004302340941777
     0.007787688098813    -0.004300574072112    -0.004636692256127
11 8
     0.001607212092892     0.000000000000000     0.000665905112350
    -0.000000000000000    -0.000388568218017    -0.000000000000000
     0.000665905087269    -0.000000000000000     0.000011942405173
11 9
     1.002488343429895     0.000000000000000    -0.000194704521803
    -0.000000000000000     1.359325054605942     0.000000000000000
    -2.959209569154360    -0.000000000000000     0.000740732569904
11 10
     0.000718882767926     0.000770044443541    -0.000432202618021
     0.000770034130190    -0.000258779250527    -0.000238639715947
    -0.000432186078276    -0.000238646846994     0.001362729320385
11 11
    79.119475898737065     0.000000000000000    -0.960773552546950
    -0.000000000000004    26.272775666573843     0.000000000000000
    -0.960016042665282    -0.000000000000000    78.510378023880975
11 12
    -0.782676411491721     0.000000000000000    -0.029063293683500
     0.000000000000000    -1.617444442960988     0.000000000000000
    -0.029055454325247     0.000000000000000     0.050687537106304
11 13
     0.000970082095422    -0.000000000000000    -0.000000000000000
    -0.000000000000000    -0.000157364137158    -0.000000000000000
     0.000000000000000     0.000000000000000    -0.000116054461879
11 14
     0.001810327417099    -0.000000000000000     0.000051435730515
    -0.000000000000000    -0.000589235797417    -0.000000000000000
     0.000051441411660     0.000000000000000    -0.000513300964205
11 15
    -0.000517032035274     0.000163977365108     0.000000873459220
     0.000163977365115    -0.000517032035271     0.000000873459221
     0.000000574754100     0.000000574754099    -0.000498765301411
11 16
     0.000014521640871     0.000088722089603    -0.000020403127623
     0.000088719960565     0.000268367906925    -0.000031326866511
    -0.000020401874898    -0.000031325808374    -0.000014554580722
11 17
    -0.000517032035274    -0.000163977365108     0.000000873459220
    -0.000163977365115    -0.000517032035271    -0.000000873459221
     0.000000574754100    -0.000000574754099    -0.000498765301411
11 18
     0.000014521640871    -0.000088722089603    -0.000020403127623
    -0.000088719960565     0.000268367906925     0.000031326866511
    -0.000020401874898     0.000031325808374    -0.000014554580722
11 19
     0.000393312803141     0.000785568035539     0.000000000000000
     0.000785568035528     0.000393312803124    -0.000000000000003
     0.000000000000000    -0.000000000000009     0.000849895611728
11 20
     0.000592308917826    -0.000000000000000     0.000138013753202
    -0.000000000000000    -0.000111279676222    -0.000000000000000
     0.000138010958393     0.000000000000000     0.000038200146799
11 21
     0.001423394828745     0.000000000000000    -0.000642543711866
    -0.000000000000000    -0.000355088077318     0.000000000000000
    -0.000642538962369    -0.000000000000000     0.000230046297782
11 22
     1.786416079450603     0.000000000000000    -1.465876607398588
    -0.000000000000000     0.923857950027207     0.000000000000000
     1.465953196245936     0.000000000000000    -1.200888359343595
11 23
    -0.014482078485570     0.000000000000000     0.011171083275420
     0.000000000000000     1.669041822728466    -0.000000000000000
     0.011171217393720    -0.000000000000000    -0.007201022411376
11 24
     0.000002879608086     0.000053421677289     0.000001916669934
     0.000053420802202     0.000175759066446     0.000002937293232
     0.000001916560119     0.000002937207398     0.000028773736722
11 25
     0.000240322297210     0.000648607507839    -0.000283187521094
     0.000648602937767     0.000606177098404    -0.000370993580960
    -0.000283178900198    -0.000370985226670     0.000244003727060
11 26
     0.000029987421651     0.000167732882088    -0.000043922536950
     0.000167729887816     0.000291275842063    -0.000078550673954
    -0.000043920123224    -0.000078548309162     0.000043003455238
11 27
     0.000240322297210    -0.000648607507839    -0.000283187521094
    -0.000648602937767     0.000606177098404     0.000370993580960
    -0.000283178900198     0.000370985226670     0.000244003727060
11 28
     0.000029987421651    -0.000167732882088    -0.000043922536950
    -0.000167729887816     0.000291275842063     0.000078550673954
    -0.000043920123224     0.000078548309162     0.000043003455238
11 29
   -26.358732068643466     0.000000000000000    16.971081553708071
     0.000000000000001   -15.691630806681248    -0.000000000000001
    14.523265498501447    -0.000000000000000   -32.597399888618384
11 30
     0.000002874963150    -0.000000000000000     1.111889643641913
    -0.000000000000000     3.527009936054911    -0.000000000000000
     0.000115360952466    -0.000000000000000     0.912288890746191
11 31
     0.000517985321127     0.000000000000000     0.000007885489070
    -0.000000000000000    -0.000083865705419    -0.000000000000000
     0.000007885288375     0.000000000000000    -0.000031794385880
11 32
     0.001235954583552    -0.000000000000000    -0.000239838163884
    -0.000000000000000    -0.000220422287735     0.000000000000000
    -0.000239833418385     0.000000000000000    -0.000103854660827
11 33
     0.000393312803141    -0.000785568035539     0.000000000000000
    -0.000785568035528     0.000393312803124     0.000000000000003
     0.000000000000000     0.000000000000009     0.000849895611728
11 34
     0.000002879608086    -0.000053421677289     0.000001916669934
    -0.000053420802202     0.000175759066446    -0.000002937293232
     0.000001916560119    -0.000002937207398     0.000028773736722
11 35
     0.000132913258602    -0.000259079760489     0.000150123132136
    -0.000259079008912     0.000179259333437    -0.000163956636042
     0.000150118623849    -0.000163952259548     0.000139248648739
11 36
     0.000004133102163    -0.000027383575500     0.000006683302061
    -0.000027383048172     0.000056671789624    -0.000012182620357
     0.000006682909484    -0.000012182245433     0.000007552803834
11 37
   -11.413070413993504    -0.000000000000000    -5.193737522754858
     0.000000000000001    -8.032795362989445     0.000000000000000
    -4.903207463778124     0.000000000000000   -29.008974360422052
11 38
    -0.333796181514676    -0.000000000000000    -0.137346960414531
     0.000000000000000     0.025464952907426     0.000000000000000
    -0.137319165849009    -0.000000000000000    -0.026956359276427
11 39
     0.000166716125079     0.000000000000000    -0.000018700536653
    -0.000000000000000    -0.000026610803860     0.000000000000000
    -0.000018700017376     0.000000000000000    -0.000012394726298
11 40
     0.000458813518361    -0.000000000000000     0.000095859176744
    -0.000000000000000    -0.000078703486288    -0.000000000000000
     0.000095856771049    -0.000000000000000    -0.000041615990561
11 41
     0.000307785114298     0.000600193388222    -0.000080926214512
     0.000600198575129     0.000414335209908    -0.000088371442862
    -0.000080934749575    -0.000088379964610    -0.000210532576954
11 42
     0.000010667498233     0.000049630245002    -0.000003453649431
     0.000049628903839     0.000097831298441    -0.000006142372018
    -0.000003453409886    -0.000006142126935    -0.000012644201573
11 43
     0.000307785114298    -0.000600193388222    -0.000080926214512
    -0.000600198575129     0.000414335209908     0.000088371442862
    -0.000080934749575     0.000088379964610    -0.000210532576954
11 44
     0.000010667498233    -0.000049630245002    -0.000003453649431
    -0.000049628903839     0.000097831298441     0.000006142372018
    -0.000003453409886     0.000006142126935    -0.000012644201573
11 45
     0.000088276796976     0.000000000000000     0.000008149523859
    -0.000000000000000    -0.000017659625387    -0.000000000000000
     0.000008149376408    -0.000000000000000     0.000016003140118
11 46
     0.000167167671801    -0.000000000000000    -0.000033541601384
    -0.000000000000000    -0.000038982337909     0.000000000000000
    -0.000033541133300     0.000000000000000     0.000057616746953
11 47
     0.002885030373178     0.000000000000000     0.006287285092215
    -0.000000000000000     0.477259038542177    -0.000000000000000
     0.006290904592032    -0.000000000000000    -0.070161042611930
11 48
     0.000320407152811    -0.000000000000000    -0.000197160986387
    -0.000000000000000    -0.000388992669592     0.000000000000000
    -0.000197103070907     0.000000000000000     0.000834803281163
11 49
     0.000132913258602     0.000259079760489     0.000150123132136
     0.000259079008912     0.000179259333437     0.000163956636042
     0.000150118623849     0.000163952259548     0.000139248648739
11 50
     0.000004133102163     0.000027383575500     0.000006683302061
     0.000027383048172     0.000056671789624     0.000012182620357
     0.000006682909484     0.000012182245433     0.000007552803834
12 1
     0.000837532746273     0.000000000000000    -0.000056348833291
    -0.000000000000000    -0.000140840609870     0.000000000000000
    -0.000056347664598     0.000000000000000    -0.000084171909763
12 2
     0.000462584299766    -0.000000000000000     0.000051840949771
    -0.000000000000000    -0.000094191640524    -0.000000000000000
     0.000051840081829     0.000000000000000     0.000075066748379
12 3
     0.000230320226376    -0.000041856454308    -0.000023142767811
    -0.000041857558147    -0.000030824358662     0.000007913709365
    -0.000023142269541     0.000007913229910     0.000037857309814
12 4
     0.001782689927874    -0.000000000000000     0.000262560057493
    -0.000000000000000    -0.000546378593935    -0.000000000000000
     0.000262583440176     0.000000000000000    -0.000446586335948
12 5
     0.000660738726124    -0.000000000000000    -0.000048985200638
    -0.000000000000000    -0.000105681967558     0.000000000000000
    -0.000048983879428     0.000000000000000    -0.000068578408891
12 6
     0.000329201256224     0.000064267479864    -0.000052735541879
     0.000064269715853    -0.000035680982638    -0.000018379754768
    -0.000052734121057    -0.000018378523645    -0.000000849333438
12 7
     0.000329201256224    -0.000064267479864    -0.000052735541879
    -0.000064269715853    -0.000035680982638     0.000018379754768
    -0.000052734121057     0.000018378523645    -0.000000849333438
12 8
     0.000472997951730    -0.000000000000000    -0.000097899113343
    -0.000000000000000    -0.000083796441747     0.000000000000000
    -0.000097896897136    -0.000000000000000     0.000006225910925
12 9
     0.001570677619697    -0.000000000000000     0.000689580621955
    -0.000000000000000    -0.000388257575062    -0.000000000000000
     0.000689580113661     0.000000000000000     0.000058536576651
12 10
     0.000230320226376     0.000041856454308    -0.000023142767811
     0.000041857558147    -0.000030824358662    -0.000007913709365
    -0.000023142269541    -0.000007913229910     0.000037857309814
12 11
    -0.782676411491792    -0.000000000000000    -0.029063293683486
     0.000000000000000    -1.617456736881649     0.000000000000000
    -0.029055454325260    -0.000000000000000     0.050687537106296
12 12
    85.081971473869459    -0.000000000000000     6.038889678421536
    -0.000000000000005    27.210962784374853    -0.000000000000000
     6.038480151502328    -0.000000000000000    77.267869536771599
12 13
     0.001810327417099     0.000000000000000    -0.000051435730515
    -0.000000000000000    -0.000589235797417     0.000000000000000
    -0.000051441411660     0.000000000000000    -0.000513300964220
12 14
   -45.531803292176370    -0.000000000000000    -1.195251092693319
     0.000000000000003   -11.688224482480669     0.000000000000000
     1.195551442096836     0.000000000000000   -14.609166519711131
12 15
     0.000268367906923     0.000088719960564    -0.000031326866501
     0.000088722089600     0.000014521640872    -0.000020403127634
    -0.000031325808370    -0.000020401874899    -0.000014554580722
12 16
     0.000040246119641     0.000011070482679    -0.000002664660602
     0.000011070482685     0.000040246119639    -0.000002664660602
    -0.000002664569277    -0.000002664569275    -0.000004728394506
12 17
     0.000268367906923    -0.000088719960564    -0.000031326866501
    -0.000088722089600     0.000014521640872     0.000020403127634
    -0.000031325808370     0.000020401874899    -0.000014554580722
12 18
     0.000040246119641    -0.000011070482679    -0.000002664660602
    -0.000011070482685     0.000040246119639     0.000002664660602
    -0.000002664569277     0.000002664569275    -0.000004728394506
12 19
     0.000175759066445     0.000053420802214    -0.000002937293222
     0.000053421677287     0.000002879608083    -0.000001916669922
    -0.000002937207404    -0.000001916560119     0.000028773736722
12 20
     0.001423394828744    -0.000000000000000    -0.000642543711877
    -0.000000000000000    -0.000355088077318     0.000000000000000
    -0.000642538962376     0.000000000000000     0.000230046297782
12 21
    -0.921886614932293     0.000000000000000     2.086195009083953
     0.000000000000000    -0.382436414319756    -0.000000000000000
     2.087019384195730    -0.000000000000000    -3.188580588640484
12 22
    -0.014482078485568    -0.000000000000000    -0.011171083275425
     0.000000000000000     1.669054116649119     0.000000000000000
    -0.011171217393705     0.000000000000000    -0.007201022411376
12 23
     1.746904887031682    -0.000000000000000     1.125550718573112
    -0.000000000000000     1.355022609899694    -0.000000000000000
    -1.125649176533586     0.000000000000000    -0.723056821133423
12 24
     0.000034568078113     0.000007628634045     0.000000000000003
     0.000007628634044     0.000034568078108    -0.000000000000003
     0.000000000000000    -0.000000000000008     0.000001182986597
12 25
     0.000126232460053     0.000047383615728    -0.000014784301931
     0.000047384200349     0.000028608258370    -0.000012532287304
    -0.000014783810667    -0.000012531615605     0.000007387945515
12 26
     0.000052427480127     0.000019778088826    -0.000004403487268
     0.000019778141344     0.000037045402438    -0.000005040725279
    -0.000004403332359    -0.000005040509872     0.000001059600925
12 27
     0.000126232460053    -0.000047383615728    -0.000014784301931
    -0.000047384200349     0.000028608258370     0.000012532287304
    -0.000014783810667     0.000012531615605     0.000007387945515
12 28
     0.000052427480127    -0.000019778088826    -0.000004403487268
    -0.000019778141344     0.000037045402438     0.000005040725279
    -0.000004403332359     0.000005040509872     0.000001059600925
12 29
    -0.000001545392891     0.000000000000000    -1.595172885407968
     0.000000000000000     2.793701450367263     0.000000000000000
    -0.000135851700329     0.000000000000000     1.027762112651000
12 30
   -23.714485583015762     0.000000000000000   -14.273730523126627
     0.000000000000001   -15.526095141239987     0.000000000000001
   -14.587832728549232    -0.000000000000000   -35.992358785505687
12 31
    -0.022881852058745    -0.000000000000000     0.007676395451776
     0.000000000000000     0.368141717333113    -0.000000000000000
     0.007674951425571     0.000000000000000    -0.002038932041571
12 32
     0.000040955804020    -0.000000000000000     0.000165137565149
     0.000000000000000     1.446445952860225     0.000000000000000
     1.645128077905095     0.000000000000000     1.059996614458864
12 33
     0.000175759066445    -0.000053420802214    -0.000002937293222
    -0.000053421677287     0.000002879608083     0.000001916669922
    -0.000002937207404     0.000001916560119     0.000028773736722
12 34
     0.000034568078113    -0.000007628634045     0.000000000000003
    -0.000007628634044     0.000034568078108     0.000000000000003
     0.000000000000000     0.000000000000008     0.000001182986597
12 35
     0.000038830140292    -0.000012849967366     0.000004591040298
    -0.000012850185468     0.000003020368961    -0.000003038772890
     0.000004590903020    -0.000003038596760     0.000004253663442
12 36
     0.000009898745219    -0.000003241624292     0.000000505387574
    -0.000003241628808     0.000008182150481    -0.000000610270955
     0.000000505364340    -0.000000610240744     0.000000147795619
12 37
    -0.159548220853568     0.000000000000000     0.052177406860148
     0.000000000000000     0.010691358742139    -0.000000000000000
     0.052165465735653     0.000000000000000    -0.005234934186704
12 38
   -15.694290696749045    -0.000000000000000     7.797143656370002
     0.000000000000001    -7.998867843735725    -0.000000000000000
     7.571800878839618     0.000000000000000   -26.326557972875651
12 39
     0.000935923602711     0.000000000000000     0.000222147061408
    -0.000000000000000    -0.000215530631833    -0.000000000000000
     0.000222150994985     0.000000000000000    -0.000143899959578
12 40
     0.000029746815271     0.000000000000000    -0.000038521556427
     0.000000000000000     1.889630724967858    -0.000000000000000
    -2.840603295406654     0.000000000000000     1.478454937920663
12 41
     0.000060856811748     0.000022223575644    -0.000001965723311
     0.000022224112251     0.000006589065326    -0.000001396271183
    -0.000001965647513    -0.000001396181197    -0.000006922055270
12 42
     0.000012216616810     0.000004308865965    -0.000000187448797
     0.000004308874700     0.000010001513020    -0.000000233105683
    -0.000000187439715    -0.000000233093937    -0.000001602185034
12 43
     0.000060856811748    -0.000022223575644    -0.000001965723311
    -0.000022224112251     0.000006589065326     0.000001396271183
    -0.000001965647513     0.000001396181197    -0.000006922055270
12 44
     0.000012216616810    -0.000004308865965    -0.000000187448797
    -0.000004308874700     0.000010001513020     0.000000233105683
    -0.000000187439715     0.000000233093937    -0.000001602185034
12 45
     0.000285070050979     0.000000000000000    -0.000074024296415
    -0.000000000000000    -0.000080534226238     0.000000000000000
    -0.000074023769494    -0.000000000000000     0.000161862602778
12 46
    -0.000571350993413    -0.000000000000000     0.000945675489860
     0.000000000000000    -0.000528531492112    -0.000000000000000
     0.000946134135947     0.000000000000000    -0.000382432763782
12 47
     0.000453149463449    -0.000000000000000     0.000240311430858
    -0.000000000000000    -0.000325652543689    -0.000000000000000
     0.000240293311730    -0.000000000000000     0.000837903978324
12 48
     0.000227646178611     0.000000000000000    -0.004553377980727
    -0.000000000000000     0.472645309332851     0.000000000000000
    -0.004555881408670     0.000000000000000    -0.030409847154395
12 49
     0.000038830140292     0.000012849967366     0.000004591040298
     0.000012850185468     0.000003020368961     0.000003038772890
     0.000004590903020     0.000003038596760     0.000004253663442
12 50
     0.000009898745219     0.000003241624292     0.000000505387574
     0.000003241628808     0.000008182150481     0.000000610270955
     0.000000505364340     0.000000610240744     0.000000147795619
13 1
    -0.255129283813854    -0.000000000000000     0.351593974296167
     0.000000000000000     1.161056034677194    -0.000000000000000
    -0.753104036844172    -0.000000000000000     1.038107213326021
13 2
    -0.012349437484479     0.000000000000000     0.014084846601855
     0.000000000000000     0.267227960846254    -0.000000000000000
     0.014086310429585    -0.000000000000000    -0.011916231089498
13 3
     0.000718882767926     0.000770044443541     0.000432202618021
     0.000770034130190    -0.000258779250527     0.000238639715947
     0.000432186078276     0.000238646846994     0.001362729320385
13 4
     0.001850506585490     0.000000000000000    -0.000213857361129
    -0.000000000000000    -0.000532702809766     0.000000000000000
    -0.000213873651018    -0.000000000000000    -0.000448320134229
13 5
   -42.731625277771812    -0.000000000000000     9.961976582453786
     0.000000000000002   -10.334491012156791    -0.000000000000001
     7.771221425890710     0.000000000000000   -17.583230447324073
13 6
    -0.011646486907908     0.006444936205323    -0.007789078008219
     0.006446473681490    -0.003540837333999     0.004302340941777
    -0.007787688098813     0.004300574072112    -0.004636692256127
13 7
    -0.011646486907908    -0.006444936205323    -0.007789078008219
    -0.006446473681490    -0.003540837333999    -0.004302340941777
    -0.007787688098813    -0.004300574072112    -0.004636692256127
13 8
     1.002488343429894     0.000000000000000     0.000194704521803
    -0.000000000000000     1.359325054605942    -0.000000000000000
     2.959209569154359     0.000000000000000     0.000740732569904
13 9
     0.001607212092892     0.000000000000000    -0.000665905112350
    -0.000000000000000    -0.000388568218017     0.000000000000000
    -0.000665905087269     0.000000000000000     0.000011942405173
13 10
     0.000718882767926    -0.000770044443541     0.000432202618021
    -0.000770034130190    -0.000258779250527    -0.000238639715947
     0.000432186078276    -0.000238646846994     0.001362729320385
13 11
     0.000970082095422    -0.000000000000000     0.000000000000000
    -0.000000000000000    -0.000157364137158     0.000000000000000
    -0.000000000000000    -0.000000000000000    -0.000116054461879
13 12
     0.001810327417099    -0.000000000000000    -0.000051435730515
    -0.000000000000000    -0.000589235797417     0.000000000000000
    -0.000051441411660    -0.000000000000000    -0.000513300964205
13 13
    79.119475898737051     0.000000000000000     0.960773552546950
    -0.000000000000004    26.272775666573835    -0.000000000000000
     0.960016042665282     0.000000000000000    78.510378023880975
13 14
    -0.782676411491721     0.000000000000000     0.029063293683500
     0.000000000000000    -1.617444442960987    -0.000000000000000
     0.029055454325247    -0.000000000000000     0.050687537106304
13 15
    -0.000517032035274    -0.000163977365108    -0.000000873459220
    -0.000163977365115    -0.000517032035271     0.000000873459221
    -0.000000574754100     0.000000574754099    -0.000498765301411
13 16
     0.000014521640871    -0.000088722089603     0.000020403127623
    -0.000088719960565     0.000268367906925    -0.000031326866511
     0.000020401874898    -0.000031325808374    -0.000014554580722
13 17
    -0.000517032035274     0.000163977365108    -0.000000873459220
     0.000163977365115    -0.000517032035271    -0.000000873459221
    -0.000000574754100    -0.000000574754099    -0.000498765301411
13 18
     0.000014521640871     0.000088722089603     0.000020403127623
     0.000088719960565     0.000268367906925     0.000031326866511
     0.000020401874898     0.000031325808374    -0.000014554580722
13 19
     0.000393312803141    -0.000785568035539    -0.000000000000000
    -0.000785568035528     0.000393312803124    -0.000000000000003
    -0.000000000000000    -0.000000000000009     0.000849895611728
13 20
     1.786416079450603     0.000000000000000     1.465876607398588
    -0.000000000000000     0.923857950027207    -0.000000000000000
    -1.465953196245936    -0.000000000000000    -1.200888359343595
13 21
    -0.014482078485570     0.000000000000000    -0.011171083275420
     0.000000000000000     1.669041822728465     0.000000000000000
    -0.011171217393720     0.000000000000000    -0.007201022411376
13 22
     0.000592308917826    -0.000000000000000    -0.000138013753202
    -0.000000000000000    -0.000111279676222     0.000000000000000
    -0.000138010958393    -0.000000000000000     0.000038200146799
13 23
     0.001423394828745     0.000000000000000     0.000642543711866
    -0.000000000000000    -0.000355088077318    -0.000000000000000
     0.000642538962369     0.000000000000000     0.000230046297782
13 24
     0.000002879608086    -0.000053421677289    -0.000001916669934
    -0.000053420802202     0.000175759066446     0.000002937293232
    -0.000001916560119     0.000002937207398     0.000028773736722
13 25
     0.000240322297210    -0.000648607507839     0.000283187521094
    -0.000648602937767     0.000606177098404    -0.000370993580960
     0.000283178900198    -0.000370985226670     0.000244003727060
13 26
     0.000029987421651    -0.000167732882088     0.000043922536950
    -0.000167729887816     0.000291275842063    -0.000078550673954
     0.000043920123224    -0.000078548309162     0.000043003455238
13 27
     0.000240322297210     0.000648607507839     0.000283187521094
     0.000648602937767     0.000606177098404     0.000370993580960
     0.000283178900198     0.000370985226670     0.000244003727060
13 28
     0.000029987421651     0.000167732882088     0.000043922536950
     0.000167729887816     0.000291275842063     0.000078550673954
     0.000043920123224     0.000078548309162     0.000043003455238
13 29
     0.000517985321127     0.000000000000000    -0.000007885489070
    -0.000000000000000    -0.000083865705419     0.000000000000000
    -0.000007885288375    -0.000000000000000    -0.000031794385880
13 30
     0.001235954583552    -0.000000000000000     0.000239838163884
    -0.000000000000000    -0.000220422287735    -0.000000000000000
     0.000239833418385    -0.000000000000000    -0.000103854660827
13 31
   -26.358732068643459     0.000000000000000   -16.971081553708068
     0.000000000000001   -15.691630806681244     0.000000000000001
   -14.523265498501445     0.000000000000000   -32.597399888618384
13 32
     0.000002874963150    -0.000000000000000    -1.111889643641913
    -0.000000000000000     3.527009936054910     0.000000000000000
    -0.000115360952466     0.000000000000000     0.912288890746191
13 33
     0.000393312803141     0.000785568035539    -0.000000000000000
     0.000785568035528     0.000393312803124     0.000000000000003
    -0.000000000000000     0.000000000000009     0.000849895611728
13 34
     0.000002879608086     0.000053421677289    -0.000001916669934
     0.000053420802202     0.000175759066446    -0.000002937293232
    -0.000001916560119    -0.000002937207398     0.000028773736722
13 35
     0.000132913258602     0.000259079760489    -0.000150123132136
     0.000259079008912     0.000179259333437    -0.000163956636042
    -0.000150118623849    -0.000163952259548     0.000139248648739
13 36
     0.000004133102163     0.000027383575500    -0.000006683302061
     0.000027383048172     0.000056671789624    -0.000012182620357
    -0.000006682909484    -0.000012182245433     0.000007552803834
13 37
     0.000166716125079     0.000000000000000     0.000018700536653
    -0.000000000000000    -0.000026610803860    -0.000000000000000
     0.000018700017376    -0.000000000000000    -0.000012394726298
13 38
     0.000458813518361    -0.000000000000000    -0.000095859176744
    -0.000000000000000    -0.000078703486288     0.000000000000000
    -0.000095856771049     0.000000000000000    -0.000041615990561
13 39
   -11.413070413993502    -0.000000000000000     5.193737522754857
     0.000000000000001    -8.032795362989443    -0.000000000000000
     4.903207463778123    -0.000000000000000   -29.008974360422052
13 40
    -0.333796181514676    -0.000000000000000     0.137346960414531
     0.000000000000000     0.025464952907426    -0.000000000000000
     0.137319165849009     0.000000000000000    -0.026956359276427
13 41
     0.000307785114298    -0.000600193388222     0.000080926214512
    -0.000600198575129     0.000414335209908    -0.000088371442862
     0.000080934749575    -0.000088379964610    -0.000210532576954
13 42
     0.000010667498233    -0.000049630245002     0.000003453649431
    -0.000049628903839     0.000097831298441    -0.000006142372018
     0.000003453409886    -0.000006142126935    -0.000012644201573
13 43
     0.000307785114298     0.000600193388222     0.000080926214512
     0.000600198575129     0.000414335209908     0.000088371442862
     0.000080934749575     0.000088379964610    -0.000210532576954
13 44
     0.000010667498233     0.000049630245002     0.000003453649431
     0.000049628903839     0.000097831298441     0.000006142372018
     0.000003453409886     0.000006142126935    -0.000012644201573
13 45
     0.002885030373178     0.000000000000000    -0.006287285092215
    -0.000000000000000     0.477259038542177     0.000000000000000
    -0.006290904592032     0.000000000000000    -0.070161042611930
13 46
     0.000320407152811    -0.000000000000000     0.000197160986387
    -0.000000000000000    -0.000388992669592    -0.000000000000000
     0.000197103070907    -0.000000000000000     0.000834803281163
13 47
     0.000088276796976     0.000000000000000    -0.000008149523859
    -0.000000000000000    -0.000017659625387     0.000000000000000
    -0.000008149376408     0.000000000000000     0.000016003140118
13 48
     0.000167167671801    -0.000000000000000     0.000033541601384
    -0.000000000000000    -0.000038982337909    -0.000000000000000
     0.000033541133300    -0.000000000000000     0.000057616746953
13 49
     0.000132913258602    -0.000259079760489    -0.000150123132136
    -0.000259079008912     0.000179259333437     0.000163956636042
    -0.000150118623849     0.000163952259548     0.000139248648739
13 50
     0.000004133102163    -0.000027383575500    -0.000006683302061
    -0.000027383048172     0.000056671789624     0.000012182620357
    -0.000006682909484     0.000012182245433     0.000007552803834
14 1
     0.000837532746273     0.000000000000000     0.000056348833291
    -0.000000000000000    -0.000140840609870    -0.000000000000000
     0.000056347664598    -0.000000000000000    -0.000084171909763
14 2
     0.000462584299766    -0.000000000000000    -0.000051840949771
    -0.000000000000000    -0.000094191640524     0.000000000000000
    -0.000051840081829    -0.000000000000000     0.000075066748379
14 3
     0.000230320226376     0.000041856454308     0.000023142767811
     0.000041857558147    -0.000030824358662     0.000007913709365
     0.000023142269541     0.000007913229910     0.000037857309814
14 4
     0.000660738726124    -0.000000000000000     0.000048985200638
    -0.000000000000000    -0.000105681967558    -0.000000000000000
     0.000048983879428    -0.000000000000000    -0.000068578408891
14 5
     0.001782689927874    -0.000000000000000    -0.000262560057493
    -0.000000000000000    -0.000546378593935     0.000000000000000
    -0.000262583440176    -0.000000000000000    -0.000446586335948
14 6
     0.000329201256224    -0.000064267479864     0.000052735541879
    -0.000064269715853    -0.000035680982638    -0.000018379754768
     0.000052734121057    -0.000018378523645    -0.000000849333438
14 7
     0.000329201256224     0.000064267479864     0.000052735541879
     0.000064269715853    -0.000035680982638     0.000018379754768
     0.000052734121057     0.000018378523645    -0.000000849333438
14 8
     0.001570677619697    -0.000000000000000    -0.000689580621955
    -0.000000000000000    -0.000388257575062     0.000000000000000
    -0.000689580113661    -0.000000000000000     0.000058536576651
14 9
     0.000472997951730    -0.000000000000000     0.000097899113343
    -0.000000000000000    -0.000083796441747    -0.000000000000000
     0.000097896897136     0.000000000000000     0.000006225910925
14 10
     0.000230320226376    -0.000041856454308     0.000023142767811
    -0.000041857558147    -0.000030824358662    -0.000007913709365
     0.000023142269541    -0.000007913229910     0.000037857309814
14 11
     0.001810327417099     0.000000000000000     0.000051435730515
    -0.000000000000000    -0.000589235797417    -0.000000000000000
     0.000051441411660    -0.000000000000000    -0.000513300964220
14 12
   -45.531803292176363    -0.000000000000000     1.195251092693319
     0.000000000000003   -11.688224482480667    -0.000000000000000
    -1.195551442096836    -0.000000000000000   -14.609166519711131
14 13
    -0.782676411491792    -0.000000000000000     0.029063293683486
     0.000000000000000    -1.617456736881649    -0.000000000000000
     0.029055454325260     0.000000000000000     0.050687537106296
14 14
    85.081971473869444    -0.000000000000000    -6.038889678421535
    -0.000000000000005    27.210962784374846     0.000000000000000
    -6.038480151502327     0.000000000000000    77.267869536771599
14 15
     0.000268367906923    -0.000088719960564     0.000031326866501
    -0.000088722089600     0.000014521640872    -0.000020403127634
     0.000031325808370    -0.000020401874899    -0.000014554580722
14 16
     0.000040246119641    -0.000011070482679     0.000002664660602
    -0.000011070482685     0.000040246119639    -0.000002664660602
     0.000002664569277    -0.000002664569275    -0.000004728394506
14 17
     0.000268367906923     0.000088719960564     0.000031326866501
     0.000088722089600     0.000014521640872     0.000020403127634
     0.000031325808370     0.000020401874899    -0.000014554580722
14 18
     0.000040246119641     0.000011070482679     0.000002664660602
     0.000011070482685     0.000040246119639     0.000002664660602
     0.000002664569277     0.000002664569275    -0.000004728394506
14 19
     0.000175759066445    -0.000053420802214     0.000002937293222
    -0.000053421677287     0.000002879608083    -0.000001916669922
     0.000002937207404    -0.000001916560119     0.000028773736722
14 20
    -0.014482078485568    -0.000000000000000     0.011171083275425
     0.000000000000000     1.669054116649119    -0.000000000000000
     0.011171217393705    -0.000000000000000    -0.007201022411376
14 21
     1.746904887031681    -0.000000000000000    -1.125550718573112
    -0.000000000000000     1.355022609899694     0.000000000000000
     1.125649176533586    -0.000000000000000    -0.723056821133423
14 22
     0.001423394828744    -0.000000000000000     0.000642543711877
    -0.000000000000000    -0.000355088077318    -0.000000000000000
     0.000642538962376    -0.000000000000000     0.000230046297782
14 23
    -0.921886614932293     0.000000000000000    -2.086195009083952
     0.000000000000000    -0.382436414319756     0.000000000000000
    -2.087019384195730     0.000000000000000    -3.188580588640484
14 24
     0.000034568078113    -0.000007628634045    -0.000000000000003
    -0.000007628634044     0.000034568078108    -0.000000000000003
    -0.000000000000000    -0.000000000000008     0.000001182986597
14 25
     0.000126232460053    -0.000047383615728     0.000014784301931
    -0.000047384200349     0.000028608258370    -0.000012532287304
     0.000014783810667    -0.000012531615605     0.000007387945515
14 26
     0.000052427480127    -0.000019778088826     0.000004403487268
    -0.000019778141344     0.000037045402438    -0.000005040725279
     0.000004403332359    -0.000005040509872     0.000001059600925
14 27
     0.000126232460053     0.000047383615728     0.000014784301931
     0.000047384200349     0.000028608258370     0.000012532287304
     0.000014783810667     0.000012531615605     0.000007387945515
14 28
     0.000052427480127     0.000019778088826     0.000004403487268
     0.000019778141344     0.000037045402438     0.000005040725279
     0.000004403332359     0.000005040509872     0.000001059600925
14 29
    -0.022881852058745    -0.000000000000000    -0.007676395451776
     0.000000000000000     0.368141717333113     0.000000000000000
    -0.007674951425571    -0.000000000000000    -0.002038932041571
14 30
     0.000040955804020    -0.000000000000000    -0.000165137565149
     0.000000000000000     1.446445952860224    -0.000000000000000
    -1.645128077905095    -0.000000000000000     1.059996614458864
14 31
    -0.000001545392891     0.000000000000000     1.595172885407968
     0.000000000000000     2.793701450367262    -0.000000000000000
     0.000135851700329    -0.000000000000000     1.027762112651000
14 32
   -23.714485583015758     0.000000000000000    14.273730523126625
     0.000000000000001   -15.526095141239983    -0.000000000000001
    14.587832728549230     0.000000000000000   -35.992358785505687
14 33
     0.000175759066445     0.000053420802214     0.000002937293222
     0.000053421677287     0.000002879608083     0.000001916669922
     0.000002937207404     0.000001916560119     0.000028773736722
14 34
     0.000034568078113     0.000007628634045    -0.000000000000003
     0.000007628634044     0.000034568078108     0.000000000000003
    -0.000000000000000     0.000000000000008     0.000001182986597
14 35
     0.000038830140292     0.000012849967366    -0.000004591040298
     0.000012850185468     0.000003020368961    -0.000003038772890
    -0.000004590903020    -0.000003038596760     0.000004253663442
14 36
     0.000009898745219     0.000003241624292    -0.000000505387574
     0.000003241628808     0.000008182150481    -0.000000610270955
    -0.000000505364340    -0.000000610240744     0.000000147795619
14 37
     0.000935923602711     0.000000000000000    -0.000222147061408
    -0.000000000000000    -0.000215530631833     0.000000000000000
    -0.000222150994985    -0.000000000000000    -0.000143899959578
14 38
     0.000029746815271     0.000000000000000     0.000038521556427
     0.000000000000000     1.889630724967857     0.000000000000000
     2.840603295406653    -0.000000000000000     1.478454937920663
14 39
    -0.159548220853568     0.000000000000000    -0.052177406860148
     0.000000000000000     0.010691358742139     0.000000000000000
    -0.052165465735653    -0.000000000000000    -0.005234934186704
14 40
   -15.694290696749041    -0.000000000000000    -7.797143656370001
     0.000000000000001    -7.998867843735723     0.000000000000000
    -7.571800878839617    -0.000000000000000   -26.326557972875651
14 41
     0.000060856811748    -0.000022223575644     0.000001965723311
    -0.000022224112251     0.000006589065326    -0.000001396271183
     0.000001965647513    -0.000001396181197    -0.000006922055270
14 42
     0.000012216616810    -0.000004308865965     0.000000187448797
    -0.000004308874700     0.000010001513020    -0.000000233105683
     0.000000187439715    -0.000000233093937    -0.000001602185034
14 43
     0.000060856811748     0.000022223575644     0.000001965723311
     0.000022224112251     0.000006589065326     0.000001396271183
     0.000001965647513     0.000001396181197    -0.000006922055270
14 44
     0.000012216616810     0.000004308865965     0.000000187448797
     0.000004308874700     0.000010001513020     0.000000233105683
     0.000000187439715     0.000000233093937    -0.000001602185034
14 45
     0.000453149463449    -0.000000000000000    -0.000240311430858
    -0.000000000000000    -0.000325652543689     0.000000000000000
    -0.000240293311730     0.000000000000000     0.000837903978324
14 46
     0.000227646178611     0.000000000000000     0.004553377980727
    -0.000000000000000     0.472645309332851    -0.000000000000000
     0.004555881408670    -0.000000000000000    -0.030409847154395
14 47
     0.000285070050979     0.000000000000000     0.000074024296415
    -0.000000000000000    -0.000080534226238    -0.000000000000000
     0.000074023769494     0.000000000000000     0.000161862602778
14 48
    -0.000571350993413    -0.000000000000000    -0.000945675489860
     0.000000000000000    -0.000528531492112     0.000000000000000
    -0.000946134135947    -0.000000000000000    -0.000382432763782
14 49
     0.000038830140292    -0.000012849967366    -0.000004591040298
    -0.000012850185468     0.000003020368961     0.000003038772890
    -0.000004590903020     0.000003038596760     0.000004253663442
14 50
     0.000009898745219    -0.000003241624292    -0.000000505387574
    -0.000003241628808     0.000008182150481     0.000000610270955
    -0.000000505364340     0.000000610240744     0.000000147795619
15 1
     1.161056034677194    -0.000000000000000    -0.000000000000000
     0.000000000000000    -0.255129283813854    -0.351593974296167
    -0.000000000000000     0.753104036844172     1.038107213326021
15 2
     0.267227960846254    -0.000000000000000    -0.000000000000000
    -0.000000000000000    -0.012349437484479    -0.014084846601855
    -0.000000000000000    -0.014086310429585    -0.011916231089498
15 3
    -0.000388568218017     0.000000000000000     0.000000000000000
    -0.000000000000000     0.001607212092892     0.000665905112350
     0.000000000000000     0.000665905087269     0.000011942405173
15 4
    -0.003540837333999    -0.006446473681490     0.004302340941777
    -0.006444936205323    -0.011646486907908     0.007789078008219
     0.004300574072112     0.007787688098813    -0.004636692256127
15 5
    -0.003540837333999     0.006446473681490    -0.004302340941777
     0.006444936205323    -0.011646486907908     0.007789078008219
    -0.004300574072112     0.007787688098813    -0.004636692256127
15 6
   -10.334491012156791    -0.000000000000002    -0.000000000000001
     0.000000000000000   -42.731625277771812    -9.961976582453786
     0.000000000000000    -7.771221425890710   -17.583230447324073
15 7
    -0.000532702809766     0.000000000000000     0.000000000000000
    -0.000000000000000     0.001850506585490     0.000213857361129
    -0.000000000000000     0.000213873651018    -0.000448320134229
15 8
    -0.000258779250527    -0.000770034130190     0.000238639715947
    -0.000770044443541     0.000718882767926    -0.000432202618021
     0.000238646846994    -0.000432186078276     0.001362729320385
15 9
    -0.000258779250527     0.000770034130190    -0.000238639715947
     0.000770044443541     0.000718882767926    -0.000432202618021
    -0.000238646846994    -0.000432186078276     0.001362729320385
15 10
     1.359325054605942     0.000000000000000    -0.000000000000000
    -0.000000000000000     1.002488343429894    -0.000194704521803
     0.000000000000000    -2.959209569154359     0.000740732569904
15 11
    -0.000517032035271     0.000163977365115     0.000000873459221
     0.000163977365108    -0.000517032035274     0.000000873459220
     0.000000574754099     0.000000574754100    -0.000498765301411
15 12
     0.000268367906925     0.000088719960565    -0.000031326866511
     0.000088722089603     0.000014521640871    -0.000020403127623
    -0.000031325808374    -0.000020401874898    -0.000014554580722
15 13
    -0.000517032035271    -0.000163977365115    -0.000000873459221
    -0.000163977365108    -0.000517032035274     0.000000873459220
    -0.000000574754099     0.000000574754100    -0.000498765301411
15 14
     0.000268367906925    -0.000088719960565     0.000031326866511
    -0.000088722089603     0.000014521640871    -0.000020403127623
     0.000031325808374    -0.000020401874898    -0.000014554580722
15 15
    26.272775666573835     0.000000000000004    -0.000000000000000
    -0.000000000000000    79.119475898737051    -0.960773552546950
     0.000000000000000    -0.960016042665282    78.510378023880975
15 16
    -1.617444442960987    -0.000000000000000    -0.000000000000000
    -0.000000000000000    -0.782676411491721    -0.029063293683500
    -0.000000000000000    -0.029055454325247     0.050687537106304
15 17
    -0.000157364137158     0.000000000000000     0.000000000000000
     0.000000000000000     0.000970082095422    -0.000000000000000
    -0.000000000000000     0.000000000000000    -0.000116054461879
15 18
    -0.000589235797417     0.000000000000000     0.000000000000000
     0.000000000000000     0.001810327417099     0.000051435730515
    -0.000000000000000     0.000051441411660    -0.000513300964205
15 19
     0.923857950027207     0.000000000000000    -0.000000000000000
    -0.000000000000000     1.786416079450603    -1.465876607398588
    -0.000000000000000     1.465953196245936    -1.200888359343595
15 20
     0.000393312803124    -0.000785568035528     0.000000000000003
    -0.000785568035539     0.000393312803141     0.000000000000000
     0.000000000000009     0.000000000000000     0.000849895611728
15 21
     0.000175759066446    -0.000053420802202    -0.000002937293232
    -0.000053421677289     0.000002879608086     0.000001916669934
    -0.000002937207398     0.000001916560119     0.000028773736722
15 22
     0.000393312803124     0.000785568035528    -0.000000000000003
     0.000785568035539     0.000393312803141     0.000000000000000
    -0.000000000000009     0.000000000000000     0.000849895611728
15 23
     0.000175759066446     0.000053420802202     0.000002937293232
     0.000053421677289     0.000002879608086     0.000001916669934
     0.000002937207398     0.000001916560119     0.000028773736722
15 24
     1.669041822728465    -0.000000000000000     0.000000000000000
    -0.000000000000000    -0.014482078485570     0.011171083275420
     0.000000000000000     0.011171217393720    -0.007201022411376
15 25
   -15.691630806681244    -0.000000000000001     0.000000000000001
    -0.000000000000000   -26.358732068643459    16.971081553708068
     0.000000000000000    14.523265498501445   -32.597399888618384
15 26
     3.527009936054910     0.000000000000000     0.000000000000000
     0.000000000000000     0.000002874963150     1.111889643641913
     0.000000000000000     0.000115360952466     0.912288890746191
15 27
    -0.000083865705419     0.000000000000000     0.000000000000000
    -0.000000000000000     0.000517985321127     0.000007885489070
    -0.000000000000000     0.000007885288375    -0.000031794385880
15 28
    -0.000220422287735     0.000000000000000    -0.000000000000000
     0.000000000000000     0.001235954583552    -0.000239838163884
    -0.000000000000000    -0.000239833418385    -0.000103854660827
15 29
     0.000606177098404     0.000648602937767    -0.000370993580960
     0.000648607507839     0.000240322297210    -0.000283187521094
    -0.000370985226670    -0.000283178900198     0.000244003727060
15 30
     0.000291275842063     0.000167729887816    -0.000078550673954
     0.000167732882088     0.000029987421651    -0.000043922536950
    -0.000078548309162    -0.000043920123224     0.000043003455238
15 31
     0.000606177098404    -0.000648602937767     0.000370993580960
    -0.000648607507839     0.000240322297210    -0.000283187521094
     0.000370985226670    -0.000283178900198     0.000244003727060
15 32
     0.000291275842063    -0.000167729887816     0.000078550673954
    -0.000167732882088     0.000029987421651    -0.000043922536950
     0.000078548309162    -0.000043920123224     0.000043003455238
15 33
    -0.000111279676222     0.000000000000000     0.000000000000000
     0.000000000000000     0.000592308917826     0.000138013753202
    -0.000000000000000     0.000138010958393     0.000038200146799
15 34
    -0.000355088077318     0.000000000000000    -0.000000000000000
    -0.000000000000000     0.001423394828745    -0.000642543711866
     0.000000000000000    -0.000642538962369     0.000230046297782
15 35
    -0.000017659625387     0.000000000000000     0.000000000000000
    -0.000000000000000     0.000088276796976     0.000008149523859
     0.000000000000000     0.000008149376408     0.000016003140118
15 36
    -0.000038982337909     0.000000000000000    -0.000000000000000
     0.000000000000000     0.000167167671801    -0.000033541601384
    -0.000000000000000    -0.000033541133300     0.000057616746953
15 37
     0.000414335209908     0.000600198575129    -0.000088371442862
     0.000600193388222     0.000307785114298    -0.000080926214512
    -0.000088379964610    -0.000080934749575    -0.000210532576954
15 38
     0.000097831298441     0.000049628903839    -0.000006142372018
     0.000049630245002     0.000010667498233    -0.000003453649431
    -0.000006142126935    -0.000003453409886    -0.000012644201573
15 39
     0.000414335209908    -0.000600198575129     0.000088371442862
    -0.000600193388222     0.000307785114298    -0.000080926214512
     0.000088379964610    -0.000080934749575    -0.000210532576954
15 40
     0.000097831298441    -0.000049628903839     0.000006142372018
    -0.000049630245002     0.000010667498233    -0.000003453649431
     0.000006142126935    -0.000003453409886    -0.000012644201573
15 41
    -8.032795362989443    -0.000000000000001    -0.000000000000000
     0.000000000000000   -11.413070413993502    -5.193737522754857
    -0.000000000000000    -4.903207463778123   -29.008974360422052
15 42
     0.025464952907426    -0.000000000000000    -0.000000000000000
     0.000000000000000    -0.333796181514676    -0.137346960414531
     0.000000000000000    -0.137319165849009    -0.026956359276427
15 43
    -0.000026610803860     0.000000000000000    -0.000000000000000
    -0.000000000000000     0.000166716125079    -0.000018700536653
    -0.000000000000000    -0.000018700017376    -0.000012394726298
15 44
    -0.000078703486288     0.000000000000000     0.000000000000000
     0.000000000000000     0.000458813518361     0.000095859176744
     0.000000000000000     0.000095856771049    -0.000041615990561
15 45
     0.000179259333437    -0.000259079008912    -0.000163956636042
    -0.000259079760489     0.000132913258602     0.000150123132136
    -0.000163952259548     0.000150118623849     0.000139248648739
15 46
     0.000056671789624    -0.000027383048172    -0.000012182620357
    -0.000027383575500     0.000004133102163     0.000006683302061
    -0.000012182245433     0.000006682909484     0.000007552803834
15 47
     0.000179259333437     0.000259079008912     0.000163956636042
     0.000259079760489     0.000132913258602     0.000150123132136
     0.000163952259548     0.000150118623849     0.000139248648739
15 48
     0.000056671789624     0.000027383048172     0.000012182620357
     0.000027383575500     0.000004133102163     0.000006683302061
     0.000012182245433     0.000006682909484     0.000007552803834
15 49
     0.477259038542177     0.000000000000000     0.000000000000000
    -0.000000000000000     0.002885030373178     0.006287285092215
     0.000000000000000     0.006290904592032    -0.070161042611930
15 50
    -0.000388992669592     0.000000000000000    -0.000000000000000
     0.000000000000000     0.000320407152811    -0.000197160986387
    -0.000000000000000    -0.000197103070907     0.000834803281163
16 1
    -0.000140840609870     0.000000000000000    -0.000000000000000
    -0.000000000000000     0.000837532746273    -0.000056348833291
    -0.000000000000000    -0.000056347664598    -0.000084171909763
16 2
    -0.000094191640524     0.000000000000000     0.000000000000000
     0.000000000000000     0.000462584299766     0.000051840949771
    -0.000000000000000     0.000051840081829     0.000075066748379
16 3
    -0.000083796441747     0.000000000000000    -0.000000000000000
     0.000000000000000     0.000472997951730    -0.000097899113343
     0.000000000000000    -0.000097896897136     0.000006225910925
16 4
    -0.000035680982638     0.000064269715853    -0.000018379754768
     0.000064267479864     0.000329201256224    -0.000052735541879
    -0.000018378523645    -0.000052734121057    -0.000000849333438
16 5
    -0.000035680982638    -0.000064269715853     0.000018379754768
    -0.000064267479864     0.000329201256224    -0.000052735541879
     0.000018378523645    -0.000052734121057    -0.000000849333438
16 6
    -0.000546378593935     0.000000000000000     0.000000000000000
     0.000000000000000     0.001782689927874     0.000262560057493
    -0.000000000000000     0.000262583440176    -0.000446586335948
16 7
    -0.000105681967558     0.000000000000000    -0.000000000000000
     0.000000000000000     0.000660738726124    -0.000048985200638
    -0.000000000000000    -0.000048983879428    -0.000068578408891
16 8
    -0.000030824358662    -0.000041857558147     0.000007913709365
    -0.000041856454308     0.000230320226376    -0.000023142767811
     0.000007913229910    -0.000023142269541     0.000037857309814
16 9
    -0.000030824358662     0.000041857558147    -0.000007913709365
     0.000041856454308     0.000230320226376    -0.000023142767811
    -0.000007913229910    -0.000023142269541     0.000037857309814
16 10
    -0.000388257575062     0.000000000000000     0.000000000000000
     0.000000000000000     0.001570677619697     0.000689580621955
    -0.000000000000000     0.000689580113661     0.000058536576651
16 11
     0.000014521640872     0.000088722089600    -0.000020403127634
     0.000088719960564     0.000268367906923    -0.000031326866501
    -0.000020401874899    -0.000031325808370    -0.000014554580722
16 12
     0.000040246119639     0.000011070482685    -0.000002664660602
     0.000011070482679     0.000040246119641    -0.000002664660602
    -0.000002664569275    -0.000002664569277    -0.000004728394506
16 13
     0.000014521640872    -0.000088722089600     0.000020403127634
    -0.000088719960564     0.000268367906923    -0.000031326866501
     0.000020401874899    -0.000031325808370    -0.000014554580722
16 14
     0.000040246119639    -0.000011070482685     0.000002664660602
    -0.000011070482679     0.000040246119641    -0.000002664660602
     0.000002664569275    -0.000002664569277    -0.000004728394506
16 15
    -1.617456736881649    -0.000000000000000    -0.000000000000000
     0.000000000000000    -0.782676411491792    -0.029063293683486
     0.000000000000000    -0.029055454325260     0.050687537106296
16 16
    27.210962784374846     0.000000000000005     0.000000000000000
     0.000000000000000    85.081971473869444     6.038889678421535
     0.000000000000000     6.038480151502327    77.267869536771599
16 17
    -0.000589235797417     0.000000000000000    -0.000000000000000
    -0.000000000000000     0.001810327417099    -0.000051435730515
    -0.000000000000000    -0.000051441411660    -0.000513300964220
16 18
   -11.688224482480667    -0.000000000000003    -0.000000000000000
     0.000000000000000   -45.531803292176363    -1.195251092693319
    -0.000000000000000     1.195551442096836   -14.609166519711131
16 19
     1.669054116649119    -0.000000000000000    -0.000000000000000
     0.000000000000000    -0.014482078485568    -0.011171083275425
    -0.000000000000000    -0.011171217393705    -0.007201022411376
16 20
     0.000002879608083    -0.000053421677287     0.000001916669922
    -0.000053420802214     0.000175759066445    -0.000002937293222
     0.000001916560119    -0.000002937207404     0.000028773736722
16 21
     0.000034568078108    -0.000007628634044     0.000000000000003
    -0.000007628634045     0.000034568078113     0.000000000000003
     0.000000000000008     0.000000000000000     0.000001182986597
16 22
     0.000002879608083     0.000053421677287    -0.000001916669922
     0.000053420802214     0.000175759066445    -0.000002937293222
    -0.000001916560119    -0.000002937207404     0.000028773736722
16 23
     0.000034568078108     0.000007628634044    -0.000000000000003
     0.000007628634045     0.000034568078113     0.000000000000003
    -0.000000000000008     0.000000000000000     0.000001182986597
16 24
     1.355022609899694     0.000000000000000     0.000000000000000
     0.000000000000000     1.746904887031681     1.125550718573112
    -0.000000000000000    -1.125649176533586    -0.723056821133423
16 25
     2.793701450367262    -0.000000000000000    -0.000000000000000
    -0.000000000000000    -0.000001545392891    -1.595172885407968
    -0.000000000000000    -0.000135851700329     1.027762112651000
16 26
   -15.526095141239983    -0.000000000000001    -0.000000000000001
    -0.000000000000000   -23.714485583015758   -14.273730523126625
     0.000000000000000   -14.587832728549230   -35.992358785505687
16 27
     0.368141717333113    -0.000000000000000     0.000000000000000
     0.000000000000000    -0.022881852058745     0.007676395451776
    -0.000000000000000     0.007674951425571    -0.002038932041571
16 28
     1.446445952860224    -0.000000000000000    -0.000000000000000
     0.000000000000000     0.000040955804020     0.000165137565149
    -0.000000000000000     1.645128077905095     1.059996614458864
16 29
     0.000028608258370     0.000047384200349    -0.000012532287304
     0.000047383615728     0.000126232460053    -0.000014784301931
    -0.000012531615605    -0.000014783810667     0.000007387945515
16 30
     0.000037045402438     0.000019778141344    -0.000005040725279
     0.000019778088826     0.000052427480127    -0.000004403487268
    -0.000005040509872    -0.000004403332359     0.000001059600925
16 31
     0.000028608258370    -0.000047384200349     0.000012532287304
    -0.000047383615728     0.000126232460053    -0.000014784301931
     0.000012531615605    -0.000014783810667     0.000007387945515
16 32
     0.000037045402438    -0.000019778141344     0.000005040725279
    -0.000019778088826     0.000052427480127    -0.000004403487268
     0.000005040509872    -0.000004403332359     0.000001059600925
16 33
    -0.000355088077318     0.000000000000000    -0.000000000000000
     0.000000000000000     0.001423394828744    -0.000642543711877
    -0.000000000000000    -0.000642538962376     0.000230046297782
16 34
    -0.382436414319756    -0.000000000000000     0.000000000000000
    -0.000000000000000    -0.921886614932293     2.086195009083952
     0.000000000000000     2.087019384195730    -3.188580588640484
16 35
    -0.000080534226238     0.000000000000000    -0.000000000000000
    -0.000000000000000     0.000285070050979    -0.000074024296415
     0.000000000000000    -0.000074023769494     0.000161862602778
16 36
    -0.000528531492112    -0.000000000000000     0.000000000000000
     0.000000000000000    -0.000571350993413     0.000945675489860
    -0.000000000000000     0.000946134135947    -0.000382432763782
16 37
     0.000006589065326     0.000022224112251    -0.000001396271183
     0.000022223575644     0.000060856811748    -0.000001965723311
    -0.000001396181197    -0.000001965647513    -0.000006922055270
16 38
     0.000010001513020     0.000004308874700    -0.000000233105683
     0.000004308865965     0.000012216616810    -0.000000187448797
    -0.000000233093937    -0.000000187439715    -0.000001602185034
16 39
     0.000006589065326    -0.000022224112251     0.000001396271183
    -0.000022223575644     0.000060856811748    -0.000001965723311
     0.000001396181197    -0.000001965647513    -0.000006922055270
16 40
     0.000010001513020    -0.000004308874700     0.000000233105683
    -0.000004308865965     0.000012216616810    -0.000000187448797
     0.000000233093937    -0.000000187439715    -0.000001602185034
16 41
     0.010691358742139    -0.000000000000000     0.000000000000000
    -0.000000000000000    -0.159548220853568     0.052177406860148
    -0.000000000000000     0.052165465735653    -0.005234934186704
16 42
    -7.998867843735723    -0.000000000000001     0.000000000000000
     0.000000000000000   -15.694290696749041     7.797143656370001
    -0.000000000000000     7.571800878839617   -26.326557972875651
16 43
    -0.000215530631833     0.000000000000000     0.000000000000000
    -0.000000000000000     0.000935923602711     0.000222147061408
    -0.000000000000000     0.000222150994985    -0.000143899959578
16 44
     1.889630724967857    -0.000000000000000     0.000000000000000
    -0.000000000000000     0.000029746815271    -0.000038521556427
    -0.000000000000000    -2.840603295406653     1.478454937920663
16 45
     0.000003020368961    -0.000012850185468    -0.000003038772890
    -0.000012849967366     0.000038830140292     0.000004591040298
    -0.000003038596760     0.000004590903020     0.000004253663442
16 46
     0.000008182150481    -0.000003241628808    -0.000000610270955
    -0.000003241624292     0.000009898745219     0.000000505387574
    -0.000000610240744     0.000000505364340     0.000000147795619
16 47
     0.000003020368961     0.000012850185468     0.000003038772890
     0.000012849967366     0.000038830140292     0.000004591040298
     0.000003038596760     0.000004590903020     0.000004253663442
16 48
     0.000008182150481     0.000003241628808     0.000000610270955
     0.000003241624292     0.000009898745219     0.000000505387574
     0.000000610240744     0.000000505364340     0.000000147795619
16 49
    -0.000325652543689     0.000000000000000     0.000000000000000
     0.000000000000000     0.000453149463449     0.000240311430858
     0.000000000000000     0.000240293311730     0.000837903978324
16 50
     0.472645309332851     0.000000000000000    -0.000000000000000
    -0.000000000000000     0.000227646178611    -0.004553377980727
    -0.000000000000000    -0.004555881408670    -0.030409847154395
17 1
     1.161056034677194    -0.000000000000000     0.000000000000000
     0.000000000000000    -0.255129283813854     0.351593974296167
     0.000000000000000    -0.753104036844172     1.038107213326021
17 2
     0.267227960846254    -0.000000000000000     0.000000000000000
    -0.000000000000000    -0.012349437484479     0.014084846601855
     0.000000000000000     0.014086310429585    -0.011916231089498
17 3
     1.359325054605942     0.000000000000000     0.000000000000000
    -0.000000000000000     1.002488343429894     0.000194704521803
     0.000000000000000     2.959209569154359     0.000740732569904
17 4
    -0.003540837333999     0.006446473681490     0.004302340941777
     0.006444936205323    -0.011646486907908    -0.007789078008219
     0.004300574072112    -0.007787688098813    -0.004636692256127
17 5
    -0.003540837333999    -0.006446473681490    -0.004302340941777
    -0.006444936205323    -0.011646486907908    -0.007789078008219
    -0.004300574072112    -0.007787688098813    -0.004636692256127
17 6
    -0.000532702809766     0.000000000000000    -0.000000000000000
    -0.000000000000000     0.001850506585490    -0.000213857361129
     0.000000000000000    -0.000213873651018    -0.000448320134229
17 7
   -10.334491012156791    -0.000000000000002     0.000000000000001
     0.000000000000000   -42.731625277771812     9.961976582453786
    -0.000000000000000     7.771221425890710   -17.583230447324073
17 8
    -0.000258779250527     0.000770034130190     0.000238639715947
     0.000770044443541     0.000718882767926     0.000432202618021
     0.000238646846994     0.000432186078276     0.001362729320385
17 9
    -0.000258779250527    -0.000770034130190    -0.000238639715947
    -0.000770044443541     0.000718882767926     0.000432202618021
    -0.000238646846994     0.000432186078276     0.001362729320385
17 10
    -0.000388568218017     0.000000000000000    -0.000000000000000
    -0.000000000000000     0.001607212092892    -0.000665905112350
    -0.000000000000000    -0.000665905087269     0.000011942405173
17 11
    -0.000517032035271    -0.000163977365115     0.000000873459221
    -0.000163977365108    -0.000517032035274    -0.000000873459220
     0.000000574754099    -0.000000574754100    -0.000498765301411
17 12
     0.000268367906925    -0.000088719960565    -0.000031326866511
    -0.000088722089603     0.000014521640871     0.000020403127623
    -0.000031325808374     0.000020401874898    -0.000014554580722
17 13
    -0.000517032035271     0.000163977365115    -0.000000873459221
     0.000163977365108    -0.000517032035274    -0.000000873459220
    -0.000000574754099    -0.000000574754100    -0.000498765301411
17 14
     0.000268367906925     0.000088719960565     0.000031326866511
     0.000088722089603     0.000014521640871     0.000020403127623
     0.000031325808374     0.000020401874898    -0.000014554580722
17 15
    -0.000157364137158     0.000000000000000    -0.000000000000000
     0.000000000000000     0.000970082095422     0.000000000000000
     0.000000000000000    -0.000000000000000    -0.000116054461879
17 16
    -0.000589235797417     0.000000000000000    -0.000000000000000
     0.000000000000000     0.001810327417099    -0.000051435730515
     0.000000000000000    -0.000051441411660    -0.000513300964205
17 17
    26.272775666573835     0.000000000000004     0.000000000000000
    -0.000000000000000    79.119475898737051     0.960773552546950
    -0.000000000000000     0.960016042665282    78.510378023880975
17 18
    -1.617444442960987    -0.000000000000000     0.000000000000000
    -0.000000000000000    -0.782676411491721     0.029063293683500
     0.000000000000000     0.029055454325247     0.050687537106304
17 19
    -0.000111279676222     0.000000000000000    -0.000000000000000
     0.000000000000000     0.000592308917826    -0.000138013753202
     0.000000000000000    -0.000138010958393     0.000038200146799
17 20
     0.000393312803124     0.000785568035528     0.000000000000003
     0.000785568035539     0.000393312803141    -0.000000000000000
     0.000000000000009    -0.000000000000000     0.000849895611728
17 21
     0.000175759066446     0.000053420802202    -0.000002937293232
     0.000053421677289     0.000002879608086    -0.000001916669934
    -0.000002937207398    -0.000001916560119     0.000028773736722
17 22
     0.000393312803124    -0.000785568035528    -0.000000000000003
    -0.000785568035539     0.000393312803141    -0.000000000000000
    -0.000000000000009    -0.000000000000000     0.000849895611728
17 23
     0.000175759066446    -0.000053420802202     0.000002937293232
    -0.000053421677289     0.000002879608086    -0.000001916669934
     0.000002937207398    -0.000001916560119     0.000028773736722
17 24
    -0.000355088077318     0.000000000000000     0.000000000000000
    -0.000000000000000     0.001423394828745     0.000642543711866
    -0.000000000000000     0.000642538962369     0.000230046297782
17 25
    -0.000083865705419     0.000000000000000    -0.000000000000000
    -0.000000000000000     0.000517985321127    -0.000007885489070
     0.000000000000000    -0.000007885288375    -0.000031794385880
17 26
    -0.000220422287735     0.000000000000000     0.000000000000000
     0.000000000000000     0.001235954583552     0.000239838163884
     0.000000000000000     0.000239833418385    -0.000103854660827
17 27
   -15.691630806681244    -0.000000000000001    -0.000000000000001
    -0.000000000000000   -26.358732068643459   -16.971081553708068
    -0.000000000000000   -14.523265498501445   -32.597399888618384
17 28
     3.527009936054910     0.000000000000000    -0.000000000000000
     0.000000000000000     0.000002874963150    -1.111889643641913
    -0.000000000000000    -0.000115360952466     0.912288890746191
17 29
     0.000606177098404    -0.000648602937767    -0.000370993580960
    -0.000648607507839     0.000240322297210     0.000283187521094
    -0.000370985226670     0.000283178900198     0.000244003727060
17 30
     0.000291275842063    -0.000167729887816    -0.000078550673954
    -0.000167732882088     0.000029987421651     0.000043922536950
    -0.000078548309162     0.000043920123224     0.000043003455238
17 31
     0.000606177098404     0.000648602937767     0.000370993580960
     0.000648607507839     0.000240322297210     0.000283187521094
     0.000370985226670     0.000283178900198     0.000244003727060
17 32
     0.000291275842063     0.000167729887816     0.000078550673954
     0.000167732882088     0.000029987421651     0.000043922536950
     0.000078548309162     0.000043920123224     0.000043003455238
17 33
     0.923857950027207     0.000000000000000     0.000000000000000
    -0.000000000000000     1.786416079450603     1.465876607398588
     0.000000000000000    -1.465953196245936    -1.200888359343595
17 34
     1.669041822728465    -0.000000000000000    -0.000000000000000
    -0.000000000000000    -0.014482078485570    -0.011171083275420
    -0.000000000000000    -0.011171217393720    -0.007201022411376
17 35
     0.477259038542177     0.000000000000000    -0.000000000000000
    -0.000000000000000     0.002885030373178    -0.006287285092215
    -0.000000000000000    -0.006290904592032    -0.070161042611930
17 36
    -0.000388992669592     0.000000000000000     0.000000000000000
     0.000000000000000     0.000320407152811     0.000197160986387
     0.000000000000000     0.000197103070907     0.000834803281163
17 37
     0.000414335209908    -0.000600198575129    -0.000088371442862
    -0.000600193388222     0.000307785114298     0.000080926214512
    -0.000088379964610     0.000080934749575    -0.000210532576954
17 38
     0.000097831298441    -0.000049628903839    -0.000006142372018
    -0.000049630245002     0.000010667498233     0.000003453649431
    -0.000006142126935     0.000003453409886    -0.000012644201573
17 39
     0.000414335209908     0.000600198575129     0.000088371442862
     0.000600193388222     0.000307785114298     0.000080926214512
     0.000088379964610     0.000080934749575    -0.000210532576954
17 40
     0.000097831298441     0.000049628903839     0.000006142372018
     0.000049630245002     0.000010667498233     0.000003453649431
     0.000006142126935     0.000003453409886    -0.000012644201573
17 41
    -0.000026610803860     0.000000000000000     0.000000000000000
    -0.000000000000000     0.000166716125079     0.000018700536653
     0.000000000000000     0.000018700017376    -0.000012394726298
17 42
    -0.000078703486288     0.000000000000000    -0.000000000000000
     0.000000000000000     0.000458813518361    -0.000095859176744
    -0.000000000000000    -0.000095856771049    -0.000041615990561
17 43
    -8.032795362989443    -0.000000000000001     0.000000000000000
     0.000000000000000   -11.413070413993502     5.193737522754857
     0.000000000000000     4.903207463778123   -29.008974360422052
17 44
     0.025464952907426    -0.000000000000000     0.000000000000000
     0.000000000000000    -0.333796181514676     0.137346960414531
    -0.000000000000000     0.137319165849009    -0.026956359276427
17 45
     0.000179259333437     0.000259079008912    -0.000163956636042
     0.000259079760489     0.000132913258602    -0.000150123132136
    -0.000163952259548    -0.000150118623849     0.000139248648739
17 46
     0.000056671789624     0.000027383048172    -0.000012182620357
     0.000027383575500     0.000004133102163    -0.000006683302061
    -0.000012182245433    -0.000006682909484     0.000007552803834
17 47
     0.000179259333437    -0.000259079008912     0.000163956636042
    -0.000259079760489     0.000132913258602    -0.000150123132136
     0.000163952259548    -0.000150118623849     0.000139248648739
17 48
     0.000056671789624    -0.000027383048172     0.000012182620357
    -0.000027383575500     0.000004133102163    -0.000006683302061
     0.000012182245433    -0.000006682909484     0.000007552803834
17 49
    -0.000017659625387     0.000000000000000    -0.000000000000000
    -0.000000000000000     0.000088276796976    -0.000008149523859
    -0.000000000000000    -0.000008149376408     0.000016003140118
17 50
    -0.000038982337909     0.000000000000000     0.000000000000000
     0.000000000000000     0.000167167671801     0.000033541601384
     0.000000000000000     0.000033541133300     0.000057616746953
18 1
    -0.000140840609870     0.000000000000000     0.000000000000000
    -0.000000000000000     0.000837532746273     0.000056348833291
     0.000000000000000     0.000056347664598    -0.000084171909763
18 2
    -0.000094191640524     0.000000000000000    -0.000000000000000
     0.000000000000000     0.000462584299766    -0.000051840949771
     0.000000000000000    -0.000051840081829     0.000075066748379
18 3
    -0.000388257575062     0.000000000000000    -0.000000000000000
     0.000000000000000     0.001570677619697    -0.000689580621955
     0.000000000000000    -0.000689580113661     0.000058536576651
18 4
    -0.000035680982638    -0.000064269715853    -0.000018379754768
    -0.000064267479864     0.000329201256224     0.000052735541879
    -0.000018378523645     0.000052734121057    -0.000000849333438
18 5
    -0.000035680982638     0.000064269715853     0.000018379754768
     0.000064267479864     0.000329201256224     0.000052735541879
     0.000018378523645     0.000052734121057    -0.000000849333438
18 6
    -0.000105681967558     0.000000000000000     0.000000000000000
     0.000000000000000     0.000660738726124     0.000048985200638
     0.000000000000000     0.000048983879428    -0.000068578408891
18 7
    -0.000546378593935     0.000000000000000    -0.000000000000000
     0.000000000000000     0.001782689927874    -0.000262560057493
     0.000000000000000    -0.000262583440176    -0.000446586335948
18 8
    -0.000030824358662     0.000041857558147     0.000007913709365
     0.000041856454308     0.000230320226376     0.000023142767811
     0.000007913229910     0.000023142269541     0.000037857309814
18 9
    -0.000030824358662    -0.000041857558147    -0.000007913709365
    -0.000041856454308     0.000230320226376     0.000023142767811
    -0.000007913229910     0.000023142269541     0.000037857309814
18 10
    -0.000083796441747     0.000000000000000     0.000000000000000
     0.000000000000000     0.000472997951730     0.000097899113343
    -0.000000000000000     0.000097896897136     0.000006225910925
18 11
     0.000014521640872    -0.000088722089600    -0.000020403127634
    -0.000088719960564     0.000268367906923     0.000031326866501
    -0.000020401874899     0.000031325808370    -0.000014554580722
18 12
     0.000040246119639    -0.000011070482685    -0.000002664660602
    -0.000011070482679     0.000040246119641     0.000002664660602
    -0.000002664569275     0.000002664569277    -0.000004728394506
18 13
     0.000014521640872     0.000088722089600     0.000020403127634
     0.000088719960564     0.000268367906923     0.000031326866501
     0.000020401874899     0.000031325808370    -0.000014554580722
18 14
     0.000040246119639     0.000011070482685     0.000002664660602
     0.000011070482679     0.000040246119641     0.000002664660602
     0.000002664569275     0.000002664569277    -0.000004728394506
18 15
    -0.000589235797417     0.000000000000000     0.000000000000000
    -0.000000000000000     0.001810327417099     0.000051435730515
     0.000000000000000     0.000051441411660    -0.000513300964220
18 16
   -11.688224482480667    -0.000000000000003     0.000000000000000
     0.000000000000000   -45.531803292176363     1.195251092693319
     0.000000000000000    -1.195551442096836   -14.609166519711131
18 17
    -1.617456736881649    -0.000000000000000     0.000000000000000
     0.000000000000000    -0.782676411491792     0.029063293683486
    -0.000000000000000     0.029055454325260     0.050687537106296
18 18
    27.210962784374846     0.000000000000005    -0.000000000000000
     0.000000000000000    85.081971473869444    -6.038889678421535
    -0.000000000000000    -6.038480151502327    77.267869536771599
18 19
    -0.000355088077318     0.000000000000000     0.000000000000000
     0.000000000000000     0.001423394828744     0.000642543711877
     0.000000000000000     0.000642538962376     0.000230046297782
18 20
     0.000002879608083     0.000053421677287     0.000001916669922
     0.000053420802214     0.000175759066445     0.000002937293222
     0.000001916560119     0.000002937207404     0.000028773736722
18 21
     0.000034568078108     0.000007628634044     0.000000000000003
     0.000007628634045     0.000034568078113    -0.000000000000003
     0.000000000000008    -0.000000000000000     0.000001182986597
18 22
     0.000002879608083    -0.000053421677287    -0.000001916669922
    -0.000053420802214     0.000175759066445     0.000002937293222
    -0.000001916560119     0.000002937207404     0.000028773736722
18 23
     0.000034568078108    -0.000007628634044    -0.000000000000003
    -0.000007628634045     0.000034568078113    -0.000000000000003
    -0.000000000000008    -0.000000000000000     0.000001182986597
18 24
    -0.382436414319756    -0.000000000000000    -0.000000000000000
    -0.000000000000000    -0.921886614932293    -2.086195009083952
    -0.000000000000000    -2.087019384195730    -3.188580588640484
18 25
     0.368141717333113    -0.000000000000000    -0.000000000000000
     0.000000000000000    -0.022881852058745    -0.007676395451776
     0.000000000000000    -0.007674951425571    -0.002038932041571
18 26
     1.446445952860224    -0.000000000000000     0.000000000000000
     0.000000000000000     0.000040955804020    -0.000165137565149
     0.000000000000000    -1.645128077905095     1.059996614458864
18 27
     2.793701450367262    -0.000000000000000     0.000000000000000
    -0.000000000000000    -0.000001545392891     1.595172885407968
     0.000000000000000     0.000135851700329     1.027762112651000
18 28
   -15.526095141239983    -0.000000000000001     0.000000000000001
    -0.000000000000000   -23.714485583015758    14.273730523126625
    -0.000000000000000    14.587832728549230   -35.992358785505687
18 29
     0.000028608258370    -0.000047384200349    -0.000012532287304
    -0.000047383615728     0.000126232460053     0.000014784301931
    -0.000012531615605     0.000014783810667     0.000007387945515
18 30
     0.000037045402438    -0.000019778141344    -0.000005040725279
    -0.000019778088826     0.000052427480127     0.000004403487268
    -0.000005040509872     0.000004403332359     0.000001059600925
18 31
     0.000028608258370     0.000047384200349     0.000012532287304
     0.000047383615728     0.000126232460053     0.000014784301931
     0.000012531615605     0.000014783810667     0.000007387945515
18 32
     0.000037045402438     0.000019778141344     0.000005040725279
     0.000019778088826     0.000052427480127     0.000004403487268
     0.000005040509872     0.000004403332359     0.000001059600925
18 33
     1.669054116649119    -0.000000000000000     0.000000000000000
     0.000000000000000    -0.014482078485568     0.011171083275425
     0.000000000000000     0.011171217393705    -0.007201022411376
18 34
     1.355022609899694     0.000000000000000    -0.000000000000000
     0.000000000000000     1.746904887031681    -1.125550718573112
     0.000000000000000     1.125649176533586    -0.723056821133423
18 35
    -0.000325652543689     0.000000000000000    -0.000000000000000
     0.000000000000000     0.000453149463449    -0.000240311430858
    -0.000000000000000    -0.000240293311730     0.000837903978324
18 36
     0.472645309332851     0.000000000000000     0.000000000000000
    -0.000000000000000     0.000227646178611     0.004553377980727
     0.000000000000000     0.004555881408670    -0.030409847154395
18 37
     0.000006589065326    -0.000022224112251    -0.000001396271183
    -0.000022223575644     0.000060856811748     0.000001965723311
    -0.000001396181197     0.000001965647513    -0.000006922055270
18 38
     0.000010001513020    -0.000004308874700    -0.000000233105683
    -0.000004308865965     0.000012216616810     0.000000187448797
    -0.000000233093937     0.000000187439715    -0.000001602185034
18 39
     0.000006589065326     0.000022224112251     0.000001396271183
     0.000022223575644     0.000060856811748     0.000001965723311
     0.000001396181197     0.000001965647513    -0.000006922055270
18 40
     0.000010001513020     0.000004308874700     0.000000233105683
     0.000004308865965     0.000012216616810     0.000000187448797
     0.000000233093937     0.000000187439715    -0.000001602185034
18 41
    -0.000215530631833     0.000000000000000    -0.000000000000000
    -0.000000000000000     0.000935923602711    -0.000222147061408
     0.000000000000000    -0.000222150994985    -0.000143899959578
18 42
     1.889630724967857    -0.000000000000000    -0.000000000000000
    -0.000000000000000     0.000029746815271     0.000038521556427
     0.000000000000000     2.840603295406653     1.478454937920663
18 43
     0.010691358742139    -0.000000000000000    -0.000000000000000
    -0.000000000000000    -0.159548220853568    -0.052177406860148
     0.000000000000000    -0.052165465735653    -0.005234934186704
18 44
    -7.998867843735723    -0.000000000000001    -0.000000000000000
     0.000000000000000   -15.694290696749041    -7.797143656370001
     0.000000000000000    -7.571800878839617   -26.326557972875651
18 45
     0.000003020368961     0.000012850185468    -0.000003038772890
     0.000012849967366     0.000038830140292    -0.000004591040298
    -0.000003038596760    -0.000004590903020     0.000004253663442
18 46
     0.000008182150481     0.000003241628808    -0.000000610270955
     0.000003241624292     0.000009898745219    -0.000000505387574
    -0.000000610240744    -0.000000505364340     0.000000147795619
18 47
     0.000003020368961    -0.000012850185468     0.000003038772890
    -0.000012849967366     0.000038830140292    -0.000004591040298
     0.000003038596760    -0.000004590903020     0.000004253663442
18 48
     0.000008182150481    -0.000003241628808     0.000000610270955
    -0.000003241624292     0.000009898745219    -0.000000505387574
     0.000000610240744    -0.000000505364340     0.000000147795619
18 49
    -0.000080534226238     0.000000000000000     0.000000000000000
    -0.000000000000000     0.000285070050979     0.000074024296415
    -0.000000000000000     0.000074023769494     0.000161862602778
18 50
    -0.000528531492112    -0.000000000000000    -0.000000000000000
     0.000000000000000    -0.000571350993413    -0.000945675489860
     0.000000000000000    -0.000946134135947    -0.000382432763782
19 1
     0.267227960846254    -0.000000000000000     0.000000000000000
    -0.000000000000000    -0.012349437484479     0.014084846601855
     0.000000000000000     0.014086310429585    -0.011916231089498
19 2
     1.161056034677194    -0.000000000000000     0.000000000000000
     0.000000000000000    -0.255129283813854     0.351593974296167
     0.000000000000000    -0.753104036844172     1.038107213326021
19 3
    -0.000532702809766     0.000000000000000    -0.000000000000000
    -0.000000000000000     0.001850506585490    -0.000213857361129
     0.000000000000000    -0.000213873651018    -0.000448320134229
19 4
    -0.000258779250527     0.000770034130190     0.000238639715947
     0.000770044443541     0.000718882767926     0.000432202618021
     0.000238646846994     0.000432186078276     0.001362729320385
19 5
    -0.000258779250527    -0.000770034130190    -0.000238639715947
    -0.000770044443541     0.000718882767926     0.000432202618021
    -0.000238646846994     0.000432186078276     0.001362729320385
19 6
     1.359325054605942     0.000000000000000     0.000000000000000
    -0.000000000000000     1.002488343429894     0.000194704521803
     0.000000000000000     2.959209569154359     0.000740732569904
19 7
    -0.000388568218017     0.000000000000000    -0.000000000000000
    -0.000000000000000     0.001607212092892    -0.000665905112350
    -0.000000000000000    -0.000665905087269     0.000011942405173
19 8
    -0.003540837333999     0.006446473681490     0.004302340941777
     0.006444936205323    -0.011646486907908    -0.007789078008219
     0.004300574072112    -0.007787688098813    -0.004636692256127
19 9
    -0.003540837333999    -0.006446473681490    -0.004302340941777
    -0.006444936205323    -0.011646486907908    -0.007789078008219
    -0.004300574072112    -0.007787688098813    -0.004636692256127
19 10
   -10.334491012156791    -0.000000000000002     0.000000000000001
     0.000000000000000   -42.731625277771812     9.961976582453786
    -0.000000000000000     7.771221425890710   -17.583230447324073
19 11
     0.000393312803124     0.000785568035528     0.000000000000003
     0.000785568035539     0.000393312803141    -0.000000000000000
     0.000000000000009    -0.000000000000000     0.000849895611728
19 12
     0.000175759066446     0.000053420802202    -0.000002937293232
     0.000053421677289     0.000002879608086    -0.000001916669934
    -0.000002937207398    -0.000001916560119     0.000028773736722
19 13
     0.000393312803124    -0.000785568035528    -0.000000000000003
    -0.000785568035539     0.000393312803141    -0.000000000000000
    -0.000000000000009    -0.000000000000000     0.000849895611728
19 14
     0.000175759066446    -0.000053420802202     0.000002937293232
    -0.000053421677289     0.000002879608086    -0.000001916669934
     0.000002937207398    -0.000001916560119     0.000028773736722
19 15
     0.923857950027207     0.000000000000000     0.000000000000000
    -0.000000000000000     1.786416079450603     1.465876607398588
     0.000000000000000    -1.465953196245936    -1.200888359343595
19 16
     1.669041822728465    -0.000000000000000    -0.000000000000000
    -0.000000000000000    -0.014482078485570    -0.011171083275420
    -0.000000000000000    -0.011171217393720    -0.007201022411376
19 17
    -0.000111279676222     0.000000000000000    -0.000000000000000
     0.000000000000000     0.000592308917826    -0.000138013753202
     0.000000000000000    -0.000138010958393     0.000038200146799
19 18
    -0.000355088077318     0.000000000000000     0.000000000000000
    -0.000000000000000     0.001423394828745     0.000642543711866
    -0.000000000000000     0.000642538962369     0.000230046297782
19 19
    26.272775666573835     0.000000000000004     0.000000000000000
    -0.000000000000000    79.119475898737051     0.960773552546950
    -0.000000000000000     0.960016042665282    78.510378023880975
19 20
    -0.000517032035271    -0.000163977365115     0.000000873459221
    -0.000163977365108    -0.000517032035274    -0.000000873459220
     0.000000574754099    -0.000000574754100    -0.000498765301411
19 21
     0.000268367906925    -0.000088719960565    -0.000031326866511
    -0.000088722089603     0.000014521640871     0.000020403127623
    -0.000031325808374     0.000020401874898    -0.000014554580722
19 22
    -0.000517032035271     0.000163977365115    -0.000000873459221
     0.000163977365108    -0.000517032035274    -0.000000873459220
    -0.000000574754099    -0.000000574754100    -0.000498765301411
19 23
     0.000268367906925     0.000088719960565     0.000031326866511
     0.000088722089603     0.000014521640871     0.000020403127623
     0.000031325808374     0.000020401874898    -0.000014554580722
19 24
    -1.617444442960987    -0.000000000000000     0.000000000000000
    -0.000000000000000    -0.782676411491721     0.029063293683500
     0.000000000000000     0.029055454325247     0.050687537106304
19 25
   -15.691630806681244    -0.000000000000001    -0.000000000000001
    -0.000000000000000   -26.358732068643459   -16.971081553708068
    -0.000000000000000   -14.523265498501445   -32.597399888618384
19 26
     3.527009936054910     0.000000000000000    -0.000000000000000
     0.000000000000000     0.000002874963150    -1.111889643641913
    -0.000000000000000    -0.000115360952466     0.912288890746191
19 27
    -0.000083865705419     0.000000000000000    -0.000000000000000
    -0.000000000000000     0.000517985321127    -0.000007885489070
     0.000000000000000    -0.000007885288375    -0.000031794385880
19 28
    -0.000220422287735     0.000000000000000     0.000000000000000
     0.000000000000000     0.001235954583552     0.000239838163884
     0.000000000000000     0.000239833418385    -0.000103854660827
19 29
     0.000606177098404     0.000648602937767     0.000370993580960
     0.000648607507839     0.000240322297210     0.000283187521094
     0.000370985226670     0.000283178900198     0.000244003727060
19 30
     0.000291275842063     0.000167729887816     0.000078550673954
     0.000167732882088     0.000029987421651     0.000043922536950
     0.000078548309162     0.000043920123224     0.000043003455238
19 31
     0.000606177098404    -0.000648602937767    -0.000370993580960
    -0.000648607507839     0.000240322297210     0.000283187521094
    -0.000370985226670     0.000283178900198     0.000244003727060
19 32
     0.000291275842063    -0.000167729887816    -0.000078550673954
    -0.000167732882088     0.000029987421651     0.000043922536950
    -0.000078548309162     0.000043920123224     0.000043003455238
19 33
    -0.000157364137158     0.000000000000000    -0.000000000000000
     0.000000000000000     0.000970082095422     0.000000000000000
     0.000000000000000    -0.000000000000000    -0.000116054461879
19 34
    -0.000589235797417     0.000000000000000    -0.000000000000000
     0.000000000000000     0.001810327417099    -0.000051435730515
     0.000000000000000    -0.000051441411660    -0.000513300964205
19 35
    -0.000026610803860     0.000000000000000     0.000000000000000
    -0.000000000000000     0.000166716125079     0.000018700536653
     0.000000000000000     0.000018700017376    -0.000012394726298
19 36
    -0.000078703486288     0.000000000000000    -0.000000000000000
     0.000000000000000     0.000458813518361    -0.000095859176744
    -0.000000000000000    -0.000095856771049    -0.000041615990561
19 37
     0.000179259333437     0.000259079008912    -0.000163956636042
     0.000259079760489     0.000132913258602    -0.000150123132136
    -0.000163952259548    -0.000150118623849     0.000139248648739
19 38
     0.000056671789624     0.000027383048172    -0.000012182620357
     0.000027383575500     0.000004133102163    -0.000006683302061
    -0.000012182245433    -0.000006682909484     0.000007552803834
19 39
     0.000179259333437    -0.000259079008912     0.000163956636042
    -0.000259079760489     0.000132913258602    -0.000150123132136
     0.000163952259548    -0.000150118623849     0.000139248648739
19 40
     0.000056671789624    -0.000027383048172     0.000012182620357
    -0.000027383575500     0.000004133102163    -0.000006683302061
     0.000012182245433    -0.000006682909484     0.000007552803834
19 41
     0.477259038542177     0.000000000000000    -0.000000000000000
    -0.000000000000000     0.002885030373178    -0.006287285092215
    -0.000000000000000    -0.006290904592032    -0.070161042611930
19 42
    -0.000388992669592     0.000000000000000     0.000000000000000
     0.000000000000000     0.000320407152811     0.000197160986387
     0.000000000000000     0.000197103070907     0.000834803281163
19 43
    -0.000017659625387     0.000000000000000    -0.000000000000000
    -0.000000000000000     0.000088276796976    -0.000008149523859
    -0.000000000000000    -0.000008149376408     0.000016003140118
19 44
    -0.000038982337909     0.000000000000000     0.000000000000000
     0.000000000000000     0.000167167671801     0.000033541601384
     0.000000000000000     0.000033541133300     0.000057616746953
19 45
     0.000414335209908    -0.000600198575129    -0.000088371442862
    -0.000600193388222     0.000307785114298     0.000080926214512
    -0.000088379964610     0.000080934749575    -0.000210532576954
19 46
     0.000097831298441    -0.000049628903839    -0.000006142372018
    -0.000049630245002     0.000010667498233     0.000003453649431
    -0.000006142126935     0.000003453409886    -0.000012644201573
19 47
     0.000414335209908     0.000600198575129     0.000088371442862
     0.000600193388222     0.000307785114298     0.000080926214512
     0.000088379964610     0.000080934749575    -0.000210532576954
19 48
     0.000097831298441     0.000049628903839     0.000006142372018
     0.000049630245002     0.000010667498233     0.000003453649431
     0.000006142126935     0.000003453409886    -0.000012644201573
19 49
    -8.032795362989443    -0.000000000000001     0.000000000000000
     0.000000000000000   -11.413070413993502     5.193737522754857
     0.000000000000000     4.903207463778123   -29.008974360422052
19 50
     0.025464952907426    -0.000000000000000     0.000000000000000
     0.000000000000000    -0.333796181514676     0.137346960414531
    -0.000000000000000     0.137319165849009    -0.026956359276427
20 1
    -0.012349437484479     0.000000000000000    -0.014084846601855
     0.000000000000000     0.267227960846254     0.000000000000000
    -0.014086310429585     0.000000000000000    -0.011916231089498
20 2
    -0.255129283813854    -0.000000000000000    -0.351593974296167
     0.000000000000000     1.161056034677194     0.000000000000000
     0.753104036844172     0.000000000000000     1.038107213326021
20 3
    -0.011646486907908    -0.006444936205323     0.007789078008219
    -0.006446473681490    -0.003540837333999     0.004302340941777
     0.007787688098813     0.004300574072112    -0.004636692256127
20 4
     0.001607212092892     0.000000000000000     0.000665905112350
    -0.000000000000000    -0.000388568218017    -0.000000000000000
     0.000665905087269    -0.000000000000000     0.000011942405173
20 5
     1.002488343429894     0.000000000000000    -0.000194704521803
    -0.000000000000000     1.359325054605942     0.000000000000000
    -2.959209569154359     0.000000000000000     0.000740732569904
20 6
     0.000718882767926    -0.000770044443541    -0.000432202618021
    -0.000770034130190    -0.000258779250527     0.000238639715947
    -0.000432186078276     0.000238646846994     0.001362729320385
20 7
     0.000718882767926     0.000770044443541    -0.000432202618021
     0.000770034130190    -0.000258779250527    -0.000238639715947
    -0.000432186078276    -0.000238646846994     0.001362729320385
20 8
   -42.731625277771812    -0.000000000000000    -9.961976582453786
     0.000000000000002   -10.334491012156791     0.000000000000001
    -7.771221425890710    -0.000000000000000   -17.583230447324073
20 9
     0.001850506585490     0.000000000000000     0.000213857361129
    -0.000000000000000    -0.000532702809766    -0.000000000000000
     0.000213873651018     0.000000000000000    -0.000448320134229
20 10
    -0.011646486907908     0.006444936205323     0.007789078008219
     0.006446473681490    -0.003540837333999    -0.004302340941777
     0.007787688098813    -0.004300574072112    -0.004636692256127
20 11
     0.000592308917826    -0.000000000000000     0.000138013753202
    -0.000000000000000    -0.000111279676222    -0.000000000000000
     0.000138010958393     0.000000000000000     0.000038200146799
20 12
     0.001423394828745     0.000000000000000    -0.000642543711866
    -0.000000000000000    -0.000355088077318     0.000000000000000
    -0.000642538962369    -0.000000000000000     0.000230046297782
20 13
     1.786416079450603     0.000000000000000    -1.465876607398588
    -0.000000000000000     0.923857950027207     0.000000000000000
     1.465953196245936     0.000000000000000    -1.200888359343595
20 14
    -0.014482078485570     0.000000000000000     0.011171083275420
     0.000000000000000     1.669041822728465    -0.000000000000000
     0.011171217393720    -0.000000000000000    -0.007201022411376
20 15
     0.000393312803141    -0.000785568035539     0.000000000000000
    -0.000785568035528     0.000393312803124     0.000000000000003
     0.000000000000000     0.000000000000009     0.000849895611728
20 16
     0.000002879608086    -0.000053421677289     0.000001916669934
    -0.000053420802202     0.000175759066446    -0.000002937293232
     0.000001916560119    -0.000002937207398     0.000028773736722
20 17
     0.000393312803141     0.000785568035539     0.000000000000000
     0.000785568035528     0.000393312803124    -0.000000000000003
     0.000000000000000    -0.000000000000009     0.000849895611728
20 18
     0.000002879608086     0.000053421677289     0.000001916669934
     0.000053420802202     0.000175759066446     0.000002937293232
     0.000001916560119     0.000002937207398     0.000028773736722
20 19
    -0.000517032035274    -0.000163977365108     0.000000873459220
    -0.000163977365115    -0.000517032035271    -0.000000873459221
     0.000000574754100    -0.000000574754099    -0.000498765301411
20 20
    79.119475898737051     0.000000000000000    -0.960773552546950
    -0.000000000000004    26.272775666573835     0.000000000000000
    -0.960016042665282    -0.000000000000000    78.510378023880975
20 21
    -0.782676411491721     0.000000000000000    -0.029063293683500
     0.000000000000000    -1.617444442960987     0.000000000000000
    -0.029055454325247     0.000000000000000     0.050687537106304
20 22
     0.000970082095422    -0.000000000000000    -0.000000000000000
    -0.000000000000000    -0.000157364137158    -0.000000000000000
     0.000000000000000     0.000000000000000    -0.000116054461879
20 23
     0.001810327417099    -0.000000000000000     0.000051435730515
    -0.000000000000000    -0.000589235797417    -0.000000000000000
     0.000051441411660     0.000000000000000    -0.000513300964205
20 24
     0.000014521640871    -0.000088722089603    -0.000020403127623
    -0.000088719960565     0.000268367906925     0.000031326866511
    -0.000020401874898     0.000031325808374    -0.000014554580722
20 25
     0.000240322297210    -0.000648607507839    -0.000283187521094
    -0.000648602937767     0.000606177098404     0.000370993580960
    -0.000283178900198     0.000370985226670     0.000244003727060
20 26
     0.000029987421651    -0.000167732882088    -0.000043922536950
    -0.000167729887816     0.000291275842063     0.000078550673954
    -0.000043920123224     0.000078548309162     0.000043003455238
20 27
     0.000240322297210     0.000648607507839    -0.000283187521094
     0.000648602937767     0.000606177098404    -0.000370993580960
    -0.000283178900198    -0.000370985226670     0.000244003727060
20 28
     0.000029987421651     0.000167732882088    -0.000043922536950
     0.000167729887816     0.000291275842063    -0.000078550673954
    -0.000043920123224    -0.000078548309162     0.000043003455238
20 29
     0.000517985321127     0.000000000000000     0.000007885489070
    -0.000000000000000    -0.000083865705419    -0.000000000000000
     0.000007885288375     0.000000000000000    -0.000031794385880
20 30
     0.001235954583552    -0.000000000000000    -0.000239838163884
    -0.000000000000000    -0.000220422287735     0.000000000000000
    -0.000239833418385     0.000000000000000    -0.000103854660827
20 31
   -26.358732068643459     0.000000000000000    16.971081553708068
     0.000000000000001   -15.691630806681244    -0.000000000000001
    14.523265498501445    -0.000000000000000   -32.597399888618384
20 32
     0.000002874963150    -0.000000000000000     1.111889643641913
    -0.000000000000000     3.527009936054910    -0.000000000000000
     0.000115360952466    -0.000000000000000     0.912288890746191
20 33
    -0.000517032035274     0.000163977365108     0.000000873459220
     0.000163977365115    -0.000517032035271     0.000000873459221
     0.000000574754100     0.000000574754099    -0.000498765301411
20 34
     0.000014521640871     0.000088722089603    -0.000020403127623
     0.000088719960565     0.000268367906925    -0.000031326866511
    -0.000020401874898    -0.000031325808374    -0.000014554580722
20 35
     0.000307785114298     0.000600193388222    -0.000080926214512
     0.000600198575129     0.000414335209908    -0.000088371442862
    -0.000080934749575    -0.000088379964610    -0.000210532576954
20 36
     0.000010667498233     0.000049630245002    -0.000003453649431
     0.000049628903839     0.000097831298441    -0.000006142372018
    -0.000003453409886    -0.000006142126935    -0.000012644201573
20 37
     0.000088276796976     0.000000000000000     0.000008149523859
    -0.000000000000000    -0.000017659625387    -0.000000000000000
     0.000008149376408    -0.000000000000000     0.000016003140118
20 38
     0.000167167671801    -0.000000000000000    -0.000033541601384
    -0.000000000000000    -0.000038982337909     0.000000000000000
    -0.000033541133300     0.000000000000000     0.000057616746953
20 39
     0.002885030373178     0.000000000000000     0.006287285092215
    -0.000000000000000     0.477259038542177    -0.000000000000000
     0.006290904592032    -0.000000000000000    -0.070161042611930
20 40
     0.000320407152811    -0.000000000000000    -0.000197160986387
    -0.000000000000000    -0.000388992669592     0.000000000000000
    -0.000197103070907     0.000000000000000     0.000834803281163
20 41
     0.000132913258602    -0.000259079760489     0.000150123132136
    -0.000259079008912     0.000179259333437    -0.000163956636042
     0.000150118623849    -0.000163952259548     0.000139248648739
20 42
     0.000004133102163    -0.000027383575500     0.000006683302061
    -0.000027383048172     0.000056671789624    -0.000012182620357
     0.000006682909484    -0.000012182245433     0.000007552803834
20 43
     0.000132913258602     0.000259079760489     0.000150123132136
     0.000259079008912     0.000179259333437     0.000163956636042
     0.000150118623849     0.000163952259548     0.000139248648739
20 44
     0.000004133102163     0.000027383575500     0.000006683302061
     0.000027383048172     0.000056671789624     0.000012182620357
     0.000006682909484     0.000012182245433     0.000007552803834
20 45
   -11.413070413993502    -0.000000000000000    -5.193737522754857
     0.000000000000001    -8.032795362989443     0.000000000000000
    -4.903207463778123     0.000000000000000   -29.008974360422052
20 46
    -0.333796181514676    -0.000000000000000    -0.137346960414531
     0.000000000000000     0.025464952907426     0.000000000000000
    -0.137319165849009    -0.000000000000000    -0.026956359276427
20 47
     0.000166716125079     0.000000000000000    -0.000018700536653
    -0.000000000000000    -0.000026610803860     0.000000000000000
    -0.000018700017376     0.000000000000000    -0.000012394726298
20 48
     0.000458813518361    -0.000000000000000     0.000095859176744
    -0.000000000000000    -0.000078703486288    -0.000000000000000
     0.000095856771049    -0.000000000000000    -0.000041615990561
20 49
     0.000307785114298    -0.000600193388222    -0.000080926214512
    -0.000600198575129     0.000414335209908     0.000088371442862
    -0.000080934749575     0.000088379964610    -0.000210532576954
20 50
     0.000010667498233    -0.000049630245002    -0.000003453649431
    -0.000049628903839     0.000097831298441     0.000006142372018
    -0.000003453409886     0.000006142126935    -0.000012644201573
21 1
     0.000462584299766    -0.000000000000000     0.000051840949771
    -0.000000000000000    -0.000094191640524    -0.000000000000000
     0.000051840081829     0.000000000000000     0.000075066748379
21 2
     0.000837532746273     0.000000000000000    -0.000056348833291
    -0.000000000000000    -0.000140840609870     0.000000000000000
    -0.000056347664598     0.000000000000000    -0.000084171909763
21 3
     0.000329201256224     0.000064267479864    -0.000052735541879
     0.000064269715853    -0.000035680982638    -0.000018379754768
    -0.000052734121057    -0.000018378523645    -0.000000849333438
21 4
     0.000472997951730    -0.000000000000000    -0.000097899113343
    -0.000000000000000    -0.000083796441747     0.000000000000000
    -0.000097896897136    -0.000000000000000     0.000006225910925
21 5
     0.001570677619697    -0.000000000000000     0.000689580621955
    -0.000000000000000    -0.000388257575062    -0.000000000000000
     0.000689580113661     0.000000000000000     0.000058536576651
21 6
     0.000230320226376    -0.000041856454308    -0.000023142767811
    -0.000041857558147    -0.000030824358662     0.000007913709365
    -0.000023142269541     0.000007913229910     0.000037857309814
21 7
     0.000230320226376     0.000041856454308    -0.000023142767811
     0.000041857558147    -0.000030824358662    -0.000007913709365
    -0.000023142269541    -0.000007913229910     0.000037857309814
21 8
     0.001782689927874    -0.000000000000000     0.000262560057493
    -0.000000000000000    -0.000546378593935    -0.000000000000000
     0.000262583440176     0.000000000000000    -0.000446586335948
21 9
     0.000660738726124    -0.000000000000000    -0.000048985200638
    -0.000000000000000    -0.000105681967558     0.000000000000000
    -0.000048983879428     0.000000000000000    -0.000068578408891
21 10
     0.000329201256224    -0.000064267479864    -0.000052735541879
    -0.000064269715853    -0.000035680982638     0.000018379754768
    -0.000052734121057     0.000018378523645    -0.000000849333438
21 11
     0.001423394828744    -0.000000000000000    -0.000642543711877
    -0.000000000000000    -0.000355088077318     0.000000000000000
    -0.000642538962376     0.000000000000000     0.000230046297782
21 12
    -0.921886614932293     0.000000000000000     2.086195009083952
     0.000000000000000    -0.382436414319756    -0.000000000000000
     2.087019384195730    -0.000000000000000    -3.188580588640484
21 13
    -0.014482078485568    -0.000000000000000    -0.011171083275425
     0.000000000000000     1.669054116649119     0.000000000000000
    -0.011171217393705     0.000000000000000    -0.007201022411376
21 14
     1.746904887031681    -0.000000000000000     1.125550718573112
    -0.000000000000000     1.355022609899694    -0.000000000000000
    -1.125649176533586     0.000000000000000    -0.723056821133423
21 15
     0.000175759066445    -0.000053420802214    -0.000002937293222
    -0.000053421677287     0.000002879608083     0.000001916669922
    -0.000002937207404     0.000001916560119     0.000028773736722
21 16
     0.000034568078113    -0.000007628634045     0.000000000000003
    -0.000007628634044     0.000034568078108     0.000000000000003
     0.000000000000000     0.000000000000008     0.000001182986597
21 17
     0.000175759066445     0.000053420802214    -0.000002937293222
     0.000053421677287     0.000002879608083    -0.000001916669922
    -0.000002937207404    -0.000001916560119     0.000028773736722
21 18
     0.000034568078113     0.000007628634045     0.000000000000003
     0.000007628634044     0.000034568078108    -0.000000000000003
     0.000000000000000    -0.000000000000008     0.000001182986597
21 19
     0.000268367906923    -0.000088719960564    -0.000031326866501
    -0.000088722089600     0.000014521640872     0.000020403127634
    -0.000031325808370     0.000020401874899    -0.000014554580722
21 20
    -0.782676411491792    -0.000000000000000    -0.029063293683486
     0.000000000000000    -1.617456736881649     0.000000000000000
    -0.029055454325260    -0.000000000000000     0.050687537106296
21 21
    85.081971473869444    -0.000000000000000     6.038889678421535
    -0.000000000000005    27.210962784374846    -0.000000000000000
     6.038480151502327    -0.000000000000000    77.267869536771599
21 22
     0.001810327417099     0.000000000000000    -0.000051435730515
    -0.000000000000000    -0.000589235797417     0.000000000000000
    -0.000051441411660     0.000000000000000    -0.000513300964220
21 23
   -45.531803292176363    -0.000000000000000    -1.195251092693319
     0.000000000000003   -11.688224482480667     0.000000000000000
     1.195551442096836     0.000000000000000   -14.609166519711131
21 24
     0.000040246119641    -0.000011070482679    -0.000002664660602
    -0.000011070482685     0.000040246119639     0.000002664660602
    -0.000002664569277     0.000002664569275    -0.000004728394506
21 25
     0.000126232460053    -0.000047383615728    -0.000014784301931
    -0.000047384200349     0.000028608258370     0.000012532287304
    -0.000014783810667     0.000012531615605     0.000007387945515
21 26
     0.000052427480127    -0.000019778088826    -0.000004403487268
    -0.000019778141344     0.000037045402438     0.000005040725279
    -0.000004403332359     0.000005040509872     0.000001059600925
21 27
     0.000126232460053     0.000047383615728    -0.000014784301931
     0.000047384200349     0.000028608258370    -0.000012532287304
    -0.000014783810667    -0.000012531615605     0.000007387945515
21 28
     0.000052427480127     0.000019778088826    -0.000004403487268
     0.000019778141344     0.000037045402438    -0.000005040725279
    -0.000004403332359    -0.000005040509872     0.000001059600925
21 29
    -0.022881852058745    -0.000000000000000     0.007676395451776
     0.000000000000000     0.368141717333113    -0.000000000000000
     0.007674951425571     0.000000000000000    -0.002038932041571
21 30
     0.000040955804020    -0.000000000000000     0.000165137565149
     0.000000000000000     1.446445952860224     0.000000000000000
     1.645128077905095     0.000000000000000     1.059996614458864
21 31
    -0.000001545392891     0.000000000000000    -1.595172885407968
     0.000000000000000     2.793701450367262     0.000000000000000
    -0.000135851700329     0.000000000000000     1.027762112651000
21 32
   -23.714485583015758     0.000000000000000   -14.273730523126625
     0.000000000000001   -15.526095141239983     0.000000000000001
   -14.587832728549230    -0.000000000000000   -35.992358785505687
21 33
     0.000268367906923     0.000088719960564    -0.000031326866501
     0.000088722089600     0.000014521640872    -0.000020403127634
    -0.000031325808370    -0.000020401874899    -0.000014554580722
21 34
     0.000040246119641     0.000011070482679    -0.000002664660602
     0.000011070482685     0.000040246119639    -0.000002664660602
    -0.000002664569277    -0.000002664569275    -0.000004728394506
21 35
     0.000060856811748     0.000022223575644    -0.000001965723311
     0.000022224112251     0.000006589065326    -0.000001396271183
    -0.000001965647513    -0.000001396181197    -0.000006922055270
21 36
     0.000012216616810     0.000004308865965    -0.000000187448797
     0.000004308874700     0.000010001513020    -0.000000233105683
    -0.000000187439715    -0.000000233093937    -0.000001602185034
21 37
     0.000285070050979     0.000000000000000    -0.000074024296415
    -0.000000000000000    -0.000080534226238     0.000000000000000
    -0.000074023769494    -0.000000000000000     0.000161862602778
21 38
    -0.000571350993413    -0.000000000000000     0.000945675489860
     0.000000000000000    -0.000528531492112    -0.000000000000000
     0.000946134135947     0.000000000000000    -0.000382432763782
21 39
     0.000453149463449    -0.000000000000000     0.000240311430858
    -0.000000000000000    -0.000325652543689    -0.000000000000000
     0.000240293311730    -0.000000000000000     0.000837903978324
21 40
     0.000227646178611     0.000000000000000    -0.004553377980727
    -0.000000000000000     0.472645309332851     0.000000000000000
    -0.004555881408670     0.000000000000000    -0.030409847154395
21 41
     0.000038830140292    -0.000012849967366     0.000004591040298
    -0.000012850185468     0.000003020368961    -0.000003038772890
     0.000004590903020    -0.000003038596760     0.000004253663442
21 42
     0.000009898745219    -0.000003241624292     0.000000505387574
    -0.000003241628808     0.000008182150481    -0.000000610270955
     0.000000505364340    -0.000000610240744     0.000000147795619
21 43
     0.000038830140292     0.000012849967366     0.000004591040298
     0.000012850185468     0.000003020368961     0.000003038772890
     0.000004590903020     0.000003038596760     0.000004253663442
21 44
     0.000009898745219     0.000003241624292     0.000000505387574
     0.000003241628808     0.000008182150481     0.000000610270955
     0.000000505364340     0.000000610240744     0.000000147795619
21 45
    -0.159548220853568     0.000000000000000     0.052177406860148
     0.000000000000000     0.010691358742139    -0.000000000000000
     0.052165465735653     0.000000000000000    -0.005234934186704
21 46
   -15.694290696749041    -0.000000000000000     7.797143656370001
     0.000000000000001    -7.998867843735723    -0.000000000000000
     7.571800878839617     0.000000000000000   -26.326557972875651
21 47
     0.000935923602711     0.000000000000000     0.000222147061408
    -0.000000000000000    -0.000215530631833    -0.000000000000000
     0.000222150994985     0.000000000000000    -0.000143899959578
21 48
     0.000029746815271     0.000000000000000    -0.000038521556427
     0.000000000000000     1.889630724967857    -0.000000000000000
    -2.840603295406653     0.000000000000000     1.478454937920663
21 49
     0.000060856811748    -0.000022223575644    -0.000001965723311
    -0.000022224112251     0.000006589065326     0.000001396271183
    -0.000001965647513     0.000001396181197    -0.000006922055270
21 50
     0.000012216616810    -0.000004308865965    -0.000000187448797
    -0.000004308874700     0.000010001513020     0.000000233105683
    -0.000000187439715     0.000000233093937    -0.000001602185034
22 1
    -0.012349437484479     0.000000000000000     0.014084846601855
     0.000000000000000     0.267227960846254    -0.000000000000000
     0.014086310429585    -0.000000000000000    -0.011916231089498
22 2
    -0.255129283813854    -0.000000000000000     0.351593974296167
     0.000000000000000     1.161056034677194    -0.000000000000000
    -0.753104036844172    -0.000000000000000     1.038107213326021
22 3
    -0.011646486907908     0.006444936205323    -0.007789078008219
     0.006446473681490    -0.003540837333999     0.004302340941777
    -0.007787688098813     0.004300574072112    -0.004636692256127
22 4
     1.002488343429894     0.000000000000000     0.000194704521803
    -0.000000000000000     1.359325054605942    -0.000000000000000
     2.959209569154359     0.000000000000000     0.000740732569904
22 5
     0.001607212092892     0.000000000000000    -0.000665905112350
    -0.000000000000000    -0.000388568218017     0.000000000000000
    -0.000665905087269     0.000000000000000     0.000011942405173
22 6
     0.000718882767926     0.000770044443541     0.000432202618021
     0.000770034130190    -0.000258779250527     0.000238639715947
     0.000432186078276     0.000238646846994     0.001362729320385
22 7
     0.000718882767926    -0.000770044443541     0.000432202618021
    -0.000770034130190    -0.000258779250527    -0.000238639715947
     0.000432186078276    -0.000238646846994     0.001362729320385
22 8
     0.001850506585490     0.000000000000000    -0.000213857361129
    -0.000000000000000    -0.000532702809766     0.000000000000000
    -0.000213873651018    -0.000000000000000    -0.000448320134229
22 9
   -42.731625277771812    -0.000000000000000     9.961976582453786
     0.000000000000002   -10.334491012156791    -0.000000000000001
     7.771221425890710     0.000000000000000   -17.583230447324073
22 10
    -0.011646486907908    -0.006444936205323    -0.007789078008219
    -0.006446473681490    -0.003540837333999    -0.004302340941777
    -0.007787688098813    -0.004300574072112    -0.004636692256127
22 11
     1.786416079450603     0.000000000000000     1.465876607398588
    -0.000000000000000     0.923857950027207    -0.000000000000000
    -1.465953196245936    -0.000000000000000    -1.200888359343595
22 12
    -0.014482078485570     0.000000000000000    -0.011171083275420
     0.000000000000000     1.669041822728465     0.000000000000000
    -0.011171217393720     0.000000000000000    -0.007201022411376
22 13
     0.000592308917826    -0.000000000000000    -0.000138013753202
    -0.000000000000000    -0.000111279676222     0.000000000000000
    -0.000138010958393    -0.000000000000000     0.000038200146799
22 14
     0.001423394828745     0.000000000000000     0.000642543711866
    -0.000000000000000    -0.000355088077318    -0.000000000000000
     0.000642538962369     0.000000000000000     0.000230046297782
22 15
     0.000393312803141     0.000785568035539    -0.000000000000000
     0.000785568035528     0.000393312803124     0.000000000000003
    -0.000000000000000     0.000000000000009     0.000849895611728
22 16
     0.000002879608086     0.000053421677289    -0.000001916669934
     0.000053420802202     0.000175759066446    -0.000002937293232
    -0.000001916560119    -0.000002937207398     0.000028773736722
22 17
     0.000393312803141    -0.000785568035539    -0.000000000000000
    -0.000785568035528     0.000393312803124    -0.000000000000003
    -0.000000000000000    -0.000000000000009     0.000849895611728
22 18
     0.000002879608086    -0.000053421677289    -0.000001916669934
    -0.000053420802202     0.000175759066446     0.000002937293232
    -0.000001916560119     0.000002937207398     0.000028773736722
22 19
    -0.000517032035274     0.000163977365108    -0.000000873459220
     0.000163977365115    -0.000517032035271    -0.000000873459221
    -0.000000574754100    -0.000000574754099    -0.000498765301411
22 20
     0.000970082095422    -0.000000000000000     0.000000000000000
    -0.000000000000000    -0.000157364137158     0.000000000000000
    -0.000000000000000    -0.000000000000000    -0.000116054461879
22 21
     0.001810327417099    -0.000000000000000    -0.000051435730515
    -0.000000000000000    -0.000589235797417     0.000000000000000
    -0.000051441411660    -0.000000000000000    -0.000513300964205
22 22
    79.119475898737051     0.000000000000000     0.960773552546950
    -0.000000000000004    26.272775666573835    -0.000000000000000
     0.960016042665282     0.000000000000000    78.510378023880975
22 23
    -0.782676411491721     0.000000000000000     0.029063293683500
     0.000000000000000    -1.617444442960987    -0.000000000000000
     0.029055454325247    -0.000000000000000     0.050687537106304
22 24
     0.000014521640871     0.000088722089603     0.000020403127623
     0.000088719960565     0.000268367906925     0.000031326866511
     0.000020401874898     0.000031325808374    -0.000014554580722
22 25
     0.000240322297210     0.000648607507839     0.000283187521094
     0.000648602937767     0.000606177098404     0.000370993580960
     0.000283178900198     0.000370985226670     0.000244003727060
22 26
     0.000029987421651     0.000167732882088     0.000043922536950
     0.000167729887816     0.000291275842063     0.000078550673954
     0.000043920123224     0.000078548309162     0.000043003455238
22 27
     0.000240322297210    -0.000648607507839     0.000283187521094
    -0.000648602937767     0.000606177098404    -0.000370993580960
     0.000283178900198    -0.000370985226670     0.000244003727060
22 28
     0.000029987421651    -0.000167732882088     0.000043922536950
    -0.000167729887816     0.000291275842063    -0.000078550673954
     0.000043920123224    -0.000078548309162     0.000043003455238
22 29
   -26.358732068643459     0.000000000000000   -16.971081553708068
     0.000000000000001   -15.691630806681244     0.000000000000001
   -14.523265498501445     0.000000000000000   -32.597399888618384
22 30
     0.000002874963150    -0.000000000000000    -1.111889643641913
    -0.000000000000000     3.527009936054910     0.000000000000000
    -0.000115360952466     0.000000000000000     0.912288890746191
22 31
     0.000517985321127     0.000000000000000    -0.000007885489070
    -0.000000000000000    -0.000083865705419     0.000000000000000
    -0.000007885288375    -0.000000000000000    -0.000031794385880
22 32
     0.001235954583552    -0.000000000000000     0.000239838163884
    -0.000000000000000    -0.000220422287735    -0.000000000000000
     0.000239833418385    -0.000000000000000    -0.000103854660827
22 33
    -0.000517032035274    -0.000163977365108    -0.000000873459220
    -0.000163977365115    -0.000517032035271     0.000000873459221
    -0.000000574754100     0.000000574754099    -0.000498765301411
22 34
     0.000014521640871    -0.000088722089603     0.000020403127623
    -0.000088719960565     0.000268367906925    -0.000031326866511
     0.000020401874898    -0.000031325808374    -0.000014554580722
22 35
     0.000307785114298    -0.000600193388222     0.000080926214512
    -0.000600198575129     0.000414335209908    -0.000088371442862
     0.000080934749575    -0.000088379964610    -0.000210532576954
22 36
     0.000010667498233    -0.000049630245002     0.000003453649431
    -0.000049628903839     0.000097831298441    -0.000006142372018
     0.000003453409886    -0.000006142126935    -0.000012644201573
22 37
     0.002885030373178     0.000000000000000    -0.006287285092215
    -0.000000000000000     0.477259038542177     0.000000000000000
    -0.006290904592032     0.000000000000000    -0.070161042611930
22 38
     0.000320407152811    -0.000000000000000     0.000197160986387
    -0.000000000000000    -0.000388992669592    -0.000000000000000
     0.000197103070907    -0.000000000000000     0.000834803281163
22 39
     0.000088276796976     0.000000000000000    -0.000008149523859
    -0.000000000000000    -0.000017659625387     0.000000000000000
    -0.000008149376408     0.000000000000000     0.000016003140118
22 40
     0.000167167671801    -0.000000000000000     0.000033541601384
    -0.000000000000000    -0.000038982337909    -0.000000000000000
     0.000033541133300    -0.000000000000000     0.000057616746953
22 41
     0.000132913258602     0.000259079760489    -0.000150123132136
     0.000259079008912     0.000179259333437    -0.000163956636042
    -0.000150118623849    -0.000163952259548     0.000139248648739
22 42
     0.000004133102163     0.000027383575500    -0.000006683302061
     0.000027383048172     0.000056671789624    -0.000012182620357
    -0.000006682909484    -0.000012182245433     0.000007552803834
22 43
     0.000132913258602    -0.000259079760489    -0.000150123132136
    -0.000259079008912     0.000179259333437     0.000163956636042
    -0.000150118623849     0.000163952259548     0.000139248648739
22 44
     0.000004133102163    -0.000027383575500    -0.000006683302061
    -0.000027383048172     0.000056671789624     0.000012182620357
    -0.000006682909484     0.000012182245433     0.000007552803834
22 45
     0.000166716125079     0.000000000000000     0.000018700536653
    -0.000000000000000    -0.000026610803860    -0.000000000000000
     0.000018700017376    -0.000000000000000    -0.000012394726298
22 46
     0.000458813518361    -0.000000000000000    -0.000095859176744
    -0.000000000000000    -0.000078703486288     0.000000000000000
    -0.000095856771049     0.000000000000000    -0.000041615990561
22 47
   -11.413070413993502    -0.000000000000000     5.193737522754857
     0.000000000000001    -8.032795362989443    -0.000000000000000
     4.903207463778123    -0.000000000000000   -29.008974360422052
22 48
    -0.333796181514676    -0.000000000000000     0.137346960414531
     0.000000000000000     0.025464952907426    -0.000000000000000
     0.137319165849009     0.000000000000000    -0.026956359276427
22 49
     0.000307785114298     0.000600193388222     0.000080926214512
     0.000600198575129     0.000414335209908     0.000088371442862
     0.000080934749575     0.000088379964610    -0.000210532576954
22 50
     0.000010667498233     0.000049630245002     0.000003453649431
     0.000049628903839     0.000097831298441     0.000006142372018
     0.000003453409886     0.000006142126935    -0.000012644201573
23 1
     0.000462584299766    -0.000000000000000    -0.000051840949771
    -0.000000000000000    -0.000094191640524     0.000000000000000
    -0.000051840081829    -0.000000000000000     0.000075066748379
23 2
     0.000837532746273     0.000000000000000     0.000056348833291
    -0.000000000000000    -0.000140840609870    -0.000000000000000
     0.000056347664598    -0.000000000000000    -0.000084171909763
23 3
     0.000329201256224    -0.000064267479864     0.000052735541879
    -0.000064269715853    -0.000035680982638    -0.000018379754768
     0.000052734121057    -0.000018378523645    -0.000000849333438
23 4
     0.001570677619697    -0.000000000000000    -0.000689580621955
    -0.000000000000000    -0.000388257575062     0.000000000000000
    -0.000689580113661    -0.000000000000000     0.000058536576651
23 5
     0.000472997951730    -0.000000000000000     0.000097899113343
    -0.000000000000000    -0.000083796441747    -0.000000000000000
     0.000097896897136     0.000000000000000     0.000006225910925
23 6
     0.000230320226376     0.000041856454308     0.000023142767811
     0.000041857558147    -0.000030824358662     0.000007913709365
     0.000023142269541     0.000007913229910     0.000037857309814
23 7
     0.000230320226376    -0.000041856454308     0.000023142767811
    -0.000041857558147    -0.000030824358662    -0.000007913709365
     0.000023142269541    -0.000007913229910     0.000037857309814
23 8
     0.000660738726124    -0.000000000000000     0.000048985200638
    -0.000000000000000    -0.000105681967558    -0.000000000000000
     0.000048983879428    -0.000000000000000    -0.000068578408891
23 9
     0.001782689927874    -0.000000000000000    -0.000262560057493
    -0.000000000000000    -0.000546378593935     0.000000000000000
    -0.000262583440176    -0.000000000000000    -0.000446586335948
23 10
     0.000329201256224     0.000064267479864     0.000052735541879
     0.000064269715853    -0.000035680982638     0.000018379754768
     0.000052734121057     0.000018378523645    -0.000000849333438
23 11
    -0.014482078485568    -0.000000000000000     0.011171083275425
     0.000000000000000     1.669054116649119    -0.000000000000000
     0.011171217393705    -0.000000000000000    -0.007201022411376
23 12
     1.746904887031681    -0.000000000000000    -1.125550718573112
    -0.000000000000000     1.355022609899694     0.000000000000000
     1.125649176533586    -0.000000000000000    -0.723056821133423
23 13
     0.001423394828744    -0.000000000000000     0.000642543711877
    -0.000000000000000    -0.000355088077318    -0.000000000000000
     0.000642538962376    -0.000000000000000     0.000230046297782
23 14
    -0.921886614932293     0.000000000000000    -2.086195009083952
     0.000000000000000    -0.382436414319756     0.000000000000000
    -2.087019384195730     0.000000000000000    -3.188580588640484
23 15
     0.000175759066445     0.000053420802214     0.000002937293222
     0.000053421677287     0.000002879608083     0.000001916669922
     0.000002937207404     0.000001916560119     0.000028773736722
23 16
     0.000034568078113     0.000007628634045    -0.000000000000003
     0.000007628634044     0.000034568078108     0.000000000000003
    -0.000000000000000     0.000000000000008     0.000001182986597
23 17
     0.000175759066445    -0.000053420802214     0.000002937293222
    -0.000053421677287     0.000002879608083    -0.000001916669922
     0.000002937207404    -0.000001916560119     0.000028773736722
23 18
     0.000034568078113    -0.000007628634045    -0.000000000000003
    -0.000007628634044     0.000034568078108    -0.000000000000003
    -0.000000000000000    -0.000000000000008     0.000001182986597
23 19
     0.000268367906923     0.000088719960564     0.000031326866501
     0.000088722089600     0.000014521640872     0.000020403127634
     0.000031325808370     0.000020401874899    -0.000014554580722
23 20
     0.001810327417099     0.000000000000000     0.000051435730515
    -0.000000000000000    -0.000589235797417    -0.000000000000000
     0.000051441411660    -0.000000000000000    -0.000513300964220
23 21
   -45.531803292176363    -0.000000000000000     1.195251092693319
     0.000000000000003   -11.688224482480667    -0.000000000000000
    -1.195551442096836    -0.000000000000000   -14.609166519711131
23 22
    -0.782676411491792    -0.000000000000000     0.029063293683486
     0.000000000000000    -1.617456736881649    -0.000000000000000
     0.029055454325260     0.000000000000000     0.050687537106296
23 23
    85.081971473869444    -0.000000000000000    -6.038889678421535
    -0.000000000000005    27.210962784374846     0.000000000000000
    -6.038480151502327     0.000000000000000    77.267869536771599
23 24
     0.000040246119641     0.000011070482679     0.000002664660602
     0.000011070482685     0.000040246119639     0.000002664660602
     0.000002664569277     0.000002664569275    -0.000004728394506
23 25
     0.000126232460053     0.000047383615728     0.000014784301931
     0.000047384200349     0.000028608258370     0.000012532287304
     0.000014783810667     0.000012531615605     0.000007387945515
23 26
     0.000052427480127     0.000019778088826     0.000004403487268
     0.000019778141344     0.000037045402438     0.000005040725279
     0.000004403332359     0.000005040509872     0.000001059600925
23 27
     0.000126232460053    -0.000047383615728     0.000014784301931
    -0.000047384200349     0.000028608258370    -0.000012532287304
     0.000014783810667    -0.000012531615605     0.000007387945515
23 28
     0.000052427480127    -0.000019778088826     0.000004403487268
    -0.000019778141344     0.000037045402438    -0.000005040725279
     0.000004403332359    -0.000005040509872     0.000001059600925
23 29
    -0.000001545392891     0.000000000000000     1.595172885407968
     0.000000000000000     2.793701450367262    -0.000000000000000
     0.000135851700329    -0.000000000000000     1.027762112651000
23 30
   -23.714485583015758     0.000000000000000    14.273730523126625
     0.000000000000001   -15.526095141239983    -0.000000000000001
    14.587832728549230     0.000000000000000   -35.992358785505687
23 31
    -0.022881852058745    -0.000000000000000    -0.007676395451776
     0.000000000000000     0.368141717333113     0.000000000000000
    -0.007674951425571    -0.000000000000000    -0.002038932041571
23 32
     0.000040955804020    -0.000000000000000    -0.000165137565149
     0.000000000000000     1.446445952860224    -0.000000000000000
    -1.645128077905095    -0.000000000000000     1.059996614458864
23 33
     0.000268367906923    -0.000088719960564     0.000031326866501
    -0.000088722089600     0.000014521640872    -0.000020403127634
     0.000031325808370    -0.000020401874899    -0.000014554580722
23 34
     0.000040246119641    -0.000011070482679     0.000002664660602
    -0.000011070482685     0.000040246119639    -0.000002664660602
     0.000002664569277    -0.000002664569275    -0.000004728394506
23 35
     0.000060856811748    -0.000022223575644     0.000001965723311
    -0.000022224112251     0.000006589065326    -0.000001396271183
     0.000001965647513    -0.000001396181197    -0.000006922055270
23 36
     0.000012216616810    -0.000004308865965     0.000000187448797
    -0.000004308874700     0.000010001513020    -0.000000233105683
     0.000000187439715    -0.000000233093937    -0.000001602185034
23 37
     0.000453149463449    -0.000000000000000    -0.000240311430858
    -0.000000000000000    -0.000325652543689     0.000000000000000
    -0.000240293311730     0.000000000000000     0.000837903978324
23 38
     0.000227646178611     0.000000000000000     0.004553377980727
    -0.000000000000000     0.472645309332851    -0.000000000000000
     0.004555881408670    -0.000000000000000    -0.030409847154395
23 39
     0.000285070050979     0.000000000000000     0.000074024296415
    -0.000000000000000    -0.000080534226238    -0.000000000000000
     0.000074023769494     0.000000000000000     0.000161862602778
23 40
    -0.000571350993413    -0.000000000000000    -0.000945675489860
     0.000000000000000    -0.000528531492112     0.000000000000000
    -0.000946134135947    -0.000000000000000    -0.000382432763782
23 41
     0.000038830140292     0.000012849967366    -0.000004591040298
     0.000012850185468     0.000003020368961    -0.000003038772890
    -0.000004590903020    -0.000003038596760     0.000004253663442
23 42
     0.000009898745219     0.000003241624292    -0.000000505387574
     0.000003241628808     0.000008182150481    -0.000000610270955
    -0.000000505364340    -0.000000610240744     0.000000147795619
23 43
     0.000038830140292    -0.000012849967366    -0.000004591040298
    -0.000012850185468     0.000003020368961     0.000003038772890
    -0.000004590903020     0.000003038596760     0.000004253663442
23 44
     0.000009898745219    -0.000003241624292    -0.000000505387574
    -0.000003241628808     0.000008182150481     0.000000610270955
    -0.000000505364340     0.000000610240744     0.000000147795619
23 45
     0.000935923602711     0.000000000000000    -0.000222147061408
    -0.000000000000000    -0.000215530631833     0.000000000000000
    -0.000222150994985    -0.000000000000000    -0.000143899959578
23 46
     0.000029746815271     0.000000000000000     0.000038521556427
     0.000000000000000     1.889630724967857     0.000000000000000
     2.840603295406653    -0.000000000000000     1.478454937920663
23 47
    -0.159548220853568     0.000000000000000    -0.052177406860148
     0.000000000000000     0.010691358742139     0.000000000000000
    -0.052165465735653    -0.000000000000000    -0.005234934186704
23 48
   -15.694290696749041    -0.000000000000000    -7.797143656370001
     0.000000000000001    -7.998867843735723     0.000000000000000
    -7.571800878839617    -0.000000000000000   -26.326557972875651
23 49
     0.000060856811748     0.000022223575644     0.000001965723311
     0.000022224112251     0.000006589065326     0.000001396271183
     0.000001965647513     0.000001396181197    -0.000006922055270
23 50
     0.000012216616810     0.000004308865965     0.000000187448797
     0.000004308874700     0.000010001513020     0.000000233105683
     0.000000187439715     0.000000233093937    -0.000001602185034
24 1
    -0.000094191640524     0.000000000000000    -0.000000000000000
     0.000000000000000     0.000462584299766    -0.000051840949771
     0.000000000000000    -0.000051840081829     0.000075066748379
24 2
    -0.000140840609870     0.000000000000000     0.000000000000000
    -0.000000000000000     0.000837532746273     0.000056348833291
     0.000000000000000     0.000056347664598    -0.000084171909763
24 3
    -0.000105681967558     0.000000000000000     0.000000000000000
     0.000000000000000     0.000660738726124     0.000048985200638
     0.000000000000000     0.000048983879428    -0.000068578408891
24 4
    -0.000030824358662     0.000041857558147     0.000007913709365
     0.000041856454308     0.000230320226376     0.000023142767811
     0.000007913229910     0.000023142269541     0.000037857309814
24 5
    -0.000030824358662    -0.000041857558147    -0.000007913709365
    -0.000041856454308     0.000230320226376     0.000023142767811
    -0.000007913229910     0.000023142269541     0.000037857309814
24 6
    -0.000388257575062     0.000000000000000    -0.000000000000000
     0.000000000000000     0.001570677619697    -0.000689580621955
     0.000000000000000    -0.000689580113661     0.000058536576651
24 7
    -0.000083796441747     0.000000000000000     0.000000000000000
     0.000000000000000     0.000472997951730     0.000097899113343
    -0.000000000000000     0.000097896897136     0.000006225910925
24 8
    -0.000035680982638    -0.000064269715853    -0.000018379754768
    -0.000064267479864     0.000329201256224     0.000052735541879
    -0.000018378523645     0.000052734121057    -0.000000849333438
24 9
    -0.000035680982638     0.000064269715853     0.000018379754768
     0.000064267479864     0.000329201256224     0.000052735541879
     0.000018378523645     0.000052734121057    -0.000000849333438
24 10
    -0.000546378593935     0.000000000000000    -0.000000000000000
     0.000000000000000     0.001782689927874    -0.000262560057493
     0.000000000000000    -0.000262583440176    -0.000446586335948
24 11
     0.000002879608083     0.000053421677287     0.000001916669922
     0.000053420802214     0.000175759066445     0.000002937293222
     0.000001916560119     0.000002937207404     0.000028773736722
24 12
     0.000034568078108     0.000007628634044     0.000000000000003
     0.000007628634045     0.000034568078113    -0.000000000000003
     0.000000000000008    -0.000000000000000     0.000001182986597
24 13
     0.000002879608083    -0.000053421677287    -0.000001916669922
    -0.000053420802214     0.000175759066445     0.000002937293222
    -0.000001916560119     0.000002937207404     0.000028773736722
24 14
     0.000034568078108    -0.000007628634044    -0.000000000000003
    -0.000007628634045     0.000034568078113    -0.000000000000003
    -0.000000000000008    -0.000000000000000     0.000001182986597
24 15
     1.669054116649119    -0.000000000000000     0.000000000000000
     0.000000000000000    -0.014482078485568     0.011171083275425
     0.000000000000000     0.011171217393705    -0.007201022411376
24 16
     1.355022609899694     0.000000000000000    -0.000000000000000
     0.000000000000000     1.746904887031681    -1.125550718573112
     0.000000000000000     1.125649176533586    -0.723056821133423
24 17
    -0.000355088077318     0.000000000000000     0.000000000000000
     0.000000000000000     0.001423394828744     0.000642543711877
     0.000000000000000     0.000642538962376     0.000230046297782
24 18
    -0.382436414319756    -0.000000000000000    -0.000000000000000
    -0.000000000000000    -0.921886614932293    -2.086195009083952
    -0.000000000000000    -2.087019384195730    -3.188580588640484
24 19
    -1.617456736881649    -0.000000000000000     0.000000000000000
     0.000000000000000    -0.782676411491792     0.029063293683486
    -0.000000000000000     0.029055454325260     0.050687537106296
24 20
     0.000014521640872    -0.000088722089600    -0.000020403127634
    -0.000088719960564     0.000268367906923     0.000031326866501
    -0.000020401874899     0.000031325808370    -0.000014554580722
24 21
     0.000040246119639    -0.000011070482685    -0.000002664660602
    -0.000011070482679     0.000040246119641     0.000002664660602
    -0.000002664569275     0.000002664569277    -0.000004728394506
24 22
     0.000014521640872     0.000088722089600     0.000020403127634
     0.000088719960564     0.000268367906923     0.000031326866501
     0.000020401874899     0.000031325808370    -0.000014554580722
24 23
     0.000040246119639     0.000011070482685     0.000002664660602
     0.000011070482679     0.000040246119641     0.000002664660602
     0.000002664569275     0.000002664569277    -0.000004728394506
24 24
    27.210962784374846     0.000000000000005    -0.000000000000000
     0.000000000000000    85.081971473869444    -6.038889678421535
    -0.000000000000000    -6.038480151502327    77.267869536771599
24 25
     2.793701450367262    -0.000000000000000     0.000000000000000
    -0.000000000000000    -0.000001545392891     1.595172885407968
     0.000000000000000     0.000135851700329     1.027762112651000
24 26
   -15.526095141239983    -0.000000000000001     0.000000000000001
    -0.000000000000000   -23.714485583015758    14.273730523126625
    -0.000000000000000    14.587832728549230   -35.992358785505687
24 27
     0.368141717333113    -0.000000000000000    -0.000000000000000
     0.000000000000000    -0.022881852058745    -0.007676395451776
     0.000000000000000    -0.007674951425571    -0.002038932041571
24 28
     1.446445952860224    -0.000000000000000     0.000000000000000
     0.000000000000000     0.000040955804020    -0.000165137565149
     0.000000000000000    -1.645128077905095     1.059996614458864
24 29
     0.000028608258370     0.000047384200349     0.000012532287304
     0.000047383615728     0.000126232460053     0.000014784301931
     0.000012531615605     0.000014783810667     0.000007387945515
24 30
     0.000037045402438     0.000019778141344     0.000005040725279
     0.000019778088826     0.000052427480127     0.000004403487268
     0.000005040509872     0.000004403332359     0.000001059600925
24 31
     0.000028608258370    -0.000047384200349    -0.000012532287304
    -0.000047383615728     0.000126232460053     0.000014784301931
    -0.000012531615605     0.000014783810667     0.000007387945515
24 32
     0.000037045402438    -0.000019778141344    -0.000005040725279
    -0.000019778088826     0.000052427480127     0.000004403487268
    -0.000005040509872     0.000004403332359     0.000001059600925
24 33
    -0.000589235797417     0.000000000000000     0.000000000000000
    -0.000000000000000     0.001810327417099     0.000051435730515
     0.000000000000000     0.000051441411660    -0.000513300964220
24 34
   -11.688224482480667    -0.000000000000003     0.000000000000000
     0.000000000000000   -45.531803292176363     1.195251092693319
     0.000000000000000    -1.195551442096836   -14.609166519711131
24 35
    -0.000215530631833     0.000000000000000    -0.000000000000000
    -0.000000000000000     0.000935923602711    -0.000222147061408
     0.000000000000000    -0.000222150994985    -0.000143899959578
24 36
     1.889630724967857    -0.000000000000000    -0.000000000000000
    -0.000000000000000     0.000029746815271     0.000038521556427
     0.000000000000000     2.840603295406653     1.478454937920663
24 37
     0.000003020368961     0.000012850185468    -0.000003038772890
     0.000012849967366     0.000038830140292    -0.000004591040298
    -0.000003038596760    -0.000004590903020     0.000004253663442
24 38
     0.000008182150481     0.000003241628808    -0.000000610270955
     0.000003241624292     0.000009898745219    -0.000000505387574
    -0.000000610240744    -0.000000505364340     0.000000147795619
24 39
     0.000003020368961    -0.000012850185468     0.000003038772890
    -0.000012849967366     0.000038830140292    -0.000004591040298
     0.000003038596760    -0.000004590903020     0.000004253663442
24 40
     0.000008182150481    -0.000003241628808     0.000000610270955
    -0.000003241624292     0.000009898745219    -0.000000505387574
     0.000000610240744    -0.000000505364340     0.000000147795619
24 41
    -0.000325652543689     0.000000000000000    -0.000000000000000
     0.000000000000000     0.000453149463449    -0.000240311430858
    -0.000000000000000    -0.000240293311730     0.000837903978324
24 42
     0.472645309332851     0.000000000000000     0.000000000000000
    -0.000000000000000     0.000227646178611     0.004553377980727
     0.000000000000000     0.004555881408670    -0.030409847154395
24 43
    -0.000080534226238     0.000000000000000     0.000000000000000
    -0.000000000000000     0.000285070050979     0.000074024296415
    -0.000000000000000     0.000074023769494     0.000161862602778
24 44
    -0.000528531492112    -0.000000000000000    -0.000000000000000
     0.000000000000000    -0.000571350993413    -0.000945675489860
     0.000000000000000    -0.000946134135947    -0.000382432763782
24 45
     0.000006589065326    -0.000022224112251    -0.000001396271183
    -0.000022223575644     0.000060856811748     0.000001965723311
    -0.000001396181197     0.000001965647513    -0.000006922055270
24 46
     0.000010001513020    -0.000004308874700    -0.000000233105683
    -0.000004308865965     0.000012216616810     0.000000187448797
    -0.000000233093937     0.000000187439715    -0.000001602185034
24 47
     0.000006589065326     0.000022224112251     0.000001396271183
     0.000022223575644     0.000060856811748     0.000001965723311
     0.000001396181197     0.000001965647513    -0.000006922055270
24 48
     0.000010001513020     0.000004308874700     0.000000233105683
     0.000004308865965     0.000012216616810     0.000000187448797
     0.000000233093937     0.000000187439715    -0.000001602185034
24 49
     0.010691358742139    -0.000000000000000    -0.000000000000000
    -0.000000000000000    -0.159548220853568    -0.052177406860148
     0.000000000000000    -0.052165465735653    -0.005234934186704
24 50
    -7.998867843735723    -0.000000000000001    -0.000000000000000
     0.000000000000000   -15.694290696749041    -7.797143656370001
     0.000000000000000    -7.571800878839617   -26.326557972875651
25 1
     0.258445295036160    -0.000000000000000     0.000000000000000
    -0.000000000000000    -0.013201588204421     0.006653505822237
    -0.000000000000000     0.006655207919717    -0.002668905208983
25 2
     0.258445295036160    -0.000000000000000     0.000000000000000
    -0.000000000000000    -0.013201588204421    -0.006653505822237
    -0.000000000000000    -0.006655207919717    -0.002668905208983
25 3
    -0.000178666328267    -0.000000000000000    -0.000000000000000
     0.000000000000000     0.001058861188822     0.000126137155717
     0.000000000000000     0.000126141005452    -0.000121668171130
25 4
    -0.000128389528772     0.000514710627206    -0.000198516579382
     0.000514704567836     0.000893549691102    -0.000471122689912
    -0.000198515116347    -0.000471123874616     0.000587120616859
25 5
    -0.000128389528772    -0.000514710627206     0.000198516579382
    -0.000514704567836     0.000893549691102    -0.000471122689912
     0.000198515116347    -0.000471123874616     0.000587120616859
25 6
     1.044461716757703    -0.000000000000000     0.000000000000000
    -0.000000000000000    -0.698542373129280     2.061765307659387
    -0.000000000000000    -0.573027718735908     1.691603336261375
25 7
    -0.000178666328267    -0.000000000000000     0.000000000000000
     0.000000000000000     0.001058861188822    -0.000126137155717
     0.000000000000000    -0.000126141005452    -0.000121668171130
25 8
    -0.000128389528772    -0.000514710627206    -0.000198516579382
    -0.000514704567836     0.000893549691102     0.000471122689912
    -0.000198515116347     0.000471123874616     0.000587120616859
25 9
    -0.000128389528772     0.000514710627206     0.000198516579382
     0.000514704567836     0.000893549691102     0.000471122689912
     0.000198515116347     0.000471123874616     0.000587120616859
25 10
     1.044461716757703    -0.000000000000000     0.000000000000000
    -0.000000000000000    -0.698542373129280    -2.061765307659387
    -0.000000000000000     0.573027718735907     1.691603336261375
25 11
     0.000240322491419     0.000648608437943    -0.000283185626296
     0.000648604443611     0.000606177951587    -0.000370991469581
    -0.000283185503177    -0.000370993866780     0.000244012727807
25 12
     0.000126232375390     0.000047383622214    -0.000014784199055
     0.000047384133182     0.000028608182622    -0.000012532164013
    -0.000014784476559    -0.000012532211393     0.000007388423759
25 13
     0.000240322491419    -0.000648608437943     0.000283185626296
    -0.000648604443611     0.000606177951587    -0.000370991469581
     0.000283185503177    -0.000370993866780     0.000244012727807
25 14
     0.000126232375390    -0.000047383622214     0.000014784199055
    -0.000047384133182     0.000028608182622    -0.000012532164013
     0.000014784476559    -0.000012532211393     0.000007388423759
25 15
   -15.691348182296839     0.000000000000001     0.000000000000000
     0.000000000000000   -26.359363466558285    14.521742007226077
     0.000000000000001    16.970181123497134   -32.600026736474064
25 16
     2.793464659219200    -0.000000000000000     0.000000000000000
     0.000000000000000     0.000040566461562    -0.000162974645171
    -0.000000000000000    -1.594987647780589     1.027690548764938
25 17
    -0.000083865367481     0.000000000000000    -0.000000000000000
     0.000000000000000     0.000517984645919    -0.000007885435379
     0.000000000000000    -0.000007885708925    -0.000031795793336
25 18
     0.368143197077543    -0.000000000000000     0.000000000000000
    -0.000000000000000    -0.022881685352128    -0.007676166124384
    -0.000000000000000    -0.007678918862833    -0.002039783800466
25 19
   -15.691348182296839    -0.000000000000001    -0.000000000000000
     0.000000000000000   -26.359363466558289   -14.521742007226077
     0.000000000000001   -16.970181123497138   -32.600026736474064
25 20
     0.000240322491419    -0.000648608437943    -0.000283185626296
    -0.000648604443611     0.000606177951587     0.000370991469581
    -0.000283185503177     0.000370993866780     0.000244012727807
25 21
     0.000126232375390    -0.000047383622214    -0.000014784199055
    -0.000047384133182     0.000028608182622     0.000012532164013
    -0.000014784476559     0.000012532211393     0.000007388423759
25 22
     0.000240322491419     0.000648608437943     0.000283185626296
     0.000648604443611     0.000606177951587     0.000370991469581
     0.000283185503177     0.000370993866780     0.000244012727807
25 23
     0.000126232375390     0.000047383622214     0.000014784199055
     0.000047384133182     0.000028608182622     0.000012532164013
     0.000014784476559     0.000012532211393     0.000007388423759
25 24
     2.793464659219200     0.000000000000000    -0.000000000000000
    -0.000000000000000     0.000040566461562     0.000162974645171
    -0.000000000000000     1.594987647780589     1.027690548764938
25 25
    41.882063724820050    -0.000000000000000     0.000000000000000
    -0.000000000000000    81.332799161916626     0.000000000000001
    -0.000000000000000     0.000000000000005    73.207004312900096
25 26
   -22.315013981606107    -0.000000000000000    -0.000000000000000
     0.000000000000000   -30.355420762959206    -0.000000000000000
     0.000000000000002    -0.000000000000001   -11.898514692222994
25 27
    -0.000134581309601     0.000000000000000    -0.000000000000000
     0.000000000000000     0.000841068459972    -0.000000000000000
     0.000000000000000     0.000000000000000    -0.000095649145555
25 28
    -0.000646246923138     0.000000000000000    -0.000000000000000
     0.000000000000000     0.001163286560036    -0.000000000000000
     0.000000000000000     0.000000000000000    -0.000566670493956
25 29
     0.000195323279486     0.000294120489846    -0.000000000000000
     0.000294120489853     0.000195323279484     0.000000000000000
     0.000000000000000    -0.000000000000000     0.000166045023420
25 30
     0.000135975128820     0.000095607318364     0.000000000000000
     0.000095608032854     0.000046428244962     0.000000000000000
    -0.000000000000000    -0.000000000000000     0.000034209802313
25 31
     0.000195323279486    -0.000294120489846     0.000000000000000
    -0.000294120489853     0.000195323279484     0.000000000000000
    -0.000000000000000     0.000000000000000     0.000166045023420
25 32
     0.000135975128820    -0.000095607318364     0.000000000000000
    -0.000095608032854     0.000046428244962     0.000000000000000
    -0.000000000000000     0.000000000000000     0.000034209802313
25 33
    -0.000083865367481    -0.000000000000000    -0.000000000000000
    -0.000000000000000     0.000517984645919     0.000007885435379
     0.000000000000000     0.000007885708925    -0.000031795793336
25 34
     0.368143197077543     0.000000000000000     0.000000000000000
    -0.000000000000000    -0.022881685352128     0.007676166124384
    -0.000000000000000     0.007678918862833    -0.002039783800466
25 35
    -0.000016780955622    -0.000000000000000     0.000000000000000
     0.000000000000000     0.000096087940498    -0.000004823655047
     0.000000000000000    -0.000004823821339     0.000003065279907
25 36
    -0.000160323674641    -0.000000000000000     0.000000000000000
     0.000000000000000     0.000643650958482    -0.000346149533363
     0.000000000000000    -0.000346151250063     0.000093196761273
25 37
     0.000128815902347     0.000245321372182    -0.000088546392945
     0.000245319610509     0.000220656201562    -0.000106247592784
    -0.000088546953380    -0.000106249091826    -0.000010518392945
25 38
     0.000049337675845     0.000014065394848    -0.000000463801554
     0.000005409099545     0.000049055824633    -0.000027163482361
     0.000005256671096    -0.000028254461314     0.000011361148866
25 39
     0.000128815902347    -0.000245321372182     0.000088546392945
    -0.000245319610509     0.000220656201562    -0.000106247592784
     0.000088546953380    -0.000106249091826    -0.000010518392945
25 40
     0.000049337675845    -0.000014065394848     0.000000463801554
    -0.000005409099545     0.000049055824633    -0.000027163482361
    -0.000005256671096    -0.000028254461314     0.000011361148866
25 41
     1.893797334469095     0.000000000000000    -0.000000000000000
    -0.000000000000000     1.842770337237696    -0.493830575658539
    -0.000000000000000     1.511870306802757    -0.404738910935432
25 42
    -0.450822777668256    -0.000000000000000     0.000000000000000
     0.000000000000000    -0.244667599405089    -0.344809000192469
     0.000000000000000    -0.344835774279102    -0.365554981077347
25 43
    -0.000016780955622    -0.000000000000000     0.000000000000000
    -0.000000000000000     0.000096087940498     0.000004823655047
     0.000000000000000     0.000004823821339     0.000003065279907
25 44
    -0.000160323674641    -0.000000000000000     0.000000000000000
     0.000000000000000     0.000643650958482     0.000346149533363
     0.000000000000000     0.000346151250063     0.000093196761273
25 45
     0.000128815902347    -0.000245321372182    -0.000088546392945
    -0.000245319610509     0.000220656201562     0.000106247592784
    -0.000088546953380     0.000106249091826    -0.000010518392945
25 46
     0.000049337675845    -0.000014065394848    -0.000000463801554
    -0.000005409099545     0.000049055824633     0.000027163482361
     0.000005256671096     0.000028254461314     0.000011361148866
25 47
     0.000128815902347     0.000245321372182     0.000088546392945
     0.000245319610509     0.000220656201562     0.000106247592784
     0.000088546953380     0.000106249091826    -0.000010518392945
25 48
     0.000049337675845     0.000014065394848     0.000000463801554
     0.000005409099545     0.000049055824633     0.000027163482361
    -0.000005256671096     0.000028254461314     0.000011361148866
25 49
     1.893797334469095    -0.000000000000000     0.000000000000000
    -0.000000000000000     1.842770337237696     0.493830575658539
    -0.000000000000000    -1.511870306802757    -0.404738910935432
25 50
    -0.450822777668257    -0.000000000000000    -0.000000000000000
     0.000000000000000    -0.244667599405088     0.344809000192469
     0.000000000000000     0.344835774279102    -0.365554981077347
26 1
    -0.000229179797020    -0.000000000000000     0.000000000000000
     0.000000000000000     0.001071394943198    -0.000312590659985
     0.000000000000000    -0.000312592380268     0.000008130161373
26 2
    -0.000229179797020    -0.000000000000000     0.000000000000000
     0.000000000000000     0.001071394943198     0.000312590659985
     0.000000000000000     0.000312592380268     0.000008130161373
26 3
    -0.000066347512419    -0.000000000000000    -0.000000000000000
    -0.000000000000000     0.000421773745434    -0.000005137351124
     0.000000000000000    -0.000005137539745    -0.000035622582582
26 4
    -0.000047068929456     0.000118612908645    -0.000026531555047
     0.000118610110573     0.000365654828383    -0.000085075416863
    -0.000026531372231    -0.000085077589632     0.000091831695524
26 5
    -0.000047068929456    -0.000118612908645     0.000026531555047
    -0.000118610110573     0.000365654828383    -0.000085075416863
     0.000026531372231    -0.000085077589632     0.000091831695524
26 6
     0.377528304033336     0.000000000000000    -0.000000000000000
    -0.000000000000000    -0.028054583177204     0.005148037266005
    -0.000000000000000     0.005150171829788    -0.000313238116038
26 7
    -0.000066347512419    -0.000000000000000     0.000000000000000
     0.000000000000000     0.000421773745434     0.000005137351124
     0.000000000000000     0.000005137539745    -0.000035622582582
26 8
    -0.000047068929456    -0.000118612908645    -0.000026531555047
    -0.000118610110573     0.000365654828383     0.000085075416863
    -0.000026531372231     0.000085077589632     0.000091831695524
26 9
    -0.000047068929456     0.000118612908645     0.000026531555047
     0.000118610110573     0.000365654828383     0.000085075416863
     0.000026531372231     0.000085077589632     0.000091831695524
26 10
     0.377528304033336     0.000000000000000    -0.000000000000000
    -0.000000000000000    -0.028054583177204    -0.005148037266005
    -0.000000000000000    -0.005150171829788    -0.000313238116038
26 11
     0.000029987330308     0.000167732715304    -0.000043922112132
     0.000167730098218     0.000291275917809    -0.000078550167379
    -0.000043922124741    -0.000078551811896     0.000043005755218
26 12
     0.000052427415542     0.000019778077007    -0.000004403456608
     0.000019778122902     0.000037045341595    -0.000005040683671
    -0.000004403506481    -0.000005040725142     0.000001059751846
26 13
     0.000029987330308    -0.000167732715304     0.000043922112132
    -0.000167730098218     0.000291275917809    -0.000078550167379
     0.000043922124741    -0.000078551811896     0.000043005755218
26 14
     0.000052427415542    -0.000019778077007     0.000004403456608
    -0.000019778122902     0.000037045341595    -0.000005040683671
     0.000004403506481    -0.000005040725142     0.000001059751846
26 15
     3.526919354448850    -0.000000000000000     0.000000000000000
    -0.000000000000000     0.000085732002231     0.000183335155780
    -0.000000000000000     1.111768522370963     0.912330503218086
26 16
   -15.546708395626688     0.000000000000000     0.000000000000000
     0.000000000000000   -23.715154013099152   -14.586499353681470
     0.000000000000001   -14.273271210751439   -35.993759531730156
26 17
    -0.000220421222317     0.000000000000000    -0.000000000000000
     0.000000000000000     0.001235953451401     0.000239836669773
     0.000000000000000     0.000239842692693    -0.000103859329567
26 18
     1.452564242204699     0.000000000000000     0.000000000000000
    -0.000000000000000    -0.000003853311449    -1.645183747592999
    -0.000000000000000    -0.000136273478847     1.059999168792506
26 19
     3.526919354448850    -0.000000000000000    -0.000000000000000
    -0.000000000000000     0.000085732002231    -0.000183335155780
    -0.000000000000000    -1.111768522370963     0.912330503218086
26 20
     0.000029987330308    -0.000167732715304    -0.000043922112132
    -0.000167730098218     0.000291275917809     0.000078550167379
    -0.000043922124741     0.000078551811896     0.000043005755218
26 21
     0.000052427415542    -0.000019778077007    -0.000004403456608
    -0.000019778122902     0.000037045341595     0.000005040683671
    -0.000004403506481     0.000005040725142     0.000001059751846
26 22
     0.000029987330308     0.000167732715304     0.000043922112132
     0.000167730098218     0.000291275917809     0.000078550167379
     0.000043922124741     0.000078551811896     0.000043005755218
26 23
     0.000052427415542     0.000019778077007     0.000004403456608
     0.000019778122902     0.000037045341595     0.000005040683671
     0.000004403506481     0.000005040725142     0.000001059751846
26 24
   -15.546708395626688     0.000000000000000     0.000000000000001
     0.000000000000000   -23.715154013099152    14.586499353681468
     0.000000000000001    14.273271210751439   -35.993759531730156
26 25
   -22.315022196911535     0.000000000000000     0.000000000000000
     0.000000000000001   -30.355267009159469    -0.000000000000000
     0.000000000000001    -0.000000000000001   -11.896509700288370
26 26
    39.778088919642705     0.000000000000000     0.000000000000000
    -0.000000000000000    75.359365600895160     0.000000000000001
    -0.000000000000002     0.000000000000001    81.545717995251351
26 27
    -0.000646246923138     0.000000000000000    -0.000000000000000
    -0.000000000000000     0.001163286560036    -0.000000000000000
     0.000000000000000     0.000000000000000    -0.000566670493934
26 28
    -0.635369905663778     0.000000000000000     0.000000000000000
     0.000000000000000    -1.776079305240220     0.000000000000000
     0.000000000000000     0.000000000000000     0.123285253880968
26 29
     0.000046428244945     0.000095608032866     0.000000000000000
     0.000095607318353     0.000135975128827     0.000000000000000
     0.000000000000000     0.000000000000000     0.000034209802335
26 30
     0.000051476949641     0.000038932275540     0.000000000000000
     0.000038932275541     0.000051476949640     0.000000000000000
    -0.000000000000000    -0.000000000000000     0.000008205858936
26 31
     0.000046428244945    -0.000095608032866    -0.000000000000000
    -0.000095607318353     0.000135975128827     0.000000000000000
    -0.000000000000000     0.000000000000000     0.000034209802335
26 32
     0.000051476949641    -0.000038932275540     0.000000000000000
    -0.000038932275541     0.000051476949640     0.000000000000000
    -0.000000000000000     0.000000000000000     0.000008205858936
26 33
    -0.000220421222317    -0.000000000000000     0.000000000000000
     0.000000000000000     0.001235953451401    -0.000239836669773
     0.000000000000000    -0.000239842692693    -0.000103859329567
26 34
     1.452564242204699     0.000000000000000     0.000000000000000
     0.000000000000000    -0.000003853311449     1.645183747592999
    -0.000000000000000     0.000136273478847     1.059999168792507
26 35
    -0.000053319666257     0.000000000000000    -0.000000000000000
     0.000000000000000     0.000275837400932    -0.000099534475210
     0.000000000000000    -0.000099537737448     0.000021310286211
26 36
     0.500903048192477     0.000000000000000    -0.000000000000000
    -0.000000000000000    -0.013476376059478     0.011286781988104
    -0.000000000000000     0.011289155226836    -0.007991164883193
26 37
     0.000015437093510     0.000050922769345    -0.000012019510996
     0.000050921872418     0.000080321722513    -0.000019345134389
    -0.000012019549791    -0.000019345601111    -0.000003133895469
26 38
     0.000014275802059     0.000009420146524    -0.000001856157783
     0.000009420159130     0.000012227231446    -0.000001831672731
    -0.000001856181997    -0.000001831693483    -0.000001113489249
26 39
     0.000015437093510    -0.000050922769345     0.000012019510996
    -0.000050921872418     0.000080321722513    -0.000019345134389
     0.000012019549791    -0.000019345601111    -0.000003133895469
26 40
     0.000014275802059    -0.000009420146524     0.000001856157783
    -0.000009420159130     0.000012227231446    -0.000001831672731
     0.000001856181997    -0.000001831693483    -0.000001113489249
26 41
    -0.562001547433651    -0.000000000000000    -0.000000000000000
     0.000000000000000    -0.107117950727186     0.120256028045909
     0.000000000000000     0.120251328863238    -0.104480245274672
26 42
     1.837610954688314    -0.000000000000000    -0.000000000000000
    -0.000000000000000     2.244364296141584     1.168082053511981
    -0.000000000000000    -1.445747117432669    -0.751944605014076
26 43
    -0.000053319666257    -0.000000000000000    -0.000000000000000
     0.000000000000000     0.000275837400932     0.000099534475210
     0.000000000000000     0.000099537737448     0.000021310286211
26 44
     0.500903048192477    -0.000000000000000     0.000000000000000
    -0.000000000000000    -0.013476376059478    -0.011286781988104
    -0.000000000000000    -0.011289155226836    -0.007991164883193
26 45
     0.000015437093510    -0.000050922769345    -0.000012019510996
    -0.000050921872418     0.000080321722513     0.000019345134389
    -0.000012019549791     0.000019345601111    -0.000003133895469
26 46
     0.000014275802059    -0.000009420146524    -0.000001856157783
    -0.000009420159130     0.000012227231446     0.000001831672731
    -0.000001856181997     0.000001831693483    -0.000001113489249
26 47
     0.000015437093510     0.000050922769345     0.000012019510996
     0.000050921872418     0.000080321722513     0.000019345134389
     0.000012019549791     0.000019345601111    -0.000003133895469
26 48
     0.000014275802059     0.000009420146524     0.000001856157783
     0.000009420159130     0.000012227231446     0.000001831672731
     0.000001856181997     0.000001831693483    -0.000001113489249
26 49
    -0.562001547433651    -0.000000000000000     0.000000000000000
     0.000000000000000    -0.107117950727186    -0.120256028045909
     0.000000000000000    -0.120251328863239    -0.104480245274672
26 50
     1.837610954688314     0.000000000000000     0.000000000000000
    -0.000000000000000     2.244364296141584    -1.168082053511981
    -0.000000000000000     1.445747117432669    -0.751944605014076
27 1
     0.258445295036159    -0.000000000000000     0.000000000000000
    -0.000000000000000    -0.013201588204421    -0.006653505822237
    -0.000000000000000    -0.006655207919717    -0.002668905208983
27 2
     0.258445295036159    -0.000000000000000     0.000000000000000
    -0.000000000000000    -0.013201588204421     0.006653505822237
    -0.000000000000000     0.006655207919717    -0.002668905208983
27 3
     1.044461716757703    -0.000000000000000     0.000000000000000
    -0.000000000000000    -0.698542373129280     2.061765307659387
    -0.000000000000000    -0.573027718735907     1.691603336261375
27 4
    -0.000128389528772    -0.000514710627206    -0.000198516579382
    -0.000514704567836     0.000893549691102     0.000471122689912
    -0.000198515116347     0.000471123874616     0.000587120616859
27 5
    -0.000128389528772     0.000514710627206     0.000198516579382
     0.000514704567836     0.000893549691102     0.000471122689912
     0.000198515116347     0.000471123874616     0.000587120616859
27 6
    -0.000178666328267    -0.000000000000000    -0.000000000000000
     0.000000000000000     0.001058861188822     0.000126137155717
     0.000000000000000     0.000126141005452    -0.000121668171130
27 7
     1.044461716757703    -0.000000000000000     0.000000000000000
    -0.000000000000000    -0.698542373129279    -2.061765307659387
    -0.000000000000000     0.573027718735907     1.691603336261375
27 8
    -0.000128389528772     0.000514710627206    -0.000198516579382
     0.000514704567836     0.000893549691102    -0.000471122689912
    -0.000198515116347    -0.000471123874616     0.000587120616859
27 9
    -0.000128389528772    -0.000514710627206     0.000198516579382
    -0.000514704567836     0.000893549691102    -0.000471122689912
     0.000198515116347    -0.000471123874616     0.000587120616859
27 10
    -0.000178666328267    -0.000000000000000     0.000000000000000
     0.000000000000000     0.001058861188822    -0.000126137155717
     0.000000000000000    -0.000126141005452    -0.000121668171130
27 11
     0.000240322491419    -0.000648608437943    -0.000283185626296
    -0.000648604443611     0.000606177951587     0.000370991469581
    -0.000283185503177     0.000370993866780     0.000244012727807
27 12
     0.000126232375390    -0.000047383622214    -0.000014784199055
    -0.000047384133182     0.000028608182622     0.000012532164013
    -0.000014784476559     0.000012532211393     0.000007388423759
27 13
     0.000240322491419     0.000648608437943     0.000283185626296
     0.000648604443611     0.000606177951587     0.000370991469581
     0.000283185503177     0.000370993866780     0.000244012727807
27 14
     0.000126232375390     0.000047383622214     0.000014784199055
     0.000047384133182     0.000028608182622     0.000012532164013
     0.000014784476559     0.000012532211393     0.000007388423759
27 15
    -0.000083865367481    -0.000000000000000    -0.000000000000000
    -0.000000000000000     0.000517984645919     0.000007885435379
     0.000000000000000     0.000007885708925    -0.000031795793336
27 16
     0.368143197077543     0.000000000000000     0.000000000000000
    -0.000000000000000    -0.022881685352128     0.007676166124384
    -0.000000000000000     0.007678918862833    -0.002039783800466
27 17
   -15.691348182296835    -0.000000000000001    -0.000000000000000
     0.000000000000000   -26.359363466558282   -14.521742007226075
     0.000000000000001   -16.970181123497134   -32.600026736474064
27 18
     2.793464659219200     0.000000000000000    -0.000000000000000
    -0.000000000000000     0.000040566461562     0.000162974645171
    -0.000000000000000     1.594987647780588     1.027690548764938
27 19
    -0.000083865367481     0.000000000000000    -0.000000000000000
     0.000000000000000     0.000517984645919    -0.000007885435379
     0.000000000000000    -0.000007885708925    -0.000031795793336
27 20
     0.000240322491419     0.000648608437943    -0.000283185626296
     0.000648604443611     0.000606177951587    -0.000370991469581
    -0.000283185503177    -0.000370993866780     0.000244012727807
27 21
     0.000126232375390     0.000047383622214    -0.000014784199055
     0.000047384133182     0.000028608182622    -0.000012532164013
    -0.000014784476559    -0.000012532211393     0.000007388423759
27 22
     0.000240322491419    -0.000648608437943     0.000283185626296
    -0.000648604443611     0.000606177951587    -0.000370991469581
     0.000283185503177    -0.000370993866780     0.000244012727807
27 23
     0.000126232375390    -0.000047383622214     0.000014784199055
    -0.000047384133182     0.000028608182622    -0.000012532164013
     0.000014784476559    -0.000012532211393     0.000007388423759
27 24
     0.368143197077543    -0.000000000000000     0.000000000000000
    -0.000000000000000    -0.022881685352128    -0.007676166124384
    -0.000000000000000    -0.007678918862833    -0.002039783800466
27 25
    -0.000134581309601     0.000000000000000    -0.000000000000000
     0.000000000000000     0.000841068459972    -0.000000000000000
     0.000000000000000     0.000000000000000    -0.000095649145555
27 26
    -0.000646246923138     0.000000000000000    -0.000000000000000
     0.000000000000000     0.001163286560036    -0.000000000000000
     0.000000000000000     0.000000000000000    -0.000566670493956
27 27
    41.882063724820043    -0.000000000000000     0.000000000000000
    -0.000000000000000    81.332799161916611     0.000000000000001
    -0.000000000000000     0.000000000000005    73.207004312900096
27 28
   -22.315013981606103    -0.000000000000000    -0.000000000000000
     0.000000000000000   -30.355420762959199    -0.000000000000000
     0.000000000000002    -0.000000000000001   -11.898514692222994
27 29
     0.000195323279486    -0.000294120489846     0.000000000000000
    -0.000294120489853     0.000195323279484     0.000000000000000
    -0.000000000000000     0.000000000000000     0.000166045023420
27 30
     0.000135975128820    -0.000095607318364     0.000000000000000
    -0.000095608032854     0.000046428244962     0.000000000000000
    -0.000000000000000     0.000000000000000     0.000034209802313
27 31
     0.000195323279486     0.000294120489846    -0.000000000000000
     0.000294120489853     0.000195323279484     0.000000000000000
     0.000000000000000    -0.000000000000000     0.000166045023420
27 32
     0.000135975128820     0.000095607318364     0.000000000000000
     0.000095608032854     0.000046428244962     0.000000000000000
    -0.000000000000000    -0.000000000000000     0.000034209802313
27 33
   -15.691348182296835     0.000000000000001     0.000000000000000
     0.000000000000000   -26.359363466558278    14.521742007226075
     0.000000000000001    16.970181123497131   -32.600026736474064
27 34
     2.793464659219200    -0.000000000000000     0.000000000000000
     0.000000000000000     0.000040566461562    -0.000162974645171
    -0.000000000000000    -1.594987647780588     1.027690548764938
27 35
     1.893797334469094     0.000000000000000    -0.000000000000000
    -0.000000000000000     1.842770337237696    -0.493830575658539
    -0.000000000000000     1.511870306802757    -0.404738910935432
27 36
    -0.450822777668256    -0.000000000000000     0.000000000000000
     0.000000000000000    -0.244667599405088    -0.344809000192469
     0.000000000000000    -0.344835774279102    -0.365554981077347
27 37
     0.000128815902347    -0.000245321372182    -0.000088546392945
    -0.000245319610509     0.000220656201562     0.000106247592784
    -0.000088546953380     0.000106249091826    -0.000010518392945
27 38
     0.000049337675845    -0.000014065394848    -0.000000463801554
    -0.000005409099545     0.000049055824633     0.000027163482361
     0.000005256671096     0.000028254461314     0.000011361148866
27 39
     0.000128815902347     0.000245321372182     0.000088546392945
     0.000245319610509     0.000220656201562     0.000106247592784
     0.000088546953380     0.000106249091826    -0.000010518392945
27 40
     0.000049337675845     0.000014065394848     0.000000463801554
     0.000005409099545     0.000049055824633     0.000027163482361
    -0.000005256671096     0.000028254461314     0.000011361148866
27 41
    -0.000016780955622    -0.000000000000000     0.000000000000000
     0.000000000000000     0.000096087940498    -0.000004823655047
     0.000000000000000    -0.000004823821339     0.000003065279907
27 42
    -0.000160323674641    -0.000000000000000     0.000000000000000
     0.000000000000000     0.000643650958482    -0.000346149533363
     0.000000000000000    -0.000346151250063     0.000093196761273
27 43
     1.893797334469094    -0.000000000000000     0.000000000000000
    -0.000000000000000     1.842770337237696     0.493830575658539
    -0.000000000000000    -1.511870306802757    -0.404738910935432
27 44
    -0.450822777668256    -0.000000000000000    -0.000000000000000
     0.000000000000000    -0.244667599405088     0.344809000192469
     0.000000000000000     0.344835774279102    -0.365554981077347
27 45
     0.000128815902347     0.000245321372182    -0.000088546392945
     0.000245319610509     0.000220656201562    -0.000106247592784
    -0.000088546953380    -0.000106249091826    -0.000010518392945
27 46
     0.000049337675845     0.000014065394848    -0.000000463801554
     0.000005409099545     0.000049055824633    -0.000027163482361
     0.000005256671096    -0.000028254461314     0.000011361148866
27 47
     0.000128815902347    -0.000245321372182     0.000088546392945
    -0.000245319610509     0.000220656201562    -0.000106247592784
     0.000088546953380    -0.000106249091826    -0.000010518392945
27 48
     0.000049337675845    -0.000014065394848     0.000000463801554
    -0.000005409099545     0.000049055824633    -0.000027163482361
    -0.000005256671096    -0.000028254461314     0.000011361148866
27 49
    -0.000016780955622    -0.000000000000000     0.000000000000000
    -0.000000000000000     0.000096087940498     0.000004823655047
     0.000000000000000     0.000004823821339     0.000003065279907
27 50
    -0.000160323674641    -0.000000000000000     0.000000000000000
     0.000000000000000     0.000643650958482     0.000346149533363
     0.000000000000000     0.000346151250063     0.000093196761273
28 1
    -0.000229179797020    -0.000000000000000     0.000000000000000
     0.000000000000000     0.001071394943198     0.000312590659985
     0.000000000000000     0.000312592380268     0.000008130161373
28 2
    -0.000229179797020    -0.000000000000000     0.000000000000000
     0.000000000000000     0.001071394943198    -0.000312590659985
     0.000000000000000    -0.000312592380268     0.000008130161373
28 3
     0.377528304033336     0.000000000000000    -0.000000000000000
    -0.000000000000000    -0.028054583177204     0.005148037266005
    -0.000000000000000     0.005150171829788    -0.000313238116038
28 4
    -0.000047068929456    -0.000118612908645    -0.000026531555047
    -0.000118610110573     0.000365654828383     0.000085075416863
    -0.000026531372231     0.000085077589632     0.000091831695524
28 5
    -0.000047068929456     0.000118612908645     0.000026531555047
     0.000118610110573     0.000365654828383     0.000085075416863
     0.000026531372231     0.000085077589632     0.000091831695524
28 6
    -0.000066347512419    -0.000000000000000    -0.000000000000000
    -0.000000000000000     0.000421773745434    -0.000005137351124
     0.000000000000000    -0.000005137539745    -0.000035622582582
28 7
     0.377528304033336     0.000000000000000    -0.000000000000000
    -0.000000000000000    -0.028054583177204    -0.005148037266005
    -0.000000000000000    -0.005150171829788    -0.000313238116038
28 8
    -0.000047068929456     0.000118612908645    -0.000026531555047
     0.000118610110573     0.000365654828383    -0.000085075416863
    -0.000026531372231    -0.000085077589632     0.000091831695524
28 9
    -0.000047068929456    -0.000118612908645     0.000026531555047
    -0.000118610110573     0.000365654828383    -0.000085075416863
     0.000026531372231    -0.000085077589632     0.000091831695524
28 10
    -0.000066347512419    -0.000000000000000     0.000000000000000
     0.000000000000000     0.000421773745434     0.000005137351124
     0.000000000000000     0.000005137539745    -0.000035622582582
28 11
     0.000029987330308    -0.000167732715304    -0.000043922112132
    -0.000167730098218     0.000291275917809     0.000078550167379
    -0.000043922124741     0.000078551811896     0.000043005755218
28 12
     0.000052427415542    -0.000019778077007    -0.000004403456608
    -0.000019778122902     0.000037045341595     0.000005040683671
    -0.000004403506481     0.000005040725142     0.000001059751846
28 13
     0.000029987330308     0.000167732715304     0.000043922112132
     0.000167730098218     0.000291275917809     0.000078550167379
     0.000043922124741     0.000078551811896     0.000043005755218
28 14
     0.000052427415542     0.000019778077007     0.000004403456608
     0.000019778122902     0.000037045341595     0.000005040683671
     0.000004403506481     0.000005040725142     0.000001059751846
28 15
    -0.000220421222317    -0.000000000000000     0.000000000000000
     0.000000000000000     0.001235953451401    -0.000239836669773
     0.000000000000000    -0.000239842692693    -0.000103859329567
28 16
     1.452564242204699     0.000000000000000     0.000000000000000
     0.000000000000000    -0.000003853311449     1.645183747592999
    -0.000000000000000     0.000136273478847     1.059999168792507
28 17
     3.526919354448849    -0.000000000000000    -0.000000000000000
    -0.000000000000000     0.000085732002231    -0.000183335155780
    -0.000000000000000    -1.111768522370963     0.912330503218086
28 18
   -15.546708395626684     0.000000000000000     0.000000000000001
     0.000000000000000   -23.715154013099149    14.586499353681466
     0.000000000000001    14.273271210751437   -35.993759531730156
28 19
    -0.000220421222317     0.000000000000000    -0.000000000000000
     0.000000000000000     0.001235953451401     0.000239836669773
     0.000000000000000     0.000239842692693    -0.000103859329567
28 20
     0.000029987330308     0.000167732715304    -0.000043922112132
     0.000167730098218     0.000291275917809    -0.000078550167379
    -0.000043922124741    -0.000078551811896     0.000043005755218
28 21
     0.000052427415542     0.000019778077007    -0.000004403456608
     0.000019778122902     0.000037045341595    -0.000005040683671
    -0.000004403506481    -0.000005040725142     0.000001059751846
28 22
     0.000029987330308    -0.000167732715304     0.000043922112132
    -0.000167730098218     0.000291275917809    -0.000078550167379
     0.000043922124741    -0.000078551811896     0.000043005755218
28 23
     0.000052427415542    -0.000019778077007     0.000004403456608
    -0.000019778122902     0.000037045341595    -0.000005040683671
     0.000004403506481    -0.000005040725142     0.000001059751846
28 24
     1.452564242204699     0.000000000000000     0.000000000000000
    -0.000000000000000    -0.000003853311449    -1.645183747592999
    -0.000000000000000    -0.000136273478847     1.059999168792506
28 25
    -0.000646246923138     0.000000000000000    -0.000000000000000
    -0.000000000000000     0.001163286560036    -0.000000000000000
     0.000000000000000     0.000000000000000    -0.000566670493934
28 26
    -0.635369905663778     0.000000000000000     0.000000000000000
     0.000000000000000    -1.776079305240219     0.000000000000000
     0.000000000000000     0.000000000000000     0.123285253880968
28 27
   -22.315022196911531     0.000000000000000     0.000000000000000
     0.000000000000001   -30.355267009159462    -0.000000000000000
     0.000000000000001    -0.000000000000001   -11.896509700288370
28 28
    39.778088919642698     0.000000000000000     0.000000000000000
    -0.000000000000000    75.359365600895146     0.000000000000001
    -0.000000000000002     0.000000000000001    81.545717995251351
28 29
     0.000046428244945    -0.000095608032866    -0.000000000000000
    -0.000095607318353     0.000135975128827     0.000000000000000
    -0.000000000000000     0.000000000000000     0.000034209802335
28 30
     0.000051476949641    -0.000038932275540     0.000000000000000
    -0.000038932275541     0.000051476949640     0.000000000000000
    -0.000000000000000     0.000000000000000     0.000008205858936
28 31
     0.000046428244945     0.000095608032866     0.000000000000000
     0.000095607318353     0.000135975128827     0.000000000000000
     0.000000000000000     0.000000000000000     0.000034209802335
28 32
     0.000051476949641     0.000038932275540     0.000000000000000
     0.000038932275541     0.000051476949640     0.000000000000000
    -0.000000000000000    -0.000000000000000     0.000008205858936
28 33
     3.526919354448849    -0.000000000000000     0.000000000000000
    -0.000000000000000     0.000085732002231     0.000183335155780
    -0.000000000000000     1.111768522370963     0.912330503218086
28 34
   -15.546708395626684     0.000000000000000     0.000000000000000
     0.000000000000000   -23.715154013099149   -14.586499353681468
     0.000000000000001   -14.273271210751437   -35.993759531730156
28 35
    -0.562001547433651    -0.000000000000000    -0.000000000000000
     0.000000000000000    -0.107117950727186     0.120256028045909
     0.000000000000000     0.120251328863238    -0.104480245274672
28 36
     1.837610954688314    -0.000000000000000    -0.000000000000000
    -0.000000000000000     2.244364296141584     1.168082053511981
    -0.000000000000000    -1.445747117432669    -0.751944605014076
28 37
     0.000015437093510    -0.000050922769345    -0.000012019510996
    -0.000050921872418     0.000080321722513     0.000019345134389
    -0.000012019549791     0.000019345601111    -0.000003133895469
28 38
     0.000014275802059    -0.000009420146524    -0.000001856157783
    -0.000009420159130     0.000012227231446     0.000001831672731
    -0.000001856181997     0.000001831693483    -0.000001113489249
28 39
     0.000015437093510     0.000050922769345     0.000012019510996
     0.000050921872418     0.000080321722513     0.000019345134389
     0.000012019549791     0.000019345601111    -0.000003133895469
28 40
     0.000014275802059     0.000009420146524     0.000001856157783
     0.000009420159130     0.000012227231446     0.000001831672731
     0.000001856181997     0.000001831693483    -0.000001113489249
28 41
    -0.000053319666257     0.000000000000000    -0.000000000000000
     0.000000000000000     0.000275837400932    -0.000099534475210
     0.000000000000000    -0.000099537737448     0.000021310286211
28 42
     0.500903048192477     0.000000000000000    -0.000000000000000
    -0.000000000000000    -0.013476376059478     0.011286781988104
    -0.000000000000000     0.011289155226836    -0.007991164883193
28 43
    -0.562001547433651    -0.000000000000000     0.000000000000000
     0.000000000000000    -0.107117950727186    -0.120256028045909
     0.000000000000000    -0.120251328863238    -0.104480245274672
28 44
     1.837610954688314     0.000000000000000     0.000000000000000
    -0.000000000000000     2.244364296141584    -1.168082053511981
    -0.000000000000000     1.445747117432669    -0.751944605014076
28 45
     0.000015437093510     0.000050922769345    -0.000012019510996
     0.000050921872418     0.000080321722513    -0.000019345134389
    -0.000012019549791    -0.000019345601111    -0.000003133895469
28 46
     0.000014275802059     0.000009420146524    -0.000001856157783
     0.000009420159130     0.000012227231446    -0.000001831672731
    -0.000001856181997    -0.000001831693483    -0.000001113489249
28 47
     0.000015437093510    -0.000050922769345     0.000012019510996
    -0.000050921872418     0.000080321722513    -0.000019345134389
     0.000012019549791    -0.000019345601111    -0.000003133895469
28 48
     0.000014275802059    -0.000009420146524     0.000001856157783
    -0.000009420159130     0.000012227231446    -0.000001831672731
     0.000001856181997    -0.000001831693483    -0.000001113489249
28 49
    -0.000053319666257    -0.000000000000000    -0.000000000000000
     0.000000000000000     0.000275837400932     0.000099534475210
     0.000000000000000     0.000099537737448     0.000021310286211
28 50
     0.500903048192477    -0.000000000000000     0.000000000000000
    -0.000000000000000    -0.013476376059478    -0.011286781988104
    -0.000000000000000    -0.011289155226836    -0.007991164883193
29 1
    -0.013201588204421     0.000000000000000     0.006653505822237
     0.000000000000000     0.258445295036159    -0.000000000000000
     0.006655207919717     0.000000000000000    -0.002668905208983
29 2
    -0.013201588204421     0.000000000000000    -0.006653505822237
     0.000000000000000     0.258445295036159    -0.000000000000000
    -0.006655207919717     0.000000000000000    -0.002668905208983
29 3
     0.000893549691102    -0.000514704567836     0.000471122689912
    -0.000514710627206    -0.000128389528772    -0.000198516579382
     0.000471123874616    -0.000198515116347     0.000587120616859
29 4
    -0.698542373129280     0.000000000000000     2.061765307659387
     0.000000000000000     1.044461716757703    -0.000000000000000
    -0.573027718735907     0.000000000000000     1.691603336261375
29 5
     0.001058861188822    -0.000000000000000    -0.000126137155717
     0.000000000000000    -0.000178666328267    -0.000000000000000
    -0.000126141005452    -0.000000000000000    -0.000121668171130
29 6
     0.000893549691102     0.000514704567836    -0.000471122689912
     0.000514710627206    -0.000128389528772    -0.000198516579382
    -0.000471123874616    -0.000198515116347     0.000587120616859
29 7
     0.000893549691102    -0.000514704567836    -0.000471122689912
    -0.000514710627206    -0.000128389528772     0.000198516579382
    -0.000471123874616     0.000198515116347     0.000587120616859
29 8
     0.001058861188822    -0.000000000000000     0.000126137155717
     0.000000000000000    -0.000178666328267     0.000000000000000
     0.000126141005452    -0.000000000000000    -0.000121668171130
29 9
    -0.698542373129279     0.000000000000000    -2.061765307659387
     0.000000000000000     1.044461716757703    -0.000000000000000
     0.573027718735907     0.000000000000000     1.691603336261375
29 10
     0.000893549691102     0.000514704567836     0.000471122689912
     0.000514710627206    -0.000128389528772     0.000198516579382
     0.000471123874616     0.000198515116347     0.000587120616859
29 11
   -26.359363466558278    -0.000000000000000    14.521742007226075
    -0.000000000000001   -15.691348182296835    -0.000000000000000
    16.970181123497131    -0.000000000000001   -32.600026736474064
29 12
     0.000040566461562    -0.000000000000000    -0.000162974645171
     0.000000000000000     2.793464659219200    -0.000000000000000
    -1.594987647780588     0.000000000000000     1.027690548764938
29 13
     0.000517984645919    -0.000000000000000    -0.000007885435379
    -0.000000000000000    -0.000083865367481     0.000000000000000
    -0.000007885708925    -0.000000000000000    -0.000031795793336
29 14
    -0.022881685352128     0.000000000000000    -0.007676166124384
     0.000000000000000     0.368143197077543    -0.000000000000000
    -0.007678918862833     0.000000000000000    -0.002039783800466
29 15
     0.000606177951587     0.000648604443611    -0.000370991469581
     0.000648608437943     0.000240322491419    -0.000283185626296
    -0.000370993866780    -0.000283185503177     0.000244012727807
29 16
     0.000028608182622     0.000047384133182    -0.000012532164013
     0.000047383622214     0.000126232375390    -0.000014784199055
    -0.000012532211393    -0.000014784476559     0.000007388423759
29 17
     0.000606177951587    -0.000648604443611    -0.000370991469581
    -0.000648608437943     0.000240322491419     0.000283185626296
    -0.000370993866780     0.000283185503177     0.000244012727807
29 18
     0.000028608182622    -0.000047384133182    -0.000012532164013
    -0.000047383622214     0.000126232375390     0.000014784199055
    -0.000012532211393     0.000014784476559     0.000007388423759
29 19
     0.000606177951587     0.000648604443611     0.000370991469581
     0.000648608437943     0.000240322491419     0.000283185626296
     0.000370993866780     0.000283185503177     0.000244012727807
29 20
     0.000517984645919     0.000000000000000     0.000007885435379
     0.000000000000000    -0.000083865367481     0.000000000000000
     0.000007885708925    -0.000000000000000    -0.000031795793336
29 21
    -0.022881685352128     0.000000000000000     0.007676166124384
    -0.000000000000000     0.368143197077543    -0.000000000000000
     0.007678918862833     0.000000000000000    -0.002039783800466
29 22
   -26.359363466558282    -0.000000000000000   -14.521742007226075
     0.000000000000001   -15.691348182296835     0.000000000000000
   -16.970181123497134    -0.000000000000001   -32.600026736474064
29 23
     0.000040566461562     0.000000000000000     0.000162974645171
    -0.000000000000000     2.793464659219200     0.000000000000000
     1.594987647780588     0.000000000000000     1.027690548764938
29 24
     0.000028608182622     0.000047384133182     0.000012532164013
     0.000047383622214     0.000126232375390     0.000014784199055
     0.000012532211393     0.000014784476559     0.000007388423759
29 25
     0.000195323279484     0.000294120489853     0.000000000000000
     0.000294120489846     0.000195323279486    -0.000000000000000
     0.000000000000000     0.000000000000000     0.000166045023420
29 26
     0.000046428244962     0.000095608032854     0.000000000000000
     0.000095607318364     0.000135975128820    -0.000000000000000
     0.000000000000000     0.000000000000000     0.000034209802313
29 27
     0.000195323279484    -0.000294120489853     0.000000000000000
    -0.000294120489846     0.000195323279486     0.000000000000000
    -0.000000000000000    -0.000000000000000     0.000166045023420
29 28
     0.000046428244962    -0.000095608032854     0.000000000000000
    -0.000095607318364     0.000135975128820    -0.000000000000000
    -0.000000000000000     0.000000000000000     0.000034209802313
29 29
    81.332799161916611     0.000000000000000     0.000000000000001
     0.000000000000000    41.882063724820043    -0.000000000000000
     0.000000000000005     0.000000000000000    73.207004312900096
29 30
   -30.355420762959199    -0.000000000000000    -0.000000000000000
     0.000000000000000   -22.315013981606103     0.000000000000000
    -0.000000000000001    -0.000000000000002   -11.898514692222994
29 31
     0.000841068459972    -0.000000000000000    -0.000000000000000
    -0.000000000000000    -0.000134581309601     0.000000000000000
     0.000000000000000    -0.000000000000000    -0.000095649145555
29 32
     0.001163286560036    -0.000000000000000    -0.000000000000000
    -0.000000000000000    -0.000646246923138     0.000000000000000
     0.000000000000000    -0.000000000000000    -0.000566670493956
29 33
     0.000606177951587    -0.000648604443611     0.000370991469581
    -0.000648608437943     0.000240322491419    -0.000283185626296
     0.000370993866780    -0.000283185503177     0.000244012727807
29 34
     0.000028608182622    -0.000047384133182     0.000012532164013
    -0.000047383622214     0.000126232375390    -0.000014784199055
     0.000012532211393    -0.000014784476559     0.000007388423759
29 35
     0.000220656201562    -0.000245319610509     0.000106247592784
    -0.000245321372182     0.000128815902347    -0.000088546392945
     0.000106249091826    -0.000088546953380    -0.000010518392945
29 36
     0.000049055824633    -0.000005409099545     0.000027163482361
    -0.000014065394848     0.000049337675845    -0.000000463801554
     0.000028254461314     0.000005256671096     0.000011361148866
29 37
     1.842770337237696     0.000000000000000    -0.493830575658539
    -0.000000000000000     1.893797334469094     0.000000000000000
     1.511870306802757     0.000000000000000    -0.404738910935432
29 38
    -0.244667599405088    -0.000000000000000    -0.344809000192469
     0.000000000000000    -0.450822777668256    -0.000000000000000
    -0.344835774279102    -0.000000000000000    -0.365554981077347
29 39
     0.000096087940498     0.000000000000000     0.000004823655047
     0.000000000000000    -0.000016780955622    -0.000000000000000
     0.000004823821339    -0.000000000000000     0.000003065279907
29 40
     0.000643650958482    -0.000000000000000     0.000346149533363
     0.000000000000000    -0.000160323674641    -0.000000000000000
     0.000346151250063    -0.000000000000000     0.000093196761273
29 41
     0.000220656201562     0.000245319610509    -0.000106247592784
     0.000245321372182     0.000128815902347    -0.000088546392945
    -0.000106249091826    -0.000088546953380    -0.000010518392945
29 42
     0.000049055824633     0.000005409099545    -0.000027163482361
     0.000014065394848     0.000049337675845    -0.000000463801554
    -0.000028254461314     0.000005256671096     0.000011361148866
29 43
     0.000220656201562    -0.000245319610509    -0.000106247592784
    -0.000245321372182     0.000128815902347     0.000088546392945
    -0.000106249091826     0.000088546953380    -0.000010518392945
29 44
     0.000049055824633    -0.000005409099545    -0.000027163482361
    -0.000014065394848     0.000049337675845     0.000000463801554
    -0.000028254461314    -0.000005256671096     0.000011361148866
29 45
     0.000096087940498    -0.000000000000000    -0.000004823655047
     0.000000000000000    -0.000016780955622    -0.000000000000000
    -0.000004823821339    -0.000000000000000     0.000003065279907
29 46
     0.000643650958482    -0.000000000000000    -0.000346149533363
     0.000000000000000    -0.000160323674641    -0.000000000000000
    -0.000346151250063    -0.000000000000000     0.000093196761273
29 47
     1.842770337237696     0.000000000000000     0.493830575658539
     0.000000000000000     1.893797334469094    -0.000000000000000
    -1.511870306802757     0.000000000000000    -0.404738910935432
29 48
    -0.244667599405088    -0.000000000000000     0.344809000192469
     0.000000000000000    -0.450822777668256     0.000000000000000
     0.344835774279102    -0.000000000000000    -0.365554981077347
29 49
     0.000220656201562     0.000245319610509     0.000106247592784
     0.000245321372182     0.000128815902347     0.000088546392945
     0.000106249091826     0.000088546953380    -0.000010518392945
29 50
     0.000049055824633     0.000005409099545     0.000027163482361
     0.000014065394848     0.000049337675845     0.000000463801554
     0.000028254461314    -0.000005256671096     0.000011361148866
30 1
     0.001071394943198    -0.000000000000000    -0.000312590659985
     0.000000000000000    -0.000229179797020    -0.000000000000000
    -0.000312592380268    -0.000000000000000     0.000008130161373
30 2
     0.001071394943198    -0.000000000000000     0.000312590659985
     0.000000000000000    -0.000229179797020    -0.000000000000000
     0.000312592380268    -0.000000000000000     0.000008130161373
30 3
     0.000365654828383    -0.000118610110573     0.000085075416863
    -0.000118612908645    -0.000047068929456    -0.000026531555047
     0.000085077589632    -0.000026531372231     0.000091831695524
30 4
    -0.028054583177204     0.000000000000000     0.005148037266005
    -0.000000000000000     0.377528304033336     0.000000000000000
     0.005150171829788     0.000000000000000    -0.000313238116038
30 5
     0.000421773745434    -0.000000000000000     0.000005137351124
     0.000000000000000    -0.000066347512419    -0.000000000000000
     0.000005137539745    -0.000000000000000    -0.000035622582582
30 6
     0.000365654828383     0.000118610110573    -0.000085075416863
     0.000118612908645    -0.000047068929456    -0.000026531555047
    -0.000085077589632    -0.000026531372231     0.000091831695524
30 7
     0.000365654828383    -0.000118610110573    -0.000085075416863
    -0.000118612908645    -0.000047068929456     0.000026531555047
    -0.000085077589632     0.000026531372231     0.000091831695524
30 8
     0.000421773745434     0.000000000000000    -0.000005137351124
     0.000000000000000    -0.000066347512419     0.000000000000000
    -0.000005137539745    -0.000000000000000    -0.000035622582582
30 9
    -0.028054583177204     0.000000000000000    -0.005148037266005
    -0.000000000000000     0.377528304033336     0.000000000000000
    -0.005150171829788     0.000000000000000    -0.000313238116038
30 10
     0.000365654828383     0.000118610110573     0.000085075416863
     0.000118612908645    -0.000047068929456     0.000026531555047
     0.000085077589632     0.000026531372231     0.000091831695524
30 11
     0.000085732002231     0.000000000000000     0.000183335155780
     0.000000000000000     3.526919354448849    -0.000000000000000
     1.111768522370963     0.000000000000000     0.912330503218086
30 12
   -23.715154013099149    -0.000000000000000   -14.586499353681468
    -0.000000000000000   -15.546708395626684    -0.000000000000000
   -14.273271210751437    -0.000000000000001   -35.993759531730156
30 13
     0.001235953451401    -0.000000000000000     0.000239836669773
    -0.000000000000000    -0.000220421222317     0.000000000000000
     0.000239842692693    -0.000000000000000    -0.000103859329567
30 14
    -0.000003853311449     0.000000000000000    -1.645183747592999
    -0.000000000000000     1.452564242204699    -0.000000000000000
    -0.000136273478847     0.000000000000000     1.059999168792506
30 15
     0.000291275917809     0.000167730098218    -0.000078550167379
     0.000167732715304     0.000029987330308    -0.000043922112132
    -0.000078551811896    -0.000043922124741     0.000043005755218
30 16
     0.000037045341595     0.000019778122902    -0.000005040683671
     0.000019778077007     0.000052427415542    -0.000004403456608
    -0.000005040725142    -0.000004403506481     0.000001059751846
30 17
     0.000291275917809    -0.000167730098218    -0.000078550167379
    -0.000167732715304     0.000029987330308     0.000043922112132
    -0.000078551811896     0.000043922124741     0.000043005755218
30 18
     0.000037045341595    -0.000019778122902    -0.000005040683671
    -0.000019778077007     0.000052427415542     0.000004403456608
    -0.000005040725142     0.000004403506481     0.000001059751846
30 19
     0.000291275917809     0.000167730098218     0.000078550167379
     0.000167732715304     0.000029987330308     0.000043922112132
     0.000078551811896     0.000043922124741     0.000043005755218
30 20
     0.001235953451401    -0.000000000000000    -0.000239836669773
     0.000000000000000    -0.000220421222317    -0.000000000000000
    -0.000239842692693    -0.000000000000000    -0.000103859329567
30 21
    -0.000003853311449    -0.000000000000000     1.645183747592999
    -0.000000000000000     1.452564242204699    -0.000000000000000
     0.000136273478847     0.000000000000000     1.059999168792507
30 22
     0.000085732002231     0.000000000000000    -0.000183335155780
     0.000000000000000     3.526919354448849     0.000000000000000
    -1.111768522370963     0.000000000000000     0.912330503218086
30 23
   -23.715154013099149    -0.000000000000000    14.586499353681466
    -0.000000000000000   -15.546708395626684    -0.000000000000001
    14.273271210751437    -0.000000000000001   -35.993759531730156
30 24
     0.000037045341595     0.000019778122902     0.000005040683671
     0.000019778077007     0.000052427415542     0.000004403456608
     0.000005040725142     0.000004403506481     0.000001059751846
30 25
     0.000135975128827     0.000095607318353     0.000000000000000
     0.000095608032866     0.000046428244945     0.000000000000000
     0.000000000000000     0.000000000000000     0.000034209802335
30 26
     0.000051476949640     0.000038932275541     0.000000000000000
     0.000038932275540     0.000051476949641    -0.000000000000000
     0.000000000000000     0.000000000000000     0.000008205858936
30 27
     0.000135975128827    -0.000095607318353     0.000000000000000
    -0.000095608032866     0.000046428244945    -0.000000000000000
     0.000000000000000    -0.000000000000000     0.000034209802335
30 28
     0.000051476949640    -0.000038932275541     0.000000000000000
    -0.000038932275540     0.000051476949641    -0.000000000000000
    -0.000000000000000     0.000000000000000     0.000008205858936
30 29
   -30.355267009159462    -0.000000000000001    -0.000000000000000
    -0.000000000000000   -22.315022196911531    -0.000000000000000
    -0.000000000000001    -0.000000000000001   -11.896509700288370
30 30
    75.359365600895146     0.000000000000000     0.000000000000001
    -0.000000000000000    39.778088919642698    -0.000000000000000
     0.000000000000001     0.000000000000002    81.545717995251351
30 31
     0.001163286560036     0.000000000000000    -0.000000000000000
    -0.000000000000000    -0.000646246923138     0.000000000000000
     0.000000000000000    -0.000000000000000    -0.000566670493934
30 32
    -1.776079305240219    -0.000000000000000     0.000000000000000
    -0.000000000000000    -0.635369905663778    -0.000000000000000
     0.000000000000000    -0.000000000000000     0.123285253880968
30 33
     0.000291275917809    -0.000167730098218     0.000078550167379
    -0.000167732715304     0.000029987330308    -0.000043922112132
     0.000078551811896    -0.000043922124741     0.000043005755218
30 34
     0.000037045341595    -0.000019778122902     0.000005040683671
    -0.000019778077007     0.000052427415542    -0.000004403456608
     0.000005040725142    -0.000004403506481     0.000001059751846
30 35
     0.000080321722513    -0.000050921872418     0.000019345134389
    -0.000050922769345     0.000015437093510    -0.000012019510996
     0.000019345601111    -0.000012019549791    -0.000003133895469
30 36
     0.000012227231446    -0.000009420159130     0.000001831672731
    -0.000009420146524     0.000014275802059    -0.000001856157783
     0.000001831693483    -0.000001856181997    -0.000001113489249
30 37
    -0.107117950727186    -0.000000000000000     0.120256028045909
     0.000000000000000    -0.562001547433651     0.000000000000000
     0.120251328863238    -0.000000000000000    -0.104480245274672
30 38
     2.244364296141584     0.000000000000000     1.168082053511981
     0.000000000000000     1.837610954688314     0.000000000000000
    -1.445747117432669     0.000000000000000    -0.751944605014076
30 39
     0.000275837400932    -0.000000000000000     0.000099534475210
     0.000000000000000    -0.000053319666257     0.000000000000000
     0.000099537737448    -0.000000000000000     0.000021310286211
30 40
    -0.013476376059478     0.000000000000000    -0.011286781988104
     0.000000000000000     0.500903048192477    -0.000000000000000
    -0.011289155226836     0.000000000000000    -0.007991164883193
30 41
     0.000080321722513     0.000050921872418    -0.000019345134389
     0.000050922769345     0.000015437093510    -0.000012019510996
    -0.000019345601111    -0.000012019549791    -0.000003133895469
30 42
     0.000012227231446     0.000009420159130    -0.000001831672731
     0.000009420146524     0.000014275802059    -0.000001856157783
    -0.000001831693483    -0.000001856181997    -0.000001113489249
30 43
     0.000080321722513    -0.000050921872418    -0.000019345134389
    -0.000050922769345     0.000015437093510     0.000012019510996
    -0.000019345601111     0.000012019549791    -0.000003133895469
30 44
     0.000012227231446    -0.000009420159130    -0.000001831672731
    -0.000009420146524     0.000014275802059     0.000001856157783
    -0.000001831693483     0.000001856181997    -0.000001113489249
30 45
     0.000275837400932    -0.000000000000000    -0.000099534475210
    -0.000000000000000    -0.000053319666257     0.000000000000000
    -0.000099537737448    -0.000000000000000     0.000021310286211
30 46
    -0.013476376059478     0.000000000000000     0.011286781988104
    -0.000000000000000     0.500903048192477     0.000000000000000
     0.011289155226836     0.000000000000000    -0.007991164883193
30 47
    -0.107117950727186    -0.000000000000000    -0.120256028045909
     0.000000000000000    -0.562001547433651    -0.000000000000000
    -0.120251328863238    -0.000000000000000    -0.104480245274672
30 48
     2.244364296141584     0.000000000000000    -1.168082053511981
    -0.000000000000000     1.837610954688314    -0.000000000000000
     1.445747117432669     0.000000000000000    -0.751944605014076
30 49
     0.000080321722513     0.000050921872418     0.000019345134389
     0.000050922769345     0.000015437093510     0.000012019510996
     0.000019345601111     0.000012019549791    -0.000003133895469
30 50
     0.000012227231446     0.000009420159130     0.000001831672731
     0.000009420146524     0.000014275802059     0.000001856157783
     0.000001831693483     0.000001856181997    -0.000001113489249
31 1
    -0.013201588204421     0.000000000000000    -0.006653505822237
     0.000000000000000     0.258445295036159    -0.000000000000000
    -0.006655207919717     0.000000000000000    -0.002668905208983
31 2
    -0.013201588204421     0.000000000000000     0.006653505822237
     0.000000000000000     0.258445295036159    -0.000000000000000
     0.006655207919717     0.000000000000000    -0.002668905208983
31 3
     0.000893549691102     0.000514704567836    -0.000471122689912
     0.000514710627206    -0.000128389528772    -0.000198516579382
    -0.000471123874616    -0.000198515116347     0.000587120616859
31 4
     0.001058861188822    -0.000000000000000     0.000126137155717
     0.000000000000000    -0.000178666328267     0.000000000000000
     0.000126141005452    -0.000000000000000    -0.000121668171130
31 5
    -0.698542373129279     0.000000000000000    -2.061765307659387
     0.000000000000000     1.044461716757703    -0.000000000000000
     0.573027718735907     0.000000000000000     1.691603336261375
31 6
     0.000893549691102    -0.000514704567836     0.000471122689912
    -0.000514710627206    -0.000128389528772    -0.000198516579382
     0.000471123874616    -0.000198515116347     0.000587120616859
31 7
     0.000893549691102     0.000514704567836     0.000471122689912
     0.000514710627206    -0.000128389528772     0.000198516579382
     0.000471123874616     0.000198515116347     0.000587120616859
31 8
    -0.698542373129280     0.000000000000000     2.061765307659387
     0.000000000000000     1.044461716757703    -0.000000000000000
    -0.573027718735907     0.000000000000000     1.691603336261375
31 9
     0.001058861188822    -0.000000000000000    -0.000126137155717
     0.000000000000000    -0.000178666328267    -0.000000000000000
    -0.000126141005452    -0.000000000000000    -0.000121668171130
31 10
     0.000893549691102    -0.000514704567836    -0.000471122689912
    -0.000514710627206    -0.000128389528772     0.000198516579382
    -0.000471123874616     0.000198515116347     0.000587120616859
31 11
     0.000517984645919     0.000000000000000     0.000007885435379
     0.000000000000000    -0.000083865367481     0.000000000000000
     0.000007885708925    -0.000000000000000    -0.000031795793336
31 12
    -0.022881685352128     0.000000000000000     0.007676166124384
    -0.000000000000000     0.368143197077543    -0.000000000000000
     0.007678918862833     0.000000000000000    -0.002039783800466
31 13
   -26.359363466558282    -0.000000000000000   -14.521742007226075
     0.000000000000001   -15.691348182296835     0.000000000000000
   -16.970181123497134    -0.000000000000001   -32.600026736474064
31 14
     0.000040566461562     0.000000000000000     0.000162974645171
    -0.000000000000000     2.793464659219200     0.000000000000000
     1.594987647780588     0.000000000000000     1.027690548764938
31 15
     0.000606177951587    -0.000648604443611     0.000370991469581
    -0.000648608437943     0.000240322491419    -0.000283185626296
     0.000370993866780    -0.000283185503177     0.000244012727807
31 16
     0.000028608182622    -0.000047384133182     0.000012532164013
    -0.000047383622214     0.000126232375390    -0.000014784199055
     0.000012532211393    -0.000014784476559     0.000007388423759
31 17
     0.000606177951587     0.000648604443611     0.000370991469581
     0.000648608437943     0.000240322491419     0.000283185626296
     0.000370993866780     0.000283185503177     0.000244012727807
31 18
     0.000028608182622     0.000047384133182     0.000012532164013
     0.000047383622214     0.000126232375390     0.000014784199055
     0.000012532211393     0.000014784476559     0.000007388423759
31 19
     0.000606177951587    -0.000648604443611    -0.000370991469581
    -0.000648608437943     0.000240322491419     0.000283185626296
    -0.000370993866780     0.000283185503177     0.000244012727807
31 20
   -26.359363466558278    -0.000000000000000    14.521742007226075
    -0.000000000000001   -15.691348182296835    -0.000000000000000
    16.970181123497131    -0.000000000000001   -32.600026736474064
31 21
     0.000040566461562    -0.000000000000000    -0.000162974645171
     0.000000000000000     2.793464659219200    -0.000000000000000
    -1.594987647780588     0.000000000000000     1.027690548764938
31 22
     0.000517984645919    -0.000000000000000    -0.000007885435379
    -0.000000000000000    -0.000083865367481     0.000000000000000
    -0.000007885708925    -0.000000000000000    -0.000031795793336
31 23
    -0.022881685352128     0.000000000000000    -0.007676166124384
     0.000000000000000     0.368143197077543    -0.000000000000000
    -0.007678918862833     0.000000000000000    -0.002039783800466
31 24
     0.000028608182622    -0.000047384133182    -0.000012532164013
    -0.000047383622214     0.000126232375390     0.000014784199055
    -0.000012532211393     0.000014784476559     0.000007388423759
31 25
     0.000195323279484    -0.000294120489853     0.000000000000000
    -0.000294120489846     0.000195323279486     0.000000000000000
    -0.000000000000000    -0.000000000000000     0.000166045023420
31 26
     0.000046428244962    -0.000095608032854     0.000000000000000
    -0.000095607318364     0.000135975128820    -0.000000000000000
    -0.000000000000000     0.000000000000000     0.000034209802313
31 27
     0.000195323279484     0.000294120489853     0.000000000000000
     0.000294120489846     0.000195323279486    -0.000000000000000
     0.000000000000000     0.000000000000000     0.000166045023420
31 28
     0.000046428244962     0.000095608032854     0.000000000000000
     0.000095607318364     0.000135975128820    -0.000000000000000
     0.000000000000000     0.000000000000000     0.000034209802313
31 29
     0.000841068459972    -0.000000000000000    -0.000000000000000
    -0.000000000000000    -0.000134581309601     0.000000000000000
     0.000000000000000    -0.000000000000000    -0.000095649145555
31 30
     0.001163286560036    -0.000000000000000    -0.000000000000000
    -0.000000000000000    -0.000646246923138     0.000000000000000
     0.000000000000000    -0.000000000000000    -0.000566670493956
31 31
    81.332799161916611     0.000000000000000     0.000000000000001
     0.000000000000000    41.882063724820043    -0.000000000000000
     0.000000000000005     0.000000000000000    73.207004312900096
31 32
   -30.355420762959199    -0.000000000000000    -0.000000000000000
     0.000000000000000   -22.315013981606103     0.000000000000000
    -0.000000000000001    -0.000000000000002   -11.898514692222994
31 33
     0.000606177951587     0.000648604443611    -0.000370991469581
     0.000648608437943     0.000240322491419    -0.000283185626296
    -0.000370993866780    -0.000283185503177     0.000244012727807
31 34
     0.000028608182622     0.000047384133182    -0.000012532164013
     0.000047383622214     0.000126232375390    -0.000014784199055
    -0.000012532211393    -0.000014784476559     0.000007388423759
31 35
     0.000220656201562     0.000245319610509    -0.000106247592784
     0.000245321372182     0.000128815902347    -0.000088546392945
    -0.000106249091826    -0.000088546953380    -0.000010518392945
31 36
     0.000049055824633     0.000005409099545    -0.000027163482361
     0.000014065394848     0.000049337675845    -0.000000463801554
    -0.000028254461314     0.000005256671096     0.000011361148866
31 37
     0.000096087940498    -0.000000000000000    -0.000004823655047
     0.000000000000000    -0.000016780955622    -0.000000000000000
    -0.000004823821339    -0.000000000000000     0.000003065279907
31 38
     0.000643650958482    -0.000000000000000    -0.000346149533363
     0.000000000000000    -0.000160323674641    -0.000000000000000
    -0.000346151250063    -0.000000000000000     0.000093196761273
31 39
     1.842770337237696     0.000000000000000     0.493830575658539
     0.000000000000000     1.893797334469094    -0.000000000000000
    -1.511870306802757     0.000000000000000    -0.404738910935432
31 40
    -0.244667599405088    -0.000000000000000     0.344809000192469
     0.000000000000000    -0.450822777668256     0.000000000000000
     0.344835774279102    -0.000000000000000    -0.365554981077347
31 41
     0.000220656201562    -0.000245319610509     0.000106247592784
    -0.000245321372182     0.000128815902347    -0.000088546392945
     0.000106249091826    -0.000088546953380    -0.000010518392945
31 42
     0.000049055824633    -0.000005409099545     0.000027163482361
    -0.000014065394848     0.000049337675845    -0.000000463801554
     0.000028254461314     0.000005256671096     0.000011361148866
31 43
     0.000220656201562     0.000245319610509     0.000106247592784
     0.000245321372182     0.000128815902347     0.000088546392945
     0.000106249091826     0.000088546953380    -0.000010518392945
31 44
     0.000049055824633     0.000005409099545     0.000027163482361
     0.000014065394848     0.000049337675845     0.000000463801554
     0.000028254461314    -0.000005256671096     0.000011361148866
31 45
     1.842770337237696     0.000000000000000    -0.493830575658539
    -0.000000000000000     1.893797334469094     0.000000000000000
     1.511870306802757     0.000000000000000    -0.404738910935432
31 46
    -0.244667599405088    -0.000000000000000    -0.344809000192469
     0.000000000000000    -0.450822777668256    -0.000000000000000
    -0.344835774279102    -0.000000000000000    -0.365554981077347
31 47
     0.000096087940498     0.000000000000000     0.000004823655047
     0.000000000000000    -0.000016780955622    -0.000000000000000
     0.000004823821339    -0.000000000000000     0.000003065279907
31 48
     0.000643650958482    -0.000000000000000     0.000346149533363
     0.000000000000000    -0.000160323674641    -0.000000000000000
     0.000346151250063    -0.000000000000000     0.000093196761273
31 49
     0.000220656201562    -0.000245319610509    -0.000106247592784
    -0.000245321372182     0.000128815902347     0.000088546392945
    -0.000106249091826     0.000088546953380    -0.000010518392945
31 50
     0.000049055824633    -0.000005409099545    -0.000027163482361
    -0.000014065394848     0.000049337675845     0.000000463801554
    -0.000028254461314    -0.000005256671096     0.000011361148866
32 1
     0.001071394943198    -0.000000000000000     0.000312590659985
     0.000000000000000    -0.000229179797020    -0.000000000000000
     0.000312592380268    -0.000000000000000     0.000008130161373
32 2
     0.001071394943198    -0.000000000000000    -0.000312590659985
     0.000000000000000    -0.000229179797020    -0.000000000000000
    -0.000312592380268    -0.000000000000000     0.000008130161373
32 3
     0.000365654828383     0.000118610110573    -0.000085075416863
     0.000118612908645    -0.000047068929456    -0.000026531555047
    -0.000085077589632    -0.000026531372231     0.000091831695524
32 4
     0.000421773745434     0.000000000000000    -0.000005137351124
     0.000000000000000    -0.000066347512419     0.000000000000000
    -0.000005137539745    -0.000000000000000    -0.000035622582582
32 5
    -0.028054583177204     0.000000000000000    -0.005148037266005
    -0.000000000000000     0.377528304033336     0.000000000000000
    -0.005150171829788     0.000000000000000    -0.000313238116038
32 6
     0.000365654828383    -0.000118610110573     0.000085075416863
    -0.000118612908645    -0.000047068929456    -0.000026531555047
     0.000085077589632    -0.000026531372231     0.000091831695524
32 7
     0.000365654828383     0.000118610110573     0.000085075416863
     0.000118612908645    -0.000047068929456     0.000026531555047
     0.000085077589632     0.000026531372231     0.000091831695524
32 8
    -0.028054583177204     0.000000000000000     0.005148037266005
    -0.000000000000000     0.377528304033336     0.000000000000000
     0.005150171829788     0.000000000000000    -0.000313238116038
32 9
     0.000421773745434    -0.000000000000000     0.000005137351124
     0.000000000000000    -0.000066347512419    -0.000000000000000
     0.000005137539745    -0.000000000000000    -0.000035622582582
32 10
     0.000365654828383    -0.000118610110573    -0.000085075416863
    -0.000118612908645    -0.000047068929456     0.000026531555047
    -0.000085077589632     0.000026531372231     0.000091831695524
32 11
     0.001235953451401    -0.000000000000000    -0.000239836669773
     0.000000000000000    -0.000220421222317    -0.000000000000000
    -0.000239842692693    -0.000000000000000    -0.000103859329567
32 12
    -0.000003853311449    -0.000000000000000     1.645183747592999
    -0.000000000000000     1.452564242204699    -0.000000000000000
     0.000136273478847     0.000000000000000     1.059999168792507
32 13
     0.000085732002231     0.000000000000000    -0.000183335155780
     0.000000000000000     3.526919354448849     0.000000000000000
    -1.111768522370963     0.000000000000000     0.912330503218086
32 14
   -23.715154013099149    -0.000000000000000    14.586499353681466
    -0.000000000000000   -15.546708395626684    -0.000000000000001
    14.273271210751437    -0.000000000000001   -35.993759531730156
32 15
     0.000291275917809    -0.000167730098218     0.000078550167379
    -0.000167732715304     0.000029987330308    -0.000043922112132
     0.000078551811896    -0.000043922124741     0.000043005755218
32 16
     0.000037045341595    -0.000019778122902     0.000005040683671
    -0.000019778077007     0.000052427415542    -0.000004403456608
     0.000005040725142    -0.000004403506481     0.000001059751846
32 17
     0.000291275917809     0.000167730098218     0.000078550167379
     0.000167732715304     0.000029987330308     0.000043922112132
     0.000078551811896     0.000043922124741     0.000043005755218
32 18
     0.000037045341595     0.000019778122902     0.000005040683671
     0.000019778077007     0.000052427415542     0.000004403456608
     0.000005040725142     0.000004403506481     0.000001059751846
32 19
     0.000291275917809    -0.000167730098218    -0.000078550167379
    -0.000167732715304     0.000029987330308     0.000043922112132
    -0.000078551811896     0.000043922124741     0.000043005755218
32 20
     0.000085732002231     0.000000000000000     0.000183335155780
     0.000000000000000     3.526919354448849    -0.000000000000000
     1.111768522370963     0.000000000000000     0.912330503218086
32 21
   -23.715154013099149    -0.000000000000000   -14.586499353681468
    -0.000000000000000   -15.546708395626684    -0.000000000000000
   -14.273271210751437    -0.000000000000001   -35.993759531730156
32 22
     0.001235953451401    -0.000000000000000     0.000239836669773
    -0.000000000000000    -0.000220421222317     0.000000000000000
     0.000239842692693    -0.000000000000000    -0.000103859329567
32 23
    -0.000003853311449     0.000000000000000    -1.645183747592999
    -0.000000000000000     1.452564242204699    -0.000000000000000
    -0.000136273478847     0.000000000000000     1.059999168792506
32 24
     0.000037045341595    -0.000019778122902    -0.000005040683671
    -0.000019778077007     0.000052427415542     0.000004403456608
    -0.000005040725142     0.000004403506481     0.000001059751846
32 25
     0.000135975128827    -0.000095607318353     0.000000000000000
    -0.000095608032866     0.000046428244945    -0.000000000000000
     0.000000000000000    -0.000000000000000     0.000034209802335
32 26
     0.000051476949640    -0.000038932275541     0.000000000000000
    -0.000038932275540     0.000051476949641    -0.000000000000000
    -0.000000000000000     0.000000000000000     0.000008205858936
32 27
     0.000135975128827     0.000095607318353     0.000000000000000
     0.000095608032866     0.000046428244945     0.000000000000000
     0.000000000000000     0.000000000000000     0.000034209802335
32 28
     0.000051476949640     0.000038932275541     0.000000000000000
     0.000038932275540     0.000051476949641    -0.000000000000000
     0.000000000000000     0.000000000000000     0.000008205858936
32 29
     0.001163286560036     0.000000000000000    -0.000000000000000
    -0.000000000000000    -0.000646246923138     0.000000000000000
     0.000000000000000    -0.000000000000000    -0.000566670493934
32 30
    -1.776079305240219    -0.000000000000000     0.000000000000000
    -0.000000000000000    -0.635369905663778    -0.000000000000000
     0.000000000000000    -0.000000000000000     0.123285253880968
32 31
   -30.355267009159462    -0.000000000000001    -0.000000000000000
    -0.000000000000000   -22.315022196911531    -0.000000000000000
    -0.000000000000001    -0.000000000000001   -11.896509700288370
32 32
    75.359365600895146     0.000000000000000     0.000000000000001
    -0.000000000000000    39.778088919642698    -0.000000000000000
     0.000000000000001     0.000000000000002    81.545717995251351
32 33
     0.000291275917809     0.000167730098218    -0.000078550167379
     0.000167732715304     0.000029987330308    -0.000043922112132
    -0.000078551811896    -0.000043922124741     0.000043005755218
32 34
     0.000037045341595     0.000019778122902    -0.000005040683671
     0.000019778077007     0.000052427415542    -0.000004403456608
    -0.000005040725142    -0.000004403506481     0.000001059751846
32 35
     0.000080321722513     0.000050921872418    -0.000019345134389
     0.000050922769345     0.000015437093510    -0.000012019510996
    -0.000019345601111    -0.000012019549791    -0.000003133895469
32 36
     0.000012227231446     0.000009420159130    -0.000001831672731
     0.000009420146524     0.000014275802059    -0.000001856157783
    -0.000001831693483    -0.000001856181997    -0.000001113489249
32 37
     0.000275837400932    -0.000000000000000    -0.000099534475210
    -0.000000000000000    -0.000053319666257     0.000000000000000
    -0.000099537737448    -0.000000000000000     0.000021310286211
32 38
    -0.013476376059478     0.000000000000000     0.011286781988104
    -0.000000000000000     0.500903048192477     0.000000000000000
     0.011289155226836     0.000000000000000    -0.007991164883193
32 39
    -0.107117950727186    -0.000000000000000    -0.120256028045909
     0.000000000000000    -0.562001547433651    -0.000000000000000
    -0.120251328863238    -0.000000000000000    -0.104480245274672
32 40
     2.244364296141584     0.000000000000000    -1.168082053511981
    -0.000000000000000     1.837610954688314    -0.000000000000000
     1.445747117432669     0.000000000000000    -0.751944605014076
32 41
     0.000080321722513    -0.000050921872418     0.000019345134389
    -0.000050922769345     0.000015437093510    -0.000012019510996
     0.000019345601111    -0.000012019549791    -0.000003133895469
32 42
     0.000012227231446    -0.000009420159130     0.000001831672731
    -0.000009420146524     0.000014275802059    -0.000001856157783
     0.000001831693483    -0.000001856181997    -0.000001113489249
32 43
     0.000080321722513     0.000050921872418     0.000019345134389
     0.000050922769345     0.000015437093510     0.000012019510996
     0.000019345601111     0.000012019549791    -0.000003133895469
32 44
     0.000012227231446     0.000009420159130     0.000001831672731
     0.000009420146524     0.000014275802059     0.000001856157783
     0.000001831693483     0.000001856181997    -0.000001113489249
32 45
    -0.107117950727186    -0.000000000000000     0.120256028045909
     0.000000000000000    -0.562001547433651     0.000000000000000
     0.120251328863238    -0.000000000000000    -0.104480245274672
32 46
     2.244364296141584     0.000000000000000     1.168082053511981
     0.000000000000000     1.837610954688314     0.000000000000000
    -1.445747117432669     0.000000000000000    -0.751944605014076
32 47
     0.000275837400932    -0.000000000000000     0.000099534475210
     0.000000000000000    -0.000053319666257     0.000000000000000
     0.000099537737448    -0.000000000000000     0.000021310286211
32 48
    -0.013476376059478     0.000000000000000    -0.011286781988104
     0.000000000000000     0.500903048192477    -0.000000000000000
    -0.011289155226836     0.000000000000000    -0.007991164883193
32 49
     0.000080321722513    -0.000050921872418    -0.000019345134389
    -0.000050922769345     0.000015437093510     0.000012019510996
    -0.000019345601111     0.000012019549791    -0.000003133895469
32 50
     0.000012227231446    -0.000009420159130    -0.000001831672731
    -0.000009420146524     0.000014275802059     0.000001856157783
    -0.000001831693483     0.000001856181997    -0.000001113489249
33 1
     0.267227960846254    -0.000000000000000    -0.000000000000000
    -0.000000000000000    -0.012349437484479    -0.014084846601855
    -0.000000000000000    -0.014086310429585    -0.011916231089498
33 2
     1.161056034677194    -0.000000000000000    -0.000000000000000
     0.000000000000000    -0.255129283813854    -0.351593974296167
    -0.000000000000000     0.753104036844172     1.038107213326021
33 3
   -10.334491012156791    -0.000000000000002    -0.000000000000001
     0.000000000000000   -42.731625277771812    -9.961976582453786
     0.000000000000000    -7.771221425890710   -17.583230447324073
33 4
    -0.000258779250527    -0.000770034130190     0.000238639715947
    -0.000770044443541     0.000718882767926    -0.000432202618021
     0.000238646846994    -0.000432186078276     0.001362729320385
33 5
    -0.000258779250527     0.000770034130190    -0.000238639715947
     0.000770044443541     0.000718882767926    -0.000432202618021
    -0.000238646846994    -0.000432186078276     0.001362729320385
33 6
    -0.000388568218017     0.000000000000000     0.000000000000000
    -0.000000000000000     0.001607212092892     0.000665905112350
     0.000000000000000     0.000665905087269     0.000011942405173
33 7
     1.359325054605942     0.000000000000000    -0.000000000000000
    -0.000000000000000     1.002488343429894    -0.000194704521803
     0.000000000000000    -2.959209569154359     0.000740732569904
33 8
    -0.003540837333999    -0.006446473681490     0.004302340941777
    -0.006444936205323    -0.011646486907908     0.007789078008219
     0.004300574072112     0.007787688098813    -0.004636692256127
33 9
    -0.003540837333999     0.006446473681490    -0.004302340941777
     0.006444936205323    -0.011646486907908     0.007789078008219
    -0.004300574072112     0.007787688098813    -0.004636692256127
33 10
    -0.000532702809766     0.000000000000000     0.000000000000000
    -0.000000000000000     0.001850506585490     0.000213857361129
    -0.000000000000000     0.000213873651018    -0.000448320134229
33 11
     0.000393312803124    -0.000785568035528     0.000000000000003
    -0.000785568035539     0.000393312803141     0.000000000000000
     0.000000000000009     0.000000000000000     0.000849895611728
33 12
     0.000175759066446    -0.000053420802202    -0.000002937293232
    -0.000053421677289     0.000002879608086     0.000001916669934
    -0.000002937207398     0.000001916560119     0.000028773736722
33 13
     0.000393312803124     0.000785568035528    -0.000000000000003
     0.000785568035539     0.000393312803141     0.000000000000000
    -0.000000000000009     0.000000000000000     0.000849895611728
33 14
     0.000175759066446     0.000053420802202     0.000002937293232
     0.000053421677289     0.000002879608086     0.000001916669934
     0.000002937207398     0.000001916560119     0.000028773736722
33 15
    -0.000111279676222     0.000000000000000     0.000000000000000
     0.000000000000000     0.000592308917826     0.000138013753202
    -0.000000000000000     0.000138010958393     0.000038200146799
33 16
    -0.000355088077318     0.000000000000000    -0.000000000000000
    -0.000000000000000     0.001423394828745    -0.000642543711866
     0.000000000000000    -0.000642538962369     0.000230046297782
33 17
     0.923857950027207     0.000000000000000    -0.000000000000000
    -0.000000000000000     1.786416079450603    -1.465876607398588
    -0.000000000000000     1.465953196245936    -1.200888359343595
33 18
     1.669041822728465    -0.000000000000000     0.000000000000000
    -0.000000000000000    -0.014482078485570     0.011171083275420
     0.000000000000000     0.011171217393720    -0.007201022411376
33 19
    -0.000157364137158     0.000000000000000     0.000000000000000
     0.000000000000000     0.000970082095422    -0.000000000000000
    -0.000000000000000     0.000000000000000    -0.000116054461879
33 20
    -0.000517032035271     0.000163977365115     0.000000873459221
     0.000163977365108    -0.000517032035274     0.000000873459220
     0.000000574754099     0.000000574754100    -0.000498765301411
33 21
     0.000268367906925     0.000088719960565    -0.000031326866511
     0.000088722089603     0.000014521640871    -0.000020403127623
    -0.000031325808374    -0.000020401874898    -0.000014554580722
33 22
    -0.000517032035271    -0.000163977365115    -0.000000873459221
    -0.000163977365108    -0.000517032035274     0.000000873459220
    -0.000000574754099     0.000000574754100    -0.000498765301411
33 23
     0.000268367906925    -0.000088719960565     0.000031326866511
    -0.000088722089603     0.000014521640871    -0.000020403127623
     0.000031325808374    -0.000020401874898    -0.000014554580722
33 24
    -0.000589235797417     0.000000000000000     0.000000000000000
     0.000000000000000     0.001810327417099     0.000051435730515
    -0.000000000000000     0.000051441411660    -0.000513300964205
33 25
    -0.000083865705419     0.000000000000000     0.000000000000000
    -0.000000000000000     0.000517985321127     0.000007885489070
    -0.000000000000000     0.000007885288375    -0.000031794385880
33 26
    -0.000220422287735     0.000000000000000    -0.000000000000000
     0.000000000000000     0.001235954583552    -0.000239838163884
    -0.000000000000000    -0.000239833418385    -0.000103854660827
33 27
   -15.691630806681244    -0.000000000000001     0.000000000000001
    -0.000000000000000   -26.358732068643459    16.971081553708068
     0.000000000000000    14.523265498501445   -32.597399888618384
33 28
     3.527009936054910     0.000000000000000     0.000000000000000
     0.000000000000000     0.000002874963150     1.111889643641913
     0.000000000000000     0.000115360952466     0.912288890746191
33 29
     0.000606177098404    -0.000648602937767     0.000370993580960
    -0.000648607507839     0.000240322297210    -0.000283187521094
     0.000370985226670    -0.000283178900198     0.000244003727060
33 30
     0.000291275842063    -0.000167729887816     0.000078550673954
    -0.000167732882088     0.000029987421651    -0.000043922536950
     0.000078548309162    -0.000043920123224     0.000043003455238
33 31
     0.000606177098404     0.000648602937767    -0.000370993580960
     0.000648607507839     0.000240322297210    -0.000283187521094
    -0.000370985226670    -0.000283178900198     0.000244003727060
33 32
     0.000291275842063     0.000167729887816    -0.000078550673954
     0.000167732882088     0.000029987421651    -0.000043922536950
    -0.000078548309162    -0.000043920123224     0.000043003455238
33 33
    26.272775666573835     0.000000000000004    -0.000000000000000
    -0.000000000000000    79.119475898737051    -0.960773552546950
     0.000000000000000    -0.960016042665282    78.510378023880975
33 34
    -1.617444442960987    -0.000000000000000    -0.000000000000000
    -0.000000000000000    -0.782676411491721    -0.029063293683500
    -0.000000000000000    -0.029055454325247     0.050687537106304
33 35
    -8.032795362989443    -0.000000000000001    -0.000000000000000
     0.000000000000000   -11.413070413993502    -5.193737522754857
    -0.000000000000000    -4.903207463778123   -29.008974360422052
33 36
     0.025464952907426    -0.000000000000000    -0.000000000000000
     0.000000000000000    -0.333796181514676    -0.137346960414531
     0.000000000000000    -0.137319165849009    -0.026956359276427
33 37
     0.000179259333437    -0.000259079008912    -0.000163956636042
    -0.000259079760489     0.000132913258602     0.000150123132136
    -0.000163952259548     0.000150118623849     0.000139248648739
33 38
     0.000056671789624    -0.000027383048172    -0.000012182620357
    -0.000027383575500     0.000004133102163     0.000006683302061
    -0.000012182245433     0.000006682909484     0.000007552803834
33 39
     0.000179259333437     0.000259079008912     0.000163956636042
     0.000259079760489     0.000132913258602     0.000150123132136
     0.000163952259548     0.000150118623849     0.000139248648739
33 40
     0.000056671789624     0.000027383048172     0.000012182620357
     0.000027383575500     0.000004133102163     0.000006683302061
     0.000012182245433     0.000006682909484     0.000007552803834
33 41
    -0.000017659625387     0.000000000000000     0.000000000000000
    -0.000000000000000     0.000088276796976     0.000008149523859
     0.000000000000000     0.000008149376408     0.000016003140118
33 42
    -0.000038982337909     0.000000000000000    -0.000000000000000
     0.000000000000000     0.000167167671801    -0.000033541601384
    -0.000000000000000    -0.000033541133300     0.000057616746953
33 43
     0.477259038542177     0.000000000000000     0.000000000000000
    -0.000000000000000     0.002885030373178     0.006287285092215
     0.000000000000000     0.006290904592032    -0.070161042611930
33 44
    -0.000388992669592     0.000000000000000    -0.000000000000000
     0.000000000000000     0.000320407152811    -0.000197160986387
    -0.000000000000000    -0.000197103070907     0.000834803281163
33 45
     0.000414335209908     0.000600198575129    -0.000088371442862
     0.000600193388222     0.000307785114298    -0.000080926214512
    -0.000088379964610    -0.000080934749575    -0.000210532576954
33 46
     0.000097831298441     0.000049628903839    -0.000006142372018
     0.000049630245002     0.000010667498233    -0.000003453649431
    -0.000006142126935    -0.000003453409886    -0.000012644201573
33 47
     0.000414335209908    -0.000600198575129     0.000088371442862
    -0.000600193388222     0.000307785114298    -0.000080926214512
     0.000088379964610    -0.000080934749575    -0.000210532576954
33 48
     0.000097831298441    -0.000049628903839     0.000006142372018
    -0.000049630245002     0.000010667498233    -0.000003453649431
     0.000006142126935    -0.000003453409886    -0.000012644201573
33 49
    -0.000026610803860     0.000000000000000    -0.000000000000000
    -0.000000000000000     0.000166716125079    -0.000018700536653
    -0.000000000000000    -0.000018700017376    -0.000012394726298
33 50
    -0.000078703486288     0.000000000000000     0.000000000000000
     0.000000000000000     0.000458813518361     0.000095859176744
     0.000000000000000     0.000095856771049    -0.000041615990561
34 1
    -0.000094191640524     0.000000000000000     0.000000000000000
     0.000000000000000     0.000462584299766     0.000051840949771
    -0.000000000000000     0.000051840081829     0.000075066748379
34 2
    -0.000140840609870     0.000000000000000    -0.000000000000000
    -0.000000000000000     0.000837532746273    -0.000056348833291
    -0.000000000000000    -0.000056347664598    -0.000084171909763
34 3
    -0.000546378593935     0.000000000000000     0.000000000000000
     0.000000000000000     0.001782689927874     0.000262560057493
    -0.000000000000000     0.000262583440176    -0.000446586335948
34 4
    -0.000030824358662    -0.000041857558147     0.000007913709365
    -0.000041856454308     0.000230320226376    -0.000023142767811
     0.000007913229910    -0.000023142269541     0.000037857309814
34 5
    -0.000030824358662     0.000041857558147    -0.000007913709365
     0.000041856454308     0.000230320226376    -0.000023142767811
    -0.000007913229910    -0.000023142269541     0.000037857309814
34 6
    -0.000083796441747     0.000000000000000    -0.000000000000000
     0.000000000000000     0.000472997951730    -0.000097899113343
     0.000000000000000    -0.000097896897136     0.000006225910925
34 7
    -0.000388257575062     0.000000000000000     0.000000000000000
     0.000000000000000     0.001570677619697     0.000689580621955
    -0.000000000000000     0.000689580113661     0.000058536576651
34 8
    -0.000035680982638     0.000064269715853    -0.000018379754768
     0.000064267479864     0.000329201256224    -0.000052735541879
    -0.000018378523645    -0.000052734121057    -0.000000849333438
34 9
    -0.000035680982638    -0.000064269715853     0.000018379754768
    -0.000064267479864     0.000329201256224    -0.000052735541879
     0.000018378523645    -0.000052734121057    -0.000000849333438
34 10
    -0.000105681967558     0.000000000000000    -0.000000000000000
     0.000000000000000     0.000660738726124    -0.000048985200638
    -0.000000000000000    -0.000048983879428    -0.000068578408891
34 11
     0.000002879608083    -0.000053421677287     0.000001916669922
    -0.000053420802214     0.000175759066445    -0.000002937293222
     0.000001916560119    -0.000002937207404     0.000028773736722
34 12
     0.000034568078108    -0.000007628634044     0.000000000000003
    -0.000007628634045     0.000034568078113     0.000000000000003
     0.000000000000008     0.000000000000000     0.000001182986597
34 13
     0.000002879608083     0.000053421677287    -0.000001916669922
     0.000053420802214     0.000175759066445    -0.000002937293222
    -0.000001916560119    -0.000002937207404     0.000028773736722
34 14
     0.000034568078108     0.000007628634044    -0.000000000000003
     0.000007628634045     0.000034568078113     0.000000000000003
    -0.000000000000008     0.000000000000000     0.000001182986597
34 15
    -0.000355088077318     0.000000000000000    -0.000000000000000
     0.000000000000000     0.001423394828744    -0.000642543711877
    -0.000000000000000    -0.000642538962376     0.000230046297782
34 16
    -0.382436414319756    -0.000000000000000     0.000000000000000
    -0.000000000000000    -0.921886614932293     2.086195009083952
     0.000000000000000     2.087019384195730    -3.188580588640484
34 17
     1.669054116649119    -0.000000000000000    -0.000000000000000
     0.000000000000000    -0.014482078485568    -0.011171083275425
    -0.000000000000000    -0.011171217393705    -0.007201022411376
34 18
     1.355022609899694     0.000000000000000     0.000000000000000
     0.000000000000000     1.746904887031681     1.125550718573112
    -0.000000000000000    -1.125649176533586    -0.723056821133423
34 19
    -0.000589235797417     0.000000000000000    -0.000000000000000
    -0.000000000000000     0.001810327417099    -0.000051435730515
    -0.000000000000000    -0.000051441411660    -0.000513300964220
34 20
     0.000014521640872     0.000088722089600    -0.000020403127634
     0.000088719960564     0.000268367906923    -0.000031326866501
    -0.000020401874899    -0.000031325808370    -0.000014554580722
34 21
     0.000040246119639     0.000011070482685    -0.000002664660602
     0.000011070482679     0.000040246119641    -0.000002664660602
    -0.000002664569275    -0.000002664569277    -0.000004728394506
34 22
     0.000014521640872    -0.000088722089600     0.000020403127634
    -0.000088719960564     0.000268367906923    -0.000031326866501
     0.000020401874899    -0.000031325808370    -0.000014554580722
34 23
     0.000040246119639    -0.000011070482685     0.000002664660602
    -0.000011070482679     0.000040246119641    -0.000002664660602
     0.000002664569275    -0.000002664569277    -0.000004728394506
34 24
   -11.688224482480667    -0.000000000000003    -0.000000000000000
     0.000000000000000   -45.531803292176363    -1.195251092693319
    -0.000000000000000     1.195551442096836   -14.609166519711131
34 25
     0.368141717333113    -0.000000000000000     0.000000000000000
     0.000000000000000    -0.022881852058745     0.007676395451776
    -0.000000000000000     0.007674951425571    -0.002038932041571
34 26
     1.446445952860224    -0.000000000000000    -0.000000000000000
     0.000000000000000     0.000040955804020     0.000165137565149
    -0.000000000000000     1.645128077905095     1.059996614458864
34 27
     2.793701450367262    -0.000000000000000    -0.000000000000000
    -0.000000000000000    -0.000001545392891    -1.595172885407968
    -0.000000000000000    -0.000135851700329     1.027762112651000
34 28
   -15.526095141239983    -0.000000000000001    -0.000000000000001
    -0.000000000000000   -23.714485583015758   -14.273730523126625
     0.000000000000000   -14.587832728549230   -35.992358785505687
34 29
     0.000028608258370    -0.000047384200349     0.000012532287304
    -0.000047383615728     0.000126232460053    -0.000014784301931
     0.000012531615605    -0.000014783810667     0.000007387945515
34 30
     0.000037045402438    -0.000019778141344     0.000005040725279
    -0.000019778088826     0.000052427480127    -0.000004403487268
     0.000005040509872    -0.000004403332359     0.000001059600925
34 31
     0.000028608258370     0.000047384200349    -0.000012532287304
     0.000047383615728     0.000126232460053    -0.000014784301931
    -0.000012531615605    -0.000014783810667     0.000007387945515
34 32
     0.000037045402438     0.000019778141344    -0.000005040725279
     0.000019778088826     0.000052427480127    -0.000004403487268
    -0.000005040509872    -0.000004403332359     0.000001059600925
34 33
    -1.617456736881649    -0.000000000000000    -0.000000000000000
     0.000000000000000    -0.782676411491792    -0.029063293683486
     0.000000000000000    -0.029055454325260     0.050687537106296
34 34
    27.210962784374846     0.000000000000005     0.000000000000000
     0.000000000000000    85.081971473869444     6.038889678421535
     0.000000000000000     6.038480151502327    77.267869536771599
34 35
     0.010691358742139    -0.000000000000000     0.000000000000000
    -0.000000000000000    -0.159548220853568     0.052177406860148
    -0.000000000000000     0.052165465735653    -0.005234934186704
34 36
    -7.998867843735723    -0.000000000000001     0.000000000000000
     0.000000000000000   -15.694290696749041     7.797143656370001
    -0.000000000000000     7.571800878839617   -26.326557972875651
34 37
     0.000003020368961    -0.000012850185468    -0.000003038772890
    -0.000012849967366     0.000038830140292     0.000004591040298
    -0.000003038596760     0.000004590903020     0.000004253663442
34 38
     0.000008182150481    -0.000003241628808    -0.000000610270955
    -0.000003241624292     0.000009898745219     0.000000505387574
    -0.000000610240744     0.000000505364340     0.000000147795619
34 39
     0.000003020368961     0.000012850185468     0.000003038772890
     0.000012849967366     0.000038830140292     0.000004591040298
     0.000003038596760     0.000004590903020     0.000004253663442
34 40
     0.000008182150481     0.000003241628808     0.000000610270955
     0.000003241624292     0.000009898745219     0.000000505387574
     0.000000610240744     0.000000505364340     0.000000147795619
34 41
    -0.000080534226238     0.000000000000000    -0.000000000000000
    -0.000000000000000     0.000285070050979    -0.000074024296415
     0.000000000000000    -0.000074023769494     0.000161862602778
34 42
    -0.000528531492112    -0.000000000000000     0.000000000000000
     0.000000000000000    -0.000571350993413     0.000945675489860
    -0.000000000000000     0.000946134135947    -0.000382432763782
34 43
    -0.000325652543689     0.000000000000000     0.000000000000000
     0.000000000000000     0.000453149463449     0.000240311430858
     0.000000000000000     0.000240293311730     0.000837903978324
34 44
     0.472645309332851     0.000000000000000    -0.000000000000000
    -0.000000000000000     0.000227646178611    -0.004553377980727
    -0.000000000000000    -0.004555881408670    -0.030409847154395
34 45
     0.000006589065326     0.000022224112251    -0.000001396271183
     0.000022223575644     0.000060856811748    -0.000001965723311
    -0.000001396181197    -0.000001965647513    -0.000006922055270
34 46
     0.000010001513020     0.000004308874700    -0.000000233105683
     0.000004308865965     0.000012216616810    -0.000000187448797
    -0.000000233093937    -0.000000187439715    -0.000001602185034
34 47
     0.000006589065326    -0.000022224112251     0.000001396271183
    -0.000022223575644     0.000060856811748    -0.000001965723311
     0.000001396181197    -0.000001965647513    -0.000006922055270
34 48
     0.000010001513020    -0.000004308874700     0.000000233105683
    -0.000004308865965     0.000012216616810    -0.000000187448797
     0.000000233093937    -0.000000187439715    -0.000001602185034
34 49
    -0.000215530631833     0.000000000000000     0.000000000000000
    -0.000000000000000     0.000935923602711     0.000222147061408
    -0.000000000000000     0.000222150994985    -0.000143899959578
34 50
     1.889630724967857    -0.000000000000000     0.000000000000000
    -0.000000000000000     0.000029746815271    -0.000038521556427
    -0.000000000000000    -2.840603295406653     1.478454937920663
35 1
    -0.000272508327431    -0.000000000000000    -0.000000000000000
     0.000000000000000     0.000345312663369    -0.000056408659971
    -0.000000000000000    -0.000056390929480     0.000528294721802
35 2
    -0.386918173858474     0.000000000000000     0.000000000000000
     0.000000000000000    -0.200569455223554    -0.018628069096042
    -0.000000000000000    -0.018623138508691     0.011523662568853
35 3
     1.640725764831062    -0.000000000000000     0.000000000000000
    -0.000000000000000     0.856366303082400    -2.527606127344181
    -0.000000000000000    -0.229547650022360     0.677523345840022
35 4
    -0.000065542187467    -0.000354413092760     0.000213493900692
    -0.000354427981385     0.000458450737744    -0.000422469374640
     0.000213509684154    -0.000422479468559     0.000157194205729
35 5
    -0.000065542187467     0.000354413092760    -0.000213493900692
     0.000354427981385     0.000458450737744    -0.000422469374640
    -0.000213509684154    -0.000422479468559     0.000157194205729
35 6
    -0.000045228217025     0.000000000000000     0.000000000000000
     0.000000000000000     0.000199133976811     0.000081192695020
    -0.000000000000000     0.000081191570857     0.000056968615555
35 7
     0.519137986253620    -0.000000000000000    -0.000000000000000
    -0.000000000000000    -0.009984805661121    -0.021673295015568
    -0.000000000000000    -0.021681893319450    -0.035038044038317
35 8
    -0.000689086694085    -0.000818949715243     0.000234665248182
    -0.000818421466151    -0.001891986471569     0.000463711847125
     0.000234357809385     0.000463395998203    -0.000374045087299
35 9
    -0.000689086694085     0.000818949715243    -0.000234665248182
     0.000818421466151    -0.001891986471569     0.000463711847125
    -0.000234357809385     0.000463395998203    -0.000374045087299
35 10
    -0.000078857237698     0.000000000000000    -0.000000000000000
     0.000000000000000     0.000432115729297     0.000137691499293
     0.000000000000000     0.000137688365830    -0.000016741347024
35 11
     0.000132913258598    -0.000259079760492     0.000150123132124
    -0.000259079008915     0.000179259333436    -0.000163956636040
     0.000150118623860    -0.000163952259547     0.000139248648730
35 12
     0.000038830140288    -0.000012849967365     0.000004591040300
    -0.000012850185472     0.000003020368959    -0.000003038772890
     0.000004590903015    -0.000003038596759     0.000004253663446
35 13
     0.000132913258598     0.000259079760492    -0.000150123132124
     0.000259079008915     0.000179259333436    -0.000163956636040
    -0.000150118623860    -0.000163952259547     0.000139248648730
35 14
     0.000038830140288     0.000012849967365    -0.000004591040300
     0.000012850185472     0.000003020368959    -0.000003038772890
    -0.000004590903015    -0.000003038596759     0.000004253663446
35 15
    -0.000017659625387    -0.000000000000000     0.000000000000000
     0.000000000000000     0.000088276796984     0.000008149523854
    -0.000000000000000     0.000008149376402     0.000016003140110
35 16
    -0.000080534226238     0.000000000000000     0.000000000000000
     0.000000000000000     0.000285070050974    -0.000074024296417
    -0.000000000000000    -0.000074023769497     0.000161862602777
35 17
     0.477250210813454    -0.000000000000000    -0.000000000000000
    -0.000000000000000     0.002885030373183    -0.006287285092223
    -0.000000000000000    -0.006290904592036    -0.070161042611928
35 18
    -0.000325652543689    -0.000000000000000     0.000000000000000
     0.000000000000000     0.000453149463451    -0.000240311430860
    -0.000000000000000    -0.000240293311731     0.000837903978328
35 19
    -0.000026610803860    -0.000000000000000     0.000000000000000
     0.000000000000000     0.000166716125084     0.000018700536651
     0.000000000000000     0.000018700017374    -0.000012394726291
35 20
     0.000307785114290     0.000600193388222    -0.000080926214505
     0.000600198575133     0.000414335209907    -0.000088371442858
    -0.000080934749582    -0.000088379964609    -0.000210532576956
35 21
     0.000060856811749     0.000022223575640    -0.000001965723314
     0.000022224112252     0.000006589065326    -0.000001396271181
    -0.000001965647519    -0.000001396181198    -0.000006922055259
35 22
     0.000307785114290    -0.000600193388222     0.000080926214505
    -0.000600198575133     0.000414335209907    -0.000088371442858
     0.000080934749582    -0.000088379964609    -0.000210532576956
35 23
     0.000060856811749    -0.000022223575640     0.000001965723314
    -0.000022224112252     0.000006589065326    -0.000001396271181
     0.000001965647519    -0.000001396181198    -0.000006922055259
35 24
    -0.000215530631833     0.000000000000000    -0.000000000000000
     0.000000000000000     0.000935923602714    -0.000222147061395
    -0.000000000000000    -0.000222150994992    -0.000143899959580
35 25
    -0.000016781003353     0.000000000000000    -0.000000000000000
     0.000000000000000     0.000096087938359    -0.000004823683548
     0.000000000000000    -0.000004823571628     0.000003065076242
35 26
    -0.000053319843960     0.000000000000000    -0.000000000000000
     0.000000000000000     0.000275837094418    -0.000099535003502
     0.000000000000000    -0.000099533012887     0.000021308719104
35 27
     1.894009231093316     0.000000000000000    -0.000000000000000
    -0.000000000000000     1.842763913430244     1.511941391307633
     0.000000000000000    -0.493922071780788    -0.404834426327439
35 28
    -0.561991043320870    -0.000000000000000     0.000000000000000
     0.000000000000000    -0.107112077900892     0.120216561198991
    -0.000000000000000     0.120241789019870    -0.104474544869458
35 29
     0.000220656801028    -0.000245319931303     0.000106248533146
    -0.000245321946908     0.000128816410955    -0.000088547276283
     0.000106244073096    -0.000088542769444    -0.000010518400467
35 30
     0.000080321903293    -0.000050921938340     0.000019345294288
    -0.000050922964541     0.000015437190854    -0.000012019646515
     0.000019344542000    -0.000012018893146    -0.000003133819201
35 31
     0.000220656801028     0.000245319931303    -0.000106248533146
     0.000245321946908     0.000128816410955    -0.000088547276283
    -0.000106244073096    -0.000088542769444    -0.000010518400467
35 32
     0.000080321903293     0.000050921938340    -0.000019345294288
     0.000050922964541     0.000015437190854    -0.000012019646515
    -0.000019344542000    -0.000012018893146    -0.000003133819201
35 33
    -8.033232240880153    -0.000000000000000    -0.000000000000000
     0.000000000000000   -11.412674823427368    -4.901781236395358
    -0.000000000000000    -5.194726635198545   -29.009117575317266
35 34
     0.010691358742140     0.000000000000000     0.000000000000000
    -0.000000000000000    -0.159548220853567     0.052177406860152
     0.000000000000000     0.052165465735651    -0.005234934186707
35 35
     4.404130908902761     0.000000000000000     0.000000000000000
    -0.000000000000000     9.709449506207132     5.799237059024559
     0.000000000000000     5.799990559693242    28.912694256557948
35 36
     0.036751304956381    -0.000000000000000     0.000000000000000
    -0.000000000000000    -0.524463251361953    -0.006810565690432
     0.000000000000000    -0.006807524870323     0.036638777817631
35 37
     0.000019894717432    -0.000033883795450     0.000000000000000
    -0.000033883795447     0.000019894717434     0.000000000000001
    -0.000000000000002     0.000000000000000     0.000030850551873
35 38
     0.000011728397486    -0.000006074818468    -0.000005448978242
    -0.000007270106806     0.000002658897815     0.000005423661432
    -0.000003978643715     0.000002258995214     0.000009626916743
35 39
     0.000019894717432     0.000033883795450    -0.000000000000000
     0.000033883795447     0.000019894717434     0.000000000000001
     0.000000000000002     0.000000000000000     0.000030850551873
35 40
     0.000011728397486     0.000006074818468     0.000005448978242
     0.000007270106806     0.000002658897815     0.000005423661432
     0.000003978643715     0.000002258995214     0.000009626916743
35 41
    -0.000003369575643     0.000000000000000    -0.000000000000000
     0.000000000000000     0.000024578111365     0.000008989419757
     0.000000000000000     0.000003802488293     0.000009864228571
35 42
    -0.000011519454798     0.000000000000000     0.000000000000000
     0.000000000000000     0.000049085441657     0.000015552166581
     0.000000000000000     0.000015551966927     0.000018062423786
35 43
     0.000268072946607    -0.000000000000000     0.000000000000000
    -0.000000000000000     0.000268072946607     0.000000000000000
     0.000000000000000     0.000000000000000    -0.010735674118416
35 44
    -0.000143256040235     0.000000000000000     0.000000000000000
     0.000000000000000     0.000136108310845     0.000204690715953
    -0.000000000000000     0.000204673582240     0.000374885513632
35 45
     0.000115464734064     0.000162109110836     0.000027336480568
     0.000162109110837     0.000115464734066     0.000027336480570
     0.000027334915614     0.000027334915612    -0.000038277059579
35 46
     0.000017467327160     0.000009571519983     0.000001491931814
     0.000009571751283     0.000002849555229     0.000000918122406
     0.000001491868911     0.000000918059280    -0.000002156989986
35 47
     0.000115464734064    -0.000162109110836    -0.000027336480568
    -0.000162109110837     0.000115464734066     0.000027336480570
    -0.000027334915614     0.000027334915612    -0.000038277059579
35 48
     0.000017467327160    -0.000009571519983    -0.000001491931814
    -0.000009571751283     0.000002849555229     0.000000918122406
    -0.000001491868911     0.000000918059280    -0.000002156989986
35 49
    -0.000005117630693     0.000000000000000    -0.000000000000000
     0.000000000000000     0.000033667560650     0.000000000000000
     0.000000000000000     0.000000000000000    -0.000003401897022
35 50
    -0.000030015965728     0.000000000000000    -0.000000000000000
     0.000000000000000     0.000189166022578     0.000001262438737
     0.000000000000000     0.000001262395592    -0.000026758400475
36 1
    -0.000030845005027    -0.000000000000000     0.000000000000000
     0.000000000000000     0.000140885541514    -0.000014309031008
    -0.000000000000000    -0.000014308799442     0.000036736983915
36 2
    -0.000056914512065     0.000000000000000    -0.000000000000000
     0.000000000000000     0.000343289517422     0.000017436556437
    -0.000000000000000     0.000017436140215    -0.000042532074626
36 3
    -0.000217416337348    -0.000000000000000     0.000000000000000
     0.000000000000000     0.000817817890454     0.000356953318232
    -0.000000000000000     0.000356959937968    -0.000048671979132
36 4
    -0.000009741388829    -0.000026139910151     0.000007599743246
    -0.000026138987089     0.000092412104094    -0.000024641716256
     0.000007599217530    -0.000024641064674     0.000006304945171
36 5
    -0.000009741388829     0.000026139910151    -0.000007599743246
     0.000026138987089     0.000092412104094    -0.000024641716256
    -0.000007599217530    -0.000024641064674     0.000006304945171
36 6
    -0.000011828878744    -0.000000000000000     0.000000000000000
     0.000000000000000     0.000062709860242    -0.000005441471146
    -0.000000000000000    -0.000005441358711     0.000007463554412
36 7
    -0.000107096221457    -0.000000000000000    -0.000000000000000
     0.000000000000000     0.000379151136062     0.000224965727901
    -0.000000000000000     0.000224964412281     0.000178847471635
36 8
    -0.000011486614845     0.000041540679458    -0.000005997267477
     0.000041538854453     0.000143064692685    -0.000019604067454
    -0.000005996784673    -0.000019603410279    -0.000013845731952
36 9
    -0.000011486614845    -0.000041540679458     0.000005997267477
    -0.000041538854453     0.000143064692685    -0.000019604067454
     0.000005996784673    -0.000019603410279    -0.000013845731952
36 10
    -0.000014893348804    -0.000000000000000    -0.000000000000000
     0.000000000000000     0.000090832000681    -0.000008460103400
     0.000000000000000    -0.000008459881891    -0.000003021479735
36 11
     0.000004133102150    -0.000027383575498     0.000006683302056
    -0.000027383048170     0.000056671789625    -0.000012182620368
     0.000006682909483    -0.000012182245433     0.000007552803831
36 12
     0.000009898745219    -0.000003241624293     0.000000505387581
    -0.000003241628812     0.000008182150480    -0.000000610270958
     0.000000505364342    -0.000000610240744     0.000000147795628
36 13
     0.000004133102150     0.000027383575498    -0.000006683302056
     0.000027383048170     0.000056671789625    -0.000012182620368
    -0.000006682909483    -0.000012182245433     0.000007552803831
36 14
     0.000009898745219     0.000003241624293    -0.000000505387581
     0.000003241628812     0.000008182150480    -0.000000610270958
    -0.000000505364342    -0.000000610240744     0.000000147795628
36 15
    -0.000038982337909    -0.000000000000000     0.000000000000000
     0.000000000000000     0.000167167671808    -0.000033541601392
    -0.000000000000000    -0.000033541133301     0.000057616746948
36 16
    -0.000528531492112    -0.000000000000000    -0.000000000000000
     0.000000000000000    -0.000571350993414     0.000945675489863
    -0.000000000000000     0.000946134135950    -0.000382432763780
36 17
    -0.000388992669592    -0.000000000000000     0.000000000000000
     0.000000000000000     0.000320407152814     0.000197160986383
    -0.000000000000000     0.000197103070911     0.000834803281156
36 18
     0.472640645927770     0.000000000000000     0.000000000000000
    -0.000000000000000     0.000227646178611     0.004553377980728
    -0.000000000000000     0.004555881408668    -0.030409847154401
36 19
    -0.000078703486288     0.000000000000000    -0.000000000000000
     0.000000000000000     0.000458813518343    -0.000095859176747
     0.000000000000000    -0.000095856771057    -0.000041615990567
36 20
     0.000010667498241     0.000049630245003    -0.000003453649429
     0.000049628903841     0.000097831298442    -0.000006142372022
    -0.000003453409878    -0.000006142126934    -0.000012644201577
36 21
     0.000012216616812     0.000004308865965    -0.000000187448800
     0.000004308874700     0.000010001513021    -0.000000233105681
    -0.000000187439715    -0.000000233093937    -0.000001602185036
36 22
     0.000010667498241    -0.000049630245003     0.000003453649429
    -0.000049628903841     0.000097831298442    -0.000006142372022
     0.000003453409878    -0.000006142126934    -0.000012644201577
36 23
     0.000012216616812    -0.000004308865965     0.000000187448800
    -0.000004308874700     0.000010001513021    -0.000000233105681
     0.000000187439715    -0.000000233093937    -0.000001602185036
36 24
     1.889796799785403    -0.000000000000000     0.000000000000000
    -0.000000000000000    -0.000003982319869     2.840730690463069
     0.000000000000000     0.000020968121173     1.478517044698504
36 25
    -0.000160323987962     0.000000000000000    -0.000000000000000
     0.000000000000000     0.000643649865070    -0.000346151079033
     0.000000000000000    -0.000346148680447     0.000093195153986
36 26
     0.500883466649611    -0.000000000000000     0.000000000000000
    -0.000000000000000    -0.013475482640268     0.011286313181941
     0.000000000000000     0.011286829808622    -0.007988495699692
36 27
    -0.450820264160752     0.000000000000000     0.000000000000000
     0.000000000000000    -0.244632323056682    -0.344772231123446
    -0.000000000000000    -0.344862463564220    -0.365520675494762
36 28
     1.829536700888172     0.000000000000000     0.000000000000000
    -0.000000000000000     2.244313135817339    -1.445753998551994
     0.000000000000000     1.168281385459521    -0.752093722089743
36 29
     0.000035430818012    -0.000013191611955     0.000019115352921
    -0.000003584853762     0.000055321119278     0.000005726828755
     0.000037685785001     0.000010677411233     0.000016950022920
36 30
     0.000012227263532    -0.000009420179879     0.000001831689599
    -0.000009420165459     0.000014275836174    -0.000001856173886
     0.000001831603366    -0.000001856092646    -0.000001113464829
36 31
     0.000035430818012     0.000013191611955    -0.000019115352921
     0.000003584853762     0.000055321119278     0.000005726828755
    -0.000037685785001     0.000010677411233     0.000016950022920
36 32
     0.000012227263532     0.000009420179879    -0.000001831689599
     0.000009420165459     0.000014275836174    -0.000001856173886
    -0.000001831603366    -0.000001856092646    -0.000001113464829
36 33
     0.025464952907427    -0.000000000000000    -0.000000000000000
    -0.000000000000000    -0.333796181514694    -0.137346960414531
    -0.000000000000000    -0.137319165849020    -0.026956359276424
36 34
    -7.999393943174290     0.000000000000000    -0.000000000000000
     0.000000000000000   -15.694667559802598     7.570214425999773
    -0.000000000000000     7.797557129014512   -26.326929537242552
36 35
     0.036751304956382     0.000000000000000    -0.000000000000000
    -0.000000000000000    -0.524463251361808    -0.006810565690430
     0.000000000000000    -0.006807524870328     0.036638777817633
36 36
     4.312600537819600    -0.000000000000000    -0.000000000000000
    -0.000000000000000    15.180460825088659    -8.493227994429761
    -0.000000000000000    -8.493853234096356    25.964972785022148
36 37
     0.000002658897814    -0.000007270106809     0.000005423661434
    -0.000006074818467     0.000011728397486    -0.000005448978242
     0.000002258995214    -0.000003978643716     0.000009626916743
36 38
     0.000002086079188    -0.000001129596447    -0.000000000000001
    -0.000001129596446     0.000002086079188    -0.000000000000000
     0.000000000000001     0.000000000000000     0.000000207096644
36 39
     0.000002658897814     0.000007270106809    -0.000005423661434
     0.000006074818467     0.000011728397486    -0.000005448978242
    -0.000002258995214    -0.000003978643716     0.000009626916743
36 40
     0.000002086079188     0.000001129596447     0.000000000000001
     0.000001129596446     0.000002086079188    -0.000000000000000
    -0.000000000000001     0.000000000000000     0.000000207096644
36 41
    -0.000011519454798     0.000000000000000     0.000000000000000
     0.000000000000000     0.000049085441657     0.000015552166581
     0.000000000000000     0.000015551966926     0.000018062423786
36 42
    -0.000148882988328    -0.000000000000000     0.000000000000000
     0.000000000000000     0.000126887031406     0.000205613470129
     0.000000000000000     0.000205591221806     0.000366883939902
36 43
    -0.000143256040235     0.000000000000000     0.000000000000000
     0.000000000000000     0.000136108310849    -0.000204690715954
     0.000000000000000    -0.000204673582239     0.000374885513630
36 44
     0.000538812469589     0.000000000000000     0.000000000000000
    -0.000000000000000     0.000538812469588    -0.000000000000000
    -0.000000000000000     0.000000000000000    -0.015302912776905
36 45
     0.000002849555226     0.000009571751285     0.000000918122407
     0.000009571519982     0.000017467327162     0.000001491931815
     0.000000918059282     0.000001491868910    -0.000002156989984
36 46
     0.000002780137443     0.000001689035694     0.000000150787554
     0.000001689035694     0.000002780137443     0.000000150787554
     0.000000150780233     0.000000150780233    -0.000000393923927
36 47
     0.000002849555226    -0.000009571751285    -0.000000918122407
    -0.000009571519982     0.000017467327162     0.000001491931815
    -0.000000918059282     0.000001491868910    -0.000002156989984
36 48
     0.000002780137443    -0.000001689035694    -0.000000150787554
    -0.000001689035694     0.000002780137443     0.000000150787554
    -0.000000150780233     0.000000150780233    -0.000000393923927
36 49
    -0.000030015965728    -0.000000000000000     0.000000000000000
     0.000000000000000     0.000189166022573    -0.000001262438739
     0.000000000000000    -0.000001262395592    -0.000026758400475
36 50
    -0.616178252762533    -0.000000000000000     0.000000000000000
     0.000000000000000    -0.618879903715982    -0.000000000000000
     0.000000000000000    -0.000000000000000     0.043631413647859
37 1
    -0.200569455223554    -0.000000000000000    -0.018628069096042
    -0.000000000000000    -0.386918173858474    -0.000000000000000
    -0.018623138508691     0.000000000000000     0.011523662568853
37 2
     0.000345312663369    -0.000000000000000    -0.000056408659971
     0.000000000000000    -0.000272508327431     0.000000000000000
    -0.000056390929480     0.000000000000000     0.000528294721802
37 3
     0.000458450737744    -0.000354427981385    -0.000422469374640
    -0.000354413092760    -0.000065542187467     0.000213493900692
    -0.000422479468559     0.000213509684154     0.000157194205729
37 4
     0.856366303082400     0.000000000000000    -2.527606127344181
     0.000000000000000     1.640725764831062    -0.000000000000000
    -0.229547650022360     0.000000000000000     0.677523345840022
37 5
     0.000432115729297    -0.000000000000000     0.000137691499293
    -0.000000000000000    -0.000078857237698     0.000000000000000
     0.000137688365830    -0.000000000000000    -0.000016741347024
37 6
    -0.001891986471569    -0.000818421466151     0.000463711847125
    -0.000818949715243    -0.000689086694085     0.000234665248182
     0.000463395998203     0.000234357809385    -0.000374045087299
37 7
    -0.001891986471569     0.000818421466151     0.000463711847125
     0.000818949715243    -0.000689086694085    -0.000234665248182
     0.000463395998203    -0.000234357809385    -0.000374045087299
37 8
     0.000199133976811    -0.000000000000000     0.000081192695020
    -0.000000000000000    -0.000045228217025    -0.000000000000000
     0.000081191570857     0.000000000000000     0.000056968615555
37 9
    -0.009984805661121     0.000000000000000    -0.021673295015568
     0.000000000000000     0.519137986253620     0.000000000000000
    -0.021681893319450     0.000000000000000    -0.035038044038317
37 10
     0.000458450737744     0.000354427981385    -0.000422469374640
     0.000354413092760    -0.000065542187467    -0.000213493900692
    -0.000422479468559    -0.000213509684154     0.000157194205729
37 11
   -11.412674823427366    -0.000000000000000    -4.901781236395357
     0.000000000000000    -8.033232240880151     0.000000000000000
    -5.194726635198544     0.000000000000000   -29.009117575317266
37 12
    -0.159548220853567     0.000000000000000     0.052177406860152
    -0.000000000000000     0.010691358742140    -0.000000000000000
     0.052165465735651    -0.000000000000000    -0.005234934186707
37 13
     0.000166716125084    -0.000000000000000     0.000018700536651
     0.000000000000000    -0.000026610803860    -0.000000000000000
     0.000018700017374    -0.000000000000000    -0.000012394726291
37 14
     0.000935923602714    -0.000000000000000    -0.000222147061395
    -0.000000000000000    -0.000215530631833     0.000000000000000
    -0.000222150994992     0.000000000000000    -0.000143899959580
37 15
     0.000414335209907     0.000600198575133    -0.000088371442858
     0.000600193388222     0.000307785114290    -0.000080926214505
    -0.000088379964609    -0.000080934749582    -0.000210532576956
37 16
     0.000006589065326     0.000022224112252    -0.000001396271181
     0.000022223575640     0.000060856811749    -0.000001965723314
    -0.000001396181198    -0.000001965647519    -0.000006922055259
37 17
     0.000414335209907    -0.000600198575133    -0.000088371442858
    -0.000600193388222     0.000307785114290     0.000080926214505
    -0.000088379964609     0.000080934749582    -0.000210532576956
37 18
     0.000006589065326    -0.000022224112252    -0.000001396271181
    -0.000022223575640     0.000060856811749     0.000001965723314
    -0.000001396181198     0.000001965647519    -0.000006922055259
37 19
     0.000179259333436     0.000259079008915    -0.000163956636040
     0.000259079760492     0.000132913258598    -0.000150123132124
    -0.000163952259547    -0.000150118623860     0.000139248648730
37 20
     0.000088276796984    -0.000000000000000     0.000008149523854
     0.000000000000000    -0.000017659625387    -0.000000000000000
     0.000008149376402     0.000000000000000     0.000016003140110
37 21
     0.000285070050974    -0.000000000000000    -0.000074024296417
    -0.000000000000000    -0.000080534226238    -0.000000000000000
    -0.000074023769497     0.000000000000000     0.000161862602777
37 22
     0.002885030373183     0.000000000000000    -0.006287285092223
     0.000000000000000     0.477250210813454     0.000000000000000
    -0.006290904592036     0.000000000000000    -0.070161042611928
37 23
     0.000453149463451    -0.000000000000000    -0.000240311430860
     0.000000000000000    -0.000325652543689    -0.000000000000000
    -0.000240293311731     0.000000000000000     0.000837903978328
37 24
     0.000003020368959     0.000012850185472    -0.000003038772890
     0.000012849967365     0.000038830140288    -0.000004591040300
    -0.000003038596759    -0.000004590903015     0.000004253663446
37 25
     0.000128816410955     0.000245321946908    -0.000088547276283
     0.000245319931303     0.000220656801028    -0.000106248533146
    -0.000088542769444    -0.000106244073096    -0.000010518400467
37 26
     0.000015437190854     0.000050922964541    -0.000012019646515
     0.000050921938340     0.000080321903293    -0.000019345294288
    -0.000012018893146    -0.000019344542000    -0.000003133819201
37 27
     0.000128816410955    -0.000245321946908    -0.000088547276283
    -0.000245319931303     0.000220656801028     0.000106248533146
    -0.000088542769444     0.000106244073096    -0.000010518400467
37 28
     0.000015437190854    -0.000050922964541    -0.000012019646515
    -0.000050921938340     0.000080321903293     0.000019345294288
    -0.000012018893146     0.000019344542000    -0.000003133819201
37 29
     1.842763913430243     0.000000000000000     1.511941391307633
    -0.000000000000000     1.894009231093315     0.000000000000000
    -0.493922071780788    -0.000000000000000    -0.404834426327439
37 30
    -0.107112077900892    -0.000000000000000     0.120216561198991
     0.000000000000000    -0.561991043320870    -0.000000000000000
     0.120241789019870     0.000000000000000    -0.104474544869458
37 31
     0.000096087938359    -0.000000000000000    -0.000004823683548
    -0.000000000000000    -0.000016781003353     0.000000000000000
    -0.000004823571628    -0.000000000000000     0.000003065076242
37 32
     0.000275837094418    -0.000000000000000    -0.000099535003502
    -0.000000000000000    -0.000053319843960     0.000000000000000
    -0.000099533012887    -0.000000000000000     0.000021308719104
37 33
     0.000179259333436    -0.000259079008915    -0.000163956636040
    -0.000259079760492     0.000132913258598     0.000150123132124
    -0.000163952259547     0.000150118623860     0.000139248648730
37 34
     0.000003020368959    -0.000012850185472    -0.000003038772890
    -0.000012849967365     0.000038830140288     0.000004591040300
    -0.000003038596759     0.000004590903015     0.000004253663446
37 35
     0.000019894717434    -0.000033883795447     0.000000000000001
    -0.000033883795450     0.000019894717432     0.000000000000000
     0.000000000000000    -0.000000000000002     0.000030850551873
37 36
     0.000002658897815    -0.000007270106806     0.000005423661432
    -0.000006074818468     0.000011728397486    -0.000005448978242
     0.000002258995214    -0.000003978643715     0.000009626916743
37 37
     9.709449506207131     0.000000000000000     5.799237059024558
    -0.000000000000000     4.404130908902760    -0.000000000000000
     5.799990559693241    -0.000000000000000    28.912694256557948
37 38
    -0.524463251361953     0.000000000000000    -0.006810565690432
     0.000000000000000     0.036751304956381    -0.000000000000000
    -0.006807524870323    -0.000000000000000     0.036638777817631
37 39
     0.000033667560650    -0.000000000000000     0.000000000000000
    -0.000000000000000    -0.000005117630693     0.000000000000000
     0.000000000000000    -0.000000000000000    -0.000003401897022
37 40
     0.000189166022578    -0.000000000000000     0.000001262438737
    -0.000000000000000    -0.000030015965728     0.000000000000000
     0.000001262395592    -0.000000000000000    -0.000026758400475
37 41
     0.000115464734066     0.000162109110837     0.000027336480570
     0.000162109110836     0.000115464734064     0.000027336480568
     0.000027334915612     0.000027334915614    -0.000038277059579
37 42
     0.000002849555229     0.000009571751283     0.000000918122406
     0.000009571519983     0.000017467327160     0.000001491931814
     0.000000918059280     0.000001491868911    -0.000002156989986
37 43
     0.000115464734066    -0.000162109110837     0.000027336480570
    -0.000162109110836     0.000115464734064    -0.000027336480568
     0.000027334915612    -0.000027334915614    -0.000038277059579
37 44
     0.000002849555229    -0.000009571751283     0.000000918122406
    -0.000009571519983     0.000017467327160    -0.000001491931814
     0.000000918059280    -0.000001491868911    -0.000002156989986
37 45
     0.000024578111365    -0.000000000000000     0.000008989419757
    -0.000000000000000    -0.000003369575643     0.000000000000000
     0.000003802488293    -0.000000000000000     0.000009864228571
37 46
     0.000049085441657    -0.000000000000000     0.000015552166581
    -0.000000000000000    -0.000011519454798    -0.000000000000000
     0.000015551966927    -0.000000000000000     0.000018062423786
37 47
     0.000268072946607     0.000000000000000     0.000000000000000
     0.000000000000000     0.000268072946607    -0.000000000000000
     0.000000000000000    -0.000000000000000    -0.010735674118416
37 48
     0.000136108310845    -0.000000000000000     0.000204690715953
    -0.000000000000000    -0.000143256040235    -0.000000000000000
     0.000204673582240     0.000000000000000     0.000374885513632
37 49
     0.000019894717434     0.000033883795447     0.000000000000001
     0.000033883795450     0.000019894717432    -0.000000000000000
     0.000000000000000     0.000000000000002     0.000030850551873
37 50
     0.000002658897815     0.000007270106806     0.000005423661432
     0.000006074818468     0.000011728397486     0.000005448978242
     0.000002258995214     0.000003978643715     0.000009626916743
38 1
     0.000343289517422    -0.000000000000000     0.000017436556437
    -0.000000000000000    -0.000056914512065     0.000000000000000
     0.000017436140215     0.000000000000000    -0.000042532074626
38 2
     0.000140885541514    -0.000000000000000    -0.000014309031008
     0.000000000000000    -0.000030845005027    -0.000000000000000
    -0.000014308799442     0.000000000000000     0.000036736983915
38 3
     0.000092412104094    -0.000026138987089    -0.000024641716256
    -0.000026139910151    -0.000009741388829     0.000007599743246
    -0.000024641064674     0.000007599217530     0.000006304945171
38 4
     0.000817817890454    -0.000000000000000     0.000356953318232
     0.000000000000000    -0.000217416337348    -0.000000000000000
     0.000356959937968     0.000000000000000    -0.000048671979132
38 5
     0.000090832000681    -0.000000000000000    -0.000008460103400
     0.000000000000000    -0.000014893348804     0.000000000000000
    -0.000008459881891    -0.000000000000000    -0.000003021479735
38 6
     0.000143064692685     0.000041538854453    -0.000019604067454
     0.000041540679458    -0.000011486614845    -0.000005997267477
    -0.000019603410279    -0.000005996784673    -0.000013845731952
38 7
     0.000143064692685    -0.000041538854453    -0.000019604067454
    -0.000041540679458    -0.000011486614845     0.000005997267477
    -0.000019603410279     0.000005996784673    -0.000013845731952
38 8
     0.000062709860242    -0.000000000000000    -0.000005441471146
     0.000000000000000    -0.000011828878744    -0.000000000000000
    -0.000005441358711     0.000000000000000     0.000007463554412
38 9
     0.000379151136062    -0.000000000000000     0.000224965727901
     0.000000000000000    -0.000107096221457     0.000000000000000
     0.000224964412281     0.000000000000000     0.000178847471635
38 10
     0.000092412104094     0.000026138987089    -0.000024641716256
     0.000026139910151    -0.000009741388829    -0.000007599743246
    -0.000024641064674    -0.000007599217530     0.000006304945171
38 11
    -0.333796181514694     0.000000000000000    -0.137346960414531
     0.000000000000000     0.025464952907427     0.000000000000000
    -0.137319165849020     0.000000000000000    -0.026956359276424
38 12
   -15.694667559802594    -0.000000000000000     7.570214425999772
    -0.000000000000000    -7.999393943174288     0.000000000000000
     7.797557129014511     0.000000000000000   -26.326929537242552
38 13
     0.000458813518343    -0.000000000000000    -0.000095859176747
    -0.000000000000000    -0.000078703486288     0.000000000000000
    -0.000095856771057    -0.000000000000000    -0.000041615990567
38 14
    -0.000003982319869     0.000000000000000     2.840730690463069
     0.000000000000000     1.889796799785403    -0.000000000000000
     0.000020968121173    -0.000000000000000     1.478517044698504
38 15
     0.000097831298442     0.000049628903841    -0.000006142372022
     0.000049630245003     0.000010667498241    -0.000003453649429
    -0.000006142126934    -0.000003453409878    -0.000012644201577
38 16
     0.000010001513021     0.000004308874700    -0.000000233105681
     0.000004308865965     0.000012216616812    -0.000000187448800
    -0.000000233093937    -0.000000187439715    -0.000001602185036
38 17
     0.000097831298442    -0.000049628903841    -0.000006142372022
    -0.000049630245003     0.000010667498241     0.000003453649429
    -0.000006142126934     0.000003453409878    -0.000012644201577
38 18
     0.000010001513021    -0.000004308874700    -0.000000233105681
    -0.000004308865965     0.000012216616812     0.000000187448800
    -0.000000233093937     0.000000187439715    -0.000001602185036
38 19
     0.000056671789625     0.000027383048170    -0.000012182620368
     0.000027383575498     0.000004133102150    -0.000006683302056
    -0.000012182245433    -0.000006682909483     0.000007552803831
38 20
     0.000167167671808    -0.000000000000000    -0.000033541601392
     0.000000000000000    -0.000038982337909    -0.000000000000000
    -0.000033541133301     0.000000000000000     0.000057616746948
38 21
    -0.000571350993414    -0.000000000000000     0.000945675489863
     0.000000000000000    -0.000528531492112     0.000000000000000
     0.000946134135950     0.000000000000000    -0.000382432763780
38 22
     0.000320407152814    -0.000000000000000     0.000197160986383
     0.000000000000000    -0.000388992669592    -0.000000000000000
     0.000197103070911     0.000000000000000     0.000834803281156
38 23
     0.000227646178611     0.000000000000000     0.004553377980728
    -0.000000000000000     0.472640645927770    -0.000000000000000
     0.004555881408668     0.000000000000000    -0.030409847154401
38 24
     0.000008182150480     0.000003241628812    -0.000000610270958
     0.000003241624293     0.000009898745219    -0.000000505387581
    -0.000000610240744    -0.000000505364342     0.000000147795628
38 25
     0.000055321119278     0.000003584853762     0.000005726828755
     0.000013191611955     0.000035430818012    -0.000019115352921
     0.000010677411233    -0.000037685785001     0.000016950022920
38 26
     0.000014275836174     0.000009420165459    -0.000001856173886
     0.000009420179879     0.000012227263532    -0.000001831689599
    -0.000001856092646    -0.000001831603366    -0.000001113464829
38 27
     0.000055321119278    -0.000003584853762     0.000005726828755
    -0.000013191611955     0.000035430818012     0.000019115352921
     0.000010677411233     0.000037685785001     0.000016950022920
38 28
     0.000014275836174    -0.000009420165459    -0.000001856173886
    -0.000009420179879     0.000012227263532     0.000001831689599
    -0.000001856092646     0.000001831603366    -0.000001113464829
38 29
    -0.244632323056682    -0.000000000000000    -0.344772231123446
    -0.000000000000000    -0.450820264160752    -0.000000000000000
    -0.344862463564220     0.000000000000000    -0.365520675494762
38 30
     2.244313135817339     0.000000000000000    -1.445753998551994
    -0.000000000000000     1.829536700888172    -0.000000000000000
     1.168281385459521    -0.000000000000000    -0.752093722089743
38 31
     0.000643649865070    -0.000000000000000    -0.000346151079033
    -0.000000000000000    -0.000160323987962     0.000000000000000
    -0.000346148680447    -0.000000000000000     0.000093195153986
38 32
    -0.013475482640268     0.000000000000000     0.011286313181941
     0.000000000000000     0.500883466649611    -0.000000000000000
     0.011286829808622    -0.000000000000000    -0.007988495699692
38 33
     0.000056671789625    -0.000027383048170    -0.000012182620368
    -0.000027383575498     0.000004133102150     0.000006683302056
    -0.000012182245433     0.000006682909483     0.000007552803831
38 34
     0.000008182150480    -0.000003241628812    -0.000000610270958
    -0.000003241624293     0.000009898745219     0.000000505387581
    -0.000000610240744     0.000000505364342     0.000000147795628
38 35
     0.000011728397486    -0.000006074818467    -0.000005448978242
    -0.000007270106809     0.000002658897814     0.000005423661434
    -0.000003978643716     0.000002258995214     0.000009626916743
38 36
     0.000002086079188    -0.000001129596446    -0.000000000000000
    -0.000001129596447     0.000002086079188    -0.000000000000001
     0.000000000000000     0.000000000000001     0.000000207096644
38 37
    -0.524463251361808     0.000000000000000    -0.006810565690430
    -0.000000000000000     0.036751304956382     0.000000000000000
    -0.006807524870328    -0.000000000000000     0.036638777817633
38 38
    15.180460825088655     0.000000000000000    -8.493227994429759
     0.000000000000000     4.312600537819599     0.000000000000000
    -8.493853234096354     0.000000000000000    25.964972785022148
38 39
     0.000189166022573    -0.000000000000000    -0.000001262438739
     0.000000000000000    -0.000030015965728    -0.000000000000000
    -0.000001262395592    -0.000000000000000    -0.000026758400475
38 40
    -0.618879903715982    -0.000000000000000    -0.000000000000000
     0.000000000000000    -0.616178252762533    -0.000000000000000
    -0.000000000000000    -0.000000000000000     0.043631413647859
38 41
     0.000017467327162     0.000009571519982     0.000001491931815
     0.000009571751285     0.000002849555226     0.000000918122407
     0.000001491868910     0.000000918059282    -0.000002156989984
38 42
     0.000002780137443     0.000001689035694     0.000000150787554
     0.000001689035694     0.000002780137443     0.000000150787554
     0.000000150780233     0.000000150780233    -0.000000393923927
38 43
     0.000017467327162    -0.000009571519982     0.000001491931815
    -0.000009571751285     0.000002849555226    -0.000000918122407
     0.000001491868910    -0.000000918059282    -0.000002156989984
38 44
     0.000002780137443    -0.000001689035694     0.000000150787554
    -0.000001689035694     0.000002780137443    -0.000000150787554
     0.000000150780233    -0.000000150780233    -0.000000393923927
38 45
     0.000049085441657    -0.000000000000000     0.000015552166581
    -0.000000000000000    -0.000011519454798    -0.000000000000000
     0.000015551966926    -0.000000000000000     0.000018062423786
38 46
     0.000126887031406    -0.000000000000000     0.000205613470129
     0.000000000000000    -0.000148882988328    -0.000000000000000
     0.000205591221806    -0.000000000000000     0.000366883939902
38 47
     0.000136108310849    -0.000000000000000    -0.000204690715954
    -0.000000000000000    -0.000143256040235    -0.000000000000000
    -0.000204673582239    -0.000000000000000     0.000374885513630
38 48
     0.000538812469588     0.000000000000000    -0.000000000000000
    -0.000000000000000     0.000538812469589    -0.000000000000000
     0.000000000000000     0.000000000000000    -0.015302912776905
38 49
     0.000011728397486     0.000006074818467    -0.000005448978242
     0.000007270106809     0.000002658897814    -0.000005423661434
    -0.000003978643716    -0.000002258995214     0.000009626916743
38 50
     0.000002086079188     0.000001129596446    -0.000000000000000
     0.000001129596447     0.000002086079188     0.000000000000001
     0.000000000000000    -0.000000000000001     0.000000207096644
39 1
    -0.200569455223554    -0.000000000000000     0.018628069096042
    -0.000000000000000    -0.386918173858474     0.000000000000000
     0.018623138508691    -0.000000000000000     0.011523662568853
39 2
     0.000345312663369    -0.000000000000000     0.000056408659971
     0.000000000000000    -0.000272508327431    -0.000000000000000
     0.000056390929480     0.000000000000000     0.000528294721802
39 3
     0.000458450737744     0.000354427981385     0.000422469374640
     0.000354413092760    -0.000065542187467     0.000213493900692
     0.000422479468559     0.000213509684154     0.000157194205729
39 4
     0.000432115729297    -0.000000000000000    -0.000137691499293
    -0.000000000000000    -0.000078857237698    -0.000000000000000
    -0.000137688365830     0.000000000000000    -0.000016741347024
39 5
     0.856366303082400     0.000000000000000     2.527606127344181
     0.000000000000000     1.640725764831062     0.000000000000000
     0.229547650022360    -0.000000000000000     0.677523345840022
39 6
    -0.001891986471569     0.000818421466151    -0.000463711847125
     0.000818949715243    -0.000689086694085     0.000234665248182
    -0.000463395998203     0.000234357809385    -0.000374045087299
39 7
    -0.001891986471569    -0.000818421466151    -0.000463711847125
    -0.000818949715243    -0.000689086694085    -0.000234665248182
    -0.000463395998203    -0.000234357809385    -0.000374045087299
39 8
    -0.009984805661121     0.000000000000000     0.021673295015568
     0.000000000000000     0.519137986253620    -0.000000000000000
     0.021681893319450    -0.000000000000000    -0.035038044038317
39 9
     0.000199133976811    -0.000000000000000    -0.000081192695020
    -0.000000000000000    -0.000045228217025     0.000000000000000
    -0.000081191570857    -0.000000000000000     0.000056968615555
39 10
     0.000458450737744    -0.000354427981385     0.000422469374640
    -0.000354413092760    -0.000065542187467    -0.000213493900692
     0.000422479468559    -0.000213509684154     0.000157194205729
39 11
     0.000166716125084    -0.000000000000000    -0.000018700536651
     0.000000000000000    -0.000026610803860     0.000000000000000
    -0.000018700017374     0.000000000000000    -0.000012394726291
39 12
     0.000935923602714    -0.000000000000000     0.000222147061395
    -0.000000000000000    -0.000215530631833    -0.000000000000000
     0.000222150994992     0.000000000000000    -0.000143899959580
39 13
   -11.412674823427366    -0.000000000000000     4.901781236395357
     0.000000000000000    -8.033232240880151    -0.000000000000000
     5.194726635198544    -0.000000000000000   -29.009117575317266
39 14
    -0.159548220853567     0.000000000000000    -0.052177406860152
    -0.000000000000000     0.010691358742140     0.000000000000000
    -0.052165465735651     0.000000000000000    -0.005234934186707
39 15
     0.000414335209907    -0.000600198575133     0.000088371442858
    -0.000600193388222     0.000307785114290    -0.000080926214505
     0.000088379964609    -0.000080934749582    -0.000210532576956
39 16
     0.000006589065326    -0.000022224112252     0.000001396271181
    -0.000022223575640     0.000060856811749    -0.000001965723314
     0.000001396181198    -0.000001965647519    -0.000006922055259
39 17
     0.000414335209907     0.000600198575133     0.000088371442858
     0.000600193388222     0.000307785114290     0.000080926214505
     0.000088379964609     0.000080934749582    -0.000210532576956
39 18
     0.000006589065326     0.000022224112252     0.000001396271181
     0.000022223575640     0.000060856811749     0.000001965723314
     0.000001396181198     0.000001965647519    -0.000006922055259
39 19
     0.000179259333436    -0.000259079008915     0.000163956636040
    -0.000259079760492     0.000132913258598    -0.000150123132124
     0.000163952259547    -0.000150118623860     0.000139248648730
39 20
     0.002885030373183     0.000000000000000     0.006287285092223
     0.000000000000000     0.477250210813454    -0.000000000000000
     0.006290904592036    -0.000000000000000    -0.070161042611928
39 21
     0.000453149463451    -0.000000000000000     0.000240311430860
     0.000000000000000    -0.000325652543689     0.000000000000000
     0.000240293311731    -0.000000000000000     0.000837903978328
39 22
     0.000088276796984    -0.000000000000000    -0.000008149523854
     0.000000000000000    -0.000017659625387     0.000000000000000
    -0.000008149376402    -0.000000000000000     0.000016003140110
39 23
     0.000285070050974    -0.000000000000000     0.000074024296417
    -0.000000000000000    -0.000080534226238     0.000000000000000
     0.000074023769497    -0.000000000000000     0.000161862602777
39 24
     0.000003020368959    -0.000012850185472     0.000003038772890
    -0.000012849967365     0.000038830140288    -0.000004591040300
     0.000003038596759    -0.000004590903015     0.000004253663446
39 25
     0.000128816410955    -0.000245321946908     0.000088547276283
    -0.000245319931303     0.000220656801028    -0.000106248533146
     0.000088542769444    -0.000106244073096    -0.000010518400467
39 26
     0.000015437190854    -0.000050922964541     0.000012019646515
    -0.000050921938340     0.000080321903293    -0.000019345294288
     0.000012018893146    -0.000019344542000    -0.000003133819201
39 27
     0.000128816410955     0.000245321946908     0.000088547276283
     0.000245319931303     0.000220656801028     0.000106248533146
     0.000088542769444     0.000106244073096    -0.000010518400467
39 28
     0.000015437190854     0.000050922964541     0.000012019646515
     0.000050921938340     0.000080321903293     0.000019345294288
     0.000012018893146     0.000019344542000    -0.000003133819201
39 29
     0.000096087938359    -0.000000000000000     0.000004823683548
    -0.000000000000000    -0.000016781003353    -0.000000000000000
     0.000004823571628     0.000000000000000     0.000003065076242
39 30
     0.000275837094418    -0.000000000000000     0.000099535003502
    -0.000000000000000    -0.000053319843960    -0.000000000000000
     0.000099533012887     0.000000000000000     0.000021308719104
39 31
     1.842763913430243     0.000000000000000    -1.511941391307633
    -0.000000000000000     1.894009231093315    -0.000000000000000
     0.493922071780788     0.000000000000000    -0.404834426327439
39 32
    -0.107112077900892    -0.000000000000000    -0.120216561198991
     0.000000000000000    -0.561991043320870     0.000000000000000
    -0.120241789019870    -0.000000000000000    -0.104474544869458
39 33
     0.000179259333436     0.000259079008915     0.000163956636040
     0.000259079760492     0.000132913258598     0.000150123132124
     0.000163952259547     0.000150118623860     0.000139248648730
39 34
     0.000003020368959     0.000012850185472     0.000003038772890
     0.000012849967365     0.000038830140288     0.000004591040300
     0.000003038596759     0.000004590903015     0.000004253663446
39 35
     0.000019894717434     0.000033883795447    -0.000000000000001
     0.000033883795450     0.000019894717432     0.000000000000000
    -0.000000000000000    -0.000000000000002     0.000030850551873
39 36
     0.000002658897815     0.000007270106806    -0.000005423661432
     0.000006074818468     0.000011728397486    -0.000005448978242
    -0.000002258995214    -0.000003978643715     0.000009626916743
39 37
     0.000033667560650    -0.000000000000000    -0.000000000000000
    -0.000000000000000    -0.000005117630693    -0.000000000000000
    -0.000000000000000     0.000000000000000    -0.000003401897022
39 38
     0.000189166022578    -0.000000000000000    -0.000001262438737
    -0.000000000000000    -0.000030015965728    -0.000000000000000
    -0.000001262395592     0.000000000000000    -0.000026758400475
39 39
     9.709449506207131     0.000000000000000    -5.799237059024558
    -0.000000000000000     4.404130908902760     0.000000000000000
    -5.799990559693241     0.000000000000000    28.912694256557948
39 40
    -0.524463251361953     0.000000000000000     0.006810565690432
     0.000000000000000     0.036751304956381     0.000000000000000
     0.006807524870323     0.000000000000000     0.036638777817631
39 41
     0.000115464734066    -0.000162109110837    -0.000027336480570
    -0.000162109110836     0.000115464734064     0.000027336480568
    -0.000027334915612     0.000027334915614    -0.000038277059579
39 42
     0.000002849555229    -0.000009571751283    -0.000000918122406
    -0.000009571519983     0.000017467327160     0.000001491931814
    -0.000000918059280     0.000001491868911    -0.000002156989986
39 43
     0.000115464734066     0.000162109110837    -0.000027336480570
     0.000162109110836     0.000115464734064    -0.000027336480568
    -0.000027334915612    -0.000027334915614    -0.000038277059579
39 44
     0.000002849555229     0.000009571751283    -0.000000918122406
     0.000009571519983     0.000017467327160    -0.000001491931814
    -0.000000918059280    -0.000001491868911    -0.000002156989986
39 45
     0.000268072946607     0.000000000000000    -0.000000000000000
     0.000000000000000     0.000268072946607     0.000000000000000
    -0.000000000000000     0.000000000000000    -0.010735674118416
39 46
     0.000136108310845    -0.000000000000000    -0.000204690715953
    -0.000000000000000    -0.000143256040235     0.000000000000000
    -0.000204673582240    -0.000000000000000     0.000374885513632
39 47
     0.000024578111365    -0.000000000000000    -0.000008989419757
    -0.000000000000000    -0.000003369575643    -0.000000000000000
    -0.000003802488293     0.000000000000000     0.000009864228571
39 48
     0.000049085441657    -0.000000000000000    -0.000015552166581
    -0.000000000000000    -0.000011519454798     0.000000000000000
    -0.000015551966927     0.000000000000000     0.000018062423786
39 49
     0.000019894717434    -0.000033883795447    -0.000000000000001
    -0.000033883795450     0.000019894717432    -0.000000000000000
    -0.000000000000000     0.000000000000002     0.000030850551873
39 50
     0.000002658897815    -0.000007270106806    -0.000005423661432
    -0.000006074818468     0.000011728397486     0.000005448978242
    -0.000002258995214     0.000003978643715     0.000009626916743
40 1
     0.000343289517422    -0.000000000000000    -0.000017436556437
    -0.000000000000000    -0.000056914512065    -0.000000000000000
    -0.000017436140215    -0.000000000000000    -0.000042532074626
40 2
     0.000140885541514    -0.000000000000000     0.000014309031008
     0.000000000000000    -0.000030845005027     0.000000000000000
     0.000014308799442     0.000000000000000     0.000036736983915
40 3
     0.000092412104094     0.000026138987089     0.000024641716256
     0.000026139910151    -0.000009741388829     0.000007599743246
     0.000024641064674     0.000007599217530     0.000006304945171
40 4
     0.000090832000681    -0.000000000000000     0.000008460103400
     0.000000000000000    -0.000014893348804    -0.000000000000000
     0.000008459881891     0.000000000000000    -0.000003021479735
40 5
     0.000817817890454    -0.000000000000000    -0.000356953318232
     0.000000000000000    -0.000217416337348     0.000000000000000
    -0.000356959937968    -0.000000000000000    -0.000048671979132
40 6
     0.000143064692685    -0.000041538854453     0.000019604067454
    -0.000041540679458    -0.000011486614845    -0.000005997267477
     0.000019603410279    -0.000005996784673    -0.000013845731952
40 7
     0.000143064692685     0.000041538854453     0.000019604067454
     0.000041540679458    -0.000011486614845     0.000005997267477
     0.000019603410279     0.000005996784673    -0.000013845731952
40 8
     0.000379151136062    -0.000000000000000    -0.000224965727901
     0.000000000000000    -0.000107096221457    -0.000000000000000
    -0.000224964412281    -0.000000000000000     0.000178847471635
40 9
     0.000062709860242    -0.000000000000000     0.000005441471146
     0.000000000000000    -0.000011828878744     0.000000000000000
     0.000005441358711    -0.000000000000000     0.000007463554412
40 10
     0.000092412104094    -0.000026138987089     0.000024641716256
    -0.000026139910151    -0.000009741388829    -0.000007599743246
     0.000024641064674    -0.000007599217530     0.000006304945171
40 11
     0.000458813518343    -0.000000000000000     0.000095859176747
    -0.000000000000000    -0.000078703486288    -0.000000000000000
     0.000095856771057     0.000000000000000    -0.000041615990567
40 12
    -0.000003982319869     0.000000000000000    -2.840730690463069
     0.000000000000000     1.889796799785403     0.000000000000000
    -0.000020968121173     0.000000000000000     1.478517044698504
40 13
    -0.333796181514694     0.000000000000000     0.137346960414531
     0.000000000000000     0.025464952907427    -0.000000000000000
     0.137319165849020     0.000000000000000    -0.026956359276424
40 14
   -15.694667559802594    -0.000000000000000    -7.570214425999772
    -0.000000000000000    -7.999393943174288    -0.000000000000000
    -7.797557129014511    -0.000000000000000   -26.326929537242552
40 15
     0.000097831298442    -0.000049628903841     0.000006142372022
    -0.000049630245003     0.000010667498241    -0.000003453649429
     0.000006142126934    -0.000003453409878    -0.000012644201577
40 16
     0.000010001513021    -0.000004308874700     0.000000233105681
    -0.000004308865965     0.000012216616812    -0.000000187448800
     0.000000233093937    -0.000000187439715    -0.000001602185036
40 17
     0.000097831298442     0.000049628903841     0.000006142372022
     0.000049630245003     0.000010667498241     0.000003453649429
     0.000006142126934     0.000003453409878    -0.000012644201577
40 18
     0.000010001513021     0.000004308874700     0.000000233105681
     0.000004308865965     0.000012216616812     0.000000187448800
     0.000000233093937     0.000000187439715    -0.000001602185036
40 19
     0.000056671789625    -0.000027383048170     0.000012182620368
    -0.000027383575498     0.000004133102150    -0.000006683302056
     0.000012182245433    -0.000006682909483     0.000007552803831
40 20
     0.000320407152814    -0.000000000000000    -0.000197160986383
     0.000000000000000    -0.000388992669592     0.000000000000000
    -0.000197103070911    -0.000000000000000     0.000834803281156
40 21
     0.000227646178611     0.000000000000000    -0.004553377980728
    -0.000000000000000     0.472640645927770     0.000000000000000
    -0.004555881408668    -0.000000000000000    -0.030409847154401
40 22
     0.000167167671808    -0.000000000000000     0.000033541601392
     0.000000000000000    -0.000038982337909     0.000000000000000
     0.000033541133301    -0.000000000000000     0.000057616746948
40 23
    -0.000571350993414    -0.000000000000000    -0.000945675489863
     0.000000000000000    -0.000528531492112    -0.000000000000000
    -0.000946134135950    -0.000000000000000    -0.000382432763780
40 24
     0.000008182150480    -0.000003241628812     0.000000610270958
    -0.000003241624293     0.000009898745219    -0.000000505387581
     0.000000610240744    -0.000000505364342     0.000000147795628
40 25
     0.000055321119278    -0.000003584853762    -0.000005726828755
    -0.000013191611955     0.000035430818012    -0.000019115352921
    -0.000010677411233    -0.000037685785001     0.000016950022920
40 26
     0.000014275836174    -0.000009420165459     0.000001856173886
    -0.000009420179879     0.000012227263532    -0.000001831689599
     0.000001856092646    -0.000001831603366    -0.000001113464829
40 27
     0.000055321119278     0.000003584853762    -0.000005726828755
     0.000013191611955     0.000035430818012     0.000019115352921
    -0.000010677411233     0.000037685785001     0.000016950022920
40 28
     0.000014275836174     0.000009420165459     0.000001856173886
     0.000009420179879     0.000012227263532     0.000001831689599
     0.000001856092646     0.000001831603366    -0.000001113464829
40 29
     0.000643649865070    -0.000000000000000     0.000346151079033
    -0.000000000000000    -0.000160323987962    -0.000000000000000
     0.000346148680447     0.000000000000000     0.000093195153986
40 30
    -0.013475482640268     0.000000000000000    -0.011286313181941
     0.000000000000000     0.500883466649611     0.000000000000000
    -0.011286829808622     0.000000000000000    -0.007988495699692
40 31
    -0.244632323056682    -0.000000000000000     0.344772231123446
    -0.000000000000000    -0.450820264160752     0.000000000000000
     0.344862463564220    -0.000000000000000    -0.365520675494762
40 32
     2.244313135817339     0.000000000000000     1.445753998551994
    -0.000000000000000     1.829536700888172     0.000000000000000
    -1.168281385459521     0.000000000000000    -0.752093722089743
40 33
     0.000056671789625     0.000027383048170     0.000012182620368
     0.000027383575498     0.000004133102150     0.000006683302056
     0.000012182245433     0.000006682909483     0.000007552803831
40 34
     0.000008182150480     0.000003241628812     0.000000610270958
     0.000003241624293     0.000009898745219     0.000000505387581
     0.000000610240744     0.000000505364342     0.000000147795628
40 35
     0.000011728397486     0.000006074818467     0.000005448978242
     0.000007270106809     0.000002658897814     0.000005423661434
     0.000003978643716     0.000002258995214     0.000009626916743
40 36
     0.000002086079188     0.000001129596446     0.000000000000000
     0.000001129596447     0.000002086079188    -0.000000000000001
    -0.000000000000000     0.000000000000001     0.000000207096644
40 37
     0.000189166022573    -0.000000000000000     0.000001262438739
     0.000000000000000    -0.000030015965728     0.000000000000000
     0.000001262395592     0.000000000000000    -0.000026758400475
40 38
    -0.618879903715982    -0.000000000000000     0.000000000000000
     0.000000000000000    -0.616178252762533     0.000000000000000
     0.000000000000000     0.000000000000000     0.043631413647859
40 39
    -0.524463251361808     0.000000000000000     0.006810565690430
    -0.000000000000000     0.036751304956382    -0.000000000000000
     0.006807524870328     0.000000000000000     0.036638777817633
40 40
    15.180460825088655     0.000000000000000     8.493227994429759
     0.000000000000000     4.312600537819599    -0.000000000000000
     8.493853234096354    -0.000000000000000    25.964972785022148
40 41
     0.000017467327162    -0.000009571519982    -0.000001491931815
    -0.000009571751285     0.000002849555226     0.000000918122407
    -0.000001491868910     0.000000918059282    -0.000002156989984
40 42
     0.000002780137443    -0.000001689035694    -0.000000150787554
    -0.000001689035694     0.000002780137443     0.000000150787554
    -0.000000150780233     0.000000150780233    -0.000000393923927
40 43
     0.000017467327162     0.000009571519982    -0.000001491931815
     0.000009571751285     0.000002849555226    -0.000000918122407
    -0.000001491868910    -0.000000918059282    -0.000002156989984
40 44
     0.000002780137443     0.000001689035694    -0.000000150787554
     0.000001689035694     0.000002780137443    -0.000000150787554
    -0.000000150780233    -0.000000150780233    -0.000000393923927
40 45
     0.000136108310849    -0.000000000000000     0.000204690715954
    -0.000000000000000    -0.000143256040235     0.000000000000000
     0.000204673582239     0.000000000000000     0.000374885513630
40 46
     0.000538812469588     0.000000000000000     0.000000000000000
    -0.000000000000000     0.000538812469589     0.000000000000000
    -0.000000000000000    -0.000000000000000    -0.015302912776905
40 47
     0.000049085441657    -0.000000000000000    -0.000015552166581
    -0.000000000000000    -0.000011519454798     0.000000000000000
    -0.000015551966926     0.000000000000000     0.000018062423786
40 48
     0.000126887031406    -0.000000000000000    -0.000205613470129
     0.000000000000000    -0.000148882988328     0.000000000000000
    -0.000205591221806     0.000000000000000     0.000366883939902
40 49
     0.000011728397486    -0.000006074818467     0.000005448978242
    -0.000007270106809     0.000002658897814    -0.000005423661434
     0.000003978643716    -0.000002258995214     0.000009626916743
40 50
     0.000002086079188    -0.000001129596446     0.000000000000000
    -0.000001129596447     0.000002086079188     0.000000000000001
    -0.000000000000000    -0.000000000000001     0.000000207096644
41 1
    -0.386918173858474     0.000000000000000     0.000000000000000
     0.000000000000000    -0.200569455223554    -0.018628069096042
    -0.000000000000000    -0.018623138508691     0.011523662568853
41 2
    -0.000272508327431    -0.000000000000000    -0.000000000000000
     0.000000000000000     0.000345312663369    -0.000056408659971
     0.000000000000000    -0.000056390929480     0.000528294721802
41 3
    -0.000045228217025     0.000000000000000     0.000000000000000
     0.000000000000000     0.000199133976811     0.000081192695020
    -0.000000000000000     0.000081191570857     0.000056968615555
41 4
    -0.000689086694085    -0.000818949715243     0.000234665248182
    -0.000818421466151    -0.001891986471569     0.000463711847125
     0.000234357809385     0.000463395998203    -0.000374045087299
41 5
    -0.000689086694085     0.000818949715243    -0.000234665248182
     0.000818421466151    -0.001891986471569     0.000463711847125
    -0.000234357809385     0.000463395998203    -0.000374045087299
41 6
     1.640725764831062    -0.000000000000000     0.000000000000000
    -0.000000000000000     0.856366303082400    -2.527606127344181
    -0.000000000000000    -0.229547650022360     0.677523345840022
41 7
    -0.000078857237698     0.000000000000000    -0.000000000000000
     0.000000000000000     0.000432115729297     0.000137691499293
     0.000000000000000     0.000137688365830    -0.000016741347024
41 8
    -0.000065542187467    -0.000354413092760     0.000213493900692
    -0.000354427981385     0.000458450737744    -0.000422469374640
     0.000213509684154    -0.000422479468559     0.000157194205729
41 9
    -0.000065542187467     0.000354413092760    -0.000213493900692
     0.000354427981385     0.000458450737744    -0.000422469374640
    -0.000213509684154    -0.000422479468559     0.000157194205729
41 10
     0.519137986253620    -0.000000000000000    -0.000000000000000
    -0.000000000000000    -0.009984805661121    -0.021673295015568
    -0.000000000000000    -0.021681893319450    -0.035038044038317
41 11
     0.000307785114290     0.000600193388222    -0.000080926214505
     0.000600198575133     0.000414335209907    -0.000088371442858
    -0.000080934749582    -0.000088379964609    -0.000210532576956
41 12
     0.000060856811749     0.000022223575640    -0.000001965723314
     0.000022224112252     0.000006589065326    -0.000001396271181
    -0.000001965647519    -0.000001396181198    -0.000006922055259
41 13
     0.000307785114290    -0.000600193388222     0.000080926214505
    -0.000600198575133     0.000414335209907    -0.000088371442858
     0.000080934749582    -0.000088379964609    -0.000210532576956
41 14
     0.000060856811749    -0.000022223575640     0.000001965723314
    -0.000022224112252     0.000006589065326    -0.000001396271181
     0.000001965647519    -0.000001396181198    -0.000006922055259
41 15
    -8.033232240880151    -0.000000000000000    -0.000000000000000
     0.000000000000000   -11.412674823427366    -4.901781236395357
    -0.000000000000000    -5.194726635198544   -29.009117575317266
41 16
     0.010691358742140     0.000000000000000     0.000000000000000
    -0.000000000000000    -0.159548220853567     0.052177406860152
     0.000000000000000     0.052165465735651    -0.005234934186707
41 17
    -0.000026610803860    -0.000000000000000     0.000000000000000
     0.000000000000000     0.000166716125084     0.000018700536651
     0.000000000000000     0.000018700017374    -0.000012394726291
41 18
    -0.000215530631833     0.000000000000000    -0.000000000000000
     0.000000000000000     0.000935923602714    -0.000222147061395
     0.000000000000000    -0.000222150994992    -0.000143899959580
41 19
     0.477250210813454    -0.000000000000000    -0.000000000000000
    -0.000000000000000     0.002885030373183    -0.006287285092223
    -0.000000000000000    -0.006290904592036    -0.070161042611928
41 20
     0.000132913258598    -0.000259079760492     0.000150123132124
    -0.000259079008915     0.000179259333436    -0.000163956636040
     0.000150118623860    -0.000163952259547     0.000139248648730
41 21
     0.000038830140288    -0.000012849967365     0.000004591040300
    -0.000012850185472     0.000003020368959    -0.000003038772890
     0.000004590903015    -0.000003038596759     0.000004253663446
41 22
     0.000132913258598     0.000259079760492    -0.000150123132124
     0.000259079008915     0.000179259333436    -0.000163956636040
    -0.000150118623860    -0.000163952259547     0.000139248648730
41 23
     0.000038830140288     0.000012849967365    -0.000004591040300
     0.000012850185472     0.000003020368959    -0.000003038772890
    -0.000004590903015    -0.000003038596759     0.000004253663446
41 24
    -0.000325652543689    -0.000000000000000     0.000000000000000
     0.000000000000000     0.000453149463451    -0.000240311430860
    -0.000000000000000    -0.000240293311731     0.000837903978328
41 25
     1.894009231093315     0.000000000000000    -0.000000000000000
    -0.000000000000000     1.842763913430243     1.511941391307633
     0.000000000000000    -0.493922071780788    -0.404834426327439
41 26
    -0.561991043320870    -0.000000000000000     0.000000000000000
     0.000000000000000    -0.107112077900892     0.120216561198991
    -0.000000000000000     0.120241789019870    -0.104474544869458
41 27
    -0.000016781003353     0.000000000000000    -0.000000000000000
     0.000000000000000     0.000096087938359    -0.000004823683548
     0.000000000000000    -0.000004823571628     0.000003065076242
41 28
    -0.000053319843960     0.000000000000000    -0.000000000000000
     0.000000000000000     0.000275837094418    -0.000099535003502
     0.000000000000000    -0.000099533012887     0.000021308719104
41 29
     0.000220656801028     0.000245319931303    -0.000106248533146
     0.000245321946908     0.000128816410955    -0.000088547276283
    -0.000106244073096    -0.000088542769444    -0.000010518400467
41 30
     0.000080321903293     0.000050921938340    -0.000019345294288
     0.000050922964541     0.000015437190854    -0.000012019646515
    -0.000019344542000    -0.000012018893146    -0.000003133819201
41 31
     0.000220656801028    -0.000245319931303     0.000106248533146
    -0.000245321946908     0.000128816410955    -0.000088547276283
     0.000106244073096    -0.000088542769444    -0.000010518400467
41 32
     0.000080321903293    -0.000050921938340     0.000019345294288
    -0.000050922964541     0.000015437190854    -0.000012019646515
     0.000019344542000    -0.000012018893146    -0.000003133819201
41 33
    -0.000017659625387    -0.000000000000000     0.000000000000000
     0.000000000000000     0.000088276796984     0.000008149523854
    -0.000000000000000     0.000008149376402     0.000016003140110
41 34
    -0.000080534226238     0.000000000000000     0.000000000000000
     0.000000000000000     0.000285070050974    -0.000074024296417
    -0.000000000000000    -0.000074023769497     0.000161862602777
41 35
    -0.000003369575643     0.000000000000000    -0.000000000000000
     0.000000000000000     0.000024578111365     0.000008989419757
     0.000000000000000     0.000003802488293     0.000009864228571
41 36
    -0.000011519454798     0.000000000000000     0.000000000000000
     0.000000000000000     0.000049085441657     0.000015552166581
     0.000000000000000     0.000015551966927     0.000018062423786
41 37
     0.000115464734064     0.000162109110836     0.000027336480568
     0.000162109110837     0.000115464734066     0.000027336480570
     0.000027334915614     0.000027334915612    -0.000038277059579
41 38
     0.000017467327160     0.000009571519983     0.000001491931814
     0.000009571751283     0.000002849555229     0.000000918122406
     0.000001491868911     0.000000918059280    -0.000002156989986
41 39
     0.000115464734064    -0.000162109110836    -0.000027336480568
    -0.000162109110837     0.000115464734066     0.000027336480570
    -0.000027334915614     0.000027334915612    -0.000038277059579
41 40
     0.000017467327160    -0.000009571519983    -0.000001491931814
    -0.000009571751283     0.000002849555229     0.000000918122406
    -0.000001491868911     0.000000918059280    -0.000002156989986
41 41
     4.404130908902760     0.000000000000000     0.000000000000000
    -0.000000000000000     9.709449506207131     5.799237059024558
     0.000000000000000     5.799990559693241    28.912694256557948
41 42
     0.036751304956381    -0.000000000000000     0.000000000000000
    -0.000000000000000    -0.524463251361953    -0.006810565690432
     0.000000000000000    -0.006807524870323     0.036638777817631
41 43
    -0.000005117630693     0.000000000000000    -0.000000000000000
     0.000000000000000     0.000033667560650     0.000000000000000
     0.000000000000000     0.000000000000000    -0.000003401897022
41 44
    -0.000030015965728     0.000000000000000    -0.000000000000000
     0.000000000000000     0.000189166022578     0.000001262438737
     0.000000000000000     0.000001262395592    -0.000026758400475
41 45
     0.000019894717432    -0.000033883795450     0.000000000000000
    -0.000033883795447     0.000019894717434     0.000000000000001
    -0.000000000000002     0.000000000000000     0.000030850551873
41 46
     0.000011728397486    -0.000006074818468    -0.000005448978242
    -0.000007270106806     0.000002658897815     0.000005423661432
    -0.000003978643715     0.000002258995214     0.000009626916743
41 47
     0.000019894717432     0.000033883795450    -0.000000000000000
     0.000033883795447     0.000019894717434     0.000000000000001
     0.000000000000002     0.000000000000000     0.000030850551873
41 48
     0.000011728397486     0.000006074818468     0.000005448978242
     0.000007270106806     0.000002658897815     0.000005423661432
     0.000003978643715     0.000002258995214     0.000009626916743
41 49
     0.000268072946607    -0.000000000000000     0.000000000000000
    -0.000000000000000     0.000268072946607     0.000000000000000
     0.000000000000000     0.000000000000000    -0.010735674118416
41 50
    -0.000143256040235     0.000000000000000     0.000000000000000
     0.000000000000000     0.000136108310845     0.000204690715953
    -0.000000000000000     0.000204673582240     0.000374885513632
42 1
    -0.000056914512065     0.000000000000000    -0.000000000000000
     0.000000000000000     0.000343289517422     0.000017436556437
    -0.000000000000000     0.000017436140215    -0.000042532074626
42 2
    -0.000030845005027    -0.000000000000000     0.000000000000000
     0.000000000000000     0.000140885541514    -0.000014309031008
     0.000000000000000    -0.000014308799442     0.000036736983915
42 3
    -0.000011828878744    -0.000000000000000     0.000000000000000
     0.000000000000000     0.000062709860242    -0.000005441471146
    -0.000000000000000    -0.000005441358711     0.000007463554412
42 4
    -0.000011486614845     0.000041540679458    -0.000005997267477
     0.000041538854453     0.000143064692685    -0.000019604067454
    -0.000005996784673    -0.000019603410279    -0.000013845731952
42 5
    -0.000011486614845    -0.000041540679458     0.000005997267477
    -0.000041538854453     0.000143064692685    -0.000019604067454
     0.000005996784673    -0.000019603410279    -0.000013845731952
42 6
    -0.000217416337348    -0.000000000000000     0.000000000000000
     0.000000000000000     0.000817817890454     0.000356953318232
    -0.000000000000000     0.000356959937968    -0.000048671979132
42 7
    -0.000014893348804    -0.000000000000000    -0.000000000000000
     0.000000000000000     0.000090832000681    -0.000008460103400
     0.000000000000000    -0.000008459881891    -0.000003021479735
42 8
    -0.000009741388829    -0.000026139910151     0.000007599743246
    -0.000026138987089     0.000092412104094    -0.000024641716256
     0.000007599217530    -0.000024641064674     0.000006304945171
42 9
    -0.000009741388829     0.000026139910151    -0.000007599743246
     0.000026138987089     0.000092412104094    -0.000024641716256
    -0.000007599217530    -0.000024641064674     0.000006304945171
42 10
    -0.000107096221457    -0.000000000000000    -0.000000000000000
     0.000000000000000     0.000379151136062     0.000224965727901
    -0.000000000000000     0.000224964412281     0.000178847471635
42 11
     0.000010667498241     0.000049630245003    -0.000003453649429
     0.000049628903841     0.000097831298442    -0.000006142372022
    -0.000003453409878    -0.000006142126934    -0.000012644201577
42 12
     0.000012216616812     0.000004308865965    -0.000000187448800
     0.000004308874700     0.000010001513021    -0.000000233105681
    -0.000000187439715    -0.000000233093937    -0.000001602185036
42 13
     0.000010667498241    -0.000049630245003     0.000003453649429
    -0.000049628903841     0.000097831298442    -0.000006142372022
     0.000003453409878    -0.000006142126934    -0.000012644201577
42 14
     0.000012216616812    -0.000004308865965     0.000000187448800
    -0.000004308874700     0.000010001513021    -0.000000233105681
     0.000000187439715    -0.000000233093937    -0.000001602185036
42 15
     0.025464952907427    -0.000000000000000    -0.000000000000000
    -0.000000000000000    -0.333796181514694    -0.137346960414531
     0.000000000000000    -0.137319165849020    -0.026956359276424
42 16
    -7.999393943174288     0.000000000000000    -0.000000000000000
     0.000000000000000   -15.694667559802594     7.570214425999772
    -0.000000000000000     7.797557129014511   -26.326929537242552
42 17
    -0.000078703486288     0.000000000000000    -0.000000000000000
     0.000000000000000     0.000458813518343    -0.000095859176747
     0.000000000000000    -0.000095856771057    -0.000041615990567
42 18
     1.889796799785403    -0.000000000000000     0.000000000000000
    -0.000000000000000    -0.000003982319869     2.840730690463069
     0.000000000000000     0.000020968121173     1.478517044698504
42 19
    -0.000388992669592    -0.000000000000000     0.000000000000000
     0.000000000000000     0.000320407152814     0.000197160986383
    -0.000000000000000     0.000197103070911     0.000834803281156
42 20
     0.000004133102150    -0.000027383575498     0.000006683302056
    -0.000027383048170     0.000056671789625    -0.000012182620368
     0.000006682909483    -0.000012182245433     0.000007552803831
42 21
     0.000009898745219    -0.000003241624293     0.000000505387581
    -0.000003241628812     0.000008182150480    -0.000000610270958
     0.000000505364342    -0.000000610240744     0.000000147795628
42 22
     0.000004133102150     0.000027383575498    -0.000006683302056
     0.000027383048170     0.000056671789625    -0.000012182620368
    -0.000006682909483    -0.000012182245433     0.000007552803831
42 23
     0.000009898745219     0.000003241624293    -0.000000505387581
     0.000003241628812     0.000008182150480    -0.000000610270958
    -0.000000505364342    -0.000000610240744     0.000000147795628
42 24
     0.472640645927770     0.000000000000000     0.000000000000000
    -0.000000000000000     0.000227646178611     0.004553377980728
    -0.000000000000000     0.004555881408668    -0.030409847154401
42 25
    -0.450820264160752     0.000000000000000     0.000000000000000
     0.000000000000000    -0.244632323056682    -0.344772231123446
    -0.000000000000000    -0.344862463564220    -0.365520675494762
42 26
     1.829536700888172     0.000000000000000     0.000000000000000
    -0.000000000000000     2.244313135817339    -1.445753998551994
     0.000000000000000     1.168281385459521    -0.752093722089743
42 27
    -0.000160323987962     0.000000000000000    -0.000000000000000
     0.000000000000000     0.000643649865070    -0.000346151079033
     0.000000000000000    -0.000346148680447     0.000093195153986
42 28
     0.500883466649611    -0.000000000000000     0.000000000000000
    -0.000000000000000    -0.013475482640268     0.011286313181941
     0.000000000000000     0.011286829808622    -0.007988495699692
42 29
     0.000035430818012     0.000013191611955    -0.000019115352921
     0.000003584853762     0.000055321119278     0.000005726828755
    -0.000037685785001     0.000010677411233     0.000016950022920
42 30
     0.000012227263532     0.000009420179879    -0.000001831689599
     0.000009420165459     0.000014275836174    -0.000001856173886
    -0.000001831603366    -0.000001856092646    -0.000001113464829
42 31
     0.000035430818012    -0.000013191611955     0.000019115352921
    -0.000003584853762     0.000055321119278     0.000005726828755
     0.000037685785001     0.000010677411233     0.000016950022920
42 32
     0.000012227263532    -0.000009420179879     0.000001831689599
    -0.000009420165459     0.000014275836174    -0.000001856173886
     0.000001831603366    -0.000001856092646    -0.000001113464829
42 33
    -0.000038982337909    -0.000000000000000     0.000000000000000
     0.000000000000000     0.000167167671808    -0.000033541601392
    -0.000000000000000    -0.000033541133301     0.000057616746948
42 34
    -0.000528531492112    -0.000000000000000    -0.000000000000000
     0.000000000000000    -0.000571350993414     0.000945675489863
    -0.000000000000000     0.000946134135950    -0.000382432763780
42 35
    -0.000011519454798     0.000000000000000     0.000000000000000
     0.000000000000000     0.000049085441657     0.000015552166581
     0.000000000000000     0.000015551966926     0.000018062423786
42 36
    -0.000148882988328    -0.000000000000000     0.000000000000000
     0.000000000000000     0.000126887031406     0.000205613470129
     0.000000000000000     0.000205591221806     0.000366883939902
42 37
     0.000002849555226     0.000009571751285     0.000000918122407
     0.000009571519982     0.000017467327162     0.000001491931815
     0.000000918059282     0.000001491868910    -0.000002156989984
42 38
     0.000002780137443     0.000001689035694     0.000000150787554
     0.000001689035694     0.000002780137443     0.000000150787554
     0.000000150780233     0.000000150780233    -0.000000393923927
42 39
     0.000002849555226    -0.000009571751285    -0.000000918122407
    -0.000009571519982     0.000017467327162     0.000001491931815
    -0.000000918059282     0.000001491868910    -0.000002156989984
42 40
     0.000002780137443    -0.000001689035694    -0.000000150787554
    -0.000001689035694     0.000002780137443     0.000000150787554
    -0.000000150780233     0.000000150780233    -0.000000393923927
42 41
     0.036751304956382     0.000000000000000    -0.000000000000000
    -0.000000000000000    -0.524463251361808    -0.006810565690430
     0.000000000000000    -0.006807524870328     0.036638777817633
42 42
     4.312600537819599    -0.000000000000000    -0.000000000000000
    -0.000000000000000    15.180460825088655    -8.493227994429759
    -0.000000000000000    -8.493853234096354    25.964972785022148
42 43
    -0.000030015965728    -0.000000000000000     0.000000000000000
     0.000000000000000     0.000189166022573    -0.000001262438739
     0.000000000000000    -0.000001262395592    -0.000026758400475
42 44
    -0.616178252762533    -0.000000000000000     0.000000000000000
     0.000000000000000    -0.618879903715982    -0.000000000000000
     0.000000000000000    -0.000000000000000     0.043631413647859
42 45
     0.000002658897814    -0.000007270106809     0.000005423661434
    -0.000006074818467     0.000011728397486    -0.000005448978242
     0.000002258995214    -0.000003978643716     0.000009626916743
42 46
     0.000002086079188    -0.000001129596447    -0.000000000000001
    -0.000001129596446     0.000002086079188    -0.000000000000000
     0.000000000000001     0.000000000000000     0.000000207096644
42 47
     0.000002658897814     0.000007270106809    -0.000005423661434
     0.000006074818467     0.000011728397486    -0.000005448978242
    -0.000002258995214    -0.000003978643716     0.000009626916743
42 48
     0.000002086079188     0.000001129596447     0.000000000000001
     0.000001129596446     0.000002086079188    -0.000000000000000
    -0.000000000000001     0.000000000000000     0.000000207096644
42 49
    -0.000143256040235     0.000000000000000     0.000000000000000
     0.000000000000000     0.000136108310849    -0.000204690715954
     0.000000000000000    -0.000204673582239     0.000374885513630
42 50
     0.000538812469589     0.000000000000000     0.000000000000000
    -0.000000000000000     0.000538812469588    -0.000000000000000
    -0.000000000000000     0.000000000000000    -0.015302912776905
43 1
    -0.386918173858474     0.000000000000000    -0.000000000000000
     0.000000000000000    -0.200569455223554     0.018628069096042
     0.000000000000000     0.018623138508691     0.011523662568853
43 2
    -0.000272508327431    -0.000000000000000     0.000000000000000
     0.000000000000000     0.000345312663369     0.000056408659971
     0.000000000000000     0.000056390929480     0.000528294721802
43 3
     0.519137986253620    -0.000000000000000     0.000000000000000
    -0.000000000000000    -0.009984805661121     0.021673295015568
     0.000000000000000     0.021681893319450    -0.035038044038317
43 4
    -0.000689086694085     0.000818949715243     0.000234665248182
     0.000818421466151    -0.001891986471569    -0.000463711847125
     0.000234357809385    -0.000463395998203    -0.000374045087299
43 5
    -0.000689086694085    -0.000818949715243    -0.000234665248182
    -0.000818421466151    -0.001891986471569    -0.000463711847125
    -0.000234357809385    -0.000463395998203    -0.000374045087299
43 6
    -0.000078857237698     0.000000000000000     0.000000000000000
     0.000000000000000     0.000432115729297    -0.000137691499293
    -0.000000000000000    -0.000137688365830    -0.000016741347024
43 7
     1.640725764831062    -0.000000000000000    -0.000000000000000
    -0.000000000000000     0.856366303082400     2.527606127344181
     0.000000000000000     0.229547650022360     0.677523345840022
43 8
    -0.000065542187467     0.000354413092760     0.000213493900692
     0.000354427981385     0.000458450737744     0.000422469374640
     0.000213509684154     0.000422479468559     0.000157194205729
43 9
    -0.000065542187467    -0.000354413092760    -0.000213493900692
    -0.000354427981385     0.000458450737744     0.000422469374640
    -0.000213509684154     0.000422479468559     0.000157194205729
43 10
    -0.000045228217025     0.000000000000000    -0.000000000000000
     0.000000000000000     0.000199133976811    -0.000081192695020
     0.000000000000000    -0.000081191570857     0.000056968615555
43 11
     0.000307785114290    -0.000600193388222    -0.000080926214505
    -0.000600198575133     0.000414335209907     0.000088371442858
    -0.000080934749582     0.000088379964609    -0.000210532576956
43 12
     0.000060856811749    -0.000022223575640    -0.000001965723314
    -0.000022224112252     0.000006589065326     0.000001396271181
    -0.000001965647519     0.000001396181198    -0.000006922055259
43 13
     0.000307785114290     0.000600193388222     0.000080926214505
     0.000600198575133     0.000414335209907     0.000088371442858
     0.000080934749582     0.000088379964609    -0.000210532576956
43 14
     0.000060856811749     0.000022223575640     0.000001965723314
     0.000022224112252     0.000006589065326     0.000001396271181
     0.000001965647519     0.000001396181198    -0.000006922055259
43 15
    -0.000026610803860    -0.000000000000000    -0.000000000000000
     0.000000000000000     0.000166716125084    -0.000018700536651
    -0.000000000000000    -0.000018700017374    -0.000012394726291
43 16
    -0.000215530631833     0.000000000000000     0.000000000000000
     0.000000000000000     0.000935923602714     0.000222147061395
     0.000000000000000     0.000222150994992    -0.000143899959580
43 17
    -8.033232240880151    -0.000000000000000     0.000000000000000
     0.000000000000000   -11.412674823427366     4.901781236395357
     0.000000000000000     5.194726635198544   -29.009117575317266
43 18
     0.010691358742140     0.000000000000000    -0.000000000000000
    -0.000000000000000    -0.159548220853567    -0.052177406860152
    -0.000000000000000    -0.052165465735651    -0.005234934186707
43 19
    -0.000017659625387    -0.000000000000000    -0.000000000000000
     0.000000000000000     0.000088276796984    -0.000008149523854
     0.000000000000000    -0.000008149376402     0.000016003140110
43 20
     0.000132913258598     0.000259079760492     0.000150123132124
     0.000259079008915     0.000179259333436     0.000163956636040
     0.000150118623860     0.000163952259547     0.000139248648730
43 21
     0.000038830140288     0.000012849967365     0.000004591040300
     0.000012850185472     0.000003020368959     0.000003038772890
     0.000004590903015     0.000003038596759     0.000004253663446
43 22
     0.000132913258598    -0.000259079760492    -0.000150123132124
    -0.000259079008915     0.000179259333436     0.000163956636040
    -0.000150118623860     0.000163952259547     0.000139248648730
43 23
     0.000038830140288    -0.000012849967365    -0.000004591040300
    -0.000012850185472     0.000003020368959     0.000003038772890
    -0.000004590903015     0.000003038596759     0.000004253663446
43 24
    -0.000080534226238     0.000000000000000    -0.000000000000000
     0.000000000000000     0.000285070050974     0.000074024296417
     0.000000000000000     0.000074023769497     0.000161862602777
43 25
    -0.000016781003353     0.000000000000000     0.000000000000000
     0.000000000000000     0.000096087938359     0.000004823683548
    -0.000000000000000     0.000004823571628     0.000003065076242
43 26
    -0.000053319843960     0.000000000000000     0.000000000000000
     0.000000000000000     0.000275837094418     0.000099535003502
    -0.000000000000000     0.000099533012887     0.000021308719104
43 27
     1.894009231093315     0.000000000000000     0.000000000000000
    -0.000000000000000     1.842763913430243    -1.511941391307633
    -0.000000000000000     0.493922071780788    -0.404834426327439
43 28
    -0.561991043320870    -0.000000000000000    -0.000000000000000
     0.000000000000000    -0.107112077900892    -0.120216561198991
     0.000000000000000    -0.120241789019870    -0.104474544869458
43 29
     0.000220656801028    -0.000245319931303    -0.000106248533146
    -0.000245321946908     0.000128816410955     0.000088547276283
    -0.000106244073096     0.000088542769444    -0.000010518400467
43 30
     0.000080321903293    -0.000050921938340    -0.000019345294288
    -0.000050922964541     0.000015437190854     0.000012019646515
    -0.000019344542000     0.000012018893146    -0.000003133819201
43 31
     0.000220656801028     0.000245319931303     0.000106248533146
     0.000245321946908     0.000128816410955     0.000088547276283
     0.000106244073096     0.000088542769444    -0.000010518400467
43 32
     0.000080321903293     0.000050921938340     0.000019345294288
     0.000050922964541     0.000015437190854     0.000012019646515
     0.000019344542000     0.000012018893146    -0.000003133819201
43 33
     0.477250210813454    -0.000000000000000     0.000000000000000
    -0.000000000000000     0.002885030373183     0.006287285092223
     0.000000000000000     0.006290904592036    -0.070161042611928
43 34
    -0.000325652543689    -0.000000000000000    -0.000000000000000
     0.000000000000000     0.000453149463451     0.000240311430860
     0.000000000000000     0.000240293311731     0.000837903978328
43 35
     0.000268072946607    -0.000000000000000    -0.000000000000000
    -0.000000000000000     0.000268072946607    -0.000000000000000
    -0.000000000000000    -0.000000000000000    -0.010735674118416
43 36
    -0.000143256040235     0.000000000000000    -0.000000000000000
     0.000000000000000     0.000136108310845    -0.000204690715953
     0.000000000000000    -0.000204673582240     0.000374885513632
43 37
     0.000115464734064    -0.000162109110836     0.000027336480568
    -0.000162109110837     0.000115464734066    -0.000027336480570
     0.000027334915614    -0.000027334915612    -0.000038277059579
43 38
     0.000017467327160    -0.000009571519983     0.000001491931814
    -0.000009571751283     0.000002849555229    -0.000000918122406
     0.000001491868911    -0.000000918059280    -0.000002156989986
43 39
     0.000115464734064     0.000162109110836    -0.000027336480568
     0.000162109110837     0.000115464734066    -0.000027336480570
    -0.000027334915614    -0.000027334915612    -0.000038277059579
43 40
     0.000017467327160     0.000009571519983    -0.000001491931814
     0.000009571751283     0.000002849555229    -0.000000918122406
    -0.000001491868911    -0.000000918059280    -0.000002156989986
43 41
    -0.000005117630693     0.000000000000000     0.000000000000000
     0.000000000000000     0.000033667560650    -0.000000000000000
    -0.000000000000000    -0.000000000000000    -0.000003401897022
43 42
    -0.000030015965728     0.000000000000000     0.000000000000000
     0.000000000000000     0.000189166022578    -0.000001262438737
    -0.000000000000000    -0.000001262395592    -0.000026758400475
43 43
     4.404130908902760     0.000000000000000    -0.000000000000000
    -0.000000000000000     9.709449506207131    -5.799237059024558
    -0.000000000000000    -5.799990559693241    28.912694256557948
43 44
     0.036751304956381    -0.000000000000000    -0.000000000000000
    -0.000000000000000    -0.524463251361953     0.006810565690432
    -0.000000000000000     0.006807524870323     0.036638777817631
43 45
     0.000019894717432     0.000033883795450     0.000000000000000
     0.000033883795447     0.000019894717434    -0.000000000000001
    -0.000000000000002    -0.000000000000000     0.000030850551873
43 46
     0.000011728397486     0.000006074818468    -0.000005448978242
     0.000007270106806     0.000002658897815    -0.000005423661432
    -0.000003978643715    -0.000002258995214     0.000009626916743
43 47
     0.000019894717432    -0.000033883795450    -0.000000000000000
    -0.000033883795447     0.000019894717434    -0.000000000000001
     0.000000000000002    -0.000000000000000     0.000030850551873
43 48
     0.000011728397486    -0.000006074818468     0.000005448978242
    -0.000007270106806     0.000002658897815    -0.000005423661432
     0.000003978643715    -0.000002258995214     0.000009626916743
43 49
    -0.000003369575643     0.000000000000000     0.000000000000000
     0.000000000000000     0.000024578111365    -0.000008989419757
    -0.000000000000000    -0.000003802488293     0.000009864228571
43 50
    -0.000011519454798     0.000000000000000    -0.000000000000000
     0.000000000000000     0.000049085441657    -0.000015552166581
    -0.000000000000000    -0.000015551966927     0.000018062423786
44 1
    -0.000056914512065     0.000000000000000     0.000000000000000
     0.000000000000000     0.000343289517422    -0.000017436556437
     0.000000000000000    -0.000017436140215    -0.000042532074626
44 2
    -0.000030845005027    -0.000000000000000    -0.000000000000000
     0.000000000000000     0.000140885541514     0.000014309031008
     0.000000000000000     0.000014308799442     0.000036736983915
44 3
    -0.000107096221457    -0.000000000000000     0.000000000000000
     0.000000000000000     0.000379151136062    -0.000224965727901
     0.000000000000000    -0.000224964412281     0.000178847471635
44 4
    -0.000011486614845    -0.000041540679458    -0.000005997267477
    -0.000041538854453     0.000143064692685     0.000019604067454
    -0.000005996784673     0.000019603410279    -0.000013845731952
44 5
    -0.000011486614845     0.000041540679458     0.000005997267477
     0.000041538854453     0.000143064692685     0.000019604067454
     0.000005996784673     0.000019603410279    -0.000013845731952
44 6
    -0.000014893348804    -0.000000000000000     0.000000000000000
     0.000000000000000     0.000090832000681     0.000008460103400
    -0.000000000000000     0.000008459881891    -0.000003021479735
44 7
    -0.000217416337348    -0.000000000000000    -0.000000000000000
     0.000000000000000     0.000817817890454    -0.000356953318232
     0.000000000000000    -0.000356959937968    -0.000048671979132
44 8
    -0.000009741388829     0.000026139910151     0.000007599743246
     0.000026138987089     0.000092412104094     0.000024641716256
     0.000007599217530     0.000024641064674     0.000006304945171
44 9
    -0.000009741388829    -0.000026139910151    -0.000007599743246
    -0.000026138987089     0.000092412104094     0.000024641716256
    -0.000007599217530     0.000024641064674     0.000006304945171
44 10
    -0.000011828878744    -0.000000000000000    -0.000000000000000
     0.000000000000000     0.000062709860242     0.000005441471146
     0.000000000000000     0.000005441358711     0.000007463554412
44 11
     0.000010667498241    -0.000049630245003    -0.000003453649429
    -0.000049628903841     0.000097831298442     0.000006142372022
    -0.000003453409878     0.000006142126934    -0.000012644201577
44 12
     0.000012216616812    -0.000004308865965    -0.000000187448800
    -0.000004308874700     0.000010001513021     0.000000233105681
    -0.000000187439715     0.000000233093937    -0.000001602185036
44 13
     0.000010667498241     0.000049630245003     0.000003453649429
     0.000049628903841     0.000097831298442     0.000006142372022
     0.000003453409878     0.000006142126934    -0.000012644201577
44 14
     0.000012216616812     0.000004308865965     0.000000187448800
     0.000004308874700     0.000010001513021     0.000000233105681
     0.000000187439715     0.000000233093937    -0.000001602185036
44 15
    -0.000078703486288     0.000000000000000     0.000000000000000
     0.000000000000000     0.000458813518343     0.000095859176747
    -0.000000000000000     0.000095856771057    -0.000041615990567
44 16
     1.889796799785403    -0.000000000000000    -0.000000000000000
    -0.000000000000000    -0.000003982319869    -2.840730690463069
    -0.000000000000000    -0.000020968121173     1.478517044698504
44 17
     0.025464952907427    -0.000000000000000     0.000000000000000
    -0.000000000000000    -0.333796181514694     0.137346960414531
     0.000000000000000     0.137319165849020    -0.026956359276424
44 18
    -7.999393943174288     0.000000000000000     0.000000000000000
     0.000000000000000   -15.694667559802594    -7.570214425999772
     0.000000000000000    -7.797557129014511   -26.326929537242552
44 19
    -0.000038982337909    -0.000000000000000    -0.000000000000000
     0.000000000000000     0.000167167671808     0.000033541601392
     0.000000000000000     0.000033541133301     0.000057616746948
44 20
     0.000004133102150     0.000027383575498     0.000006683302056
     0.000027383048170     0.000056671789625     0.000012182620368
     0.000006682909483     0.000012182245433     0.000007552803831
44 21
     0.000009898745219     0.000003241624293     0.000000505387581
     0.000003241628812     0.000008182150480     0.000000610270958
     0.000000505364342     0.000000610240744     0.000000147795628
44 22
     0.000004133102150    -0.000027383575498    -0.000006683302056
    -0.000027383048170     0.000056671789625     0.000012182620368
    -0.000006682909483     0.000012182245433     0.000007552803831
44 23
     0.000009898745219    -0.000003241624293    -0.000000505387581
    -0.000003241628812     0.000008182150480     0.000000610270958
    -0.000000505364342     0.000000610240744     0.000000147795628
44 24
    -0.000528531492112    -0.000000000000000     0.000000000000000
     0.000000000000000    -0.000571350993414    -0.000945675489863
     0.000000000000000    -0.000946134135950    -0.000382432763780
44 25
    -0.000160323987962     0.000000000000000     0.000000000000000
     0.000000000000000     0.000643649865070     0.000346151079033
    -0.000000000000000     0.000346148680447     0.000093195153986
44 26
     0.500883466649611    -0.000000000000000    -0.000000000000000
    -0.000000000000000    -0.013475482640268    -0.011286313181941
    -0.000000000000000    -0.011286829808622    -0.007988495699692
44 27
    -0.450820264160752     0.000000000000000    -0.000000000000000
     0.000000000000000    -0.244632323056682     0.344772231123446
     0.000000000000000     0.344862463564220    -0.365520675494762
44 28
     1.829536700888172     0.000000000000000    -0.000000000000000
    -0.000000000000000     2.244313135817339     1.445753998551994
    -0.000000000000000    -1.168281385459521    -0.752093722089743
44 29
     0.000035430818012    -0.000013191611955    -0.000019115352921
    -0.000003584853762     0.000055321119278    -0.000005726828755
    -0.000037685785001    -0.000010677411233     0.000016950022920
44 30
     0.000012227263532    -0.000009420179879    -0.000001831689599
    -0.000009420165459     0.000014275836174     0.000001856173886
    -0.000001831603366     0.000001856092646    -0.000001113464829
44 31
     0.000035430818012     0.000013191611955     0.000019115352921
     0.000003584853762     0.000055321119278    -0.000005726828755
     0.000037685785001    -0.000010677411233     0.000016950022920
44 32
     0.000012227263532     0.000009420179879     0.000001831689599
     0.000009420165459     0.000014275836174     0.000001856173886
     0.000001831603366     0.000001856092646    -0.000001113464829
44 33
    -0.000388992669592    -0.000000000000000    -0.000000000000000
     0.000000000000000     0.000320407152814    -0.000197160986383
     0.000000000000000    -0.000197103070911     0.000834803281156
44 34
     0.472640645927770     0.000000000000000    -0.000000000000000
    -0.000000000000000     0.000227646178611    -0.004553377980728
     0.000000000000000    -0.004555881408668    -0.030409847154401
44 35
    -0.000143256040235     0.000000000000000    -0.000000000000000
     0.000000000000000     0.000136108310849     0.000204690715954
    -0.000000000000000     0.000204673582239     0.000374885513630
44 36
     0.000538812469589     0.000000000000000    -0.000000000000000
    -0.000000000000000     0.000538812469588     0.000000000000000
     0.000000000000000    -0.000000000000000    -0.015302912776905
44 37
     0.000002849555226    -0.000009571751285     0.000000918122407
    -0.000009571519982     0.000017467327162    -0.000001491931815
     0.000000918059282    -0.000001491868910    -0.000002156989984
44 38
     0.000002780137443    -0.000001689035694     0.000000150787554
    -0.000001689035694     0.000002780137443    -0.000000150787554
     0.000000150780233    -0.000000150780233    -0.000000393923927
44 39
     0.000002849555226     0.000009571751285    -0.000000918122407
     0.000009571519982     0.000017467327162    -0.000001491931815
    -0.000000918059282    -0.000001491868910    -0.000002156989984
44 40
     0.000002780137443     0.000001689035694    -0.000000150787554
     0.000001689035694     0.000002780137443    -0.000000150787554
    -0.000000150780233    -0.000000150780233    -0.000000393923927
44 41
    -0.000030015965728    -0.000000000000000    -0.000000000000000
     0.000000000000000     0.000189166022573     0.000001262438739
    -0.000000000000000     0.000001262395592    -0.000026758400475
44 42
    -0.616178252762533    -0.000000000000000    -0.000000000000000
     0.000000000000000    -0.618879903715982     0.000000000000000
    -0.000000000000000     0.000000000000000     0.043631413647859
44 43
     0.036751304956382     0.000000000000000     0.000000000000000
    -0.000000000000000    -0.524463251361808     0.006810565690430
    -0.000000000000000     0.006807524870328     0.036638777817633
44 44
     4.312600537819599    -0.000000000000000     0.000000000000000
    -0.000000000000000    15.180460825088655     8.493227994429759
     0.000000000000000     8.493853234096354    25.964972785022148
44 45
     0.000002658897814     0.000007270106809     0.000005423661434
     0.000006074818467     0.000011728397486     0.000005448978242
     0.000002258995214     0.000003978643716     0.000009626916743
44 46
     0.000002086079188     0.000001129596447    -0.000000000000001
     0.000001129596446     0.000002086079188     0.000000000000000
     0.000000000000001    -0.000000000000000     0.000000207096644
44 47
     0.000002658897814    -0.000007270106809    -0.000005423661434
    -0.000006074818467     0.000011728397486     0.000005448978242
    -0.000002258995214     0.000003978643716     0.000009626916743
44 48
     0.000002086079188    -0.000001129596447     0.000000000000001
    -0.000001129596446     0.000002086079188     0.000000000000000
    -0.000000000000001    -0.000000000000000     0.000000207096644
44 49
    -0.000011519454798     0.000000000000000    -0.000000000000000
     0.000000000000000     0.000049085441657    -0.000015552166581
    -0.000000000000000    -0.000015551966926     0.000018062423786
44 50
    -0.000148882988328    -0.000000000000000    -0.000000000000000
     0.000000000000000     0.000126887031406    -0.000205613470129
    -0.000000000000000    -0.000205591221806     0.000366883939902
45 1
     0.000345312663369    -0.000000000000000    -0.000056408659971
     0.000000000000000    -0.000272508327431     0.000000000000000
    -0.000056390929480     0.000000000000000     0.000528294721802
45 2
    -0.200569455223554    -0.000000000000000    -0.018628069096042
    -0.000000000000000    -0.386918173858474    -0.000000000000000
    -0.018623138508691     0.000000000000000     0.011523662568853
45 3
    -0.001891986471569    -0.000818421466151     0.000463711847125
    -0.000818949715243    -0.000689086694085     0.000234665248182
     0.000463395998203     0.000234357809385    -0.000374045087299
45 4
     0.000199133976811    -0.000000000000000     0.000081192695020
    -0.000000000000000    -0.000045228217025    -0.000000000000000
     0.000081191570857     0.000000000000000     0.000056968615555
45 5
    -0.009984805661121     0.000000000000000    -0.021673295015568
     0.000000000000000     0.519137986253620     0.000000000000000
    -0.021681893319450     0.000000000000000    -0.035038044038317
45 6
     0.000458450737744    -0.000354427981385    -0.000422469374640
    -0.000354413092760    -0.000065542187467     0.000213493900692
    -0.000422479468559     0.000213509684154     0.000157194205729
45 7
     0.000458450737744     0.000354427981385    -0.000422469374640
     0.000354413092760    -0.000065542187467    -0.000213493900692
    -0.000422479468559    -0.000213509684154     0.000157194205729
45 8
     0.856366303082400     0.000000000000000    -2.527606127344181
     0.000000000000000     1.640725764831062    -0.000000000000000
    -0.229547650022360     0.000000000000000     0.677523345840022
45 9
     0.000432115729297    -0.000000000000000     0.000137691499293
    -0.000000000000000    -0.000078857237698     0.000000000000000
     0.000137688365830    -0.000000000000000    -0.000016741347024
45 10
    -0.001891986471569     0.000818421466151     0.000463711847125
     0.000818949715243    -0.000689086694085    -0.000234665248182
     0.000463395998203    -0.000234357809385    -0.000374045087299
45 11
     0.000088276796984    -0.000000000000000     0.000008149523854
     0.000000000000000    -0.000017659625387    -0.000000000000000
     0.000008149376402     0.000000000000000     0.000016003140110
45 12
     0.000285070050974    -0.000000000000000    -0.000074024296417
    -0.000000000000000    -0.000080534226238    -0.000000000000000
    -0.000074023769497     0.000000000000000     0.000161862602777
45 13
     0.002885030373183     0.000000000000000    -0.006287285092223
     0.000000000000000     0.477250210813454     0.000000000000000
    -0.006290904592036     0.000000000000000    -0.070161042611928
45 14
     0.000453149463451    -0.000000000000000    -0.000240311430860
     0.000000000000000    -0.000325652543689    -0.000000000000000
    -0.000240293311731     0.000000000000000     0.000837903978328
45 15
     0.000179259333436    -0.000259079008915    -0.000163956636040
    -0.000259079760492     0.000132913258598     0.000150123132124
    -0.000163952259547     0.000150118623860     0.000139248648730
45 16
     0.000003020368959    -0.000012850185472    -0.000003038772890
    -0.000012849967365     0.000038830140288     0.000004591040300
    -0.000003038596759     0.000004590903015     0.000004253663446
45 17
     0.000179259333436     0.000259079008915    -0.000163956636040
     0.000259079760492     0.000132913258598    -0.000150123132124
    -0.000163952259547    -0.000150118623860     0.000139248648730
45 18
     0.000003020368959     0.000012850185472    -0.000003038772890
     0.000012849967365     0.000038830140288    -0.000004591040300
    -0.000003038596759    -0.000004590903015     0.000004253663446
45 19
     0.000414335209907    -0.000600198575133    -0.000088371442858
    -0.000600193388222     0.000307785114290     0.000080926214505
    -0.000088379964609     0.000080934749582    -0.000210532576956
45 20
   -11.412674823427366    -0.000000000000000    -4.901781236395357
     0.000000000000000    -8.033232240880151     0.000000000000000
    -5.194726635198544     0.000000000000000   -29.009117575317266
45 21
    -0.159548220853567     0.000000000000000     0.052177406860152
    -0.000000000000000     0.010691358742140    -0.000000000000000
     0.052165465735651    -0.000000000000000    -0.005234934186707
45 22
     0.000166716125084    -0.000000000000000     0.000018700536651
     0.000000000000000    -0.000026610803860    -0.000000000000000
     0.000018700017374    -0.000000000000000    -0.000012394726291
45 23
     0.000935923602714    -0.000000000000000    -0.000222147061395
    -0.000000000000000    -0.000215530631833     0.000000000000000
    -0.000222150994992     0.000000000000000    -0.000143899959580
45 24
     0.000006589065326    -0.000022224112252    -0.000001396271181
    -0.000022223575640     0.000060856811749     0.000001965723314
    -0.000001396181198     0.000001965647519    -0.000006922055259
45 25
     0.000128816410955    -0.000245321946908    -0.000088547276283
    -0.000245319931303     0.000220656801028     0.000106248533146
    -0.000088542769444     0.000106244073096    -0.000010518400467
45 26
     0.000015437190854    -0.000050922964541    -0.000012019646515
    -0.000050921938340     0.000080321903293     0.000019345294288
    -0.000012018893146     0.000019344542000    -0.000003133819201
45 27
     0.000128816410955     0.000245321946908    -0.000088547276283
     0.000245319931303     0.000220656801028    -0.000106248533146
    -0.000088542769444    -0.000106244073096    -0.000010518400467
45 28
     0.000015437190854     0.000050922964541    -0.000012019646515
     0.000050921938340     0.000080321903293    -0.000019345294288
    -0.000012018893146    -0.000019344542000    -0.000003133819201
45 29
     0.000096087938359    -0.000000000000000    -0.000004823683548
    -0.000000000000000    -0.000016781003353     0.000000000000000
    -0.000004823571628    -0.000000000000000     0.000003065076242
45 30
     0.000275837094418    -0.000000000000000    -0.000099535003502
    -0.000000000000000    -0.000053319843960     0.000000000000000
    -0.000099533012887    -0.000000000000000     0.000021308719104
45 31
     1.842763913430243     0.000000000000000     1.511941391307633
    -0.000000000000000     1.894009231093315     0.000000000000000
    -0.493922071780788    -0.000000000000000    -0.404834426327439
45 32
    -0.107112077900892    -0.000000000000000     0.120216561198991
     0.000000000000000    -0.561991043320870    -0.000000000000000
     0.120241789019870     0.000000000000000    -0.104474544869458
45 33
     0.000414335209907     0.000600198575133    -0.000088371442858
     0.000600193388222     0.000307785114290    -0.000080926214505
    -0.000088379964609    -0.000080934749582    -0.000210532576956
45 34
     0.000006589065326     0.000022224112252    -0.000001396271181
     0.000022223575640     0.000060856811749    -0.000001965723314
    -0.000001396181198    -0.000001965647519    -0.000006922055259
45 35
     0.000115464734066     0.000162109110837     0.000027336480570
     0.000162109110836     0.000115464734064     0.000027336480568
     0.000027334915612     0.000027334915614    -0.000038277059579
45 36
     0.000002849555229     0.000009571751283     0.000000918122406
     0.000009571519983     0.000017467327160     0.000001491931814
     0.000000918059280     0.000001491868911    -0.000002156989986
45 37
     0.000024578111365    -0.000000000000000     0.000008989419757
    -0.000000000000000    -0.000003369575643     0.000000000000000
     0.000003802488293    -0.000000000000000     0.000009864228571
45 38
     0.000049085441657    -0.000000000000000     0.000015552166581
    -0.000000000000000    -0.000011519454798    -0.000000000000000
     0.000015551966927    -0.000000000000000     0.000018062423786
45 39
     0.000268072946607     0.000000000000000     0.000000000000000
     0.000000000000000     0.000268072946607    -0.000000000000000
     0.000000000000000    -0.000000000000000    -0.010735674118416
45 40
     0.000136108310845    -0.000000000000000     0.000204690715953
    -0.000000000000000    -0.000143256040235    -0.000000000000000
     0.000204673582240     0.000000000000000     0.000374885513632
45 41
     0.000019894717434    -0.000033883795447     0.000000000000001
    -0.000033883795450     0.000019894717432     0.000000000000000
     0.000000000000000    -0.000000000000002     0.000030850551873
45 42
     0.000002658897815    -0.000007270106806     0.000005423661432
    -0.000006074818468     0.000011728397486    -0.000005448978242
     0.000002258995214    -0.000003978643715     0.000009626916743
45 43
     0.000019894717434     0.000033883795447     0.000000000000001
     0.000033883795450     0.000019894717432    -0.000000000000000
     0.000000000000000     0.000000000000002     0.000030850551873
45 44
     0.000002658897815     0.000007270106806     0.000005423661432
     0.000006074818468     0.000011728397486     0.000005448978242
     0.000002258995214     0.000003978643715     0.000009626916743
45 45
     9.709449506207131     0.000000000000000     5.799237059024558
    -0.000000000000000     4.404130908902760    -0.000000000000000
     5.799990559693241    -0.000000000000000    28.912694256557948
45 46
    -0.524463251361953     0.000000000000000    -0.006810565690432
     0.000000000000000     0.036751304956381    -0.000000000000000
    -0.006807524870323    -0.000000000000000     0.036638777817631
45 47
     0.000033667560650    -0.000000000000000     0.000000000000000
    -0.000000000000000    -0.000005117630693     0.000000000000000
     0.000000000000000    -0.000000000000000    -0.000003401897022
45 48
     0.000189166022578    -0.000000000000000     0.000001262438737
    -0.000000000000000    -0.000030015965728     0.000000000000000
     0.000001262395592    -0.000000000000000    -0.000026758400475
45 49
     0.000115464734066    -0.000162109110837     0.000027336480570
    -0.000162109110836     0.000115464734064    -0.000027336480568
     0.000027334915612    -0.000027334915614    -0.000038277059579
45 50
     0.000002849555229    -0.000009571751283     0.000000918122406
    -0.000009571519983     0.000017467327160    -0.000001491931814
     0.000000918059280    -0.000001491868911    -0.000002156989986
46 1
     0.000140885541514    -0.000000000000000    -0.000014309031008
     0.000000000000000    -0.000030845005027    -0.000000000000000
    -0.000014308799442     0.000000000000000     0.000036736983915
46 2
     0.000343289517422    -0.000000000000000     0.000017436556437
    -0.000000000000000    -0.000056914512065     0.000000000000000
     0.000017436140215     0.000000000000000    -0.000042532074626
46 3
     0.000143064692685     0.000041538854453    -0.000019604067454
     0.000041540679458    -0.000011486614845    -0.000005997267477
    -0.000019603410279    -0.000005996784673    -0.000013845731952
46 4
     0.000062709860242    -0.000000000000000    -0.000005441471146
     0.000000000000000    -0.000011828878744    -0.000000000000000
    -0.000005441358711     0.000000000000000     0.000007463554412
46 5
     0.000379151136062    -0.000000000000000     0.000224965727901
     0.000000000000000    -0.000107096221457     0.000000000000000
     0.000224964412281     0.000000000000000     0.000178847471635
46 6
     0.000092412104094    -0.000026138987089    -0.000024641716256
    -0.000026139910151    -0.000009741388829     0.000007599743246
    -0.000024641064674     0.000007599217530     0.000006304945171
46 7
     0.000092412104094     0.000026138987089    -0.000024641716256
     0.000026139910151    -0.000009741388829    -0.000007599743246
    -0.000024641064674    -0.000007599217530     0.000006304945171
46 8
     0.000817817890454    -0.000000000000000     0.000356953318232
     0.000000000000000    -0.000217416337348    -0.000000000000000
     0.000356959937968     0.000000000000000    -0.000048671979132
46 9
     0.000090832000681    -0.000000000000000    -0.000008460103400
     0.000000000000000    -0.000014893348804     0.000000000000000
    -0.000008459881891    -0.000000000000000    -0.000003021479735
46 10
     0.000143064692685    -0.000041538854453    -0.000019604067454
    -0.000041540679458    -0.000011486614845     0.000005997267477
    -0.000019603410279     0.000005996784673    -0.000013845731952
46 11
     0.000167167671808    -0.000000000000000    -0.000033541601392
     0.000000000000000    -0.000038982337909    -0.000000000000000
    -0.000033541133301     0.000000000000000     0.000057616746948
46 12
    -0.000571350993414    -0.000000000000000     0.000945675489863
     0.000000000000000    -0.000528531492112     0.000000000000000
     0.000946134135950     0.000000000000000    -0.000382432763780
46 13
     0.000320407152814    -0.000000000000000     0.000197160986383
     0.000000000000000    -0.000388992669592    -0.000000000000000
     0.000197103070911     0.000000000000000     0.000834803281156
46 14
     0.000227646178611     0.000000000000000     0.004553377980728
    -0.000000000000000     0.472640645927770    -0.000000000000000
     0.004555881408668     0.000000000000000    -0.030409847154401
46 15
     0.000056671789625    -0.000027383048170    -0.000012182620368
    -0.000027383575498     0.000004133102150     0.000006683302056
    -0.000012182245433     0.000006682909483     0.000007552803831
46 16
     0.000008182150480    -0.000003241628812    -0.000000610270958
    -0.000003241624293     0.000009898745219     0.000000505387581
    -0.000000610240744     0.000000505364342     0.000000147795628
46 17
     0.000056671789625     0.000027383048170    -0.000012182620368
     0.000027383575498     0.000004133102150    -0.000006683302056
    -0.000012182245433    -0.000006682909483     0.000007552803831
46 18
     0.000008182150480     0.000003241628812    -0.000000610270958
     0.000003241624293     0.000009898745219    -0.000000505387581
    -0.000000610240744    -0.000000505364342     0.000000147795628
46 19
     0.000097831298442    -0.000049628903841    -0.000006142372022
    -0.000049630245003     0.000010667498241     0.000003453649429
    -0.000006142126934     0.000003453409878    -0.000012644201577
46 20
    -0.333796181514694     0.000000000000000    -0.137346960414531
     0.000000000000000     0.025464952907427     0.000000000000000
    -0.137319165849020     0.000000000000000    -0.026956359276424
46 21
   -15.694667559802594    -0.000000000000000     7.570214425999772
    -0.000000000000000    -7.999393943174288     0.000000000000000
     7.797557129014511     0.000000000000000   -26.326929537242552
46 22
     0.000458813518343    -0.000000000000000    -0.000095859176747
    -0.000000000000000    -0.000078703486288     0.000000000000000
    -0.000095856771057    -0.000000000000000    -0.000041615990567
46 23
    -0.000003982319869     0.000000000000000     2.840730690463069
     0.000000000000000     1.889796799785403    -0.000000000000000
     0.000020968121173    -0.000000000000000     1.478517044698504
46 24
     0.000010001513021    -0.000004308874700    -0.000000233105681
    -0.000004308865965     0.000012216616812     0.000000187448800
    -0.000000233093937     0.000000187439715    -0.000001602185036
46 25
     0.000055321119278    -0.000003584853762     0.000005726828755
    -0.000013191611955     0.000035430818012     0.000019115352921
     0.000010677411233     0.000037685785001     0.000016950022920
46 26
     0.000014275836174    -0.000009420165459    -0.000001856173886
    -0.000009420179879     0.000012227263532     0.000001831689599
    -0.000001856092646     0.000001831603366    -0.000001113464829
46 27
     0.000055321119278     0.000003584853762     0.000005726828755
     0.000013191611955     0.000035430818012    -0.000019115352921
     0.000010677411233    -0.000037685785001     0.000016950022920
46 28
     0.000014275836174     0.000009420165459    -0.000001856173886
     0.000009420179879     0.000012227263532    -0.000001831689599
    -0.000001856092646    -0.000001831603366    -0.000001113464829
46 29
     0.000643649865070    -0.000000000000000    -0.000346151079033
    -0.000000000000000    -0.000160323987962     0.000000000000000
    -0.000346148680447    -0.000000000000000     0.000093195153986
46 30
    -0.013475482640268     0.000000000000000     0.011286313181941
     0.000000000000000     0.500883466649611    -0.000000000000000
     0.011286829808622    -0.000000000000000    -0.007988495699692
46 31
    -0.244632323056682    -0.000000000000000    -0.344772231123446
    -0.000000000000000    -0.450820264160752    -0.000000000000000
    -0.344862463564220     0.000000000000000    -0.365520675494762
46 32
     2.244313135817339     0.000000000000000    -1.445753998551994
    -0.000000000000000     1.829536700888172    -0.000000000000000
     1.168281385459521    -0.000000000000000    -0.752093722089743
46 33
     0.000097831298442     0.000049628903841    -0.000006142372022
     0.000049630245003     0.000010667498241    -0.000003453649429
    -0.000006142126934    -0.000003453409878    -0.000012644201577
46 34
     0.000010001513021     0.000004308874700    -0.000000233105681
     0.000004308865965     0.000012216616812    -0.000000187448800
    -0.000000233093937    -0.000000187439715    -0.000001602185036
46 35
     0.000017467327162     0.000009571519982     0.000001491931815
     0.000009571751285     0.000002849555226     0.000000918122407
     0.000001491868910     0.000000918059282    -0.000002156989984
46 36
     0.000002780137443     0.000001689035694     0.000000150787554
     0.000001689035694     0.000002780137443     0.000000150787554
     0.000000150780233     0.000000150780233    -0.000000393923927
46 37
     0.000049085441657    -0.000000000000000     0.000015552166581
    -0.000000000000000    -0.000011519454798    -0.000000000000000
     0.000015551966926    -0.000000000000000     0.000018062423786
46 38
     0.000126887031406    -0.000000000000000     0.000205613470129
     0.000000000000000    -0.000148882988328    -0.000000000000000
     0.000205591221806    -0.000000000000000     0.000366883939902
46 39
     0.000136108310849    -0.000000000000000    -0.000204690715954
    -0.000000000000000    -0.000143256040235    -0.000000000000000
    -0.000204673582239    -0.000000000000000     0.000374885513630
46 40
     0.000538812469588     0.000000000000000    -0.000000000000000
    -0.000000000000000     0.000538812469589    -0.000000000000000
     0.000000000000000     0.000000000000000    -0.015302912776905
46 41
     0.000011728397486    -0.000006074818467    -0.000005448978242
    -0.000007270106809     0.000002658897814     0.000005423661434
    -0.000003978643716     0.000002258995214     0.000009626916743
46 42
     0.000002086079188    -0.000001129596446    -0.000000000000000
    -0.000001129596447     0.000002086079188    -0.000000000000001
     0.000000000000000     0.000000000000001     0.000000207096644
46 43
     0.000011728397486     0.000006074818467    -0.000005448978242
     0.000007270106809     0.000002658897814    -0.000005423661434
    -0.000003978643716    -0.000002258995214     0.000009626916743
46 44
     0.000002086079188     0.000001129596446    -0.000000000000000
     0.000001129596447     0.000002086079188     0.000000000000001
     0.000000000000000    -0.000000000000001     0.000000207096644
46 45
    -0.524463251361808     0.000000000000000    -0.006810565690430
    -0.000000000000000     0.036751304956382     0.000000000000000
    -0.006807524870328    -0.000000000000000     0.036638777817633
46 46
    15.180460825088655     0.000000000000000    -8.493227994429759
     0.000000000000000     4.312600537819599     0.000000000000000
    -8.493853234096354     0.000000000000000    25.964972785022148
46 47
     0.000189166022573    -0.000000000000000    -0.000001262438739
     0.000000000000000    -0.000030015965728    -0.000000000000000
    -0.000001262395592    -0.000000000000000    -0.000026758400475
46 48
    -0.618879903715982    -0.000000000000000    -0.000000000000000
     0.000000000000000    -0.616178252762533    -0.000000000000000
    -0.000000000000000    -0.000000000000000     0.043631413647859
46 49
     0.000017467327162    -0.000009571519982     0.000001491931815
    -0.000009571751285     0.000002849555226    -0.000000918122407
     0.000001491868910    -0.000000918059282    -0.000002156989984
46 50
     0.000002780137443    -0.000001689035694     0.000000150787554
    -0.000001689035694     0.000002780137443    -0.000000150787554
     0.000000150780233    -0.000000150780233    -0.000000393923927
47 1
     0.000345312663369    -0.000000000000000     0.000056408659971
     0.000000000000000    -0.000272508327431    -0.000000000000000
     0.000056390929480     0.000000000000000     0.000528294721802
47 2
    -0.200569455223554    -0.000000000000000     0.018628069096042
    -0.000000000000000    -0.386918173858474     0.000000000000000
     0.018623138508691    -0.000000000000000     0.011523662568853
47 3
    -0.001891986471569     0.000818421466151    -0.000463711847125
     0.000818949715243    -0.000689086694085     0.000234665248182
    -0.000463395998203     0.000234357809385    -0.000374045087299
47 4
    -0.009984805661121     0.000000000000000     0.021673295015568
     0.000000000000000     0.519137986253620    -0.000000000000000
     0.021681893319450    -0.000000000000000    -0.035038044038317
47 5
     0.000199133976811    -0.000000000000000    -0.000081192695020
    -0.000000000000000    -0.000045228217025     0.000000000000000
    -0.000081191570857    -0.000000000000000     0.000056968615555
47 6
     0.000458450737744     0.000354427981385     0.000422469374640
     0.000354413092760    -0.000065542187467     0.000213493900692
     0.000422479468559     0.000213509684154     0.000157194205729
47 7
     0.000458450737744    -0.000354427981385     0.000422469374640
    -0.000354413092760    -0.000065542187467    -0.000213493900692
     0.000422479468559    -0.000213509684154     0.000157194205729
47 8
     0.000432115729297    -0.000000000000000    -0.000137691499293
    -0.000000000000000    -0.000078857237698    -0.000000000000000
    -0.000137688365830     0.000000000000000    -0.000016741347024
47 9
     0.856366303082400     0.000000000000000     2.527606127344181
     0.000000000000000     1.640725764831062     0.000000000000000
     0.229547650022360    -0.000000000000000     0.677523345840022
47 10
    -0.001891986471569    -0.000818421466151    -0.000463711847125
    -0.000818949715243    -0.000689086694085    -0.000234665248182
    -0.000463395998203    -0.000234357809385    -0.000374045087299
47 11
     0.002885030373183     0.000000000000000     0.006287285092223
     0.000000000000000     0.477250210813454    -0.000000000000000
     0.006290904592036    -0.000000000000000    -0.070161042611928
47 12
     0.000453149463451    -0.000000000000000     0.000240311430860
     0.000000000000000    -0.000325652543689     0.000000000000000
     0.000240293311731    -0.000000000000000     0.000837903978328
47 13
     0.000088276796984    -0.000000000000000    -0.000008149523854
     0.000000000000000    -0.000017659625387     0.000000000000000
    -0.000008149376402    -0.000000000000000     0.000016003140110
47 14
     0.000285070050974    -0.000000000000000     0.000074024296417
    -0.000000000000000    -0.000080534226238     0.000000000000000
     0.000074023769497    -0.000000000000000     0.000161862602777
47 15
     0.000179259333436     0.000259079008915     0.000163956636040
     0.000259079760492     0.000132913258598     0.000150123132124
     0.000163952259547     0.000150118623860     0.000139248648730
47 16
     0.000003020368959     0.000012850185472     0.000003038772890
     0.000012849967365     0.000038830140288     0.000004591040300
     0.000003038596759     0.000004590903015     0.000004253663446
47 17
     0.000179259333436    -0.000259079008915     0.000163956636040
    -0.000259079760492     0.000132913258598    -0.000150123132124
     0.000163952259547    -0.000150118623860     0.000139248648730
47 18
     0.000003020368959    -0.000012850185472     0.000003038772890
    -0.000012849967365     0.000038830140288    -0.000004591040300
     0.000003038596759    -0.000004590903015     0.000004253663446
47 19
     0.000414335209907     0.000600198575133     0.000088371442858
     0.000600193388222     0.000307785114290     0.000080926214505
     0.000088379964609     0.000080934749582    -0.000210532576956
47 20
     0.000166716125084    -0.000000000000000    -0.000018700536651
     0.000000000000000    -0.000026610803860     0.000000000000000
    -0.000018700017374     0.000000000000000    -0.000012394726291
47 21
     0.000935923602714    -0.000000000000000     0.000222147061395
    -0.000000000000000    -0.000215530631833    -0.000000000000000
     0.000222150994992     0.000000000000000    -0.000143899959580
47 22
   -11.412674823427366    -0.000000000000000     4.901781236395357
     0.000000000000000    -8.033232240880151    -0.000000000000000
     5.194726635198544    -0.000000000000000   -29.009117575317266
47 23
    -0.159548220853567     0.000000000000000    -0.052177406860152
    -0.000000000000000     0.010691358742140     0.000000000000000
    -0.052165465735651     0.000000000000000    -0.005234934186707
47 24
     0.000006589065326     0.000022224112252     0.000001396271181
     0.000022223575640     0.000060856811749     0.000001965723314
     0.000001396181198     0.000001965647519    -0.000006922055259
47 25
     0.000128816410955     0.000245321946908     0.000088547276283
     0.000245319931303     0.000220656801028     0.000106248533146
     0.000088542769444     0.000106244073096    -0.000010518400467
47 26
     0.000015437190854     0.000050922964541     0.000012019646515
     0.000050921938340     0.000080321903293     0.000019345294288
     0.000012018893146     0.000019344542000    -0.000003133819201
47 27
     0.000128816410955    -0.000245321946908     0.000088547276283
    -0.000245319931303     0.000220656801028    -0.000106248533146
     0.000088542769444    -0.000106244073096    -0.000010518400467
47 28
     0.000015437190854    -0.000050922964541     0.000012019646515
    -0.000050921938340     0.000080321903293    -0.000019345294288
     0.000012018893146    -0.000019344542000    -0.000003133819201
47 29
     1.842763913430243     0.000000000000000    -1.511941391307633
    -0.000000000000000     1.894009231093315    -0.000000000000000
     0.493922071780788     0.000000000000000    -0.404834426327439
47 30
    -0.107112077900892    -0.000000000000000    -0.120216561198991
     0.000000000000000    -0.561991043320870     0.000000000000000
    -0.120241789019870    -0.000000000000000    -0.104474544869458
47 31
     0.000096087938359    -0.000000000000000     0.000004823683548
    -0.000000000000000    -0.000016781003353    -0.000000000000000
     0.000004823571628     0.000000000000000     0.000003065076242
47 32
     0.000275837094418    -0.000000000000000     0.000099535003502
    -0.000000000000000    -0.000053319843960    -0.000000000000000
     0.000099533012887     0.000000000000000     0.000021308719104
47 33
     0.000414335209907    -0.000600198575133     0.000088371442858
    -0.000600193388222     0.000307785114290    -0.000080926214505
     0.000088379964609    -0.000080934749582    -0.000210532576956
47 34
     0.000006589065326    -0.000022224112252     0.000001396271181
    -0.000022223575640     0.000060856811749    -0.000001965723314
     0.000001396181198    -0.000001965647519    -0.000006922055259
47 35
     0.000115464734066    -0.000162109110837    -0.000027336480570
    -0.000162109110836     0.000115464734064     0.000027336480568
    -0.000027334915612     0.000027334915614    -0.000038277059579
47 36
     0.000002849555229    -0.000009571751283    -0.000000918122406
    -0.000009571519983     0.000017467327160     0.000001491931814
    -0.000000918059280     0.000001491868911    -0.000002156989986
47 37
     0.000268072946607     0.000000000000000    -0.000000000000000
     0.000000000000000     0.000268072946607     0.000000000000000
    -0.000000000000000     0.000000000000000    -0.010735674118416
47 38
     0.000136108310845    -0.000000000000000    -0.000204690715953
    -0.000000000000000    -0.000143256040235     0.000000000000000
    -0.000204673582240    -0.000000000000000     0.000374885513632
47 39
     0.000024578111365    -0.000000000000000    -0.000008989419757
    -0.000000000000000    -0.000003369575643    -0.000000000000000
    -0.000003802488293     0.000000000000000     0.000009864228571
47 40
     0.000049085441657    -0.000000000000000    -0.000015552166581
    -0.000000000000000    -0.000011519454798     0.000000000000000
    -0.000015551966927     0.000000000000000     0.000018062423786
47 41
     0.000019894717434     0.000033883795447    -0.000000000000001
     0.000033883795450     0.000019894717432     0.000000000000000
    -0.000000000000000    -0.000000000000002     0.000030850551873
47 42
     0.000002658897815     0.000007270106806    -0.000005423661432
     0.000006074818468     0.000011728397486    -0.000005448978242
    -0.000002258995214    -0.000003978643715     0.000009626916743
47 43
     0.000019894717434    -0.000033883795447    -0.000000000000001
    -0.000033883795450     0.000019894717432    -0.000000000000000
    -0.000000000000000     0.000000000000002     0.000030850551873
47 44
     0.000002658897815    -0.000007270106806    -0.000005423661432
    -0.000006074818468     0.000011728397486     0.000005448978242
    -0.000002258995214     0.000003978643715     0.000009626916743
47 45
     0.000033667560650    -0.000000000000000    -0.000000000000000
    -0.000000000000000    -0.000005117630693    -0.000000000000000
    -0.000000000000000     0.000000000000000    -0.000003401897022
47 46
     0.000189166022578    -0.000000000000000    -0.000001262438737
    -0.000000000000000    -0.000030015965728    -0.000000000000000
    -0.000001262395592     0.000000000000000    -0.000026758400475
47 47
     9.709449506207131     0.000000000000000    -5.799237059024558
    -0.000000000000000     4.404130908902760     0.000000000000000
    -5.799990559693241     0.000000000000000    28.912694256557948
47 48
    -0.524463251361953     0.000000000000000     0.006810565690432
     0.000000000000000     0.036751304956381     0.000000000000000
     0.006807524870323     0.000000000000000     0.036638777817631
47 49
     0.000115464734066     0.000162109110837    -0.000027336480570
     0.000162109110836     0.000115464734064    -0.000027336480568
    -0.000027334915612    -0.000027334915614    -0.000038277059579
47 50
     0.000002849555229     0.000009571751283    -0.000000918122406
     0.000009571519983     0.000017467327160    -0.000001491931814
    -0.000000918059280    -0.000001491868911    -0.000002156989986
48 1
     0.000140885541514    -0.000000000000000     0.000014309031008
     0.000000000000000    -0.000030845005027     0.000000000000000
     0.000014308799442     0.000000000000000     0.000036736983915
48 2
     0.000343289517422    -0.000000000000000    -0.000017436556437
    -0.000000000000000    -0.000056914512065    -0.000000000000000
    -0.000017436140215    -0.000000000000000    -0.000042532074626
48 3
     0.000143064692685    -0.000041538854453     0.000019604067454
    -0.000041540679458    -0.000011486614845    -0.000005997267477
     0.000019603410279    -0.000005996784673    -0.000013845731952
48 4
     0.000379151136062    -0.000000000000000    -0.000224965727901
     0.000000000000000    -0.000107096221457    -0.000000000000000
    -0.000224964412281    -0.000000000000000     0.000178847471635
48 5
     0.000062709860242    -0.000000000000000     0.000005441471146
     0.000000000000000    -0.000011828878744     0.000000000000000
     0.000005441358711    -0.000000000000000     0.000007463554412
48 6
     0.000092412104094     0.000026138987089     0.000024641716256
     0.000026139910151    -0.000009741388829     0.000007599743246
     0.000024641064674     0.000007599217530     0.000006304945171
48 7
     0.000092412104094    -0.000026138987089     0.000024641716256
    -0.000026139910151    -0.000009741388829    -0.000007599743246
     0.000024641064674    -0.000007599217530     0.000006304945171
48 8
     0.000090832000681    -0.000000000000000     0.000008460103400
     0.000000000000000    -0.000014893348804    -0.000000000000000
     0.000008459881891     0.000000000000000    -0.000003021479735
48 9
     0.000817817890454    -0.000000000000000    -0.000356953318232
     0.000000000000000    -0.000217416337348     0.000000000000000
    -0.000356959937968    -0.000000000000000    -0.000048671979132
48 10
     0.000143064692685     0.000041538854453     0.000019604067454
     0.000041540679458    -0.000011486614845     0.000005997267477
     0.000019603410279     0.000005996784673    -0.000013845731952
48 11
     0.000320407152814    -0.000000000000000    -0.000197160986383
     0.000000000000000    -0.000388992669592     0.000000000000000
    -0.000197103070911    -0.000000000000000     0.000834803281156
48 12
     0.000227646178611     0.000000000000000    -0.004553377980728
    -0.000000000000000     0.472640645927770     0.000000000000000
    -0.004555881408668    -0.000000000000000    -0.030409847154401
48 13
     0.000167167671808    -0.000000000000000     0.000033541601392
     0.000000000000000    -0.000038982337909     0.000000000000000
     0.000033541133301    -0.000000000000000     0.000057616746948
48 14
    -0.000571350993414    -0.000000000000000    -0.000945675489863
     0.000000000000000    -0.000528531492112    -0.000000000000000
    -0.000946134135950    -0.000000000000000    -0.000382432763780
48 15
     0.000056671789625     0.000027383048170     0.000012182620368
     0.000027383575498     0.000004133102150     0.000006683302056
     0.000012182245433     0.000006682909483     0.000007552803831
48 16
     0.000008182150480     0.000003241628812     0.000000610270958
     0.000003241624293     0.000009898745219     0.000000505387581
     0.000000610240744     0.000000505364342     0.000000147795628
48 17
     0.000056671789625    -0.000027383048170     0.000012182620368
    -0.000027383575498     0.000004133102150    -0.000006683302056
     0.000012182245433    -0.000006682909483     0.000007552803831
48 18
     0.000008182150480    -0.000003241628812     0.000000610270958
    -0.000003241624293     0.000009898745219    -0.000000505387581
     0.000000610240744    -0.000000505364342     0.000000147795628
48 19
     0.000097831298442     0.000049628903841     0.000006142372022
     0.000049630245003     0.000010667498241     0.000003453649429
     0.000006142126934     0.000003453409878    -0.000012644201577
48 20
     0.000458813518343    -0.000000000000000     0.000095859176747
    -0.000000000000000    -0.000078703486288    -0.000000000000000
     0.000095856771057     0.000000000000000    -0.000041615990567
48 21
    -0.000003982319869     0.000000000000000    -2.840730690463069
     0.000000000000000     1.889796799785403     0.000000000000000
    -0.000020968121173     0.000000000000000     1.478517044698504
48 22
    -0.333796181514694     0.000000000000000     0.137346960414531
     0.000000000000000     0.025464952907427    -0.000000000000000
     0.137319165849020     0.000000000000000    -0.026956359276424
48 23
   -15.694667559802594    -0.000000000000000    -7.570214425999772
    -0.000000000000000    -7.999393943174288    -0.000000000000000
    -7.797557129014511    -0.000000000000000   -26.326929537242552
48 24
     0.000010001513021     0.000004308874700     0.000000233105681
     0.000004308865965     0.000012216616812     0.000000187448800
     0.000000233093937     0.000000187439715    -0.000001602185036
48 25
     0.000055321119278     0.000003584853762    -0.000005726828755
     0.000013191611955     0.000035430818012     0.000019115352921
    -0.000010677411233     0.000037685785001     0.000016950022920
48 26
     0.000014275836174     0.000009420165459     0.000001856173886
     0.000009420179879     0.000012227263532     0.000001831689599
     0.000001856092646     0.000001831603366    -0.000001113464829
48 27
     0.000055321119278    -0.000003584853762    -0.000005726828755
    -0.000013191611955     0.000035430818012    -0.000019115352921
    -0.000010677411233    -0.000037685785001     0.000016950022920
48 28
     0.000014275836174    -0.000009420165459     0.000001856173886
    -0.000009420179879     0.000012227263532    -0.000001831689599
     0.000001856092646    -0.000001831603366    -0.000001113464829
48 29
    -0.244632323056682    -0.000000000000000     0.344772231123446
    -0.000000000000000    -0.450820264160752     0.000000000000000
     0.344862463564220    -0.000000000000000    -0.365520675494762
48 30
     2.244313135817339     0.000000000000000     1.445753998551994
    -0.000000000000000     1.829536700888172     0.000000000000000
    -1.168281385459521     0.000000000000000    -0.752093722089743
48 31
     0.000643649865070    -0.000000000000000     0.000346151079033
    -0.000000000000000    -0.000160323987962    -0.000000000000000
     0.000346148680447     0.000000000000000     0.000093195153986
48 32
    -0.013475482640268     0.000000000000000    -0.011286313181941
     0.000000000000000     0.500883466649611     0.000000000000000
    -0.011286829808622     0.000000000000000    -0.007988495699692
48 33
     0.000097831298442    -0.000049628903841     0.000006142372022
    -0.000049630245003     0.000010667498241    -0.000003453649429
     0.000006142126934    -0.000003453409878    -0.000012644201577
48 34
     0.000010001513021    -0.000004308874700     0.000000233105681
    -0.000004308865965     0.000012216616812    -0.000000187448800
     0.000000233093937    -0.000000187439715    -0.000001602185036
48 35
     0.000017467327162    -0.000009571519982    -0.000001491931815
    -0.000009571751285     0.000002849555226     0.000000918122407
    -0.000001491868910     0.000000918059282    -0.000002156989984
48 36
     0.000002780137443    -0.000001689035694    -0.000000150787554
    -0.000001689035694     0.000002780137443     0.000000150787554
    -0.000000150780233     0.000000150780233    -0.000000393923927
48 37
     0.000136108310849    -0.000000000000000     0.000204690715954
    -0.000000000000000    -0.000143256040235     0.000000000000000
     0.000204673582239     0.000000000000000     0.000374885513630
48 38
     0.000538812469588     0.000000000000000     0.000000000000000
    -0.000000000000000     0.000538812469589     0.000000000000000
    -0.000000000000000    -0.000000000000000    -0.015302912776905
48 39
     0.000049085441657    -0.000000000000000    -0.000015552166581
    -0.000000000000000    -0.000011519454798     0.000000000000000
    -0.000015551966926     0.000000000000000     0.000018062423786
48 40
     0.000126887031406    -0.000000000000000    -0.000205613470129
     0.000000000000000    -0.000148882988328     0.000000000000000
    -0.000205591221806     0.000000000000000     0.000366883939902
48 41
     0.000011728397486     0.000006074818467     0.000005448978242
     0.000007270106809     0.000002658897814     0.000005423661434
     0.000003978643716     0.000002258995214     0.000009626916743
48 42
     0.000002086079188     0.000001129596446     0.000000000000000
     0.000001129596447     0.000002086079188    -0.000000000000001
    -0.000000000000000     0.000000000000001     0.000000207096644
48 43
     0.000011728397486    -0.000006074818467     0.000005448978242
    -0.000007270106809     0.000002658897814    -0.000005423661434
     0.000003978643716    -0.000002258995214     0.000009626916743
48 44
     0.000002086079188    -0.000001129596446     0.000000000000000
    -0.000001129596447     0.000002086079188     0.000000000000001
    -0.000000000000000    -0.000000000000001     0.000000207096644
48 45
     0.000189166022573    -0.000000000000000     0.000001262438739
     0.000000000000000    -0.000030015965728     0.000000000000000
     0.000001262395592     0.000000000000000    -0.000026758400475
48 46
    -0.618879903715982    -0.000000000000000     0.000000000000000
     0.000000000000000    -0.616178252762533     0.000000000000000
     0.000000000000000     0.000000000000000     0.043631413647859
48 47
    -0.524463251361808     0.000000000000000     0.006810565690430
    -0.000000000000000     0.036751304956382    -0.000000000000000
     0.006807524870328     0.000000000000000     0.036638777817633
48 48
    15.180460825088655     0.000000000000000     8.493227994429759
     0.000000000000000     4.312600537819599    -0.000000000000000
     8.493853234096354    -0.000000000000000    25.964972785022148
48 49
     0.000017467327162     0.000009571519982    -0.000001491931815
     0.000009571751285     0.000002849555226    -0.000000918122407
    -0.000001491868910    -0.000000918059282    -0.000002156989984
48 50
     0.000002780137443     0.000001689035694    -0.000000150787554
     0.000001689035694     0.000002780137443    -0.000000150787554
    -0.000000150780233    -0.000000150780233    -0.000000393923927
49 1
    -0.000272508327431    -0.000000000000000     0.000000000000000
     0.000000000000000     0.000345312663369     0.000056408659971
     0.000000000000000     0.000056390929480     0.000528294721802
49 2
    -0.386918173858474     0.000000000000000    -0.000000000000000
     0.000000000000000    -0.200569455223554     0.018628069096042
     0.000000000000000     0.018623138508691     0.011523662568853
49 3
    -0.000078857237698     0.000000000000000     0.000000000000000
     0.000000000000000     0.000432115729297    -0.000137691499293
    -0.000000000000000    -0.000137688365830    -0.000016741347024
49 4
    -0.000065542187467     0.000354413092760     0.000213493900692
     0.000354427981385     0.000458450737744     0.000422469374640
     0.000213509684154     0.000422479468559     0.000157194205729
49 5
    -0.000065542187467    -0.000354413092760    -0.000213493900692
    -0.000354427981385     0.000458450737744     0.000422469374640
    -0.000213509684154     0.000422479468559     0.000157194205729
49 6
     0.519137986253620    -0.000000000000000     0.000000000000000
    -0.000000000000000    -0.009984805661121     0.021673295015568
     0.000000000000000     0.021681893319450    -0.035038044038317
49 7
    -0.000045228217025     0.000000000000000    -0.000000000000000
     0.000000000000000     0.000199133976811    -0.000081192695020
     0.000000000000000    -0.000081191570857     0.000056968615555
49 8
    -0.000689086694085     0.000818949715243     0.000234665248182
     0.000818421466151    -0.001891986471569    -0.000463711847125
     0.000234357809385    -0.000463395998203    -0.000374045087299
49 9
    -0.000689086694085    -0.000818949715243    -0.000234665248182
    -0.000818421466151    -0.001891986471569    -0.000463711847125
    -0.000234357809385    -0.000463395998203    -0.000374045087299
49 10
     1.640725764831062    -0.000000000000000    -0.000000000000000
    -0.000000000000000     0.856366303082400     2.527606127344181
     0.000000000000000     0.229547650022360     0.677523345840022
49 11
     0.000132913258598     0.000259079760492     0.000150123132124
     0.000259079008915     0.000179259333436     0.000163956636040
     0.000150118623860     0.000163952259547     0.000139248648730
49 12
     0.000038830140288     0.000012849967365     0.000004591040300
     0.000012850185472     0.000003020368959     0.000003038772890
     0.000004590903015     0.000003038596759     0.000004253663446
49 13
     0.000132913258598    -0.000259079760492    -0.000150123132124
    -0.000259079008915     0.000179259333436     0.000163956636040
    -0.000150118623860     0.000163952259547     0.000139248648730
49 14
     0.000038830140288    -0.000012849967365    -0.000004591040300
    -0.000012850185472     0.000003020368959     0.000003038772890
    -0.000004590903015     0.000003038596759     0.000004253663446
49 15
     0.477250210813454    -0.000000000000000     0.000000000000000
    -0.000000000000000     0.002885030373183     0.006287285092223
     0.000000000000000     0.006290904592036    -0.070161042611928
49 16
    -0.000325652543689    -0.000000000000000    -0.000000000000000
     0.000000000000000     0.000453149463451     0.000240311430860
     0.000000000000000     0.000240293311731     0.000837903978328
49 17
    -0.000017659625387    -0.000000000000000    -0.000000000000000
     0.000000000000000     0.000088276796984    -0.000008149523854
     0.000000000000000    -0.000008149376402     0.000016003140110
49 18
    -0.000080534226238     0.000000000000000    -0.000000000000000
     0.000000000000000     0.000285070050974     0.000074024296417
     0.000000000000000     0.000074023769497     0.000161862602777
49 19
    -8.033232240880151    -0.000000000000000     0.000000000000000
     0.000000000000000   -11.412674823427366     4.901781236395357
     0.000000000000000     5.194726635198544   -29.009117575317266
49 20
     0.000307785114290    -0.000600193388222    -0.000080926214505
    -0.000600198575133     0.000414335209907     0.000088371442858
    -0.000080934749582     0.000088379964609    -0.000210532576956
49 21
     0.000060856811749    -0.000022223575640    -0.000001965723314
    -0.000022224112252     0.000006589065326     0.000001396271181
    -0.000001965647519     0.000001396181198    -0.000006922055259
49 22
     0.000307785114290     0.000600193388222     0.000080926214505
     0.000600198575133     0.000414335209907     0.000088371442858
     0.000080934749582     0.000088379964609    -0.000210532576956
49 23
     0.000060856811749     0.000022223575640     0.000001965723314
     0.000022224112252     0.000006589065326     0.000001396271181
     0.000001965647519     0.000001396181198    -0.000006922055259
49 24
     0.010691358742140     0.000000000000000    -0.000000000000000
    -0.000000000000000    -0.159548220853567    -0.052177406860152
    -0.000000000000000    -0.052165465735651    -0.005234934186707
49 25
     1.894009231093315     0.000000000000000     0.000000000000000
    -0.000000000000000     1.842763913430243    -1.511941391307633
    -0.000000000000000     0.493922071780788    -0.404834426327439
49 26
    -0.561991043320870    -0.000000000000000    -0.000000000000000
     0.000000000000000    -0.107112077900892    -0.120216561198991
     0.000000000000000    -0.120241789019870    -0.104474544869458
49 27
    -0.000016781003353     0.000000000000000     0.000000000000000
     0.000000000000000     0.000096087938359     0.000004823683548
    -0.000000000000000     0.000004823571628     0.000003065076242
49 28
    -0.000053319843960     0.000000000000000     0.000000000000000
     0.000000000000000     0.000275837094418     0.000099535003502
    -0.000000000000000     0.000099533012887     0.000021308719104
49 29
     0.000220656801028     0.000245319931303     0.000106248533146
     0.000245321946908     0.000128816410955     0.000088547276283
     0.000106244073096     0.000088542769444    -0.000010518400467
49 30
     0.000080321903293     0.000050921938340     0.000019345294288
     0.000050922964541     0.000015437190854     0.000012019646515
     0.000019344542000     0.000012018893146    -0.000003133819201
49 31
     0.000220656801028    -0.000245319931303    -0.000106248533146
    -0.000245321946908     0.000128816410955     0.000088547276283
    -0.000106244073096     0.000088542769444    -0.000010518400467
49 32
     0.000080321903293    -0.000050921938340    -0.000019345294288
    -0.000050922964541     0.000015437190854     0.000012019646515
    -0.000019344542000     0.000012018893146    -0.000003133819201
49 33
    -0.000026610803860    -0.000000000000000    -0.000000000000000
     0.000000000000000     0.000166716125084    -0.000018700536651
    -0.000000000000000    -0.000018700017374    -0.000012394726291
49 34
    -0.000215530631833     0.000000000000000     0.000000000000000
     0.000000000000000     0.000935923602714     0.000222147061395
     0.000000000000000     0.000222150994992    -0.000143899959580
49 35
    -0.000005117630693     0.000000000000000     0.000000000000000
     0.000000000000000     0.000033667560650    -0.000000000000000
    -0.000000000000000    -0.000000000000000    -0.000003401897022
49 36
    -0.000030015965728     0.000000000000000     0.000000000000000
     0.000000000000000     0.000189166022578    -0.000001262438737
    -0.000000000000000    -0.000001262395592    -0.000026758400475
49 37
     0.000019894717432     0.000033883795450     0.000000000000000
     0.000033883795447     0.000019894717434    -0.000000000000001
    -0.000000000000002    -0.000000000000000     0.000030850551873
49 38
     0.000011728397486     0.000006074818468    -0.000005448978242
     0.000007270106806     0.000002658897815    -0.000005423661432
    -0.000003978643715    -0.000002258995214     0.000009626916743
49 39
     0.000019894717432    -0.000033883795450    -0.000000000000000
    -0.000033883795447     0.000019894717434    -0.000000000000001
     0.000000000000002    -0.000000000000000     0.000030850551873
49 40
     0.000011728397486    -0.000006074818468     0.000005448978242
    -0.000007270106806     0.000002658897815    -0.000005423661432
     0.000003978643715    -0.000002258995214     0.000009626916743
49 41
     0.000268072946607    -0.000000000000000    -0.000000000000000
    -0.000000000000000     0.000268072946607    -0.000000000000000
    -0.000000000000000    -0.000000000000000    -0.010735674118416
49 42
    -0.000143256040235     0.000000000000000    -0.000000000000000
     0.000000000000000     0.000136108310845    -0.000204690715953
     0.000000000000000    -0.000204673582240     0.000374885513632
49 43
    -0.000003369575643     0.000000000000000     0.000000000000000
     0.000000000000000     0.000024578111365    -0.000008989419757
    -0.000000000000000    -0.000003802488293     0.000009864228571
49 44
    -0.000011519454798     0.000000000000000    -0.000000000000000
     0.000000000000000     0.000049085441657    -0.000015552166581
    -0.000000000000000    -0.000015551966927     0.000018062423786
49 45
     0.000115464734064    -0.000162109110836     0.000027336480568
    -0.000162109110837     0.000115464734066    -0.000027336480570
     0.000027334915614    -0.000027334915612    -0.000038277059579
49 46
     0.000017467327160    -0.000009571519983     0.000001491931814
    -0.000009571751283     0.000002849555229    -0.000000918122406
     0.000001491868911    -0.000000918059280    -0.000002156989986
49 47
     0.000115464734064     0.000162109110836    -0.000027336480568
     0.000162109110837     0.000115464734066    -0.000027336480570
    -0.000027334915614    -0.000027334915612    -0.000038277059579
49 48
     0.000017467327160     0.000009571519983    -0.000001491931814
     0.000009571751283     0.000002849555229    -0.000000918122406
    -0.000001491868911    -0.000000918059280    -0.000002156989986
49 49
     4.404130908902760     0.000000000000000    -0.000000000000000
    -0.000000000000000     9.709449506207131    -5.799237059024558
    -0.000000000000000    -5.799990559693241    28.912694256557948
49 50
     0.036751304956381    -0.000000000000000    -0.000000000000000
    -0.000000000000000    -0.524463251361953     0.006810565690432
    -0.000000000000000     0.006807524870323     0.036638777817631
50 1
    -0.000030845005027    -0.000000000000000    -0.000000000000000
     0.000000000000000     0.000140885541514     0.000014309031008
     0.000000000000000     0.000014308799442     0.000036736983915
50 2
    -0.000056914512065     0.000000000000000     0.000000000000000
     0.000000000000000     0.000343289517422    -0.000017436556437
     0.000000000000000    -0.000017436140215    -0.000042532074626
50 3
    -0.000014893348804    -0.000000000000000     0.000000000000000
     0.000000000000000     0.000090832000681     0.000008460103400
    -0.000000000000000     0.000008459881891    -0.000003021479735
50 4
    -0.000009741388829     0.000026139910151     0.000007599743246
     0.000026138987089     0.000092412104094     0.000024641716256
     0.000007599217530     0.000024641064674     0.000006304945171
50 5
    -0.000009741388829    -0.000026139910151    -0.000007599743246
    -0.000026138987089     0.000092412104094     0.000024641716256
    -0.000007599217530     0.000024641064674     0.000006304945171
50 6
    -0.000107096221457    -0.000000000000000     0.000000000000000
     0.000000000000000     0.000379151136062    -0.000224965727901
     0.000000000000000    -0.000224964412281     0.000178847471635
50 7
    -0.000011828878744    -0.000000000000000    -0.000000000000000
     0.000000000000000     0.000062709860242     0.000005441471146
     0.000000000000000     0.000005441358711     0.000007463554412
50 8
    -0.000011486614845    -0.000041540679458    -0.000005997267477
    -0.000041538854453     0.000143064692685     0.000019604067454
    -0.000005996784673     0.000019603410279    -0.000013845731952
50 9
    -0.000011486614845     0.000041540679458     0.000005997267477
     0.000041538854453     0.000143064692685     0.000019604067454
     0.000005996784673     0.000019603410279    -0.000013845731952
50 10
    -0.000217416337348    -0.000000000000000    -0.000000000000000
     0.000000000000000     0.000817817890454    -0.000356953318232
     0.000000000000000    -0.000356959937968    -0.000048671979132
50 11
     0.000004133102150     0.000027383575498     0.000006683302056
     0.000027383048170     0.000056671789625     0.000012182620368
     0.000006682909483     0.000012182245433     0.000007552803831
50 12
     0.000009898745219     0.000003241624293     0.000000505387581
     0.000003241628812     0.000008182150480     0.000000610270958
     0.000000505364342     0.000000610240744     0.000000147795628
50 13
     0.000004133102150    -0.000027383575498    -0.000006683302056
    -0.000027383048170     0.000056671789625     0.000012182620368
    -0.000006682909483     0.000012182245433     0.000007552803831
50 14
     0.000009898745219    -0.000003241624293    -0.000000505387581
    -0.000003241628812     0.000008182150480     0.000000610270958
    -0.000000505364342     0.000000610240744     0.000000147795628
50 15
    -0.000388992669592    -0.000000000000000    -0.000000000000000
     0.000000000000000     0.000320407152814    -0.000197160986383
     0.000000000000000    -0.000197103070911     0.000834803281156
50 16
     0.472640645927770     0.000000000000000    -0.000000000000000
    -0.000000000000000     0.000227646178611    -0.004553377980728
     0.000000000000000    -0.004555881408668    -0.030409847154401
50 17
    -0.000038982337909    -0.000000000000000    -0.000000000000000
     0.000000000000000     0.000167167671808     0.000033541601392
     0.000000000000000     0.000033541133301     0.000057616746948
50 18
    -0.000528531492112    -0.000000000000000     0.000000000000000
     0.000000000000000    -0.000571350993414    -0.000945675489863
     0.000000000000000    -0.000946134135950    -0.000382432763780
50 19
     0.025464952907427    -0.000000000000000     0.000000000000000
    -0.000000000000000    -0.333796181514694     0.137346960414531
     0.000000000000000     0.137319165849020    -0.026956359276424
50 20
     0.000010667498241    -0.000049630245003    -0.000003453649429
    -0.000049628903841     0.000097831298442     0.000006142372022
    -0.000003453409878     0.000006142126934    -0.000012644201577
50 21
     0.000012216616812    -0.000004308865965    -0.000000187448800
    -0.000004308874700     0.000010001513021     0.000000233105681
    -0.000000187439715     0.000000233093937    -0.000001602185036
50 22
     0.000010667498241     0.000049630245003     0.000003453649429
     0.000049628903841     0.000097831298442     0.000006142372022
     0.000003453409878     0.000006142126934    -0.000012644201577
50 23
     0.000012216616812     0.000004308865965     0.000000187448800
     0.000004308874700     0.000010001513021     0.000000233105681
     0.000000187439715     0.000000233093937    -0.000001602185036
50 24
    -7.999393943174288     0.000000000000000     0.000000000000000
     0.000000000000000   -15.694667559802594    -7.570214425999772
     0.000000000000000    -7.797557129014511   -26.326929537242552
50 25
    -0.450820264160752     0.000000000000000    -0.000000000000000
     0.000000000000000    -0.244632323056682     0.344772231123446
     0.000000000000000     0.344862463564220    -0.365520675494762
50 26
     1.829536700888172     0.000000000000000    -0.000000000000000
    -0.000000000000000     2.244313135817339     1.445753998551994
    -0.000000000000000    -1.168281385459521    -0.752093722089743
50 27
    -0.000160323987962     0.000000000000000     0.000000000000000
     0.000000000000000     0.000643649865070     0.000346151079033
    -0.000000000000000     0.000346148680447     0.000093195153986
50 28
     0.500883466649611    -0.000000000000000    -0.000000000000000
    -0.000000000000000    -0.013475482640268    -0.011286313181941
    -0.000000000000000    -0.011286829808622    -0.007988495699692
50 29
     0.000035430818012     0.000013191611955     0.000019115352921
     0.000003584853762     0.000055321119278    -0.000005726828755
     0.000037685785001    -0.000010677411233     0.000016950022920
50 30
     0.000012227263532     0.000009420179879     0.000001831689599
     0.000009420165459     0.000014275836174     0.000001856173886
     0.000001831603366     0.000001856092646    -0.000001113464829
50 31
     0.000035430818012    -0.000013191611955    -0.000019115352921
    -0.000003584853762     0.000055321119278    -0.000005726828755
    -0.000037685785001    -0.000010677411233     0.000016950022920
50 32
     0.000012227263532    -0.000009420179879    -0.000001831689599
    -0.000009420165459     0.000014275836174     0.000001856173886
    -0.000001831603366     0.000001856092646    -0.000001113464829
50 33
    -0.000078703486288     0.000000000000000     0.000000000000000
     0.000000000000000     0.000458813518343     0.000095859176747
    -0.000000000000000     0.000095856771057    -0.000041615990567
50 34
     1.889796799785403    -0.000000000000000    -0.000000000000000
    -0.000000000000000    -0.000003982319869    -2.840730690463069
    -0.000000000000000    -0.000020968121173     1.478517044698504
50 35
    -0.000030015965728    -0.000000000000000    -0.000000000000000
     0.000000000000000     0.000189166022573     0.000001262438739
    -0.000000000000000     0.000001262395592    -0.000026758400475
50 36
    -0.616178252762533    -0.000000000000000    -0.000000000000000
     0.000000000000000    -0.618879903715982     0.000000000000000
    -0.000000000000000     0.000000000000000     0.043631413647859
50 37
     0.000002658897814     0.000007270106809     0.000005423661434
     0.000006074818467     0.000011728397486     0.000005448978242
     0.000002258995214     0.000003978643716     0.000009626916743
50 38
     0.000002086079188     0.000001129596447    -0.000000000000001
     0.000001129596446     0.000002086079188     0.000000000000000
     0.000000000000001    -0.000000000000000     0.000000207096644
50 39
     0.000002658897814    -0.000007270106809    -0.000005423661434
    -0.000006074818467     0.000011728397486     0.000005448978242
    -0.000002258995214     0.000003978643716     0.000009626916743
50 40
     0.000002086079188    -0.000001129596447     0.000000000000001
    -0.000001129596446     0.000002086079188     0.000000000000000
    -0.000000000000001    -0.000000000000000     0.000000207096644
50 41
    -0.000143256040235     0.000000000000000    -0.000000000000000
     0.000000000000000     0.000136108310849     0.000204690715954
    -0.000000000000000     0.000204673582239     0.000374885513630
50 42
     0.000538812469589     0.000000000000000    -0.000000000000000
    -0.000000000000000     0.000538812469588     0.000000000000000
     0.000000000000000    -0.000000000000000    -0.015302912776905
50 43
    -0.000011519454798     0.000000000000000    -0.000000000000000
     0.000000000000000     0.000049085441657    -0.000015552166581
    -0.000000000000000    -0.000015551966926     0.000018062423786
50 44
    -0.000148882988328    -0.000000000000000    -0.000000000000000
     0.000000000000000     0.000126887031406    -0.000205613470129
    -0.000000000000000    -0.000205591221806     0.000366883939902
50 45
     0.000002849555226    -0.000009571751285     0.000000918122407
    -0.000009571519982     0.000017467327162    -0.000001491931815
     0.000000918059282    -0.000001491868910    -0.000002156989984
50 46
     0.000002780137443    -0.000001689035694     0.000000150787554
    -0.000001689035694     0.000002780137443    -0.000000150787554
     0.000000150780233    -0.000000150780233    -0.000000393923927
50 47
     0.000002849555226     0.000009571751285    -0.000000918122407
     0.000009571519982     0.000017467327162    -0.000001491931815
    -0.000000918059282    -0.000001491868910    -0.000002156989984
50 48
     0.000002780137443     0.000001689035694    -0.000000150787554
     0.000001689035694     0.000002780137443    -0.000000150787554
    -0.000000150780233    -0.000000150780233    -0.000000393923927
50 49
     0.036751304956382     0.000000000000000     0.000000000000000
    -0.000000000000000    -0.524463251361808     0.006810565690430
    -0.000000000000000     0.006807524870328     0.036638777817633
50 50
     4.312600537819599    -0.000000000000000     0.000000000000000
    -0.000000000000000    15.180460825088655     8.493227994429759
     0.000000000000000     8.493853234096354    25.964972785022148