Create LAMMPS data for SED method by using LT_Codes
atoms_ids unitcell_index basis_index mass_types
1 1 1  50.941500
2 1 2  50.941500
3 1 3  50.941500
4 1 4  50.941500
5 1 5  15.999400
6 1 6  15.999400
7 1 7  15.999400
8 1 8  15.999400
9 1 9  15.999400
10 1 10  15.999400
11 1 11  15.999400
12 1 12  15.999400
13 1 13  15.999400
14 1 14  15.999400
15 1 15  15.999400
16 1 16  15.999400
17 1 17  15.999400
18 1 18  15.999400
19 1 19  15.999400
20 1 20  15.999400
21 1 21  15.999400
22 1 22  15.999400
23 1 23  15.999400
24 1 24  15.999400
25 1 25  12.010700
26 1 26  12.010700
27 1 27  12.010700
28 1 28  12.010700
29 1 29  12.010700
30 1 30  12.010700
31 1 31  12.010700
32 1 32  12.010700
33 1 33  12.010700
34 1 34  12.010700
35 1 35  12.010700
36 1 36  12.010700
37 1 37  12.010700
38 1 38  12.010700
39 1 39  12.010700
40 1 40  12.010700
41 1 41  12.010700
42 1 42  12.010700
43 1 43  12.010700
44 1 44  12.010700
45 1 45  12.010700
46 1 46  12.010700
47 1 47  12.010700
48 1 48  12.010700
49 1 49  12.010700
50 1 50  12.010700
51 1 51  12.010700
52 1 52  12.010700
53 1 53  12.010700
54 1 54  12.010700
55 1 55  12.010700
56 1 56  12.010700
57 1 57   1.007940
58 1 58   1.007940
59 1 59   1.007940
60 1 60   1.007940
61 1 61   1.007940
62 1 62   1.007940
63 1 63   1.007940
64 1 64   1.007940
65 1 65   1.007940
66 1 66   1.007940
67 1 67   1.007940
68 1 68   1.007940
69 1 69   1.007940
70 1 70   1.007940
71 1 71   1.007940
72 1 72   1.007940
73 2 1  50.941500
74 2 2  50.941500
75 2 3  50.941500
76 2 4  50.941500
77 2 5  15.999400
78 2 6  15.999400
79 2 7  15.999400
80 2 8  15.999400
81 2 9  15.999400
82 2 10  15.999400
83 2 11  15.999400
84 2 12  15.999400
85 2 13  15.999400
86 2 14  15.999400
87 2 15  15.999400
88 2 16  15.999400
89 2 17  15.999400
90 2 18  15.999400
91 2 19  15.999400
92 2 20  15.999400
93 2 21  15.999400
94 2 22  15.999400
95 2 23  15.999400
96 2 24  15.999400
97 2 25  12.010700
98 2 26  12.010700
99 2 27  12.010700
100 2 28  12.010700
101 2 29  12.010700
102 2 30  12.010700
103 2 31  12.010700
104 2 32  12.010700
105 2 33  12.010700
106 2 34  12.010700
107 2 35  12.010700
108 2 36  12.010700
109 2 37  12.010700
110 2 38  12.010700
111 2 39  12.010700
112 2 40  12.010700
113 2 41  12.010700
114 2 42  12.010700
115 2 43  12.010700
116 2 44  12.010700
117 2 45  12.010700
118 2 46  12.010700
119 2 47  12.010700
120 2 48  12.010700
121 2 49  12.010700
122 2 50  12.010700
123 2 51  12.010700
124 2 52  12.010700
125 2 53  12.010700
126 2 54  12.010700
127 2 55  12.010700
128 2 56  12.010700
129 2 57   1.007940
130 2 58   1.007940
131 2 59   1.007940
132 2 60   1.007940
133 2 61   1.007940
134 2 62   1.007940
135 2 63   1.007940
136 2 64   1.007940
137 2 65   1.007940
138 2 66   1.007940
139 2 67   1.007940
140 2 68   1.007940
141 2 69   1.007940
142 2 70   1.007940
143 2 71   1.007940
144 2 72   1.007940
145 3 1  50.941500
146 3 2  50.941500
147 3 3  50.941500
148 3 4  50.941500
149 3 5  15.999400
150 3 6  15.999400
151 3 7  15.999400
152 3 8  15.999400
153 3 9  15.999400
154 3 10  15.999400
155 3 11  15.999400
156 3 12  15.999400
157 3 13  15.999400
158 3 14  15.999400
159 3 15  15.999400
160 3 16  15.999400
161 3 17  15.999400
162 3 18  15.999400
163 3 19  15.999400
164 3 20  15.999400
165 3 21  15.999400
166 3 22  15.999400
167 3 23  15.999400
168 3 24  15.999400
169 3 25  12.010700
170 3 26  12.010700
171 3 27  12.010700
172 3 28  12.010700
173 3 29  12.010700
174 3 30  12.010700
175 3 31  12.010700
176 3 32  12.010700
177 3 33  12.010700
178 3 34  12.010700
179 3 35  12.010700
180 3 36  12.010700
181 3 37  12.010700
182 3 38  12.010700
183 3 39  12.010700
184 3 40  12.010700
185 3 41  12.010700
186 3 42  12.010700
187 3 43  12.010700
188 3 44  12.010700
189 3 45  12.010700
190 3 46  12.010700
191 3 47  12.010700
192 3 48  12.010700
193 3 49  12.010700
194 3 50  12.010700
195 3 51  12.010700
196 3 52  12.010700
197 3 53  12.010700
198 3 54  12.010700
199 3 55  12.010700
200 3 56  12.010700
201 3 57   1.007940
202 3 58   1.007940
203 3 59   1.007940
204 3 60   1.007940
205 3 61   1.007940
206 3 62   1.007940
207 3 63   1.007940
208 3 64   1.007940
209 3 65   1.007940
210 3 66   1.007940
211 3 67   1.007940
212 3 68   1.007940
213 3 69   1.007940
214 3 70   1.007940
215 3 71   1.007940
216 3 72   1.007940
217 4 1  50.941500
218 4 2  50.941500
219 4 3  50.941500
220 4 4  50.941500
221 4 5  15.999400
222 4 6  15.999400
223 4 7  15.999400
224 4 8  15.999400
225 4 9  15.999400
226 4 10  15.999400
227 4 11  15.999400
228 4 12  15.999400
229 4 13  15.999400
230 4 14  15.999400
231 4 15  15.999400
232 4 16  15.999400
233 4 17  15.999400
234 4 18  15.999400
235 4 19  15.999400
236 4 20  15.999400
237 4 21  15.999400
238 4 22  15.999400
239 4 23  15.999400
240 4 24  15.999400
241 4 25  12.010700
242 4 26  12.010700
243 4 27  12.010700
244 4 28  12.010700
245 4 29  12.010700
246 4 30  12.010700
247 4 31  12.010700
248 4 32  12.010700
249 4 33  12.010700
250 4 34  12.010700
251 4 35  12.010700
252 4 36  12.010700
253 4 37  12.010700
254 4 38  12.010700
255 4 39  12.010700
256 4 40  12.010700
257 4 41  12.010700
258 4 42  12.010700
259 4 43  12.010700
260 4 44  12.010700
261 4 45  12.010700
262 4 46  12.010700
263 4 47  12.010700
264 4 48  12.010700
265 4 49  12.010700
266 4 50  12.010700
267 4 51  12.010700
268 4 52  12.010700
269 4 53  12.010700
270 4 54  12.010700
271 4 55  12.010700
272 4 56  12.010700
273 4 57   1.007940
274 4 58   1.007940
275 4 59   1.007940
276 4 60   1.007940
277 4 61   1.007940
278 4 62   1.007940
279 4 63   1.007940
280 4 64   1.007940
281 4 65   1.007940
282 4 66   1.007940
283 4 67   1.007940
284 4 68   1.007940
285 4 69   1.007940
286 4 70   1.007940
287 4 71   1.007940
288 4 72   1.007940
289 5 1  50.941500
290 5 2  50.941500
291 5 3  50.941500
292 5 4  50.941500
293 5 5  15.999400
294 5 6  15.999400
295 5 7  15.999400
296 5 8  15.999400
297 5 9  15.999400
298 5 10  15.999400
299 5 11  15.999400
300 5 12  15.999400
301 5 13  15.999400
302 5 14  15.999400
303 5 15  15.999400
304 5 16  15.999400
305 5 17  15.999400
306 5 18  15.999400
307 5 19  15.999400
308 5 20  15.999400
309 5 21  15.999400
310 5 22  15.999400
311 5 23  15.999400
312 5 24  15.999400
313 5 25  12.010700
314 5 26  12.010700
315 5 27  12.010700
316 5 28  12.010700
317 5 29  12.010700
318 5 30  12.010700
319 5 31  12.010700
320 5 32  12.010700
321 5 33  12.010700
322 5 34  12.010700
323 5 35  12.010700
324 5 36  12.010700
325 5 37  12.010700
326 5 38  12.010700
327 5 39  12.010700
328 5 40  12.010700
329 5 41  12.010700
330 5 42  12.010700
331 5 43  12.010700
332 5 44  12.010700
333 5 45  12.010700
334 5 46  12.010700
335 5 47  12.010700
336 5 48  12.010700
337 5 49  12.010700
338 5 50  12.010700
339 5 51  12.010700
340 5 52  12.010700
341 5 53  12.010700
342 5 54  12.010700
343 5 55  12.010700
344 5 56  12.010700
345 5 57   1.007940
346 5 58   1.007940
347 5 59   1.007940
348 5 60   1.007940
349 5 61   1.007940
350 5 62   1.007940
351 5 63   1.007940
352 5 64   1.007940
353 5 65   1.007940
354 5 66   1.007940
355 5 67   1.007940
356 5 68   1.007940
357 5 69   1.007940
358 5 70   1.007940
359 5 71   1.007940
360 5 72   1.007940
361 6 1  50.941500
362 6 2  50.941500
363 6 3  50.941500
364 6 4  50.941500
365 6 5  15.999400
366 6 6  15.999400
367 6 7  15.999400
368 6 8  15.999400
369 6 9  15.999400
370 6 10  15.999400
371 6 11  15.999400
372 6 12  15.999400
373 6 13  15.999400
374 6 14  15.999400
375 6 15  15.999400
376 6 16  15.999400
377 6 17  15.999400
378 6 18  15.999400
379 6 19  15.999400
380 6 20  15.999400
381 6 21  15.999400
382 6 22  15.999400
383 6 23  15.999400
384 6 24  15.999400
385 6 25  12.010700
386 6 26  12.010700
387 6 27  12.010700
388 6 28  12.010700
389 6 29  12.010700
390 6 30  12.010700
391 6 31  12.010700
392 6 32  12.010700
393 6 33  12.010700
394 6 34  12.010700
395 6 35  12.010700
396 6 36  12.010700
397 6 37  12.010700
398 6 38  12.010700
399 6 39  12.010700
400 6 40  12.010700
401 6 41  12.010700
402 6 42  12.010700
403 6 43  12.010700
404 6 44  12.010700
405 6 45  12.010700
406 6 46  12.010700
407 6 47  12.010700
408 6 48  12.010700
409 6 49  12.010700
410 6 50  12.010700
411 6 51  12.010700
412 6 52  12.010700
413 6 53  12.010700
414 6 54  12.010700
415 6 55  12.010700
416 6 56  12.010700
417 6 57   1.007940
418 6 58   1.007940
419 6 59   1.007940
420 6 60   1.007940
421 6 61   1.007940
422 6 62   1.007940
423 6 63   1.007940
424 6 64   1.007940
425 6 65   1.007940
426 6 66   1.007940
427 6 67   1.007940
428 6 68   1.007940
429 6 69   1.007940
430 6 70   1.007940
431 6 71   1.007940
432 6 72   1.007940
433 7 1  50.941500
434 7 2  50.941500
435 7 3  50.941500
436 7 4  50.941500
437 7 5  15.999400
438 7 6  15.999400
439 7 7  15.999400
440 7 8  15.999400
441 7 9  15.999400
442 7 10  15.999400
443 7 11  15.999400
444 7 12  15.999400
445 7 13  15.999400
446 7 14  15.999400
447 7 15  15.999400
448 7 16  15.999400
449 7 17  15.999400
450 7 18  15.999400
451 7 19  15.999400
452 7 20  15.999400
453 7 21  15.999400
454 7 22  15.999400
455 7 23  15.999400
456 7 24  15.999400
457 7 25  12.010700
458 7 26  12.010700
459 7 27  12.010700
460 7 28  12.010700
461 7 29  12.010700
462 7 30  12.010700
463 7 31  12.010700
464 7 32  12.010700
465 7 33  12.010700
466 7 34  12.010700
467 7 35  12.010700
468 7 36  12.010700
469 7 37  12.010700
470 7 38  12.010700
471 7 39  12.010700
472 7 40  12.010700
473 7 41  12.010700
474 7 42  12.010700
475 7 43  12.010700
476 7 44  12.010700
477 7 45  12.010700
478 7 46  12.010700
479 7 47  12.010700
480 7 48  12.010700
481 7 49  12.010700
482 7 50  12.010700
483 7 51  12.010700
484 7 52  12.010700
485 7 53  12.010700
486 7 54  12.010700
487 7 55  12.010700
488 7 56  12.010700
489 7 57   1.007940
490 7 58   1.007940
491 7 59   1.007940
492 7 60   1.007940
493 7 61   1.007940
494 7 62   1.007940
495 7 63   1.007940
496 7 64   1.007940
497 7 65   1.007940
498 7 66   1.007940
499 7 67   1.007940
500 7 68   1.007940
501 7 69   1.007940
502 7 70   1.007940
503 7 71   1.007940
504 7 72   1.007940
505 8 1  50.941500
506 8 2  50.941500
507 8 3  50.941500
508 8 4  50.941500
509 8 5  15.999400
510 8 6  15.999400
511 8 7  15.999400
512 8 8  15.999400
513 8 9  15.999400
514 8 10  15.999400
515 8 11  15.999400
516 8 12  15.999400
517 8 13  15.999400
518 8 14  15.999400
519 8 15  15.999400
520 8 16  15.999400
521 8 17  15.999400
522 8 18  15.999400
523 8 19  15.999400
524 8 20  15.999400
525 8 21  15.999400
526 8 22  15.999400
527 8 23  15.999400
528 8 24  15.999400
529 8 25  12.010700
530 8 26  12.010700
531 8 27  12.010700
532 8 28  12.010700
533 8 29  12.010700
534 8 30  12.010700
535 8 31  12.010700
536 8 32  12.010700
537 8 33  12.010700
538 8 34  12.010700
539 8 35  12.010700
540 8 36  12.010700
541 8 37  12.010700
542 8 38  12.010700
543 8 39  12.010700
544 8 40  12.010700
545 8 41  12.010700
546 8 42  12.010700
547 8 43  12.010700
548 8 44  12.010700
549 8 45  12.010700
550 8 46  12.010700
551 8 47  12.010700
552 8 48  12.010700
553 8 49  12.010700
554 8 50  12.010700
555 8 51  12.010700
556 8 52  12.010700
557 8 53  12.010700
558 8 54  12.010700
559 8 55  12.010700
560 8 56  12.010700
561 8 57   1.007940
562 8 58   1.007940
563 8 59   1.007940
564 8 60   1.007940
565 8 61   1.007940
566 8 62   1.007940
567 8 63   1.007940
568 8 64   1.007940
569 8 65   1.007940
570 8 66   1.007940
571 8 67   1.007940
572 8 68   1.007940
573 8 69   1.007940
574 8 70   1.007940
575 8 71   1.007940
576 8 72   1.007940
577 9 1  50.941500
578 9 2  50.941500
579 9 3  50.941500
580 9 4  50.941500
581 9 5  15.999400
582 9 6  15.999400
583 9 7  15.999400
584 9 8  15.999400
585 9 9  15.999400
586 9 10  15.999400
587 9 11  15.999400
588 9 12  15.999400
589 9 13  15.999400
590 9 14  15.999400
591 9 15  15.999400
592 9 16  15.999400
593 9 17  15.999400
594 9 18  15.999400
595 9 19  15.999400
596 9 20  15.999400
597 9 21  15.999400
598 9 22  15.999400
599 9 23  15.999400
600 9 24  15.999400
601 9 25  12.010700
602 9 26  12.010700
603 9 27  12.010700
604 9 28  12.010700
605 9 29  12.010700
606 9 30  12.010700
607 9 31  12.010700
608 9 32  12.010700
609 9 33  12.010700
610 9 34  12.010700
611 9 35  12.010700
612 9 36  12.010700
613 9 37  12.010700
614 9 38  12.010700
615 9 39  12.010700
616 9 40  12.010700
617 9 41  12.010700
618 9 42  12.010700
619 9 43  12.010700
620 9 44  12.010700
621 9 45  12.010700
622 9 46  12.010700
623 9 47  12.010700
624 9 48  12.010700
625 9 49  12.010700
626 9 50  12.010700
627 9 51  12.010700
628 9 52  12.010700
629 9 53  12.010700
630 9 54  12.010700
631 9 55  12.010700
632 9 56  12.010700
633 9 57   1.007940
634 9 58   1.007940
635 9 59   1.007940
636 9 60   1.007940
637 9 61   1.007940
638 9 62   1.007940
639 9 63   1.007940
640 9 64   1.007940
641 9 65   1.007940
642 9 66   1.007940
643 9 67   1.007940
644 9 68   1.007940
645 9 69   1.007940
646 9 70   1.007940
647 9 71   1.007940
648 9 72   1.007940
649 10 1  50.941500
650 10 2  50.941500
651 10 3  50.941500
652 10 4  50.941500
653 10 5  15.999400
654 10 6  15.999400
655 10 7  15.999400
656 10 8  15.999400
657 10 9  15.999400
658 10 10  15.999400
659 10 11  15.999400
660 10 12  15.999400
661 10 13  15.999400
662 10 14  15.999400
663 10 15  15.999400
664 10 16  15.999400
665 10 17  15.999400
666 10 18  15.999400
667 10 19  15.999400
668 10 20  15.999400
669 10 21  15.999400
670 10 22  15.999400
671 10 23  15.999400
672 10 24  15.999400
673 10 25  12.010700
674 10 26  12.010700
675 10 27  12.010700
676 10 28  12.010700
677 10 29  12.010700
678 10 30  12.010700
679 10 31  12.010700
680 10 32  12.010700
681 10 33  12.010700
682 10 34  12.010700
683 10 35  12.010700
684 10 36  12.010700
685 10 37  12.010700
686 10 38  12.010700
687 10 39  12.010700
688 10 40  12.010700
689 10 41  12.010700
690 10 42  12.010700
691 10 43  12.010700
692 10 44  12.010700
693 10 45  12.010700
694 10 46  12.010700
695 10 47  12.010700
696 10 48  12.010700
697 10 49  12.010700
698 10 50  12.010700
699 10 51  12.010700
700 10 52  12.010700
701 10 53  12.010700
702 10 54  12.010700
703 10 55  12.010700
704 10 56  12.010700
705 10 57   1.007940
706 10 58   1.007940
707 10 59   1.007940
708 10 60   1.007940
709 10 61   1.007940
710 10 62   1.007940
711 10 63   1.007940
712 10 64   1.007940
713 10 65   1.007940
714 10 66   1.007940
715 10 67   1.007940
716 10 68   1.007940
717 10 69   1.007940
718 10 70   1.007940
719 10 71   1.007940
720 10 72   1.007940
721 11 1  50.941500
722 11 2  50.941500
723 11 3  50.941500
724 11 4  50.941500
725 11 5  15.999400
726 11 6  15.999400
727 11 7  15.999400
728 11 8  15.999400
729 11 9  15.999400
730 11 10  15.999400
731 11 11  15.999400
732 11 12  15.999400
733 11 13  15.999400
734 11 14  15.999400
735 11 15  15.999400
736 11 16  15.999400
737 11 17  15.999400
738 11 18  15.999400
739 11 19  15.999400
740 11 20  15.999400
741 11 21  15.999400
742 11 22  15.999400
743 11 23  15.999400
744 11 24  15.999400
745 11 25  12.010700
746 11 26  12.010700
747 11 27  12.010700
748 11 28  12.010700
749 11 29  12.010700
750 11 30  12.010700
751 11 31  12.010700
752 11 32  12.010700
753 11 33  12.010700
754 11 34  12.010700
755 11 35  12.010700
756 11 36  12.010700
757 11 37  12.010700
758 11 38  12.010700
759 11 39  12.010700
760 11 40  12.010700
761 11 41  12.010700
762 11 42  12.010700
763 11 43  12.010700
764 11 44  12.010700
765 11 45  12.010700
766 11 46  12.010700
767 11 47  12.010700
768 11 48  12.010700
769 11 49  12.010700
770 11 50  12.010700
771 11 51  12.010700
772 11 52  12.010700
773 11 53  12.010700
774 11 54  12.010700
775 11 55  12.010700
776 11 56  12.010700
777 11 57   1.007940
778 11 58   1.007940
779 11 59   1.007940
780 11 60   1.007940
781 11 61   1.007940
782 11 62   1.007940
783 11 63   1.007940
784 11 64   1.007940
785 11 65   1.007940
786 11 66   1.007940
787 11 67   1.007940
788 11 68   1.007940
789 11 69   1.007940
790 11 70   1.007940
791 11 71   1.007940
792 11 72   1.007940
793 12 1  50.941500
794 12 2  50.941500
795 12 3  50.941500
796 12 4  50.941500
797 12 5  15.999400
798 12 6  15.999400
799 12 7  15.999400
800 12 8  15.999400
801 12 9  15.999400
802 12 10  15.999400
803 12 11  15.999400
804 12 12  15.999400
805 12 13  15.999400
806 12 14  15.999400
807 12 15  15.999400
808 12 16  15.999400
809 12 17  15.999400
810 12 18  15.999400
811 12 19  15.999400
812 12 20  15.999400
813 12 21  15.999400
814 12 22  15.999400
815 12 23  15.999400
816 12 24  15.999400
817 12 25  12.010700
818 12 26  12.010700
819 12 27  12.010700
820 12 28  12.010700
821 12 29  12.010700
822 12 30  12.010700
823 12 31  12.010700
824 12 32  12.010700
825 12 33  12.010700
826 12 34  12.010700
827 12 35  12.010700
828 12 36  12.010700
829 12 37  12.010700
830 12 38  12.010700
831 12 39  12.010700
832 12 40  12.010700
833 12 41  12.010700
834 12 42  12.010700
835 12 43  12.010700
836 12 44  12.010700
837 12 45  12.010700
838 12 46  12.010700
839 12 47  12.010700
840 12 48  12.010700
841 12 49  12.010700
842 12 50  12.010700
843 12 51  12.010700
844 12 52  12.010700
845 12 53  12.010700
846 12 54  12.010700
847 12 55  12.010700
848 12 56  12.010700
849 12 57   1.007940
850 12 58   1.007940
851 12 59   1.007940
852 12 60   1.007940
853 12 61   1.007940
854 12 62   1.007940
855 12 63   1.007940
856 12 64   1.007940
857 12 65   1.007940
858 12 66   1.007940
859 12 67   1.007940
860 12 68   1.007940
861 12 69   1.007940
862 12 70   1.007940
863 12 71   1.007940
864 12 72   1.007940
865 13 1  50.941500
866 13 2  50.941500
867 13 3  50.941500
868 13 4  50.941500
869 13 5  15.999400
870 13 6  15.999400
871 13 7  15.999400
872 13 8  15.999400
873 13 9  15.999400
874 13 10  15.999400
875 13 11  15.999400
876 13 12  15.999400
877 13 13  15.999400
878 13 14  15.999400
879 13 15  15.999400
880 13 16  15.999400
881 13 17  15.999400
882 13 18  15.999400
883 13 19  15.999400
884 13 20  15.999400
885 13 21  15.999400
886 13 22  15.999400
887 13 23  15.999400
888 13 24  15.999400
889 13 25  12.010700
890 13 26  12.010700
891 13 27  12.010700
892 13 28  12.010700
893 13 29  12.010700
894 13 30  12.010700
895 13 31  12.010700
896 13 32  12.010700
897 13 33  12.010700
898 13 34  12.010700
899 13 35  12.010700
900 13 36  12.010700
901 13 37  12.010700
902 13 38  12.010700
903 13 39  12.010700
904 13 40  12.010700
905 13 41  12.010700
906 13 42  12.010700
907 13 43  12.010700
908 13 44  12.010700
909 13 45  12.010700
910 13 46  12.010700
911 13 47  12.010700
912 13 48  12.010700
913 13 49  12.010700
914 13 50  12.010700
915 13 51  12.010700
916 13 52  12.010700
917 13 53  12.010700
918 13 54  12.010700
919 13 55  12.010700
920 13 56  12.010700
921 13 57   1.007940
922 13 58   1.007940
923 13 59   1.007940
924 13 60   1.007940
925 13 61   1.007940
926 13 62   1.007940
927 13 63   1.007940
928 13 64   1.007940
929 13 65   1.007940
930 13 66   1.007940
931 13 67   1.007940
932 13 68   1.007940
933 13 69   1.007940
934 13 70   1.007940
935 13 71   1.007940
936 13 72   1.007940
937 14 1  50.941500
938 14 2  50.941500
939 14 3  50.941500
940 14 4  50.941500
941 14 5  15.999400
942 14 6  15.999400
943 14 7  15.999400
944 14 8  15.999400
945 14 9  15.999400
946 14 10  15.999400
947 14 11  15.999400
948 14 12  15.999400
949 14 13  15.999400
950 14 14  15.999400
951 14 15  15.999400
952 14 16  15.999400
953 14 17  15.999400
954 14 18  15.999400
955 14 19  15.999400
956 14 20  15.999400
957 14 21  15.999400
958 14 22  15.999400
959 14 23  15.999400
960 14 24  15.999400
961 14 25  12.010700
962 14 26  12.010700
963 14 27  12.010700
964 14 28  12.010700
965 14 29  12.010700
966 14 30  12.010700
967 14 31  12.010700
968 14 32  12.010700
969 14 33  12.010700
970 14 34  12.010700
971 14 35  12.010700
972 14 36  12.010700
973 14 37  12.010700
974 14 38  12.010700
975 14 39  12.010700
976 14 40  12.010700
977 14 41  12.010700
978 14 42  12.010700
979 14 43  12.010700
980 14 44  12.010700
981 14 45  12.010700
982 14 46  12.010700
983 14 47  12.010700
984 14 48  12.010700
985 14 49  12.010700
986 14 50  12.010700
987 14 51  12.010700
988 14 52  12.010700
989 14 53  12.010700
990 14 54  12.010700
991 14 55  12.010700
992 14 56  12.010700
993 14 57   1.007940
994 14 58   1.007940
995 14 59   1.007940
996 14 60   1.007940
997 14 61   1.007940
998 14 62   1.007940
999 14 63   1.007940
1000 14 64   1.007940
1001 14 65   1.007940
1002 14 66   1.007940
1003 14 67   1.007940
1004 14 68   1.007940
1005 14 69   1.007940
1006 14 70   1.007940
1007 14 71   1.007940
1008 14 72   1.007940
1009 15 1  50.941500
1010 15 2  50.941500
1011 15 3  50.941500
1012 15 4  50.941500
1013 15 5  15.999400
1014 15 6  15.999400
1015 15 7  15.999400
1016 15 8  15.999400
1017 15 9  15.999400
1018 15 10  15.999400
1019 15 11  15.999400
1020 15 12  15.999400
1021 15 13  15.999400
1022 15 14  15.999400
1023 15 15  15.999400
1024 15 16  15.999400
1025 15 17  15.999400
1026 15 18  15.999400
1027 15 19  15.999400
1028 15 20  15.999400
1029 15 21  15.999400
1030 15 22  15.999400
1031 15 23  15.999400
1032 15 24  15.999400
1033 15 25  12.010700
1034 15 26  12.010700
1035 15 27  12.010700
1036 15 28  12.010700
1037 15 29  12.010700
1038 15 30  12.010700
1039 15 31  12.010700
1040 15 32  12.010700
1041 15 33  12.010700
1042 15 34  12.010700
1043 15 35  12.010700
1044 15 36  12.010700
1045 15 37  12.010700
1046 15 38  12.010700
1047 15 39  12.010700
1048 15 40  12.010700
1049 15 41  12.010700
1050 15 42  12.010700
1051 15 43  12.010700
1052 15 44  12.010700
1053 15 45  12.010700
1054 15 46  12.010700
1055 15 47  12.010700
1056 15 48  12.010700
1057 15 49  12.010700
1058 15 50  12.010700
1059 15 51  12.010700
1060 15 52  12.010700
1061 15 53  12.010700
1062 15 54  12.010700
1063 15 55  12.010700
1064 15 56  12.010700
1065 15 57   1.007940
1066 15 58   1.007940
1067 15 59   1.007940
1068 15 60   1.007940
1069 15 61   1.007940
1070 15 62   1.007940
1071 15 63   1.007940
1072 15 64   1.007940
1073 15 65   1.007940
1074 15 66   1.007940
1075 15 67   1.007940
1076 15 68   1.007940
1077 15 69   1.007940
1078 15 70   1.007940
1079 15 71   1.007940
1080 15 72   1.007940
1081 16 1  50.941500
1082 16 2  50.941500
1083 16 3  50.941500
1084 16 4  50.941500
1085 16 5  15.999400
1086 16 6  15.999400
1087 16 7  15.999400
1088 16 8  15.999400
1089 16 9  15.999400
1090 16 10  15.999400
1091 16 11  15.999400
1092 16 12  15.999400
1093 16 13  15.999400
1094 16 14  15.999400
1095 16 15  15.999400
1096 16 16  15.999400
1097 16 17  15.999400
1098 16 18  15.999400
1099 16 19  15.999400
1100 16 20  15.999400
1101 16 21  15.999400
1102 16 22  15.999400
1103 16 23  15.999400
1104 16 24  15.999400
1105 16 25  12.010700
1106 16 26  12.010700
1107 16 27  12.010700
1108 16 28  12.010700
1109 16 29  12.010700
1110 16 30  12.010700
1111 16 31  12.010700
1112 16 32  12.010700
1113 16 33  12.010700
1114 16 34  12.010700
1115 16 35  12.010700
1116 16 36  12.010700
1117 16 37  12.010700
1118 16 38  12.010700
1119 16 39  12.010700
1120 16 40  12.010700
1121 16 41  12.010700
1122 16 42  12.010700
1123 16 43  12.010700
1124 16 44  12.010700
1125 16 45  12.010700
1126 16 46  12.010700
1127 16 47  12.010700
1128 16 48  12.010700
1129 16 49  12.010700
1130 16 50  12.010700
1131 16 51  12.010700
1132 16 52  12.010700
1133 16 53  12.010700
1134 16 54  12.010700
1135 16 55  12.010700
1136 16 56  12.010700
1137 16 57   1.007940
1138 16 58   1.007940
1139 16 59   1.007940
1140 16 60   1.007940
1141 16 61   1.007940
1142 16 62   1.007940
1143 16 63   1.007940
1144 16 64   1.007940
1145 16 65   1.007940
1146 16 66   1.007940
1147 16 67   1.007940
1148 16 68   1.007940
1149 16 69   1.007940
1150 16 70   1.007940
1151 16 71   1.007940
1152 16 72   1.007940
1153 17 1  50.941500
1154 17 2  50.941500
1155 17 3  50.941500
1156 17 4  50.941500
1157 17 5  15.999400
1158 17 6  15.999400
1159 17 7  15.999400
1160 17 8  15.999400
1161 17 9  15.999400
1162 17 10  15.999400
1163 17 11  15.999400
1164 17 12  15.999400
1165 17 13  15.999400
1166 17 14  15.999400
1167 17 15  15.999400
1168 17 16  15.999400
1169 17 17  15.999400
1170 17 18  15.999400
1171 17 19  15.999400
1172 17 20  15.999400
1173 17 21  15.999400
1174 17 22  15.999400
1175 17 23  15.999400
1176 17 24  15.999400
1177 17 25  12.010700
1178 17 26  12.010700
1179 17 27  12.010700
1180 17 28  12.010700
1181 17 29  12.010700
1182 17 30  12.010700
1183 17 31  12.010700
1184 17 32  12.010700
1185 17 33  12.010700
1186 17 34  12.010700
1187 17 35  12.010700
1188 17 36  12.010700
1189 17 37  12.010700
1190 17 38  12.010700
1191 17 39  12.010700
1192 17 40  12.010700
1193 17 41  12.010700
1194 17 42  12.010700
1195 17 43  12.010700
1196 17 44  12.010700
1197 17 45  12.010700
1198 17 46  12.010700
1199 17 47  12.010700
1200 17 48  12.010700
1201 17 49  12.010700
1202 17 50  12.010700
1203 17 51  12.010700
1204 17 52  12.010700
1205 17 53  12.010700
1206 17 54  12.010700
1207 17 55  12.010700
1208 17 56  12.010700
1209 17 57   1.007940
1210 17 58   1.007940
1211 17 59   1.007940
1212 17 60   1.007940
1213 17 61   1.007940
1214 17 62   1.007940
1215 17 63   1.007940
1216 17 64   1.007940
1217 17 65   1.007940
1218 17 66   1.007940
1219 17 67   1.007940
1220 17 68   1.007940
1221 17 69   1.007940
1222 17 70   1.007940
1223 17 71   1.007940
1224 17 72   1.007940
1225 18 1  50.941500
1226 18 2  50.941500
1227 18 3  50.941500
1228 18 4  50.941500
1229 18 5  15.999400
1230 18 6  15.999400
1231 18 7  15.999400
1232 18 8  15.999400
1233 18 9  15.999400
1234 18 10  15.999400
1235 18 11  15.999400
1236 18 12  15.999400
1237 18 13  15.999400
1238 18 14  15.999400
1239 18 15  15.999400
1240 18 16  15.999400
1241 18 17  15.999400
1242 18 18  15.999400
1243 18 19  15.999400
1244 18 20  15.999400
1245 18 21  15.999400
1246 18 22  15.999400
1247 18 23  15.999400
1248 18 24  15.999400
1249 18 25  12.010700
1250 18 26  12.010700
1251 18 27  12.010700
1252 18 28  12.010700
1253 18 29  12.010700
1254 18 30  12.010700
1255 18 31  12.010700
1256 18 32  12.010700
1257 18 33  12.010700
1258 18 34  12.010700
1259 18 35  12.010700
1260 18 36  12.010700
1261 18 37  12.010700
1262 18 38  12.010700
1263 18 39  12.010700
1264 18 40  12.010700
1265 18 41  12.010700
1266 18 42  12.010700
1267 18 43  12.010700
1268 18 44  12.010700
1269 18 45  12.010700
1270 18 46  12.010700
1271 18 47  12.010700
1272 18 48  12.010700
1273 18 49  12.010700
1274 18 50  12.010700
1275 18 51  12.010700
1276 18 52  12.010700
1277 18 53  12.010700
1278 18 54  12.010700
1279 18 55  12.010700
1280 18 56  12.010700
1281 18 57   1.007940
1282 18 58   1.007940
1283 18 59   1.007940
1284 18 60   1.007940
1285 18 61   1.007940
1286 18 62   1.007940
1287 18 63   1.007940
1288 18 64   1.007940
1289 18 65   1.007940
1290 18 66   1.007940
1291 18 67   1.007940
1292 18 68   1.007940
1293 18 69   1.007940
1294 18 70   1.007940
1295 18 71   1.007940
1296 18 72   1.007940
1297 19 1  50.941500
1298 19 2  50.941500
1299 19 3  50.941500
1300 19 4  50.941500
1301 19 5  15.999400
1302 19 6  15.999400
1303 19 7  15.999400
1304 19 8  15.999400
1305 19 9  15.999400
1306 19 10  15.999400
1307 19 11  15.999400
1308 19 12  15.999400
1309 19 13  15.999400
1310 19 14  15.999400
1311 19 15  15.999400
1312 19 16  15.999400
1313 19 17  15.999400
1314 19 18  15.999400
1315 19 19  15.999400
1316 19 20  15.999400
1317 19 21  15.999400
1318 19 22  15.999400
1319 19 23  15.999400
1320 19 24  15.999400
1321 19 25  12.010700
1322 19 26  12.010700
1323 19 27  12.010700
1324 19 28  12.010700
1325 19 29  12.010700
1326 19 30  12.010700
1327 19 31  12.010700
1328 19 32  12.010700
1329 19 33  12.010700
1330 19 34  12.010700
1331 19 35  12.010700
1332 19 36  12.010700
1333 19 37  12.010700
1334 19 38  12.010700
1335 19 39  12.010700
1336 19 40  12.010700
1337 19 41  12.010700
1338 19 42  12.010700
1339 19 43  12.010700
1340 19 44  12.010700
1341 19 45  12.010700
1342 19 46  12.010700
1343 19 47  12.010700
1344 19 48  12.010700
1345 19 49  12.010700
1346 19 50  12.010700
1347 19 51  12.010700
1348 19 52  12.010700
1349 19 53  12.010700
1350 19 54  12.010700
1351 19 55  12.010700
1352 19 56  12.010700
1353 19 57   1.007940
1354 19 58   1.007940
1355 19 59   1.007940
1356 19 60   1.007940
1357 19 61   1.007940
1358 19 62   1.007940
1359 19 63   1.007940
1360 19 64   1.007940
1361 19 65   1.007940
1362 19 66   1.007940
1363 19 67   1.007940
1364 19 68   1.007940
1365 19 69   1.007940
1366 19 70   1.007940
1367 19 71   1.007940
1368 19 72   1.007940
1369 20 1  50.941500
1370 20 2  50.941500
1371 20 3  50.941500
1372 20 4  50.941500
1373 20 5  15.999400
1374 20 6  15.999400
1375 20 7  15.999400
1376 20 8  15.999400
1377 20 9  15.999400
1378 20 10  15.999400
1379 20 11  15.999400
1380 20 12  15.999400
1381 20 13  15.999400
1382 20 14  15.999400
1383 20 15  15.999400
1384 20 16  15.999400
1385 20 17  15.999400
1386 20 18  15.999400
1387 20 19  15.999400
1388 20 20  15.999400
1389 20 21  15.999400
1390 20 22  15.999400
1391 20 23  15.999400
1392 20 24  15.999400
1393 20 25  12.010700
1394 20 26  12.010700
1395 20 27  12.010700
1396 20 28  12.010700
1397 20 29  12.010700
1398 20 30  12.010700
1399 20 31  12.010700
1400 20 32  12.010700
1401 20 33  12.010700
1402 20 34  12.010700
1403 20 35  12.010700
1404 20 36  12.010700
1405 20 37  12.010700
1406 20 38  12.010700
1407 20 39  12.010700
1408 20 40  12.010700
1409 20 41  12.010700
1410 20 42  12.010700
1411 20 43  12.010700
1412 20 44  12.010700
1413 20 45  12.010700
1414 20 46  12.010700
1415 20 47  12.010700
1416 20 48  12.010700
1417 20 49  12.010700
1418 20 50  12.010700
1419 20 51  12.010700
1420 20 52  12.010700
1421 20 53  12.010700
1422 20 54  12.010700
1423 20 55  12.010700
1424 20 56  12.010700
1425 20 57   1.007940
1426 20 58   1.007940
1427 20 59   1.007940
1428 20 60   1.007940
1429 20 61   1.007940
1430 20 62   1.007940
1431 20 63   1.007940
1432 20 64   1.007940
1433 20 65   1.007940
1434 20 66   1.007940
1435 20 67   1.007940
1436 20 68   1.007940
1437 20 69   1.007940
1438 20 70   1.007940
1439 20 71   1.007940
1440 20 72   1.007940
1441 21 1  50.941500
1442 21 2  50.941500
1443 21 3  50.941500
1444 21 4  50.941500
1445 21 5  15.999400
1446 21 6  15.999400
1447 21 7  15.999400
1448 21 8  15.999400
1449 21 9  15.999400
1450 21 10  15.999400
1451 21 11  15.999400
1452 21 12  15.999400
1453 21 13  15.999400
1454 21 14  15.999400
1455 21 15  15.999400
1456 21 16  15.999400
1457 21 17  15.999400
1458 21 18  15.999400
1459 21 19  15.999400
1460 21 20  15.999400
1461 21 21  15.999400
1462 21 22  15.999400
1463 21 23  15.999400
1464 21 24  15.999400
1465 21 25  12.010700
1466 21 26  12.010700
1467 21 27  12.010700
1468 21 28  12.010700
1469 21 29  12.010700
1470 21 30  12.010700
1471 21 31  12.010700
1472 21 32  12.010700
1473 21 33  12.010700
1474 21 34  12.010700
1475 21 35  12.010700
1476 21 36  12.010700
1477 21 37  12.010700
1478 21 38  12.010700
1479 21 39  12.010700
1480 21 40  12.010700
1481 21 41  12.010700
1482 21 42  12.010700
1483 21 43  12.010700
1484 21 44  12.010700
1485 21 45  12.010700
1486 21 46  12.010700
1487 21 47  12.010700
1488 21 48  12.010700
1489 21 49  12.010700
1490 21 50  12.010700
1491 21 51  12.010700
1492 21 52  12.010700
1493 21 53  12.010700
1494 21 54  12.010700
1495 21 55  12.010700
1496 21 56  12.010700
1497 21 57   1.007940
1498 21 58   1.007940
1499 21 59   1.007940
1500 21 60   1.007940
1501 21 61   1.007940
1502 21 62   1.007940
1503 21 63   1.007940
1504 21 64   1.007940
1505 21 65   1.007940
1506 21 66   1.007940
1507 21 67   1.007940
1508 21 68   1.007940
1509 21 69   1.007940
1510 21 70   1.007940
1511 21 71   1.007940
1512 21 72   1.007940
1513 22 1  50.941500
1514 22 2  50.941500
1515 22 3  50.941500
1516 22 4  50.941500
1517 22 5  15.999400
1518 22 6  15.999400
1519 22 7  15.999400
1520 22 8  15.999400
1521 22 9  15.999400
1522 22 10  15.999400
1523 22 11  15.999400
1524 22 12  15.999400
1525 22 13  15.999400
1526 22 14  15.999400
1527 22 15  15.999400
1528 22 16  15.999400
1529 22 17  15.999400
1530 22 18  15.999400
1531 22 19  15.999400
1532 22 20  15.999400
1533 22 21  15.999400
1534 22 22  15.999400
1535 22 23  15.999400
1536 22 24  15.999400
1537 22 25  12.010700
1538 22 26  12.010700
1539 22 27  12.010700
1540 22 28  12.010700
1541 22 29  12.010700
1542 22 30  12.010700
1543 22 31  12.010700
1544 22 32  12.010700
1545 22 33  12.010700
1546 22 34  12.010700
1547 22 35  12.010700
1548 22 36  12.010700
1549 22 37  12.010700
1550 22 38  12.010700
1551 22 39  12.010700
1552 22 40  12.010700
1553 22 41  12.010700
1554 22 42  12.010700
1555 22 43  12.010700
1556 22 44  12.010700
1557 22 45  12.010700
1558 22 46  12.010700
1559 22 47  12.010700
1560 22 48  12.010700
1561 22 49  12.010700
1562 22 50  12.010700
1563 22 51  12.010700
1564 22 52  12.010700
1565 22 53  12.010700
1566 22 54  12.010700
1567 22 55  12.010700
1568 22 56  12.010700
1569 22 57   1.007940
1570 22 58   1.007940
1571 22 59   1.007940
1572 22 60   1.007940
1573 22 61   1.007940
1574 22 62   1.007940
1575 22 63   1.007940
1576 22 64   1.007940
1577 22 65   1.007940
1578 22 66   1.007940
1579 22 67   1.007940
1580 22 68   1.007940
1581 22 69   1.007940
1582 22 70   1.007940
1583 22 71   1.007940
1584 22 72   1.007940
1585 23 1  50.941500
1586 23 2  50.941500
1587 23 3  50.941500
1588 23 4  50.941500
1589 23 5  15.999400
1590 23 6  15.999400
1591 23 7  15.999400
1592 23 8  15.999400
1593 23 9  15.999400
1594 23 10  15.999400
1595 23 11  15.999400
1596 23 12  15.999400
1597 23 13  15.999400
1598 23 14  15.999400
1599 23 15  15.999400
1600 23 16  15.999400
1601 23 17  15.999400
1602 23 18  15.999400
1603 23 19  15.999400
1604 23 20  15.999400
1605 23 21  15.999400
1606 23 22  15.999400
1607 23 23  15.999400
1608 23 24  15.999400
1609 23 25  12.010700
1610 23 26  12.010700
1611 23 27  12.010700
1612 23 28  12.010700
1613 23 29  12.010700
1614 23 30  12.010700
1615 23 31  12.010700
1616 23 32  12.010700
1617 23 33  12.010700
1618 23 34  12.010700
1619 23 35  12.010700
1620 23 36  12.010700
1621 23 37  12.010700
1622 23 38  12.010700
1623 23 39  12.010700
1624 23 40  12.010700
1625 23 41  12.010700
1626 23 42  12.010700
1627 23 43  12.010700
1628 23 44  12.010700
1629 23 45  12.010700
1630 23 46  12.010700
1631 23 47  12.010700
1632 23 48  12.010700
1633 23 49  12.010700
1634 23 50  12.010700
1635 23 51  12.010700
1636 23 52  12.010700
1637 23 53  12.010700
1638 23 54  12.010700
1639 23 55  12.010700
1640 23 56  12.010700
1641 23 57   1.007940
1642 23 58   1.007940
1643 23 59   1.007940
1644 23 60   1.007940
1645 23 61   1.007940
1646 23 62   1.007940
1647 23 63   1.007940
1648 23 64   1.007940
1649 23 65   1.007940
1650 23 66   1.007940
1651 23 67   1.007940
1652 23 68   1.007940
1653 23 69   1.007940
1654 23 70   1.007940
1655 23 71   1.007940
1656 23 72   1.007940
1657 24 1  50.941500
1658 24 2  50.941500
1659 24 3  50.941500
1660 24 4  50.941500
1661 24 5  15.999400
1662 24 6  15.999400
1663 24 7  15.999400
1664 24 8  15.999400
1665 24 9  15.999400
1666 24 10  15.999400
1667 24 11  15.999400
1668 24 12  15.999400
1669 24 13  15.999400
1670 24 14  15.999400
1671 24 15  15.999400
1672 24 16  15.999400
1673 24 17  15.999400
1674 24 18  15.999400
1675 24 19  15.999400
1676 24 20  15.999400
1677 24 21  15.999400
1678 24 22  15.999400
1679 24 23  15.999400
1680 24 24  15.999400
1681 24 25  12.010700
1682 24 26  12.010700
1683 24 27  12.010700
1684 24 28  12.010700
1685 24 29  12.010700
1686 24 30  12.010700
1687 24 31  12.010700
1688 24 32  12.010700
1689 24 33  12.010700
1690 24 34  12.010700
1691 24 35  12.010700
1692 24 36  12.010700
1693 24 37  12.010700
1694 24 38  12.010700
1695 24 39  12.010700
1696 24 40  12.010700
1697 24 41  12.010700
1698 24 42  12.010700
1699 24 43  12.010700
1700 24 44  12.010700
1701 24 45  12.010700
1702 24 46  12.010700
1703 24 47  12.010700
1704 24 48  12.010700
1705 24 49  12.010700
1706 24 50  12.010700
1707 24 51  12.010700
1708 24 52  12.010700
1709 24 53  12.010700
1710 24 54  12.010700
1711 24 55  12.010700
1712 24 56  12.010700
1713 24 57   1.007940
1714 24 58   1.007940
1715 24 59   1.007940
1716 24 60   1.007940
1717 24 61   1.007940
1718 24 62   1.007940
1719 24 63   1.007940
1720 24 64   1.007940
1721 24 65   1.007940
1722 24 66   1.007940
1723 24 67   1.007940
1724 24 68   1.007940
1725 24 69   1.007940
1726 24 70   1.007940
1727 24 71   1.007940
1728 24 72   1.007940
1729 25 1  50.941500
1730 25 2  50.941500
1731 25 3  50.941500
1732 25 4  50.941500
1733 25 5  15.999400
1734 25 6  15.999400
1735 25 7  15.999400
1736 25 8  15.999400
1737 25 9  15.999400
1738 25 10  15.999400
1739 25 11  15.999400
1740 25 12  15.999400
1741 25 13  15.999400
1742 25 14  15.999400
1743 25 15  15.999400
1744 25 16  15.999400
1745 25 17  15.999400
1746 25 18  15.999400
1747 25 19  15.999400
1748 25 20  15.999400
1749 25 21  15.999400
1750 25 22  15.999400
1751 25 23  15.999400
1752 25 24  15.999400
1753 25 25  12.010700
1754 25 26  12.010700
1755 25 27  12.010700
1756 25 28  12.010700
1757 25 29  12.010700
1758 25 30  12.010700
1759 25 31  12.010700
1760 25 32  12.010700
1761 25 33  12.010700
1762 25 34  12.010700
1763 25 35  12.010700
1764 25 36  12.010700
1765 25 37  12.010700
1766 25 38  12.010700
1767 25 39  12.010700
1768 25 40  12.010700
1769 25 41  12.010700
1770 25 42  12.010700
1771 25 43  12.010700
1772 25 44  12.010700
1773 25 45  12.010700
1774 25 46  12.010700
1775 25 47  12.010700
1776 25 48  12.010700
1777 25 49  12.010700
1778 25 50  12.010700
1779 25 51  12.010700
1780 25 52  12.010700
1781 25 53  12.010700
1782 25 54  12.010700
1783 25 55  12.010700
1784 25 56  12.010700
1785 25 57   1.007940
1786 25 58   1.007940
1787 25 59   1.007940
1788 25 60   1.007940
1789 25 61   1.007940
1790 25 62   1.007940
1791 25 63   1.007940
1792 25 64   1.007940
1793 25 65   1.007940
1794 25 66   1.007940
1795 25 67   1.007940
1796 25 68   1.007940
1797 25 69   1.007940
1798 25 70   1.007940
1799 25 71   1.007940
1800 25 72   1.007940
1801 26 1  50.941500
1802 26 2  50.941500
1803 26 3  50.941500
1804 26 4  50.941500
1805 26 5  15.999400
1806 26 6  15.999400
1807 26 7  15.999400
1808 26 8  15.999400
1809 26 9  15.999400
1810 26 10  15.999400
1811 26 11  15.999400
1812 26 12  15.999400
1813 26 13  15.999400
1814 26 14  15.999400
1815 26 15  15.999400
1816 26 16  15.999400
1817 26 17  15.999400
1818 26 18  15.999400
1819 26 19  15.999400
1820 26 20  15.999400
1821 26 21  15.999400
1822 26 22  15.999400
1823 26 23  15.999400
1824 26 24  15.999400
1825 26 25  12.010700
1826 26 26  12.010700
1827 26 27  12.010700
1828 26 28  12.010700
1829 26 29  12.010700
1830 26 30  12.010700
1831 26 31  12.010700
1832 26 32  12.010700
1833 26 33  12.010700
1834 26 34  12.010700
1835 26 35  12.010700
1836 26 36  12.010700
1837 26 37  12.010700
1838 26 38  12.010700
1839 26 39  12.010700
1840 26 40  12.010700
1841 26 41  12.010700
1842 26 42  12.010700
1843 26 43  12.010700
1844 26 44  12.010700
1845 26 45  12.010700
1846 26 46  12.010700
1847 26 47  12.010700
1848 26 48  12.010700
1849 26 49  12.010700
1850 26 50  12.010700
1851 26 51  12.010700
1852 26 52  12.010700
1853 26 53  12.010700
1854 26 54  12.010700
1855 26 55  12.010700
1856 26 56  12.010700
1857 26 57   1.007940
1858 26 58   1.007940
1859 26 59   1.007940
1860 26 60   1.007940
1861 26 61   1.007940
1862 26 62   1.007940
1863 26 63   1.007940
1864 26 64   1.007940
1865 26 65   1.007940
1866 26 66   1.007940
1867 26 67   1.007940
1868 26 68   1.007940
1869 26 69   1.007940
1870 26 70   1.007940
1871 26 71   1.007940
1872 26 72   1.007940
1873 27 1  50.941500
1874 27 2  50.941500
1875 27 3  50.941500
1876 27 4  50.941500
1877 27 5  15.999400
1878 27 6  15.999400
1879 27 7  15.999400
1880 27 8  15.999400
1881 27 9  15.999400
1882 27 10  15.999400
1883 27 11  15.999400
1884 27 12  15.999400
1885 27 13  15.999400
1886 27 14  15.999400
1887 27 15  15.999400
1888 27 16  15.999400
1889 27 17  15.999400
1890 27 18  15.999400
1891 27 19  15.999400
1892 27 20  15.999400
1893 27 21  15.999400
1894 27 22  15.999400
1895 27 23  15.999400
1896 27 24  15.999400
1897 27 25  12.010700
1898 27 26  12.010700
1899 27 27  12.010700
1900 27 28  12.010700
1901 27 29  12.010700
1902 27 30  12.010700
1903 27 31  12.010700
1904 27 32  12.010700
1905 27 33  12.010700
1906 27 34  12.010700
1907 27 35  12.010700
1908 27 36  12.010700
1909 27 37  12.010700
1910 27 38  12.010700
1911 27 39  12.010700
1912 27 40  12.010700
1913 27 41  12.010700
1914 27 42  12.010700
1915 27 43  12.010700
1916 27 44  12.010700
1917 27 45  12.010700
1918 27 46  12.010700
1919 27 47  12.010700
1920 27 48  12.010700
1921 27 49  12.010700
1922 27 50  12.010700
1923 27 51  12.010700
1924 27 52  12.010700
1925 27 53  12.010700
1926 27 54  12.010700
1927 27 55  12.010700
1928 27 56  12.010700
1929 27 57   1.007940
1930 27 58   1.007940
1931 27 59   1.007940
1932 27 60   1.007940
1933 27 61   1.007940
1934 27 62   1.007940
1935 27 63   1.007940
1936 27 64   1.007940
1937 27 65   1.007940
1938 27 66   1.007940
1939 27 67   1.007940
1940 27 68   1.007940
1941 27 69   1.007940
1942 27 70   1.007940
1943 27 71   1.007940
1944 27 72   1.007940
1945 28 1  50.941500
1946 28 2  50.941500
1947 28 3  50.941500
1948 28 4  50.941500
1949 28 5  15.999400
1950 28 6  15.999400
1951 28 7  15.999400
1952 28 8  15.999400
1953 28 9  15.999400
1954 28 10  15.999400
1955 28 11  15.999400
1956 28 12  15.999400
1957 28 13  15.999400
1958 28 14  15.999400
1959 28 15  15.999400
1960 28 16  15.999400
1961 28 17  15.999400
1962 28 18  15.999400
1963 28 19  15.999400
1964 28 20  15.999400
1965 28 21  15.999400
1966 28 22  15.999400
1967 28 23  15.999400
1968 28 24  15.999400
1969 28 25  12.010700
1970 28 26  12.010700
1971 28 27  12.010700
1972 28 28  12.010700
1973 28 29  12.010700
1974 28 30  12.010700
1975 28 31  12.010700
1976 28 32  12.010700
1977 28 33  12.010700
1978 28 34  12.010700
1979 28 35  12.010700
1980 28 36  12.010700
1981 28 37  12.010700
1982 28 38  12.010700
1983 28 39  12.010700
1984 28 40  12.010700
1985 28 41  12.010700
1986 28 42  12.010700
1987 28 43  12.010700
1988 28 44  12.010700
1989 28 45  12.010700
1990 28 46  12.010700
1991 28 47  12.010700
1992 28 48  12.010700
1993 28 49  12.010700
1994 28 50  12.010700
1995 28 51  12.010700
1996 28 52  12.010700
1997 28 53  12.010700
1998 28 54  12.010700
1999 28 55  12.010700
2000 28 56  12.010700
2001 28 57   1.007940
2002 28 58   1.007940
2003 28 59   1.007940
2004 28 60   1.007940
2005 28 61   1.007940
2006 28 62   1.007940
2007 28 63   1.007940
2008 28 64   1.007940
2009 28 65   1.007940
2010 28 66   1.007940
2011 28 67   1.007940
2012 28 68   1.007940
2013 28 69   1.007940
2014 28 70   1.007940
2015 28 71   1.007940
2016 28 72   1.007940
2017 29 1  50.941500
2018 29 2  50.941500
2019 29 3  50.941500
2020 29 4  50.941500
2021 29 5  15.999400
2022 29 6  15.999400
2023 29 7  15.999400
2024 29 8  15.999400
2025 29 9  15.999400
2026 29 10  15.999400
2027 29 11  15.999400
2028 29 12  15.999400
2029 29 13  15.999400
2030 29 14  15.999400
2031 29 15  15.999400
2032 29 16  15.999400
2033 29 17  15.999400
2034 29 18  15.999400
2035 29 19  15.999400
2036 29 20  15.999400
2037 29 21  15.999400
2038 29 22  15.999400
2039 29 23  15.999400
2040 29 24  15.999400
2041 29 25  12.010700
2042 29 26  12.010700
2043 29 27  12.010700
2044 29 28  12.010700
2045 29 29  12.010700
2046 29 30  12.010700
2047 29 31  12.010700
2048 29 32  12.010700
2049 29 33  12.010700
2050 29 34  12.010700
2051 29 35  12.010700
2052 29 36  12.010700
2053 29 37  12.010700
2054 29 38  12.010700
2055 29 39  12.010700
2056 29 40  12.010700
2057 29 41  12.010700
2058 29 42  12.010700
2059 29 43  12.010700
2060 29 44  12.010700
2061 29 45  12.010700
2062 29 46  12.010700
2063 29 47  12.010700
2064 29 48  12.010700
2065 29 49  12.010700
2066 29 50  12.010700
2067 29 51  12.010700
2068 29 52  12.010700
2069 29 53  12.010700
2070 29 54  12.010700
2071 29 55  12.010700
2072 29 56  12.010700
2073 29 57   1.007940
2074 29 58   1.007940
2075 29 59   1.007940
2076 29 60   1.007940
2077 29 61   1.007940
2078 29 62   1.007940
2079 29 63   1.007940
2080 29 64   1.007940
2081 29 65   1.007940
2082 29 66   1.007940
2083 29 67   1.007940
2084 29 68   1.007940
2085 29 69   1.007940
2086 29 70   1.007940
2087 29 71   1.007940
2088 29 72   1.007940
2089 30 1  50.941500
2090 30 2  50.941500
2091 30 3  50.941500
2092 30 4  50.941500
2093 30 5  15.999400
2094 30 6  15.999400
2095 30 7  15.999400
2096 30 8  15.999400
2097 30 9  15.999400
2098 30 10  15.999400
2099 30 11  15.999400
2100 30 12  15.999400
2101 30 13  15.999400
2102 30 14  15.999400
2103 30 15  15.999400
2104 30 16  15.999400
2105 30 17  15.999400
2106 30 18  15.999400
2107 30 19  15.999400
2108 30 20  15.999400
2109 30 21  15.999400
2110 30 22  15.999400
2111 30 23  15.999400
2112 30 24  15.999400
2113 30 25  12.010700
2114 30 26  12.010700
2115 30 27  12.010700
2116 30 28  12.010700
2117 30 29  12.010700
2118 30 30  12.010700
2119 30 31  12.010700
2120 30 32  12.010700
2121 30 33  12.010700
2122 30 34  12.010700
2123 30 35  12.010700
2124 30 36  12.010700
2125 30 37  12.010700
2126 30 38  12.010700
2127 30 39  12.010700
2128 30 40  12.010700
2129 30 41  12.010700
2130 30 42  12.010700
2131 30 43  12.010700
2132 30 44  12.010700
2133 30 45  12.010700
2134 30 46  12.010700
2135 30 47  12.010700
2136 30 48  12.010700
2137 30 49  12.010700
2138 30 50  12.010700
2139 30 51  12.010700
2140 30 52  12.010700
2141 30 53  12.010700
2142 30 54  12.010700
2143 30 55  12.010700
2144 30 56  12.010700
2145 30 57   1.007940
2146 30 58   1.007940
2147 30 59   1.007940
2148 30 60   1.007940
2149 30 61   1.007940
2150 30 62   1.007940
2151 30 63   1.007940
2152 30 64   1.007940
2153 30 65   1.007940
2154 30 66   1.007940
2155 30 67   1.007940
2156 30 68   1.007940
2157 30 69   1.007940
2158 30 70   1.007940
2159 30 71   1.007940
2160 30 72   1.007940
2161 31 1  50.941500
2162 31 2  50.941500
2163 31 3  50.941500
2164 31 4  50.941500
2165 31 5  15.999400
2166 31 6  15.999400
2167 31 7  15.999400
2168 31 8  15.999400
2169 31 9  15.999400
2170 31 10  15.999400
2171 31 11  15.999400
2172 31 12  15.999400
2173 31 13  15.999400
2174 31 14  15.999400
2175 31 15  15.999400
2176 31 16  15.999400
2177 31 17  15.999400
2178 31 18  15.999400
2179 31 19  15.999400
2180 31 20  15.999400
2181 31 21  15.999400
2182 31 22  15.999400
2183 31 23  15.999400
2184 31 24  15.999400
2185 31 25  12.010700
2186 31 26  12.010700
2187 31 27  12.010700
2188 31 28  12.010700
2189 31 29  12.010700
2190 31 30  12.010700
2191 31 31  12.010700
2192 31 32  12.010700
2193 31 33  12.010700
2194 31 34  12.010700
2195 31 35  12.010700
2196 31 36  12.010700
2197 31 37  12.010700
2198 31 38  12.010700
2199 31 39  12.010700
2200 31 40  12.010700
2201 31 41  12.010700
2202 31 42  12.010700
2203 31 43  12.010700
2204 31 44  12.010700
2205 31 45  12.010700
2206 31 46  12.010700
2207 31 47  12.010700
2208 31 48  12.010700
2209 31 49  12.010700
2210 31 50  12.010700
2211 31 51  12.010700
2212 31 52  12.010700
2213 31 53  12.010700
2214 31 54  12.010700
2215 31 55  12.010700
2216 31 56  12.010700
2217 31 57   1.007940
2218 31 58   1.007940
2219 31 59   1.007940
2220 31 60   1.007940
2221 31 61   1.007940
2222 31 62   1.007940
2223 31 63   1.007940
2224 31 64   1.007940
2225 31 65   1.007940
2226 31 66   1.007940
2227 31 67   1.007940
2228 31 68   1.007940
2229 31 69   1.007940
2230 31 70   1.007940
2231 31 71   1.007940
2232 31 72   1.007940
2233 32 1  50.941500
2234 32 2  50.941500
2235 32 3  50.941500
2236 32 4  50.941500
2237 32 5  15.999400
2238 32 6  15.999400
2239 32 7  15.999400
2240 32 8  15.999400
2241 32 9  15.999400
2242 32 10  15.999400
2243 32 11  15.999400
2244 32 12  15.999400
2245 32 13  15.999400
2246 32 14  15.999400
2247 32 15  15.999400
2248 32 16  15.999400
2249 32 17  15.999400
2250 32 18  15.999400
2251 32 19  15.999400
2252 32 20  15.999400
2253 32 21  15.999400
2254 32 22  15.999400
2255 32 23  15.999400
2256 32 24  15.999400
2257 32 25  12.010700
2258 32 26  12.010700
2259 32 27  12.010700
2260 32 28  12.010700
2261 32 29  12.010700
2262 32 30  12.010700
2263 32 31  12.010700
2264 32 32  12.010700
2265 32 33  12.010700
2266 32 34  12.010700
2267 32 35  12.010700
2268 32 36  12.010700
2269 32 37  12.010700
2270 32 38  12.010700
2271 32 39  12.010700
2272 32 40  12.010700
2273 32 41  12.010700
2274 32 42  12.010700
2275 32 43  12.010700
2276 32 44  12.010700
2277 32 45  12.010700
2278 32 46  12.010700
2279 32 47  12.010700
2280 32 48  12.010700
2281 32 49  12.010700
2282 32 50  12.010700
2283 32 51  12.010700
2284 32 52  12.010700
2285 32 53  12.010700
2286 32 54  12.010700
2287 32 55  12.010700
2288 32 56  12.010700
2289 32 57   1.007940
2290 32 58   1.007940
2291 32 59   1.007940
2292 32 60   1.007940
2293 32 61   1.007940
2294 32 62   1.007940
2295 32 63   1.007940
2296 32 64   1.007940
2297 32 65   1.007940
2298 32 66   1.007940
2299 32 67   1.007940
2300 32 68   1.007940
2301 32 69   1.007940
2302 32 70   1.007940
2303 32 71   1.007940
2304 32 72   1.007940
2305 33 1  50.941500
2306 33 2  50.941500
2307 33 3  50.941500
2308 33 4  50.941500
2309 33 5  15.999400
2310 33 6  15.999400
2311 33 7  15.999400
2312 33 8  15.999400
2313 33 9  15.999400
2314 33 10  15.999400
2315 33 11  15.999400
2316 33 12  15.999400
2317 33 13  15.999400
2318 33 14  15.999400
2319 33 15  15.999400
2320 33 16  15.999400
2321 33 17  15.999400
2322 33 18  15.999400
2323 33 19  15.999400
2324 33 20  15.999400
2325 33 21  15.999400
2326 33 22  15.999400
2327 33 23  15.999400
2328 33 24  15.999400
2329 33 25  12.010700
2330 33 26  12.010700
2331 33 27  12.010700
2332 33 28  12.010700
2333 33 29  12.010700
2334 33 30  12.010700
2335 33 31  12.010700
2336 33 32  12.010700
2337 33 33  12.010700
2338 33 34  12.010700
2339 33 35  12.010700
2340 33 36  12.010700
2341 33 37  12.010700
2342 33 38  12.010700
2343 33 39  12.010700
2344 33 40  12.010700
2345 33 41  12.010700
2346 33 42  12.010700
2347 33 43  12.010700
2348 33 44  12.010700
2349 33 45  12.010700
2350 33 46  12.010700
2351 33 47  12.010700
2352 33 48  12.010700
2353 33 49  12.010700
2354 33 50  12.010700
2355 33 51  12.010700
2356 33 52  12.010700
2357 33 53  12.010700
2358 33 54  12.010700
2359 33 55  12.010700
2360 33 56  12.010700
2361 33 57   1.007940
2362 33 58   1.007940
2363 33 59   1.007940
2364 33 60   1.007940
2365 33 61   1.007940
2366 33 62   1.007940
2367 33 63   1.007940
2368 33 64   1.007940
2369 33 65   1.007940
2370 33 66   1.007940
2371 33 67   1.007940
2372 33 68   1.007940
2373 33 69   1.007940
2374 33 70   1.007940
2375 33 71   1.007940
2376 33 72   1.007940
2377 34 1  50.941500
2378 34 2  50.941500
2379 34 3  50.941500
2380 34 4  50.941500
2381 34 5  15.999400
2382 34 6  15.999400
2383 34 7  15.999400
2384 34 8  15.999400
2385 34 9  15.999400
2386 34 10  15.999400
2387 34 11  15.999400
2388 34 12  15.999400
2389 34 13  15.999400
2390 34 14  15.999400
2391 34 15  15.999400
2392 34 16  15.999400
2393 34 17  15.999400
2394 34 18  15.999400
2395 34 19  15.999400
2396 34 20  15.999400
2397 34 21  15.999400
2398 34 22  15.999400
2399 34 23  15.999400
2400 34 24  15.999400
2401 34 25  12.010700
2402 34 26  12.010700
2403 34 27  12.010700
2404 34 28  12.010700
2405 34 29  12.010700
2406 34 30  12.010700
2407 34 31  12.010700
2408 34 32  12.010700
2409 34 33  12.010700
2410 34 34  12.010700
2411 34 35  12.010700
2412 34 36  12.010700
2413 34 37  12.010700
2414 34 38  12.010700
2415 34 39  12.010700
2416 34 40  12.010700
2417 34 41  12.010700
2418 34 42  12.010700
2419 34 43  12.010700
2420 34 44  12.010700
2421 34 45  12.010700
2422 34 46  12.010700
2423 34 47  12.010700
2424 34 48  12.010700
2425 34 49  12.010700
2426 34 50  12.010700
2427 34 51  12.010700
2428 34 52  12.010700
2429 34 53  12.010700
2430 34 54  12.010700
2431 34 55  12.010700
2432 34 56  12.010700
2433 34 57   1.007940
2434 34 58   1.007940
2435 34 59   1.007940
2436 34 60   1.007940
2437 34 61   1.007940
2438 34 62   1.007940
2439 34 63   1.007940
2440 34 64   1.007940
2441 34 65   1.007940
2442 34 66   1.007940
2443 34 67   1.007940
2444 34 68   1.007940
2445 34 69   1.007940
2446 34 70   1.007940
2447 34 71   1.007940
2448 34 72   1.007940
2449 35 1  50.941500
2450 35 2  50.941500
2451 35 3  50.941500
2452 35 4  50.941500
2453 35 5  15.999400
2454 35 6  15.999400
2455 35 7  15.999400
2456 35 8  15.999400
2457 35 9  15.999400
2458 35 10  15.999400
2459 35 11  15.999400
2460 35 12  15.999400
2461 35 13  15.999400
2462 35 14  15.999400
2463 35 15  15.999400
2464 35 16  15.999400
2465 35 17  15.999400
2466 35 18  15.999400
2467 35 19  15.999400
2468 35 20  15.999400
2469 35 21  15.999400
2470 35 22  15.999400
2471 35 23  15.999400
2472 35 24  15.999400
2473 35 25  12.010700
2474 35 26  12.010700
2475 35 27  12.010700
2476 35 28  12.010700
2477 35 29  12.010700
2478 35 30  12.010700
2479 35 31  12.010700
2480 35 32  12.010700
2481 35 33  12.010700
2482 35 34  12.010700
2483 35 35  12.010700
2484 35 36  12.010700
2485 35 37  12.010700
2486 35 38  12.010700
2487 35 39  12.010700
2488 35 40  12.010700
2489 35 41  12.010700
2490 35 42  12.010700
2491 35 43  12.010700
2492 35 44  12.010700
2493 35 45  12.010700
2494 35 46  12.010700
2495 35 47  12.010700
2496 35 48  12.010700
2497 35 49  12.010700
2498 35 50  12.010700
2499 35 51  12.010700
2500 35 52  12.010700
2501 35 53  12.010700
2502 35 54  12.010700
2503 35 55  12.010700
2504 35 56  12.010700
2505 35 57   1.007940
2506 35 58   1.007940
2507 35 59   1.007940
2508 35 60   1.007940
2509 35 61   1.007940
2510 35 62   1.007940
2511 35 63   1.007940
2512 35 64   1.007940
2513 35 65   1.007940
2514 35 66   1.007940
2515 35 67   1.007940
2516 35 68   1.007940
2517 35 69   1.007940
2518 35 70   1.007940
2519 35 71   1.007940
2520 35 72   1.007940
2521 36 1  50.941500
2522 36 2  50.941500
2523 36 3  50.941500
2524 36 4  50.941500
2525 36 5  15.999400
2526 36 6  15.999400
2527 36 7  15.999400
2528 36 8  15.999400
2529 36 9  15.999400
2530 36 10  15.999400
2531 36 11  15.999400
2532 36 12  15.999400
2533 36 13  15.999400
2534 36 14  15.999400
2535 36 15  15.999400
2536 36 16  15.999400
2537 36 17  15.999400
2538 36 18  15.999400
2539 36 19  15.999400
2540 36 20  15.999400
2541 36 21  15.999400
2542 36 22  15.999400
2543 36 23  15.999400
2544 36 24  15.999400
2545 36 25  12.010700
2546 36 26  12.010700
2547 36 27  12.010700
2548 36 28  12.010700
2549 36 29  12.010700
2550 36 30  12.010700
2551 36 31  12.010700
2552 36 32  12.010700
2553 36 33  12.010700
2554 36 34  12.010700
2555 36 35  12.010700
2556 36 36  12.010700
2557 36 37  12.010700
2558 36 38  12.010700
2559 36 39  12.010700
2560 36 40  12.010700
2561 36 41  12.010700
2562 36 42  12.010700
2563 36 43  12.010700
2564 36 44  12.010700
2565 36 45  12.010700
2566 36 46  12.010700
2567 36 47  12.010700
2568 36 48  12.010700
2569 36 49  12.010700
2570 36 50  12.010700
2571 36 51  12.010700
2572 36 52  12.010700
2573 36 53  12.010700
2574 36 54  12.010700
2575 36 55  12.010700
2576 36 56  12.010700
2577 36 57   1.007940
2578 36 58   1.007940
2579 36 59   1.007940
2580 36 60   1.007940
2581 36 61   1.007940
2582 36 62   1.007940
2583 36 63   1.007940
2584 36 64   1.007940
2585 36 65   1.007940
2586 36 66   1.007940
2587 36 67   1.007940
2588 36 68   1.007940
2589 36 69   1.007940
2590 36 70   1.007940
2591 36 71   1.007940
2592 36 72   1.007940
2593 37 1  50.941500
2594 37 2  50.941500
2595 37 3  50.941500
2596 37 4  50.941500
2597 37 5  15.999400
2598 37 6  15.999400
2599 37 7  15.999400
2600 37 8  15.999400
2601 37 9  15.999400
2602 37 10  15.999400
2603 37 11  15.999400
2604 37 12  15.999400
2605 37 13  15.999400
2606 37 14  15.999400
2607 37 15  15.999400
2608 37 16  15.999400
2609 37 17  15.999400
2610 37 18  15.999400
2611 37 19  15.999400
2612 37 20  15.999400
2613 37 21  15.999400
2614 37 22  15.999400
2615 37 23  15.999400
2616 37 24  15.999400
2617 37 25  12.010700
2618 37 26  12.010700
2619 37 27  12.010700
2620 37 28  12.010700
2621 37 29  12.010700
2622 37 30  12.010700
2623 37 31  12.010700
2624 37 32  12.010700
2625 37 33  12.010700
2626 37 34  12.010700
2627 37 35  12.010700
2628 37 36  12.010700
2629 37 37  12.010700
2630 37 38  12.010700
2631 37 39  12.010700
2632 37 40  12.010700
2633 37 41  12.010700
2634 37 42  12.010700
2635 37 43  12.010700
2636 37 44  12.010700
2637 37 45  12.010700
2638 37 46  12.010700
2639 37 47  12.010700
2640 37 48  12.010700
2641 37 49  12.010700
2642 37 50  12.010700
2643 37 51  12.010700
2644 37 52  12.010700
2645 37 53  12.010700
2646 37 54  12.010700
2647 37 55  12.010700
2648 37 56  12.010700
2649 37 57   1.007940
2650 37 58   1.007940
2651 37 59   1.007940
2652 37 60   1.007940
2653 37 61   1.007940
2654 37 62   1.007940
2655 37 63   1.007940
2656 37 64   1.007940
2657 37 65   1.007940
2658 37 66   1.007940
2659 37 67   1.007940
2660 37 68   1.007940
2661 37 69   1.007940
2662 37 70   1.007940
2663 37 71   1.007940
2664 37 72   1.007940
2665 38 1  50.941500
2666 38 2  50.941500
2667 38 3  50.941500
2668 38 4  50.941500
2669 38 5  15.999400
2670 38 6  15.999400
2671 38 7  15.999400
2672 38 8  15.999400
2673 38 9  15.999400
2674 38 10  15.999400
2675 38 11  15.999400
2676 38 12  15.999400
2677 38 13  15.999400
2678 38 14  15.999400
2679 38 15  15.999400
2680 38 16  15.999400
2681 38 17  15.999400
2682 38 18  15.999400
2683 38 19  15.999400
2684 38 20  15.999400
2685 38 21  15.999400
2686 38 22  15.999400
2687 38 23  15.999400
2688 38 24  15.999400
2689 38 25  12.010700
2690 38 26  12.010700
2691 38 27  12.010700
2692 38 28  12.010700
2693 38 29  12.010700
2694 38 30  12.010700
2695 38 31  12.010700
2696 38 32  12.010700
2697 38 33  12.010700
2698 38 34  12.010700
2699 38 35  12.010700
2700 38 36  12.010700
2701 38 37  12.010700
2702 38 38  12.010700
2703 38 39  12.010700
2704 38 40  12.010700
2705 38 41  12.010700
2706 38 42  12.010700
2707 38 43  12.010700
2708 38 44  12.010700
2709 38 45  12.010700
2710 38 46  12.010700
2711 38 47  12.010700
2712 38 48  12.010700
2713 38 49  12.010700
2714 38 50  12.010700
2715 38 51  12.010700
2716 38 52  12.010700
2717 38 53  12.010700
2718 38 54  12.010700
2719 38 55  12.010700
2720 38 56  12.010700
2721 38 57   1.007940
2722 38 58   1.007940
2723 38 59   1.007940
2724 38 60   1.007940
2725 38 61   1.007940
2726 38 62   1.007940
2727 38 63   1.007940
2728 38 64   1.007940
2729 38 65   1.007940
2730 38 66   1.007940
2731 38 67   1.007940
2732 38 68   1.007940
2733 38 69   1.007940
2734 38 70   1.007940
2735 38 71   1.007940
2736 38 72   1.007940
2737 39 1  50.941500
2738 39 2  50.941500
2739 39 3  50.941500
2740 39 4  50.941500
2741 39 5  15.999400
2742 39 6  15.999400
2743 39 7  15.999400
2744 39 8  15.999400
2745 39 9  15.999400
2746 39 10  15.999400
2747 39 11  15.999400
2748 39 12  15.999400
2749 39 13  15.999400
2750 39 14  15.999400
2751 39 15  15.999400
2752 39 16  15.999400
2753 39 17  15.999400
2754 39 18  15.999400
2755 39 19  15.999400
2756 39 20  15.999400
2757 39 21  15.999400
2758 39 22  15.999400
2759 39 23  15.999400
2760 39 24  15.999400
2761 39 25  12.010700
2762 39 26  12.010700
2763 39 27  12.010700
2764 39 28  12.010700
2765 39 29  12.010700
2766 39 30  12.010700
2767 39 31  12.010700
2768 39 32  12.010700
2769 39 33  12.010700
2770 39 34  12.010700
2771 39 35  12.010700
2772 39 36  12.010700
2773 39 37  12.010700
2774 39 38  12.010700
2775 39 39  12.010700
2776 39 40  12.010700
2777 39 41  12.010700
2778 39 42  12.010700
2779 39 43  12.010700
2780 39 44  12.010700
2781 39 45  12.010700
2782 39 46  12.010700
2783 39 47  12.010700
2784 39 48  12.010700
2785 39 49  12.010700
2786 39 50  12.010700
2787 39 51  12.010700
2788 39 52  12.010700
2789 39 53  12.010700
2790 39 54  12.010700
2791 39 55  12.010700
2792 39 56  12.010700
2793 39 57   1.007940
2794 39 58   1.007940
2795 39 59   1.007940
2796 39 60   1.007940
2797 39 61   1.007940
2798 39 62   1.007940
2799 39 63   1.007940
2800 39 64   1.007940
2801 39 65   1.007940
2802 39 66   1.007940
2803 39 67   1.007940
2804 39 68   1.007940
2805 39 69   1.007940
2806 39 70   1.007940
2807 39 71   1.007940
2808 39 72   1.007940
2809 40 1  50.941500
2810 40 2  50.941500
2811 40 3  50.941500
2812 40 4  50.941500
2813 40 5  15.999400
2814 40 6  15.999400
2815 40 7  15.999400
2816 40 8  15.999400
2817 40 9  15.999400
2818 40 10  15.999400
2819 40 11  15.999400
2820 40 12  15.999400
2821 40 13  15.999400
2822 40 14  15.999400
2823 40 15  15.999400
2824 40 16  15.999400
2825 40 17  15.999400
2826 40 18  15.999400
2827 40 19  15.999400
2828 40 20  15.999400
2829 40 21  15.999400
2830 40 22  15.999400
2831 40 23  15.999400
2832 40 24  15.999400
2833 40 25  12.010700
2834 40 26  12.010700
2835 40 27  12.010700
2836 40 28  12.010700
2837 40 29  12.010700
2838 40 30  12.010700
2839 40 31  12.010700
2840 40 32  12.010700
2841 40 33  12.010700
2842 40 34  12.010700
2843 40 35  12.010700
2844 40 36  12.010700
2845 40 37  12.010700
2846 40 38  12.010700
2847 40 39  12.010700
2848 40 40  12.010700
2849 40 41  12.010700
2850 40 42  12.010700
2851 40 43  12.010700
2852 40 44  12.010700
2853 40 45  12.010700
2854 40 46  12.010700
2855 40 47  12.010700
2856 40 48  12.010700
2857 40 49  12.010700
2858 40 50  12.010700
2859 40 51  12.010700
2860 40 52  12.010700
2861 40 53  12.010700
2862 40 54  12.010700
2863 40 55  12.010700
2864 40 56  12.010700
2865 40 57   1.007940
2866 40 58   1.007940
2867 40 59   1.007940
2868 40 60   1.007940
2869 40 61   1.007940
2870 40 62   1.007940
2871 40 63   1.007940
2872 40 64   1.007940
2873 40 65   1.007940
2874 40 66   1.007940
2875 40 67   1.007940
2876 40 68   1.007940
2877 40 69   1.007940
2878 40 70   1.007940
2879 40 71   1.007940
2880 40 72   1.007940
2881 41 1  50.941500
2882 41 2  50.941500
2883 41 3  50.941500
2884 41 4  50.941500
2885 41 5  15.999400
2886 41 6  15.999400
2887 41 7  15.999400
2888 41 8  15.999400
2889 41 9  15.999400
2890 41 10  15.999400
2891 41 11  15.999400
2892 41 12  15.999400
2893 41 13  15.999400
2894 41 14  15.999400
2895 41 15  15.999400
2896 41 16  15.999400
2897 41 17  15.999400
2898 41 18  15.999400
2899 41 19  15.999400
2900 41 20  15.999400
2901 41 21  15.999400
2902 41 22  15.999400
2903 41 23  15.999400
2904 41 24  15.999400
2905 41 25  12.010700
2906 41 26  12.010700
2907 41 27  12.010700
2908 41 28  12.010700
2909 41 29  12.010700
2910 41 30  12.010700
2911 41 31  12.010700
2912 41 32  12.010700
2913 41 33  12.010700
2914 41 34  12.010700
2915 41 35  12.010700
2916 41 36  12.010700
2917 41 37  12.010700
2918 41 38  12.010700
2919 41 39  12.010700
2920 41 40  12.010700
2921 41 41  12.010700
2922 41 42  12.010700
2923 41 43  12.010700
2924 41 44  12.010700
2925 41 45  12.010700
2926 41 46  12.010700
2927 41 47  12.010700
2928 41 48  12.010700
2929 41 49  12.010700
2930 41 50  12.010700
2931 41 51  12.010700
2932 41 52  12.010700
2933 41 53  12.010700
2934 41 54  12.010700
2935 41 55  12.010700
2936 41 56  12.010700
2937 41 57   1.007940
2938 41 58   1.007940
2939 41 59   1.007940
2940 41 60   1.007940
2941 41 61   1.007940
2942 41 62   1.007940
2943 41 63   1.007940
2944 41 64   1.007940
2945 41 65   1.007940
2946 41 66   1.007940
2947 41 67   1.007940
2948 41 68   1.007940
2949 41 69   1.007940
2950 41 70   1.007940
2951 41 71   1.007940
2952 41 72   1.007940
2953 42 1  50.941500
2954 42 2  50.941500
2955 42 3  50.941500
2956 42 4  50.941500
2957 42 5  15.999400
2958 42 6  15.999400
2959 42 7  15.999400
2960 42 8  15.999400
2961 42 9  15.999400
2962 42 10  15.999400
2963 42 11  15.999400
2964 42 12  15.999400
2965 42 13  15.999400
2966 42 14  15.999400
2967 42 15  15.999400
2968 42 16  15.999400
2969 42 17  15.999400
2970 42 18  15.999400
2971 42 19  15.999400
2972 42 20  15.999400
2973 42 21  15.999400
2974 42 22  15.999400
2975 42 23  15.999400
2976 42 24  15.999400
2977 42 25  12.010700
2978 42 26  12.010700
2979 42 27  12.010700
2980 42 28  12.010700
2981 42 29  12.010700
2982 42 30  12.010700
2983 42 31  12.010700
2984 42 32  12.010700
2985 42 33  12.010700
2986 42 34  12.010700
2987 42 35  12.010700
2988 42 36  12.010700
2989 42 37  12.010700
2990 42 38  12.010700
2991 42 39  12.010700
2992 42 40  12.010700
2993 42 41  12.010700
2994 42 42  12.010700
2995 42 43  12.010700
2996 42 44  12.010700
2997 42 45  12.010700
2998 42 46  12.010700
2999 42 47  12.010700
3000 42 48  12.010700
3001 42 49  12.010700
3002 42 50  12.010700
3003 42 51  12.010700
3004 42 52  12.010700
3005 42 53  12.010700
3006 42 54  12.010700
3007 42 55  12.010700
3008 42 56  12.010700
3009 42 57   1.007940
3010 42 58   1.007940
3011 42 59   1.007940
3012 42 60   1.007940
3013 42 61   1.007940
3014 42 62   1.007940
3015 42 63   1.007940
3016 42 64   1.007940
3017 42 65   1.007940
3018 42 66   1.007940
3019 42 67   1.007940
3020 42 68   1.007940
3021 42 69   1.007940
3022 42 70   1.007940
3023 42 71   1.007940
3024 42 72   1.007940
3025 43 1  50.941500
3026 43 2  50.941500
3027 43 3  50.941500
3028 43 4  50.941500
3029 43 5  15.999400
3030 43 6  15.999400
3031 43 7  15.999400
3032 43 8  15.999400
3033 43 9  15.999400
3034 43 10  15.999400
3035 43 11  15.999400
3036 43 12  15.999400
3037 43 13  15.999400
3038 43 14  15.999400
3039 43 15  15.999400
3040 43 16  15.999400
3041 43 17  15.999400
3042 43 18  15.999400
3043 43 19  15.999400
3044 43 20  15.999400
3045 43 21  15.999400
3046 43 22  15.999400
3047 43 23  15.999400
3048 43 24  15.999400
3049 43 25  12.010700
3050 43 26  12.010700
3051 43 27  12.010700
3052 43 28  12.010700
3053 43 29  12.010700
3054 43 30  12.010700
3055 43 31  12.010700
3056 43 32  12.010700
3057 43 33  12.010700
3058 43 34  12.010700
3059 43 35  12.010700
3060 43 36  12.010700
3061 43 37  12.010700
3062 43 38  12.010700
3063 43 39  12.010700
3064 43 40  12.010700
3065 43 41  12.010700
3066 43 42  12.010700
3067 43 43  12.010700
3068 43 44  12.010700
3069 43 45  12.010700
3070 43 46  12.010700
3071 43 47  12.010700
3072 43 48  12.010700
3073 43 49  12.010700
3074 43 50  12.010700
3075 43 51  12.010700
3076 43 52  12.010700
3077 43 53  12.010700
3078 43 54  12.010700
3079 43 55  12.010700
3080 43 56  12.010700
3081 43 57   1.007940
3082 43 58   1.007940
3083 43 59   1.007940
3084 43 60   1.007940
3085 43 61   1.007940
3086 43 62   1.007940
3087 43 63   1.007940
3088 43 64   1.007940
3089 43 65   1.007940
3090 43 66   1.007940
3091 43 67   1.007940
3092 43 68   1.007940
3093 43 69   1.007940
3094 43 70   1.007940
3095 43 71   1.007940
3096 43 72   1.007940
3097 44 1  50.941500
3098 44 2  50.941500
3099 44 3  50.941500
3100 44 4  50.941500
3101 44 5  15.999400
3102 44 6  15.999400
3103 44 7  15.999400
3104 44 8  15.999400
3105 44 9  15.999400
3106 44 10  15.999400
3107 44 11  15.999400
3108 44 12  15.999400
3109 44 13  15.999400
3110 44 14  15.999400
3111 44 15  15.999400
3112 44 16  15.999400
3113 44 17  15.999400
3114 44 18  15.999400
3115 44 19  15.999400
3116 44 20  15.999400
3117 44 21  15.999400
3118 44 22  15.999400
3119 44 23  15.999400
3120 44 24  15.999400
3121 44 25  12.010700
3122 44 26  12.010700
3123 44 27  12.010700
3124 44 28  12.010700
3125 44 29  12.010700
3126 44 30  12.010700
3127 44 31  12.010700
3128 44 32  12.010700
3129 44 33  12.010700
3130 44 34  12.010700
3131 44 35  12.010700
3132 44 36  12.010700
3133 44 37  12.010700
3134 44 38  12.010700
3135 44 39  12.010700
3136 44 40  12.010700
3137 44 41  12.010700
3138 44 42  12.010700
3139 44 43  12.010700
3140 44 44  12.010700
3141 44 45  12.010700
3142 44 46  12.010700
3143 44 47  12.010700
3144 44 48  12.010700
3145 44 49  12.010700
3146 44 50  12.010700
3147 44 51  12.010700
3148 44 52  12.010700
3149 44 53  12.010700
3150 44 54  12.010700
3151 44 55  12.010700
3152 44 56  12.010700
3153 44 57   1.007940
3154 44 58   1.007940
3155 44 59   1.007940
3156 44 60   1.007940
3157 44 61   1.007940
3158 44 62   1.007940
3159 44 63   1.007940
3160 44 64   1.007940
3161 44 65   1.007940
3162 44 66   1.007940
3163 44 67   1.007940
3164 44 68   1.007940
3165 44 69   1.007940
3166 44 70   1.007940
3167 44 71   1.007940
3168 44 72   1.007940
3169 45 1  50.941500
3170 45 2  50.941500
3171 45 3  50.941500
3172 45 4  50.941500
3173 45 5  15.999400
3174 45 6  15.999400
3175 45 7  15.999400
3176 45 8  15.999400
3177 45 9  15.999400
3178 45 10  15.999400
3179 45 11  15.999400
3180 45 12  15.999400
3181 45 13  15.999400
3182 45 14  15.999400
3183 45 15  15.999400
3184 45 16  15.999400
3185 45 17  15.999400
3186 45 18  15.999400
3187 45 19  15.999400
3188 45 20  15.999400
3189 45 21  15.999400
3190 45 22  15.999400
3191 45 23  15.999400
3192 45 24  15.999400
3193 45 25  12.010700
3194 45 26  12.010700
3195 45 27  12.010700
3196 45 28  12.010700
3197 45 29  12.010700
3198 45 30  12.010700
3199 45 31  12.010700
3200 45 32  12.010700
3201 45 33  12.010700
3202 45 34  12.010700
3203 45 35  12.010700
3204 45 36  12.010700
3205 45 37  12.010700
3206 45 38  12.010700
3207 45 39  12.010700
3208 45 40  12.010700
3209 45 41  12.010700
3210 45 42  12.010700
3211 45 43  12.010700
3212 45 44  12.010700
3213 45 45  12.010700
3214 45 46  12.010700
3215 45 47  12.010700
3216 45 48  12.010700
3217 45 49  12.010700
3218 45 50  12.010700
3219 45 51  12.010700
3220 45 52  12.010700
3221 45 53  12.010700
3222 45 54  12.010700
3223 45 55  12.010700
3224 45 56  12.010700
3225 45 57   1.007940
3226 45 58   1.007940
3227 45 59   1.007940
3228 45 60   1.007940
3229 45 61   1.007940
3230 45 62   1.007940
3231 45 63   1.007940
3232 45 64   1.007940
3233 45 65   1.007940
3234 45 66   1.007940
3235 45 67   1.007940
3236 45 68   1.007940
3237 45 69   1.007940
3238 45 70   1.007940
3239 45 71   1.007940
3240 45 72   1.007940
3241 46 1  50.941500
3242 46 2  50.941500
3243 46 3  50.941500
3244 46 4  50.941500
3245 46 5  15.999400
3246 46 6  15.999400
3247 46 7  15.999400
3248 46 8  15.999400
3249 46 9  15.999400
3250 46 10  15.999400
3251 46 11  15.999400
3252 46 12  15.999400
3253 46 13  15.999400
3254 46 14  15.999400
3255 46 15  15.999400
3256 46 16  15.999400
3257 46 17  15.999400
3258 46 18  15.999400
3259 46 19  15.999400
3260 46 20  15.999400
3261 46 21  15.999400
3262 46 22  15.999400
3263 46 23  15.999400
3264 46 24  15.999400
3265 46 25  12.010700
3266 46 26  12.010700
3267 46 27  12.010700
3268 46 28  12.010700
3269 46 29  12.010700
3270 46 30  12.010700
3271 46 31  12.010700
3272 46 32  12.010700
3273 46 33  12.010700
3274 46 34  12.010700
3275 46 35  12.010700
3276 46 36  12.010700
3277 46 37  12.010700
3278 46 38  12.010700
3279 46 39  12.010700
3280 46 40  12.010700
3281 46 41  12.010700
3282 46 42  12.010700
3283 46 43  12.010700
3284 46 44  12.010700
3285 46 45  12.010700
3286 46 46  12.010700
3287 46 47  12.010700
3288 46 48  12.010700
3289 46 49  12.010700
3290 46 50  12.010700
3291 46 51  12.010700
3292 46 52  12.010700
3293 46 53  12.010700
3294 46 54  12.010700
3295 46 55  12.010700
3296 46 56  12.010700
3297 46 57   1.007940
3298 46 58   1.007940
3299 46 59   1.007940
3300 46 60   1.007940
3301 46 61   1.007940
3302 46 62   1.007940
3303 46 63   1.007940
3304 46 64   1.007940
3305 46 65   1.007940
3306 46 66   1.007940
3307 46 67   1.007940
3308 46 68   1.007940
3309 46 69   1.007940
3310 46 70   1.007940
3311 46 71   1.007940
3312 46 72   1.007940
3313 47 1  50.941500
3314 47 2  50.941500
3315 47 3  50.941500
3316 47 4  50.941500
3317 47 5  15.999400
3318 47 6  15.999400
3319 47 7  15.999400
3320 47 8  15.999400
3321 47 9  15.999400
3322 47 10  15.999400
3323 47 11  15.999400
3324 47 12  15.999400
3325 47 13  15.999400
3326 47 14  15.999400
3327 47 15  15.999400
3328 47 16  15.999400
3329 47 17  15.999400
3330 47 18  15.999400
3331 47 19  15.999400
3332 47 20  15.999400
3333 47 21  15.999400
3334 47 22  15.999400
3335 47 23  15.999400
3336 47 24  15.999400
3337 47 25  12.010700
3338 47 26  12.010700
3339 47 27  12.010700
3340 47 28  12.010700
3341 47 29  12.010700
3342 47 30  12.010700
3343 47 31  12.010700
3344 47 32  12.010700
3345 47 33  12.010700
3346 47 34  12.010700
3347 47 35  12.010700
3348 47 36  12.010700
3349 47 37  12.010700
3350 47 38  12.010700
3351 47 39  12.010700
3352 47 40  12.010700
3353 47 41  12.010700
3354 47 42  12.010700
3355 47 43  12.010700
3356 47 44  12.010700
3357 47 45  12.010700
3358 47 46  12.010700
3359 47 47  12.010700
3360 47 48  12.010700
3361 47 49  12.010700
3362 47 50  12.010700
3363 47 51  12.010700
3364 47 52  12.010700
3365 47 53  12.010700
3366 47 54  12.010700
3367 47 55  12.010700
3368 47 56  12.010700
3369 47 57   1.007940
3370 47 58   1.007940
3371 47 59   1.007940
3372 47 60   1.007940
3373 47 61   1.007940
3374 47 62   1.007940
3375 47 63   1.007940
3376 47 64   1.007940
3377 47 65   1.007940
3378 47 66   1.007940
3379 47 67   1.007940
3380 47 68   1.007940
3381 47 69   1.007940
3382 47 70   1.007940
3383 47 71   1.007940
3384 47 72   1.007940
3385 48 1  50.941500
3386 48 2  50.941500
3387 48 3  50.941500
3388 48 4  50.941500
3389 48 5  15.999400
3390 48 6  15.999400
3391 48 7  15.999400
3392 48 8  15.999400
3393 48 9  15.999400
3394 48 10  15.999400
3395 48 11  15.999400
3396 48 12  15.999400
3397 48 13  15.999400
3398 48 14  15.999400
3399 48 15  15.999400
3400 48 16  15.999400
3401 48 17  15.999400
3402 48 18  15.999400
3403 48 19  15.999400
3404 48 20  15.999400
3405 48 21  15.999400
3406 48 22  15.999400
3407 48 23  15.999400
3408 48 24  15.999400
3409 48 25  12.010700
3410 48 26  12.010700
3411 48 27  12.010700
3412 48 28  12.010700
3413 48 29  12.010700
3414 48 30  12.010700
3415 48 31  12.010700
3416 48 32  12.010700
3417 48 33  12.010700
3418 48 34  12.010700
3419 48 35  12.010700
3420 48 36  12.010700
3421 48 37  12.010700
3422 48 38  12.010700
3423 48 39  12.010700
3424 48 40  12.010700
3425 48 41  12.010700
3426 48 42  12.010700
3427 48 43  12.010700
3428 48 44  12.010700
3429 48 45  12.010700
3430 48 46  12.010700
3431 48 47  12.010700
3432 48 48  12.010700
3433 48 49  12.010700
3434 48 50  12.010700
3435 48 51  12.010700
3436 48 52  12.010700
3437 48 53  12.010700
3438 48 54  12.010700
3439 48 55  12.010700
3440 48 56  12.010700
3441 48 57   1.007940
3442 48 58   1.007940
3443 48 59   1.007940
3444 48 60   1.007940
3445 48 61   1.007940
3446 48 62   1.007940
3447 48 63   1.007940
3448 48 64   1.007940
3449 48 65   1.007940
3450 48 66   1.007940
3451 48 67   1.007940
3452 48 68   1.007940
3453 48 69   1.007940
3454 48 70   1.007940
3455 48 71   1.007940
3456 48 72   1.007940
3457 49 1  50.941500
3458 49 2  50.941500
3459 49 3  50.941500
3460 49 4  50.941500
3461 49 5  15.999400
3462 49 6  15.999400
3463 49 7  15.999400
3464 49 8  15.999400
3465 49 9  15.999400
3466 49 10  15.999400
3467 49 11  15.999400
3468 49 12  15.999400
3469 49 13  15.999400
3470 49 14  15.999400
3471 49 15  15.999400
3472 49 16  15.999400
3473 49 17  15.999400
3474 49 18  15.999400
3475 49 19  15.999400
3476 49 20  15.999400
3477 49 21  15.999400
3478 49 22  15.999400
3479 49 23  15.999400
3480 49 24  15.999400
3481 49 25  12.010700
3482 49 26  12.010700
3483 49 27  12.010700
3484 49 28  12.010700
3485 49 29  12.010700
3486 49 30  12.010700
3487 49 31  12.010700
3488 49 32  12.010700
3489 49 33  12.010700
3490 49 34  12.010700
3491 49 35  12.010700
3492 49 36  12.010700
3493 49 37  12.010700
3494 49 38  12.010700
3495 49 39  12.010700
3496 49 40  12.010700
3497 49 41  12.010700
3498 49 42  12.010700
3499 49 43  12.010700
3500 49 44  12.010700
3501 49 45  12.010700
3502 49 46  12.010700
3503 49 47  12.010700
3504 49 48  12.010700
3505 49 49  12.010700
3506 49 50  12.010700
3507 49 51  12.010700
3508 49 52  12.010700
3509 49 53  12.010700
3510 49 54  12.010700
3511 49 55  12.010700
3512 49 56  12.010700
3513 49 57   1.007940
3514 49 58   1.007940
3515 49 59   1.007940
3516 49 60   1.007940
3517 49 61   1.007940
3518 49 62   1.007940
3519 49 63   1.007940
3520 49 64   1.007940
3521 49 65   1.007940
3522 49 66   1.007940
3523 49 67   1.007940
3524 49 68   1.007940
3525 49 69   1.007940
3526 49 70   1.007940
3527 49 71   1.007940
3528 49 72   1.007940
3529 50 1  50.941500
3530 50 2  50.941500
3531 50 3  50.941500
3532 50 4  50.941500
3533 50 5  15.999400
3534 50 6  15.999400
3535 50 7  15.999400
3536 50 8  15.999400
3537 50 9  15.999400
3538 50 10  15.999400
3539 50 11  15.999400
3540 50 12  15.999400
3541 50 13  15.999400
3542 50 14  15.999400
3543 50 15  15.999400
3544 50 16  15.999400
3545 50 17  15.999400
3546 50 18  15.999400
3547 50 19  15.999400
3548 50 20  15.999400
3549 50 21  15.999400
3550 50 22  15.999400
3551 50 23  15.999400
3552 50 24  15.999400
3553 50 25  12.010700
3554 50 26  12.010700
3555 50 27  12.010700
3556 50 28  12.010700
3557 50 29  12.010700
3558 50 30  12.010700
3559 50 31  12.010700
3560 50 32  12.010700
3561 50 33  12.010700
3562 50 34  12.010700
3563 50 35  12.010700
3564 50 36  12.010700
3565 50 37  12.010700
3566 50 38  12.010700
3567 50 39  12.010700
3568 50 40  12.010700
3569 50 41  12.010700
3570 50 42  12.010700
3571 50 43  12.010700
3572 50 44  12.010700
3573 50 45  12.010700
3574 50 46  12.010700
3575 50 47  12.010700
3576 50 48  12.010700
3577 50 49  12.010700
3578 50 50  12.010700
3579 50 51  12.010700
3580 50 52  12.010700
3581 50 53  12.010700
3582 50 54  12.010700
3583 50 55  12.010700
3584 50 56  12.010700
3585 50 57   1.007940
3586 50 58   1.007940
3587 50 59   1.007940
3588 50 60   1.007940
3589 50 61   1.007940
3590 50 62   1.007940
3591 50 63   1.007940
3592 50 64   1.007940
3593 50 65   1.007940
3594 50 66   1.007940
3595 50 67   1.007940
3596 50 68   1.007940
3597 50 69   1.007940
3598 50 70   1.007940
3599 50 71   1.007940
3600 50 72   1.007940
3601 51 1  50.941500
3602 51 2  50.941500
3603 51 3  50.941500
3604 51 4  50.941500
3605 51 5  15.999400
3606 51 6  15.999400
3607 51 7  15.999400
3608 51 8  15.999400
3609 51 9  15.999400
3610 51 10  15.999400
3611 51 11  15.999400
3612 51 12  15.999400
3613 51 13  15.999400
3614 51 14  15.999400
3615 51 15  15.999400
3616 51 16  15.999400
3617 51 17  15.999400
3618 51 18  15.999400
3619 51 19  15.999400
3620 51 20  15.999400
3621 51 21  15.999400
3622 51 22  15.999400
3623 51 23  15.999400
3624 51 24  15.999400
3625 51 25  12.010700
3626 51 26  12.010700
3627 51 27  12.010700
3628 51 28  12.010700
3629 51 29  12.010700
3630 51 30  12.010700
3631 51 31  12.010700
3632 51 32  12.010700
3633 51 33  12.010700
3634 51 34  12.010700
3635 51 35  12.010700
3636 51 36  12.010700
3637 51 37  12.010700
3638 51 38  12.010700
3639 51 39  12.010700
3640 51 40  12.010700
3641 51 41  12.010700
3642 51 42  12.010700
3643 51 43  12.010700
3644 51 44  12.010700
3645 51 45  12.010700
3646 51 46  12.010700
3647 51 47  12.010700
3648 51 48  12.010700
3649 51 49  12.010700
3650 51 50  12.010700
3651 51 51  12.010700
3652 51 52  12.010700
3653 51 53  12.010700
3654 51 54  12.010700
3655 51 55  12.010700
3656 51 56  12.010700
3657 51 57   1.007940
3658 51 58   1.007940
3659 51 59   1.007940
3660 51 60   1.007940
3661 51 61   1.007940
3662 51 62   1.007940
3663 51 63   1.007940
3664 51 64   1.007940
3665 51 65   1.007940
3666 51 66   1.007940
3667 51 67   1.007940
3668 51 68   1.007940
3669 51 69   1.007940
3670 51 70   1.007940
3671 51 71   1.007940
3672 51 72   1.007940
3673 52 1  50.941500
3674 52 2  50.941500
3675 52 3  50.941500
3676 52 4  50.941500
3677 52 5  15.999400
3678 52 6  15.999400
3679 52 7  15.999400
3680 52 8  15.999400
3681 52 9  15.999400
3682 52 10  15.999400
3683 52 11  15.999400
3684 52 12  15.999400
3685 52 13  15.999400
3686 52 14  15.999400
3687 52 15  15.999400
3688 52 16  15.999400
3689 52 17  15.999400
3690 52 18  15.999400
3691 52 19  15.999400
3692 52 20  15.999400
3693 52 21  15.999400
3694 52 22  15.999400
3695 52 23  15.999400
3696 52 24  15.999400
3697 52 25  12.010700
3698 52 26  12.010700
3699 52 27  12.010700
3700 52 28  12.010700
3701 52 29  12.010700
3702 52 30  12.010700
3703 52 31  12.010700
3704 52 32  12.010700
3705 52 33  12.010700
3706 52 34  12.010700
3707 52 35  12.010700
3708 52 36  12.010700
3709 52 37  12.010700
3710 52 38  12.010700
3711 52 39  12.010700
3712 52 40  12.010700
3713 52 41  12.010700
3714 52 42  12.010700
3715 52 43  12.010700
3716 52 44  12.010700
3717 52 45  12.010700
3718 52 46  12.010700
3719 52 47  12.010700
3720 52 48  12.010700
3721 52 49  12.010700
3722 52 50  12.010700
3723 52 51  12.010700
3724 52 52  12.010700
3725 52 53  12.010700
3726 52 54  12.010700
3727 52 55  12.010700
3728 52 56  12.010700
3729 52 57   1.007940
3730 52 58   1.007940
3731 52 59   1.007940
3732 52 60   1.007940
3733 52 61   1.007940
3734 52 62   1.007940
3735 52 63   1.007940
3736 52 64   1.007940
3737 52 65   1.007940
3738 52 66   1.007940
3739 52 67   1.007940
3740 52 68   1.007940
3741 52 69   1.007940
3742 52 70   1.007940
3743 52 71   1.007940
3744 52 72   1.007940
3745 53 1  50.941500
3746 53 2  50.941500
3747 53 3  50.941500
3748 53 4  50.941500
3749 53 5  15.999400
3750 53 6  15.999400
3751 53 7  15.999400
3752 53 8  15.999400
3753 53 9  15.999400
3754 53 10  15.999400
3755 53 11  15.999400
3756 53 12  15.999400
3757 53 13  15.999400
3758 53 14  15.999400
3759 53 15  15.999400
3760 53 16  15.999400
3761 53 17  15.999400
3762 53 18  15.999400
3763 53 19  15.999400
3764 53 20  15.999400
3765 53 21  15.999400
3766 53 22  15.999400
3767 53 23  15.999400
3768 53 24  15.999400
3769 53 25  12.010700
3770 53 26  12.010700
3771 53 27  12.010700
3772 53 28  12.010700
3773 53 29  12.010700
3774 53 30  12.010700
3775 53 31  12.010700
3776 53 32  12.010700
3777 53 33  12.010700
3778 53 34  12.010700
3779 53 35  12.010700
3780 53 36  12.010700
3781 53 37  12.010700
3782 53 38  12.010700
3783 53 39  12.010700
3784 53 40  12.010700
3785 53 41  12.010700
3786 53 42  12.010700
3787 53 43  12.010700
3788 53 44  12.010700
3789 53 45  12.010700
3790 53 46  12.010700
3791 53 47  12.010700
3792 53 48  12.010700
3793 53 49  12.010700
3794 53 50  12.010700
3795 53 51  12.010700
3796 53 52  12.010700
3797 53 53  12.010700
3798 53 54  12.010700
3799 53 55  12.010700
3800 53 56  12.010700
3801 53 57   1.007940
3802 53 58   1.007940
3803 53 59   1.007940
3804 53 60   1.007940
3805 53 61   1.007940
3806 53 62   1.007940
3807 53 63   1.007940
3808 53 64   1.007940
3809 53 65   1.007940
3810 53 66   1.007940
3811 53 67   1.007940
3812 53 68   1.007940
3813 53 69   1.007940
3814 53 70   1.007940
3815 53 71   1.007940
3816 53 72   1.007940
3817 54 1  50.941500
3818 54 2  50.941500
3819 54 3  50.941500
3820 54 4  50.941500
3821 54 5  15.999400
3822 54 6  15.999400
3823 54 7  15.999400
3824 54 8  15.999400
3825 54 9  15.999400
3826 54 10  15.999400
3827 54 11  15.999400
3828 54 12  15.999400
3829 54 13  15.999400
3830 54 14  15.999400
3831 54 15  15.999400
3832 54 16  15.999400
3833 54 17  15.999400
3834 54 18  15.999400
3835 54 19  15.999400
3836 54 20  15.999400
3837 54 21  15.999400
3838 54 22  15.999400
3839 54 23  15.999400
3840 54 24  15.999400
3841 54 25  12.010700
3842 54 26  12.010700
3843 54 27  12.010700
3844 54 28  12.010700
3845 54 29  12.010700
3846 54 30  12.010700
3847 54 31  12.010700
3848 54 32  12.010700
3849 54 33  12.010700
3850 54 34  12.010700
3851 54 35  12.010700
3852 54 36  12.010700
3853 54 37  12.010700
3854 54 38  12.010700
3855 54 39  12.010700
3856 54 40  12.010700
3857 54 41  12.010700
3858 54 42  12.010700
3859 54 43  12.010700
3860 54 44  12.010700
3861 54 45  12.010700
3862 54 46  12.010700
3863 54 47  12.010700
3864 54 48  12.010700
3865 54 49  12.010700
3866 54 50  12.010700
3867 54 51  12.010700
3868 54 52  12.010700
3869 54 53  12.010700
3870 54 54  12.010700
3871 54 55  12.010700
3872 54 56  12.010700
3873 54 57   1.007940
3874 54 58   1.007940
3875 54 59   1.007940
3876 54 60   1.007940
3877 54 61   1.007940
3878 54 62   1.007940
3879 54 63   1.007940
3880 54 64   1.007940
3881 54 65   1.007940
3882 54 66   1.007940
3883 54 67   1.007940
3884 54 68   1.007940
3885 54 69   1.007940
3886 54 70   1.007940
3887 54 71   1.007940
3888 54 72   1.007940
3889 55 1  50.941500
3890 55 2  50.941500
3891 55 3  50.941500
3892 55 4  50.941500
3893 55 5  15.999400
3894 55 6  15.999400
3895 55 7  15.999400
3896 55 8  15.999400
3897 55 9  15.999400
3898 55 10  15.999400
3899 55 11  15.999400
3900 55 12  15.999400
3901 55 13  15.999400
3902 55 14  15.999400
3903 55 15  15.999400
3904 55 16  15.999400
3905 55 17  15.999400
3906 55 18  15.999400
3907 55 19  15.999400
3908 55 20  15.999400
3909 55 21  15.999400
3910 55 22  15.999400
3911 55 23  15.999400
3912 55 24  15.999400
3913 55 25  12.010700
3914 55 26  12.010700
3915 55 27  12.010700
3916 55 28  12.010700
3917 55 29  12.010700
3918 55 30  12.010700
3919 55 31  12.010700
3920 55 32  12.010700
3921 55 33  12.010700
3922 55 34  12.010700
3923 55 35  12.010700
3924 55 36  12.010700
3925 55 37  12.010700
3926 55 38  12.010700
3927 55 39  12.010700
3928 55 40  12.010700
3929 55 41  12.010700
3930 55 42  12.010700
3931 55 43  12.010700
3932 55 44  12.010700
3933 55 45  12.010700
3934 55 46  12.010700
3935 55 47  12.010700
3936 55 48  12.010700
3937 55 49  12.010700
3938 55 50  12.010700
3939 55 51  12.010700
3940 55 52  12.010700
3941 55 53  12.010700
3942 55 54  12.010700
3943 55 55  12.010700
3944 55 56  12.010700
3945 55 57   1.007940
3946 55 58   1.007940
3947 55 59   1.007940
3948 55 60   1.007940
3949 55 61   1.007940
3950 55 62   1.007940
3951 55 63   1.007940
3952 55 64   1.007940
3953 55 65   1.007940
3954 55 66   1.007940
3955 55 67   1.007940
3956 55 68   1.007940
3957 55 69   1.007940
3958 55 70   1.007940
3959 55 71   1.007940
3960 55 72   1.007940
3961 56 1  50.941500
3962 56 2  50.941500
3963 56 3  50.941500
3964 56 4  50.941500
3965 56 5  15.999400
3966 56 6  15.999400
3967 56 7  15.999400
3968 56 8  15.999400
3969 56 9  15.999400
3970 56 10  15.999400
3971 56 11  15.999400
3972 56 12  15.999400
3973 56 13  15.999400
3974 56 14  15.999400
3975 56 15  15.999400
3976 56 16  15.999400
3977 56 17  15.999400
3978 56 18  15.999400
3979 56 19  15.999400
3980 56 20  15.999400
3981 56 21  15.999400
3982 56 22  15.999400
3983 56 23  15.999400
3984 56 24  15.999400
3985 56 25  12.010700
3986 56 26  12.010700
3987 56 27  12.010700
3988 56 28  12.010700
3989 56 29  12.010700
3990 56 30  12.010700
3991 56 31  12.010700
3992 56 32  12.010700
3993 56 33  12.010700
3994 56 34  12.010700
3995 56 35  12.010700
3996 56 36  12.010700
3997 56 37  12.010700
3998 56 38  12.010700
3999 56 39  12.010700
4000 56 40  12.010700
4001 56 41  12.010700
4002 56 42  12.010700
4003 56 43  12.010700
4004 56 44  12.010700
4005 56 45  12.010700
4006 56 46  12.010700
4007 56 47  12.010700
4008 56 48  12.010700
4009 56 49  12.010700
4010 56 50  12.010700
4011 56 51  12.010700
4012 56 52  12.010700
4013 56 53  12.010700
4014 56 54  12.010700
4015 56 55  12.010700
4016 56 56  12.010700
4017 56 57   1.007940
4018 56 58   1.007940
4019 56 59   1.007940
4020 56 60   1.007940
4021 56 61   1.007940
4022 56 62   1.007940
4023 56 63   1.007940
4024 56 64   1.007940
4025 56 65   1.007940
4026 56 66   1.007940
4027 56 67   1.007940
4028 56 68   1.007940
4029 56 69   1.007940
4030 56 70   1.007940
4031 56 71   1.007940
4032 56 72   1.007940
4033 57 1  50.941500
4034 57 2  50.941500
4035 57 3  50.941500
4036 57 4  50.941500
4037 57 5  15.999400
4038 57 6  15.999400
4039 57 7  15.999400
4040 57 8  15.999400
4041 57 9  15.999400
4042 57 10  15.999400
4043 57 11  15.999400
4044 57 12  15.999400
4045 57 13  15.999400
4046 57 14  15.999400
4047 57 15  15.999400
4048 57 16  15.999400
4049 57 17  15.999400
4050 57 18  15.999400
4051 57 19  15.999400
4052 57 20  15.999400
4053 57 21  15.999400
4054 57 22  15.999400
4055 57 23  15.999400
4056 57 24  15.999400
4057 57 25  12.010700
4058 57 26  12.010700
4059 57 27  12.010700
4060 57 28  12.010700
4061 57 29  12.010700
4062 57 30  12.010700
4063 57 31  12.010700
4064 57 32  12.010700
4065 57 33  12.010700
4066 57 34  12.010700
4067 57 35  12.010700
4068 57 36  12.010700
4069 57 37  12.010700
4070 57 38  12.010700
4071 57 39  12.010700
4072 57 40  12.010700
4073 57 41  12.010700
4074 57 42  12.010700
4075 57 43  12.010700
4076 57 44  12.010700
4077 57 45  12.010700
4078 57 46  12.010700
4079 57 47  12.010700
4080 57 48  12.010700
4081 57 49  12.010700
4082 57 50  12.010700
4083 57 51  12.010700
4084 57 52  12.010700
4085 57 53  12.010700
4086 57 54  12.010700
4087 57 55  12.010700
4088 57 56  12.010700
4089 57 57   1.007940
4090 57 58   1.007940
4091 57 59   1.007940
4092 57 60   1.007940
4093 57 61   1.007940
4094 57 62   1.007940
4095 57 63   1.007940
4096 57 64   1.007940
4097 57 65   1.007940
4098 57 66   1.007940
4099 57 67   1.007940
4100 57 68   1.007940
4101 57 69   1.007940
4102 57 70   1.007940
4103 57 71   1.007940
4104 57 72   1.007940
4105 58 1  50.941500
4106 58 2  50.941500
4107 58 3  50.941500
4108 58 4  50.941500
4109 58 5  15.999400
4110 58 6  15.999400
4111 58 7  15.999400
4112 58 8  15.999400
4113 58 9  15.999400
4114 58 10  15.999400
4115 58 11  15.999400
4116 58 12  15.999400
4117 58 13  15.999400
4118 58 14  15.999400
4119 58 15  15.999400
4120 58 16  15.999400
4121 58 17  15.999400
4122 58 18  15.999400
4123 58 19  15.999400
4124 58 20  15.999400
4125 58 21  15.999400
4126 58 22  15.999400
4127 58 23  15.999400
4128 58 24  15.999400
4129 58 25  12.010700
4130 58 26  12.010700
4131 58 27  12.010700
4132 58 28  12.010700
4133 58 29  12.010700
4134 58 30  12.010700
4135 58 31  12.010700
4136 58 32  12.010700
4137 58 33  12.010700
4138 58 34  12.010700
4139 58 35  12.010700
4140 58 36  12.010700
4141 58 37  12.010700
4142 58 38  12.010700
4143 58 39  12.010700
4144 58 40  12.010700
4145 58 41  12.010700
4146 58 42  12.010700
4147 58 43  12.010700
4148 58 44  12.010700
4149 58 45  12.010700
4150 58 46  12.010700
4151 58 47  12.010700
4152 58 48  12.010700
4153 58 49  12.010700
4154 58 50  12.010700
4155 58 51  12.010700
4156 58 52  12.010700
4157 58 53  12.010700
4158 58 54  12.010700
4159 58 55  12.010700
4160 58 56  12.010700
4161 58 57   1.007940
4162 58 58   1.007940
4163 58 59   1.007940
4164 58 60   1.007940
4165 58 61   1.007940
4166 58 62   1.007940
4167 58 63   1.007940
4168 58 64   1.007940
4169 58 65   1.007940
4170 58 66   1.007940
4171 58 67   1.007940
4172 58 68   1.007940
4173 58 69   1.007940
4174 58 70   1.007940
4175 58 71   1.007940
4176 58 72   1.007940
4177 59 1  50.941500
4178 59 2  50.941500
4179 59 3  50.941500
4180 59 4  50.941500
4181 59 5  15.999400
4182 59 6  15.999400
4183 59 7  15.999400
4184 59 8  15.999400
4185 59 9  15.999400
4186 59 10  15.999400
4187 59 11  15.999400
4188 59 12  15.999400
4189 59 13  15.999400
4190 59 14  15.999400
4191 59 15  15.999400
4192 59 16  15.999400
4193 59 17  15.999400
4194 59 18  15.999400
4195 59 19  15.999400
4196 59 20  15.999400
4197 59 21  15.999400
4198 59 22  15.999400
4199 59 23  15.999400
4200 59 24  15.999400
4201 59 25  12.010700
4202 59 26  12.010700
4203 59 27  12.010700
4204 59 28  12.010700
4205 59 29  12.010700
4206 59 30  12.010700
4207 59 31  12.010700
4208 59 32  12.010700
4209 59 33  12.010700
4210 59 34  12.010700
4211 59 35  12.010700
4212 59 36  12.010700
4213 59 37  12.010700
4214 59 38  12.010700
4215 59 39  12.010700
4216 59 40  12.010700
4217 59 41  12.010700
4218 59 42  12.010700
4219 59 43  12.010700
4220 59 44  12.010700
4221 59 45  12.010700
4222 59 46  12.010700
4223 59 47  12.010700
4224 59 48  12.010700
4225 59 49  12.010700
4226 59 50  12.010700
4227 59 51  12.010700
4228 59 52  12.010700
4229 59 53  12.010700
4230 59 54  12.010700
4231 59 55  12.010700
4232 59 56  12.010700
4233 59 57   1.007940
4234 59 58   1.007940
4235 59 59   1.007940
4236 59 60   1.007940
4237 59 61   1.007940
4238 59 62   1.007940
4239 59 63   1.007940
4240 59 64   1.007940
4241 59 65   1.007940
4242 59 66   1.007940
4243 59 67   1.007940
4244 59 68   1.007940
4245 59 69   1.007940
4246 59 70   1.007940
4247 59 71   1.007940
4248 59 72   1.007940
4249 60 1  50.941500
4250 60 2  50.941500
4251 60 3  50.941500
4252 60 4  50.941500
4253 60 5  15.999400
4254 60 6  15.999400
4255 60 7  15.999400
4256 60 8  15.999400
4257 60 9  15.999400
4258 60 10  15.999400
4259 60 11  15.999400
4260 60 12  15.999400
4261 60 13  15.999400
4262 60 14  15.999400
4263 60 15  15.999400
4264 60 16  15.999400
4265 60 17  15.999400
4266 60 18  15.999400
4267 60 19  15.999400
4268 60 20  15.999400
4269 60 21  15.999400
4270 60 22  15.999400
4271 60 23  15.999400
4272 60 24  15.999400
4273 60 25  12.010700
4274 60 26  12.010700
4275 60 27  12.010700
4276 60 28  12.010700
4277 60 29  12.010700
4278 60 30  12.010700
4279 60 31  12.010700
4280 60 32  12.010700
4281 60 33  12.010700
4282 60 34  12.010700
4283 60 35  12.010700
4284 60 36  12.010700
4285 60 37  12.010700
4286 60 38  12.010700
4287 60 39  12.010700
4288 60 40  12.010700
4289 60 41  12.010700
4290 60 42  12.010700
4291 60 43  12.010700
4292 60 44  12.010700
4293 60 45  12.010700
4294 60 46  12.010700
4295 60 47  12.010700
4296 60 48  12.010700
4297 60 49  12.010700
4298 60 50  12.010700
4299 60 51  12.010700
4300 60 52  12.010700
4301 60 53  12.010700
4302 60 54  12.010700
4303 60 55  12.010700
4304 60 56  12.010700
4305 60 57   1.007940
4306 60 58   1.007940
4307 60 59   1.007940
4308 60 60   1.007940
4309 60 61   1.007940
4310 60 62   1.007940
4311 60 63   1.007940
4312 60 64   1.007940
4313 60 65   1.007940
4314 60 66   1.007940
4315 60 67   1.007940
4316 60 68   1.007940
4317 60 69   1.007940
4318 60 70   1.007940
4319 60 71   1.007940
4320 60 72   1.007940
4321 61 1  50.941500
4322 61 2  50.941500
4323 61 3  50.941500
4324 61 4  50.941500
4325 61 5  15.999400
4326 61 6  15.999400
4327 61 7  15.999400
4328 61 8  15.999400
4329 61 9  15.999400
4330 61 10  15.999400
4331 61 11  15.999400
4332 61 12  15.999400
4333 61 13  15.999400
4334 61 14  15.999400
4335 61 15  15.999400
4336 61 16  15.999400
4337 61 17  15.999400
4338 61 18  15.999400
4339 61 19  15.999400
4340 61 20  15.999400
4341 61 21  15.999400
4342 61 22  15.999400
4343 61 23  15.999400
4344 61 24  15.999400
4345 61 25  12.010700
4346 61 26  12.010700
4347 61 27  12.010700
4348 61 28  12.010700
4349 61 29  12.010700
4350 61 30  12.010700
4351 61 31  12.010700
4352 61 32  12.010700
4353 61 33  12.010700
4354 61 34  12.010700
4355 61 35  12.010700
4356 61 36  12.010700
4357 61 37  12.010700
4358 61 38  12.010700
4359 61 39  12.010700
4360 61 40  12.010700
4361 61 41  12.010700
4362 61 42  12.010700
4363 61 43  12.010700
4364 61 44  12.010700
4365 61 45  12.010700
4366 61 46  12.010700
4367 61 47  12.010700
4368 61 48  12.010700
4369 61 49  12.010700
4370 61 50  12.010700
4371 61 51  12.010700
4372 61 52  12.010700
4373 61 53  12.010700
4374 61 54  12.010700
4375 61 55  12.010700
4376 61 56  12.010700
4377 61 57   1.007940
4378 61 58   1.007940
4379 61 59   1.007940
4380 61 60   1.007940
4381 61 61   1.007940
4382 61 62   1.007940
4383 61 63   1.007940
4384 61 64   1.007940
4385 61 65   1.007940
4386 61 66   1.007940
4387 61 67   1.007940
4388 61 68   1.007940
4389 61 69   1.007940
4390 61 70   1.007940
4391 61 71   1.007940
4392 61 72   1.007940
4393 62 1  50.941500
4394 62 2  50.941500
4395 62 3  50.941500
4396 62 4  50.941500
4397 62 5  15.999400
4398 62 6  15.999400
4399 62 7  15.999400
4400 62 8  15.999400
4401 62 9  15.999400
4402 62 10  15.999400
4403 62 11  15.999400
4404 62 12  15.999400
4405 62 13  15.999400
4406 62 14  15.999400
4407 62 15  15.999400
4408 62 16  15.999400
4409 62 17  15.999400
4410 62 18  15.999400
4411 62 19  15.999400
4412 62 20  15.999400
4413 62 21  15.999400
4414 62 22  15.999400
4415 62 23  15.999400
4416 62 24  15.999400
4417 62 25  12.010700
4418 62 26  12.010700
4419 62 27  12.010700
4420 62 28  12.010700
4421 62 29  12.010700
4422 62 30  12.010700
4423 62 31  12.010700
4424 62 32  12.010700
4425 62 33  12.010700
4426 62 34  12.010700
4427 62 35  12.010700
4428 62 36  12.010700
4429 62 37  12.010700
4430 62 38  12.010700
4431 62 39  12.010700
4432 62 40  12.010700
4433 62 41  12.010700
4434 62 42  12.010700
4435 62 43  12.010700
4436 62 44  12.010700
4437 62 45  12.010700
4438 62 46  12.010700
4439 62 47  12.010700
4440 62 48  12.010700
4441 62 49  12.010700
4442 62 50  12.010700
4443 62 51  12.010700
4444 62 52  12.010700
4445 62 53  12.010700
4446 62 54  12.010700
4447 62 55  12.010700
4448 62 56  12.010700
4449 62 57   1.007940
4450 62 58   1.007940
4451 62 59   1.007940
4452 62 60   1.007940
4453 62 61   1.007940
4454 62 62   1.007940
4455 62 63   1.007940
4456 62 64   1.007940
4457 62 65   1.007940
4458 62 66   1.007940
4459 62 67   1.007940
4460 62 68   1.007940
4461 62 69   1.007940
4462 62 70   1.007940
4463 62 71   1.007940
4464 62 72   1.007940
4465 63 1  50.941500
4466 63 2  50.941500
4467 63 3  50.941500
4468 63 4  50.941500
4469 63 5  15.999400
4470 63 6  15.999400
4471 63 7  15.999400
4472 63 8  15.999400
4473 63 9  15.999400
4474 63 10  15.999400
4475 63 11  15.999400
4476 63 12  15.999400
4477 63 13  15.999400
4478 63 14  15.999400
4479 63 15  15.999400
4480 63 16  15.999400
4481 63 17  15.999400
4482 63 18  15.999400
4483 63 19  15.999400
4484 63 20  15.999400
4485 63 21  15.999400
4486 63 22  15.999400
4487 63 23  15.999400
4488 63 24  15.999400
4489 63 25  12.010700
4490 63 26  12.010700
4491 63 27  12.010700
4492 63 28  12.010700
4493 63 29  12.010700
4494 63 30  12.010700
4495 63 31  12.010700
4496 63 32  12.010700
4497 63 33  12.010700
4498 63 34  12.010700
4499 63 35  12.010700
4500 63 36  12.010700
4501 63 37  12.010700
4502 63 38  12.010700
4503 63 39  12.010700
4504 63 40  12.010700
4505 63 41  12.010700
4506 63 42  12.010700
4507 63 43  12.010700
4508 63 44  12.010700
4509 63 45  12.010700
4510 63 46  12.010700
4511 63 47  12.010700
4512 63 48  12.010700
4513 63 49  12.010700
4514 63 50  12.010700
4515 63 51  12.010700
4516 63 52  12.010700
4517 63 53  12.010700
4518 63 54  12.010700
4519 63 55  12.010700
4520 63 56  12.010700
4521 63 57   1.007940
4522 63 58   1.007940
4523 63 59   1.007940
4524 63 60   1.007940
4525 63 61   1.007940
4526 63 62   1.007940
4527 63 63   1.007940
4528 63 64   1.007940
4529 63 65   1.007940
4530 63 66   1.007940
4531 63 67   1.007940
4532 63 68   1.007940
4533 63 69   1.007940
4534 63 70   1.007940
4535 63 71   1.007940
4536 63 72   1.007940
4537 64 1  50.941500
4538 64 2  50.941500
4539 64 3  50.941500
4540 64 4  50.941500
4541 64 5  15.999400
4542 64 6  15.999400
4543 64 7  15.999400
4544 64 8  15.999400
4545 64 9  15.999400
4546 64 10  15.999400
4547 64 11  15.999400
4548 64 12  15.999400
4549 64 13  15.999400
4550 64 14  15.999400
4551 64 15  15.999400
4552 64 16  15.999400
4553 64 17  15.999400
4554 64 18  15.999400
4555 64 19  15.999400
4556 64 20  15.999400
4557 64 21  15.999400
4558 64 22  15.999400
4559 64 23  15.999400
4560 64 24  15.999400
4561 64 25  12.010700
4562 64 26  12.010700
4563 64 27  12.010700
4564 64 28  12.010700
4565 64 29  12.010700
4566 64 30  12.010700
4567 64 31  12.010700
4568 64 32  12.010700
4569 64 33  12.010700
4570 64 34  12.010700
4571 64 35  12.010700
4572 64 36  12.010700
4573 64 37  12.010700
4574 64 38  12.010700
4575 64 39  12.010700
4576 64 40  12.010700
4577 64 41  12.010700
4578 64 42  12.010700
4579 64 43  12.010700
4580 64 44  12.010700
4581 64 45  12.010700
4582 64 46  12.010700
4583 64 47  12.010700
4584 64 48  12.010700
4585 64 49  12.010700
4586 64 50  12.010700
4587 64 51  12.010700
4588 64 52  12.010700
4589 64 53  12.010700
4590 64 54  12.010700
4591 64 55  12.010700
4592 64 56  12.010700
4593 64 57   1.007940
4594 64 58   1.007940
4595 64 59   1.007940
4596 64 60   1.007940
4597 64 61   1.007940
4598 64 62   1.007940
4599 64 63   1.007940
4600 64 64   1.007940
4601 64 65   1.007940
4602 64 66   1.007940
4603 64 67   1.007940
4604 64 68   1.007940
4605 64 69   1.007940
4606 64 70   1.007940
4607 64 71   1.007940
4608 64 72   1.007940
4609 65 1  50.941500
4610 65 2  50.941500
4611 65 3  50.941500
4612 65 4  50.941500
4613 65 5  15.999400
4614 65 6  15.999400
4615 65 7  15.999400
4616 65 8  15.999400
4617 65 9  15.999400
4618 65 10  15.999400
4619 65 11  15.999400
4620 65 12  15.999400
4621 65 13  15.999400
4622 65 14  15.999400
4623 65 15  15.999400
4624 65 16  15.999400
4625 65 17  15.999400
4626 65 18  15.999400
4627 65 19  15.999400
4628 65 20  15.999400
4629 65 21  15.999400
4630 65 22  15.999400
4631 65 23  15.999400
4632 65 24  15.999400
4633 65 25  12.010700
4634 65 26  12.010700
4635 65 27  12.010700
4636 65 28  12.010700
4637 65 29  12.010700
4638 65 30  12.010700
4639 65 31  12.010700
4640 65 32  12.010700
4641 65 33  12.010700
4642 65 34  12.010700
4643 65 35  12.010700
4644 65 36  12.010700
4645 65 37  12.010700
4646 65 38  12.010700
4647 65 39  12.010700
4648 65 40  12.010700
4649 65 41  12.010700
4650 65 42  12.010700
4651 65 43  12.010700
4652 65 44  12.010700
4653 65 45  12.010700
4654 65 46  12.010700
4655 65 47  12.010700
4656 65 48  12.010700
4657 65 49  12.010700
4658 65 50  12.010700
4659 65 51  12.010700
4660 65 52  12.010700
4661 65 53  12.010700
4662 65 54  12.010700
4663 65 55  12.010700
4664 65 56  12.010700
4665 65 57   1.007940
4666 65 58   1.007940
4667 65 59   1.007940
4668 65 60   1.007940
4669 65 61   1.007940
4670 65 62   1.007940
4671 65 63   1.007940
4672 65 64   1.007940
4673 65 65   1.007940
4674 65 66   1.007940
4675 65 67   1.007940
4676 65 68   1.007940
4677 65 69   1.007940
4678 65 70   1.007940
4679 65 71   1.007940
4680 65 72   1.007940
4681 66 1  50.941500
4682 66 2  50.941500
4683 66 3  50.941500
4684 66 4  50.941500
4685 66 5  15.999400
4686 66 6  15.999400
4687 66 7  15.999400
4688 66 8  15.999400
4689 66 9  15.999400
4690 66 10  15.999400
4691 66 11  15.999400
4692 66 12  15.999400
4693 66 13  15.999400
4694 66 14  15.999400
4695 66 15  15.999400
4696 66 16  15.999400
4697 66 17  15.999400
4698 66 18  15.999400
4699 66 19  15.999400
4700 66 20  15.999400
4701 66 21  15.999400
4702 66 22  15.999400
4703 66 23  15.999400
4704 66 24  15.999400
4705 66 25  12.010700
4706 66 26  12.010700
4707 66 27  12.010700
4708 66 28  12.010700
4709 66 29  12.010700
4710 66 30  12.010700
4711 66 31  12.010700
4712 66 32  12.010700
4713 66 33  12.010700
4714 66 34  12.010700
4715 66 35  12.010700
4716 66 36  12.010700
4717 66 37  12.010700
4718 66 38  12.010700
4719 66 39  12.010700
4720 66 40  12.010700
4721 66 41  12.010700
4722 66 42  12.010700
4723 66 43  12.010700
4724 66 44  12.010700
4725 66 45  12.010700
4726 66 46  12.010700
4727 66 47  12.010700
4728 66 48  12.010700
4729 66 49  12.010700
4730 66 50  12.010700
4731 66 51  12.010700
4732 66 52  12.010700
4733 66 53  12.010700
4734 66 54  12.010700
4735 66 55  12.010700
4736 66 56  12.010700
4737 66 57   1.007940
4738 66 58   1.007940
4739 66 59   1.007940
4740 66 60   1.007940
4741 66 61   1.007940
4742 66 62   1.007940
4743 66 63   1.007940
4744 66 64   1.007940
4745 66 65   1.007940
4746 66 66   1.007940
4747 66 67   1.007940
4748 66 68   1.007940
4749 66 69   1.007940
4750 66 70   1.007940
4751 66 71   1.007940
4752 66 72   1.007940
4753 67 1  50.941500
4754 67 2  50.941500
4755 67 3  50.941500
4756 67 4  50.941500
4757 67 5  15.999400
4758 67 6  15.999400
4759 67 7  15.999400
4760 67 8  15.999400
4761 67 9  15.999400
4762 67 10  15.999400
4763 67 11  15.999400
4764 67 12  15.999400
4765 67 13  15.999400
4766 67 14  15.999400
4767 67 15  15.999400
4768 67 16  15.999400
4769 67 17  15.999400
4770 67 18  15.999400
4771 67 19  15.999400
4772 67 20  15.999400
4773 67 21  15.999400
4774 67 22  15.999400
4775 67 23  15.999400
4776 67 24  15.999400
4777 67 25  12.010700
4778 67 26  12.010700
4779 67 27  12.010700
4780 67 28  12.010700
4781 67 29  12.010700
4782 67 30  12.010700
4783 67 31  12.010700
4784 67 32  12.010700
4785 67 33  12.010700
4786 67 34  12.010700
4787 67 35  12.010700
4788 67 36  12.010700
4789 67 37  12.010700
4790 67 38  12.010700
4791 67 39  12.010700
4792 67 40  12.010700
4793 67 41  12.010700
4794 67 42  12.010700
4795 67 43  12.010700
4796 67 44  12.010700
4797 67 45  12.010700
4798 67 46  12.010700
4799 67 47  12.010700
4800 67 48  12.010700
4801 67 49  12.010700
4802 67 50  12.010700
4803 67 51  12.010700
4804 67 52  12.010700
4805 67 53  12.010700
4806 67 54  12.010700
4807 67 55  12.010700
4808 67 56  12.010700
4809 67 57   1.007940
4810 67 58   1.007940
4811 67 59   1.007940
4812 67 60   1.007940
4813 67 61   1.007940
4814 67 62   1.007940
4815 67 63   1.007940
4816 67 64   1.007940
4817 67 65   1.007940
4818 67 66   1.007940
4819 67 67   1.007940
4820 67 68   1.007940
4821 67 69   1.007940
4822 67 70   1.007940
4823 67 71   1.007940
4824 67 72   1.007940
4825 68 1  50.941500
4826 68 2  50.941500
4827 68 3  50.941500
4828 68 4  50.941500
4829 68 5  15.999400
4830 68 6  15.999400
4831 68 7  15.999400
4832 68 8  15.999400
4833 68 9  15.999400
4834 68 10  15.999400
4835 68 11  15.999400
4836 68 12  15.999400
4837 68 13  15.999400
4838 68 14  15.999400
4839 68 15  15.999400
4840 68 16  15.999400
4841 68 17  15.999400
4842 68 18  15.999400
4843 68 19  15.999400
4844 68 20  15.999400
4845 68 21  15.999400
4846 68 22  15.999400
4847 68 23  15.999400
4848 68 24  15.999400
4849 68 25  12.010700
4850 68 26  12.010700
4851 68 27  12.010700
4852 68 28  12.010700
4853 68 29  12.010700
4854 68 30  12.010700
4855 68 31  12.010700
4856 68 32  12.010700
4857 68 33  12.010700
4858 68 34  12.010700
4859 68 35  12.010700
4860 68 36  12.010700
4861 68 37  12.010700
4862 68 38  12.010700
4863 68 39  12.010700
4864 68 40  12.010700
4865 68 41  12.010700
4866 68 42  12.010700
4867 68 43  12.010700
4868 68 44  12.010700
4869 68 45  12.010700
4870 68 46  12.010700
4871 68 47  12.010700
4872 68 48  12.010700
4873 68 49  12.010700
4874 68 50  12.010700
4875 68 51  12.010700
4876 68 52  12.010700
4877 68 53  12.010700
4878 68 54  12.010700
4879 68 55  12.010700
4880 68 56  12.010700
4881 68 57   1.007940
4882 68 58   1.007940
4883 68 59   1.007940
4884 68 60   1.007940
4885 68 61   1.007940
4886 68 62   1.007940
4887 68 63   1.007940
4888 68 64   1.007940
4889 68 65   1.007940
4890 68 66   1.007940
4891 68 67   1.007940
4892 68 68   1.007940
4893 68 69   1.007940
4894 68 70   1.007940
4895 68 71   1.007940
4896 68 72   1.007940
4897 69 1  50.941500
4898 69 2  50.941500
4899 69 3  50.941500
4900 69 4  50.941500
4901 69 5  15.999400
4902 69 6  15.999400
4903 69 7  15.999400
4904 69 8  15.999400
4905 69 9  15.999400
4906 69 10  15.999400
4907 69 11  15.999400
4908 69 12  15.999400
4909 69 13  15.999400
4910 69 14  15.999400
4911 69 15  15.999400
4912 69 16  15.999400
4913 69 17  15.999400
4914 69 18  15.999400
4915 69 19  15.999400
4916 69 20  15.999400
4917 69 21  15.999400
4918 69 22  15.999400
4919 69 23  15.999400
4920 69 24  15.999400
4921 69 25  12.010700
4922 69 26  12.010700
4923 69 27  12.010700
4924 69 28  12.010700
4925 69 29  12.010700
4926 69 30  12.010700
4927 69 31  12.010700
4928 69 32  12.010700
4929 69 33  12.010700
4930 69 34  12.010700
4931 69 35  12.010700
4932 69 36  12.010700
4933 69 37  12.010700
4934 69 38  12.010700
4935 69 39  12.010700
4936 69 40  12.010700
4937 69 41  12.010700
4938 69 42  12.010700
4939 69 43  12.010700
4940 69 44  12.010700
4941 69 45  12.010700
4942 69 46  12.010700
4943 69 47  12.010700
4944 69 48  12.010700
4945 69 49  12.010700
4946 69 50  12.010700
4947 69 51  12.010700
4948 69 52  12.010700
4949 69 53  12.010700
4950 69 54  12.010700
4951 69 55  12.010700
4952 69 56  12.010700
4953 69 57   1.007940
4954 69 58   1.007940
4955 69 59   1.007940
4956 69 60   1.007940
4957 69 61   1.007940
4958 69 62   1.007940
4959 69 63   1.007940
4960 69 64   1.007940
4961 69 65   1.007940
4962 69 66   1.007940
4963 69 67   1.007940
4964 69 68   1.007940
4965 69 69   1.007940
4966 69 70   1.007940
4967 69 71   1.007940
4968 69 72   1.007940
4969 70 1  50.941500
4970 70 2  50.941500
4971 70 3  50.941500
4972 70 4  50.941500
4973 70 5  15.999400
4974 70 6  15.999400
4975 70 7  15.999400
4976 70 8  15.999400
4977 70 9  15.999400
4978 70 10  15.999400
4979 70 11  15.999400
4980 70 12  15.999400
4981 70 13  15.999400
4982 70 14  15.999400
4983 70 15  15.999400
4984 70 16  15.999400
4985 70 17  15.999400
4986 70 18  15.999400
4987 70 19  15.999400
4988 70 20  15.999400
4989 70 21  15.999400
4990 70 22  15.999400
4991 70 23  15.999400
4992 70 24  15.999400
4993 70 25  12.010700
4994 70 26  12.010700
4995 70 27  12.010700
4996 70 28  12.010700
4997 70 29  12.010700
4998 70 30  12.010700
4999 70 31  12.010700
5000 70 32  12.010700
5001 70 33  12.010700
5002 70 34  12.010700
5003 70 35  12.010700
5004 70 36  12.010700
5005 70 37  12.010700
5006 70 38  12.010700
5007 70 39  12.010700
5008 70 40  12.010700
5009 70 41  12.010700
5010 70 42  12.010700
5011 70 43  12.010700
5012 70 44  12.010700
5013 70 45  12.010700
5014 70 46  12.010700
5015 70 47  12.010700
5016 70 48  12.010700
5017 70 49  12.010700
5018 70 50  12.010700
5019 70 51  12.010700
5020 70 52  12.010700
5021 70 53  12.010700
5022 70 54  12.010700
5023 70 55  12.010700
5024 70 56  12.010700
5025 70 57   1.007940
5026 70 58   1.007940
5027 70 59   1.007940
5028 70 60   1.007940
5029 70 61   1.007940
5030 70 62   1.007940
5031 70 63   1.007940
5032 70 64   1.007940
5033 70 65   1.007940
5034 70 66   1.007940
5035 70 67   1.007940
5036 70 68   1.007940
5037 70 69   1.007940
5038 70 70   1.007940
5039 70 71   1.007940
5040 70 72   1.007940
5041 71 1  50.941500
5042 71 2  50.941500
5043 71 3  50.941500
5044 71 4  50.941500
5045 71 5  15.999400
5046 71 6  15.999400
5047 71 7  15.999400
5048 71 8  15.999400
5049 71 9  15.999400
5050 71 10  15.999400
5051 71 11  15.999400
5052 71 12  15.999400
5053 71 13  15.999400
5054 71 14  15.999400
5055 71 15  15.999400
5056 71 16  15.999400
5057 71 17  15.999400
5058 71 18  15.999400
5059 71 19  15.999400
5060 71 20  15.999400
5061 71 21  15.999400
5062 71 22  15.999400
5063 71 23  15.999400
5064 71 24  15.999400
5065 71 25  12.010700
5066 71 26  12.010700
5067 71 27  12.010700
5068 71 28  12.010700
5069 71 29  12.010700
5070 71 30  12.010700
5071 71 31  12.010700
5072 71 32  12.010700
5073 71 33  12.010700
5074 71 34  12.010700
5075 71 35  12.010700
5076 71 36  12.010700
5077 71 37  12.010700
5078 71 38  12.010700
5079 71 39  12.010700
5080 71 40  12.010700
5081 71 41  12.010700
5082 71 42  12.010700
5083 71 43  12.010700
5084 71 44  12.010700
5085 71 45  12.010700
5086 71 46  12.010700
5087 71 47  12.010700
5088 71 48  12.010700
5089 71 49  12.010700
5090 71 50  12.010700
5091 71 51  12.010700
5092 71 52  12.010700
5093 71 53  12.010700
5094 71 54  12.010700
5095 71 55  12.010700
5096 71 56  12.010700
5097 71 57   1.007940
5098 71 58   1.007940
5099 71 59   1.007940
5100 71 60   1.007940
5101 71 61   1.007940
5102 71 62   1.007940
5103 71 63   1.007940
5104 71 64   1.007940
5105 71 65   1.007940
5106 71 66   1.007940
5107 71 67   1.007940
5108 71 68   1.007940
5109 71 69   1.007940
5110 71 70   1.007940
5111 71 71   1.007940
5112 71 72   1.007940
5113 72 1  50.941500
5114 72 2  50.941500
5115 72 3  50.941500
5116 72 4  50.941500
5117 72 5  15.999400
5118 72 6  15.999400
5119 72 7  15.999400
5120 72 8  15.999400
5121 72 9  15.999400
5122 72 10  15.999400
5123 72 11  15.999400
5124 72 12  15.999400
5125 72 13  15.999400
5126 72 14  15.999400
5127 72 15  15.999400
5128 72 16  15.999400
5129 72 17  15.999400
5130 72 18  15.999400
5131 72 19  15.999400
5132 72 20  15.999400
5133 72 21  15.999400
5134 72 22  15.999400
5135 72 23  15.999400
5136 72 24  15.999400
5137 72 25  12.010700
5138 72 26  12.010700
5139 72 27  12.010700
5140 72 28  12.010700
5141 72 29  12.010700
5142 72 30  12.010700
5143 72 31  12.010700
5144 72 32  12.010700
5145 72 33  12.010700
5146 72 34  12.010700
5147 72 35  12.010700
5148 72 36  12.010700
5149 72 37  12.010700
5150 72 38  12.010700
5151 72 39  12.010700
5152 72 40  12.010700
5153 72 41  12.010700
5154 72 42  12.010700
5155 72 43  12.010700
5156 72 44  12.010700
5157 72 45  12.010700
5158 72 46  12.010700
5159 72 47  12.010700
5160 72 48  12.010700
5161 72 49  12.010700
5162 72 50  12.010700
5163 72 51  12.010700
5164 72 52  12.010700
5165 72 53  12.010700
5166 72 54  12.010700
5167 72 55  12.010700
5168 72 56  12.010700
5169 72 57   1.007940
5170 72 58   1.007940
5171 72 59   1.007940
5172 72 60   1.007940
5173 72 61   1.007940
5174 72 62   1.007940
5175 72 63   1.007940
5176 72 64   1.007940
5177 72 65   1.007940
5178 72 66   1.007940
5179 72 67   1.007940
5180 72 68   1.007940
5181 72 69   1.007940
5182 72 70   1.007940
5183 72 71   1.007940
5184 72 72   1.007940
5185 73 1  50.941500
5186 73 2  50.941500
5187 73 3  50.941500
5188 73 4  50.941500
5189 73 5  15.999400
5190 73 6  15.999400
5191 73 7  15.999400
5192 73 8  15.999400
5193 73 9  15.999400
5194 73 10  15.999400
5195 73 11  15.999400
5196 73 12  15.999400
5197 73 13  15.999400
5198 73 14  15.999400
5199 73 15  15.999400
5200 73 16  15.999400
5201 73 17  15.999400
5202 73 18  15.999400
5203 73 19  15.999400
5204 73 20  15.999400
5205 73 21  15.999400
5206 73 22  15.999400
5207 73 23  15.999400
5208 73 24  15.999400
5209 73 25  12.010700
5210 73 26  12.010700
5211 73 27  12.010700
5212 73 28  12.010700
5213 73 29  12.010700
5214 73 30  12.010700
5215 73 31  12.010700
5216 73 32  12.010700
5217 73 33  12.010700
5218 73 34  12.010700
5219 73 35  12.010700
5220 73 36  12.010700
5221 73 37  12.010700
5222 73 38  12.010700
5223 73 39  12.010700
5224 73 40  12.010700
5225 73 41  12.010700
5226 73 42  12.010700
5227 73 43  12.010700
5228 73 44  12.010700
5229 73 45  12.010700
5230 73 46  12.010700
5231 73 47  12.010700
5232 73 48  12.010700
5233 73 49  12.010700
5234 73 50  12.010700
5235 73 51  12.010700
5236 73 52  12.010700
5237 73 53  12.010700
5238 73 54  12.010700
5239 73 55  12.010700
5240 73 56  12.010700
5241 73 57   1.007940
5242 73 58   1.007940
5243 73 59   1.007940
5244 73 60   1.007940
5245 73 61   1.007940
5246 73 62   1.007940
5247 73 63   1.007940
5248 73 64   1.007940
5249 73 65   1.007940
5250 73 66   1.007940
5251 73 67   1.007940
5252 73 68   1.007940
5253 73 69   1.007940
5254 73 70   1.007940
5255 73 71   1.007940
5256 73 72   1.007940
5257 74 1  50.941500
5258 74 2  50.941500
5259 74 3  50.941500
5260 74 4  50.941500
5261 74 5  15.999400
5262 74 6  15.999400
5263 74 7  15.999400
5264 74 8  15.999400
5265 74 9  15.999400
5266 74 10  15.999400
5267 74 11  15.999400
5268 74 12  15.999400
5269 74 13  15.999400
5270 74 14  15.999400
5271 74 15  15.999400
5272 74 16  15.999400
5273 74 17  15.999400
5274 74 18  15.999400
5275 74 19  15.999400
5276 74 20  15.999400
5277 74 21  15.999400
5278 74 22  15.999400
5279 74 23  15.999400
5280 74 24  15.999400
5281 74 25  12.010700
5282 74 26  12.010700
5283 74 27  12.010700
5284 74 28  12.010700
5285 74 29  12.010700
5286 74 30  12.010700
5287 74 31  12.010700
5288 74 32  12.010700
5289 74 33  12.010700
5290 74 34  12.010700
5291 74 35  12.010700
5292 74 36  12.010700
5293 74 37  12.010700
5294 74 38  12.010700
5295 74 39  12.010700
5296 74 40  12.010700
5297 74 41  12.010700
5298 74 42  12.010700
5299 74 43  12.010700
5300 74 44  12.010700
5301 74 45  12.010700
5302 74 46  12.010700
5303 74 47  12.010700
5304 74 48  12.010700
5305 74 49  12.010700
5306 74 50  12.010700
5307 74 51  12.010700
5308 74 52  12.010700
5309 74 53  12.010700
5310 74 54  12.010700
5311 74 55  12.010700
5312 74 56  12.010700
5313 74 57   1.007940
5314 74 58   1.007940
5315 74 59   1.007940
5316 74 60   1.007940
5317 74 61   1.007940
5318 74 62   1.007940
5319 74 63   1.007940
5320 74 64   1.007940
5321 74 65   1.007940
5322 74 66   1.007940
5323 74 67   1.007940
5324 74 68   1.007940
5325 74 69   1.007940
5326 74 70   1.007940
5327 74 71   1.007940
5328 74 72   1.007940
5329 75 1  50.941500
5330 75 2  50.941500
5331 75 3  50.941500
5332 75 4  50.941500
5333 75 5  15.999400
5334 75 6  15.999400
5335 75 7  15.999400
5336 75 8  15.999400
5337 75 9  15.999400
5338 75 10  15.999400
5339 75 11  15.999400
5340 75 12  15.999400
5341 75 13  15.999400
5342 75 14  15.999400
5343 75 15  15.999400
5344 75 16  15.999400
5345 75 17  15.999400
5346 75 18  15.999400
5347 75 19  15.999400
5348 75 20  15.999400
5349 75 21  15.999400
5350 75 22  15.999400
5351 75 23  15.999400
5352 75 24  15.999400
5353 75 25  12.010700
5354 75 26  12.010700
5355 75 27  12.010700
5356 75 28  12.010700
5357 75 29  12.010700
5358 75 30  12.010700
5359 75 31  12.010700
5360 75 32  12.010700
5361 75 33  12.010700
5362 75 34  12.010700
5363 75 35  12.010700
5364 75 36  12.010700
5365 75 37  12.010700
5366 75 38  12.010700
5367 75 39  12.010700
5368 75 40  12.010700
5369 75 41  12.010700
5370 75 42  12.010700
5371 75 43  12.010700
5372 75 44  12.010700
5373 75 45  12.010700
5374 75 46  12.010700
5375 75 47  12.010700
5376 75 48  12.010700
5377 75 49  12.010700
5378 75 50  12.010700
5379 75 51  12.010700
5380 75 52  12.010700
5381 75 53  12.010700
5382 75 54  12.010700
5383 75 55  12.010700
5384 75 56  12.010700
5385 75 57   1.007940
5386 75 58   1.007940
5387 75 59   1.007940
5388 75 60   1.007940
5389 75 61   1.007940
5390 75 62   1.007940
5391 75 63   1.007940
5392 75 64   1.007940
5393 75 65   1.007940
5394 75 66   1.007940
5395 75 67   1.007940
5396 75 68   1.007940
5397 75 69   1.007940
5398 75 70   1.007940
5399 75 71   1.007940
5400 75 72   1.007940
5401 76 1  50.941500
5402 76 2  50.941500
5403 76 3  50.941500
5404 76 4  50.941500
5405 76 5  15.999400
5406 76 6  15.999400
5407 76 7  15.999400
5408 76 8  15.999400
5409 76 9  15.999400
5410 76 10  15.999400
5411 76 11  15.999400
5412 76 12  15.999400
5413 76 13  15.999400
5414 76 14  15.999400
5415 76 15  15.999400
5416 76 16  15.999400
5417 76 17  15.999400
5418 76 18  15.999400
5419 76 19  15.999400
5420 76 20  15.999400
5421 76 21  15.999400
5422 76 22  15.999400
5423 76 23  15.999400
5424 76 24  15.999400
5425 76 25  12.010700
5426 76 26  12.010700
5427 76 27  12.010700
5428 76 28  12.010700
5429 76 29  12.010700
5430 76 30  12.010700
5431 76 31  12.010700
5432 76 32  12.010700
5433 76 33  12.010700
5434 76 34  12.010700
5435 76 35  12.010700
5436 76 36  12.010700
5437 76 37  12.010700
5438 76 38  12.010700
5439 76 39  12.010700
5440 76 40  12.010700
5441 76 41  12.010700
5442 76 42  12.010700
5443 76 43  12.010700
5444 76 44  12.010700
5445 76 45  12.010700
5446 76 46  12.010700
5447 76 47  12.010700
5448 76 48  12.010700
5449 76 49  12.010700
5450 76 50  12.010700
5451 76 51  12.010700
5452 76 52  12.010700
5453 76 53  12.010700
5454 76 54  12.010700
5455 76 55  12.010700
5456 76 56  12.010700
5457 76 57   1.007940
5458 76 58   1.007940
5459 76 59   1.007940
5460 76 60   1.007940
5461 76 61   1.007940
5462 76 62   1.007940
5463 76 63   1.007940
5464 76 64   1.007940
5465 76 65   1.007940
5466 76 66   1.007940
5467 76 67   1.007940
5468 76 68   1.007940
5469 76 69   1.007940
5470 76 70   1.007940
5471 76 71   1.007940
5472 76 72   1.007940
5473 77 1  50.941500
5474 77 2  50.941500
5475 77 3  50.941500
5476 77 4  50.941500
5477 77 5  15.999400
5478 77 6  15.999400
5479 77 7  15.999400
5480 77 8  15.999400
5481 77 9  15.999400
5482 77 10  15.999400
5483 77 11  15.999400
5484 77 12  15.999400
5485 77 13  15.999400
5486 77 14  15.999400
5487 77 15  15.999400
5488 77 16  15.999400
5489 77 17  15.999400
5490 77 18  15.999400
5491 77 19  15.999400
5492 77 20  15.999400
5493 77 21  15.999400
5494 77 22  15.999400
5495 77 23  15.999400
5496 77 24  15.999400
5497 77 25  12.010700
5498 77 26  12.010700
5499 77 27  12.010700
5500 77 28  12.010700
5501 77 29  12.010700
5502 77 30  12.010700
5503 77 31  12.010700
5504 77 32  12.010700
5505 77 33  12.010700
5506 77 34  12.010700
5507 77 35  12.010700
5508 77 36  12.010700
5509 77 37  12.010700
5510 77 38  12.010700
5511 77 39  12.010700
5512 77 40  12.010700
5513 77 41  12.010700
5514 77 42  12.010700
5515 77 43  12.010700
5516 77 44  12.010700
5517 77 45  12.010700
5518 77 46  12.010700
5519 77 47  12.010700
5520 77 48  12.010700
5521 77 49  12.010700
5522 77 50  12.010700
5523 77 51  12.010700
5524 77 52  12.010700
5525 77 53  12.010700
5526 77 54  12.010700
5527 77 55  12.010700
5528 77 56  12.010700
5529 77 57   1.007940
5530 77 58   1.007940
5531 77 59   1.007940
5532 77 60   1.007940
5533 77 61   1.007940
5534 77 62   1.007940
5535 77 63   1.007940
5536 77 64   1.007940
5537 77 65   1.007940
5538 77 66   1.007940
5539 77 67   1.007940
5540 77 68   1.007940
5541 77 69   1.007940
5542 77 70   1.007940
5543 77 71   1.007940
5544 77 72   1.007940
5545 78 1  50.941500
5546 78 2  50.941500
5547 78 3  50.941500
5548 78 4  50.941500
5549 78 5  15.999400
5550 78 6  15.999400
5551 78 7  15.999400
5552 78 8  15.999400
5553 78 9  15.999400
5554 78 10  15.999400
5555 78 11  15.999400
5556 78 12  15.999400
5557 78 13  15.999400
5558 78 14  15.999400
5559 78 15  15.999400
5560 78 16  15.999400
5561 78 17  15.999400
5562 78 18  15.999400
5563 78 19  15.999400
5564 78 20  15.999400
5565 78 21  15.999400
5566 78 22  15.999400
5567 78 23  15.999400
5568 78 24  15.999400
5569 78 25  12.010700
5570 78 26  12.010700
5571 78 27  12.010700
5572 78 28  12.010700
5573 78 29  12.010700
5574 78 30  12.010700
5575 78 31  12.010700
5576 78 32  12.010700
5577 78 33  12.010700
5578 78 34  12.010700
5579 78 35  12.010700
5580 78 36  12.010700
5581 78 37  12.010700
5582 78 38  12.010700
5583 78 39  12.010700
5584 78 40  12.010700
5585 78 41  12.010700
5586 78 42  12.010700
5587 78 43  12.010700
5588 78 44  12.010700
5589 78 45  12.010700
5590 78 46  12.010700
5591 78 47  12.010700
5592 78 48  12.010700
5593 78 49  12.010700
5594 78 50  12.010700
5595 78 51  12.010700
5596 78 52  12.010700
5597 78 53  12.010700
5598 78 54  12.010700
5599 78 55  12.010700
5600 78 56  12.010700
5601 78 57   1.007940
5602 78 58   1.007940
5603 78 59   1.007940
5604 78 60   1.007940
5605 78 61   1.007940
5606 78 62   1.007940
5607 78 63   1.007940
5608 78 64   1.007940
5609 78 65   1.007940
5610 78 66   1.007940
5611 78 67   1.007940
5612 78 68   1.007940
5613 78 69   1.007940
5614 78 70   1.007940
5615 78 71   1.007940
5616 78 72   1.007940
5617 79 1  50.941500
5618 79 2  50.941500
5619 79 3  50.941500
5620 79 4  50.941500
5621 79 5  15.999400
5622 79 6  15.999400
5623 79 7  15.999400
5624 79 8  15.999400
5625 79 9  15.999400
5626 79 10  15.999400
5627 79 11  15.999400
5628 79 12  15.999400
5629 79 13  15.999400
5630 79 14  15.999400
5631 79 15  15.999400
5632 79 16  15.999400
5633 79 17  15.999400
5634 79 18  15.999400
5635 79 19  15.999400
5636 79 20  15.999400
5637 79 21  15.999400
5638 79 22  15.999400
5639 79 23  15.999400
5640 79 24  15.999400
5641 79 25  12.010700
5642 79 26  12.010700
5643 79 27  12.010700
5644 79 28  12.010700
5645 79 29  12.010700
5646 79 30  12.010700
5647 79 31  12.010700
5648 79 32  12.010700
5649 79 33  12.010700
5650 79 34  12.010700
5651 79 35  12.010700
5652 79 36  12.010700
5653 79 37  12.010700
5654 79 38  12.010700
5655 79 39  12.010700
5656 79 40  12.010700
5657 79 41  12.010700
5658 79 42  12.010700
5659 79 43  12.010700
5660 79 44  12.010700
5661 79 45  12.010700
5662 79 46  12.010700
5663 79 47  12.010700
5664 79 48  12.010700
5665 79 49  12.010700
5666 79 50  12.010700
5667 79 51  12.010700
5668 79 52  12.010700
5669 79 53  12.010700
5670 79 54  12.010700
5671 79 55  12.010700
5672 79 56  12.010700
5673 79 57   1.007940
5674 79 58   1.007940
5675 79 59   1.007940
5676 79 60   1.007940
5677 79 61   1.007940
5678 79 62   1.007940
5679 79 63   1.007940
5680 79 64   1.007940
5681 79 65   1.007940
5682 79 66   1.007940
5683 79 67   1.007940
5684 79 68   1.007940
5685 79 69   1.007940
5686 79 70   1.007940
5687 79 71   1.007940
5688 79 72   1.007940
5689 80 1  50.941500
5690 80 2  50.941500
5691 80 3  50.941500
5692 80 4  50.941500
5693 80 5  15.999400
5694 80 6  15.999400
5695 80 7  15.999400
5696 80 8  15.999400
5697 80 9  15.999400
5698 80 10  15.999400
5699 80 11  15.999400
5700 80 12  15.999400
5701 80 13  15.999400
5702 80 14  15.999400
5703 80 15  15.999400
5704 80 16  15.999400
5705 80 17  15.999400
5706 80 18  15.999400
5707 80 19  15.999400
5708 80 20  15.999400
5709 80 21  15.999400
5710 80 22  15.999400
5711 80 23  15.999400
5712 80 24  15.999400
5713 80 25  12.010700
5714 80 26  12.010700
5715 80 27  12.010700
5716 80 28  12.010700
5717 80 29  12.010700
5718 80 30  12.010700
5719 80 31  12.010700
5720 80 32  12.010700
5721 80 33  12.010700
5722 80 34  12.010700
5723 80 35  12.010700
5724 80 36  12.010700
5725 80 37  12.010700
5726 80 38  12.010700
5727 80 39  12.010700
5728 80 40  12.010700
5729 80 41  12.010700
5730 80 42  12.010700
5731 80 43  12.010700
5732 80 44  12.010700
5733 80 45  12.010700
5734 80 46  12.010700
5735 80 47  12.010700
5736 80 48  12.010700
5737 80 49  12.010700
5738 80 50  12.010700
5739 80 51  12.010700
5740 80 52  12.010700
5741 80 53  12.010700
5742 80 54  12.010700
5743 80 55  12.010700
5744 80 56  12.010700
5745 80 57   1.007940
5746 80 58   1.007940
5747 80 59   1.007940
5748 80 60   1.007940
5749 80 61   1.007940
5750 80 62   1.007940
5751 80 63   1.007940
5752 80 64   1.007940
5753 80 65   1.007940
5754 80 66   1.007940
5755 80 67   1.007940
5756 80 68   1.007940
5757 80 69   1.007940
5758 80 70   1.007940
5759 80 71   1.007940
5760 80 72   1.007940
5761 81 1  50.941500
5762 81 2  50.941500
5763 81 3  50.941500
5764 81 4  50.941500
5765 81 5  15.999400
5766 81 6  15.999400
5767 81 7  15.999400
5768 81 8  15.999400
5769 81 9  15.999400
5770 81 10  15.999400
5771 81 11  15.999400
5772 81 12  15.999400
5773 81 13  15.999400
5774 81 14  15.999400
5775 81 15  15.999400
5776 81 16  15.999400
5777 81 17  15.999400
5778 81 18  15.999400
5779 81 19  15.999400
5780 81 20  15.999400
5781 81 21  15.999400
5782 81 22  15.999400
5783 81 23  15.999400
5784 81 24  15.999400
5785 81 25  12.010700
5786 81 26  12.010700
5787 81 27  12.010700
5788 81 28  12.010700
5789 81 29  12.010700
5790 81 30  12.010700
5791 81 31  12.010700
5792 81 32  12.010700
5793 81 33  12.010700
5794 81 34  12.010700
5795 81 35  12.010700
5796 81 36  12.010700
5797 81 37  12.010700
5798 81 38  12.010700
5799 81 39  12.010700
5800 81 40  12.010700
5801 81 41  12.010700
5802 81 42  12.010700
5803 81 43  12.010700
5804 81 44  12.010700
5805 81 45  12.010700
5806 81 46  12.010700
5807 81 47  12.010700
5808 81 48  12.010700
5809 81 49  12.010700
5810 81 50  12.010700
5811 81 51  12.010700
5812 81 52  12.010700
5813 81 53  12.010700
5814 81 54  12.010700
5815 81 55  12.010700
5816 81 56  12.010700
5817 81 57   1.007940
5818 81 58   1.007940
5819 81 59   1.007940
5820 81 60   1.007940
5821 81 61   1.007940
5822 81 62   1.007940
5823 81 63   1.007940
5824 81 64   1.007940
5825 81 65   1.007940
5826 81 66   1.007940
5827 81 67   1.007940
5828 81 68   1.007940
5829 81 69   1.007940
5830 81 70   1.007940
5831 81 71   1.007940
5832 81 72   1.007940
5833 82 1  50.941500
5834 82 2  50.941500
5835 82 3  50.941500
5836 82 4  50.941500
5837 82 5  15.999400
5838 82 6  15.999400
5839 82 7  15.999400
5840 82 8  15.999400
5841 82 9  15.999400
5842 82 10  15.999400
5843 82 11  15.999400
5844 82 12  15.999400
5845 82 13  15.999400
5846 82 14  15.999400
5847 82 15  15.999400
5848 82 16  15.999400
5849 82 17  15.999400
5850 82 18  15.999400
5851 82 19  15.999400
5852 82 20  15.999400
5853 82 21  15.999400
5854 82 22  15.999400
5855 82 23  15.999400
5856 82 24  15.999400
5857 82 25  12.010700
5858 82 26  12.010700
5859 82 27  12.010700
5860 82 28  12.010700
5861 82 29  12.010700
5862 82 30  12.010700
5863 82 31  12.010700
5864 82 32  12.010700
5865 82 33  12.010700
5866 82 34  12.010700
5867 82 35  12.010700
5868 82 36  12.010700
5869 82 37  12.010700
5870 82 38  12.010700
5871 82 39  12.010700
5872 82 40  12.010700
5873 82 41  12.010700
5874 82 42  12.010700
5875 82 43  12.010700
5876 82 44  12.010700
5877 82 45  12.010700
5878 82 46  12.010700
5879 82 47  12.010700
5880 82 48  12.010700
5881 82 49  12.010700
5882 82 50  12.010700
5883 82 51  12.010700
5884 82 52  12.010700
5885 82 53  12.010700
5886 82 54  12.010700
5887 82 55  12.010700
5888 82 56  12.010700
5889 82 57   1.007940
5890 82 58   1.007940
5891 82 59   1.007940
5892 82 60   1.007940
5893 82 61   1.007940
5894 82 62   1.007940
5895 82 63   1.007940
5896 82 64   1.007940
5897 82 65   1.007940
5898 82 66   1.007940
5899 82 67   1.007940
5900 82 68   1.007940
5901 82 69   1.007940
5902 82 70   1.007940
5903 82 71   1.007940
5904 82 72   1.007940
5905 83 1  50.941500
5906 83 2  50.941500
5907 83 3  50.941500
5908 83 4  50.941500
5909 83 5  15.999400
5910 83 6  15.999400
5911 83 7  15.999400
5912 83 8  15.999400
5913 83 9  15.999400
5914 83 10  15.999400
5915 83 11  15.999400
5916 83 12  15.999400
5917 83 13  15.999400
5918 83 14  15.999400
5919 83 15  15.999400
5920 83 16  15.999400
5921 83 17  15.999400
5922 83 18  15.999400
5923 83 19  15.999400
5924 83 20  15.999400
5925 83 21  15.999400
5926 83 22  15.999400
5927 83 23  15.999400
5928 83 24  15.999400
5929 83 25  12.010700
5930 83 26  12.010700
5931 83 27  12.010700
5932 83 28  12.010700
5933 83 29  12.010700
5934 83 30  12.010700
5935 83 31  12.010700
5936 83 32  12.010700
5937 83 33  12.010700
5938 83 34  12.010700
5939 83 35  12.010700
5940 83 36  12.010700
5941 83 37  12.010700
5942 83 38  12.010700
5943 83 39  12.010700
5944 83 40  12.010700
5945 83 41  12.010700
5946 83 42  12.010700
5947 83 43  12.010700
5948 83 44  12.010700
5949 83 45  12.010700
5950 83 46  12.010700
5951 83 47  12.010700
5952 83 48  12.010700
5953 83 49  12.010700
5954 83 50  12.010700
5955 83 51  12.010700
5956 83 52  12.010700
5957 83 53  12.010700
5958 83 54  12.010700
5959 83 55  12.010700
5960 83 56  12.010700
5961 83 57   1.007940
5962 83 58   1.007940
5963 83 59   1.007940
5964 83 60   1.007940
5965 83 61   1.007940
5966 83 62   1.007940
5967 83 63   1.007940
5968 83 64   1.007940
5969 83 65   1.007940
5970 83 66   1.007940
5971 83 67   1.007940
5972 83 68   1.007940
5973 83 69   1.007940
5974 83 70   1.007940
5975 83 71   1.007940
5976 83 72   1.007940
5977 84 1  50.941500
5978 84 2  50.941500
5979 84 3  50.941500
5980 84 4  50.941500
5981 84 5  15.999400
5982 84 6  15.999400
5983 84 7  15.999400
5984 84 8  15.999400
5985 84 9  15.999400
5986 84 10  15.999400
5987 84 11  15.999400
5988 84 12  15.999400
5989 84 13  15.999400
5990 84 14  15.999400
5991 84 15  15.999400
5992 84 16  15.999400
5993 84 17  15.999400
5994 84 18  15.999400
5995 84 19  15.999400
5996 84 20  15.999400
5997 84 21  15.999400
5998 84 22  15.999400
5999 84 23  15.999400
6000 84 24  15.999400
6001 84 25  12.010700
6002 84 26  12.010700
6003 84 27  12.010700
6004 84 28  12.010700
6005 84 29  12.010700
6006 84 30  12.010700
6007 84 31  12.010700
6008 84 32  12.010700
6009 84 33  12.010700
6010 84 34  12.010700
6011 84 35  12.010700
6012 84 36  12.010700
6013 84 37  12.010700
6014 84 38  12.010700
6015 84 39  12.010700
6016 84 40  12.010700
6017 84 41  12.010700
6018 84 42  12.010700
6019 84 43  12.010700
6020 84 44  12.010700
6021 84 45  12.010700
6022 84 46  12.010700
6023 84 47  12.010700
6024 84 48  12.010700
6025 84 49  12.010700
6026 84 50  12.010700
6027 84 51  12.010700
6028 84 52  12.010700
6029 84 53  12.010700
6030 84 54  12.010700
6031 84 55  12.010700
6032 84 56  12.010700
6033 84 57   1.007940
6034 84 58   1.007940
6035 84 59   1.007940
6036 84 60   1.007940
6037 84 61   1.007940
6038 84 62   1.007940
6039 84 63   1.007940
6040 84 64   1.007940
6041 84 65   1.007940
6042 84 66   1.007940
6043 84 67   1.007940
6044 84 68   1.007940
6045 84 69   1.007940
6046 84 70   1.007940
6047 84 71   1.007940
6048 84 72   1.007940
6049 85 1  50.941500
6050 85 2  50.941500
6051 85 3  50.941500
6052 85 4  50.941500
6053 85 5  15.999400
6054 85 6  15.999400
6055 85 7  15.999400
6056 85 8  15.999400
6057 85 9  15.999400
6058 85 10  15.999400
6059 85 11  15.999400
6060 85 12  15.999400
6061 85 13  15.999400
6062 85 14  15.999400
6063 85 15  15.999400
6064 85 16  15.999400
6065 85 17  15.999400
6066 85 18  15.999400
6067 85 19  15.999400
6068 85 20  15.999400
6069 85 21  15.999400
6070 85 22  15.999400
6071 85 23  15.999400
6072 85 24  15.999400
6073 85 25  12.010700
6074 85 26  12.010700
6075 85 27  12.010700
6076 85 28  12.010700
6077 85 29  12.010700
6078 85 30  12.010700
6079 85 31  12.010700
6080 85 32  12.010700
6081 85 33  12.010700
6082 85 34  12.010700
6083 85 35  12.010700
6084 85 36  12.010700
6085 85 37  12.010700
6086 85 38  12.010700
6087 85 39  12.010700
6088 85 40  12.010700
6089 85 41  12.010700
6090 85 42  12.010700
6091 85 43  12.010700
6092 85 44  12.010700
6093 85 45  12.010700
6094 85 46  12.010700
6095 85 47  12.010700
6096 85 48  12.010700
6097 85 49  12.010700
6098 85 50  12.010700
6099 85 51  12.010700
6100 85 52  12.010700
6101 85 53  12.010700
6102 85 54  12.010700
6103 85 55  12.010700
6104 85 56  12.010700
6105 85 57   1.007940
6106 85 58   1.007940
6107 85 59   1.007940
6108 85 60   1.007940
6109 85 61   1.007940
6110 85 62   1.007940
6111 85 63   1.007940
6112 85 64   1.007940
6113 85 65   1.007940
6114 85 66   1.007940
6115 85 67   1.007940
6116 85 68   1.007940
6117 85 69   1.007940
6118 85 70   1.007940
6119 85 71   1.007940
6120 85 72   1.007940
6121 86 1  50.941500
6122 86 2  50.941500
6123 86 3  50.941500
6124 86 4  50.941500
6125 86 5  15.999400
6126 86 6  15.999400
6127 86 7  15.999400
6128 86 8  15.999400
6129 86 9  15.999400
6130 86 10  15.999400
6131 86 11  15.999400
6132 86 12  15.999400
6133 86 13  15.999400
6134 86 14  15.999400
6135 86 15  15.999400
6136 86 16  15.999400
6137 86 17  15.999400
6138 86 18  15.999400
6139 86 19  15.999400
6140 86 20  15.999400
6141 86 21  15.999400
6142 86 22  15.999400
6143 86 23  15.999400
6144 86 24  15.999400
6145 86 25  12.010700
6146 86 26  12.010700
6147 86 27  12.010700
6148 86 28  12.010700
6149 86 29  12.010700
6150 86 30  12.010700
6151 86 31  12.010700
6152 86 32  12.010700
6153 86 33  12.010700
6154 86 34  12.010700
6155 86 35  12.010700
6156 86 36  12.010700
6157 86 37  12.010700
6158 86 38  12.010700
6159 86 39  12.010700
6160 86 40  12.010700
6161 86 41  12.010700
6162 86 42  12.010700
6163 86 43  12.010700
6164 86 44  12.010700
6165 86 45  12.010700
6166 86 46  12.010700
6167 86 47  12.010700
6168 86 48  12.010700
6169 86 49  12.010700
6170 86 50  12.010700
6171 86 51  12.010700
6172 86 52  12.010700
6173 86 53  12.010700
6174 86 54  12.010700
6175 86 55  12.010700
6176 86 56  12.010700
6177 86 57   1.007940
6178 86 58   1.007940
6179 86 59   1.007940
6180 86 60   1.007940
6181 86 61   1.007940
6182 86 62   1.007940
6183 86 63   1.007940
6184 86 64   1.007940
6185 86 65   1.007940
6186 86 66   1.007940
6187 86 67   1.007940
6188 86 68   1.007940
6189 86 69   1.007940
6190 86 70   1.007940
6191 86 71   1.007940
6192 86 72   1.007940
6193 87 1  50.941500
6194 87 2  50.941500
6195 87 3  50.941500
6196 87 4  50.941500
6197 87 5  15.999400
6198 87 6  15.999400
6199 87 7  15.999400
6200 87 8  15.999400
6201 87 9  15.999400
6202 87 10  15.999400
6203 87 11  15.999400
6204 87 12  15.999400
6205 87 13  15.999400
6206 87 14  15.999400
6207 87 15  15.999400
6208 87 16  15.999400
6209 87 17  15.999400
6210 87 18  15.999400
6211 87 19  15.999400
6212 87 20  15.999400
6213 87 21  15.999400
6214 87 22  15.999400
6215 87 23  15.999400
6216 87 24  15.999400
6217 87 25  12.010700
6218 87 26  12.010700
6219 87 27  12.010700
6220 87 28  12.010700
6221 87 29  12.010700
6222 87 30  12.010700
6223 87 31  12.010700
6224 87 32  12.010700
6225 87 33  12.010700
6226 87 34  12.010700
6227 87 35  12.010700
6228 87 36  12.010700
6229 87 37  12.010700
6230 87 38  12.010700
6231 87 39  12.010700
6232 87 40  12.010700
6233 87 41  12.010700
6234 87 42  12.010700
6235 87 43  12.010700
6236 87 44  12.010700
6237 87 45  12.010700
6238 87 46  12.010700
6239 87 47  12.010700
6240 87 48  12.010700
6241 87 49  12.010700
6242 87 50  12.010700
6243 87 51  12.010700
6244 87 52  12.010700
6245 87 53  12.010700
6246 87 54  12.010700
6247 87 55  12.010700
6248 87 56  12.010700
6249 87 57   1.007940
6250 87 58   1.007940
6251 87 59   1.007940
6252 87 60   1.007940
6253 87 61   1.007940
6254 87 62   1.007940
6255 87 63   1.007940
6256 87 64   1.007940
6257 87 65   1.007940
6258 87 66   1.007940
6259 87 67   1.007940
6260 87 68   1.007940
6261 87 69   1.007940
6262 87 70   1.007940
6263 87 71   1.007940
6264 87 72   1.007940
6265 88 1  50.941500
6266 88 2  50.941500
6267 88 3  50.941500
6268 88 4  50.941500
6269 88 5  15.999400
6270 88 6  15.999400
6271 88 7  15.999400
6272 88 8  15.999400
6273 88 9  15.999400
6274 88 10  15.999400
6275 88 11  15.999400
6276 88 12  15.999400
6277 88 13  15.999400
6278 88 14  15.999400
6279 88 15  15.999400
6280 88 16  15.999400
6281 88 17  15.999400
6282 88 18  15.999400
6283 88 19  15.999400
6284 88 20  15.999400
6285 88 21  15.999400
6286 88 22  15.999400
6287 88 23  15.999400
6288 88 24  15.999400
6289 88 25  12.010700
6290 88 26  12.010700
6291 88 27  12.010700
6292 88 28  12.010700
6293 88 29  12.010700
6294 88 30  12.010700
6295 88 31  12.010700
6296 88 32  12.010700
6297 88 33  12.010700
6298 88 34  12.010700
6299 88 35  12.010700
6300 88 36  12.010700
6301 88 37  12.010700
6302 88 38  12.010700
6303 88 39  12.010700
6304 88 40  12.010700
6305 88 41  12.010700
6306 88 42  12.010700
6307 88 43  12.010700
6308 88 44  12.010700
6309 88 45  12.010700
6310 88 46  12.010700
6311 88 47  12.010700
6312 88 48  12.010700
6313 88 49  12.010700
6314 88 50  12.010700
6315 88 51  12.010700
6316 88 52  12.010700
6317 88 53  12.010700
6318 88 54  12.010700
6319 88 55  12.010700
6320 88 56  12.010700
6321 88 57   1.007940
6322 88 58   1.007940
6323 88 59   1.007940
6324 88 60   1.007940
6325 88 61   1.007940
6326 88 62   1.007940
6327 88 63   1.007940
6328 88 64   1.007940
6329 88 65   1.007940
6330 88 66   1.007940
6331 88 67   1.007940
6332 88 68   1.007940
6333 88 69   1.007940
6334 88 70   1.007940
6335 88 71   1.007940
6336 88 72   1.007940
6337 89 1  50.941500
6338 89 2  50.941500
6339 89 3  50.941500
6340 89 4  50.941500
6341 89 5  15.999400
6342 89 6  15.999400
6343 89 7  15.999400
6344 89 8  15.999400
6345 89 9  15.999400
6346 89 10  15.999400
6347 89 11  15.999400
6348 89 12  15.999400
6349 89 13  15.999400
6350 89 14  15.999400
6351 89 15  15.999400
6352 89 16  15.999400
6353 89 17  15.999400
6354 89 18  15.999400
6355 89 19  15.999400
6356 89 20  15.999400
6357 89 21  15.999400
6358 89 22  15.999400
6359 89 23  15.999400
6360 89 24  15.999400
6361 89 25  12.010700
6362 89 26  12.010700
6363 89 27  12.010700
6364 89 28  12.010700
6365 89 29  12.010700
6366 89 30  12.010700
6367 89 31  12.010700
6368 89 32  12.010700
6369 89 33  12.010700
6370 89 34  12.010700
6371 89 35  12.010700
6372 89 36  12.010700
6373 89 37  12.010700
6374 89 38  12.010700
6375 89 39  12.010700
6376 89 40  12.010700
6377 89 41  12.010700
6378 89 42  12.010700
6379 89 43  12.010700
6380 89 44  12.010700
6381 89 45  12.010700
6382 89 46  12.010700
6383 89 47  12.010700
6384 89 48  12.010700
6385 89 49  12.010700
6386 89 50  12.010700
6387 89 51  12.010700
6388 89 52  12.010700
6389 89 53  12.010700
6390 89 54  12.010700
6391 89 55  12.010700
6392 89 56  12.010700
6393 89 57   1.007940
6394 89 58   1.007940
6395 89 59   1.007940
6396 89 60   1.007940
6397 89 61   1.007940
6398 89 62   1.007940
6399 89 63   1.007940
6400 89 64   1.007940
6401 89 65   1.007940
6402 89 66   1.007940
6403 89 67   1.007940
6404 89 68   1.007940
6405 89 69   1.007940
6406 89 70   1.007940
6407 89 71   1.007940
6408 89 72   1.007940
6409 90 1  50.941500
6410 90 2  50.941500
6411 90 3  50.941500
6412 90 4  50.941500
6413 90 5  15.999400
6414 90 6  15.999400
6415 90 7  15.999400
6416 90 8  15.999400
6417 90 9  15.999400
6418 90 10  15.999400
6419 90 11  15.999400
6420 90 12  15.999400
6421 90 13  15.999400
6422 90 14  15.999400
6423 90 15  15.999400
6424 90 16  15.999400
6425 90 17  15.999400
6426 90 18  15.999400
6427 90 19  15.999400
6428 90 20  15.999400
6429 90 21  15.999400
6430 90 22  15.999400
6431 90 23  15.999400
6432 90 24  15.999400
6433 90 25  12.010700
6434 90 26  12.010700
6435 90 27  12.010700
6436 90 28  12.010700
6437 90 29  12.010700
6438 90 30  12.010700
6439 90 31  12.010700
6440 90 32  12.010700
6441 90 33  12.010700
6442 90 34  12.010700
6443 90 35  12.010700
6444 90 36  12.010700
6445 90 37  12.010700
6446 90 38  12.010700
6447 90 39  12.010700
6448 90 40  12.010700
6449 90 41  12.010700
6450 90 42  12.010700
6451 90 43  12.010700
6452 90 44  12.010700
6453 90 45  12.010700
6454 90 46  12.010700
6455 90 47  12.010700
6456 90 48  12.010700
6457 90 49  12.010700
6458 90 50  12.010700
6459 90 51  12.010700
6460 90 52  12.010700
6461 90 53  12.010700
6462 90 54  12.010700
6463 90 55  12.010700
6464 90 56  12.010700
6465 90 57   1.007940
6466 90 58   1.007940
6467 90 59   1.007940
6468 90 60   1.007940
6469 90 61   1.007940
6470 90 62   1.007940
6471 90 63   1.007940
6472 90 64   1.007940
6473 90 65   1.007940
6474 90 66   1.007940
6475 90 67   1.007940
6476 90 68   1.007940
6477 90 69   1.007940
6478 90 70   1.007940
6479 90 71   1.007940
6480 90 72   1.007940
6481 91 1  50.941500
6482 91 2  50.941500
6483 91 3  50.941500
6484 91 4  50.941500
6485 91 5  15.999400
6486 91 6  15.999400
6487 91 7  15.999400
6488 91 8  15.999400
6489 91 9  15.999400
6490 91 10  15.999400
6491 91 11  15.999400
6492 91 12  15.999400
6493 91 13  15.999400
6494 91 14  15.999400
6495 91 15  15.999400
6496 91 16  15.999400
6497 91 17  15.999400
6498 91 18  15.999400
6499 91 19  15.999400
6500 91 20  15.999400
6501 91 21  15.999400
6502 91 22  15.999400
6503 91 23  15.999400
6504 91 24  15.999400
6505 91 25  12.010700
6506 91 26  12.010700
6507 91 27  12.010700
6508 91 28  12.010700
6509 91 29  12.010700
6510 91 30  12.010700
6511 91 31  12.010700
6512 91 32  12.010700
6513 91 33  12.010700
6514 91 34  12.010700
6515 91 35  12.010700
6516 91 36  12.010700
6517 91 37  12.010700
6518 91 38  12.010700
6519 91 39  12.010700
6520 91 40  12.010700
6521 91 41  12.010700
6522 91 42  12.010700
6523 91 43  12.010700
6524 91 44  12.010700
6525 91 45  12.010700
6526 91 46  12.010700
6527 91 47  12.010700
6528 91 48  12.010700
6529 91 49  12.010700
6530 91 50  12.010700
6531 91 51  12.010700
6532 91 52  12.010700
6533 91 53  12.010700
6534 91 54  12.010700
6535 91 55  12.010700
6536 91 56  12.010700
6537 91 57   1.007940
6538 91 58   1.007940
6539 91 59   1.007940
6540 91 60   1.007940
6541 91 61   1.007940
6542 91 62   1.007940
6543 91 63   1.007940
6544 91 64   1.007940
6545 91 65   1.007940
6546 91 66   1.007940
6547 91 67   1.007940
6548 91 68   1.007940
6549 91 69   1.007940
6550 91 70   1.007940
6551 91 71   1.007940
6552 91 72   1.007940
6553 92 1  50.941500
6554 92 2  50.941500
6555 92 3  50.941500
6556 92 4  50.941500
6557 92 5  15.999400
6558 92 6  15.999400
6559 92 7  15.999400
6560 92 8  15.999400
6561 92 9  15.999400
6562 92 10  15.999400
6563 92 11  15.999400
6564 92 12  15.999400
6565 92 13  15.999400
6566 92 14  15.999400
6567 92 15  15.999400
6568 92 16  15.999400
6569 92 17  15.999400
6570 92 18  15.999400
6571 92 19  15.999400
6572 92 20  15.999400
6573 92 21  15.999400
6574 92 22  15.999400
6575 92 23  15.999400
6576 92 24  15.999400
6577 92 25  12.010700
6578 92 26  12.010700
6579 92 27  12.010700
6580 92 28  12.010700
6581 92 29  12.010700
6582 92 30  12.010700
6583 92 31  12.010700
6584 92 32  12.010700
6585 92 33  12.010700
6586 92 34  12.010700
6587 92 35  12.010700
6588 92 36  12.010700
6589 92 37  12.010700
6590 92 38  12.010700
6591 92 39  12.010700
6592 92 40  12.010700
6593 92 41  12.010700
6594 92 42  12.010700
6595 92 43  12.010700
6596 92 44  12.010700
6597 92 45  12.010700
6598 92 46  12.010700
6599 92 47  12.010700
6600 92 48  12.010700
6601 92 49  12.010700
6602 92 50  12.010700
6603 92 51  12.010700
6604 92 52  12.010700
6605 92 53  12.010700
6606 92 54  12.010700
6607 92 55  12.010700
6608 92 56  12.010700
6609 92 57   1.007940
6610 92 58   1.007940
6611 92 59   1.007940
6612 92 60   1.007940
6613 92 61   1.007940
6614 92 62   1.007940
6615 92 63   1.007940
6616 92 64   1.007940
6617 92 65   1.007940
6618 92 66   1.007940
6619 92 67   1.007940
6620 92 68   1.007940
6621 92 69   1.007940
6622 92 70   1.007940
6623 92 71   1.007940
6624 92 72   1.007940
6625 93 1  50.941500
6626 93 2  50.941500
6627 93 3  50.941500
6628 93 4  50.941500
6629 93 5  15.999400
6630 93 6  15.999400
6631 93 7  15.999400
6632 93 8  15.999400
6633 93 9  15.999400
6634 93 10  15.999400
6635 93 11  15.999400
6636 93 12  15.999400
6637 93 13  15.999400
6638 93 14  15.999400
6639 93 15  15.999400
6640 93 16  15.999400
6641 93 17  15.999400
6642 93 18  15.999400
6643 93 19  15.999400
6644 93 20  15.999400
6645 93 21  15.999400
6646 93 22  15.999400
6647 93 23  15.999400
6648 93 24  15.999400
6649 93 25  12.010700
6650 93 26  12.010700
6651 93 27  12.010700
6652 93 28  12.010700
6653 93 29  12.010700
6654 93 30  12.010700
6655 93 31  12.010700
6656 93 32  12.010700
6657 93 33  12.010700
6658 93 34  12.010700
6659 93 35  12.010700
6660 93 36  12.010700
6661 93 37  12.010700
6662 93 38  12.010700
6663 93 39  12.010700
6664 93 40  12.010700
6665 93 41  12.010700
6666 93 42  12.010700
6667 93 43  12.010700
6668 93 44  12.010700
6669 93 45  12.010700
6670 93 46  12.010700
6671 93 47  12.010700
6672 93 48  12.010700
6673 93 49  12.010700
6674 93 50  12.010700
6675 93 51  12.010700
6676 93 52  12.010700
6677 93 53  12.010700
6678 93 54  12.010700
6679 93 55  12.010700
6680 93 56  12.010700
6681 93 57   1.007940
6682 93 58   1.007940
6683 93 59   1.007940
6684 93 60   1.007940
6685 93 61   1.007940
6686 93 62   1.007940
6687 93 63   1.007940
6688 93 64   1.007940
6689 93 65   1.007940
6690 93 66   1.007940
6691 93 67   1.007940
6692 93 68   1.007940
6693 93 69   1.007940
6694 93 70   1.007940
6695 93 71   1.007940
6696 93 72   1.007940
6697 94 1  50.941500
6698 94 2  50.941500
6699 94 3  50.941500
6700 94 4  50.941500
6701 94 5  15.999400
6702 94 6  15.999400
6703 94 7  15.999400
6704 94 8  15.999400
6705 94 9  15.999400
6706 94 10  15.999400
6707 94 11  15.999400
6708 94 12  15.999400
6709 94 13  15.999400
6710 94 14  15.999400
6711 94 15  15.999400
6712 94 16  15.999400
6713 94 17  15.999400
6714 94 18  15.999400
6715 94 19  15.999400
6716 94 20  15.999400
6717 94 21  15.999400
6718 94 22  15.999400
6719 94 23  15.999400
6720 94 24  15.999400
6721 94 25  12.010700
6722 94 26  12.010700
6723 94 27  12.010700
6724 94 28  12.010700
6725 94 29  12.010700
6726 94 30  12.010700
6727 94 31  12.010700
6728 94 32  12.010700
6729 94 33  12.010700
6730 94 34  12.010700
6731 94 35  12.010700
6732 94 36  12.010700
6733 94 37  12.010700
6734 94 38  12.010700
6735 94 39  12.010700
6736 94 40  12.010700
6737 94 41  12.010700
6738 94 42  12.010700
6739 94 43  12.010700
6740 94 44  12.010700
6741 94 45  12.010700
6742 94 46  12.010700
6743 94 47  12.010700
6744 94 48  12.010700
6745 94 49  12.010700
6746 94 50  12.010700
6747 94 51  12.010700
6748 94 52  12.010700
6749 94 53  12.010700
6750 94 54  12.010700
6751 94 55  12.010700
6752 94 56  12.010700
6753 94 57   1.007940
6754 94 58   1.007940
6755 94 59   1.007940
6756 94 60   1.007940
6757 94 61   1.007940
6758 94 62   1.007940
6759 94 63   1.007940
6760 94 64   1.007940
6761 94 65   1.007940
6762 94 66   1.007940
6763 94 67   1.007940
6764 94 68   1.007940
6765 94 69   1.007940
6766 94 70   1.007940
6767 94 71   1.007940
6768 94 72   1.007940
6769 95 1  50.941500
6770 95 2  50.941500
6771 95 3  50.941500
6772 95 4  50.941500
6773 95 5  15.999400
6774 95 6  15.999400
6775 95 7  15.999400
6776 95 8  15.999400
6777 95 9  15.999400
6778 95 10  15.999400
6779 95 11  15.999400
6780 95 12  15.999400
6781 95 13  15.999400
6782 95 14  15.999400
6783 95 15  15.999400
6784 95 16  15.999400
6785 95 17  15.999400
6786 95 18  15.999400
6787 95 19  15.999400
6788 95 20  15.999400
6789 95 21  15.999400
6790 95 22  15.999400
6791 95 23  15.999400
6792 95 24  15.999400
6793 95 25  12.010700
6794 95 26  12.010700
6795 95 27  12.010700
6796 95 28  12.010700
6797 95 29  12.010700
6798 95 30  12.010700
6799 95 31  12.010700
6800 95 32  12.010700
6801 95 33  12.010700
6802 95 34  12.010700
6803 95 35  12.010700
6804 95 36  12.010700
6805 95 37  12.010700
6806 95 38  12.010700
6807 95 39  12.010700
6808 95 40  12.010700
6809 95 41  12.010700
6810 95 42  12.010700
6811 95 43  12.010700
6812 95 44  12.010700
6813 95 45  12.010700
6814 95 46  12.010700
6815 95 47  12.010700
6816 95 48  12.010700
6817 95 49  12.010700
6818 95 50  12.010700
6819 95 51  12.010700
6820 95 52  12.010700
6821 95 53  12.010700
6822 95 54  12.010700
6823 95 55  12.010700
6824 95 56  12.010700
6825 95 57   1.007940
6826 95 58   1.007940
6827 95 59   1.007940
6828 95 60   1.007940
6829 95 61   1.007940
6830 95 62   1.007940
6831 95 63   1.007940
6832 95 64   1.007940
6833 95 65   1.007940
6834 95 66   1.007940
6835 95 67   1.007940
6836 95 68   1.007940
6837 95 69   1.007940
6838 95 70   1.007940
6839 95 71   1.007940
6840 95 72   1.007940
6841 96 1  50.941500
6842 96 2  50.941500
6843 96 3  50.941500
6844 96 4  50.941500
6845 96 5  15.999400
6846 96 6  15.999400
6847 96 7  15.999400
6848 96 8  15.999400
6849 96 9  15.999400
6850 96 10  15.999400
6851 96 11  15.999400
6852 96 12  15.999400
6853 96 13  15.999400
6854 96 14  15.999400
6855 96 15  15.999400
6856 96 16  15.999400
6857 96 17  15.999400
6858 96 18  15.999400
6859 96 19  15.999400
6860 96 20  15.999400
6861 96 21  15.999400
6862 96 22  15.999400
6863 96 23  15.999400
6864 96 24  15.999400
6865 96 25  12.010700
6866 96 26  12.010700
6867 96 27  12.010700
6868 96 28  12.010700
6869 96 29  12.010700
6870 96 30  12.010700
6871 96 31  12.010700
6872 96 32  12.010700
6873 96 33  12.010700
6874 96 34  12.010700
6875 96 35  12.010700
6876 96 36  12.010700
6877 96 37  12.010700
6878 96 38  12.010700
6879 96 39  12.010700
6880 96 40  12.010700
6881 96 41  12.010700
6882 96 42  12.010700
6883 96 43  12.010700
6884 96 44  12.010700
6885 96 45  12.010700
6886 96 46  12.010700
6887 96 47  12.010700
6888 96 48  12.010700
6889 96 49  12.010700
6890 96 50  12.010700
6891 96 51  12.010700
6892 96 52  12.010700
6893 96 53  12.010700
6894 96 54  12.010700
6895 96 55  12.010700
6896 96 56  12.010700
6897 96 57   1.007940
6898 96 58   1.007940
6899 96 59   1.007940
6900 96 60   1.007940
6901 96 61   1.007940
6902 96 62   1.007940
6903 96 63   1.007940
6904 96 64   1.007940
6905 96 65   1.007940
6906 96 66   1.007940
6907 96 67   1.007940
6908 96 68   1.007940
6909 96 69   1.007940
6910 96 70   1.007940
6911 96 71   1.007940
6912 96 72   1.007940
6913 97 1  50.941500
6914 97 2  50.941500
6915 97 3  50.941500
6916 97 4  50.941500
6917 97 5  15.999400
6918 97 6  15.999400
6919 97 7  15.999400
6920 97 8  15.999400
6921 97 9  15.999400
6922 97 10  15.999400
6923 97 11  15.999400
6924 97 12  15.999400
6925 97 13  15.999400
6926 97 14  15.999400
6927 97 15  15.999400
6928 97 16  15.999400
6929 97 17  15.999400
6930 97 18  15.999400
6931 97 19  15.999400
6932 97 20  15.999400
6933 97 21  15.999400
6934 97 22  15.999400
6935 97 23  15.999400
6936 97 24  15.999400
6937 97 25  12.010700
6938 97 26  12.010700
6939 97 27  12.010700
6940 97 28  12.010700
6941 97 29  12.010700
6942 97 30  12.010700
6943 97 31  12.010700
6944 97 32  12.010700
6945 97 33  12.010700
6946 97 34  12.010700
6947 97 35  12.010700
6948 97 36  12.010700
6949 97 37  12.010700
6950 97 38  12.010700
6951 97 39  12.010700
6952 97 40  12.010700
6953 97 41  12.010700
6954 97 42  12.010700
6955 97 43  12.010700
6956 97 44  12.010700
6957 97 45  12.010700
6958 97 46  12.010700
6959 97 47  12.010700
6960 97 48  12.010700
6961 97 49  12.010700
6962 97 50  12.010700
6963 97 51  12.010700
6964 97 52  12.010700
6965 97 53  12.010700
6966 97 54  12.010700
6967 97 55  12.010700
6968 97 56  12.010700
6969 97 57   1.007940
6970 97 58   1.007940
6971 97 59   1.007940
6972 97 60   1.007940
6973 97 61   1.007940
6974 97 62   1.007940
6975 97 63   1.007940
6976 97 64   1.007940
6977 97 65   1.007940
6978 97 66   1.007940
6979 97 67   1.007940
6980 97 68   1.007940
6981 97 69   1.007940
6982 97 70   1.007940
6983 97 71   1.007940
6984 97 72   1.007940
6985 98 1  50.941500
6986 98 2  50.941500
6987 98 3  50.941500
6988 98 4  50.941500
6989 98 5  15.999400
6990 98 6  15.999400
6991 98 7  15.999400
6992 98 8  15.999400
6993 98 9  15.999400
6994 98 10  15.999400
6995 98 11  15.999400
6996 98 12  15.999400
6997 98 13  15.999400
6998 98 14  15.999400
6999 98 15  15.999400
7000 98 16  15.999400
7001 98 17  15.999400
7002 98 18  15.999400
7003 98 19  15.999400
7004 98 20  15.999400
7005 98 21  15.999400
7006 98 22  15.999400
7007 98 23  15.999400
7008 98 24  15.999400
7009 98 25  12.010700
7010 98 26  12.010700
7011 98 27  12.010700
7012 98 28  12.010700
7013 98 29  12.010700
7014 98 30  12.010700
7015 98 31  12.010700
7016 98 32  12.010700
7017 98 33  12.010700
7018 98 34  12.010700
7019 98 35  12.010700
7020 98 36  12.010700
7021 98 37  12.010700
7022 98 38  12.010700
7023 98 39  12.010700
7024 98 40  12.010700
7025 98 41  12.010700
7026 98 42  12.010700
7027 98 43  12.010700
7028 98 44  12.010700
7029 98 45  12.010700
7030 98 46  12.010700
7031 98 47  12.010700
7032 98 48  12.010700
7033 98 49  12.010700
7034 98 50  12.010700
7035 98 51  12.010700
7036 98 52  12.010700
7037 98 53  12.010700
7038 98 54  12.010700
7039 98 55  12.010700
7040 98 56  12.010700
7041 98 57   1.007940
7042 98 58   1.007940
7043 98 59   1.007940
7044 98 60   1.007940
7045 98 61   1.007940
7046 98 62   1.007940
7047 98 63   1.007940
7048 98 64   1.007940
7049 98 65   1.007940
7050 98 66   1.007940
7051 98 67   1.007940
7052 98 68   1.007940
7053 98 69   1.007940
7054 98 70   1.007940
7055 98 71   1.007940
7056 98 72   1.007940
7057 99 1  50.941500
7058 99 2  50.941500
7059 99 3  50.941500
7060 99 4  50.941500
7061 99 5  15.999400
7062 99 6  15.999400
7063 99 7  15.999400
7064 99 8  15.999400
7065 99 9  15.999400
7066 99 10  15.999400
7067 99 11  15.999400
7068 99 12  15.999400
7069 99 13  15.999400
7070 99 14  15.999400
7071 99 15  15.999400
7072 99 16  15.999400
7073 99 17  15.999400
7074 99 18  15.999400
7075 99 19  15.999400
7076 99 20  15.999400
7077 99 21  15.999400
7078 99 22  15.999400
7079 99 23  15.999400
7080 99 24  15.999400
7081 99 25  12.010700
7082 99 26  12.010700
7083 99 27  12.010700
7084 99 28  12.010700
7085 99 29  12.010700
7086 99 30  12.010700
7087 99 31  12.010700
7088 99 32  12.010700
7089 99 33  12.010700
7090 99 34  12.010700
7091 99 35  12.010700
7092 99 36  12.010700
7093 99 37  12.010700
7094 99 38  12.010700
7095 99 39  12.010700
7096 99 40  12.010700
7097 99 41  12.010700
7098 99 42  12.010700
7099 99 43  12.010700
7100 99 44  12.010700
7101 99 45  12.010700
7102 99 46  12.010700
7103 99 47  12.010700
7104 99 48  12.010700
7105 99 49  12.010700
7106 99 50  12.010700
7107 99 51  12.010700
7108 99 52  12.010700
7109 99 53  12.010700
7110 99 54  12.010700
7111 99 55  12.010700
7112 99 56  12.010700
7113 99 57   1.007940
7114 99 58   1.007940
7115 99 59   1.007940
7116 99 60   1.007940
7117 99 61   1.007940
7118 99 62   1.007940
7119 99 63   1.007940
7120 99 64   1.007940
7121 99 65   1.007940
7122 99 66   1.007940
7123 99 67   1.007940
7124 99 68   1.007940
7125 99 69   1.007940
7126 99 70   1.007940
7127 99 71   1.007940
7128 99 72   1.007940
7129 100 1  50.941500
7130 100 2  50.941500
7131 100 3  50.941500
7132 100 4  50.941500
7133 100 5  15.999400
7134 100 6  15.999400
7135 100 7  15.999400
7136 100 8  15.999400
7137 100 9  15.999400
7138 100 10  15.999400
7139 100 11  15.999400
7140 100 12  15.999400
7141 100 13  15.999400
7142 100 14  15.999400
7143 100 15  15.999400
7144 100 16  15.999400
7145 100 17  15.999400
7146 100 18  15.999400
7147 100 19  15.999400
7148 100 20  15.999400
7149 100 21  15.999400
7150 100 22  15.999400
7151 100 23  15.999400
7152 100 24  15.999400
7153 100 25  12.010700
7154 100 26  12.010700
7155 100 27  12.010700
7156 100 28  12.010700
7157 100 29  12.010700
7158 100 30  12.010700
7159 100 31  12.010700
7160 100 32  12.010700
7161 100 33  12.010700
7162 100 34  12.010700
7163 100 35  12.010700
7164 100 36  12.010700
7165 100 37  12.010700
7166 100 38  12.010700
7167 100 39  12.010700
7168 100 40  12.010700
7169 100 41  12.010700
7170 100 42  12.010700
7171 100 43  12.010700
7172 100 44  12.010700
7173 100 45  12.010700
7174 100 46  12.010700
7175 100 47  12.010700
7176 100 48  12.010700
7177 100 49  12.010700
7178 100 50  12.010700
7179 100 51  12.010700
7180 100 52  12.010700
7181 100 53  12.010700
7182 100 54  12.010700
7183 100 55  12.010700
7184 100 56  12.010700
7185 100 57   1.007940
7186 100 58   1.007940
7187 100 59   1.007940
7188 100 60   1.007940
7189 100 61   1.007940
7190 100 62   1.007940
7191 100 63   1.007940
7192 100 64   1.007940
7193 100 65   1.007940
7194 100 66   1.007940
7195 100 67   1.007940
7196 100 68   1.007940
7197 100 69   1.007940
7198 100 70   1.007940
7199 100 71   1.007940
7200 100 72   1.007940
7201 101 1  50.941500
7202 101 2  50.941500
7203 101 3  50.941500
7204 101 4  50.941500
7205 101 5  15.999400
7206 101 6  15.999400
7207 101 7  15.999400
7208 101 8  15.999400
7209 101 9  15.999400
7210 101 10  15.999400
7211 101 11  15.999400
7212 101 12  15.999400
7213 101 13  15.999400
7214 101 14  15.999400
7215 101 15  15.999400
7216 101 16  15.999400
7217 101 17  15.999400
7218 101 18  15.999400
7219 101 19  15.999400
7220 101 20  15.999400
7221 101 21  15.999400
7222 101 22  15.999400
7223 101 23  15.999400
7224 101 24  15.999400
7225 101 25  12.010700
7226 101 26  12.010700
7227 101 27  12.010700
7228 101 28  12.010700
7229 101 29  12.010700
7230 101 30  12.010700
7231 101 31  12.010700
7232 101 32  12.010700
7233 101 33  12.010700
7234 101 34  12.010700
7235 101 35  12.010700
7236 101 36  12.010700
7237 101 37  12.010700
7238 101 38  12.010700
7239 101 39  12.010700
7240 101 40  12.010700
7241 101 41  12.010700
7242 101 42  12.010700
7243 101 43  12.010700
7244 101 44  12.010700
7245 101 45  12.010700
7246 101 46  12.010700
7247 101 47  12.010700
7248 101 48  12.010700
7249 101 49  12.010700
7250 101 50  12.010700
7251 101 51  12.010700
7252 101 52  12.010700
7253 101 53  12.010700
7254 101 54  12.010700
7255 101 55  12.010700
7256 101 56  12.010700
7257 101 57   1.007940
7258 101 58   1.007940
7259 101 59   1.007940
7260 101 60   1.007940
7261 101 61   1.007940
7262 101 62   1.007940
7263 101 63   1.007940
7264 101 64   1.007940
7265 101 65   1.007940
7266 101 66   1.007940
7267 101 67   1.007940
7268 101 68   1.007940
7269 101 69   1.007940
7270 101 70   1.007940
7271 101 71   1.007940
7272 101 72   1.007940
7273 102 1  50.941500
7274 102 2  50.941500
7275 102 3  50.941500
7276 102 4  50.941500
7277 102 5  15.999400
7278 102 6  15.999400
7279 102 7  15.999400
7280 102 8  15.999400
7281 102 9  15.999400
7282 102 10  15.999400
7283 102 11  15.999400
7284 102 12  15.999400
7285 102 13  15.999400
7286 102 14  15.999400
7287 102 15  15.999400
7288 102 16  15.999400
7289 102 17  15.999400
7290 102 18  15.999400
7291 102 19  15.999400
7292 102 20  15.999400
7293 102 21  15.999400
7294 102 22  15.999400
7295 102 23  15.999400
7296 102 24  15.999400
7297 102 25  12.010700
7298 102 26  12.010700
7299 102 27  12.010700
7300 102 28  12.010700
7301 102 29  12.010700
7302 102 30  12.010700
7303 102 31  12.010700
7304 102 32  12.010700
7305 102 33  12.010700
7306 102 34  12.010700
7307 102 35  12.010700
7308 102 36  12.010700
7309 102 37  12.010700
7310 102 38  12.010700
7311 102 39  12.010700
7312 102 40  12.010700
7313 102 41  12.010700
7314 102 42  12.010700
7315 102 43  12.010700
7316 102 44  12.010700
7317 102 45  12.010700
7318 102 46  12.010700
7319 102 47  12.010700
7320 102 48  12.010700
7321 102 49  12.010700
7322 102 50  12.010700
7323 102 51  12.010700
7324 102 52  12.010700
7325 102 53  12.010700
7326 102 54  12.010700
7327 102 55  12.010700
7328 102 56  12.010700
7329 102 57   1.007940
7330 102 58   1.007940
7331 102 59   1.007940
7332 102 60   1.007940
7333 102 61   1.007940
7334 102 62   1.007940
7335 102 63   1.007940
7336 102 64   1.007940
7337 102 65   1.007940
7338 102 66   1.007940
7339 102 67   1.007940
7340 102 68   1.007940
7341 102 69   1.007940
7342 102 70   1.007940
7343 102 71   1.007940
7344 102 72   1.007940
7345 103 1  50.941500
7346 103 2  50.941500
7347 103 3  50.941500
7348 103 4  50.941500
7349 103 5  15.999400
7350 103 6  15.999400
7351 103 7  15.999400
7352 103 8  15.999400
7353 103 9  15.999400
7354 103 10  15.999400
7355 103 11  15.999400
7356 103 12  15.999400
7357 103 13  15.999400
7358 103 14  15.999400
7359 103 15  15.999400
7360 103 16  15.999400
7361 103 17  15.999400
7362 103 18  15.999400
7363 103 19  15.999400
7364 103 20  15.999400
7365 103 21  15.999400
7366 103 22  15.999400
7367 103 23  15.999400
7368 103 24  15.999400
7369 103 25  12.010700
7370 103 26  12.010700
7371 103 27  12.010700
7372 103 28  12.010700
7373 103 29  12.010700
7374 103 30  12.010700
7375 103 31  12.010700
7376 103 32  12.010700
7377 103 33  12.010700
7378 103 34  12.010700
7379 103 35  12.010700
7380 103 36  12.010700
7381 103 37  12.010700
7382 103 38  12.010700
7383 103 39  12.010700
7384 103 40  12.010700
7385 103 41  12.010700
7386 103 42  12.010700
7387 103 43  12.010700
7388 103 44  12.010700
7389 103 45  12.010700
7390 103 46  12.010700
7391 103 47  12.010700
7392 103 48  12.010700
7393 103 49  12.010700
7394 103 50  12.010700
7395 103 51  12.010700
7396 103 52  12.010700
7397 103 53  12.010700
7398 103 54  12.010700
7399 103 55  12.010700
7400 103 56  12.010700
7401 103 57   1.007940
7402 103 58   1.007940
7403 103 59   1.007940
7404 103 60   1.007940
7405 103 61   1.007940
7406 103 62   1.007940
7407 103 63   1.007940
7408 103 64   1.007940
7409 103 65   1.007940
7410 103 66   1.007940
7411 103 67   1.007940
7412 103 68   1.007940
7413 103 69   1.007940
7414 103 70   1.007940
7415 103 71   1.007940
7416 103 72   1.007940
7417 104 1  50.941500
7418 104 2  50.941500
7419 104 3  50.941500
7420 104 4  50.941500
7421 104 5  15.999400
7422 104 6  15.999400
7423 104 7  15.999400
7424 104 8  15.999400
7425 104 9  15.999400
7426 104 10  15.999400
7427 104 11  15.999400
7428 104 12  15.999400
7429 104 13  15.999400
7430 104 14  15.999400
7431 104 15  15.999400
7432 104 16  15.999400
7433 104 17  15.999400
7434 104 18  15.999400
7435 104 19  15.999400
7436 104 20  15.999400
7437 104 21  15.999400
7438 104 22  15.999400
7439 104 23  15.999400
7440 104 24  15.999400
7441 104 25  12.010700
7442 104 26  12.010700
7443 104 27  12.010700
7444 104 28  12.010700
7445 104 29  12.010700
7446 104 30  12.010700
7447 104 31  12.010700
7448 104 32  12.010700
7449 104 33  12.010700
7450 104 34  12.010700
7451 104 35  12.010700
7452 104 36  12.010700
7453 104 37  12.010700
7454 104 38  12.010700
7455 104 39  12.010700
7456 104 40  12.010700
7457 104 41  12.010700
7458 104 42  12.010700
7459 104 43  12.010700
7460 104 44  12.010700
7461 104 45  12.010700
7462 104 46  12.010700
7463 104 47  12.010700
7464 104 48  12.010700
7465 104 49  12.010700
7466 104 50  12.010700
7467 104 51  12.010700
7468 104 52  12.010700
7469 104 53  12.010700
7470 104 54  12.010700
7471 104 55  12.010700
7472 104 56  12.010700
7473 104 57   1.007940
7474 104 58   1.007940
7475 104 59   1.007940
7476 104 60   1.007940
7477 104 61   1.007940
7478 104 62   1.007940
7479 104 63   1.007940
7480 104 64   1.007940
7481 104 65   1.007940
7482 104 66   1.007940
7483 104 67   1.007940
7484 104 68   1.007940
7485 104 69   1.007940
7486 104 70   1.007940
7487 104 71   1.007940
7488 104 72   1.007940
7489 105 1  50.941500
7490 105 2  50.941500
7491 105 3  50.941500
7492 105 4  50.941500
7493 105 5  15.999400
7494 105 6  15.999400
7495 105 7  15.999400
7496 105 8  15.999400
7497 105 9  15.999400
7498 105 10  15.999400
7499 105 11  15.999400
7500 105 12  15.999400
7501 105 13  15.999400
7502 105 14  15.999400
7503 105 15  15.999400
7504 105 16  15.999400
7505 105 17  15.999400
7506 105 18  15.999400
7507 105 19  15.999400
7508 105 20  15.999400
7509 105 21  15.999400
7510 105 22  15.999400
7511 105 23  15.999400
7512 105 24  15.999400
7513 105 25  12.010700
7514 105 26  12.010700
7515 105 27  12.010700
7516 105 28  12.010700
7517 105 29  12.010700
7518 105 30  12.010700
7519 105 31  12.010700
7520 105 32  12.010700
7521 105 33  12.010700
7522 105 34  12.010700
7523 105 35  12.010700
7524 105 36  12.010700
7525 105 37  12.010700
7526 105 38  12.010700
7527 105 39  12.010700
7528 105 40  12.010700
7529 105 41  12.010700
7530 105 42  12.010700
7531 105 43  12.010700
7532 105 44  12.010700
7533 105 45  12.010700
7534 105 46  12.010700
7535 105 47  12.010700
7536 105 48  12.010700
7537 105 49  12.010700
7538 105 50  12.010700
7539 105 51  12.010700
7540 105 52  12.010700
7541 105 53  12.010700
7542 105 54  12.010700
7543 105 55  12.010700
7544 105 56  12.010700
7545 105 57   1.007940
7546 105 58   1.007940
7547 105 59   1.007940
7548 105 60   1.007940
7549 105 61   1.007940
7550 105 62   1.007940
7551 105 63   1.007940
7552 105 64   1.007940
7553 105 65   1.007940
7554 105 66   1.007940
7555 105 67   1.007940
7556 105 68   1.007940
7557 105 69   1.007940
7558 105 70   1.007940
7559 105 71   1.007940
7560 105 72   1.007940
7561 106 1  50.941500
7562 106 2  50.941500
7563 106 3  50.941500
7564 106 4  50.941500
7565 106 5  15.999400
7566 106 6  15.999400
7567 106 7  15.999400
7568 106 8  15.999400
7569 106 9  15.999400
7570 106 10  15.999400
7571 106 11  15.999400
7572 106 12  15.999400
7573 106 13  15.999400
7574 106 14  15.999400
7575 106 15  15.999400
7576 106 16  15.999400
7577 106 17  15.999400
7578 106 18  15.999400
7579 106 19  15.999400
7580 106 20  15.999400
7581 106 21  15.999400
7582 106 22  15.999400
7583 106 23  15.999400
7584 106 24  15.999400
7585 106 25  12.010700
7586 106 26  12.010700
7587 106 27  12.010700
7588 106 28  12.010700
7589 106 29  12.010700
7590 106 30  12.010700
7591 106 31  12.010700
7592 106 32  12.010700
7593 106 33  12.010700
7594 106 34  12.010700
7595 106 35  12.010700
7596 106 36  12.010700
7597 106 37  12.010700
7598 106 38  12.010700
7599 106 39  12.010700
7600 106 40  12.010700
7601 106 41  12.010700
7602 106 42  12.010700
7603 106 43  12.010700
7604 106 44  12.010700
7605 106 45  12.010700
7606 106 46  12.010700
7607 106 47  12.010700
7608 106 48  12.010700
7609 106 49  12.010700
7610 106 50  12.010700
7611 106 51  12.010700
7612 106 52  12.010700
7613 106 53  12.010700
7614 106 54  12.010700
7615 106 55  12.010700
7616 106 56  12.010700
7617 106 57   1.007940
7618 106 58   1.007940
7619 106 59   1.007940
7620 106 60   1.007940
7621 106 61   1.007940
7622 106 62   1.007940
7623 106 63   1.007940
7624 106 64   1.007940
7625 106 65   1.007940
7626 106 66   1.007940
7627 106 67   1.007940
7628 106 68   1.007940
7629 106 69   1.007940
7630 106 70   1.007940
7631 106 71   1.007940
7632 106 72   1.007940
7633 107 1  50.941500
7634 107 2  50.941500
7635 107 3  50.941500
7636 107 4  50.941500
7637 107 5  15.999400
7638 107 6  15.999400
7639 107 7  15.999400
7640 107 8  15.999400
7641 107 9  15.999400
7642 107 10  15.999400
7643 107 11  15.999400
7644 107 12  15.999400
7645 107 13  15.999400
7646 107 14  15.999400
7647 107 15  15.999400
7648 107 16  15.999400
7649 107 17  15.999400
7650 107 18  15.999400
7651 107 19  15.999400
7652 107 20  15.999400
7653 107 21  15.999400
7654 107 22  15.999400
7655 107 23  15.999400
7656 107 24  15.999400
7657 107 25  12.010700
7658 107 26  12.010700
7659 107 27  12.010700
7660 107 28  12.010700
7661 107 29  12.010700
7662 107 30  12.010700
7663 107 31  12.010700
7664 107 32  12.010700
7665 107 33  12.010700
7666 107 34  12.010700
7667 107 35  12.010700
7668 107 36  12.010700
7669 107 37  12.010700
7670 107 38  12.010700
7671 107 39  12.010700
7672 107 40  12.010700
7673 107 41  12.010700
7674 107 42  12.010700
7675 107 43  12.010700
7676 107 44  12.010700
7677 107 45  12.010700
7678 107 46  12.010700
7679 107 47  12.010700
7680 107 48  12.010700
7681 107 49  12.010700
7682 107 50  12.010700
7683 107 51  12.010700
7684 107 52  12.010700
7685 107 53  12.010700
7686 107 54  12.010700
7687 107 55  12.010700
7688 107 56  12.010700
7689 107 57   1.007940
7690 107 58   1.007940
7691 107 59   1.007940
7692 107 60   1.007940
7693 107 61   1.007940
7694 107 62   1.007940
7695 107 63   1.007940
7696 107 64   1.007940
7697 107 65   1.007940
7698 107 66   1.007940
7699 107 67   1.007940
7700 107 68   1.007940
7701 107 69   1.007940
7702 107 70   1.007940
7703 107 71   1.007940
7704 107 72   1.007940
7705 108 1  50.941500
7706 108 2  50.941500
7707 108 3  50.941500
7708 108 4  50.941500
7709 108 5  15.999400
7710 108 6  15.999400
7711 108 7  15.999400
7712 108 8  15.999400
7713 108 9  15.999400
7714 108 10  15.999400
7715 108 11  15.999400
7716 108 12  15.999400
7717 108 13  15.999400
7718 108 14  15.999400
7719 108 15  15.999400
7720 108 16  15.999400
7721 108 17  15.999400
7722 108 18  15.999400
7723 108 19  15.999400
7724 108 20  15.999400
7725 108 21  15.999400
7726 108 22  15.999400
7727 108 23  15.999400
7728 108 24  15.999400
7729 108 25  12.010700
7730 108 26  12.010700
7731 108 27  12.010700
7732 108 28  12.010700
7733 108 29  12.010700
7734 108 30  12.010700
7735 108 31  12.010700
7736 108 32  12.010700
7737 108 33  12.010700
7738 108 34  12.010700
7739 108 35  12.010700
7740 108 36  12.010700
7741 108 37  12.010700
7742 108 38  12.010700
7743 108 39  12.010700
7744 108 40  12.010700
7745 108 41  12.010700
7746 108 42  12.010700
7747 108 43  12.010700
7748 108 44  12.010700
7749 108 45  12.010700
7750 108 46  12.010700
7751 108 47  12.010700
7752 108 48  12.010700
7753 108 49  12.010700
7754 108 50  12.010700
7755 108 51  12.010700
7756 108 52  12.010700
7757 108 53  12.010700
7758 108 54  12.010700
7759 108 55  12.010700
7760 108 56  12.010700
7761 108 57   1.007940
7762 108 58   1.007940
7763 108 59   1.007940
7764 108 60   1.007940
7765 108 61   1.007940
7766 108 62   1.007940
7767 108 63   1.007940
7768 108 64   1.007940
7769 108 65   1.007940
7770 108 66   1.007940
7771 108 67   1.007940
7772 108 68   1.007940
7773 108 69   1.007940
7774 108 70   1.007940
7775 108 71   1.007940
7776 108 72   1.007940
7777 109 1  50.941500
7778 109 2  50.941500
7779 109 3  50.941500
7780 109 4  50.941500
7781 109 5  15.999400
7782 109 6  15.999400
7783 109 7  15.999400
7784 109 8  15.999400
7785 109 9  15.999400
7786 109 10  15.999400
7787 109 11  15.999400
7788 109 12  15.999400
7789 109 13  15.999400
7790 109 14  15.999400
7791 109 15  15.999400
7792 109 16  15.999400
7793 109 17  15.999400
7794 109 18  15.999400
7795 109 19  15.999400
7796 109 20  15.999400
7797 109 21  15.999400
7798 109 22  15.999400
7799 109 23  15.999400
7800 109 24  15.999400
7801 109 25  12.010700
7802 109 26  12.010700
7803 109 27  12.010700
7804 109 28  12.010700
7805 109 29  12.010700
7806 109 30  12.010700
7807 109 31  12.010700
7808 109 32  12.010700
7809 109 33  12.010700
7810 109 34  12.010700
7811 109 35  12.010700
7812 109 36  12.010700
7813 109 37  12.010700
7814 109 38  12.010700
7815 109 39  12.010700
7816 109 40  12.010700
7817 109 41  12.010700
7818 109 42  12.010700
7819 109 43  12.010700
7820 109 44  12.010700
7821 109 45  12.010700
7822 109 46  12.010700
7823 109 47  12.010700
7824 109 48  12.010700
7825 109 49  12.010700
7826 109 50  12.010700
7827 109 51  12.010700
7828 109 52  12.010700
7829 109 53  12.010700
7830 109 54  12.010700
7831 109 55  12.010700
7832 109 56  12.010700
7833 109 57   1.007940
7834 109 58   1.007940
7835 109 59   1.007940
7836 109 60   1.007940
7837 109 61   1.007940
7838 109 62   1.007940
7839 109 63   1.007940
7840 109 64   1.007940
7841 109 65   1.007940
7842 109 66   1.007940
7843 109 67   1.007940
7844 109 68   1.007940
7845 109 69   1.007940
7846 109 70   1.007940
7847 109 71   1.007940
7848 109 72   1.007940
7849 110 1  50.941500
7850 110 2  50.941500
7851 110 3  50.941500
7852 110 4  50.941500
7853 110 5  15.999400
7854 110 6  15.999400
7855 110 7  15.999400
7856 110 8  15.999400
7857 110 9  15.999400
7858 110 10  15.999400
7859 110 11  15.999400
7860 110 12  15.999400
7861 110 13  15.999400
7862 110 14  15.999400
7863 110 15  15.999400
7864 110 16  15.999400
7865 110 17  15.999400
7866 110 18  15.999400
7867 110 19  15.999400
7868 110 20  15.999400
7869 110 21  15.999400
7870 110 22  15.999400
7871 110 23  15.999400
7872 110 24  15.999400
7873 110 25  12.010700
7874 110 26  12.010700
7875 110 27  12.010700
7876 110 28  12.010700
7877 110 29  12.010700
7878 110 30  12.010700
7879 110 31  12.010700
7880 110 32  12.010700
7881 110 33  12.010700
7882 110 34  12.010700
7883 110 35  12.010700
7884 110 36  12.010700
7885 110 37  12.010700
7886 110 38  12.010700
7887 110 39  12.010700
7888 110 40  12.010700
7889 110 41  12.010700
7890 110 42  12.010700
7891 110 43  12.010700
7892 110 44  12.010700
7893 110 45  12.010700
7894 110 46  12.010700
7895 110 47  12.010700
7896 110 48  12.010700
7897 110 49  12.010700
7898 110 50  12.010700
7899 110 51  12.010700
7900 110 52  12.010700
7901 110 53  12.010700
7902 110 54  12.010700
7903 110 55  12.010700
7904 110 56  12.010700
7905 110 57   1.007940
7906 110 58   1.007940
7907 110 59   1.007940
7908 110 60   1.007940
7909 110 61   1.007940
7910 110 62   1.007940
7911 110 63   1.007940
7912 110 64   1.007940
7913 110 65   1.007940
7914 110 66   1.007940
7915 110 67   1.007940
7916 110 68   1.007940
7917 110 69   1.007940
7918 110 70   1.007940
7919 110 71   1.007940
7920 110 72   1.007940
7921 111 1  50.941500
7922 111 2  50.941500
7923 111 3  50.941500
7924 111 4  50.941500
7925 111 5  15.999400
7926 111 6  15.999400
7927 111 7  15.999400
7928 111 8  15.999400
7929 111 9  15.999400
7930 111 10  15.999400
7931 111 11  15.999400
7932 111 12  15.999400
7933 111 13  15.999400
7934 111 14  15.999400
7935 111 15  15.999400
7936 111 16  15.999400
7937 111 17  15.999400
7938 111 18  15.999400
7939 111 19  15.999400
7940 111 20  15.999400
7941 111 21  15.999400
7942 111 22  15.999400
7943 111 23  15.999400
7944 111 24  15.999400
7945 111 25  12.010700
7946 111 26  12.010700
7947 111 27  12.010700
7948 111 28  12.010700
7949 111 29  12.010700
7950 111 30  12.010700
7951 111 31  12.010700
7952 111 32  12.010700
7953 111 33  12.010700
7954 111 34  12.010700
7955 111 35  12.010700
7956 111 36  12.010700
7957 111 37  12.010700
7958 111 38  12.010700
7959 111 39  12.010700
7960 111 40  12.010700
7961 111 41  12.010700
7962 111 42  12.010700
7963 111 43  12.010700
7964 111 44  12.010700
7965 111 45  12.010700
7966 111 46  12.010700
7967 111 47  12.010700
7968 111 48  12.010700
7969 111 49  12.010700
7970 111 50  12.010700
7971 111 51  12.010700
7972 111 52  12.010700
7973 111 53  12.010700
7974 111 54  12.010700
7975 111 55  12.010700
7976 111 56  12.010700
7977 111 57   1.007940
7978 111 58   1.007940
7979 111 59   1.007940
7980 111 60   1.007940
7981 111 61   1.007940
7982 111 62   1.007940
7983 111 63   1.007940
7984 111 64   1.007940
7985 111 65   1.007940
7986 111 66   1.007940
7987 111 67   1.007940
7988 111 68   1.007940
7989 111 69   1.007940
7990 111 70   1.007940
7991 111 71   1.007940
7992 111 72   1.007940
7993 112 1  50.941500
7994 112 2  50.941500
7995 112 3  50.941500
7996 112 4  50.941500
7997 112 5  15.999400
7998 112 6  15.999400
7999 112 7  15.999400
8000 112 8  15.999400
8001 112 9  15.999400
8002 112 10  15.999400
8003 112 11  15.999400
8004 112 12  15.999400
8005 112 13  15.999400
8006 112 14  15.999400
8007 112 15  15.999400
8008 112 16  15.999400
8009 112 17  15.999400
8010 112 18  15.999400
8011 112 19  15.999400
8012 112 20  15.999400
8013 112 21  15.999400
8014 112 22  15.999400
8015 112 23  15.999400
8016 112 24  15.999400
8017 112 25  12.010700
8018 112 26  12.010700
8019 112 27  12.010700
8020 112 28  12.010700
8021 112 29  12.010700
8022 112 30  12.010700
8023 112 31  12.010700
8024 112 32  12.010700
8025 112 33  12.010700
8026 112 34  12.010700
8027 112 35  12.010700
8028 112 36  12.010700
8029 112 37  12.010700
8030 112 38  12.010700
8031 112 39  12.010700
8032 112 40  12.010700
8033 112 41  12.010700
8034 112 42  12.010700
8035 112 43  12.010700
8036 112 44  12.010700
8037 112 45  12.010700
8038 112 46  12.010700
8039 112 47  12.010700
8040 112 48  12.010700
8041 112 49  12.010700
8042 112 50  12.010700
8043 112 51  12.010700
8044 112 52  12.010700
8045 112 53  12.010700
8046 112 54  12.010700
8047 112 55  12.010700
8048 112 56  12.010700
8049 112 57   1.007940
8050 112 58   1.007940
8051 112 59   1.007940
8052 112 60   1.007940
8053 112 61   1.007940
8054 112 62   1.007940
8055 112 63   1.007940
8056 112 64   1.007940
8057 112 65   1.007940
8058 112 66   1.007940
8059 112 67   1.007940
8060 112 68   1.007940
8061 112 69   1.007940
8062 112 70   1.007940
8063 112 71   1.007940
8064 112 72   1.007940
8065 113 1  50.941500
8066 113 2  50.941500
8067 113 3  50.941500
8068 113 4  50.941500
8069 113 5  15.999400
8070 113 6  15.999400
8071 113 7  15.999400
8072 113 8  15.999400
8073 113 9  15.999400
8074 113 10  15.999400
8075 113 11  15.999400
8076 113 12  15.999400
8077 113 13  15.999400
8078 113 14  15.999400
8079 113 15  15.999400
8080 113 16  15.999400
8081 113 17  15.999400
8082 113 18  15.999400
8083 113 19  15.999400
8084 113 20  15.999400
8085 113 21  15.999400
8086 113 22  15.999400
8087 113 23  15.999400
8088 113 24  15.999400
8089 113 25  12.010700
8090 113 26  12.010700
8091 113 27  12.010700
8092 113 28  12.010700
8093 113 29  12.010700
8094 113 30  12.010700
8095 113 31  12.010700
8096 113 32  12.010700
8097 113 33  12.010700
8098 113 34  12.010700
8099 113 35  12.010700
8100 113 36  12.010700
8101 113 37  12.010700
8102 113 38  12.010700
8103 113 39  12.010700
8104 113 40  12.010700
8105 113 41  12.010700
8106 113 42  12.010700
8107 113 43  12.010700
8108 113 44  12.010700
8109 113 45  12.010700
8110 113 46  12.010700
8111 113 47  12.010700
8112 113 48  12.010700
8113 113 49  12.010700
8114 113 50  12.010700
8115 113 51  12.010700
8116 113 52  12.010700
8117 113 53  12.010700
8118 113 54  12.010700
8119 113 55  12.010700
8120 113 56  12.010700
8121 113 57   1.007940
8122 113 58   1.007940
8123 113 59   1.007940
8124 113 60   1.007940
8125 113 61   1.007940
8126 113 62   1.007940
8127 113 63   1.007940
8128 113 64   1.007940
8129 113 65   1.007940
8130 113 66   1.007940
8131 113 67   1.007940
8132 113 68   1.007940
8133 113 69   1.007940
8134 113 70   1.007940
8135 113 71   1.007940
8136 113 72   1.007940
8137 114 1  50.941500
8138 114 2  50.941500
8139 114 3  50.941500
8140 114 4  50.941500
8141 114 5  15.999400
8142 114 6  15.999400
8143 114 7  15.999400
8144 114 8  15.999400
8145 114 9  15.999400
8146 114 10  15.999400
8147 114 11  15.999400
8148 114 12  15.999400
8149 114 13  15.999400
8150 114 14  15.999400
8151 114 15  15.999400
8152 114 16  15.999400
8153 114 17  15.999400
8154 114 18  15.999400
8155 114 19  15.999400
8156 114 20  15.999400
8157 114 21  15.999400
8158 114 22  15.999400
8159 114 23  15.999400
8160 114 24  15.999400
8161 114 25  12.010700
8162 114 26  12.010700
8163 114 27  12.010700
8164 114 28  12.010700
8165 114 29  12.010700
8166 114 30  12.010700
8167 114 31  12.010700
8168 114 32  12.010700
8169 114 33  12.010700
8170 114 34  12.010700
8171 114 35  12.010700
8172 114 36  12.010700
8173 114 37  12.010700
8174 114 38  12.010700
8175 114 39  12.010700
8176 114 40  12.010700
8177 114 41  12.010700
8178 114 42  12.010700
8179 114 43  12.010700
8180 114 44  12.010700
8181 114 45  12.010700
8182 114 46  12.010700
8183 114 47  12.010700
8184 114 48  12.010700
8185 114 49  12.010700
8186 114 50  12.010700
8187 114 51  12.010700
8188 114 52  12.010700
8189 114 53  12.010700
8190 114 54  12.010700
8191 114 55  12.010700
8192 114 56  12.010700
8193 114 57   1.007940
8194 114 58   1.007940
8195 114 59   1.007940
8196 114 60   1.007940
8197 114 61   1.007940
8198 114 62   1.007940
8199 114 63   1.007940
8200 114 64   1.007940
8201 114 65   1.007940
8202 114 66   1.007940
8203 114 67   1.007940
8204 114 68   1.007940
8205 114 69   1.007940
8206 114 70   1.007940
8207 114 71   1.007940
8208 114 72   1.007940
8209 115 1  50.941500
8210 115 2  50.941500
8211 115 3  50.941500
8212 115 4  50.941500
8213 115 5  15.999400
8214 115 6  15.999400
8215 115 7  15.999400
8216 115 8  15.999400
8217 115 9  15.999400
8218 115 10  15.999400
8219 115 11  15.999400
8220 115 12  15.999400
8221 115 13  15.999400
8222 115 14  15.999400
8223 115 15  15.999400
8224 115 16  15.999400
8225 115 17  15.999400
8226 115 18  15.999400
8227 115 19  15.999400
8228 115 20  15.999400
8229 115 21  15.999400
8230 115 22  15.999400
8231 115 23  15.999400
8232 115 24  15.999400
8233 115 25  12.010700
8234 115 26  12.010700
8235 115 27  12.010700
8236 115 28  12.010700
8237 115 29  12.010700
8238 115 30  12.010700
8239 115 31  12.010700
8240 115 32  12.010700
8241 115 33  12.010700
8242 115 34  12.010700
8243 115 35  12.010700
8244 115 36  12.010700
8245 115 37  12.010700
8246 115 38  12.010700
8247 115 39  12.010700
8248 115 40  12.010700
8249 115 41  12.010700
8250 115 42  12.010700
8251 115 43  12.010700
8252 115 44  12.010700
8253 115 45  12.010700
8254 115 46  12.010700
8255 115 47  12.010700
8256 115 48  12.010700
8257 115 49  12.010700
8258 115 50  12.010700
8259 115 51  12.010700
8260 115 52  12.010700
8261 115 53  12.010700
8262 115 54  12.010700
8263 115 55  12.010700
8264 115 56  12.010700
8265 115 57   1.007940
8266 115 58   1.007940
8267 115 59   1.007940
8268 115 60   1.007940
8269 115 61   1.007940
8270 115 62   1.007940
8271 115 63   1.007940
8272 115 64   1.007940
8273 115 65   1.007940
8274 115 66   1.007940
8275 115 67   1.007940
8276 115 68   1.007940
8277 115 69   1.007940
8278 115 70   1.007940
8279 115 71   1.007940
8280 115 72   1.007940
8281 116 1  50.941500
8282 116 2  50.941500
8283 116 3  50.941500
8284 116 4  50.941500
8285 116 5  15.999400
8286 116 6  15.999400
8287 116 7  15.999400
8288 116 8  15.999400
8289 116 9  15.999400
8290 116 10  15.999400
8291 116 11  15.999400
8292 116 12  15.999400
8293 116 13  15.999400
8294 116 14  15.999400
8295 116 15  15.999400
8296 116 16  15.999400
8297 116 17  15.999400
8298 116 18  15.999400
8299 116 19  15.999400
8300 116 20  15.999400
8301 116 21  15.999400
8302 116 22  15.999400
8303 116 23  15.999400
8304 116 24  15.999400
8305 116 25  12.010700
8306 116 26  12.010700
8307 116 27  12.010700
8308 116 28  12.010700
8309 116 29  12.010700
8310 116 30  12.010700
8311 116 31  12.010700
8312 116 32  12.010700
8313 116 33  12.010700
8314 116 34  12.010700
8315 116 35  12.010700
8316 116 36  12.010700
8317 116 37  12.010700
8318 116 38  12.010700
8319 116 39  12.010700
8320 116 40  12.010700
8321 116 41  12.010700
8322 116 42  12.010700
8323 116 43  12.010700
8324 116 44  12.010700
8325 116 45  12.010700
8326 116 46  12.010700
8327 116 47  12.010700
8328 116 48  12.010700
8329 116 49  12.010700
8330 116 50  12.010700
8331 116 51  12.010700
8332 116 52  12.010700
8333 116 53  12.010700
8334 116 54  12.010700
8335 116 55  12.010700
8336 116 56  12.010700
8337 116 57   1.007940
8338 116 58   1.007940
8339 116 59   1.007940
8340 116 60   1.007940
8341 116 61   1.007940
8342 116 62   1.007940
8343 116 63   1.007940
8344 116 64   1.007940
8345 116 65   1.007940
8346 116 66   1.007940
8347 116 67   1.007940
8348 116 68   1.007940
8349 116 69   1.007940
8350 116 70   1.007940
8351 116 71   1.007940
8352 116 72   1.007940
8353 117 1  50.941500
8354 117 2  50.941500
8355 117 3  50.941500
8356 117 4  50.941500
8357 117 5  15.999400
8358 117 6  15.999400
8359 117 7  15.999400
8360 117 8  15.999400
8361 117 9  15.999400
8362 117 10  15.999400
8363 117 11  15.999400
8364 117 12  15.999400
8365 117 13  15.999400
8366 117 14  15.999400
8367 117 15  15.999400
8368 117 16  15.999400
8369 117 17  15.999400
8370 117 18  15.999400
8371 117 19  15.999400
8372 117 20  15.999400
8373 117 21  15.999400
8374 117 22  15.999400
8375 117 23  15.999400
8376 117 24  15.999400
8377 117 25  12.010700
8378 117 26  12.010700
8379 117 27  12.010700
8380 117 28  12.010700
8381 117 29  12.010700
8382 117 30  12.010700
8383 117 31  12.010700
8384 117 32  12.010700
8385 117 33  12.010700
8386 117 34  12.010700
8387 117 35  12.010700
8388 117 36  12.010700
8389 117 37  12.010700
8390 117 38  12.010700
8391 117 39  12.010700
8392 117 40  12.010700
8393 117 41  12.010700
8394 117 42  12.010700
8395 117 43  12.010700
8396 117 44  12.010700
8397 117 45  12.010700
8398 117 46  12.010700
8399 117 47  12.010700
8400 117 48  12.010700
8401 117 49  12.010700
8402 117 50  12.010700
8403 117 51  12.010700
8404 117 52  12.010700
8405 117 53  12.010700
8406 117 54  12.010700
8407 117 55  12.010700
8408 117 56  12.010700
8409 117 57   1.007940
8410 117 58   1.007940
8411 117 59   1.007940
8412 117 60   1.007940
8413 117 61   1.007940
8414 117 62   1.007940
8415 117 63   1.007940
8416 117 64   1.007940
8417 117 65   1.007940
8418 117 66   1.007940
8419 117 67   1.007940
8420 117 68   1.007940
8421 117 69   1.007940
8422 117 70   1.007940
8423 117 71   1.007940
8424 117 72   1.007940
8425 118 1  50.941500
8426 118 2  50.941500
8427 118 3  50.941500
8428 118 4  50.941500
8429 118 5  15.999400
8430 118 6  15.999400
8431 118 7  15.999400
8432 118 8  15.999400
8433 118 9  15.999400
8434 118 10  15.999400
8435 118 11  15.999400
8436 118 12  15.999400
8437 118 13  15.999400
8438 118 14  15.999400
8439 118 15  15.999400
8440 118 16  15.999400
8441 118 17  15.999400
8442 118 18  15.999400
8443 118 19  15.999400
8444 118 20  15.999400
8445 118 21  15.999400
8446 118 22  15.999400
8447 118 23  15.999400
8448 118 24  15.999400
8449 118 25  12.010700
8450 118 26  12.010700
8451 118 27  12.010700
8452 118 28  12.010700
8453 118 29  12.010700
8454 118 30  12.010700
8455 118 31  12.010700
8456 118 32  12.010700
8457 118 33  12.010700
8458 118 34  12.010700
8459 118 35  12.010700
8460 118 36  12.010700
8461 118 37  12.010700
8462 118 38  12.010700
8463 118 39  12.010700
8464 118 40  12.010700
8465 118 41  12.010700
8466 118 42  12.010700
8467 118 43  12.010700
8468 118 44  12.010700
8469 118 45  12.010700
8470 118 46  12.010700
8471 118 47  12.010700
8472 118 48  12.010700
8473 118 49  12.010700
8474 118 50  12.010700
8475 118 51  12.010700
8476 118 52  12.010700
8477 118 53  12.010700
8478 118 54  12.010700
8479 118 55  12.010700
8480 118 56  12.010700
8481 118 57   1.007940
8482 118 58   1.007940
8483 118 59   1.007940
8484 118 60   1.007940
8485 118 61   1.007940
8486 118 62   1.007940
8487 118 63   1.007940
8488 118 64   1.007940
8489 118 65   1.007940
8490 118 66   1.007940
8491 118 67   1.007940
8492 118 68   1.007940
8493 118 69   1.007940
8494 118 70   1.007940
8495 118 71   1.007940
8496 118 72   1.007940
8497 119 1  50.941500
8498 119 2  50.941500
8499 119 3  50.941500
8500 119 4  50.941500
8501 119 5  15.999400
8502 119 6  15.999400
8503 119 7  15.999400
8504 119 8  15.999400
8505 119 9  15.999400
8506 119 10  15.999400
8507 119 11  15.999400
8508 119 12  15.999400
8509 119 13  15.999400
8510 119 14  15.999400
8511 119 15  15.999400
8512 119 16  15.999400
8513 119 17  15.999400
8514 119 18  15.999400
8515 119 19  15.999400
8516 119 20  15.999400
8517 119 21  15.999400
8518 119 22  15.999400
8519 119 23  15.999400
8520 119 24  15.999400
8521 119 25  12.010700
8522 119 26  12.010700
8523 119 27  12.010700
8524 119 28  12.010700
8525 119 29  12.010700
8526 119 30  12.010700
8527 119 31  12.010700
8528 119 32  12.010700
8529 119 33  12.010700
8530 119 34  12.010700
8531 119 35  12.010700
8532 119 36  12.010700
8533 119 37  12.010700
8534 119 38  12.010700
8535 119 39  12.010700
8536 119 40  12.010700
8537 119 41  12.010700
8538 119 42  12.010700
8539 119 43  12.010700
8540 119 44  12.010700
8541 119 45  12.010700
8542 119 46  12.010700
8543 119 47  12.010700
8544 119 48  12.010700
8545 119 49  12.010700
8546 119 50  12.010700
8547 119 51  12.010700
8548 119 52  12.010700
8549 119 53  12.010700
8550 119 54  12.010700
8551 119 55  12.010700
8552 119 56  12.010700
8553 119 57   1.007940
8554 119 58   1.007940
8555 119 59   1.007940
8556 119 60   1.007940
8557 119 61   1.007940
8558 119 62   1.007940
8559 119 63   1.007940
8560 119 64   1.007940
8561 119 65   1.007940
8562 119 66   1.007940
8563 119 67   1.007940
8564 119 68   1.007940
8565 119 69   1.007940
8566 119 70   1.007940
8567 119 71   1.007940
8568 119 72   1.007940
8569 120 1  50.941500
8570 120 2  50.941500
8571 120 3  50.941500
8572 120 4  50.941500
8573 120 5  15.999400
8574 120 6  15.999400
8575 120 7  15.999400
8576 120 8  15.999400
8577 120 9  15.999400
8578 120 10  15.999400
8579 120 11  15.999400
8580 120 12  15.999400
8581 120 13  15.999400
8582 120 14  15.999400
8583 120 15  15.999400
8584 120 16  15.999400
8585 120 17  15.999400
8586 120 18  15.999400
8587 120 19  15.999400
8588 120 20  15.999400
8589 120 21  15.999400
8590 120 22  15.999400
8591 120 23  15.999400
8592 120 24  15.999400
8593 120 25  12.010700
8594 120 26  12.010700
8595 120 27  12.010700
8596 120 28  12.010700
8597 120 29  12.010700
8598 120 30  12.010700
8599 120 31  12.010700
8600 120 32  12.010700
8601 120 33  12.010700
8602 120 34  12.010700
8603 120 35  12.010700
8604 120 36  12.010700
8605 120 37  12.010700
8606 120 38  12.010700
8607 120 39  12.010700
8608 120 40  12.010700
8609 120 41  12.010700
8610 120 42  12.010700
8611 120 43  12.010700
8612 120 44  12.010700
8613 120 45  12.010700
8614 120 46  12.010700
8615 120 47  12.010700
8616 120 48  12.010700
8617 120 49  12.010700
8618 120 50  12.010700
8619 120 51  12.010700
8620 120 52  12.010700
8621 120 53  12.010700
8622 120 54  12.010700
8623 120 55  12.010700
8624 120 56  12.010700
8625 120 57   1.007940
8626 120 58   1.007940
8627 120 59   1.007940
8628 120 60   1.007940
8629 120 61   1.007940
8630 120 62   1.007940
8631 120 63   1.007940
8632 120 64   1.007940
8633 120 65   1.007940
8634 120 66   1.007940
8635 120 67   1.007940
8636 120 68   1.007940
8637 120 69   1.007940
8638 120 70   1.007940
8639 120 71   1.007940
8640 120 72   1.007940
8641 121 1  50.941500
8642 121 2  50.941500
8643 121 3  50.941500
8644 121 4  50.941500
8645 121 5  15.999400
8646 121 6  15.999400
8647 121 7  15.999400
8648 121 8  15.999400
8649 121 9  15.999400
8650 121 10  15.999400
8651 121 11  15.999400
8652 121 12  15.999400
8653 121 13  15.999400
8654 121 14  15.999400
8655 121 15  15.999400
8656 121 16  15.999400
8657 121 17  15.999400
8658 121 18  15.999400
8659 121 19  15.999400
8660 121 20  15.999400
8661 121 21  15.999400
8662 121 22  15.999400
8663 121 23  15.999400
8664 121 24  15.999400
8665 121 25  12.010700
8666 121 26  12.010700
8667 121 27  12.010700
8668 121 28  12.010700
8669 121 29  12.010700
8670 121 30  12.010700
8671 121 31  12.010700
8672 121 32  12.010700
8673 121 33  12.010700
8674 121 34  12.010700
8675 121 35  12.010700
8676 121 36  12.010700
8677 121 37  12.010700
8678 121 38  12.010700
8679 121 39  12.010700
8680 121 40  12.010700
8681 121 41  12.010700
8682 121 42  12.010700
8683 121 43  12.010700
8684 121 44  12.010700
8685 121 45  12.010700
8686 121 46  12.010700
8687 121 47  12.010700
8688 121 48  12.010700
8689 121 49  12.010700
8690 121 50  12.010700
8691 121 51  12.010700
8692 121 52  12.010700
8693 121 53  12.010700
8694 121 54  12.010700
8695 121 55  12.010700
8696 121 56  12.010700
8697 121 57   1.007940
8698 121 58   1.007940
8699 121 59   1.007940
8700 121 60   1.007940
8701 121 61   1.007940
8702 121 62   1.007940
8703 121 63   1.007940
8704 121 64   1.007940
8705 121 65   1.007940
8706 121 66   1.007940
8707 121 67   1.007940
8708 121 68   1.007940
8709 121 69   1.007940
8710 121 70   1.007940
8711 121 71   1.007940
8712 121 72   1.007940
8713 122 1  50.941500
8714 122 2  50.941500
8715 122 3  50.941500
8716 122 4  50.941500
8717 122 5  15.999400
8718 122 6  15.999400
8719 122 7  15.999400
8720 122 8  15.999400
8721 122 9  15.999400
8722 122 10  15.999400
8723 122 11  15.999400
8724 122 12  15.999400
8725 122 13  15.999400
8726 122 14  15.999400
8727 122 15  15.999400
8728 122 16  15.999400
8729 122 17  15.999400
8730 122 18  15.999400
8731 122 19  15.999400
8732 122 20  15.999400
8733 122 21  15.999400
8734 122 22  15.999400
8735 122 23  15.999400
8736 122 24  15.999400
8737 122 25  12.010700
8738 122 26  12.010700
8739 122 27  12.010700
8740 122 28  12.010700
8741 122 29  12.010700
8742 122 30  12.010700
8743 122 31  12.010700
8744 122 32  12.010700
8745 122 33  12.010700
8746 122 34  12.010700
8747 122 35  12.010700
8748 122 36  12.010700
8749 122 37  12.010700
8750 122 38  12.010700
8751 122 39  12.010700
8752 122 40  12.010700
8753 122 41  12.010700
8754 122 42  12.010700
8755 122 43  12.010700
8756 122 44  12.010700
8757 122 45  12.010700
8758 122 46  12.010700
8759 122 47  12.010700
8760 122 48  12.010700
8761 122 49  12.010700
8762 122 50  12.010700
8763 122 51  12.010700
8764 122 52  12.010700
8765 122 53  12.010700
8766 122 54  12.010700
8767 122 55  12.010700
8768 122 56  12.010700
8769 122 57   1.007940
8770 122 58   1.007940
8771 122 59   1.007940
8772 122 60   1.007940
8773 122 61   1.007940
8774 122 62   1.007940
8775 122 63   1.007940
8776 122 64   1.007940
8777 122 65   1.007940
8778 122 66   1.007940
8779 122 67   1.007940
8780 122 68   1.007940
8781 122 69   1.007940
8782 122 70   1.007940
8783 122 71   1.007940
8784 122 72   1.007940
8785 123 1  50.941500
8786 123 2  50.941500
8787 123 3  50.941500
8788 123 4  50.941500
8789 123 5  15.999400
8790 123 6  15.999400
8791 123 7  15.999400
8792 123 8  15.999400
8793 123 9  15.999400
8794 123 10  15.999400
8795 123 11  15.999400
8796 123 12  15.999400
8797 123 13  15.999400
8798 123 14  15.999400
8799 123 15  15.999400
8800 123 16  15.999400
8801 123 17  15.999400
8802 123 18  15.999400
8803 123 19  15.999400
8804 123 20  15.999400
8805 123 21  15.999400
8806 123 22  15.999400
8807 123 23  15.999400
8808 123 24  15.999400
8809 123 25  12.010700
8810 123 26  12.010700
8811 123 27  12.010700
8812 123 28  12.010700
8813 123 29  12.010700
8814 123 30  12.010700
8815 123 31  12.010700
8816 123 32  12.010700
8817 123 33  12.010700
8818 123 34  12.010700
8819 123 35  12.010700
8820 123 36  12.010700
8821 123 37  12.010700
8822 123 38  12.010700
8823 123 39  12.010700
8824 123 40  12.010700
8825 123 41  12.010700
8826 123 42  12.010700
8827 123 43  12.010700
8828 123 44  12.010700
8829 123 45  12.010700
8830 123 46  12.010700
8831 123 47  12.010700
8832 123 48  12.010700
8833 123 49  12.010700
8834 123 50  12.010700
8835 123 51  12.010700
8836 123 52  12.010700
8837 123 53  12.010700
8838 123 54  12.010700
8839 123 55  12.010700
8840 123 56  12.010700
8841 123 57   1.007940
8842 123 58   1.007940
8843 123 59   1.007940
8844 123 60   1.007940
8845 123 61   1.007940
8846 123 62   1.007940
8847 123 63   1.007940
8848 123 64   1.007940
8849 123 65   1.007940
8850 123 66   1.007940
8851 123 67   1.007940
8852 123 68   1.007940
8853 123 69   1.007940
8854 123 70   1.007940
8855 123 71   1.007940
8856 123 72   1.007940
8857 124 1  50.941500
8858 124 2  50.941500
8859 124 3  50.941500
8860 124 4  50.941500
8861 124 5  15.999400
8862 124 6  15.999400
8863 124 7  15.999400
8864 124 8  15.999400
8865 124 9  15.999400
8866 124 10  15.999400
8867 124 11  15.999400
8868 124 12  15.999400
8869 124 13  15.999400
8870 124 14  15.999400
8871 124 15  15.999400
8872 124 16  15.999400
8873 124 17  15.999400
8874 124 18  15.999400
8875 124 19  15.999400
8876 124 20  15.999400
8877 124 21  15.999400
8878 124 22  15.999400
8879 124 23  15.999400
8880 124 24  15.999400
8881 124 25  12.010700
8882 124 26  12.010700
8883 124 27  12.010700
8884 124 28  12.010700
8885 124 29  12.010700
8886 124 30  12.010700
8887 124 31  12.010700
8888 124 32  12.010700
8889 124 33  12.010700
8890 124 34  12.010700
8891 124 35  12.010700
8892 124 36  12.010700
8893 124 37  12.010700
8894 124 38  12.010700
8895 124 39  12.010700
8896 124 40  12.010700
8897 124 41  12.010700
8898 124 42  12.010700
8899 124 43  12.010700
8900 124 44  12.010700
8901 124 45  12.010700
8902 124 46  12.010700
8903 124 47  12.010700
8904 124 48  12.010700
8905 124 49  12.010700
8906 124 50  12.010700
8907 124 51  12.010700
8908 124 52  12.010700
8909 124 53  12.010700
8910 124 54  12.010700
8911 124 55  12.010700
8912 124 56  12.010700
8913 124 57   1.007940
8914 124 58   1.007940
8915 124 59   1.007940
8916 124 60   1.007940
8917 124 61   1.007940
8918 124 62   1.007940
8919 124 63   1.007940
8920 124 64   1.007940
8921 124 65   1.007940
8922 124 66   1.007940
8923 124 67   1.007940
8924 124 68   1.007940
8925 124 69   1.007940
8926 124 70   1.007940
8927 124 71   1.007940
8928 124 72   1.007940
8929 125 1  50.941500
8930 125 2  50.941500
8931 125 3  50.941500
8932 125 4  50.941500
8933 125 5  15.999400
8934 125 6  15.999400
8935 125 7  15.999400
8936 125 8  15.999400
8937 125 9  15.999400
8938 125 10  15.999400
8939 125 11  15.999400
8940 125 12  15.999400
8941 125 13  15.999400
8942 125 14  15.999400
8943 125 15  15.999400
8944 125 16  15.999400
8945 125 17  15.999400
8946 125 18  15.999400
8947 125 19  15.999400
8948 125 20  15.999400
8949 125 21  15.999400
8950 125 22  15.999400
8951 125 23  15.999400
8952 125 24  15.999400
8953 125 25  12.010700
8954 125 26  12.010700
8955 125 27  12.010700
8956 125 28  12.010700
8957 125 29  12.010700
8958 125 30  12.010700
8959 125 31  12.010700
8960 125 32  12.010700
8961 125 33  12.010700
8962 125 34  12.010700
8963 125 35  12.010700
8964 125 36  12.010700
8965 125 37  12.010700
8966 125 38  12.010700
8967 125 39  12.010700
8968 125 40  12.010700
8969 125 41  12.010700
8970 125 42  12.010700
8971 125 43  12.010700
8972 125 44  12.010700
8973 125 45  12.010700
8974 125 46  12.010700
8975 125 47  12.010700
8976 125 48  12.010700
8977 125 49  12.010700
8978 125 50  12.010700
8979 125 51  12.010700
8980 125 52  12.010700
8981 125 53  12.010700
8982 125 54  12.010700
8983 125 55  12.010700
8984 125 56  12.010700
8985 125 57   1.007940
8986 125 58   1.007940
8987 125 59   1.007940
8988 125 60   1.007940
8989 125 61   1.007940
8990 125 62   1.007940
8991 125 63   1.007940
8992 125 64   1.007940
8993 125 65   1.007940
8994 125 66   1.007940
8995 125 67   1.007940
8996 125 68   1.007940
8997 125 69   1.007940
8998 125 70   1.007940
8999 125 71   1.007940
9000 125 72   1.007940
9001 126 1  50.941500
9002 126 2  50.941500
9003 126 3  50.941500
9004 126 4  50.941500
9005 126 5  15.999400
9006 126 6  15.999400
9007 126 7  15.999400
9008 126 8  15.999400
9009 126 9  15.999400
9010 126 10  15.999400
9011 126 11  15.999400
9012 126 12  15.999400
9013 126 13  15.999400
9014 126 14  15.999400
9015 126 15  15.999400
9016 126 16  15.999400
9017 126 17  15.999400
9018 126 18  15.999400
9019 126 19  15.999400
9020 126 20  15.999400
9021 126 21  15.999400
9022 126 22  15.999400
9023 126 23  15.999400
9024 126 24  15.999400
9025 126 25  12.010700
9026 126 26  12.010700
9027 126 27  12.010700
9028 126 28  12.010700
9029 126 29  12.010700
9030 126 30  12.010700
9031 126 31  12.010700
9032 126 32  12.010700
9033 126 33  12.010700
9034 126 34  12.010700
9035 126 35  12.010700
9036 126 36  12.010700
9037 126 37  12.010700
9038 126 38  12.010700
9039 126 39  12.010700
9040 126 40  12.010700
9041 126 41  12.010700
9042 126 42  12.010700
9043 126 43  12.010700
9044 126 44  12.010700
9045 126 45  12.010700
9046 126 46  12.010700
9047 126 47  12.010700
9048 126 48  12.010700
9049 126 49  12.010700
9050 126 50  12.010700
9051 126 51  12.010700
9052 126 52  12.010700
9053 126 53  12.010700
9054 126 54  12.010700
9055 126 55  12.010700
9056 126 56  12.010700
9057 126 57   1.007940
9058 126 58   1.007940
9059 126 59   1.007940
9060 126 60   1.007940
9061 126 61   1.007940
9062 126 62   1.007940
9063 126 63   1.007940
9064 126 64   1.007940
9065 126 65   1.007940
9066 126 66   1.007940
9067 126 67   1.007940
9068 126 68   1.007940
9069 126 69   1.007940
9070 126 70   1.007940
9071 126 71   1.007940
9072 126 72   1.007940
9073 127 1  50.941500
9074 127 2  50.941500
9075 127 3  50.941500
9076 127 4  50.941500
9077 127 5  15.999400
9078 127 6  15.999400
9079 127 7  15.999400
9080 127 8  15.999400
9081 127 9  15.999400
9082 127 10  15.999400
9083 127 11  15.999400
9084 127 12  15.999400
9085 127 13  15.999400
9086 127 14  15.999400
9087 127 15  15.999400
9088 127 16  15.999400
9089 127 17  15.999400
9090 127 18  15.999400
9091 127 19  15.999400
9092 127 20  15.999400
9093 127 21  15.999400
9094 127 22  15.999400
9095 127 23  15.999400
9096 127 24  15.999400
9097 127 25  12.010700
9098 127 26  12.010700
9099 127 27  12.010700
9100 127 28  12.010700
9101 127 29  12.010700
9102 127 30  12.010700
9103 127 31  12.010700
9104 127 32  12.010700
9105 127 33  12.010700
9106 127 34  12.010700
9107 127 35  12.010700
9108 127 36  12.010700
9109 127 37  12.010700
9110 127 38  12.010700
9111 127 39  12.010700
9112 127 40  12.010700
9113 127 41  12.010700
9114 127 42  12.010700
9115 127 43  12.010700
9116 127 44  12.010700
9117 127 45  12.010700
9118 127 46  12.010700
9119 127 47  12.010700
9120 127 48  12.010700
9121 127 49  12.010700
9122 127 50  12.010700
9123 127 51  12.010700
9124 127 52  12.010700
9125 127 53  12.010700
9126 127 54  12.010700
9127 127 55  12.010700
9128 127 56  12.010700
9129 127 57   1.007940
9130 127 58   1.007940
9131 127 59   1.007940
9132 127 60   1.007940
9133 127 61   1.007940
9134 127 62   1.007940
9135 127 63   1.007940
9136 127 64   1.007940
9137 127 65   1.007940
9138 127 66   1.007940
9139 127 67   1.007940
9140 127 68   1.007940
9141 127 69   1.007940
9142 127 70   1.007940
9143 127 71   1.007940
9144 127 72   1.007940
9145 128 1  50.941500
9146 128 2  50.941500
9147 128 3  50.941500
9148 128 4  50.941500
9149 128 5  15.999400
9150 128 6  15.999400
9151 128 7  15.999400
9152 128 8  15.999400
9153 128 9  15.999400
9154 128 10  15.999400
9155 128 11  15.999400
9156 128 12  15.999400
9157 128 13  15.999400
9158 128 14  15.999400
9159 128 15  15.999400
9160 128 16  15.999400
9161 128 17  15.999400
9162 128 18  15.999400
9163 128 19  15.999400
9164 128 20  15.999400
9165 128 21  15.999400
9166 128 22  15.999400
9167 128 23  15.999400
9168 128 24  15.999400
9169 128 25  12.010700
9170 128 26  12.010700
9171 128 27  12.010700
9172 128 28  12.010700
9173 128 29  12.010700
9174 128 30  12.010700
9175 128 31  12.010700
9176 128 32  12.010700
9177 128 33  12.010700
9178 128 34  12.010700
9179 128 35  12.010700
9180 128 36  12.010700
9181 128 37  12.010700
9182 128 38  12.010700
9183 128 39  12.010700
9184 128 40  12.010700
9185 128 41  12.010700
9186 128 42  12.010700
9187 128 43  12.010700
9188 128 44  12.010700
9189 128 45  12.010700
9190 128 46  12.010700
9191 128 47  12.010700
9192 128 48  12.010700
9193 128 49  12.010700
9194 128 50  12.010700
9195 128 51  12.010700
9196 128 52  12.010700
9197 128 53  12.010700
9198 128 54  12.010700
9199 128 55  12.010700
9200 128 56  12.010700
9201 128 57   1.007940
9202 128 58   1.007940
9203 128 59   1.007940
9204 128 60   1.007940
9205 128 61   1.007940
9206 128 62   1.007940
9207 128 63   1.007940
9208 128 64   1.007940
9209 128 65   1.007940
9210 128 66   1.007940
9211 128 67   1.007940
9212 128 68   1.007940
9213 128 69   1.007940
9214 128 70   1.007940
9215 128 71   1.007940
9216 128 72   1.007940
9217 129 1  50.941500
9218 129 2  50.941500
9219 129 3  50.941500
9220 129 4  50.941500
9221 129 5  15.999400
9222 129 6  15.999400
9223 129 7  15.999400
9224 129 8  15.999400
9225 129 9  15.999400
9226 129 10  15.999400
9227 129 11  15.999400
9228 129 12  15.999400
9229 129 13  15.999400
9230 129 14  15.999400
9231 129 15  15.999400
9232 129 16  15.999400
9233 129 17  15.999400
9234 129 18  15.999400
9235 129 19  15.999400
9236 129 20  15.999400
9237 129 21  15.999400
9238 129 22  15.999400
9239 129 23  15.999400
9240 129 24  15.999400
9241 129 25  12.010700
9242 129 26  12.010700
9243 129 27  12.010700
9244 129 28  12.010700
9245 129 29  12.010700
9246 129 30  12.010700
9247 129 31  12.010700
9248 129 32  12.010700
9249 129 33  12.010700
9250 129 34  12.010700
9251 129 35  12.010700
9252 129 36  12.010700
9253 129 37  12.010700
9254 129 38  12.010700
9255 129 39  12.010700
9256 129 40  12.010700
9257 129 41  12.010700
9258 129 42  12.010700
9259 129 43  12.010700
9260 129 44  12.010700
9261 129 45  12.010700
9262 129 46  12.010700
9263 129 47  12.010700
9264 129 48  12.010700
9265 129 49  12.010700
9266 129 50  12.010700
9267 129 51  12.010700
9268 129 52  12.010700
9269 129 53  12.010700
9270 129 54  12.010700
9271 129 55  12.010700
9272 129 56  12.010700
9273 129 57   1.007940
9274 129 58   1.007940
9275 129 59   1.007940
9276 129 60   1.007940
9277 129 61   1.007940
9278 129 62   1.007940
9279 129 63   1.007940
9280 129 64   1.007940
9281 129 65   1.007940
9282 129 66   1.007940
9283 129 67   1.007940
9284 129 68   1.007940
9285 129 69   1.007940
9286 129 70   1.007940
9287 129 71   1.007940
9288 129 72   1.007940
9289 130 1  50.941500
9290 130 2  50.941500
9291 130 3  50.941500
9292 130 4  50.941500
9293 130 5  15.999400
9294 130 6  15.999400
9295 130 7  15.999400
9296 130 8  15.999400
9297 130 9  15.999400
9298 130 10  15.999400
9299 130 11  15.999400
9300 130 12  15.999400
9301 130 13  15.999400
9302 130 14  15.999400
9303 130 15  15.999400
9304 130 16  15.999400
9305 130 17  15.999400
9306 130 18  15.999400
9307 130 19  15.999400
9308 130 20  15.999400
9309 130 21  15.999400
9310 130 22  15.999400
9311 130 23  15.999400
9312 130 24  15.999400
9313 130 25  12.010700
9314 130 26  12.010700
9315 130 27  12.010700
9316 130 28  12.010700
9317 130 29  12.010700
9318 130 30  12.010700
9319 130 31  12.010700
9320 130 32  12.010700
9321 130 33  12.010700
9322 130 34  12.010700
9323 130 35  12.010700
9324 130 36  12.010700
9325 130 37  12.010700
9326 130 38  12.010700
9327 130 39  12.010700
9328 130 40  12.010700
9329 130 41  12.010700
9330 130 42  12.010700
9331 130 43  12.010700
9332 130 44  12.010700
9333 130 45  12.010700
9334 130 46  12.010700
9335 130 47  12.010700
9336 130 48  12.010700
9337 130 49  12.010700
9338 130 50  12.010700
9339 130 51  12.010700
9340 130 52  12.010700
9341 130 53  12.010700
9342 130 54  12.010700
9343 130 55  12.010700
9344 130 56  12.010700
9345 130 57   1.007940
9346 130 58   1.007940
9347 130 59   1.007940
9348 130 60   1.007940
9349 130 61   1.007940
9350 130 62   1.007940
9351 130 63   1.007940
9352 130 64   1.007940
9353 130 65   1.007940
9354 130 66   1.007940
9355 130 67   1.007940
9356 130 68   1.007940
9357 130 69   1.007940
9358 130 70   1.007940
9359 130 71   1.007940
9360 130 72   1.007940
9361 131 1  50.941500
9362 131 2  50.941500
9363 131 3  50.941500
9364 131 4  50.941500
9365 131 5  15.999400
9366 131 6  15.999400
9367 131 7  15.999400
9368 131 8  15.999400
9369 131 9  15.999400
9370 131 10  15.999400
9371 131 11  15.999400
9372 131 12  15.999400
9373 131 13  15.999400
9374 131 14  15.999400
9375 131 15  15.999400
9376 131 16  15.999400
9377 131 17  15.999400
9378 131 18  15.999400
9379 131 19  15.999400
9380 131 20  15.999400
9381 131 21  15.999400
9382 131 22  15.999400
9383 131 23  15.999400
9384 131 24  15.999400
9385 131 25  12.010700
9386 131 26  12.010700
9387 131 27  12.010700
9388 131 28  12.010700
9389 131 29  12.010700
9390 131 30  12.010700
9391 131 31  12.010700
9392 131 32  12.010700
9393 131 33  12.010700
9394 131 34  12.010700
9395 131 35  12.010700
9396 131 36  12.010700
9397 131 37  12.010700
9398 131 38  12.010700
9399 131 39  12.010700
9400 131 40  12.010700
9401 131 41  12.010700
9402 131 42  12.010700
9403 131 43  12.010700
9404 131 44  12.010700
9405 131 45  12.010700
9406 131 46  12.010700
9407 131 47  12.010700
9408 131 48  12.010700
9409 131 49  12.010700
9410 131 50  12.010700
9411 131 51  12.010700
9412 131 52  12.010700
9413 131 53  12.010700
9414 131 54  12.010700
9415 131 55  12.010700
9416 131 56  12.010700
9417 131 57   1.007940
9418 131 58   1.007940
9419 131 59   1.007940
9420 131 60   1.007940
9421 131 61   1.007940
9422 131 62   1.007940
9423 131 63   1.007940
9424 131 64   1.007940
9425 131 65   1.007940
9426 131 66   1.007940
9427 131 67   1.007940
9428 131 68   1.007940
9429 131 69   1.007940
9430 131 70   1.007940
9431 131 71   1.007940
9432 131 72   1.007940
9433 132 1  50.941500
9434 132 2  50.941500
9435 132 3  50.941500
9436 132 4  50.941500
9437 132 5  15.999400
9438 132 6  15.999400
9439 132 7  15.999400
9440 132 8  15.999400
9441 132 9  15.999400
9442 132 10  15.999400
9443 132 11  15.999400
9444 132 12  15.999400
9445 132 13  15.999400
9446 132 14  15.999400
9447 132 15  15.999400
9448 132 16  15.999400
9449 132 17  15.999400
9450 132 18  15.999400
9451 132 19  15.999400
9452 132 20  15.999400
9453 132 21  15.999400
9454 132 22  15.999400
9455 132 23  15.999400
9456 132 24  15.999400
9457 132 25  12.010700
9458 132 26  12.010700
9459 132 27  12.010700
9460 132 28  12.010700
9461 132 29  12.010700
9462 132 30  12.010700
9463 132 31  12.010700
9464 132 32  12.010700
9465 132 33  12.010700
9466 132 34  12.010700
9467 132 35  12.010700
9468 132 36  12.010700
9469 132 37  12.010700
9470 132 38  12.010700
9471 132 39  12.010700
9472 132 40  12.010700
9473 132 41  12.010700
9474 132 42  12.010700
9475 132 43  12.010700
9476 132 44  12.010700
9477 132 45  12.010700
9478 132 46  12.010700
9479 132 47  12.010700
9480 132 48  12.010700
9481 132 49  12.010700
9482 132 50  12.010700
9483 132 51  12.010700
9484 132 52  12.010700
9485 132 53  12.010700
9486 132 54  12.010700
9487 132 55  12.010700
9488 132 56  12.010700
9489 132 57   1.007940
9490 132 58   1.007940
9491 132 59   1.007940
9492 132 60   1.007940
9493 132 61   1.007940
9494 132 62   1.007940
9495 132 63   1.007940
9496 132 64   1.007940
9497 132 65   1.007940
9498 132 66   1.007940
9499 132 67   1.007940
9500 132 68   1.007940
9501 132 69   1.007940
9502 132 70   1.007940
9503 132 71   1.007940
9504 132 72   1.007940
9505 133 1  50.941500
9506 133 2  50.941500
9507 133 3  50.941500
9508 133 4  50.941500
9509 133 5  15.999400
9510 133 6  15.999400
9511 133 7  15.999400
9512 133 8  15.999400
9513 133 9  15.999400
9514 133 10  15.999400
9515 133 11  15.999400
9516 133 12  15.999400
9517 133 13  15.999400
9518 133 14  15.999400
9519 133 15  15.999400
9520 133 16  15.999400
9521 133 17  15.999400
9522 133 18  15.999400
9523 133 19  15.999400
9524 133 20  15.999400
9525 133 21  15.999400
9526 133 22  15.999400
9527 133 23  15.999400
9528 133 24  15.999400
9529 133 25  12.010700
9530 133 26  12.010700
9531 133 27  12.010700
9532 133 28  12.010700
9533 133 29  12.010700
9534 133 30  12.010700
9535 133 31  12.010700
9536 133 32  12.010700
9537 133 33  12.010700
9538 133 34  12.010700
9539 133 35  12.010700
9540 133 36  12.010700
9541 133 37  12.010700
9542 133 38  12.010700
9543 133 39  12.010700
9544 133 40  12.010700
9545 133 41  12.010700
9546 133 42  12.010700
9547 133 43  12.010700
9548 133 44  12.010700
9549 133 45  12.010700
9550 133 46  12.010700
9551 133 47  12.010700
9552 133 48  12.010700
9553 133 49  12.010700
9554 133 50  12.010700
9555 133 51  12.010700
9556 133 52  12.010700
9557 133 53  12.010700
9558 133 54  12.010700
9559 133 55  12.010700
9560 133 56  12.010700
9561 133 57   1.007940
9562 133 58   1.007940
9563 133 59   1.007940
9564 133 60   1.007940
9565 133 61   1.007940
9566 133 62   1.007940
9567 133 63   1.007940
9568 133 64   1.007940
9569 133 65   1.007940
9570 133 66   1.007940
9571 133 67   1.007940
9572 133 68   1.007940
9573 133 69   1.007940
9574 133 70   1.007940
9575 133 71   1.007940
9576 133 72   1.007940
9577 134 1  50.941500
9578 134 2  50.941500
9579 134 3  50.941500
9580 134 4  50.941500
9581 134 5  15.999400
9582 134 6  15.999400
9583 134 7  15.999400
9584 134 8  15.999400
9585 134 9  15.999400
9586 134 10  15.999400
9587 134 11  15.999400
9588 134 12  15.999400
9589 134 13  15.999400
9590 134 14  15.999400
9591 134 15  15.999400
9592 134 16  15.999400
9593 134 17  15.999400
9594 134 18  15.999400
9595 134 19  15.999400
9596 134 20  15.999400
9597 134 21  15.999400
9598 134 22  15.999400
9599 134 23  15.999400
9600 134 24  15.999400
9601 134 25  12.010700
9602 134 26  12.010700
9603 134 27  12.010700
9604 134 28  12.010700
9605 134 29  12.010700
9606 134 30  12.010700
9607 134 31  12.010700
9608 134 32  12.010700
9609 134 33  12.010700
9610 134 34  12.010700
9611 134 35  12.010700
9612 134 36  12.010700
9613 134 37  12.010700
9614 134 38  12.010700
9615 134 39  12.010700
9616 134 40  12.010700
9617 134 41  12.010700
9618 134 42  12.010700
9619 134 43  12.010700
9620 134 44  12.010700
9621 134 45  12.010700
9622 134 46  12.010700
9623 134 47  12.010700
9624 134 48  12.010700
9625 134 49  12.010700
9626 134 50  12.010700
9627 134 51  12.010700
9628 134 52  12.010700
9629 134 53  12.010700
9630 134 54  12.010700
9631 134 55  12.010700
9632 134 56  12.010700
9633 134 57   1.007940
9634 134 58   1.007940
9635 134 59   1.007940
9636 134 60   1.007940
9637 134 61   1.007940
9638 134 62   1.007940
9639 134 63   1.007940
9640 134 64   1.007940
9641 134 65   1.007940
9642 134 66   1.007940
9643 134 67   1.007940
9644 134 68   1.007940
9645 134 69   1.007940
9646 134 70   1.007940
9647 134 71   1.007940
9648 134 72   1.007940
9649 135 1  50.941500
9650 135 2  50.941500
9651 135 3  50.941500
9652 135 4  50.941500
9653 135 5  15.999400
9654 135 6  15.999400
9655 135 7  15.999400
9656 135 8  15.999400
9657 135 9  15.999400
9658 135 10  15.999400
9659 135 11  15.999400
9660 135 12  15.999400
9661 135 13  15.999400
9662 135 14  15.999400
9663 135 15  15.999400
9664 135 16  15.999400
9665 135 17  15.999400
9666 135 18  15.999400
9667 135 19  15.999400
9668 135 20  15.999400
9669 135 21  15.999400
9670 135 22  15.999400
9671 135 23  15.999400
9672 135 24  15.999400
9673 135 25  12.010700
9674 135 26  12.010700
9675 135 27  12.010700
9676 135 28  12.010700
9677 135 29  12.010700
9678 135 30  12.010700
9679 135 31  12.010700
9680 135 32  12.010700
9681 135 33  12.010700
9682 135 34  12.010700
9683 135 35  12.010700
9684 135 36  12.010700
9685 135 37  12.010700
9686 135 38  12.010700
9687 135 39  12.010700
9688 135 40  12.010700
9689 135 41  12.010700
9690 135 42  12.010700
9691 135 43  12.010700
9692 135 44  12.010700
9693 135 45  12.010700
9694 135 46  12.010700
9695 135 47  12.010700
9696 135 48  12.010700
9697 135 49  12.010700
9698 135 50  12.010700
9699 135 51  12.010700
9700 135 52  12.010700
9701 135 53  12.010700
9702 135 54  12.010700
9703 135 55  12.010700
9704 135 56  12.010700
9705 135 57   1.007940
9706 135 58   1.007940
9707 135 59   1.007940
9708 135 60   1.007940
9709 135 61   1.007940
9710 135 62   1.007940
9711 135 63   1.007940
9712 135 64   1.007940
9713 135 65   1.007940
9714 135 66   1.007940
9715 135 67   1.007940
9716 135 68   1.007940
9717 135 69   1.007940
9718 135 70   1.007940
9719 135 71   1.007940
9720 135 72   1.007940
9721 136 1  50.941500
9722 136 2  50.941500
9723 136 3  50.941500
9724 136 4  50.941500
9725 136 5  15.999400
9726 136 6  15.999400
9727 136 7  15.999400
9728 136 8  15.999400
9729 136 9  15.999400
9730 136 10  15.999400
9731 136 11  15.999400
9732 136 12  15.999400
9733 136 13  15.999400
9734 136 14  15.999400
9735 136 15  15.999400
9736 136 16  15.999400
9737 136 17  15.999400
9738 136 18  15.999400
9739 136 19  15.999400
9740 136 20  15.999400
9741 136 21  15.999400
9742 136 22  15.999400
9743 136 23  15.999400
9744 136 24  15.999400
9745 136 25  12.010700
9746 136 26  12.010700
9747 136 27  12.010700
9748 136 28  12.010700
9749 136 29  12.010700
9750 136 30  12.010700
9751 136 31  12.010700
9752 136 32  12.010700
9753 136 33  12.010700
9754 136 34  12.010700
9755 136 35  12.010700
9756 136 36  12.010700
9757 136 37  12.010700
9758 136 38  12.010700
9759 136 39  12.010700
9760 136 40  12.010700
9761 136 41  12.010700
9762 136 42  12.010700
9763 136 43  12.010700
9764 136 44  12.010700
9765 136 45  12.010700
9766 136 46  12.010700
9767 136 47  12.010700
9768 136 48  12.010700
9769 136 49  12.010700
9770 136 50  12.010700
9771 136 51  12.010700
9772 136 52  12.010700
9773 136 53  12.010700
9774 136 54  12.010700
9775 136 55  12.010700
9776 136 56  12.010700
9777 136 57   1.007940
9778 136 58   1.007940
9779 136 59   1.007940
9780 136 60   1.007940
9781 136 61   1.007940
9782 136 62   1.007940
9783 136 63   1.007940
9784 136 64   1.007940
9785 136 65   1.007940
9786 136 66   1.007940
9787 136 67   1.007940
9788 136 68   1.007940
9789 136 69   1.007940
9790 136 70   1.007940
9791 136 71   1.007940
9792 136 72   1.007940
9793 137 1  50.941500
9794 137 2  50.941500
9795 137 3  50.941500
9796 137 4  50.941500
9797 137 5  15.999400
9798 137 6  15.999400
9799 137 7  15.999400
9800 137 8  15.999400
9801 137 9  15.999400
9802 137 10  15.999400
9803 137 11  15.999400
9804 137 12  15.999400
9805 137 13  15.999400
9806 137 14  15.999400
9807 137 15  15.999400
9808 137 16  15.999400
9809 137 17  15.999400
9810 137 18  15.999400
9811 137 19  15.999400
9812 137 20  15.999400
9813 137 21  15.999400
9814 137 22  15.999400
9815 137 23  15.999400
9816 137 24  15.999400
9817 137 25  12.010700
9818 137 26  12.010700
9819 137 27  12.010700
9820 137 28  12.010700
9821 137 29  12.010700
9822 137 30  12.010700
9823 137 31  12.010700
9824 137 32  12.010700
9825 137 33  12.010700
9826 137 34  12.010700
9827 137 35  12.010700
9828 137 36  12.010700
9829 137 37  12.010700
9830 137 38  12.010700
9831 137 39  12.010700
9832 137 40  12.010700
9833 137 41  12.010700
9834 137 42  12.010700
9835 137 43  12.010700
9836 137 44  12.010700
9837 137 45  12.010700
9838 137 46  12.010700
9839 137 47  12.010700
9840 137 48  12.010700
9841 137 49  12.010700
9842 137 50  12.010700
9843 137 51  12.010700
9844 137 52  12.010700
9845 137 53  12.010700
9846 137 54  12.010700
9847 137 55  12.010700
9848 137 56  12.010700
9849 137 57   1.007940
9850 137 58   1.007940
9851 137 59   1.007940
9852 137 60   1.007940
9853 137 61   1.007940
9854 137 62   1.007940
9855 137 63   1.007940
9856 137 64   1.007940
9857 137 65   1.007940
9858 137 66   1.007940
9859 137 67   1.007940
9860 137 68   1.007940
9861 137 69   1.007940
9862 137 70   1.007940
9863 137 71   1.007940
9864 137 72   1.007940
9865 138 1  50.941500
9866 138 2  50.941500
9867 138 3  50.941500
9868 138 4  50.941500
9869 138 5  15.999400
9870 138 6  15.999400
9871 138 7  15.999400
9872 138 8  15.999400
9873 138 9  15.999400
9874 138 10  15.999400
9875 138 11  15.999400
9876 138 12  15.999400
9877 138 13  15.999400
9878 138 14  15.999400
9879 138 15  15.999400
9880 138 16  15.999400
9881 138 17  15.999400
9882 138 18  15.999400
9883 138 19  15.999400
9884 138 20  15.999400
9885 138 21  15.999400
9886 138 22  15.999400
9887 138 23  15.999400
9888 138 24  15.999400
9889 138 25  12.010700
9890 138 26  12.010700
9891 138 27  12.010700
9892 138 28  12.010700
9893 138 29  12.010700
9894 138 30  12.010700
9895 138 31  12.010700
9896 138 32  12.010700
9897 138 33  12.010700
9898 138 34  12.010700
9899 138 35  12.010700
9900 138 36  12.010700
9901 138 37  12.010700
9902 138 38  12.010700
9903 138 39  12.010700
9904 138 40  12.010700
9905 138 41  12.010700
9906 138 42  12.010700
9907 138 43  12.010700
9908 138 44  12.010700
9909 138 45  12.010700
9910 138 46  12.010700
9911 138 47  12.010700
9912 138 48  12.010700
9913 138 49  12.010700
9914 138 50  12.010700
9915 138 51  12.010700
9916 138 52  12.010700
9917 138 53  12.010700
9918 138 54  12.010700
9919 138 55  12.010700
9920 138 56  12.010700
9921 138 57   1.007940
9922 138 58   1.007940
9923 138 59   1.007940
9924 138 60   1.007940
9925 138 61   1.007940
9926 138 62   1.007940
9927 138 63   1.007940
9928 138 64   1.007940
9929 138 65   1.007940
9930 138 66   1.007940
9931 138 67   1.007940
9932 138 68   1.007940
9933 138 69   1.007940
9934 138 70   1.007940
9935 138 71   1.007940
9936 138 72   1.007940
9937 139 1  50.941500
9938 139 2  50.941500
9939 139 3  50.941500
9940 139 4  50.941500
9941 139 5  15.999400
9942 139 6  15.999400
9943 139 7  15.999400
9944 139 8  15.999400
9945 139 9  15.999400
9946 139 10  15.999400
9947 139 11  15.999400
9948 139 12  15.999400
9949 139 13  15.999400
9950 139 14  15.999400
9951 139 15  15.999400
9952 139 16  15.999400
9953 139 17  15.999400
9954 139 18  15.999400
9955 139 19  15.999400
9956 139 20  15.999400
9957 139 21  15.999400
9958 139 22  15.999400
9959 139 23  15.999400
9960 139 24  15.999400
9961 139 25  12.010700
9962 139 26  12.010700
9963 139 27  12.010700
9964 139 28  12.010700
9965 139 29  12.010700
9966 139 30  12.010700
9967 139 31  12.010700
9968 139 32  12.010700
9969 139 33  12.010700
9970 139 34  12.010700
9971 139 35  12.010700
9972 139 36  12.010700
9973 139 37  12.010700
9974 139 38  12.010700
9975 139 39  12.010700
9976 139 40  12.010700
9977 139 41  12.010700
9978 139 42  12.010700
9979 139 43  12.010700
9980 139 44  12.010700
9981 139 45  12.010700
9982 139 46  12.010700
9983 139 47  12.010700
9984 139 48  12.010700
9985 139 49  12.010700
9986 139 50  12.010700
9987 139 51  12.010700
9988 139 52  12.010700
9989 139 53  12.010700
9990 139 54  12.010700
9991 139 55  12.010700
9992 139 56  12.010700
9993 139 57   1.007940
9994 139 58   1.007940
9995 139 59   1.007940
9996 139 60   1.007940
9997 139 61   1.007940
9998 139 62   1.007940
9999 139 63   1.007940
10000 139 64   1.007940
10001 139 65   1.007940
10002 139 66   1.007940
10003 139 67   1.007940
10004 139 68   1.007940
10005 139 69   1.007940
10006 139 70   1.007940
10007 139 71   1.007940
10008 139 72   1.007940
10009 140 1  50.941500
10010 140 2  50.941500
10011 140 3  50.941500
10012 140 4  50.941500
10013 140 5  15.999400
10014 140 6  15.999400
10015 140 7  15.999400
10016 140 8  15.999400
10017 140 9  15.999400
10018 140 10  15.999400
10019 140 11  15.999400
10020 140 12  15.999400
10021 140 13  15.999400
10022 140 14  15.999400
10023 140 15  15.999400
10024 140 16  15.999400
10025 140 17  15.999400
10026 140 18  15.999400
10027 140 19  15.999400
10028 140 20  15.999400
10029 140 21  15.999400
10030 140 22  15.999400
10031 140 23  15.999400
10032 140 24  15.999400
10033 140 25  12.010700
10034 140 26  12.010700
10035 140 27  12.010700
10036 140 28  12.010700
10037 140 29  12.010700
10038 140 30  12.010700
10039 140 31  12.010700
10040 140 32  12.010700
10041 140 33  12.010700
10042 140 34  12.010700
10043 140 35  12.010700
10044 140 36  12.010700
10045 140 37  12.010700
10046 140 38  12.010700
10047 140 39  12.010700
10048 140 40  12.010700
10049 140 41  12.010700
10050 140 42  12.010700
10051 140 43  12.010700
10052 140 44  12.010700
10053 140 45  12.010700
10054 140 46  12.010700
10055 140 47  12.010700
10056 140 48  12.010700
10057 140 49  12.010700
10058 140 50  12.010700
10059 140 51  12.010700
10060 140 52  12.010700
10061 140 53  12.010700
10062 140 54  12.010700
10063 140 55  12.010700
10064 140 56  12.010700
10065 140 57   1.007940
10066 140 58   1.007940
10067 140 59   1.007940
10068 140 60   1.007940
10069 140 61   1.007940
10070 140 62   1.007940
10071 140 63   1.007940
10072 140 64   1.007940
10073 140 65   1.007940
10074 140 66   1.007940
10075 140 67   1.007940
10076 140 68   1.007940
10077 140 69   1.007940
10078 140 70   1.007940
10079 140 71   1.007940
10080 140 72   1.007940
10081 141 1  50.941500
10082 141 2  50.941500
10083 141 3  50.941500
10084 141 4  50.941500
10085 141 5  15.999400
10086 141 6  15.999400
10087 141 7  15.999400
10088 141 8  15.999400
10089 141 9  15.999400
10090 141 10  15.999400
10091 141 11  15.999400
10092 141 12  15.999400
10093 141 13  15.999400
10094 141 14  15.999400
10095 141 15  15.999400
10096 141 16  15.999400
10097 141 17  15.999400
10098 141 18  15.999400
10099 141 19  15.999400
10100 141 20  15.999400
10101 141 21  15.999400
10102 141 22  15.999400
10103 141 23  15.999400
10104 141 24  15.999400
10105 141 25  12.010700
10106 141 26  12.010700
10107 141 27  12.010700
10108 141 28  12.010700
10109 141 29  12.010700
10110 141 30  12.010700
10111 141 31  12.010700
10112 141 32  12.010700
10113 141 33  12.010700
10114 141 34  12.010700
10115 141 35  12.010700
10116 141 36  12.010700
10117 141 37  12.010700
10118 141 38  12.010700
10119 141 39  12.010700
10120 141 40  12.010700
10121 141 41  12.010700
10122 141 42  12.010700
10123 141 43  12.010700
10124 141 44  12.010700
10125 141 45  12.010700
10126 141 46  12.010700
10127 141 47  12.010700
10128 141 48  12.010700
10129 141 49  12.010700
10130 141 50  12.010700
10131 141 51  12.010700
10132 141 52  12.010700
10133 141 53  12.010700
10134 141 54  12.010700
10135 141 55  12.010700
10136 141 56  12.010700
10137 141 57   1.007940
10138 141 58   1.007940
10139 141 59   1.007940
10140 141 60   1.007940
10141 141 61   1.007940
10142 141 62   1.007940
10143 141 63   1.007940
10144 141 64   1.007940
10145 141 65   1.007940
10146 141 66   1.007940
10147 141 67   1.007940
10148 141 68   1.007940
10149 141 69   1.007940
10150 141 70   1.007940
10151 141 71   1.007940
10152 141 72   1.007940
10153 142 1  50.941500
10154 142 2  50.941500
10155 142 3  50.941500
10156 142 4  50.941500
10157 142 5  15.999400
10158 142 6  15.999400
10159 142 7  15.999400
10160 142 8  15.999400
10161 142 9  15.999400
10162 142 10  15.999400
10163 142 11  15.999400
10164 142 12  15.999400
10165 142 13  15.999400
10166 142 14  15.999400
10167 142 15  15.999400
10168 142 16  15.999400
10169 142 17  15.999400
10170 142 18  15.999400
10171 142 19  15.999400
10172 142 20  15.999400
10173 142 21  15.999400
10174 142 22  15.999400
10175 142 23  15.999400
10176 142 24  15.999400
10177 142 25  12.010700
10178 142 26  12.010700
10179 142 27  12.010700
10180 142 28  12.010700
10181 142 29  12.010700
10182 142 30  12.010700
10183 142 31  12.010700
10184 142 32  12.010700
10185 142 33  12.010700
10186 142 34  12.010700
10187 142 35  12.010700
10188 142 36  12.010700
10189 142 37  12.010700
10190 142 38  12.010700
10191 142 39  12.010700
10192 142 40  12.010700
10193 142 41  12.010700
10194 142 42  12.010700
10195 142 43  12.010700
10196 142 44  12.010700
10197 142 45  12.010700
10198 142 46  12.010700
10199 142 47  12.010700
10200 142 48  12.010700
10201 142 49  12.010700
10202 142 50  12.010700
10203 142 51  12.010700
10204 142 52  12.010700
10205 142 53  12.010700
10206 142 54  12.010700
10207 142 55  12.010700
10208 142 56  12.010700
10209 142 57   1.007940
10210 142 58   1.007940
10211 142 59   1.007940
10212 142 60   1.007940
10213 142 61   1.007940
10214 142 62   1.007940
10215 142 63   1.007940
10216 142 64   1.007940
10217 142 65   1.007940
10218 142 66   1.007940
10219 142 67   1.007940
10220 142 68   1.007940
10221 142 69   1.007940
10222 142 70   1.007940
10223 142 71   1.007940
10224 142 72   1.007940
10225 143 1  50.941500
10226 143 2  50.941500
10227 143 3  50.941500
10228 143 4  50.941500
10229 143 5  15.999400
10230 143 6  15.999400
10231 143 7  15.999400
10232 143 8  15.999400
10233 143 9  15.999400
10234 143 10  15.999400
10235 143 11  15.999400
10236 143 12  15.999400
10237 143 13  15.999400
10238 143 14  15.999400
10239 143 15  15.999400
10240 143 16  15.999400
10241 143 17  15.999400
10242 143 18  15.999400
10243 143 19  15.999400
10244 143 20  15.999400
10245 143 21  15.999400
10246 143 22  15.999400
10247 143 23  15.999400
10248 143 24  15.999400
10249 143 25  12.010700
10250 143 26  12.010700
10251 143 27  12.010700
10252 143 28  12.010700
10253 143 29  12.010700
10254 143 30  12.010700
10255 143 31  12.010700
10256 143 32  12.010700
10257 143 33  12.010700
10258 143 34  12.010700
10259 143 35  12.010700
10260 143 36  12.010700
10261 143 37  12.010700
10262 143 38  12.010700
10263 143 39  12.010700
10264 143 40  12.010700
10265 143 41  12.010700
10266 143 42  12.010700
10267 143 43  12.010700
10268 143 44  12.010700
10269 143 45  12.010700
10270 143 46  12.010700
10271 143 47  12.010700
10272 143 48  12.010700
10273 143 49  12.010700
10274 143 50  12.010700
10275 143 51  12.010700
10276 143 52  12.010700
10277 143 53  12.010700
10278 143 54  12.010700
10279 143 55  12.010700
10280 143 56  12.010700
10281 143 57   1.007940
10282 143 58   1.007940
10283 143 59   1.007940
10284 143 60   1.007940
10285 143 61   1.007940
10286 143 62   1.007940
10287 143 63   1.007940
10288 143 64   1.007940
10289 143 65   1.007940
10290 143 66   1.007940
10291 143 67   1.007940
10292 143 68   1.007940
10293 143 69   1.007940
10294 143 70   1.007940
10295 143 71   1.007940
10296 143 72   1.007940
10297 144 1  50.941500
10298 144 2  50.941500
10299 144 3  50.941500
10300 144 4  50.941500
10301 144 5  15.999400
10302 144 6  15.999400
10303 144 7  15.999400
10304 144 8  15.999400
10305 144 9  15.999400
10306 144 10  15.999400
10307 144 11  15.999400
10308 144 12  15.999400
10309 144 13  15.999400
10310 144 14  15.999400
10311 144 15  15.999400
10312 144 16  15.999400
10313 144 17  15.999400
10314 144 18  15.999400
10315 144 19  15.999400
10316 144 20  15.999400
10317 144 21  15.999400
10318 144 22  15.999400
10319 144 23  15.999400
10320 144 24  15.999400
10321 144 25  12.010700
10322 144 26  12.010700
10323 144 27  12.010700
10324 144 28  12.010700
10325 144 29  12.010700
10326 144 30  12.010700
10327 144 31  12.010700
10328 144 32  12.010700
10329 144 33  12.010700
10330 144 34  12.010700
10331 144 35  12.010700
10332 144 36  12.010700
10333 144 37  12.010700
10334 144 38  12.010700
10335 144 39  12.010700
10336 144 40  12.010700
10337 144 41  12.010700
10338 144 42  12.010700
10339 144 43  12.010700
10340 144 44  12.010700
10341 144 45  12.010700
10342 144 46  12.010700
10343 144 47  12.010700
10344 144 48  12.010700
10345 144 49  12.010700
10346 144 50  12.010700
10347 144 51  12.010700
10348 144 52  12.010700
10349 144 53  12.010700
10350 144 54  12.010700
10351 144 55  12.010700
10352 144 56  12.010700
10353 144 57   1.007940
10354 144 58   1.007940
10355 144 59   1.007940
10356 144 60   1.007940
10357 144 61   1.007940
10358 144 62   1.007940
10359 144 63   1.007940
10360 144 64   1.007940
10361 144 65   1.007940
10362 144 66   1.007940
10363 144 67   1.007940
10364 144 68   1.007940
10365 144 69   1.007940
10366 144 70   1.007940
10367 144 71   1.007940
10368 144 72   1.007940
10369 145 1  50.941500
10370 145 2  50.941500
10371 145 3  50.941500
10372 145 4  50.941500
10373 145 5  15.999400
10374 145 6  15.999400
10375 145 7  15.999400
10376 145 8  15.999400
10377 145 9  15.999400
10378 145 10  15.999400
10379 145 11  15.999400
10380 145 12  15.999400
10381 145 13  15.999400
10382 145 14  15.999400
10383 145 15  15.999400
10384 145 16  15.999400
10385 145 17  15.999400
10386 145 18  15.999400
10387 145 19  15.999400
10388 145 20  15.999400
10389 145 21  15.999400
10390 145 22  15.999400
10391 145 23  15.999400
10392 145 24  15.999400
10393 145 25  12.010700
10394 145 26  12.010700
10395 145 27  12.010700
10396 145 28  12.010700
10397 145 29  12.010700
10398 145 30  12.010700
10399 145 31  12.010700
10400 145 32  12.010700
10401 145 33  12.010700
10402 145 34  12.010700
10403 145 35  12.010700
10404 145 36  12.010700
10405 145 37  12.010700
10406 145 38  12.010700
10407 145 39  12.010700
10408 145 40  12.010700
10409 145 41  12.010700
10410 145 42  12.010700
10411 145 43  12.010700
10412 145 44  12.010700
10413 145 45  12.010700
10414 145 46  12.010700
10415 145 47  12.010700
10416 145 48  12.010700
10417 145 49  12.010700
10418 145 50  12.010700
10419 145 51  12.010700
10420 145 52  12.010700
10421 145 53  12.010700
10422 145 54  12.010700
10423 145 55  12.010700
10424 145 56  12.010700
10425 145 57   1.007940
10426 145 58   1.007940
10427 145 59   1.007940
10428 145 60   1.007940
10429 145 61   1.007940
10430 145 62   1.007940
10431 145 63   1.007940
10432 145 64   1.007940
10433 145 65   1.007940
10434 145 66   1.007940
10435 145 67   1.007940
10436 145 68   1.007940
10437 145 69   1.007940
10438 145 70   1.007940
10439 145 71   1.007940
10440 145 72   1.007940
10441 146 1  50.941500
10442 146 2  50.941500
10443 146 3  50.941500
10444 146 4  50.941500
10445 146 5  15.999400
10446 146 6  15.999400
10447 146 7  15.999400
10448 146 8  15.999400
10449 146 9  15.999400
10450 146 10  15.999400
10451 146 11  15.999400
10452 146 12  15.999400
10453 146 13  15.999400
10454 146 14  15.999400
10455 146 15  15.999400
10456 146 16  15.999400
10457 146 17  15.999400
10458 146 18  15.999400
10459 146 19  15.999400
10460 146 20  15.999400
10461 146 21  15.999400
10462 146 22  15.999400
10463 146 23  15.999400
10464 146 24  15.999400
10465 146 25  12.010700
10466 146 26  12.010700
10467 146 27  12.010700
10468 146 28  12.010700
10469 146 29  12.010700
10470 146 30  12.010700
10471 146 31  12.010700
10472 146 32  12.010700
10473 146 33  12.010700
10474 146 34  12.010700
10475 146 35  12.010700
10476 146 36  12.010700
10477 146 37  12.010700
10478 146 38  12.010700
10479 146 39  12.010700
10480 146 40  12.010700
10481 146 41  12.010700
10482 146 42  12.010700
10483 146 43  12.010700
10484 146 44  12.010700
10485 146 45  12.010700
10486 146 46  12.010700
10487 146 47  12.010700
10488 146 48  12.010700
10489 146 49  12.010700
10490 146 50  12.010700
10491 146 51  12.010700
10492 146 52  12.010700
10493 146 53  12.010700
10494 146 54  12.010700
10495 146 55  12.010700
10496 146 56  12.010700
10497 146 57   1.007940
10498 146 58   1.007940
10499 146 59   1.007940
10500 146 60   1.007940
10501 146 61   1.007940
10502 146 62   1.007940
10503 146 63   1.007940
10504 146 64   1.007940
10505 146 65   1.007940
10506 146 66   1.007940
10507 146 67   1.007940
10508 146 68   1.007940
10509 146 69   1.007940
10510 146 70   1.007940
10511 146 71   1.007940
10512 146 72   1.007940
10513 147 1  50.941500
10514 147 2  50.941500
10515 147 3  50.941500
10516 147 4  50.941500
10517 147 5  15.999400
10518 147 6  15.999400
10519 147 7  15.999400
10520 147 8  15.999400
10521 147 9  15.999400
10522 147 10  15.999400
10523 147 11  15.999400
10524 147 12  15.999400
10525 147 13  15.999400
10526 147 14  15.999400
10527 147 15  15.999400
10528 147 16  15.999400
10529 147 17  15.999400
10530 147 18  15.999400
10531 147 19  15.999400
10532 147 20  15.999400
10533 147 21  15.999400
10534 147 22  15.999400
10535 147 23  15.999400
10536 147 24  15.999400
10537 147 25  12.010700
10538 147 26  12.010700
10539 147 27  12.010700
10540 147 28  12.010700
10541 147 29  12.010700
10542 147 30  12.010700
10543 147 31  12.010700
10544 147 32  12.010700
10545 147 33  12.010700
10546 147 34  12.010700
10547 147 35  12.010700
10548 147 36  12.010700
10549 147 37  12.010700
10550 147 38  12.010700
10551 147 39  12.010700
10552 147 40  12.010700
10553 147 41  12.010700
10554 147 42  12.010700
10555 147 43  12.010700
10556 147 44  12.010700
10557 147 45  12.010700
10558 147 46  12.010700
10559 147 47  12.010700
10560 147 48  12.010700
10561 147 49  12.010700
10562 147 50  12.010700
10563 147 51  12.010700
10564 147 52  12.010700
10565 147 53  12.010700
10566 147 54  12.010700
10567 147 55  12.010700
10568 147 56  12.010700
10569 147 57   1.007940
10570 147 58   1.007940
10571 147 59   1.007940
10572 147 60   1.007940
10573 147 61   1.007940
10574 147 62   1.007940
10575 147 63   1.007940
10576 147 64   1.007940
10577 147 65   1.007940
10578 147 66   1.007940
10579 147 67   1.007940
10580 147 68   1.007940
10581 147 69   1.007940
10582 147 70   1.007940
10583 147 71   1.007940
10584 147 72   1.007940
10585 148 1  50.941500
10586 148 2  50.941500
10587 148 3  50.941500
10588 148 4  50.941500
10589 148 5  15.999400
10590 148 6  15.999400
10591 148 7  15.999400
10592 148 8  15.999400
10593 148 9  15.999400
10594 148 10  15.999400
10595 148 11  15.999400
10596 148 12  15.999400
10597 148 13  15.999400
10598 148 14  15.999400
10599 148 15  15.999400
10600 148 16  15.999400
10601 148 17  15.999400
10602 148 18  15.999400
10603 148 19  15.999400
10604 148 20  15.999400
10605 148 21  15.999400
10606 148 22  15.999400
10607 148 23  15.999400
10608 148 24  15.999400
10609 148 25  12.010700
10610 148 26  12.010700
10611 148 27  12.010700
10612 148 28  12.010700
10613 148 29  12.010700
10614 148 30  12.010700
10615 148 31  12.010700
10616 148 32  12.010700
10617 148 33  12.010700
10618 148 34  12.010700
10619 148 35  12.010700
10620 148 36  12.010700
10621 148 37  12.010700
10622 148 38  12.010700
10623 148 39  12.010700
10624 148 40  12.010700
10625 148 41  12.010700
10626 148 42  12.010700
10627 148 43  12.010700
10628 148 44  12.010700
10629 148 45  12.010700
10630 148 46  12.010700
10631 148 47  12.010700
10632 148 48  12.010700
10633 148 49  12.010700
10634 148 50  12.010700
10635 148 51  12.010700
10636 148 52  12.010700
10637 148 53  12.010700
10638 148 54  12.010700
10639 148 55  12.010700
10640 148 56  12.010700
10641 148 57   1.007940
10642 148 58   1.007940
10643 148 59   1.007940
10644 148 60   1.007940
10645 148 61   1.007940
10646 148 62   1.007940
10647 148 63   1.007940
10648 148 64   1.007940
10649 148 65   1.007940
10650 148 66   1.007940
10651 148 67   1.007940
10652 148 68   1.007940
10653 148 69   1.007940
10654 148 70   1.007940
10655 148 71   1.007940
10656 148 72   1.007940
10657 149 1  50.941500
10658 149 2  50.941500
10659 149 3  50.941500
10660 149 4  50.941500
10661 149 5  15.999400
10662 149 6  15.999400
10663 149 7  15.999400
10664 149 8  15.999400
10665 149 9  15.999400
10666 149 10  15.999400
10667 149 11  15.999400
10668 149 12  15.999400
10669 149 13  15.999400
10670 149 14  15.999400
10671 149 15  15.999400
10672 149 16  15.999400
10673 149 17  15.999400
10674 149 18  15.999400
10675 149 19  15.999400
10676 149 20  15.999400
10677 149 21  15.999400
10678 149 22  15.999400
10679 149 23  15.999400
10680 149 24  15.999400
10681 149 25  12.010700
10682 149 26  12.010700
10683 149 27  12.010700
10684 149 28  12.010700
10685 149 29  12.010700
10686 149 30  12.010700
10687 149 31  12.010700
10688 149 32  12.010700
10689 149 33  12.010700
10690 149 34  12.010700
10691 149 35  12.010700
10692 149 36  12.010700
10693 149 37  12.010700
10694 149 38  12.010700
10695 149 39  12.010700
10696 149 40  12.010700
10697 149 41  12.010700
10698 149 42  12.010700
10699 149 43  12.010700
10700 149 44  12.010700
10701 149 45  12.010700
10702 149 46  12.010700
10703 149 47  12.010700
10704 149 48  12.010700
10705 149 49  12.010700
10706 149 50  12.010700
10707 149 51  12.010700
10708 149 52  12.010700
10709 149 53  12.010700
10710 149 54  12.010700
10711 149 55  12.010700
10712 149 56  12.010700
10713 149 57   1.007940
10714 149 58   1.007940
10715 149 59   1.007940
10716 149 60   1.007940
10717 149 61   1.007940
10718 149 62   1.007940
10719 149 63   1.007940
10720 149 64   1.007940
10721 149 65   1.007940
10722 149 66   1.007940
10723 149 67   1.007940
10724 149 68   1.007940
10725 149 69   1.007940
10726 149 70   1.007940
10727 149 71   1.007940
10728 149 72   1.007940
10729 150 1  50.941500
10730 150 2  50.941500
10731 150 3  50.941500
10732 150 4  50.941500
10733 150 5  15.999400
10734 150 6  15.999400
10735 150 7  15.999400
10736 150 8  15.999400
10737 150 9  15.999400
10738 150 10  15.999400
10739 150 11  15.999400
10740 150 12  15.999400
10741 150 13  15.999400
10742 150 14  15.999400
10743 150 15  15.999400
10744 150 16  15.999400
10745 150 17  15.999400
10746 150 18  15.999400
10747 150 19  15.999400
10748 150 20  15.999400
10749 150 21  15.999400
10750 150 22  15.999400
10751 150 23  15.999400
10752 150 24  15.999400
10753 150 25  12.010700
10754 150 26  12.010700
10755 150 27  12.010700
10756 150 28  12.010700
10757 150 29  12.010700
10758 150 30  12.010700
10759 150 31  12.010700
10760 150 32  12.010700
10761 150 33  12.010700
10762 150 34  12.010700
10763 150 35  12.010700
10764 150 36  12.010700
10765 150 37  12.010700
10766 150 38  12.010700
10767 150 39  12.010700
10768 150 40  12.010700
10769 150 41  12.010700
10770 150 42  12.010700
10771 150 43  12.010700
10772 150 44  12.010700
10773 150 45  12.010700
10774 150 46  12.010700
10775 150 47  12.010700
10776 150 48  12.010700
10777 150 49  12.010700
10778 150 50  12.010700
10779 150 51  12.010700
10780 150 52  12.010700
10781 150 53  12.010700
10782 150 54  12.010700
10783 150 55  12.010700
10784 150 56  12.010700
10785 150 57   1.007940
10786 150 58   1.007940
10787 150 59   1.007940
10788 150 60   1.007940
10789 150 61   1.007940
10790 150 62   1.007940
10791 150 63   1.007940
10792 150 64   1.007940
10793 150 65   1.007940
10794 150 66   1.007940
10795 150 67   1.007940
10796 150 68   1.007940
10797 150 69   1.007940
10798 150 70   1.007940
10799 150 71   1.007940
10800 150 72   1.007940
10801 151 1  50.941500
10802 151 2  50.941500
10803 151 3  50.941500
10804 151 4  50.941500
10805 151 5  15.999400
10806 151 6  15.999400
10807 151 7  15.999400
10808 151 8  15.999400
10809 151 9  15.999400
10810 151 10  15.999400
10811 151 11  15.999400
10812 151 12  15.999400
10813 151 13  15.999400
10814 151 14  15.999400
10815 151 15  15.999400
10816 151 16  15.999400
10817 151 17  15.999400
10818 151 18  15.999400
10819 151 19  15.999400
10820 151 20  15.999400
10821 151 21  15.999400
10822 151 22  15.999400
10823 151 23  15.999400
10824 151 24  15.999400
10825 151 25  12.010700
10826 151 26  12.010700
10827 151 27  12.010700
10828 151 28  12.010700
10829 151 29  12.010700
10830 151 30  12.010700
10831 151 31  12.010700
10832 151 32  12.010700
10833 151 33  12.010700
10834 151 34  12.010700
10835 151 35  12.010700
10836 151 36  12.010700
10837 151 37  12.010700
10838 151 38  12.010700
10839 151 39  12.010700
10840 151 40  12.010700
10841 151 41  12.010700
10842 151 42  12.010700
10843 151 43  12.010700
10844 151 44  12.010700
10845 151 45  12.010700
10846 151 46  12.010700
10847 151 47  12.010700
10848 151 48  12.010700
10849 151 49  12.010700
10850 151 50  12.010700
10851 151 51  12.010700
10852 151 52  12.010700
10853 151 53  12.010700
10854 151 54  12.010700
10855 151 55  12.010700
10856 151 56  12.010700
10857 151 57   1.007940
10858 151 58   1.007940
10859 151 59   1.007940
10860 151 60   1.007940
10861 151 61   1.007940
10862 151 62   1.007940
10863 151 63   1.007940
10864 151 64   1.007940
10865 151 65   1.007940
10866 151 66   1.007940
10867 151 67   1.007940
10868 151 68   1.007940
10869 151 69   1.007940
10870 151 70   1.007940
10871 151 71   1.007940
10872 151 72   1.007940
10873 152 1  50.941500
10874 152 2  50.941500
10875 152 3  50.941500
10876 152 4  50.941500
10877 152 5  15.999400
10878 152 6  15.999400
10879 152 7  15.999400
10880 152 8  15.999400
10881 152 9  15.999400
10882 152 10  15.999400
10883 152 11  15.999400
10884 152 12  15.999400
10885 152 13  15.999400
10886 152 14  15.999400
10887 152 15  15.999400
10888 152 16  15.999400
10889 152 17  15.999400
10890 152 18  15.999400
10891 152 19  15.999400
10892 152 20  15.999400
10893 152 21  15.999400
10894 152 22  15.999400
10895 152 23  15.999400
10896 152 24  15.999400
10897 152 25  12.010700
10898 152 26  12.010700
10899 152 27  12.010700
10900 152 28  12.010700
10901 152 29  12.010700
10902 152 30  12.010700
10903 152 31  12.010700
10904 152 32  12.010700
10905 152 33  12.010700
10906 152 34  12.010700
10907 152 35  12.010700
10908 152 36  12.010700
10909 152 37  12.010700
10910 152 38  12.010700
10911 152 39  12.010700
10912 152 40  12.010700
10913 152 41  12.010700
10914 152 42  12.010700
10915 152 43  12.010700
10916 152 44  12.010700
10917 152 45  12.010700
10918 152 46  12.010700
10919 152 47  12.010700
10920 152 48  12.010700
10921 152 49  12.010700
10922 152 50  12.010700
10923 152 51  12.010700
10924 152 52  12.010700
10925 152 53  12.010700
10926 152 54  12.010700
10927 152 55  12.010700
10928 152 56  12.010700
10929 152 57   1.007940
10930 152 58   1.007940
10931 152 59   1.007940
10932 152 60   1.007940
10933 152 61   1.007940
10934 152 62   1.007940
10935 152 63   1.007940
10936 152 64   1.007940
10937 152 65   1.007940
10938 152 66   1.007940
10939 152 67   1.007940
10940 152 68   1.007940
10941 152 69   1.007940
10942 152 70   1.007940
10943 152 71   1.007940
10944 152 72   1.007940
10945 153 1  50.941500
10946 153 2  50.941500
10947 153 3  50.941500
10948 153 4  50.941500
10949 153 5  15.999400
10950 153 6  15.999400
10951 153 7  15.999400
10952 153 8  15.999400
10953 153 9  15.999400
10954 153 10  15.999400
10955 153 11  15.999400
10956 153 12  15.999400
10957 153 13  15.999400
10958 153 14  15.999400
10959 153 15  15.999400
10960 153 16  15.999400
10961 153 17  15.999400
10962 153 18  15.999400
10963 153 19  15.999400
10964 153 20  15.999400
10965 153 21  15.999400
10966 153 22  15.999400
10967 153 23  15.999400
10968 153 24  15.999400
10969 153 25  12.010700
10970 153 26  12.010700
10971 153 27  12.010700
10972 153 28  12.010700
10973 153 29  12.010700
10974 153 30  12.010700
10975 153 31  12.010700
10976 153 32  12.010700
10977 153 33  12.010700
10978 153 34  12.010700
10979 153 35  12.010700
10980 153 36  12.010700
10981 153 37  12.010700
10982 153 38  12.010700
10983 153 39  12.010700
10984 153 40  12.010700
10985 153 41  12.010700
10986 153 42  12.010700
10987 153 43  12.010700
10988 153 44  12.010700
10989 153 45  12.010700
10990 153 46  12.010700
10991 153 47  12.010700
10992 153 48  12.010700
10993 153 49  12.010700
10994 153 50  12.010700
10995 153 51  12.010700
10996 153 52  12.010700
10997 153 53  12.010700
10998 153 54  12.010700
10999 153 55  12.010700
11000 153 56  12.010700
11001 153 57   1.007940
11002 153 58   1.007940
11003 153 59   1.007940
11004 153 60   1.007940
11005 153 61   1.007940
11006 153 62   1.007940
11007 153 63   1.007940
11008 153 64   1.007940
11009 153 65   1.007940
11010 153 66   1.007940
11011 153 67   1.007940
11012 153 68   1.007940
11013 153 69   1.007940
11014 153 70   1.007940
11015 153 71   1.007940
11016 153 72   1.007940
11017 154 1  50.941500
11018 154 2  50.941500
11019 154 3  50.941500
11020 154 4  50.941500
11021 154 5  15.999400
11022 154 6  15.999400
11023 154 7  15.999400
11024 154 8  15.999400
11025 154 9  15.999400
11026 154 10  15.999400
11027 154 11  15.999400
11028 154 12  15.999400
11029 154 13  15.999400
11030 154 14  15.999400
11031 154 15  15.999400
11032 154 16  15.999400
11033 154 17  15.999400
11034 154 18  15.999400
11035 154 19  15.999400
11036 154 20  15.999400
11037 154 21  15.999400
11038 154 22  15.999400
11039 154 23  15.999400
11040 154 24  15.999400
11041 154 25  12.010700
11042 154 26  12.010700
11043 154 27  12.010700
11044 154 28  12.010700
11045 154 29  12.010700
11046 154 30  12.010700
11047 154 31  12.010700
11048 154 32  12.010700
11049 154 33  12.010700
11050 154 34  12.010700
11051 154 35  12.010700
11052 154 36  12.010700
11053 154 37  12.010700
11054 154 38  12.010700
11055 154 39  12.010700
11056 154 40  12.010700
11057 154 41  12.010700
11058 154 42  12.010700
11059 154 43  12.010700
11060 154 44  12.010700
11061 154 45  12.010700
11062 154 46  12.010700
11063 154 47  12.010700
11064 154 48  12.010700
11065 154 49  12.010700
11066 154 50  12.010700
11067 154 51  12.010700
11068 154 52  12.010700
11069 154 53  12.010700
11070 154 54  12.010700
11071 154 55  12.010700
11072 154 56  12.010700
11073 154 57   1.007940
11074 154 58   1.007940
11075 154 59   1.007940
11076 154 60   1.007940
11077 154 61   1.007940
11078 154 62   1.007940
11079 154 63   1.007940
11080 154 64   1.007940
11081 154 65   1.007940
11082 154 66   1.007940
11083 154 67   1.007940
11084 154 68   1.007940
11085 154 69   1.007940
11086 154 70   1.007940
11087 154 71   1.007940
11088 154 72   1.007940
11089 155 1  50.941500
11090 155 2  50.941500
11091 155 3  50.941500
11092 155 4  50.941500
11093 155 5  15.999400
11094 155 6  15.999400
11095 155 7  15.999400
11096 155 8  15.999400
11097 155 9  15.999400
11098 155 10  15.999400
11099 155 11  15.999400
11100 155 12  15.999400
11101 155 13  15.999400
11102 155 14  15.999400
11103 155 15  15.999400
11104 155 16  15.999400
11105 155 17  15.999400
11106 155 18  15.999400
11107 155 19  15.999400
11108 155 20  15.999400
11109 155 21  15.999400
11110 155 22  15.999400
11111 155 23  15.999400
11112 155 24  15.999400
11113 155 25  12.010700
11114 155 26  12.010700
11115 155 27  12.010700
11116 155 28  12.010700
11117 155 29  12.010700
11118 155 30  12.010700
11119 155 31  12.010700
11120 155 32  12.010700
11121 155 33  12.010700
11122 155 34  12.010700
11123 155 35  12.010700
11124 155 36  12.010700
11125 155 37  12.010700
11126 155 38  12.010700
11127 155 39  12.010700
11128 155 40  12.010700
11129 155 41  12.010700
11130 155 42  12.010700
11131 155 43  12.010700
11132 155 44  12.010700
11133 155 45  12.010700
11134 155 46  12.010700
11135 155 47  12.010700
11136 155 48  12.010700
11137 155 49  12.010700
11138 155 50  12.010700
11139 155 51  12.010700
11140 155 52  12.010700
11141 155 53  12.010700
11142 155 54  12.010700
11143 155 55  12.010700
11144 155 56  12.010700
11145 155 57   1.007940
11146 155 58   1.007940
11147 155 59   1.007940
11148 155 60   1.007940
11149 155 61   1.007940
11150 155 62   1.007940
11151 155 63   1.007940
11152 155 64   1.007940
11153 155 65   1.007940
11154 155 66   1.007940
11155 155 67   1.007940
11156 155 68   1.007940
11157 155 69   1.007940
11158 155 70   1.007940
11159 155 71   1.007940
11160 155 72   1.007940
11161 156 1  50.941500
11162 156 2  50.941500
11163 156 3  50.941500
11164 156 4  50.941500
11165 156 5  15.999400
11166 156 6  15.999400
11167 156 7  15.999400
11168 156 8  15.999400
11169 156 9  15.999400
11170 156 10  15.999400
11171 156 11  15.999400
11172 156 12  15.999400
11173 156 13  15.999400
11174 156 14  15.999400
11175 156 15  15.999400
11176 156 16  15.999400
11177 156 17  15.999400
11178 156 18  15.999400
11179 156 19  15.999400
11180 156 20  15.999400
11181 156 21  15.999400
11182 156 22  15.999400
11183 156 23  15.999400
11184 156 24  15.999400
11185 156 25  12.010700
11186 156 26  12.010700
11187 156 27  12.010700
11188 156 28  12.010700
11189 156 29  12.010700
11190 156 30  12.010700
11191 156 31  12.010700
11192 156 32  12.010700
11193 156 33  12.010700
11194 156 34  12.010700
11195 156 35  12.010700
11196 156 36  12.010700
11197 156 37  12.010700
11198 156 38  12.010700
11199 156 39  12.010700
11200 156 40  12.010700
11201 156 41  12.010700
11202 156 42  12.010700
11203 156 43  12.010700
11204 156 44  12.010700
11205 156 45  12.010700
11206 156 46  12.010700
11207 156 47  12.010700
11208 156 48  12.010700
11209 156 49  12.010700
11210 156 50  12.010700
11211 156 51  12.010700
11212 156 52  12.010700
11213 156 53  12.010700
11214 156 54  12.010700
11215 156 55  12.010700
11216 156 56  12.010700
11217 156 57   1.007940
11218 156 58   1.007940
11219 156 59   1.007940
11220 156 60   1.007940
11221 156 61   1.007940
11222 156 62   1.007940
11223 156 63   1.007940
11224 156 64   1.007940
11225 156 65   1.007940
11226 156 66   1.007940
11227 156 67   1.007940
11228 156 68   1.007940
11229 156 69   1.007940
11230 156 70   1.007940
11231 156 71   1.007940
11232 156 72   1.007940
11233 157 1  50.941500
11234 157 2  50.941500
11235 157 3  50.941500
11236 157 4  50.941500
11237 157 5  15.999400
11238 157 6  15.999400
11239 157 7  15.999400
11240 157 8  15.999400
11241 157 9  15.999400
11242 157 10  15.999400
11243 157 11  15.999400
11244 157 12  15.999400
11245 157 13  15.999400
11246 157 14  15.999400
11247 157 15  15.999400
11248 157 16  15.999400
11249 157 17  15.999400
11250 157 18  15.999400
11251 157 19  15.999400
11252 157 20  15.999400
11253 157 21  15.999400
11254 157 22  15.999400
11255 157 23  15.999400
11256 157 24  15.999400
11257 157 25  12.010700
11258 157 26  12.010700
11259 157 27  12.010700
11260 157 28  12.010700
11261 157 29  12.010700
11262 157 30  12.010700
11263 157 31  12.010700
11264 157 32  12.010700
11265 157 33  12.010700
11266 157 34  12.010700
11267 157 35  12.010700
11268 157 36  12.010700
11269 157 37  12.010700
11270 157 38  12.010700
11271 157 39  12.010700
11272 157 40  12.010700
11273 157 41  12.010700
11274 157 42  12.010700
11275 157 43  12.010700
11276 157 44  12.010700
11277 157 45  12.010700
11278 157 46  12.010700
11279 157 47  12.010700
11280 157 48  12.010700
11281 157 49  12.010700
11282 157 50  12.010700
11283 157 51  12.010700
11284 157 52  12.010700
11285 157 53  12.010700
11286 157 54  12.010700
11287 157 55  12.010700
11288 157 56  12.010700
11289 157 57   1.007940
11290 157 58   1.007940
11291 157 59   1.007940
11292 157 60   1.007940
11293 157 61   1.007940
11294 157 62   1.007940
11295 157 63   1.007940
11296 157 64   1.007940
11297 157 65   1.007940
11298 157 66   1.007940
11299 157 67   1.007940
11300 157 68   1.007940
11301 157 69   1.007940
11302 157 70   1.007940
11303 157 71   1.007940
11304 157 72   1.007940
11305 158 1  50.941500
11306 158 2  50.941500
11307 158 3  50.941500
11308 158 4  50.941500
11309 158 5  15.999400
11310 158 6  15.999400
11311 158 7  15.999400
11312 158 8  15.999400
11313 158 9  15.999400
11314 158 10  15.999400
11315 158 11  15.999400
11316 158 12  15.999400
11317 158 13  15.999400
11318 158 14  15.999400
11319 158 15  15.999400
11320 158 16  15.999400
11321 158 17  15.999400
11322 158 18  15.999400
11323 158 19  15.999400
11324 158 20  15.999400
11325 158 21  15.999400
11326 158 22  15.999400
11327 158 23  15.999400
11328 158 24  15.999400
11329 158 25  12.010700
11330 158 26  12.010700
11331 158 27  12.010700
11332 158 28  12.010700
11333 158 29  12.010700
11334 158 30  12.010700
11335 158 31  12.010700
11336 158 32  12.010700
11337 158 33  12.010700
11338 158 34  12.010700
11339 158 35  12.010700
11340 158 36  12.010700
11341 158 37  12.010700
11342 158 38  12.010700
11343 158 39  12.010700
11344 158 40  12.010700
11345 158 41  12.010700
11346 158 42  12.010700
11347 158 43  12.010700
11348 158 44  12.010700
11349 158 45  12.010700
11350 158 46  12.010700
11351 158 47  12.010700
11352 158 48  12.010700
11353 158 49  12.010700
11354 158 50  12.010700
11355 158 51  12.010700
11356 158 52  12.010700
11357 158 53  12.010700
11358 158 54  12.010700
11359 158 55  12.010700
11360 158 56  12.010700
11361 158 57   1.007940
11362 158 58   1.007940
11363 158 59   1.007940
11364 158 60   1.007940
11365 158 61   1.007940
11366 158 62   1.007940
11367 158 63   1.007940
11368 158 64   1.007940
11369 158 65   1.007940
11370 158 66   1.007940
11371 158 67   1.007940
11372 158 68   1.007940
11373 158 69   1.007940
11374 158 70   1.007940
11375 158 71   1.007940
11376 158 72   1.007940
11377 159 1  50.941500
11378 159 2  50.941500
11379 159 3  50.941500
11380 159 4  50.941500
11381 159 5  15.999400
11382 159 6  15.999400
11383 159 7  15.999400
11384 159 8  15.999400
11385 159 9  15.999400
11386 159 10  15.999400
11387 159 11  15.999400
11388 159 12  15.999400
11389 159 13  15.999400
11390 159 14  15.999400
11391 159 15  15.999400
11392 159 16  15.999400
11393 159 17  15.999400
11394 159 18  15.999400
11395 159 19  15.999400
11396 159 20  15.999400
11397 159 21  15.999400
11398 159 22  15.999400
11399 159 23  15.999400
11400 159 24  15.999400
11401 159 25  12.010700
11402 159 26  12.010700
11403 159 27  12.010700
11404 159 28  12.010700
11405 159 29  12.010700
11406 159 30  12.010700
11407 159 31  12.010700
11408 159 32  12.010700
11409 159 33  12.010700
11410 159 34  12.010700
11411 159 35  12.010700
11412 159 36  12.010700
11413 159 37  12.010700
11414 159 38  12.010700
11415 159 39  12.010700
11416 159 40  12.010700
11417 159 41  12.010700
11418 159 42  12.010700
11419 159 43  12.010700
11420 159 44  12.010700
11421 159 45  12.010700
11422 159 46  12.010700
11423 159 47  12.010700
11424 159 48  12.010700
11425 159 49  12.010700
11426 159 50  12.010700
11427 159 51  12.010700
11428 159 52  12.010700
11429 159 53  12.010700
11430 159 54  12.010700
11431 159 55  12.010700
11432 159 56  12.010700
11433 159 57   1.007940
11434 159 58   1.007940
11435 159 59   1.007940
11436 159 60   1.007940
11437 159 61   1.007940
11438 159 62   1.007940
11439 159 63   1.007940
11440 159 64   1.007940
11441 159 65   1.007940
11442 159 66   1.007940
11443 159 67   1.007940
11444 159 68   1.007940
11445 159 69   1.007940
11446 159 70   1.007940
11447 159 71   1.007940
11448 159 72   1.007940
11449 160 1  50.941500
11450 160 2  50.941500
11451 160 3  50.941500
11452 160 4  50.941500
11453 160 5  15.999400
11454 160 6  15.999400
11455 160 7  15.999400
11456 160 8  15.999400
11457 160 9  15.999400
11458 160 10  15.999400
11459 160 11  15.999400
11460 160 12  15.999400
11461 160 13  15.999400
11462 160 14  15.999400
11463 160 15  15.999400
11464 160 16  15.999400
11465 160 17  15.999400
11466 160 18  15.999400
11467 160 19  15.999400
11468 160 20  15.999400
11469 160 21  15.999400
11470 160 22  15.999400
11471 160 23  15.999400
11472 160 24  15.999400
11473 160 25  12.010700
11474 160 26  12.010700
11475 160 27  12.010700
11476 160 28  12.010700
11477 160 29  12.010700
11478 160 30  12.010700
11479 160 31  12.010700
11480 160 32  12.010700
11481 160 33  12.010700
11482 160 34  12.010700
11483 160 35  12.010700
11484 160 36  12.010700
11485 160 37  12.010700
11486 160 38  12.010700
11487 160 39  12.010700
11488 160 40  12.010700
11489 160 41  12.010700
11490 160 42  12.010700
11491 160 43  12.010700
11492 160 44  12.010700
11493 160 45  12.010700
11494 160 46  12.010700
11495 160 47  12.010700
11496 160 48  12.010700
11497 160 49  12.010700
11498 160 50  12.010700
11499 160 51  12.010700
11500 160 52  12.010700
11501 160 53  12.010700
11502 160 54  12.010700
11503 160 55  12.010700
11504 160 56  12.010700
11505 160 57   1.007940
11506 160 58   1.007940
11507 160 59   1.007940
11508 160 60   1.007940
11509 160 61   1.007940
11510 160 62   1.007940
11511 160 63   1.007940
11512 160 64   1.007940
11513 160 65   1.007940
11514 160 66   1.007940
11515 160 67   1.007940
11516 160 68   1.007940
11517 160 69   1.007940
11518 160 70   1.007940
11519 160 71   1.007940
11520 160 72   1.007940
11521 161 1  50.941500
11522 161 2  50.941500
11523 161 3  50.941500
11524 161 4  50.941500
11525 161 5  15.999400
11526 161 6  15.999400
11527 161 7  15.999400
11528 161 8  15.999400
11529 161 9  15.999400
11530 161 10  15.999400
11531 161 11  15.999400
11532 161 12  15.999400
11533 161 13  15.999400
11534 161 14  15.999400
11535 161 15  15.999400
11536 161 16  15.999400
11537 161 17  15.999400
11538 161 18  15.999400
11539 161 19  15.999400
11540 161 20  15.999400
11541 161 21  15.999400
11542 161 22  15.999400
11543 161 23  15.999400
11544 161 24  15.999400
11545 161 25  12.010700
11546 161 26  12.010700
11547 161 27  12.010700
11548 161 28  12.010700
11549 161 29  12.010700
11550 161 30  12.010700
11551 161 31  12.010700
11552 161 32  12.010700
11553 161 33  12.010700
11554 161 34  12.010700
11555 161 35  12.010700
11556 161 36  12.010700
11557 161 37  12.010700
11558 161 38  12.010700
11559 161 39  12.010700
11560 161 40  12.010700
11561 161 41  12.010700
11562 161 42  12.010700
11563 161 43  12.010700
11564 161 44  12.010700
11565 161 45  12.010700
11566 161 46  12.010700
11567 161 47  12.010700
11568 161 48  12.010700
11569 161 49  12.010700
11570 161 50  12.010700
11571 161 51  12.010700
11572 161 52  12.010700
11573 161 53  12.010700
11574 161 54  12.010700
11575 161 55  12.010700
11576 161 56  12.010700
11577 161 57   1.007940
11578 161 58   1.007940
11579 161 59   1.007940
11580 161 60   1.007940
11581 161 61   1.007940
11582 161 62   1.007940
11583 161 63   1.007940
11584 161 64   1.007940
11585 161 65   1.007940
11586 161 66   1.007940
11587 161 67   1.007940
11588 161 68   1.007940
11589 161 69   1.007940
11590 161 70   1.007940
11591 161 71   1.007940
11592 161 72   1.007940
11593 162 1  50.941500
11594 162 2  50.941500
11595 162 3  50.941500
11596 162 4  50.941500
11597 162 5  15.999400
11598 162 6  15.999400
11599 162 7  15.999400
11600 162 8  15.999400
11601 162 9  15.999400
11602 162 10  15.999400
11603 162 11  15.999400
11604 162 12  15.999400
11605 162 13  15.999400
11606 162 14  15.999400
11607 162 15  15.999400
11608 162 16  15.999400
11609 162 17  15.999400
11610 162 18  15.999400
11611 162 19  15.999400
11612 162 20  15.999400
11613 162 21  15.999400
11614 162 22  15.999400
11615 162 23  15.999400
11616 162 24  15.999400
11617 162 25  12.010700
11618 162 26  12.010700
11619 162 27  12.010700
11620 162 28  12.010700
11621 162 29  12.010700
11622 162 30  12.010700
11623 162 31  12.010700
11624 162 32  12.010700
11625 162 33  12.010700
11626 162 34  12.010700
11627 162 35  12.010700
11628 162 36  12.010700
11629 162 37  12.010700
11630 162 38  12.010700
11631 162 39  12.010700
11632 162 40  12.010700
11633 162 41  12.010700
11634 162 42  12.010700
11635 162 43  12.010700
11636 162 44  12.010700
11637 162 45  12.010700
11638 162 46  12.010700
11639 162 47  12.010700
11640 162 48  12.010700
11641 162 49  12.010700
11642 162 50  12.010700
11643 162 51  12.010700
11644 162 52  12.010700
11645 162 53  12.010700
11646 162 54  12.010700
11647 162 55  12.010700
11648 162 56  12.010700
11649 162 57   1.007940
11650 162 58   1.007940
11651 162 59   1.007940
11652 162 60   1.007940
11653 162 61   1.007940
11654 162 62   1.007940
11655 162 63   1.007940
11656 162 64   1.007940
11657 162 65   1.007940
11658 162 66   1.007940
11659 162 67   1.007940
11660 162 68   1.007940
11661 162 69   1.007940
11662 162 70   1.007940
11663 162 71   1.007940
11664 162 72   1.007940
11665 163 1  50.941500
11666 163 2  50.941500
11667 163 3  50.941500
11668 163 4  50.941500
11669 163 5  15.999400
11670 163 6  15.999400
11671 163 7  15.999400
11672 163 8  15.999400
11673 163 9  15.999400
11674 163 10  15.999400
11675 163 11  15.999400
11676 163 12  15.999400
11677 163 13  15.999400
11678 163 14  15.999400
11679 163 15  15.999400
11680 163 16  15.999400
11681 163 17  15.999400
11682 163 18  15.999400
11683 163 19  15.999400
11684 163 20  15.999400
11685 163 21  15.999400
11686 163 22  15.999400
11687 163 23  15.999400
11688 163 24  15.999400
11689 163 25  12.010700
11690 163 26  12.010700
11691 163 27  12.010700
11692 163 28  12.010700
11693 163 29  12.010700
11694 163 30  12.010700
11695 163 31  12.010700
11696 163 32  12.010700
11697 163 33  12.010700
11698 163 34  12.010700
11699 163 35  12.010700
11700 163 36  12.010700
11701 163 37  12.010700
11702 163 38  12.010700
11703 163 39  12.010700
11704 163 40  12.010700
11705 163 41  12.010700
11706 163 42  12.010700
11707 163 43  12.010700
11708 163 44  12.010700
11709 163 45  12.010700
11710 163 46  12.010700
11711 163 47  12.010700
11712 163 48  12.010700
11713 163 49  12.010700
11714 163 50  12.010700
11715 163 51  12.010700
11716 163 52  12.010700
11717 163 53  12.010700
11718 163 54  12.010700
11719 163 55  12.010700
11720 163 56  12.010700
11721 163 57   1.007940
11722 163 58   1.007940
11723 163 59   1.007940
11724 163 60   1.007940
11725 163 61   1.007940
11726 163 62   1.007940
11727 163 63   1.007940
11728 163 64   1.007940
11729 163 65   1.007940
11730 163 66   1.007940
11731 163 67   1.007940
11732 163 68   1.007940
11733 163 69   1.007940
11734 163 70   1.007940
11735 163 71   1.007940
11736 163 72   1.007940
11737 164 1  50.941500
11738 164 2  50.941500
11739 164 3  50.941500
11740 164 4  50.941500
11741 164 5  15.999400
11742 164 6  15.999400
11743 164 7  15.999400
11744 164 8  15.999400
11745 164 9  15.999400
11746 164 10  15.999400
11747 164 11  15.999400
11748 164 12  15.999400
11749 164 13  15.999400
11750 164 14  15.999400
11751 164 15  15.999400
11752 164 16  15.999400
11753 164 17  15.999400
11754 164 18  15.999400
11755 164 19  15.999400
11756 164 20  15.999400
11757 164 21  15.999400
11758 164 22  15.999400
11759 164 23  15.999400
11760 164 24  15.999400
11761 164 25  12.010700
11762 164 26  12.010700
11763 164 27  12.010700
11764 164 28  12.010700
11765 164 29  12.010700
11766 164 30  12.010700
11767 164 31  12.010700
11768 164 32  12.010700
11769 164 33  12.010700
11770 164 34  12.010700
11771 164 35  12.010700
11772 164 36  12.010700
11773 164 37  12.010700
11774 164 38  12.010700
11775 164 39  12.010700
11776 164 40  12.010700
11777 164 41  12.010700
11778 164 42  12.010700
11779 164 43  12.010700
11780 164 44  12.010700
11781 164 45  12.010700
11782 164 46  12.010700
11783 164 47  12.010700
11784 164 48  12.010700
11785 164 49  12.010700
11786 164 50  12.010700
11787 164 51  12.010700
11788 164 52  12.010700
11789 164 53  12.010700
11790 164 54  12.010700
11791 164 55  12.010700
11792 164 56  12.010700
11793 164 57   1.007940
11794 164 58   1.007940
11795 164 59   1.007940
11796 164 60   1.007940
11797 164 61   1.007940
11798 164 62   1.007940
11799 164 63   1.007940
11800 164 64   1.007940
11801 164 65   1.007940
11802 164 66   1.007940
11803 164 67   1.007940
11804 164 68   1.007940
11805 164 69   1.007940
11806 164 70   1.007940
11807 164 71   1.007940
11808 164 72   1.007940
11809 165 1  50.941500
11810 165 2  50.941500
11811 165 3  50.941500
11812 165 4  50.941500
11813 165 5  15.999400
11814 165 6  15.999400
11815 165 7  15.999400
11816 165 8  15.999400
11817 165 9  15.999400
11818 165 10  15.999400
11819 165 11  15.999400
11820 165 12  15.999400
11821 165 13  15.999400
11822 165 14  15.999400
11823 165 15  15.999400
11824 165 16  15.999400
11825 165 17  15.999400
11826 165 18  15.999400
11827 165 19  15.999400
11828 165 20  15.999400
11829 165 21  15.999400
11830 165 22  15.999400
11831 165 23  15.999400
11832 165 24  15.999400
11833 165 25  12.010700
11834 165 26  12.010700
11835 165 27  12.010700
11836 165 28  12.010700
11837 165 29  12.010700
11838 165 30  12.010700
11839 165 31  12.010700
11840 165 32  12.010700
11841 165 33  12.010700
11842 165 34  12.010700
11843 165 35  12.010700
11844 165 36  12.010700
11845 165 37  12.010700
11846 165 38  12.010700
11847 165 39  12.010700
11848 165 40  12.010700
11849 165 41  12.010700
11850 165 42  12.010700
11851 165 43  12.010700
11852 165 44  12.010700
11853 165 45  12.010700
11854 165 46  12.010700
11855 165 47  12.010700
11856 165 48  12.010700
11857 165 49  12.010700
11858 165 50  12.010700
11859 165 51  12.010700
11860 165 52  12.010700
11861 165 53  12.010700
11862 165 54  12.010700
11863 165 55  12.010700
11864 165 56  12.010700
11865 165 57   1.007940
11866 165 58   1.007940
11867 165 59   1.007940
11868 165 60   1.007940
11869 165 61   1.007940
11870 165 62   1.007940
11871 165 63   1.007940
11872 165 64   1.007940
11873 165 65   1.007940
11874 165 66   1.007940
11875 165 67   1.007940
11876 165 68   1.007940
11877 165 69   1.007940
11878 165 70   1.007940
11879 165 71   1.007940
11880 165 72   1.007940
11881 166 1  50.941500
11882 166 2  50.941500
11883 166 3  50.941500
11884 166 4  50.941500
11885 166 5  15.999400
11886 166 6  15.999400
11887 166 7  15.999400
11888 166 8  15.999400
11889 166 9  15.999400
11890 166 10  15.999400
11891 166 11  15.999400
11892 166 12  15.999400
11893 166 13  15.999400
11894 166 14  15.999400
11895 166 15  15.999400
11896 166 16  15.999400
11897 166 17  15.999400
11898 166 18  15.999400
11899 166 19  15.999400
11900 166 20  15.999400
11901 166 21  15.999400
11902 166 22  15.999400
11903 166 23  15.999400
11904 166 24  15.999400
11905 166 25  12.010700
11906 166 26  12.010700
11907 166 27  12.010700
11908 166 28  12.010700
11909 166 29  12.010700
11910 166 30  12.010700
11911 166 31  12.010700
11912 166 32  12.010700
11913 166 33  12.010700
11914 166 34  12.010700
11915 166 35  12.010700
11916 166 36  12.010700
11917 166 37  12.010700
11918 166 38  12.010700
11919 166 39  12.010700
11920 166 40  12.010700
11921 166 41  12.010700
11922 166 42  12.010700
11923 166 43  12.010700
11924 166 44  12.010700
11925 166 45  12.010700
11926 166 46  12.010700
11927 166 47  12.010700
11928 166 48  12.010700
11929 166 49  12.010700
11930 166 50  12.010700
11931 166 51  12.010700
11932 166 52  12.010700
11933 166 53  12.010700
11934 166 54  12.010700
11935 166 55  12.010700
11936 166 56  12.010700
11937 166 57   1.007940
11938 166 58   1.007940
11939 166 59   1.007940
11940 166 60   1.007940
11941 166 61   1.007940
11942 166 62   1.007940
11943 166 63   1.007940
11944 166 64   1.007940
11945 166 65   1.007940
11946 166 66   1.007940
11947 166 67   1.007940
11948 166 68   1.007940
11949 166 69   1.007940
11950 166 70   1.007940
11951 166 71   1.007940
11952 166 72   1.007940
11953 167 1  50.941500
11954 167 2  50.941500
11955 167 3  50.941500
11956 167 4  50.941500
11957 167 5  15.999400
11958 167 6  15.999400
11959 167 7  15.999400
11960 167 8  15.999400
11961 167 9  15.999400
11962 167 10  15.999400
11963 167 11  15.999400
11964 167 12  15.999400
11965 167 13  15.999400
11966 167 14  15.999400
11967 167 15  15.999400
11968 167 16  15.999400
11969 167 17  15.999400
11970 167 18  15.999400
11971 167 19  15.999400
11972 167 20  15.999400
11973 167 21  15.999400
11974 167 22  15.999400
11975 167 23  15.999400
11976 167 24  15.999400
11977 167 25  12.010700
11978 167 26  12.010700
11979 167 27  12.010700
11980 167 28  12.010700
11981 167 29  12.010700
11982 167 30  12.010700
11983 167 31  12.010700
11984 167 32  12.010700
11985 167 33  12.010700
11986 167 34  12.010700
11987 167 35  12.010700
11988 167 36  12.010700
11989 167 37  12.010700
11990 167 38  12.010700
11991 167 39  12.010700
11992 167 40  12.010700
11993 167 41  12.010700
11994 167 42  12.010700
11995 167 43  12.010700
11996 167 44  12.010700
11997 167 45  12.010700
11998 167 46  12.010700
11999 167 47  12.010700
12000 167 48  12.010700
12001 167 49  12.010700
12002 167 50  12.010700
12003 167 51  12.010700
12004 167 52  12.010700
12005 167 53  12.010700
12006 167 54  12.010700
12007 167 55  12.010700
12008 167 56  12.010700
12009 167 57   1.007940
12010 167 58   1.007940
12011 167 59   1.007940
12012 167 60   1.007940
12013 167 61   1.007940
12014 167 62   1.007940
12015 167 63   1.007940
12016 167 64   1.007940
12017 167 65   1.007940
12018 167 66   1.007940
12019 167 67   1.007940
12020 167 68   1.007940
12021 167 69   1.007940
12022 167 70   1.007940
12023 167 71   1.007940
12024 167 72   1.007940
12025 168 1  50.941500
12026 168 2  50.941500
12027 168 3  50.941500
12028 168 4  50.941500
12029 168 5  15.999400
12030 168 6  15.999400
12031 168 7  15.999400
12032 168 8  15.999400
12033 168 9  15.999400
12034 168 10  15.999400
12035 168 11  15.999400
12036 168 12  15.999400
12037 168 13  15.999400
12038 168 14  15.999400
12039 168 15  15.999400
12040 168 16  15.999400
12041 168 17  15.999400
12042 168 18  15.999400
12043 168 19  15.999400
12044 168 20  15.999400
12045 168 21  15.999400
12046 168 22  15.999400
12047 168 23  15.999400
12048 168 24  15.999400
12049 168 25  12.010700
12050 168 26  12.010700
12051 168 27  12.010700
12052 168 28  12.010700
12053 168 29  12.010700
12054 168 30  12.010700
12055 168 31  12.010700
12056 168 32  12.010700
12057 168 33  12.010700
12058 168 34  12.010700
12059 168 35  12.010700
12060 168 36  12.010700
12061 168 37  12.010700
12062 168 38  12.010700
12063 168 39  12.010700
12064 168 40  12.010700
12065 168 41  12.010700
12066 168 42  12.010700
12067 168 43  12.010700
12068 168 44  12.010700
12069 168 45  12.010700
12070 168 46  12.010700
12071 168 47  12.010700
12072 168 48  12.010700
12073 168 49  12.010700
12074 168 50  12.010700
12075 168 51  12.010700
12076 168 52  12.010700
12077 168 53  12.010700
12078 168 54  12.010700
12079 168 55  12.010700
12080 168 56  12.010700
12081 168 57   1.007940
12082 168 58   1.007940
12083 168 59   1.007940
12084 168 60   1.007940
12085 168 61   1.007940
12086 168 62   1.007940
12087 168 63   1.007940
12088 168 64   1.007940
12089 168 65   1.007940
12090 168 66   1.007940
12091 168 67   1.007940
12092 168 68   1.007940
12093 168 69   1.007940
12094 168 70   1.007940
12095 168 71   1.007940
12096 168 72   1.007940
12097 169 1  50.941500
12098 169 2  50.941500
12099 169 3  50.941500
12100 169 4  50.941500
12101 169 5  15.999400
12102 169 6  15.999400
12103 169 7  15.999400
12104 169 8  15.999400
12105 169 9  15.999400
12106 169 10  15.999400
12107 169 11  15.999400
12108 169 12  15.999400
12109 169 13  15.999400
12110 169 14  15.999400
12111 169 15  15.999400
12112 169 16  15.999400
12113 169 17  15.999400
12114 169 18  15.999400
12115 169 19  15.999400
12116 169 20  15.999400
12117 169 21  15.999400
12118 169 22  15.999400
12119 169 23  15.999400
12120 169 24  15.999400
12121 169 25  12.010700
12122 169 26  12.010700
12123 169 27  12.010700
12124 169 28  12.010700
12125 169 29  12.010700
12126 169 30  12.010700
12127 169 31  12.010700
12128 169 32  12.010700
12129 169 33  12.010700
12130 169 34  12.010700
12131 169 35  12.010700
12132 169 36  12.010700
12133 169 37  12.010700
12134 169 38  12.010700
12135 169 39  12.010700
12136 169 40  12.010700
12137 169 41  12.010700
12138 169 42  12.010700
12139 169 43  12.010700
12140 169 44  12.010700
12141 169 45  12.010700
12142 169 46  12.010700
12143 169 47  12.010700
12144 169 48  12.010700
12145 169 49  12.010700
12146 169 50  12.010700
12147 169 51  12.010700
12148 169 52  12.010700
12149 169 53  12.010700
12150 169 54  12.010700
12151 169 55  12.010700
12152 169 56  12.010700
12153 169 57   1.007940
12154 169 58   1.007940
12155 169 59   1.007940
12156 169 60   1.007940
12157 169 61   1.007940
12158 169 62   1.007940
12159 169 63   1.007940
12160 169 64   1.007940
12161 169 65   1.007940
12162 169 66   1.007940
12163 169 67   1.007940
12164 169 68   1.007940
12165 169 69   1.007940
12166 169 70   1.007940
12167 169 71   1.007940
12168 169 72   1.007940
12169 170 1  50.941500
12170 170 2  50.941500
12171 170 3  50.941500
12172 170 4  50.941500
12173 170 5  15.999400
12174 170 6  15.999400
12175 170 7  15.999400
12176 170 8  15.999400
12177 170 9  15.999400
12178 170 10  15.999400
12179 170 11  15.999400
12180 170 12  15.999400
12181 170 13  15.999400
12182 170 14  15.999400
12183 170 15  15.999400
12184 170 16  15.999400
12185 170 17  15.999400
12186 170 18  15.999400
12187 170 19  15.999400
12188 170 20  15.999400
12189 170 21  15.999400
12190 170 22  15.999400
12191 170 23  15.999400
12192 170 24  15.999400
12193 170 25  12.010700
12194 170 26  12.010700
12195 170 27  12.010700
12196 170 28  12.010700
12197 170 29  12.010700
12198 170 30  12.010700
12199 170 31  12.010700
12200 170 32  12.010700
12201 170 33  12.010700
12202 170 34  12.010700
12203 170 35  12.010700
12204 170 36  12.010700
12205 170 37  12.010700
12206 170 38  12.010700
12207 170 39  12.010700
12208 170 40  12.010700
12209 170 41  12.010700
12210 170 42  12.010700
12211 170 43  12.010700
12212 170 44  12.010700
12213 170 45  12.010700
12214 170 46  12.010700
12215 170 47  12.010700
12216 170 48  12.010700
12217 170 49  12.010700
12218 170 50  12.010700
12219 170 51  12.010700
12220 170 52  12.010700
12221 170 53  12.010700
12222 170 54  12.010700
12223 170 55  12.010700
12224 170 56  12.010700
12225 170 57   1.007940
12226 170 58   1.007940
12227 170 59   1.007940
12228 170 60   1.007940
12229 170 61   1.007940
12230 170 62   1.007940
12231 170 63   1.007940
12232 170 64   1.007940
12233 170 65   1.007940
12234 170 66   1.007940
12235 170 67   1.007940
12236 170 68   1.007940
12237 170 69   1.007940
12238 170 70   1.007940
12239 170 71   1.007940
12240 170 72   1.007940
12241 171 1  50.941500
12242 171 2  50.941500
12243 171 3  50.941500
12244 171 4  50.941500
12245 171 5  15.999400
12246 171 6  15.999400
12247 171 7  15.999400
12248 171 8  15.999400
12249 171 9  15.999400
12250 171 10  15.999400
12251 171 11  15.999400
12252 171 12  15.999400
12253 171 13  15.999400
12254 171 14  15.999400
12255 171 15  15.999400
12256 171 16  15.999400
12257 171 17  15.999400
12258 171 18  15.999400
12259 171 19  15.999400
12260 171 20  15.999400
12261 171 21  15.999400
12262 171 22  15.999400
12263 171 23  15.999400
12264 171 24  15.999400
12265 171 25  12.010700
12266 171 26  12.010700
12267 171 27  12.010700
12268 171 28  12.010700
12269 171 29  12.010700
12270 171 30  12.010700
12271 171 31  12.010700
12272 171 32  12.010700
12273 171 33  12.010700
12274 171 34  12.010700
12275 171 35  12.010700
12276 171 36  12.010700
12277 171 37  12.010700
12278 171 38  12.010700
12279 171 39  12.010700
12280 171 40  12.010700
12281 171 41  12.010700
12282 171 42  12.010700
12283 171 43  12.010700
12284 171 44  12.010700
12285 171 45  12.010700
12286 171 46  12.010700
12287 171 47  12.010700
12288 171 48  12.010700
12289 171 49  12.010700
12290 171 50  12.010700
12291 171 51  12.010700
12292 171 52  12.010700
12293 171 53  12.010700
12294 171 54  12.010700
12295 171 55  12.010700
12296 171 56  12.010700
12297 171 57   1.007940
12298 171 58   1.007940
12299 171 59   1.007940
12300 171 60   1.007940
12301 171 61   1.007940
12302 171 62   1.007940
12303 171 63   1.007940
12304 171 64   1.007940
12305 171 65   1.007940
12306 171 66   1.007940
12307 171 67   1.007940
12308 171 68   1.007940
12309 171 69   1.007940
12310 171 70   1.007940
12311 171 71   1.007940
12312 171 72   1.007940
12313 172 1  50.941500
12314 172 2  50.941500
12315 172 3  50.941500
12316 172 4  50.941500
12317 172 5  15.999400
12318 172 6  15.999400
12319 172 7  15.999400
12320 172 8  15.999400
12321 172 9  15.999400
12322 172 10  15.999400
12323 172 11  15.999400
12324 172 12  15.999400
12325 172 13  15.999400
12326 172 14  15.999400
12327 172 15  15.999400
12328 172 16  15.999400
12329 172 17  15.999400
12330 172 18  15.999400
12331 172 19  15.999400
12332 172 20  15.999400
12333 172 21  15.999400
12334 172 22  15.999400
12335 172 23  15.999400
12336 172 24  15.999400
12337 172 25  12.010700
12338 172 26  12.010700
12339 172 27  12.010700
12340 172 28  12.010700
12341 172 29  12.010700
12342 172 30  12.010700
12343 172 31  12.010700
12344 172 32  12.010700
12345 172 33  12.010700
12346 172 34  12.010700
12347 172 35  12.010700
12348 172 36  12.010700
12349 172 37  12.010700
12350 172 38  12.010700
12351 172 39  12.010700
12352 172 40  12.010700
12353 172 41  12.010700
12354 172 42  12.010700
12355 172 43  12.010700
12356 172 44  12.010700
12357 172 45  12.010700
12358 172 46  12.010700
12359 172 47  12.010700
12360 172 48  12.010700
12361 172 49  12.010700
12362 172 50  12.010700
12363 172 51  12.010700
12364 172 52  12.010700
12365 172 53  12.010700
12366 172 54  12.010700
12367 172 55  12.010700
12368 172 56  12.010700
12369 172 57   1.007940
12370 172 58   1.007940
12371 172 59   1.007940
12372 172 60   1.007940
12373 172 61   1.007940
12374 172 62   1.007940
12375 172 63   1.007940
12376 172 64   1.007940
12377 172 65   1.007940
12378 172 66   1.007940
12379 172 67   1.007940
12380 172 68   1.007940
12381 172 69   1.007940
12382 172 70   1.007940
12383 172 71   1.007940
12384 172 72   1.007940
12385 173 1  50.941500
12386 173 2  50.941500
12387 173 3  50.941500
12388 173 4  50.941500
12389 173 5  15.999400
12390 173 6  15.999400
12391 173 7  15.999400
12392 173 8  15.999400
12393 173 9  15.999400
12394 173 10  15.999400
12395 173 11  15.999400
12396 173 12  15.999400
12397 173 13  15.999400
12398 173 14  15.999400
12399 173 15  15.999400
12400 173 16  15.999400
12401 173 17  15.999400
12402 173 18  15.999400
12403 173 19  15.999400
12404 173 20  15.999400
12405 173 21  15.999400
12406 173 22  15.999400
12407 173 23  15.999400
12408 173 24  15.999400
12409 173 25  12.010700
12410 173 26  12.010700
12411 173 27  12.010700
12412 173 28  12.010700
12413 173 29  12.010700
12414 173 30  12.010700
12415 173 31  12.010700
12416 173 32  12.010700
12417 173 33  12.010700
12418 173 34  12.010700
12419 173 35  12.010700
12420 173 36  12.010700
12421 173 37  12.010700
12422 173 38  12.010700
12423 173 39  12.010700
12424 173 40  12.010700
12425 173 41  12.010700
12426 173 42  12.010700
12427 173 43  12.010700
12428 173 44  12.010700
12429 173 45  12.010700
12430 173 46  12.010700
12431 173 47  12.010700
12432 173 48  12.010700
12433 173 49  12.010700
12434 173 50  12.010700
12435 173 51  12.010700
12436 173 52  12.010700
12437 173 53  12.010700
12438 173 54  12.010700
12439 173 55  12.010700
12440 173 56  12.010700
12441 173 57   1.007940
12442 173 58   1.007940
12443 173 59   1.007940
12444 173 60   1.007940
12445 173 61   1.007940
12446 173 62   1.007940
12447 173 63   1.007940
12448 173 64   1.007940
12449 173 65   1.007940
12450 173 66   1.007940
12451 173 67   1.007940
12452 173 68   1.007940
12453 173 69   1.007940
12454 173 70   1.007940
12455 173 71   1.007940
12456 173 72   1.007940
12457 174 1  50.941500
12458 174 2  50.941500
12459 174 3  50.941500
12460 174 4  50.941500
12461 174 5  15.999400
12462 174 6  15.999400
12463 174 7  15.999400
12464 174 8  15.999400
12465 174 9  15.999400
12466 174 10  15.999400
12467 174 11  15.999400
12468 174 12  15.999400
12469 174 13  15.999400
12470 174 14  15.999400
12471 174 15  15.999400
12472 174 16  15.999400
12473 174 17  15.999400
12474 174 18  15.999400
12475 174 19  15.999400
12476 174 20  15.999400
12477 174 21  15.999400
12478 174 22  15.999400
12479 174 23  15.999400
12480 174 24  15.999400
12481 174 25  12.010700
12482 174 26  12.010700
12483 174 27  12.010700
12484 174 28  12.010700
12485 174 29  12.010700
12486 174 30  12.010700
12487 174 31  12.010700
12488 174 32  12.010700
12489 174 33  12.010700
12490 174 34  12.010700
12491 174 35  12.010700
12492 174 36  12.010700
12493 174 37  12.010700
12494 174 38  12.010700
12495 174 39  12.010700
12496 174 40  12.010700
12497 174 41  12.010700
12498 174 42  12.010700
12499 174 43  12.010700
12500 174 44  12.010700
12501 174 45  12.010700
12502 174 46  12.010700
12503 174 47  12.010700
12504 174 48  12.010700
12505 174 49  12.010700
12506 174 50  12.010700
12507 174 51  12.010700
12508 174 52  12.010700
12509 174 53  12.010700
12510 174 54  12.010700
12511 174 55  12.010700
12512 174 56  12.010700
12513 174 57   1.007940
12514 174 58   1.007940
12515 174 59   1.007940
12516 174 60   1.007940
12517 174 61   1.007940
12518 174 62   1.007940
12519 174 63   1.007940
12520 174 64   1.007940
12521 174 65   1.007940
12522 174 66   1.007940
12523 174 67   1.007940
12524 174 68   1.007940
12525 174 69   1.007940
12526 174 70   1.007940
12527 174 71   1.007940
12528 174 72   1.007940
12529 175 1  50.941500
12530 175 2  50.941500
12531 175 3  50.941500
12532 175 4  50.941500
12533 175 5  15.999400
12534 175 6  15.999400
12535 175 7  15.999400
12536 175 8  15.999400
12537 175 9  15.999400
12538 175 10  15.999400
12539 175 11  15.999400
12540 175 12  15.999400
12541 175 13  15.999400
12542 175 14  15.999400
12543 175 15  15.999400
12544 175 16  15.999400
12545 175 17  15.999400
12546 175 18  15.999400
12547 175 19  15.999400
12548 175 20  15.999400
12549 175 21  15.999400
12550 175 22  15.999400
12551 175 23  15.999400
12552 175 24  15.999400
12553 175 25  12.010700
12554 175 26  12.010700
12555 175 27  12.010700
12556 175 28  12.010700
12557 175 29  12.010700
12558 175 30  12.010700
12559 175 31  12.010700
12560 175 32  12.010700
12561 175 33  12.010700
12562 175 34  12.010700
12563 175 35  12.010700
12564 175 36  12.010700
12565 175 37  12.010700
12566 175 38  12.010700
12567 175 39  12.010700
12568 175 40  12.010700
12569 175 41  12.010700
12570 175 42  12.010700
12571 175 43  12.010700
12572 175 44  12.010700
12573 175 45  12.010700
12574 175 46  12.010700
12575 175 47  12.010700
12576 175 48  12.010700
12577 175 49  12.010700
12578 175 50  12.010700
12579 175 51  12.010700
12580 175 52  12.010700
12581 175 53  12.010700
12582 175 54  12.010700
12583 175 55  12.010700
12584 175 56  12.010700
12585 175 57   1.007940
12586 175 58   1.007940
12587 175 59   1.007940
12588 175 60   1.007940
12589 175 61   1.007940
12590 175 62   1.007940
12591 175 63   1.007940
12592 175 64   1.007940
12593 175 65   1.007940
12594 175 66   1.007940
12595 175 67   1.007940
12596 175 68   1.007940
12597 175 69   1.007940
12598 175 70   1.007940
12599 175 71   1.007940
12600 175 72   1.007940
12601 176 1  50.941500
12602 176 2  50.941500
12603 176 3  50.941500
12604 176 4  50.941500
12605 176 5  15.999400
12606 176 6  15.999400
12607 176 7  15.999400
12608 176 8  15.999400
12609 176 9  15.999400
12610 176 10  15.999400
12611 176 11  15.999400
12612 176 12  15.999400
12613 176 13  15.999400
12614 176 14  15.999400
12615 176 15  15.999400
12616 176 16  15.999400
12617 176 17  15.999400
12618 176 18  15.999400
12619 176 19  15.999400
12620 176 20  15.999400
12621 176 21  15.999400
12622 176 22  15.999400
12623 176 23  15.999400
12624 176 24  15.999400
12625 176 25  12.010700
12626 176 26  12.010700
12627 176 27  12.010700
12628 176 28  12.010700
12629 176 29  12.010700
12630 176 30  12.010700
12631 176 31  12.010700
12632 176 32  12.010700
12633 176 33  12.010700
12634 176 34  12.010700
12635 176 35  12.010700
12636 176 36  12.010700
12637 176 37  12.010700
12638 176 38  12.010700
12639 176 39  12.010700
12640 176 40  12.010700
12641 176 41  12.010700
12642 176 42  12.010700
12643 176 43  12.010700
12644 176 44  12.010700
12645 176 45  12.010700
12646 176 46  12.010700
12647 176 47  12.010700
12648 176 48  12.010700
12649 176 49  12.010700
12650 176 50  12.010700
12651 176 51  12.010700
12652 176 52  12.010700
12653 176 53  12.010700
12654 176 54  12.010700
12655 176 55  12.010700
12656 176 56  12.010700
12657 176 57   1.007940
12658 176 58   1.007940
12659 176 59   1.007940
12660 176 60   1.007940
12661 176 61   1.007940
12662 176 62   1.007940
12663 176 63   1.007940
12664 176 64   1.007940
12665 176 65   1.007940
12666 176 66   1.007940
12667 176 67   1.007940
12668 176 68   1.007940
12669 176 69   1.007940
12670 176 70   1.007940
12671 176 71   1.007940
12672 176 72   1.007940
12673 177 1  50.941500
12674 177 2  50.941500
12675 177 3  50.941500
12676 177 4  50.941500
12677 177 5  15.999400
12678 177 6  15.999400
12679 177 7  15.999400
12680 177 8  15.999400
12681 177 9  15.999400
12682 177 10  15.999400
12683 177 11  15.999400
12684 177 12  15.999400
12685 177 13  15.999400
12686 177 14  15.999400
12687 177 15  15.999400
12688 177 16  15.999400
12689 177 17  15.999400
12690 177 18  15.999400
12691 177 19  15.999400
12692 177 20  15.999400
12693 177 21  15.999400
12694 177 22  15.999400
12695 177 23  15.999400
12696 177 24  15.999400
12697 177 25  12.010700
12698 177 26  12.010700
12699 177 27  12.010700
12700 177 28  12.010700
12701 177 29  12.010700
12702 177 30  12.010700
12703 177 31  12.010700
12704 177 32  12.010700
12705 177 33  12.010700
12706 177 34  12.010700
12707 177 35  12.010700
12708 177 36  12.010700
12709 177 37  12.010700
12710 177 38  12.010700
12711 177 39  12.010700
12712 177 40  12.010700
12713 177 41  12.010700
12714 177 42  12.010700
12715 177 43  12.010700
12716 177 44  12.010700
12717 177 45  12.010700
12718 177 46  12.010700
12719 177 47  12.010700
12720 177 48  12.010700
12721 177 49  12.010700
12722 177 50  12.010700
12723 177 51  12.010700
12724 177 52  12.010700
12725 177 53  12.010700
12726 177 54  12.010700
12727 177 55  12.010700
12728 177 56  12.010700
12729 177 57   1.007940
12730 177 58   1.007940
12731 177 59   1.007940
12732 177 60   1.007940
12733 177 61   1.007940
12734 177 62   1.007940
12735 177 63   1.007940
12736 177 64   1.007940
12737 177 65   1.007940
12738 177 66   1.007940
12739 177 67   1.007940
12740 177 68   1.007940
12741 177 69   1.007940
12742 177 70   1.007940
12743 177 71   1.007940
12744 177 72   1.007940
12745 178 1  50.941500
12746 178 2  50.941500
12747 178 3  50.941500
12748 178 4  50.941500
12749 178 5  15.999400
12750 178 6  15.999400
12751 178 7  15.999400
12752 178 8  15.999400
12753 178 9  15.999400
12754 178 10  15.999400
12755 178 11  15.999400
12756 178 12  15.999400
12757 178 13  15.999400
12758 178 14  15.999400
12759 178 15  15.999400
12760 178 16  15.999400
12761 178 17  15.999400
12762 178 18  15.999400
12763 178 19  15.999400
12764 178 20  15.999400
12765 178 21  15.999400
12766 178 22  15.999400
12767 178 23  15.999400
12768 178 24  15.999400
12769 178 25  12.010700
12770 178 26  12.010700
12771 178 27  12.010700
12772 178 28  12.010700
12773 178 29  12.010700
12774 178 30  12.010700
12775 178 31  12.010700
12776 178 32  12.010700
12777 178 33  12.010700
12778 178 34  12.010700
12779 178 35  12.010700
12780 178 36  12.010700
12781 178 37  12.010700
12782 178 38  12.010700
12783 178 39  12.010700
12784 178 40  12.010700
12785 178 41  12.010700
12786 178 42  12.010700
12787 178 43  12.010700
12788 178 44  12.010700
12789 178 45  12.010700
12790 178 46  12.010700
12791 178 47  12.010700
12792 178 48  12.010700
12793 178 49  12.010700
12794 178 50  12.010700
12795 178 51  12.010700
12796 178 52  12.010700
12797 178 53  12.010700
12798 178 54  12.010700
12799 178 55  12.010700
12800 178 56  12.010700
12801 178 57   1.007940
12802 178 58   1.007940
12803 178 59   1.007940
12804 178 60   1.007940
12805 178 61   1.007940
12806 178 62   1.007940
12807 178 63   1.007940
12808 178 64   1.007940
12809 178 65   1.007940
12810 178 66   1.007940
12811 178 67   1.007940
12812 178 68   1.007940
12813 178 69   1.007940
12814 178 70   1.007940
12815 178 71   1.007940
12816 178 72   1.007940
12817 179 1  50.941500
12818 179 2  50.941500
12819 179 3  50.941500
12820 179 4  50.941500
12821 179 5  15.999400
12822 179 6  15.999400
12823 179 7  15.999400
12824 179 8  15.999400
12825 179 9  15.999400
12826 179 10  15.999400
12827 179 11  15.999400
12828 179 12  15.999400
12829 179 13  15.999400
12830 179 14  15.999400
12831 179 15  15.999400
12832 179 16  15.999400
12833 179 17  15.999400
12834 179 18  15.999400
12835 179 19  15.999400
12836 179 20  15.999400
12837 179 21  15.999400
12838 179 22  15.999400
12839 179 23  15.999400
12840 179 24  15.999400
12841 179 25  12.010700
12842 179 26  12.010700
12843 179 27  12.010700
12844 179 28  12.010700
12845 179 29  12.010700
12846 179 30  12.010700
12847 179 31  12.010700
12848 179 32  12.010700
12849 179 33  12.010700
12850 179 34  12.010700
12851 179 35  12.010700
12852 179 36  12.010700
12853 179 37  12.010700
12854 179 38  12.010700
12855 179 39  12.010700
12856 179 40  12.010700
12857 179 41  12.010700
12858 179 42  12.010700
12859 179 43  12.010700
12860 179 44  12.010700
12861 179 45  12.010700
12862 179 46  12.010700
12863 179 47  12.010700
12864 179 48  12.010700
12865 179 49  12.010700
12866 179 50  12.010700
12867 179 51  12.010700
12868 179 52  12.010700
12869 179 53  12.010700
12870 179 54  12.010700
12871 179 55  12.010700
12872 179 56  12.010700
12873 179 57   1.007940
12874 179 58   1.007940
12875 179 59   1.007940
12876 179 60   1.007940
12877 179 61   1.007940
12878 179 62   1.007940
12879 179 63   1.007940
12880 179 64   1.007940
12881 179 65   1.007940
12882 179 66   1.007940
12883 179 67   1.007940
12884 179 68   1.007940
12885 179 69   1.007940
12886 179 70   1.007940
12887 179 71   1.007940
12888 179 72   1.007940
12889 180 1  50.941500
12890 180 2  50.941500
12891 180 3  50.941500
12892 180 4  50.941500
12893 180 5  15.999400
12894 180 6  15.999400
12895 180 7  15.999400
12896 180 8  15.999400
12897 180 9  15.999400
12898 180 10  15.999400
12899 180 11  15.999400
12900 180 12  15.999400
12901 180 13  15.999400
12902 180 14  15.999400
12903 180 15  15.999400
12904 180 16  15.999400
12905 180 17  15.999400
12906 180 18  15.999400
12907 180 19  15.999400
12908 180 20  15.999400
12909 180 21  15.999400
12910 180 22  15.999400
12911 180 23  15.999400
12912 180 24  15.999400
12913 180 25  12.010700
12914 180 26  12.010700
12915 180 27  12.010700
12916 180 28  12.010700
12917 180 29  12.010700
12918 180 30  12.010700
12919 180 31  12.010700
12920 180 32  12.010700
12921 180 33  12.010700
12922 180 34  12.010700
12923 180 35  12.010700
12924 180 36  12.010700
12925 180 37  12.010700
12926 180 38  12.010700
12927 180 39  12.010700
12928 180 40  12.010700
12929 180 41  12.010700
12930 180 42  12.010700
12931 180 43  12.010700
12932 180 44  12.010700
12933 180 45  12.010700
12934 180 46  12.010700
12935 180 47  12.010700
12936 180 48  12.010700
12937 180 49  12.010700
12938 180 50  12.010700
12939 180 51  12.010700
12940 180 52  12.010700
12941 180 53  12.010700
12942 180 54  12.010700
12943 180 55  12.010700
12944 180 56  12.010700
12945 180 57   1.007940
12946 180 58   1.007940
12947 180 59   1.007940
12948 180 60   1.007940
12949 180 61   1.007940
12950 180 62   1.007940
12951 180 63   1.007940
12952 180 64   1.007940
12953 180 65   1.007940
12954 180 66   1.007940
12955 180 67   1.007940
12956 180 68   1.007940
12957 180 69   1.007940
12958 180 70   1.007940
12959 180 71   1.007940
12960 180 72   1.007940
12961 181 1  50.941500
12962 181 2  50.941500
12963 181 3  50.941500
12964 181 4  50.941500
12965 181 5  15.999400
12966 181 6  15.999400
12967 181 7  15.999400
12968 181 8  15.999400
12969 181 9  15.999400
12970 181 10  15.999400
12971 181 11  15.999400
12972 181 12  15.999400
12973 181 13  15.999400
12974 181 14  15.999400
12975 181 15  15.999400
12976 181 16  15.999400
12977 181 17  15.999400
12978 181 18  15.999400
12979 181 19  15.999400
12980 181 20  15.999400
12981 181 21  15.999400
12982 181 22  15.999400
12983 181 23  15.999400
12984 181 24  15.999400
12985 181 25  12.010700
12986 181 26  12.010700
12987 181 27  12.010700
12988 181 28  12.010700
12989 181 29  12.010700
12990 181 30  12.010700
12991 181 31  12.010700
12992 181 32  12.010700
12993 181 33  12.010700
12994 181 34  12.010700
12995 181 35  12.010700
12996 181 36  12.010700
12997 181 37  12.010700
12998 181 38  12.010700
12999 181 39  12.010700
13000 181 40  12.010700
13001 181 41  12.010700
13002 181 42  12.010700
13003 181 43  12.010700
13004 181 44  12.010700
13005 181 45  12.010700
13006 181 46  12.010700
13007 181 47  12.010700
13008 181 48  12.010700
13009 181 49  12.010700
13010 181 50  12.010700
13011 181 51  12.010700
13012 181 52  12.010700
13013 181 53  12.010700
13014 181 54  12.010700
13015 181 55  12.010700
13016 181 56  12.010700
13017 181 57   1.007940
13018 181 58   1.007940
13019 181 59   1.007940
13020 181 60   1.007940
13021 181 61   1.007940
13022 181 62   1.007940
13023 181 63   1.007940
13024 181 64   1.007940
13025 181 65   1.007940
13026 181 66   1.007940
13027 181 67   1.007940
13028 181 68   1.007940
13029 181 69   1.007940
13030 181 70   1.007940
13031 181 71   1.007940
13032 181 72   1.007940
13033 182 1  50.941500
13034 182 2  50.941500
13035 182 3  50.941500
13036 182 4  50.941500
13037 182 5  15.999400
13038 182 6  15.999400
13039 182 7  15.999400
13040 182 8  15.999400
13041 182 9  15.999400
13042 182 10  15.999400
13043 182 11  15.999400
13044 182 12  15.999400
13045 182 13  15.999400
13046 182 14  15.999400
13047 182 15  15.999400
13048 182 16  15.999400
13049 182 17  15.999400
13050 182 18  15.999400
13051 182 19  15.999400
13052 182 20  15.999400
13053 182 21  15.999400
13054 182 22  15.999400
13055 182 23  15.999400
13056 182 24  15.999400
13057 182 25  12.010700
13058 182 26  12.010700
13059 182 27  12.010700
13060 182 28  12.010700
13061 182 29  12.010700
13062 182 30  12.010700
13063 182 31  12.010700
13064 182 32  12.010700
13065 182 33  12.010700
13066 182 34  12.010700
13067 182 35  12.010700
13068 182 36  12.010700
13069 182 37  12.010700
13070 182 38  12.010700
13071 182 39  12.010700
13072 182 40  12.010700
13073 182 41  12.010700
13074 182 42  12.010700
13075 182 43  12.010700
13076 182 44  12.010700
13077 182 45  12.010700
13078 182 46  12.010700
13079 182 47  12.010700
13080 182 48  12.010700
13081 182 49  12.010700
13082 182 50  12.010700
13083 182 51  12.010700
13084 182 52  12.010700
13085 182 53  12.010700
13086 182 54  12.010700
13087 182 55  12.010700
13088 182 56  12.010700
13089 182 57   1.007940
13090 182 58   1.007940
13091 182 59   1.007940
13092 182 60   1.007940
13093 182 61   1.007940
13094 182 62   1.007940
13095 182 63   1.007940
13096 182 64   1.007940
13097 182 65   1.007940
13098 182 66   1.007940
13099 182 67   1.007940
13100 182 68   1.007940
13101 182 69   1.007940
13102 182 70   1.007940
13103 182 71   1.007940
13104 182 72   1.007940
13105 183 1  50.941500
13106 183 2  50.941500
13107 183 3  50.941500
13108 183 4  50.941500
13109 183 5  15.999400
13110 183 6  15.999400
13111 183 7  15.999400
13112 183 8  15.999400
13113 183 9  15.999400
13114 183 10  15.999400
13115 183 11  15.999400
13116 183 12  15.999400
13117 183 13  15.999400
13118 183 14  15.999400
13119 183 15  15.999400
13120 183 16  15.999400
13121 183 17  15.999400
13122 183 18  15.999400
13123 183 19  15.999400
13124 183 20  15.999400
13125 183 21  15.999400
13126 183 22  15.999400
13127 183 23  15.999400
13128 183 24  15.999400
13129 183 25  12.010700
13130 183 26  12.010700
13131 183 27  12.010700
13132 183 28  12.010700
13133 183 29  12.010700
13134 183 30  12.010700
13135 183 31  12.010700
13136 183 32  12.010700
13137 183 33  12.010700
13138 183 34  12.010700
13139 183 35  12.010700
13140 183 36  12.010700
13141 183 37  12.010700
13142 183 38  12.010700
13143 183 39  12.010700
13144 183 40  12.010700
13145 183 41  12.010700
13146 183 42  12.010700
13147 183 43  12.010700
13148 183 44  12.010700
13149 183 45  12.010700
13150 183 46  12.010700
13151 183 47  12.010700
13152 183 48  12.010700
13153 183 49  12.010700
13154 183 50  12.010700
13155 183 51  12.010700
13156 183 52  12.010700
13157 183 53  12.010700
13158 183 54  12.010700
13159 183 55  12.010700
13160 183 56  12.010700
13161 183 57   1.007940
13162 183 58   1.007940
13163 183 59   1.007940
13164 183 60   1.007940
13165 183 61   1.007940
13166 183 62   1.007940
13167 183 63   1.007940
13168 183 64   1.007940
13169 183 65   1.007940
13170 183 66   1.007940
13171 183 67   1.007940
13172 183 68   1.007940
13173 183 69   1.007940
13174 183 70   1.007940
13175 183 71   1.007940
13176 183 72   1.007940
13177 184 1  50.941500
13178 184 2  50.941500
13179 184 3  50.941500
13180 184 4  50.941500
13181 184 5  15.999400
13182 184 6  15.999400
13183 184 7  15.999400
13184 184 8  15.999400
13185 184 9  15.999400
13186 184 10  15.999400
13187 184 11  15.999400
13188 184 12  15.999400
13189 184 13  15.999400
13190 184 14  15.999400
13191 184 15  15.999400
13192 184 16  15.999400
13193 184 17  15.999400
13194 184 18  15.999400
13195 184 19  15.999400
13196 184 20  15.999400
13197 184 21  15.999400
13198 184 22  15.999400
13199 184 23  15.999400
13200 184 24  15.999400
13201 184 25  12.010700
13202 184 26  12.010700
13203 184 27  12.010700
13204 184 28  12.010700
13205 184 29  12.010700
13206 184 30  12.010700
13207 184 31  12.010700
13208 184 32  12.010700
13209 184 33  12.010700
13210 184 34  12.010700
13211 184 35  12.010700
13212 184 36  12.010700
13213 184 37  12.010700
13214 184 38  12.010700
13215 184 39  12.010700
13216 184 40  12.010700
13217 184 41  12.010700
13218 184 42  12.010700
13219 184 43  12.010700
13220 184 44  12.010700
13221 184 45  12.010700
13222 184 46  12.010700
13223 184 47  12.010700
13224 184 48  12.010700
13225 184 49  12.010700
13226 184 50  12.010700
13227 184 51  12.010700
13228 184 52  12.010700
13229 184 53  12.010700
13230 184 54  12.010700
13231 184 55  12.010700
13232 184 56  12.010700
13233 184 57   1.007940
13234 184 58   1.007940
13235 184 59   1.007940
13236 184 60   1.007940
13237 184 61   1.007940
13238 184 62   1.007940
13239 184 63   1.007940
13240 184 64   1.007940
13241 184 65   1.007940
13242 184 66   1.007940
13243 184 67   1.007940
13244 184 68   1.007940
13245 184 69   1.007940
13246 184 70   1.007940
13247 184 71   1.007940
13248 184 72   1.007940
13249 185 1  50.941500
13250 185 2  50.941500
13251 185 3  50.941500
13252 185 4  50.941500
13253 185 5  15.999400
13254 185 6  15.999400
13255 185 7  15.999400
13256 185 8  15.999400
13257 185 9  15.999400
13258 185 10  15.999400
13259 185 11  15.999400
13260 185 12  15.999400
13261 185 13  15.999400
13262 185 14  15.999400
13263 185 15  15.999400
13264 185 16  15.999400
13265 185 17  15.999400
13266 185 18  15.999400
13267 185 19  15.999400
13268 185 20  15.999400
13269 185 21  15.999400
13270 185 22  15.999400
13271 185 23  15.999400
13272 185 24  15.999400
13273 185 25  12.010700
13274 185 26  12.010700
13275 185 27  12.010700
13276 185 28  12.010700
13277 185 29  12.010700
13278 185 30  12.010700
13279 185 31  12.010700
13280 185 32  12.010700
13281 185 33  12.010700
13282 185 34  12.010700
13283 185 35  12.010700
13284 185 36  12.010700
13285 185 37  12.010700
13286 185 38  12.010700
13287 185 39  12.010700
13288 185 40  12.010700
13289 185 41  12.010700
13290 185 42  12.010700
13291 185 43  12.010700
13292 185 44  12.010700
13293 185 45  12.010700
13294 185 46  12.010700
13295 185 47  12.010700
13296 185 48  12.010700
13297 185 49  12.010700
13298 185 50  12.010700
13299 185 51  12.010700
13300 185 52  12.010700
13301 185 53  12.010700
13302 185 54  12.010700
13303 185 55  12.010700
13304 185 56  12.010700
13305 185 57   1.007940
13306 185 58   1.007940
13307 185 59   1.007940
13308 185 60   1.007940
13309 185 61   1.007940
13310 185 62   1.007940
13311 185 63   1.007940
13312 185 64   1.007940
13313 185 65   1.007940
13314 185 66   1.007940
13315 185 67   1.007940
13316 185 68   1.007940
13317 185 69   1.007940
13318 185 70   1.007940
13319 185 71   1.007940
13320 185 72   1.007940
13321 186 1  50.941500
13322 186 2  50.941500
13323 186 3  50.941500
13324 186 4  50.941500
13325 186 5  15.999400
13326 186 6  15.999400
13327 186 7  15.999400
13328 186 8  15.999400
13329 186 9  15.999400
13330 186 10  15.999400
13331 186 11  15.999400
13332 186 12  15.999400
13333 186 13  15.999400
13334 186 14  15.999400
13335 186 15  15.999400
13336 186 16  15.999400
13337 186 17  15.999400
13338 186 18  15.999400
13339 186 19  15.999400
13340 186 20  15.999400
13341 186 21  15.999400
13342 186 22  15.999400
13343 186 23  15.999400
13344 186 24  15.999400
13345 186 25  12.010700
13346 186 26  12.010700
13347 186 27  12.010700
13348 186 28  12.010700
13349 186 29  12.010700
13350 186 30  12.010700
13351 186 31  12.010700
13352 186 32  12.010700
13353 186 33  12.010700
13354 186 34  12.010700
13355 186 35  12.010700
13356 186 36  12.010700
13357 186 37  12.010700
13358 186 38  12.010700
13359 186 39  12.010700
13360 186 40  12.010700
13361 186 41  12.010700
13362 186 42  12.010700
13363 186 43  12.010700
13364 186 44  12.010700
13365 186 45  12.010700
13366 186 46  12.010700
13367 186 47  12.010700
13368 186 48  12.010700
13369 186 49  12.010700
13370 186 50  12.010700
13371 186 51  12.010700
13372 186 52  12.010700
13373 186 53  12.010700
13374 186 54  12.010700
13375 186 55  12.010700
13376 186 56  12.010700
13377 186 57   1.007940
13378 186 58   1.007940
13379 186 59   1.007940
13380 186 60   1.007940
13381 186 61   1.007940
13382 186 62   1.007940
13383 186 63   1.007940
13384 186 64   1.007940
13385 186 65   1.007940
13386 186 66   1.007940
13387 186 67   1.007940
13388 186 68   1.007940
13389 186 69   1.007940
13390 186 70   1.007940
13391 186 71   1.007940
13392 186 72   1.007940
13393 187 1  50.941500
13394 187 2  50.941500
13395 187 3  50.941500
13396 187 4  50.941500
13397 187 5  15.999400
13398 187 6  15.999400
13399 187 7  15.999400
13400 187 8  15.999400
13401 187 9  15.999400
13402 187 10  15.999400
13403 187 11  15.999400
13404 187 12  15.999400
13405 187 13  15.999400
13406 187 14  15.999400
13407 187 15  15.999400
13408 187 16  15.999400
13409 187 17  15.999400
13410 187 18  15.999400
13411 187 19  15.999400
13412 187 20  15.999400
13413 187 21  15.999400
13414 187 22  15.999400
13415 187 23  15.999400
13416 187 24  15.999400
13417 187 25  12.010700
13418 187 26  12.010700
13419 187 27  12.010700
13420 187 28  12.010700
13421 187 29  12.010700
13422 187 30  12.010700
13423 187 31  12.010700
13424 187 32  12.010700
13425 187 33  12.010700
13426 187 34  12.010700
13427 187 35  12.010700
13428 187 36  12.010700
13429 187 37  12.010700
13430 187 38  12.010700
13431 187 39  12.010700
13432 187 40  12.010700
13433 187 41  12.010700
13434 187 42  12.010700
13435 187 43  12.010700
13436 187 44  12.010700
13437 187 45  12.010700
13438 187 46  12.010700
13439 187 47  12.010700
13440 187 48  12.010700
13441 187 49  12.010700
13442 187 50  12.010700
13443 187 51  12.010700
13444 187 52  12.010700
13445 187 53  12.010700
13446 187 54  12.010700
13447 187 55  12.010700
13448 187 56  12.010700
13449 187 57   1.007940
13450 187 58   1.007940
13451 187 59   1.007940
13452 187 60   1.007940
13453 187 61   1.007940
13454 187 62   1.007940
13455 187 63   1.007940
13456 187 64   1.007940
13457 187 65   1.007940
13458 187 66   1.007940
13459 187 67   1.007940
13460 187 68   1.007940
13461 187 69   1.007940
13462 187 70   1.007940
13463 187 71   1.007940
13464 187 72   1.007940
13465 188 1  50.941500
13466 188 2  50.941500
13467 188 3  50.941500
13468 188 4  50.941500
13469 188 5  15.999400
13470 188 6  15.999400
13471 188 7  15.999400
13472 188 8  15.999400
13473 188 9  15.999400
13474 188 10  15.999400
13475 188 11  15.999400
13476 188 12  15.999400
13477 188 13  15.999400
13478 188 14  15.999400
13479 188 15  15.999400
13480 188 16  15.999400
13481 188 17  15.999400
13482 188 18  15.999400
13483 188 19  15.999400
13484 188 20  15.999400
13485 188 21  15.999400
13486 188 22  15.999400
13487 188 23  15.999400
13488 188 24  15.999400
13489 188 25  12.010700
13490 188 26  12.010700
13491 188 27  12.010700
13492 188 28  12.010700
13493 188 29  12.010700
13494 188 30  12.010700
13495 188 31  12.010700
13496 188 32  12.010700
13497 188 33  12.010700
13498 188 34  12.010700
13499 188 35  12.010700
13500 188 36  12.010700
13501 188 37  12.010700
13502 188 38  12.010700
13503 188 39  12.010700
13504 188 40  12.010700
13505 188 41  12.010700
13506 188 42  12.010700
13507 188 43  12.010700
13508 188 44  12.010700
13509 188 45  12.010700
13510 188 46  12.010700
13511 188 47  12.010700
13512 188 48  12.010700
13513 188 49  12.010700
13514 188 50  12.010700
13515 188 51  12.010700
13516 188 52  12.010700
13517 188 53  12.010700
13518 188 54  12.010700
13519 188 55  12.010700
13520 188 56  12.010700
13521 188 57   1.007940
13522 188 58   1.007940
13523 188 59   1.007940
13524 188 60   1.007940
13525 188 61   1.007940
13526 188 62   1.007940
13527 188 63   1.007940
13528 188 64   1.007940
13529 188 65   1.007940
13530 188 66   1.007940
13531 188 67   1.007940
13532 188 68   1.007940
13533 188 69   1.007940
13534 188 70   1.007940
13535 188 71   1.007940
13536 188 72   1.007940
13537 189 1  50.941500
13538 189 2  50.941500
13539 189 3  50.941500
13540 189 4  50.941500
13541 189 5  15.999400
13542 189 6  15.999400
13543 189 7  15.999400
13544 189 8  15.999400
13545 189 9  15.999400
13546 189 10  15.999400
13547 189 11  15.999400
13548 189 12  15.999400
13549 189 13  15.999400
13550 189 14  15.999400
13551 189 15  15.999400
13552 189 16  15.999400
13553 189 17  15.999400
13554 189 18  15.999400
13555 189 19  15.999400
13556 189 20  15.999400
13557 189 21  15.999400
13558 189 22  15.999400
13559 189 23  15.999400
13560 189 24  15.999400
13561 189 25  12.010700
13562 189 26  12.010700
13563 189 27  12.010700
13564 189 28  12.010700
13565 189 29  12.010700
13566 189 30  12.010700
13567 189 31  12.010700
13568 189 32  12.010700
13569 189 33  12.010700
13570 189 34  12.010700
13571 189 35  12.010700
13572 189 36  12.010700
13573 189 37  12.010700
13574 189 38  12.010700
13575 189 39  12.010700
13576 189 40  12.010700
13577 189 41  12.010700
13578 189 42  12.010700
13579 189 43  12.010700
13580 189 44  12.010700
13581 189 45  12.010700
13582 189 46  12.010700
13583 189 47  12.010700
13584 189 48  12.010700
13585 189 49  12.010700
13586 189 50  12.010700
13587 189 51  12.010700
13588 189 52  12.010700
13589 189 53  12.010700
13590 189 54  12.010700
13591 189 55  12.010700
13592 189 56  12.010700
13593 189 57   1.007940
13594 189 58   1.007940
13595 189 59   1.007940
13596 189 60   1.007940
13597 189 61   1.007940
13598 189 62   1.007940
13599 189 63   1.007940
13600 189 64   1.007940
13601 189 65   1.007940
13602 189 66   1.007940
13603 189 67   1.007940
13604 189 68   1.007940
13605 189 69   1.007940
13606 189 70   1.007940
13607 189 71   1.007940
13608 189 72   1.007940
13609 190 1  50.941500
13610 190 2  50.941500
13611 190 3  50.941500
13612 190 4  50.941500
13613 190 5  15.999400
13614 190 6  15.999400
13615 190 7  15.999400
13616 190 8  15.999400
13617 190 9  15.999400
13618 190 10  15.999400
13619 190 11  15.999400
13620 190 12  15.999400
13621 190 13  15.999400
13622 190 14  15.999400
13623 190 15  15.999400
13624 190 16  15.999400
13625 190 17  15.999400
13626 190 18  15.999400
13627 190 19  15.999400
13628 190 20  15.999400
13629 190 21  15.999400
13630 190 22  15.999400
13631 190 23  15.999400
13632 190 24  15.999400
13633 190 25  12.010700
13634 190 26  12.010700
13635 190 27  12.010700
13636 190 28  12.010700
13637 190 29  12.010700
13638 190 30  12.010700
13639 190 31  12.010700
13640 190 32  12.010700
13641 190 33  12.010700
13642 190 34  12.010700
13643 190 35  12.010700
13644 190 36  12.010700
13645 190 37  12.010700
13646 190 38  12.010700
13647 190 39  12.010700
13648 190 40  12.010700
13649 190 41  12.010700
13650 190 42  12.010700
13651 190 43  12.010700
13652 190 44  12.010700
13653 190 45  12.010700
13654 190 46  12.010700
13655 190 47  12.010700
13656 190 48  12.010700
13657 190 49  12.010700
13658 190 50  12.010700
13659 190 51  12.010700
13660 190 52  12.010700
13661 190 53  12.010700
13662 190 54  12.010700
13663 190 55  12.010700
13664 190 56  12.010700
13665 190 57   1.007940
13666 190 58   1.007940
13667 190 59   1.007940
13668 190 60   1.007940
13669 190 61   1.007940
13670 190 62   1.007940
13671 190 63   1.007940
13672 190 64   1.007940
13673 190 65   1.007940
13674 190 66   1.007940
13675 190 67   1.007940
13676 190 68   1.007940
13677 190 69   1.007940
13678 190 70   1.007940
13679 190 71   1.007940
13680 190 72   1.007940
13681 191 1  50.941500
13682 191 2  50.941500
13683 191 3  50.941500
13684 191 4  50.941500
13685 191 5  15.999400
13686 191 6  15.999400
13687 191 7  15.999400
13688 191 8  15.999400
13689 191 9  15.999400
13690 191 10  15.999400
13691 191 11  15.999400
13692 191 12  15.999400
13693 191 13  15.999400
13694 191 14  15.999400
13695 191 15  15.999400
13696 191 16  15.999400
13697 191 17  15.999400
13698 191 18  15.999400
13699 191 19  15.999400
13700 191 20  15.999400
13701 191 21  15.999400
13702 191 22  15.999400
13703 191 23  15.999400
13704 191 24  15.999400
13705 191 25  12.010700
13706 191 26  12.010700
13707 191 27  12.010700
13708 191 28  12.010700
13709 191 29  12.010700
13710 191 30  12.010700
13711 191 31  12.010700
13712 191 32  12.010700
13713 191 33  12.010700
13714 191 34  12.010700
13715 191 35  12.010700
13716 191 36  12.010700
13717 191 37  12.010700
13718 191 38  12.010700
13719 191 39  12.010700
13720 191 40  12.010700
13721 191 41  12.010700
13722 191 42  12.010700
13723 191 43  12.010700
13724 191 44  12.010700
13725 191 45  12.010700
13726 191 46  12.010700
13727 191 47  12.010700
13728 191 48  12.010700
13729 191 49  12.010700
13730 191 50  12.010700
13731 191 51  12.010700
13732 191 52  12.010700
13733 191 53  12.010700
13734 191 54  12.010700
13735 191 55  12.010700
13736 191 56  12.010700
13737 191 57   1.007940
13738 191 58   1.007940
13739 191 59   1.007940
13740 191 60   1.007940
13741 191 61   1.007940
13742 191 62   1.007940
13743 191 63   1.007940
13744 191 64   1.007940
13745 191 65   1.007940
13746 191 66   1.007940
13747 191 67   1.007940
13748 191 68   1.007940
13749 191 69   1.007940
13750 191 70   1.007940
13751 191 71   1.007940
13752 191 72   1.007940
13753 192 1  50.941500
13754 192 2  50.941500
13755 192 3  50.941500
13756 192 4  50.941500
13757 192 5  15.999400
13758 192 6  15.999400
13759 192 7  15.999400
13760 192 8  15.999400
13761 192 9  15.999400
13762 192 10  15.999400
13763 192 11  15.999400
13764 192 12  15.999400
13765 192 13  15.999400
13766 192 14  15.999400
13767 192 15  15.999400
13768 192 16  15.999400
13769 192 17  15.999400
13770 192 18  15.999400
13771 192 19  15.999400
13772 192 20  15.999400
13773 192 21  15.999400
13774 192 22  15.999400
13775 192 23  15.999400
13776 192 24  15.999400
13777 192 25  12.010700
13778 192 26  12.010700
13779 192 27  12.010700
13780 192 28  12.010700
13781 192 29  12.010700
13782 192 30  12.010700
13783 192 31  12.010700
13784 192 32  12.010700
13785 192 33  12.010700
13786 192 34  12.010700
13787 192 35  12.010700
13788 192 36  12.010700
13789 192 37  12.010700
13790 192 38  12.010700
13791 192 39  12.010700
13792 192 40  12.010700
13793 192 41  12.010700
13794 192 42  12.010700
13795 192 43  12.010700
13796 192 44  12.010700
13797 192 45  12.010700
13798 192 46  12.010700
13799 192 47  12.010700
13800 192 48  12.010700
13801 192 49  12.010700
13802 192 50  12.010700
13803 192 51  12.010700
13804 192 52  12.010700
13805 192 53  12.010700
13806 192 54  12.010700
13807 192 55  12.010700
13808 192 56  12.010700
13809 192 57   1.007940
13810 192 58   1.007940
13811 192 59   1.007940
13812 192 60   1.007940
13813 192 61   1.007940
13814 192 62   1.007940
13815 192 63   1.007940
13816 192 64   1.007940
13817 192 65   1.007940
13818 192 66   1.007940
13819 192 67   1.007940
13820 192 68   1.007940
13821 192 69   1.007940
13822 192 70   1.007940
13823 192 71   1.007940
13824 192 72   1.007940
13825 193 1  50.941500
13826 193 2  50.941500
13827 193 3  50.941500
13828 193 4  50.941500
13829 193 5  15.999400
13830 193 6  15.999400
13831 193 7  15.999400
13832 193 8  15.999400
13833 193 9  15.999400
13834 193 10  15.999400
13835 193 11  15.999400
13836 193 12  15.999400
13837 193 13  15.999400
13838 193 14  15.999400
13839 193 15  15.999400
13840 193 16  15.999400
13841 193 17  15.999400
13842 193 18  15.999400
13843 193 19  15.999400
13844 193 20  15.999400
13845 193 21  15.999400
13846 193 22  15.999400
13847 193 23  15.999400
13848 193 24  15.999400
13849 193 25  12.010700
13850 193 26  12.010700
13851 193 27  12.010700
13852 193 28  12.010700
13853 193 29  12.010700
13854 193 30  12.010700
13855 193 31  12.010700
13856 193 32  12.010700
13857 193 33  12.010700
13858 193 34  12.010700
13859 193 35  12.010700
13860 193 36  12.010700
13861 193 37  12.010700
13862 193 38  12.010700
13863 193 39  12.010700
13864 193 40  12.010700
13865 193 41  12.010700
13866 193 42  12.010700
13867 193 43  12.010700
13868 193 44  12.010700
13869 193 45  12.010700
13870 193 46  12.010700
13871 193 47  12.010700
13872 193 48  12.010700
13873 193 49  12.010700
13874 193 50  12.010700
13875 193 51  12.010700
13876 193 52  12.010700
13877 193 53  12.010700
13878 193 54  12.010700
13879 193 55  12.010700
13880 193 56  12.010700
13881 193 57   1.007940
13882 193 58   1.007940
13883 193 59   1.007940
13884 193 60   1.007940
13885 193 61   1.007940
13886 193 62   1.007940
13887 193 63   1.007940
13888 193 64   1.007940
13889 193 65   1.007940
13890 193 66   1.007940
13891 193 67   1.007940
13892 193 68   1.007940
13893 193 69   1.007940
13894 193 70   1.007940
13895 193 71   1.007940
13896 193 72   1.007940
13897 194 1  50.941500
13898 194 2  50.941500
13899 194 3  50.941500
13900 194 4  50.941500
13901 194 5  15.999400
13902 194 6  15.999400
13903 194 7  15.999400
13904 194 8  15.999400
13905 194 9  15.999400
13906 194 10  15.999400
13907 194 11  15.999400
13908 194 12  15.999400
13909 194 13  15.999400
13910 194 14  15.999400
13911 194 15  15.999400
13912 194 16  15.999400
13913 194 17  15.999400
13914 194 18  15.999400
13915 194 19  15.999400
13916 194 20  15.999400
13917 194 21  15.999400
13918 194 22  15.999400
13919 194 23  15.999400
13920 194 24  15.999400
13921 194 25  12.010700
13922 194 26  12.010700
13923 194 27  12.010700
13924 194 28  12.010700
13925 194 29  12.010700
13926 194 30  12.010700
13927 194 31  12.010700
13928 194 32  12.010700
13929 194 33  12.010700
13930 194 34  12.010700
13931 194 35  12.010700
13932 194 36  12.010700
13933 194 37  12.010700
13934 194 38  12.010700
13935 194 39  12.010700
13936 194 40  12.010700
13937 194 41  12.010700
13938 194 42  12.010700
13939 194 43  12.010700
13940 194 44  12.010700
13941 194 45  12.010700
13942 194 46  12.010700
13943 194 47  12.010700
13944 194 48  12.010700
13945 194 49  12.010700
13946 194 50  12.010700
13947 194 51  12.010700
13948 194 52  12.010700
13949 194 53  12.010700
13950 194 54  12.010700
13951 194 55  12.010700
13952 194 56  12.010700
13953 194 57   1.007940
13954 194 58   1.007940
13955 194 59   1.007940
13956 194 60   1.007940
13957 194 61   1.007940
13958 194 62   1.007940
13959 194 63   1.007940
13960 194 64   1.007940
13961 194 65   1.007940
13962 194 66   1.007940
13963 194 67   1.007940
13964 194 68   1.007940
13965 194 69   1.007940
13966 194 70   1.007940
13967 194 71   1.007940
13968 194 72   1.007940
13969 195 1  50.941500
13970 195 2  50.941500
13971 195 3  50.941500
13972 195 4  50.941500
13973 195 5  15.999400
13974 195 6  15.999400
13975 195 7  15.999400
13976 195 8  15.999400
13977 195 9  15.999400
13978 195 10  15.999400
13979 195 11  15.999400
13980 195 12  15.999400
13981 195 13  15.999400
13982 195 14  15.999400
13983 195 15  15.999400
13984 195 16  15.999400
13985 195 17  15.999400
13986 195 18  15.999400
13987 195 19  15.999400
13988 195 20  15.999400
13989 195 21  15.999400
13990 195 22  15.999400
13991 195 23  15.999400
13992 195 24  15.999400
13993 195 25  12.010700
13994 195 26  12.010700
13995 195 27  12.010700
13996 195 28  12.010700
13997 195 29  12.010700
13998 195 30  12.010700
13999 195 31  12.010700
14000 195 32  12.010700
14001 195 33  12.010700
14002 195 34  12.010700
14003 195 35  12.010700
14004 195 36  12.010700
14005 195 37  12.010700
14006 195 38  12.010700
14007 195 39  12.010700
14008 195 40  12.010700
14009 195 41  12.010700
14010 195 42  12.010700
14011 195 43  12.010700
14012 195 44  12.010700
14013 195 45  12.010700
14014 195 46  12.010700
14015 195 47  12.010700
14016 195 48  12.010700
14017 195 49  12.010700
14018 195 50  12.010700
14019 195 51  12.010700
14020 195 52  12.010700
14021 195 53  12.010700
14022 195 54  12.010700
14023 195 55  12.010700
14024 195 56  12.010700
14025 195 57   1.007940
14026 195 58   1.007940
14027 195 59   1.007940
14028 195 60   1.007940
14029 195 61   1.007940
14030 195 62   1.007940
14031 195 63   1.007940
14032 195 64   1.007940
14033 195 65   1.007940
14034 195 66   1.007940
14035 195 67   1.007940
14036 195 68   1.007940
14037 195 69   1.007940
14038 195 70   1.007940
14039 195 71   1.007940
14040 195 72   1.007940
14041 196 1  50.941500
14042 196 2  50.941500
14043 196 3  50.941500
14044 196 4  50.941500
14045 196 5  15.999400
14046 196 6  15.999400
14047 196 7  15.999400
14048 196 8  15.999400
14049 196 9  15.999400
14050 196 10  15.999400
14051 196 11  15.999400
14052 196 12  15.999400
14053 196 13  15.999400
14054 196 14  15.999400
14055 196 15  15.999400
14056 196 16  15.999400
14057 196 17  15.999400
14058 196 18  15.999400
14059 196 19  15.999400
14060 196 20  15.999400
14061 196 21  15.999400
14062 196 22  15.999400
14063 196 23  15.999400
14064 196 24  15.999400
14065 196 25  12.010700
14066 196 26  12.010700
14067 196 27  12.010700
14068 196 28  12.010700
14069 196 29  12.010700
14070 196 30  12.010700
14071 196 31  12.010700
14072 196 32  12.010700
14073 196 33  12.010700
14074 196 34  12.010700
14075 196 35  12.010700
14076 196 36  12.010700
14077 196 37  12.010700
14078 196 38  12.010700
14079 196 39  12.010700
14080 196 40  12.010700
14081 196 41  12.010700
14082 196 42  12.010700
14083 196 43  12.010700
14084 196 44  12.010700
14085 196 45  12.010700
14086 196 46  12.010700
14087 196 47  12.010700
14088 196 48  12.010700
14089 196 49  12.010700
14090 196 50  12.010700
14091 196 51  12.010700
14092 196 52  12.010700
14093 196 53  12.010700
14094 196 54  12.010700
14095 196 55  12.010700
14096 196 56  12.010700
14097 196 57   1.007940
14098 196 58   1.007940
14099 196 59   1.007940
14100 196 60   1.007940
14101 196 61   1.007940
14102 196 62   1.007940
14103 196 63   1.007940
14104 196 64   1.007940
14105 196 65   1.007940
14106 196 66   1.007940
14107 196 67   1.007940
14108 196 68   1.007940
14109 196 69   1.007940
14110 196 70   1.007940
14111 196 71   1.007940
14112 196 72   1.007940
14113 197 1  50.941500
14114 197 2  50.941500
14115 197 3  50.941500
14116 197 4  50.941500
14117 197 5  15.999400
14118 197 6  15.999400
14119 197 7  15.999400
14120 197 8  15.999400
14121 197 9  15.999400
14122 197 10  15.999400
14123 197 11  15.999400
14124 197 12  15.999400
14125 197 13  15.999400
14126 197 14  15.999400
14127 197 15  15.999400
14128 197 16  15.999400
14129 197 17  15.999400
14130 197 18  15.999400
14131 197 19  15.999400
14132 197 20  15.999400
14133 197 21  15.999400
14134 197 22  15.999400
14135 197 23  15.999400
14136 197 24  15.999400
14137 197 25  12.010700
14138 197 26  12.010700
14139 197 27  12.010700
14140 197 28  12.010700
14141 197 29  12.010700
14142 197 30  12.010700
14143 197 31  12.010700
14144 197 32  12.010700
14145 197 33  12.010700
14146 197 34  12.010700
14147 197 35  12.010700
14148 197 36  12.010700
14149 197 37  12.010700
14150 197 38  12.010700
14151 197 39  12.010700
14152 197 40  12.010700
14153 197 41  12.010700
14154 197 42  12.010700
14155 197 43  12.010700
14156 197 44  12.010700
14157 197 45  12.010700
14158 197 46  12.010700
14159 197 47  12.010700
14160 197 48  12.010700
14161 197 49  12.010700
14162 197 50  12.010700
14163 197 51  12.010700
14164 197 52  12.010700
14165 197 53  12.010700
14166 197 54  12.010700
14167 197 55  12.010700
14168 197 56  12.010700
14169 197 57   1.007940
14170 197 58   1.007940
14171 197 59   1.007940
14172 197 60   1.007940
14173 197 61   1.007940
14174 197 62   1.007940
14175 197 63   1.007940
14176 197 64   1.007940
14177 197 65   1.007940
14178 197 66   1.007940
14179 197 67   1.007940
14180 197 68   1.007940
14181 197 69   1.007940
14182 197 70   1.007940
14183 197 71   1.007940
14184 197 72   1.007940
14185 198 1  50.941500
14186 198 2  50.941500
14187 198 3  50.941500
14188 198 4  50.941500
14189 198 5  15.999400
14190 198 6  15.999400
14191 198 7  15.999400
14192 198 8  15.999400
14193 198 9  15.999400
14194 198 10  15.999400
14195 198 11  15.999400
14196 198 12  15.999400
14197 198 13  15.999400
14198 198 14  15.999400
14199 198 15  15.999400
14200 198 16  15.999400
14201 198 17  15.999400
14202 198 18  15.999400
14203 198 19  15.999400
14204 198 20  15.999400
14205 198 21  15.999400
14206 198 22  15.999400
14207 198 23  15.999400
14208 198 24  15.999400
14209 198 25  12.010700
14210 198 26  12.010700
14211 198 27  12.010700
14212 198 28  12.010700
14213 198 29  12.010700
14214 198 30  12.010700
14215 198 31  12.010700
14216 198 32  12.010700
14217 198 33  12.010700
14218 198 34  12.010700
14219 198 35  12.010700
14220 198 36  12.010700
14221 198 37  12.010700
14222 198 38  12.010700
14223 198 39  12.010700
14224 198 40  12.010700
14225 198 41  12.010700
14226 198 42  12.010700
14227 198 43  12.010700
14228 198 44  12.010700
14229 198 45  12.010700
14230 198 46  12.010700
14231 198 47  12.010700
14232 198 48  12.010700
14233 198 49  12.010700
14234 198 50  12.010700
14235 198 51  12.010700
14236 198 52  12.010700
14237 198 53  12.010700
14238 198 54  12.010700
14239 198 55  12.010700
14240 198 56  12.010700
14241 198 57   1.007940
14242 198 58   1.007940
14243 198 59   1.007940
14244 198 60   1.007940
14245 198 61   1.007940
14246 198 62   1.007940
14247 198 63   1.007940
14248 198 64   1.007940
14249 198 65   1.007940
14250 198 66   1.007940
14251 198 67   1.007940
14252 198 68   1.007940
14253 198 69   1.007940
14254 198 70   1.007940
14255 198 71   1.007940
14256 198 72   1.007940
14257 199 1  50.941500
14258 199 2  50.941500
14259 199 3  50.941500
14260 199 4  50.941500
14261 199 5  15.999400
14262 199 6  15.999400
14263 199 7  15.999400
14264 199 8  15.999400
14265 199 9  15.999400
14266 199 10  15.999400
14267 199 11  15.999400
14268 199 12  15.999400
14269 199 13  15.999400
14270 199 14  15.999400
14271 199 15  15.999400
14272 199 16  15.999400
14273 199 17  15.999400
14274 199 18  15.999400
14275 199 19  15.999400
14276 199 20  15.999400
14277 199 21  15.999400
14278 199 22  15.999400
14279 199 23  15.999400
14280 199 24  15.999400
14281 199 25  12.010700
14282 199 26  12.010700
14283 199 27  12.010700
14284 199 28  12.010700
14285 199 29  12.010700
14286 199 30  12.010700
14287 199 31  12.010700
14288 199 32  12.010700
14289 199 33  12.010700
14290 199 34  12.010700
14291 199 35  12.010700
14292 199 36  12.010700
14293 199 37  12.010700
14294 199 38  12.010700
14295 199 39  12.010700
14296 199 40  12.010700
14297 199 41  12.010700
14298 199 42  12.010700
14299 199 43  12.010700
14300 199 44  12.010700
14301 199 45  12.010700
14302 199 46  12.010700
14303 199 47  12.010700
14304 199 48  12.010700
14305 199 49  12.010700
14306 199 50  12.010700
14307 199 51  12.010700
14308 199 52  12.010700
14309 199 53  12.010700
14310 199 54  12.010700
14311 199 55  12.010700
14312 199 56  12.010700
14313 199 57   1.007940
14314 199 58   1.007940
14315 199 59   1.007940
14316 199 60   1.007940
14317 199 61   1.007940
14318 199 62   1.007940
14319 199 63   1.007940
14320 199 64   1.007940
14321 199 65   1.007940
14322 199 66   1.007940
14323 199 67   1.007940
14324 199 68   1.007940
14325 199 69   1.007940
14326 199 70   1.007940
14327 199 71   1.007940
14328 199 72   1.007940
14329 200 1  50.941500
14330 200 2  50.941500
14331 200 3  50.941500
14332 200 4  50.941500
14333 200 5  15.999400
14334 200 6  15.999400
14335 200 7  15.999400
14336 200 8  15.999400
14337 200 9  15.999400
14338 200 10  15.999400
14339 200 11  15.999400
14340 200 12  15.999400
14341 200 13  15.999400
14342 200 14  15.999400
14343 200 15  15.999400
14344 200 16  15.999400
14345 200 17  15.999400
14346 200 18  15.999400
14347 200 19  15.999400
14348 200 20  15.999400
14349 200 21  15.999400
14350 200 22  15.999400
14351 200 23  15.999400
14352 200 24  15.999400
14353 200 25  12.010700
14354 200 26  12.010700
14355 200 27  12.010700
14356 200 28  12.010700
14357 200 29  12.010700
14358 200 30  12.010700
14359 200 31  12.010700
14360 200 32  12.010700
14361 200 33  12.010700
14362 200 34  12.010700
14363 200 35  12.010700
14364 200 36  12.010700
14365 200 37  12.010700
14366 200 38  12.010700
14367 200 39  12.010700
14368 200 40  12.010700
14369 200 41  12.010700
14370 200 42  12.010700
14371 200 43  12.010700
14372 200 44  12.010700
14373 200 45  12.010700
14374 200 46  12.010700
14375 200 47  12.010700
14376 200 48  12.010700
14377 200 49  12.010700
14378 200 50  12.010700
14379 200 51  12.010700
14380 200 52  12.010700
14381 200 53  12.010700
14382 200 54  12.010700
14383 200 55  12.010700
14384 200 56  12.010700
14385 200 57   1.007940
14386 200 58   1.007940
14387 200 59   1.007940
14388 200 60   1.007940
14389 200 61   1.007940
14390 200 62   1.007940
14391 200 63   1.007940
14392 200 64   1.007940
14393 200 65   1.007940
14394 200 66   1.007940
14395 200 67   1.007940
14396 200 68   1.007940
14397 200 69   1.007940
14398 200 70   1.007940
14399 200 71   1.007940
14400 200 72   1.007940
14401 201 1  50.941500
14402 201 2  50.941500
14403 201 3  50.941500
14404 201 4  50.941500
14405 201 5  15.999400
14406 201 6  15.999400
14407 201 7  15.999400
14408 201 8  15.999400
14409 201 9  15.999400
14410 201 10  15.999400
14411 201 11  15.999400
14412 201 12  15.999400
14413 201 13  15.999400
14414 201 14  15.999400
14415 201 15  15.999400
14416 201 16  15.999400
14417 201 17  15.999400
14418 201 18  15.999400
14419 201 19  15.999400
14420 201 20  15.999400
14421 201 21  15.999400
14422 201 22  15.999400
14423 201 23  15.999400
14424 201 24  15.999400
14425 201 25  12.010700
14426 201 26  12.010700
14427 201 27  12.010700
14428 201 28  12.010700
14429 201 29  12.010700
14430 201 30  12.010700
14431 201 31  12.010700
14432 201 32  12.010700
14433 201 33  12.010700
14434 201 34  12.010700
14435 201 35  12.010700
14436 201 36  12.010700
14437 201 37  12.010700
14438 201 38  12.010700
14439 201 39  12.010700
14440 201 40  12.010700
14441 201 41  12.010700
14442 201 42  12.010700
14443 201 43  12.010700
14444 201 44  12.010700
14445 201 45  12.010700
14446 201 46  12.010700
14447 201 47  12.010700
14448 201 48  12.010700
14449 201 49  12.010700
14450 201 50  12.010700
14451 201 51  12.010700
14452 201 52  12.010700
14453 201 53  12.010700
14454 201 54  12.010700
14455 201 55  12.010700
14456 201 56  12.010700
14457 201 57   1.007940
14458 201 58   1.007940
14459 201 59   1.007940
14460 201 60   1.007940
14461 201 61   1.007940
14462 201 62   1.007940
14463 201 63   1.007940
14464 201 64   1.007940
14465 201 65   1.007940
14466 201 66   1.007940
14467 201 67   1.007940
14468 201 68   1.007940
14469 201 69   1.007940
14470 201 70   1.007940
14471 201 71   1.007940
14472 201 72   1.007940
14473 202 1  50.941500
14474 202 2  50.941500
14475 202 3  50.941500
14476 202 4  50.941500
14477 202 5  15.999400
14478 202 6  15.999400
14479 202 7  15.999400
14480 202 8  15.999400
14481 202 9  15.999400
14482 202 10  15.999400
14483 202 11  15.999400
14484 202 12  15.999400
14485 202 13  15.999400
14486 202 14  15.999400
14487 202 15  15.999400
14488 202 16  15.999400
14489 202 17  15.999400
14490 202 18  15.999400
14491 202 19  15.999400
14492 202 20  15.999400
14493 202 21  15.999400
14494 202 22  15.999400
14495 202 23  15.999400
14496 202 24  15.999400
14497 202 25  12.010700
14498 202 26  12.010700
14499 202 27  12.010700
14500 202 28  12.010700
14501 202 29  12.010700
14502 202 30  12.010700
14503 202 31  12.010700
14504 202 32  12.010700
14505 202 33  12.010700
14506 202 34  12.010700
14507 202 35  12.010700
14508 202 36  12.010700
14509 202 37  12.010700
14510 202 38  12.010700
14511 202 39  12.010700
14512 202 40  12.010700
14513 202 41  12.010700
14514 202 42  12.010700
14515 202 43  12.010700
14516 202 44  12.010700
14517 202 45  12.010700
14518 202 46  12.010700
14519 202 47  12.010700
14520 202 48  12.010700
14521 202 49  12.010700
14522 202 50  12.010700
14523 202 51  12.010700
14524 202 52  12.010700
14525 202 53  12.010700
14526 202 54  12.010700
14527 202 55  12.010700
14528 202 56  12.010700
14529 202 57   1.007940
14530 202 58   1.007940
14531 202 59   1.007940
14532 202 60   1.007940
14533 202 61   1.007940
14534 202 62   1.007940
14535 202 63   1.007940
14536 202 64   1.007940
14537 202 65   1.007940
14538 202 66   1.007940
14539 202 67   1.007940
14540 202 68   1.007940
14541 202 69   1.007940
14542 202 70   1.007940
14543 202 71   1.007940
14544 202 72   1.007940
14545 203 1  50.941500
14546 203 2  50.941500
14547 203 3  50.941500
14548 203 4  50.941500
14549 203 5  15.999400
14550 203 6  15.999400
14551 203 7  15.999400
14552 203 8  15.999400
14553 203 9  15.999400
14554 203 10  15.999400
14555 203 11  15.999400
14556 203 12  15.999400
14557 203 13  15.999400
14558 203 14  15.999400
14559 203 15  15.999400
14560 203 16  15.999400
14561 203 17  15.999400
14562 203 18  15.999400
14563 203 19  15.999400
14564 203 20  15.999400
14565 203 21  15.999400
14566 203 22  15.999400
14567 203 23  15.999400
14568 203 24  15.999400
14569 203 25  12.010700
14570 203 26  12.010700
14571 203 27  12.010700
14572 203 28  12.010700
14573 203 29  12.010700
14574 203 30  12.010700
14575 203 31  12.010700
14576 203 32  12.010700
14577 203 33  12.010700
14578 203 34  12.010700
14579 203 35  12.010700
14580 203 36  12.010700
14581 203 37  12.010700
14582 203 38  12.010700
14583 203 39  12.010700
14584 203 40  12.010700
14585 203 41  12.010700
14586 203 42  12.010700
14587 203 43  12.010700
14588 203 44  12.010700
14589 203 45  12.010700
14590 203 46  12.010700
14591 203 47  12.010700
14592 203 48  12.010700
14593 203 49  12.010700
14594 203 50  12.010700
14595 203 51  12.010700
14596 203 52  12.010700
14597 203 53  12.010700
14598 203 54  12.010700
14599 203 55  12.010700
14600 203 56  12.010700
14601 203 57   1.007940
14602 203 58   1.007940
14603 203 59   1.007940
14604 203 60   1.007940
14605 203 61   1.007940
14606 203 62   1.007940
14607 203 63   1.007940
14608 203 64   1.007940
14609 203 65   1.007940
14610 203 66   1.007940
14611 203 67   1.007940
14612 203 68   1.007940
14613 203 69   1.007940
14614 203 70   1.007940
14615 203 71   1.007940
14616 203 72   1.007940
14617 204 1  50.941500
14618 204 2  50.941500
14619 204 3  50.941500
14620 204 4  50.941500
14621 204 5  15.999400
14622 204 6  15.999400
14623 204 7  15.999400
14624 204 8  15.999400
14625 204 9  15.999400
14626 204 10  15.999400
14627 204 11  15.999400
14628 204 12  15.999400
14629 204 13  15.999400
14630 204 14  15.999400
14631 204 15  15.999400
14632 204 16  15.999400
14633 204 17  15.999400
14634 204 18  15.999400
14635 204 19  15.999400
14636 204 20  15.999400
14637 204 21  15.999400
14638 204 22  15.999400
14639 204 23  15.999400
14640 204 24  15.999400
14641 204 25  12.010700
14642 204 26  12.010700
14643 204 27  12.010700
14644 204 28  12.010700
14645 204 29  12.010700
14646 204 30  12.010700
14647 204 31  12.010700
14648 204 32  12.010700
14649 204 33  12.010700
14650 204 34  12.010700
14651 204 35  12.010700
14652 204 36  12.010700
14653 204 37  12.010700
14654 204 38  12.010700
14655 204 39  12.010700
14656 204 40  12.010700
14657 204 41  12.010700
14658 204 42  12.010700
14659 204 43  12.010700
14660 204 44  12.010700
14661 204 45  12.010700
14662 204 46  12.010700
14663 204 47  12.010700
14664 204 48  12.010700
14665 204 49  12.010700
14666 204 50  12.010700
14667 204 51  12.010700
14668 204 52  12.010700
14669 204 53  12.010700
14670 204 54  12.010700
14671 204 55  12.010700
14672 204 56  12.010700
14673 204 57   1.007940
14674 204 58   1.007940
14675 204 59   1.007940
14676 204 60   1.007940
14677 204 61   1.007940
14678 204 62   1.007940
14679 204 63   1.007940
14680 204 64   1.007940
14681 204 65   1.007940
14682 204 66   1.007940
14683 204 67   1.007940
14684 204 68   1.007940
14685 204 69   1.007940
14686 204 70   1.007940
14687 204 71   1.007940
14688 204 72   1.007940
14689 205 1  50.941500
14690 205 2  50.941500
14691 205 3  50.941500
14692 205 4  50.941500
14693 205 5  15.999400
14694 205 6  15.999400
14695 205 7  15.999400
14696 205 8  15.999400
14697 205 9  15.999400
14698 205 10  15.999400
14699 205 11  15.999400
14700 205 12  15.999400
14701 205 13  15.999400
14702 205 14  15.999400
14703 205 15  15.999400
14704 205 16  15.999400
14705 205 17  15.999400
14706 205 18  15.999400
14707 205 19  15.999400
14708 205 20  15.999400
14709 205 21  15.999400
14710 205 22  15.999400
14711 205 23  15.999400
14712 205 24  15.999400
14713 205 25  12.010700
14714 205 26  12.010700
14715 205 27  12.010700
14716 205 28  12.010700
14717 205 29  12.010700
14718 205 30  12.010700
14719 205 31  12.010700
14720 205 32  12.010700
14721 205 33  12.010700
14722 205 34  12.010700
14723 205 35  12.010700
14724 205 36  12.010700
14725 205 37  12.010700
14726 205 38  12.010700
14727 205 39  12.010700
14728 205 40  12.010700
14729 205 41  12.010700
14730 205 42  12.010700
14731 205 43  12.010700
14732 205 44  12.010700
14733 205 45  12.010700
14734 205 46  12.010700
14735 205 47  12.010700
14736 205 48  12.010700
14737 205 49  12.010700
14738 205 50  12.010700
14739 205 51  12.010700
14740 205 52  12.010700
14741 205 53  12.010700
14742 205 54  12.010700
14743 205 55  12.010700
14744 205 56  12.010700
14745 205 57   1.007940
14746 205 58   1.007940
14747 205 59   1.007940
14748 205 60   1.007940
14749 205 61   1.007940
14750 205 62   1.007940
14751 205 63   1.007940
14752 205 64   1.007940
14753 205 65   1.007940
14754 205 66   1.007940
14755 205 67   1.007940
14756 205 68   1.007940
14757 205 69   1.007940
14758 205 70   1.007940
14759 205 71   1.007940
14760 205 72   1.007940
14761 206 1  50.941500
14762 206 2  50.941500
14763 206 3  50.941500
14764 206 4  50.941500
14765 206 5  15.999400
14766 206 6  15.999400
14767 206 7  15.999400
14768 206 8  15.999400
14769 206 9  15.999400
14770 206 10  15.999400
14771 206 11  15.999400
14772 206 12  15.999400
14773 206 13  15.999400
14774 206 14  15.999400
14775 206 15  15.999400
14776 206 16  15.999400
14777 206 17  15.999400
14778 206 18  15.999400
14779 206 19  15.999400
14780 206 20  15.999400
14781 206 21  15.999400
14782 206 22  15.999400
14783 206 23  15.999400
14784 206 24  15.999400
14785 206 25  12.010700
14786 206 26  12.010700
14787 206 27  12.010700
14788 206 28  12.010700
14789 206 29  12.010700
14790 206 30  12.010700
14791 206 31  12.010700
14792 206 32  12.010700
14793 206 33  12.010700
14794 206 34  12.010700
14795 206 35  12.010700
14796 206 36  12.010700
14797 206 37  12.010700
14798 206 38  12.010700
14799 206 39  12.010700
14800 206 40  12.010700
14801 206 41  12.010700
14802 206 42  12.010700
14803 206 43  12.010700
14804 206 44  12.010700
14805 206 45  12.010700
14806 206 46  12.010700
14807 206 47  12.010700
14808 206 48  12.010700
14809 206 49  12.010700
14810 206 50  12.010700
14811 206 51  12.010700
14812 206 52  12.010700
14813 206 53  12.010700
14814 206 54  12.010700
14815 206 55  12.010700
14816 206 56  12.010700
14817 206 57   1.007940
14818 206 58   1.007940
14819 206 59   1.007940
14820 206 60   1.007940
14821 206 61   1.007940
14822 206 62   1.007940
14823 206 63   1.007940
14824 206 64   1.007940
14825 206 65   1.007940
14826 206 66   1.007940
14827 206 67   1.007940
14828 206 68   1.007940
14829 206 69   1.007940
14830 206 70   1.007940
14831 206 71   1.007940
14832 206 72   1.007940
14833 207 1  50.941500
14834 207 2  50.941500
14835 207 3  50.941500
14836 207 4  50.941500
14837 207 5  15.999400
14838 207 6  15.999400
14839 207 7  15.999400
14840 207 8  15.999400
14841 207 9  15.999400
14842 207 10  15.999400
14843 207 11  15.999400
14844 207 12  15.999400
14845 207 13  15.999400
14846 207 14  15.999400
14847 207 15  15.999400
14848 207 16  15.999400
14849 207 17  15.999400
14850 207 18  15.999400
14851 207 19  15.999400
14852 207 20  15.999400
14853 207 21  15.999400
14854 207 22  15.999400
14855 207 23  15.999400
14856 207 24  15.999400
14857 207 25  12.010700
14858 207 26  12.010700
14859 207 27  12.010700
14860 207 28  12.010700
14861 207 29  12.010700
14862 207 30  12.010700
14863 207 31  12.010700
14864 207 32  12.010700
14865 207 33  12.010700
14866 207 34  12.010700
14867 207 35  12.010700
14868 207 36  12.010700
14869 207 37  12.010700
14870 207 38  12.010700
14871 207 39  12.010700
14872 207 40  12.010700
14873 207 41  12.010700
14874 207 42  12.010700
14875 207 43  12.010700
14876 207 44  12.010700
14877 207 45  12.010700
14878 207 46  12.010700
14879 207 47  12.010700
14880 207 48  12.010700
14881 207 49  12.010700
14882 207 50  12.010700
14883 207 51  12.010700
14884 207 52  12.010700
14885 207 53  12.010700
14886 207 54  12.010700
14887 207 55  12.010700
14888 207 56  12.010700
14889 207 57   1.007940
14890 207 58   1.007940
14891 207 59   1.007940
14892 207 60   1.007940
14893 207 61   1.007940
14894 207 62   1.007940
14895 207 63   1.007940
14896 207 64   1.007940
14897 207 65   1.007940
14898 207 66   1.007940
14899 207 67   1.007940
14900 207 68   1.007940
14901 207 69   1.007940
14902 207 70   1.007940
14903 207 71   1.007940
14904 207 72   1.007940
14905 208 1  50.941500
14906 208 2  50.941500
14907 208 3  50.941500
14908 208 4  50.941500
14909 208 5  15.999400
14910 208 6  15.999400
14911 208 7  15.999400
14912 208 8  15.999400
14913 208 9  15.999400
14914 208 10  15.999400
14915 208 11  15.999400
14916 208 12  15.999400
14917 208 13  15.999400
14918 208 14  15.999400
14919 208 15  15.999400
14920 208 16  15.999400
14921 208 17  15.999400
14922 208 18  15.999400
14923 208 19  15.999400
14924 208 20  15.999400
14925 208 21  15.999400
14926 208 22  15.999400
14927 208 23  15.999400
14928 208 24  15.999400
14929 208 25  12.010700
14930 208 26  12.010700
14931 208 27  12.010700
14932 208 28  12.010700
14933 208 29  12.010700
14934 208 30  12.010700
14935 208 31  12.010700
14936 208 32  12.010700
14937 208 33  12.010700
14938 208 34  12.010700
14939 208 35  12.010700
14940 208 36  12.010700
14941 208 37  12.010700
14942 208 38  12.010700
14943 208 39  12.010700
14944 208 40  12.010700
14945 208 41  12.010700
14946 208 42  12.010700
14947 208 43  12.010700
14948 208 44  12.010700
14949 208 45  12.010700
14950 208 46  12.010700
14951 208 47  12.010700
14952 208 48  12.010700
14953 208 49  12.010700
14954 208 50  12.010700
14955 208 51  12.010700
14956 208 52  12.010700
14957 208 53  12.010700
14958 208 54  12.010700
14959 208 55  12.010700
14960 208 56  12.010700
14961 208 57   1.007940
14962 208 58   1.007940
14963 208 59   1.007940
14964 208 60   1.007940
14965 208 61   1.007940
14966 208 62   1.007940
14967 208 63   1.007940
14968 208 64   1.007940
14969 208 65   1.007940
14970 208 66   1.007940
14971 208 67   1.007940
14972 208 68   1.007940
14973 208 69   1.007940
14974 208 70   1.007940
14975 208 71   1.007940
14976 208 72   1.007940
14977 209 1  50.941500
14978 209 2  50.941500
14979 209 3  50.941500
14980 209 4  50.941500
14981 209 5  15.999400
14982 209 6  15.999400
14983 209 7  15.999400
14984 209 8  15.999400
14985 209 9  15.999400
14986 209 10  15.999400
14987 209 11  15.999400
14988 209 12  15.999400
14989 209 13  15.999400
14990 209 14  15.999400
14991 209 15  15.999400
14992 209 16  15.999400
14993 209 17  15.999400
14994 209 18  15.999400
14995 209 19  15.999400
14996 209 20  15.999400
14997 209 21  15.999400
14998 209 22  15.999400
14999 209 23  15.999400
15000 209 24  15.999400
15001 209 25  12.010700
15002 209 26  12.010700
15003 209 27  12.010700
15004 209 28  12.010700
15005 209 29  12.010700
15006 209 30  12.010700
15007 209 31  12.010700
15008 209 32  12.010700
15009 209 33  12.010700
15010 209 34  12.010700
15011 209 35  12.010700
15012 209 36  12.010700
15013 209 37  12.010700
15014 209 38  12.010700
15015 209 39  12.010700
15016 209 40  12.010700
15017 209 41  12.010700
15018 209 42  12.010700
15019 209 43  12.010700
15020 209 44  12.010700
15021 209 45  12.010700
15022 209 46  12.010700
15023 209 47  12.010700
15024 209 48  12.010700
15025 209 49  12.010700
15026 209 50  12.010700
15027 209 51  12.010700
15028 209 52  12.010700
15029 209 53  12.010700
15030 209 54  12.010700
15031 209 55  12.010700
15032 209 56  12.010700
15033 209 57   1.007940
15034 209 58   1.007940
15035 209 59   1.007940
15036 209 60   1.007940
15037 209 61   1.007940
15038 209 62   1.007940
15039 209 63   1.007940
15040 209 64   1.007940
15041 209 65   1.007940
15042 209 66   1.007940
15043 209 67   1.007940
15044 209 68   1.007940
15045 209 69   1.007940
15046 209 70   1.007940
15047 209 71   1.007940
15048 209 72   1.007940
15049 210 1  50.941500
15050 210 2  50.941500
15051 210 3  50.941500
15052 210 4  50.941500
15053 210 5  15.999400
15054 210 6  15.999400
15055 210 7  15.999400
15056 210 8  15.999400
15057 210 9  15.999400
15058 210 10  15.999400
15059 210 11  15.999400
15060 210 12  15.999400
15061 210 13  15.999400
15062 210 14  15.999400
15063 210 15  15.999400
15064 210 16  15.999400
15065 210 17  15.999400
15066 210 18  15.999400
15067 210 19  15.999400
15068 210 20  15.999400
15069 210 21  15.999400
15070 210 22  15.999400
15071 210 23  15.999400
15072 210 24  15.999400
15073 210 25  12.010700
15074 210 26  12.010700
15075 210 27  12.010700
15076 210 28  12.010700
15077 210 29  12.010700
15078 210 30  12.010700
15079 210 31  12.010700
15080 210 32  12.010700
15081 210 33  12.010700
15082 210 34  12.010700
15083 210 35  12.010700
15084 210 36  12.010700
15085 210 37  12.010700
15086 210 38  12.010700
15087 210 39  12.010700
15088 210 40  12.010700
15089 210 41  12.010700
15090 210 42  12.010700
15091 210 43  12.010700
15092 210 44  12.010700
15093 210 45  12.010700
15094 210 46  12.010700
15095 210 47  12.010700
15096 210 48  12.010700
15097 210 49  12.010700
15098 210 50  12.010700
15099 210 51  12.010700
15100 210 52  12.010700
15101 210 53  12.010700
15102 210 54  12.010700
15103 210 55  12.010700
15104 210 56  12.010700
15105 210 57   1.007940
15106 210 58   1.007940
15107 210 59   1.007940
15108 210 60   1.007940
15109 210 61   1.007940
15110 210 62   1.007940
15111 210 63   1.007940
15112 210 64   1.007940
15113 210 65   1.007940
15114 210 66   1.007940
15115 210 67   1.007940
15116 210 68   1.007940
15117 210 69   1.007940
15118 210 70   1.007940
15119 210 71   1.007940
15120 210 72   1.007940
15121 211 1  50.941500
15122 211 2  50.941500
15123 211 3  50.941500
15124 211 4  50.941500
15125 211 5  15.999400
15126 211 6  15.999400
15127 211 7  15.999400
15128 211 8  15.999400
15129 211 9  15.999400
15130 211 10  15.999400
15131 211 11  15.999400
15132 211 12  15.999400
15133 211 13  15.999400
15134 211 14  15.999400
15135 211 15  15.999400
15136 211 16  15.999400
15137 211 17  15.999400
15138 211 18  15.999400
15139 211 19  15.999400
15140 211 20  15.999400
15141 211 21  15.999400
15142 211 22  15.999400
15143 211 23  15.999400
15144 211 24  15.999400
15145 211 25  12.010700
15146 211 26  12.010700
15147 211 27  12.010700
15148 211 28  12.010700
15149 211 29  12.010700
15150 211 30  12.010700
15151 211 31  12.010700
15152 211 32  12.010700
15153 211 33  12.010700
15154 211 34  12.010700
15155 211 35  12.010700
15156 211 36  12.010700
15157 211 37  12.010700
15158 211 38  12.010700
15159 211 39  12.010700
15160 211 40  12.010700
15161 211 41  12.010700
15162 211 42  12.010700
15163 211 43  12.010700
15164 211 44  12.010700
15165 211 45  12.010700
15166 211 46  12.010700
15167 211 47  12.010700
15168 211 48  12.010700
15169 211 49  12.010700
15170 211 50  12.010700
15171 211 51  12.010700
15172 211 52  12.010700
15173 211 53  12.010700
15174 211 54  12.010700
15175 211 55  12.010700
15176 211 56  12.010700
15177 211 57   1.007940
15178 211 58   1.007940
15179 211 59   1.007940
15180 211 60   1.007940
15181 211 61   1.007940
15182 211 62   1.007940
15183 211 63   1.007940
15184 211 64   1.007940
15185 211 65   1.007940
15186 211 66   1.007940
15187 211 67   1.007940
15188 211 68   1.007940
15189 211 69   1.007940
15190 211 70   1.007940
15191 211 71   1.007940
15192 211 72   1.007940
15193 212 1  50.941500
15194 212 2  50.941500
15195 212 3  50.941500
15196 212 4  50.941500
15197 212 5  15.999400
15198 212 6  15.999400
15199 212 7  15.999400
15200 212 8  15.999400
15201 212 9  15.999400
15202 212 10  15.999400
15203 212 11  15.999400
15204 212 12  15.999400
15205 212 13  15.999400
15206 212 14  15.999400
15207 212 15  15.999400
15208 212 16  15.999400
15209 212 17  15.999400
15210 212 18  15.999400
15211 212 19  15.999400
15212 212 20  15.999400
15213 212 21  15.999400
15214 212 22  15.999400
15215 212 23  15.999400
15216 212 24  15.999400
15217 212 25  12.010700
15218 212 26  12.010700
15219 212 27  12.010700
15220 212 28  12.010700
15221 212 29  12.010700
15222 212 30  12.010700
15223 212 31  12.010700
15224 212 32  12.010700
15225 212 33  12.010700
15226 212 34  12.010700
15227 212 35  12.010700
15228 212 36  12.010700
15229 212 37  12.010700
15230 212 38  12.010700
15231 212 39  12.010700
15232 212 40  12.010700
15233 212 41  12.010700
15234 212 42  12.010700
15235 212 43  12.010700
15236 212 44  12.010700
15237 212 45  12.010700
15238 212 46  12.010700
15239 212 47  12.010700
15240 212 48  12.010700
15241 212 49  12.010700
15242 212 50  12.010700
15243 212 51  12.010700
15244 212 52  12.010700
15245 212 53  12.010700
15246 212 54  12.010700
15247 212 55  12.010700
15248 212 56  12.010700
15249 212 57   1.007940
15250 212 58   1.007940
15251 212 59   1.007940
15252 212 60   1.007940
15253 212 61   1.007940
15254 212 62   1.007940
15255 212 63   1.007940
15256 212 64   1.007940
15257 212 65   1.007940
15258 212 66   1.007940
15259 212 67   1.007940
15260 212 68   1.007940
15261 212 69   1.007940
15262 212 70   1.007940
15263 212 71   1.007940
15264 212 72   1.007940
15265 213 1  50.941500
15266 213 2  50.941500
15267 213 3  50.941500
15268 213 4  50.941500
15269 213 5  15.999400
15270 213 6  15.999400
15271 213 7  15.999400
15272 213 8  15.999400
15273 213 9  15.999400
15274 213 10  15.999400
15275 213 11  15.999400
15276 213 12  15.999400
15277 213 13  15.999400
15278 213 14  15.999400
15279 213 15  15.999400
15280 213 16  15.999400
15281 213 17  15.999400
15282 213 18  15.999400
15283 213 19  15.999400
15284 213 20  15.999400
15285 213 21  15.999400
15286 213 22  15.999400
15287 213 23  15.999400
15288 213 24  15.999400
15289 213 25  12.010700
15290 213 26  12.010700
15291 213 27  12.010700
15292 213 28  12.010700
15293 213 29  12.010700
15294 213 30  12.010700
15295 213 31  12.010700
15296 213 32  12.010700
15297 213 33  12.010700
15298 213 34  12.010700
15299 213 35  12.010700
15300 213 36  12.010700
15301 213 37  12.010700
15302 213 38  12.010700
15303 213 39  12.010700
15304 213 40  12.010700
15305 213 41  12.010700
15306 213 42  12.010700
15307 213 43  12.010700
15308 213 44  12.010700
15309 213 45  12.010700
15310 213 46  12.010700
15311 213 47  12.010700
15312 213 48  12.010700
15313 213 49  12.010700
15314 213 50  12.010700
15315 213 51  12.010700
15316 213 52  12.010700
15317 213 53  12.010700
15318 213 54  12.010700
15319 213 55  12.010700
15320 213 56  12.010700
15321 213 57   1.007940
15322 213 58   1.007940
15323 213 59   1.007940
15324 213 60   1.007940
15325 213 61   1.007940
15326 213 62   1.007940
15327 213 63   1.007940
15328 213 64   1.007940
15329 213 65   1.007940
15330 213 66   1.007940
15331 213 67   1.007940
15332 213 68   1.007940
15333 213 69   1.007940
15334 213 70   1.007940
15335 213 71   1.007940
15336 213 72   1.007940
15337 214 1  50.941500
15338 214 2  50.941500
15339 214 3  50.941500
15340 214 4  50.941500
15341 214 5  15.999400
15342 214 6  15.999400
15343 214 7  15.999400
15344 214 8  15.999400
15345 214 9  15.999400
15346 214 10  15.999400
15347 214 11  15.999400
15348 214 12  15.999400
15349 214 13  15.999400
15350 214 14  15.999400
15351 214 15  15.999400
15352 214 16  15.999400
15353 214 17  15.999400
15354 214 18  15.999400
15355 214 19  15.999400
15356 214 20  15.999400
15357 214 21  15.999400
15358 214 22  15.999400
15359 214 23  15.999400
15360 214 24  15.999400
15361 214 25  12.010700
15362 214 26  12.010700
15363 214 27  12.010700
15364 214 28  12.010700
15365 214 29  12.010700
15366 214 30  12.010700
15367 214 31  12.010700
15368 214 32  12.010700
15369 214 33  12.010700
15370 214 34  12.010700
15371 214 35  12.010700
15372 214 36  12.010700
15373 214 37  12.010700
15374 214 38  12.010700
15375 214 39  12.010700
15376 214 40  12.010700
15377 214 41  12.010700
15378 214 42  12.010700
15379 214 43  12.010700
15380 214 44  12.010700
15381 214 45  12.010700
15382 214 46  12.010700
15383 214 47  12.010700
15384 214 48  12.010700
15385 214 49  12.010700
15386 214 50  12.010700
15387 214 51  12.010700
15388 214 52  12.010700
15389 214 53  12.010700
15390 214 54  12.010700
15391 214 55  12.010700
15392 214 56  12.010700
15393 214 57   1.007940
15394 214 58   1.007940
15395 214 59   1.007940
15396 214 60   1.007940
15397 214 61   1.007940
15398 214 62   1.007940
15399 214 63   1.007940
15400 214 64   1.007940
15401 214 65   1.007940
15402 214 66   1.007940
15403 214 67   1.007940
15404 214 68   1.007940
15405 214 69   1.007940
15406 214 70   1.007940
15407 214 71   1.007940
15408 214 72   1.007940
15409 215 1  50.941500
15410 215 2  50.941500
15411 215 3  50.941500
15412 215 4  50.941500
15413 215 5  15.999400
15414 215 6  15.999400
15415 215 7  15.999400
15416 215 8  15.999400
15417 215 9  15.999400
15418 215 10  15.999400
15419 215 11  15.999400
15420 215 12  15.999400
15421 215 13  15.999400
15422 215 14  15.999400
15423 215 15  15.999400
15424 215 16  15.999400
15425 215 17  15.999400
15426 215 18  15.999400
15427 215 19  15.999400
15428 215 20  15.999400
15429 215 21  15.999400
15430 215 22  15.999400
15431 215 23  15.999400
15432 215 24  15.999400
15433 215 25  12.010700
15434 215 26  12.010700
15435 215 27  12.010700
15436 215 28  12.010700
15437 215 29  12.010700
15438 215 30  12.010700
15439 215 31  12.010700
15440 215 32  12.010700
15441 215 33  12.010700
15442 215 34  12.010700
15443 215 35  12.010700
15444 215 36  12.010700
15445 215 37  12.010700
15446 215 38  12.010700
15447 215 39  12.010700
15448 215 40  12.010700
15449 215 41  12.010700
15450 215 42  12.010700
15451 215 43  12.010700
15452 215 44  12.010700
15453 215 45  12.010700
15454 215 46  12.010700
15455 215 47  12.010700
15456 215 48  12.010700
15457 215 49  12.010700
15458 215 50  12.010700
15459 215 51  12.010700
15460 215 52  12.010700
15461 215 53  12.010700
15462 215 54  12.010700
15463 215 55  12.010700
15464 215 56  12.010700
15465 215 57   1.007940
15466 215 58   1.007940
15467 215 59   1.007940
15468 215 60   1.007940
15469 215 61   1.007940
15470 215 62   1.007940
15471 215 63   1.007940
15472 215 64   1.007940
15473 215 65   1.007940
15474 215 66   1.007940
15475 215 67   1.007940
15476 215 68   1.007940
15477 215 69   1.007940
15478 215 70   1.007940
15479 215 71   1.007940
15480 215 72   1.007940
15481 216 1  50.941500
15482 216 2  50.941500
15483 216 3  50.941500
15484 216 4  50.941500
15485 216 5  15.999400
15486 216 6  15.999400
15487 216 7  15.999400
15488 216 8  15.999400
15489 216 9  15.999400
15490 216 10  15.999400
15491 216 11  15.999400
15492 216 12  15.999400
15493 216 13  15.999400
15494 216 14  15.999400
15495 216 15  15.999400
15496 216 16  15.999400
15497 216 17  15.999400
15498 216 18  15.999400
15499 216 19  15.999400
15500 216 20  15.999400
15501 216 21  15.999400
15502 216 22  15.999400
15503 216 23  15.999400
15504 216 24  15.999400
15505 216 25  12.010700
15506 216 26  12.010700
15507 216 27  12.010700
15508 216 28  12.010700
15509 216 29  12.010700
15510 216 30  12.010700
15511 216 31  12.010700
15512 216 32  12.010700
15513 216 33  12.010700
15514 216 34  12.010700
15515 216 35  12.010700
15516 216 36  12.010700
15517 216 37  12.010700
15518 216 38  12.010700
15519 216 39  12.010700
15520 216 40  12.010700
15521 216 41  12.010700
15522 216 42  12.010700
15523 216 43  12.010700
15524 216 44  12.010700
15525 216 45  12.010700
15526 216 46  12.010700
15527 216 47  12.010700
15528 216 48  12.010700
15529 216 49  12.010700
15530 216 50  12.010700
15531 216 51  12.010700
15532 216 52  12.010700
15533 216 53  12.010700
15534 216 54  12.010700
15535 216 55  12.010700
15536 216 56  12.010700
15537 216 57   1.007940
15538 216 58   1.007940
15539 216 59   1.007940
15540 216 60   1.007940
15541 216 61   1.007940
15542 216 62   1.007940
15543 216 63   1.007940
15544 216 64   1.007940
15545 216 65   1.007940
15546 216 66   1.007940
15547 216 67   1.007940
15548 216 68   1.007940
15549 216 69   1.007940
15550 216 70   1.007940
15551 216 71   1.007940
15552 216 72   1.007940
15553 217 1  50.941500
15554 217 2  50.941500
15555 217 3  50.941500
15556 217 4  50.941500
15557 217 5  15.999400
15558 217 6  15.999400
15559 217 7  15.999400
15560 217 8  15.999400
15561 217 9  15.999400
15562 217 10  15.999400
15563 217 11  15.999400
15564 217 12  15.999400
15565 217 13  15.999400
15566 217 14  15.999400
15567 217 15  15.999400
15568 217 16  15.999400
15569 217 17  15.999400
15570 217 18  15.999400
15571 217 19  15.999400
15572 217 20  15.999400
15573 217 21  15.999400
15574 217 22  15.999400
15575 217 23  15.999400
15576 217 24  15.999400
15577 217 25  12.010700
15578 217 26  12.010700
15579 217 27  12.010700
15580 217 28  12.010700
15581 217 29  12.010700
15582 217 30  12.010700
15583 217 31  12.010700
15584 217 32  12.010700
15585 217 33  12.010700
15586 217 34  12.010700
15587 217 35  12.010700
15588 217 36  12.010700
15589 217 37  12.010700
15590 217 38  12.010700
15591 217 39  12.010700
15592 217 40  12.010700
15593 217 41  12.010700
15594 217 42  12.010700
15595 217 43  12.010700
15596 217 44  12.010700
15597 217 45  12.010700
15598 217 46  12.010700
15599 217 47  12.010700
15600 217 48  12.010700
15601 217 49  12.010700
15602 217 50  12.010700
15603 217 51  12.010700
15604 217 52  12.010700
15605 217 53  12.010700
15606 217 54  12.010700
15607 217 55  12.010700
15608 217 56  12.010700
15609 217 57   1.007940
15610 217 58   1.007940
15611 217 59   1.007940
15612 217 60   1.007940
15613 217 61   1.007940
15614 217 62   1.007940
15615 217 63   1.007940
15616 217 64   1.007940
15617 217 65   1.007940
15618 217 66   1.007940
15619 217 67   1.007940
15620 217 68   1.007940
15621 217 69   1.007940
15622 217 70   1.007940
15623 217 71   1.007940
15624 217 72   1.007940
15625 218 1  50.941500
15626 218 2  50.941500
15627 218 3  50.941500
15628 218 4  50.941500
15629 218 5  15.999400
15630 218 6  15.999400
15631 218 7  15.999400
15632 218 8  15.999400
15633 218 9  15.999400
15634 218 10  15.999400
15635 218 11  15.999400
15636 218 12  15.999400
15637 218 13  15.999400
15638 218 14  15.999400
15639 218 15  15.999400
15640 218 16  15.999400
15641 218 17  15.999400
15642 218 18  15.999400
15643 218 19  15.999400
15644 218 20  15.999400
15645 218 21  15.999400
15646 218 22  15.999400
15647 218 23  15.999400
15648 218 24  15.999400
15649 218 25  12.010700
15650 218 26  12.010700
15651 218 27  12.010700
15652 218 28  12.010700
15653 218 29  12.010700
15654 218 30  12.010700
15655 218 31  12.010700
15656 218 32  12.010700
15657 218 33  12.010700
15658 218 34  12.010700
15659 218 35  12.010700
15660 218 36  12.010700
15661 218 37  12.010700
15662 218 38  12.010700
15663 218 39  12.010700
15664 218 40  12.010700
15665 218 41  12.010700
15666 218 42  12.010700
15667 218 43  12.010700
15668 218 44  12.010700
15669 218 45  12.010700
15670 218 46  12.010700
15671 218 47  12.010700
15672 218 48  12.010700
15673 218 49  12.010700
15674 218 50  12.010700
15675 218 51  12.010700
15676 218 52  12.010700
15677 218 53  12.010700
15678 218 54  12.010700
15679 218 55  12.010700
15680 218 56  12.010700
15681 218 57   1.007940
15682 218 58   1.007940
15683 218 59   1.007940
15684 218 60   1.007940
15685 218 61   1.007940
15686 218 62   1.007940
15687 218 63   1.007940
15688 218 64   1.007940
15689 218 65   1.007940
15690 218 66   1.007940
15691 218 67   1.007940
15692 218 68   1.007940
15693 218 69   1.007940
15694 218 70   1.007940
15695 218 71   1.007940
15696 218 72   1.007940
15697 219 1  50.941500
15698 219 2  50.941500
15699 219 3  50.941500
15700 219 4  50.941500
15701 219 5  15.999400
15702 219 6  15.999400
15703 219 7  15.999400
15704 219 8  15.999400
15705 219 9  15.999400
15706 219 10  15.999400
15707 219 11  15.999400
15708 219 12  15.999400
15709 219 13  15.999400
15710 219 14  15.999400
15711 219 15  15.999400
15712 219 16  15.999400
15713 219 17  15.999400
15714 219 18  15.999400
15715 219 19  15.999400
15716 219 20  15.999400
15717 219 21  15.999400
15718 219 22  15.999400
15719 219 23  15.999400
15720 219 24  15.999400
15721 219 25  12.010700
15722 219 26  12.010700
15723 219 27  12.010700
15724 219 28  12.010700
15725 219 29  12.010700
15726 219 30  12.010700
15727 219 31  12.010700
15728 219 32  12.010700
15729 219 33  12.010700
15730 219 34  12.010700
15731 219 35  12.010700
15732 219 36  12.010700
15733 219 37  12.010700
15734 219 38  12.010700
15735 219 39  12.010700
15736 219 40  12.010700
15737 219 41  12.010700
15738 219 42  12.010700
15739 219 43  12.010700
15740 219 44  12.010700
15741 219 45  12.010700
15742 219 46  12.010700
15743 219 47  12.010700
15744 219 48  12.010700
15745 219 49  12.010700
15746 219 50  12.010700
15747 219 51  12.010700
15748 219 52  12.010700
15749 219 53  12.010700
15750 219 54  12.010700
15751 219 55  12.010700
15752 219 56  12.010700
15753 219 57   1.007940
15754 219 58   1.007940
15755 219 59   1.007940
15756 219 60   1.007940
15757 219 61   1.007940
15758 219 62   1.007940
15759 219 63   1.007940
15760 219 64   1.007940
15761 219 65   1.007940
15762 219 66   1.007940
15763 219 67   1.007940
15764 219 68   1.007940
15765 219 69   1.007940
15766 219 70   1.007940
15767 219 71   1.007940
15768 219 72   1.007940
15769 220 1  50.941500
15770 220 2  50.941500
15771 220 3  50.941500
15772 220 4  50.941500
15773 220 5  15.999400
15774 220 6  15.999400
15775 220 7  15.999400
15776 220 8  15.999400
15777 220 9  15.999400
15778 220 10  15.999400
15779 220 11  15.999400
15780 220 12  15.999400
15781 220 13  15.999400
15782 220 14  15.999400
15783 220 15  15.999400
15784 220 16  15.999400
15785 220 17  15.999400
15786 220 18  15.999400
15787 220 19  15.999400
15788 220 20  15.999400
15789 220 21  15.999400
15790 220 22  15.999400
15791 220 23  15.999400
15792 220 24  15.999400
15793 220 25  12.010700
15794 220 26  12.010700
15795 220 27  12.010700
15796 220 28  12.010700
15797 220 29  12.010700
15798 220 30  12.010700
15799 220 31  12.010700
15800 220 32  12.010700
15801 220 33  12.010700
15802 220 34  12.010700
15803 220 35  12.010700
15804 220 36  12.010700
15805 220 37  12.010700
15806 220 38  12.010700
15807 220 39  12.010700
15808 220 40  12.010700
15809 220 41  12.010700
15810 220 42  12.010700
15811 220 43  12.010700
15812 220 44  12.010700
15813 220 45  12.010700
15814 220 46  12.010700
15815 220 47  12.010700
15816 220 48  12.010700
15817 220 49  12.010700
15818 220 50  12.010700
15819 220 51  12.010700
15820 220 52  12.010700
15821 220 53  12.010700
15822 220 54  12.010700
15823 220 55  12.010700
15824 220 56  12.010700
15825 220 57   1.007940
15826 220 58   1.007940
15827 220 59   1.007940
15828 220 60   1.007940
15829 220 61   1.007940
15830 220 62   1.007940
15831 220 63   1.007940
15832 220 64   1.007940
15833 220 65   1.007940
15834 220 66   1.007940
15835 220 67   1.007940
15836 220 68   1.007940
15837 220 69   1.007940
15838 220 70   1.007940
15839 220 71   1.007940
15840 220 72   1.007940
15841 221 1  50.941500
15842 221 2  50.941500
15843 221 3  50.941500
15844 221 4  50.941500
15845 221 5  15.999400
15846 221 6  15.999400
15847 221 7  15.999400
15848 221 8  15.999400
15849 221 9  15.999400
15850 221 10  15.999400
15851 221 11  15.999400
15852 221 12  15.999400
15853 221 13  15.999400
15854 221 14  15.999400
15855 221 15  15.999400
15856 221 16  15.999400
15857 221 17  15.999400
15858 221 18  15.999400
15859 221 19  15.999400
15860 221 20  15.999400
15861 221 21  15.999400
15862 221 22  15.999400
15863 221 23  15.999400
15864 221 24  15.999400
15865 221 25  12.010700
15866 221 26  12.010700
15867 221 27  12.010700
15868 221 28  12.010700
15869 221 29  12.010700
15870 221 30  12.010700
15871 221 31  12.010700
15872 221 32  12.010700
15873 221 33  12.010700
15874 221 34  12.010700
15875 221 35  12.010700
15876 221 36  12.010700
15877 221 37  12.010700
15878 221 38  12.010700
15879 221 39  12.010700
15880 221 40  12.010700
15881 221 41  12.010700
15882 221 42  12.010700
15883 221 43  12.010700
15884 221 44  12.010700
15885 221 45  12.010700
15886 221 46  12.010700
15887 221 47  12.010700
15888 221 48  12.010700
15889 221 49  12.010700
15890 221 50  12.010700
15891 221 51  12.010700
15892 221 52  12.010700
15893 221 53  12.010700
15894 221 54  12.010700
15895 221 55  12.010700
15896 221 56  12.010700
15897 221 57   1.007940
15898 221 58   1.007940
15899 221 59   1.007940
15900 221 60   1.007940
15901 221 61   1.007940
15902 221 62   1.007940
15903 221 63   1.007940
15904 221 64   1.007940
15905 221 65   1.007940
15906 221 66   1.007940
15907 221 67   1.007940
15908 221 68   1.007940
15909 221 69   1.007940
15910 221 70   1.007940
15911 221 71   1.007940
15912 221 72   1.007940
15913 222 1  50.941500
15914 222 2  50.941500
15915 222 3  50.941500
15916 222 4  50.941500
15917 222 5  15.999400
15918 222 6  15.999400
15919 222 7  15.999400
15920 222 8  15.999400
15921 222 9  15.999400
15922 222 10  15.999400
15923 222 11  15.999400
15924 222 12  15.999400
15925 222 13  15.999400
15926 222 14  15.999400
15927 222 15  15.999400
15928 222 16  15.999400
15929 222 17  15.999400
15930 222 18  15.999400
15931 222 19  15.999400
15932 222 20  15.999400
15933 222 21  15.999400
15934 222 22  15.999400
15935 222 23  15.999400
15936 222 24  15.999400
15937 222 25  12.010700
15938 222 26  12.010700
15939 222 27  12.010700
15940 222 28  12.010700
15941 222 29  12.010700
15942 222 30  12.010700
15943 222 31  12.010700
15944 222 32  12.010700
15945 222 33  12.010700
15946 222 34  12.010700
15947 222 35  12.010700
15948 222 36  12.010700
15949 222 37  12.010700
15950 222 38  12.010700
15951 222 39  12.010700
15952 222 40  12.010700
15953 222 41  12.010700
15954 222 42  12.010700
15955 222 43  12.010700
15956 222 44  12.010700
15957 222 45  12.010700
15958 222 46  12.010700
15959 222 47  12.010700
15960 222 48  12.010700
15961 222 49  12.010700
15962 222 50  12.010700
15963 222 51  12.010700
15964 222 52  12.010700
15965 222 53  12.010700
15966 222 54  12.010700
15967 222 55  12.010700
15968 222 56  12.010700
15969 222 57   1.007940
15970 222 58   1.007940
15971 222 59   1.007940
15972 222 60   1.007940
15973 222 61   1.007940
15974 222 62   1.007940
15975 222 63   1.007940
15976 222 64   1.007940
15977 222 65   1.007940
15978 222 66   1.007940
15979 222 67   1.007940
15980 222 68   1.007940
15981 222 69   1.007940
15982 222 70   1.007940
15983 222 71   1.007940
15984 222 72   1.007940
15985 223 1  50.941500
15986 223 2  50.941500
15987 223 3  50.941500
15988 223 4  50.941500
15989 223 5  15.999400
15990 223 6  15.999400
15991 223 7  15.999400
15992 223 8  15.999400
15993 223 9  15.999400
15994 223 10  15.999400
15995 223 11  15.999400
15996 223 12  15.999400
15997 223 13  15.999400
15998 223 14  15.999400
15999 223 15  15.999400
16000 223 16  15.999400
16001 223 17  15.999400
16002 223 18  15.999400
16003 223 19  15.999400
16004 223 20  15.999400
16005 223 21  15.999400
16006 223 22  15.999400
16007 223 23  15.999400
16008 223 24  15.999400
16009 223 25  12.010700
16010 223 26  12.010700
16011 223 27  12.010700
16012 223 28  12.010700
16013 223 29  12.010700
16014 223 30  12.010700
16015 223 31  12.010700
16016 223 32  12.010700
16017 223 33  12.010700
16018 223 34  12.010700
16019 223 35  12.010700
16020 223 36  12.010700
16021 223 37  12.010700
16022 223 38  12.010700
16023 223 39  12.010700
16024 223 40  12.010700
16025 223 41  12.010700
16026 223 42  12.010700
16027 223 43  12.010700
16028 223 44  12.010700
16029 223 45  12.010700
16030 223 46  12.010700
16031 223 47  12.010700
16032 223 48  12.010700
16033 223 49  12.010700
16034 223 50  12.010700
16035 223 51  12.010700
16036 223 52  12.010700
16037 223 53  12.010700
16038 223 54  12.010700
16039 223 55  12.010700
16040 223 56  12.010700
16041 223 57   1.007940
16042 223 58   1.007940
16043 223 59   1.007940
16044 223 60   1.007940
16045 223 61   1.007940
16046 223 62   1.007940
16047 223 63   1.007940
16048 223 64   1.007940
16049 223 65   1.007940
16050 223 66   1.007940
16051 223 67   1.007940
16052 223 68   1.007940
16053 223 69   1.007940
16054 223 70   1.007940
16055 223 71   1.007940
16056 223 72   1.007940
16057 224 1  50.941500
16058 224 2  50.941500
16059 224 3  50.941500
16060 224 4  50.941500
16061 224 5  15.999400
16062 224 6  15.999400
16063 224 7  15.999400
16064 224 8  15.999400
16065 224 9  15.999400
16066 224 10  15.999400
16067 224 11  15.999400
16068 224 12  15.999400
16069 224 13  15.999400
16070 224 14  15.999400
16071 224 15  15.999400
16072 224 16  15.999400
16073 224 17  15.999400
16074 224 18  15.999400
16075 224 19  15.999400
16076 224 20  15.999400
16077 224 21  15.999400
16078 224 22  15.999400
16079 224 23  15.999400
16080 224 24  15.999400
16081 224 25  12.010700
16082 224 26  12.010700
16083 224 27  12.010700
16084 224 28  12.010700
16085 224 29  12.010700
16086 224 30  12.010700
16087 224 31  12.010700
16088 224 32  12.010700
16089 224 33  12.010700
16090 224 34  12.010700
16091 224 35  12.010700
16092 224 36  12.010700
16093 224 37  12.010700
16094 224 38  12.010700
16095 224 39  12.010700
16096 224 40  12.010700
16097 224 41  12.010700
16098 224 42  12.010700
16099 224 43  12.010700
16100 224 44  12.010700
16101 224 45  12.010700
16102 224 46  12.010700
16103 224 47  12.010700
16104 224 48  12.010700
16105 224 49  12.010700
16106 224 50  12.010700
16107 224 51  12.010700
16108 224 52  12.010700
16109 224 53  12.010700
16110 224 54  12.010700
16111 224 55  12.010700
16112 224 56  12.010700
16113 224 57   1.007940
16114 224 58   1.007940
16115 224 59   1.007940
16116 224 60   1.007940
16117 224 61   1.007940
16118 224 62   1.007940
16119 224 63   1.007940
16120 224 64   1.007940
16121 224 65   1.007940
16122 224 66   1.007940
16123 224 67   1.007940
16124 224 68   1.007940
16125 224 69   1.007940
16126 224 70   1.007940
16127 224 71   1.007940
16128 224 72   1.007940
16129 225 1  50.941500
16130 225 2  50.941500
16131 225 3  50.941500
16132 225 4  50.941500
16133 225 5  15.999400
16134 225 6  15.999400
16135 225 7  15.999400
16136 225 8  15.999400
16137 225 9  15.999400
16138 225 10  15.999400
16139 225 11  15.999400
16140 225 12  15.999400
16141 225 13  15.999400
16142 225 14  15.999400
16143 225 15  15.999400
16144 225 16  15.999400
16145 225 17  15.999400
16146 225 18  15.999400
16147 225 19  15.999400
16148 225 20  15.999400
16149 225 21  15.999400
16150 225 22  15.999400
16151 225 23  15.999400
16152 225 24  15.999400
16153 225 25  12.010700
16154 225 26  12.010700
16155 225 27  12.010700
16156 225 28  12.010700
16157 225 29  12.010700
16158 225 30  12.010700
16159 225 31  12.010700
16160 225 32  12.010700
16161 225 33  12.010700
16162 225 34  12.010700
16163 225 35  12.010700
16164 225 36  12.010700
16165 225 37  12.010700
16166 225 38  12.010700
16167 225 39  12.010700
16168 225 40  12.010700
16169 225 41  12.010700
16170 225 42  12.010700
16171 225 43  12.010700
16172 225 44  12.010700
16173 225 45  12.010700
16174 225 46  12.010700
16175 225 47  12.010700
16176 225 48  12.010700
16177 225 49  12.010700
16178 225 50  12.010700
16179 225 51  12.010700
16180 225 52  12.010700
16181 225 53  12.010700
16182 225 54  12.010700
16183 225 55  12.010700
16184 225 56  12.010700
16185 225 57   1.007940
16186 225 58   1.007940
16187 225 59   1.007940
16188 225 60   1.007940
16189 225 61   1.007940
16190 225 62   1.007940
16191 225 63   1.007940
16192 225 64   1.007940
16193 225 65   1.007940
16194 225 66   1.007940
16195 225 67   1.007940
16196 225 68   1.007940
16197 225 69   1.007940
16198 225 70   1.007940
16199 225 71   1.007940
16200 225 72   1.007940
16201 226 1  50.941500
16202 226 2  50.941500
16203 226 3  50.941500
16204 226 4  50.941500
16205 226 5  15.999400
16206 226 6  15.999400
16207 226 7  15.999400
16208 226 8  15.999400
16209 226 9  15.999400
16210 226 10  15.999400
16211 226 11  15.999400
16212 226 12  15.999400
16213 226 13  15.999400
16214 226 14  15.999400
16215 226 15  15.999400
16216 226 16  15.999400
16217 226 17  15.999400
16218 226 18  15.999400
16219 226 19  15.999400
16220 226 20  15.999400
16221 226 21  15.999400
16222 226 22  15.999400
16223 226 23  15.999400
16224 226 24  15.999400
16225 226 25  12.010700
16226 226 26  12.010700
16227 226 27  12.010700
16228 226 28  12.010700
16229 226 29  12.010700
16230 226 30  12.010700
16231 226 31  12.010700
16232 226 32  12.010700
16233 226 33  12.010700
16234 226 34  12.010700
16235 226 35  12.010700
16236 226 36  12.010700
16237 226 37  12.010700
16238 226 38  12.010700
16239 226 39  12.010700
16240 226 40  12.010700
16241 226 41  12.010700
16242 226 42  12.010700
16243 226 43  12.010700
16244 226 44  12.010700
16245 226 45  12.010700
16246 226 46  12.010700
16247 226 47  12.010700
16248 226 48  12.010700
16249 226 49  12.010700
16250 226 50  12.010700
16251 226 51  12.010700
16252 226 52  12.010700
16253 226 53  12.010700
16254 226 54  12.010700
16255 226 55  12.010700
16256 226 56  12.010700
16257 226 57   1.007940
16258 226 58   1.007940
16259 226 59   1.007940
16260 226 60   1.007940
16261 226 61   1.007940
16262 226 62   1.007940
16263 226 63   1.007940
16264 226 64   1.007940
16265 226 65   1.007940
16266 226 66   1.007940
16267 226 67   1.007940
16268 226 68   1.007940
16269 226 69   1.007940
16270 226 70   1.007940
16271 226 71   1.007940
16272 226 72   1.007940
16273 227 1  50.941500
16274 227 2  50.941500
16275 227 3  50.941500
16276 227 4  50.941500
16277 227 5  15.999400
16278 227 6  15.999400
16279 227 7  15.999400
16280 227 8  15.999400
16281 227 9  15.999400
16282 227 10  15.999400
16283 227 11  15.999400
16284 227 12  15.999400
16285 227 13  15.999400
16286 227 14  15.999400
16287 227 15  15.999400
16288 227 16  15.999400
16289 227 17  15.999400
16290 227 18  15.999400
16291 227 19  15.999400
16292 227 20  15.999400
16293 227 21  15.999400
16294 227 22  15.999400
16295 227 23  15.999400
16296 227 24  15.999400
16297 227 25  12.010700
16298 227 26  12.010700
16299 227 27  12.010700
16300 227 28  12.010700
16301 227 29  12.010700
16302 227 30  12.010700
16303 227 31  12.010700
16304 227 32  12.010700
16305 227 33  12.010700
16306 227 34  12.010700
16307 227 35  12.010700
16308 227 36  12.010700
16309 227 37  12.010700
16310 227 38  12.010700
16311 227 39  12.010700
16312 227 40  12.010700
16313 227 41  12.010700
16314 227 42  12.010700
16315 227 43  12.010700
16316 227 44  12.010700
16317 227 45  12.010700
16318 227 46  12.010700
16319 227 47  12.010700
16320 227 48  12.010700
16321 227 49  12.010700
16322 227 50  12.010700
16323 227 51  12.010700
16324 227 52  12.010700
16325 227 53  12.010700
16326 227 54  12.010700
16327 227 55  12.010700
16328 227 56  12.010700
16329 227 57   1.007940
16330 227 58   1.007940
16331 227 59   1.007940
16332 227 60   1.007940
16333 227 61   1.007940
16334 227 62   1.007940
16335 227 63   1.007940
16336 227 64   1.007940
16337 227 65   1.007940
16338 227 66   1.007940
16339 227 67   1.007940
16340 227 68   1.007940
16341 227 69   1.007940
16342 227 70   1.007940
16343 227 71   1.007940
16344 227 72   1.007940
16345 228 1  50.941500
16346 228 2  50.941500
16347 228 3  50.941500
16348 228 4  50.941500
16349 228 5  15.999400
16350 228 6  15.999400
16351 228 7  15.999400
16352 228 8  15.999400
16353 228 9  15.999400
16354 228 10  15.999400
16355 228 11  15.999400
16356 228 12  15.999400
16357 228 13  15.999400
16358 228 14  15.999400
16359 228 15  15.999400
16360 228 16  15.999400
16361 228 17  15.999400
16362 228 18  15.999400
16363 228 19  15.999400
16364 228 20  15.999400
16365 228 21  15.999400
16366 228 22  15.999400
16367 228 23  15.999400
16368 228 24  15.999400
16369 228 25  12.010700
16370 228 26  12.010700
16371 228 27  12.010700
16372 228 28  12.010700
16373 228 29  12.010700
16374 228 30  12.010700
16375 228 31  12.010700
16376 228 32  12.010700
16377 228 33  12.010700
16378 228 34  12.010700
16379 228 35  12.010700
16380 228 36  12.010700
16381 228 37  12.010700
16382 228 38  12.010700
16383 228 39  12.010700
16384 228 40  12.010700
16385 228 41  12.010700
16386 228 42  12.010700
16387 228 43  12.010700
16388 228 44  12.010700
16389 228 45  12.010700
16390 228 46  12.010700
16391 228 47  12.010700
16392 228 48  12.010700
16393 228 49  12.010700
16394 228 50  12.010700
16395 228 51  12.010700
16396 228 52  12.010700
16397 228 53  12.010700
16398 228 54  12.010700
16399 228 55  12.010700
16400 228 56  12.010700
16401 228 57   1.007940
16402 228 58   1.007940
16403 228 59   1.007940
16404 228 60   1.007940
16405 228 61   1.007940
16406 228 62   1.007940
16407 228 63   1.007940
16408 228 64   1.007940
16409 228 65   1.007940
16410 228 66   1.007940
16411 228 67   1.007940
16412 228 68   1.007940
16413 228 69   1.007940
16414 228 70   1.007940
16415 228 71   1.007940
16416 228 72   1.007940
16417 229 1  50.941500
16418 229 2  50.941500
16419 229 3  50.941500
16420 229 4  50.941500
16421 229 5  15.999400
16422 229 6  15.999400
16423 229 7  15.999400
16424 229 8  15.999400
16425 229 9  15.999400
16426 229 10  15.999400
16427 229 11  15.999400
16428 229 12  15.999400
16429 229 13  15.999400
16430 229 14  15.999400
16431 229 15  15.999400
16432 229 16  15.999400
16433 229 17  15.999400
16434 229 18  15.999400
16435 229 19  15.999400
16436 229 20  15.999400
16437 229 21  15.999400
16438 229 22  15.999400
16439 229 23  15.999400
16440 229 24  15.999400
16441 229 25  12.010700
16442 229 26  12.010700
16443 229 27  12.010700
16444 229 28  12.010700
16445 229 29  12.010700
16446 229 30  12.010700
16447 229 31  12.010700
16448 229 32  12.010700
16449 229 33  12.010700
16450 229 34  12.010700
16451 229 35  12.010700
16452 229 36  12.010700
16453 229 37  12.010700
16454 229 38  12.010700
16455 229 39  12.010700
16456 229 40  12.010700
16457 229 41  12.010700
16458 229 42  12.010700
16459 229 43  12.010700
16460 229 44  12.010700
16461 229 45  12.010700
16462 229 46  12.010700
16463 229 47  12.010700
16464 229 48  12.010700
16465 229 49  12.010700
16466 229 50  12.010700
16467 229 51  12.010700
16468 229 52  12.010700
16469 229 53  12.010700
16470 229 54  12.010700
16471 229 55  12.010700
16472 229 56  12.010700
16473 229 57   1.007940
16474 229 58   1.007940
16475 229 59   1.007940
16476 229 60   1.007940
16477 229 61   1.007940
16478 229 62   1.007940
16479 229 63   1.007940
16480 229 64   1.007940
16481 229 65   1.007940
16482 229 66   1.007940
16483 229 67   1.007940
16484 229 68   1.007940
16485 229 69   1.007940
16486 229 70   1.007940
16487 229 71   1.007940
16488 229 72   1.007940
16489 230 1  50.941500
16490 230 2  50.941500
16491 230 3  50.941500
16492 230 4  50.941500
16493 230 5  15.999400
16494 230 6  15.999400
16495 230 7  15.999400
16496 230 8  15.999400
16497 230 9  15.999400
16498 230 10  15.999400
16499 230 11  15.999400
16500 230 12  15.999400
16501 230 13  15.999400
16502 230 14  15.999400
16503 230 15  15.999400
16504 230 16  15.999400
16505 230 17  15.999400
16506 230 18  15.999400
16507 230 19  15.999400
16508 230 20  15.999400
16509 230 21  15.999400
16510 230 22  15.999400
16511 230 23  15.999400
16512 230 24  15.999400
16513 230 25  12.010700
16514 230 26  12.010700
16515 230 27  12.010700
16516 230 28  12.010700
16517 230 29  12.010700
16518 230 30  12.010700
16519 230 31  12.010700
16520 230 32  12.010700
16521 230 33  12.010700
16522 230 34  12.010700
16523 230 35  12.010700
16524 230 36  12.010700
16525 230 37  12.010700
16526 230 38  12.010700
16527 230 39  12.010700
16528 230 40  12.010700
16529 230 41  12.010700
16530 230 42  12.010700
16531 230 43  12.010700
16532 230 44  12.010700
16533 230 45  12.010700
16534 230 46  12.010700
16535 230 47  12.010700
16536 230 48  12.010700
16537 230 49  12.010700
16538 230 50  12.010700
16539 230 51  12.010700
16540 230 52  12.010700
16541 230 53  12.010700
16542 230 54  12.010700
16543 230 55  12.010700
16544 230 56  12.010700
16545 230 57   1.007940
16546 230 58   1.007940
16547 230 59   1.007940
16548 230 60   1.007940
16549 230 61   1.007940
16550 230 62   1.007940
16551 230 63   1.007940
16552 230 64   1.007940
16553 230 65   1.007940
16554 230 66   1.007940
16555 230 67   1.007940
16556 230 68   1.007940
16557 230 69   1.007940
16558 230 70   1.007940
16559 230 71   1.007940
16560 230 72   1.007940
16561 231 1  50.941500
16562 231 2  50.941500
16563 231 3  50.941500
16564 231 4  50.941500
16565 231 5  15.999400
16566 231 6  15.999400
16567 231 7  15.999400
16568 231 8  15.999400
16569 231 9  15.999400
16570 231 10  15.999400
16571 231 11  15.999400
16572 231 12  15.999400
16573 231 13  15.999400
16574 231 14  15.999400
16575 231 15  15.999400
16576 231 16  15.999400
16577 231 17  15.999400
16578 231 18  15.999400
16579 231 19  15.999400
16580 231 20  15.999400
16581 231 21  15.999400
16582 231 22  15.999400
16583 231 23  15.999400
16584 231 24  15.999400
16585 231 25  12.010700
16586 231 26  12.010700
16587 231 27  12.010700
16588 231 28  12.010700
16589 231 29  12.010700
16590 231 30  12.010700
16591 231 31  12.010700
16592 231 32  12.010700
16593 231 33  12.010700
16594 231 34  12.010700
16595 231 35  12.010700
16596 231 36  12.010700
16597 231 37  12.010700
16598 231 38  12.010700
16599 231 39  12.010700
16600 231 40  12.010700
16601 231 41  12.010700
16602 231 42  12.010700
16603 231 43  12.010700
16604 231 44  12.010700
16605 231 45  12.010700
16606 231 46  12.010700
16607 231 47  12.010700
16608 231 48  12.010700
16609 231 49  12.010700
16610 231 50  12.010700
16611 231 51  12.010700
16612 231 52  12.010700
16613 231 53  12.010700
16614 231 54  12.010700
16615 231 55  12.010700
16616 231 56  12.010700
16617 231 57   1.007940
16618 231 58   1.007940
16619 231 59   1.007940
16620 231 60   1.007940
16621 231 61   1.007940
16622 231 62   1.007940
16623 231 63   1.007940
16624 231 64   1.007940
16625 231 65   1.007940
16626 231 66   1.007940
16627 231 67   1.007940
16628 231 68   1.007940
16629 231 69   1.007940
16630 231 70   1.007940
16631 231 71   1.007940
16632 231 72   1.007940
16633 232 1  50.941500
16634 232 2  50.941500
16635 232 3  50.941500
16636 232 4  50.941500
16637 232 5  15.999400
16638 232 6  15.999400
16639 232 7  15.999400
16640 232 8  15.999400
16641 232 9  15.999400
16642 232 10  15.999400
16643 232 11  15.999400
16644 232 12  15.999400
16645 232 13  15.999400
16646 232 14  15.999400
16647 232 15  15.999400
16648 232 16  15.999400
16649 232 17  15.999400
16650 232 18  15.999400
16651 232 19  15.999400
16652 232 20  15.999400
16653 232 21  15.999400
16654 232 22  15.999400
16655 232 23  15.999400
16656 232 24  15.999400
16657 232 25  12.010700
16658 232 26  12.010700
16659 232 27  12.010700
16660 232 28  12.010700
16661 232 29  12.010700
16662 232 30  12.010700
16663 232 31  12.010700
16664 232 32  12.010700
16665 232 33  12.010700
16666 232 34  12.010700
16667 232 35  12.010700
16668 232 36  12.010700
16669 232 37  12.010700
16670 232 38  12.010700
16671 232 39  12.010700
16672 232 40  12.010700
16673 232 41  12.010700
16674 232 42  12.010700
16675 232 43  12.010700
16676 232 44  12.010700
16677 232 45  12.010700
16678 232 46  12.010700
16679 232 47  12.010700
16680 232 48  12.010700
16681 232 49  12.010700
16682 232 50  12.010700
16683 232 51  12.010700
16684 232 52  12.010700
16685 232 53  12.010700
16686 232 54  12.010700
16687 232 55  12.010700
16688 232 56  12.010700
16689 232 57   1.007940
16690 232 58   1.007940
16691 232 59   1.007940
16692 232 60   1.007940
16693 232 61   1.007940
16694 232 62   1.007940
16695 232 63   1.007940
16696 232 64   1.007940
16697 232 65   1.007940
16698 232 66   1.007940
16699 232 67   1.007940
16700 232 68   1.007940
16701 232 69   1.007940
16702 232 70   1.007940
16703 232 71   1.007940
16704 232 72   1.007940
16705 233 1  50.941500
16706 233 2  50.941500
16707 233 3  50.941500
16708 233 4  50.941500
16709 233 5  15.999400
16710 233 6  15.999400
16711 233 7  15.999400
16712 233 8  15.999400
16713 233 9  15.999400
16714 233 10  15.999400
16715 233 11  15.999400
16716 233 12  15.999400
16717 233 13  15.999400
16718 233 14  15.999400
16719 233 15  15.999400
16720 233 16  15.999400
16721 233 17  15.999400
16722 233 18  15.999400
16723 233 19  15.999400
16724 233 20  15.999400
16725 233 21  15.999400
16726 233 22  15.999400
16727 233 23  15.999400
16728 233 24  15.999400
16729 233 25  12.010700
16730 233 26  12.010700
16731 233 27  12.010700
16732 233 28  12.010700
16733 233 29  12.010700
16734 233 30  12.010700
16735 233 31  12.010700
16736 233 32  12.010700
16737 233 33  12.010700
16738 233 34  12.010700
16739 233 35  12.010700
16740 233 36  12.010700
16741 233 37  12.010700
16742 233 38  12.010700
16743 233 39  12.010700
16744 233 40  12.010700
16745 233 41  12.010700
16746 233 42  12.010700
16747 233 43  12.010700
16748 233 44  12.010700
16749 233 45  12.010700
16750 233 46  12.010700
16751 233 47  12.010700
16752 233 48  12.010700
16753 233 49  12.010700
16754 233 50  12.010700
16755 233 51  12.010700
16756 233 52  12.010700
16757 233 53  12.010700
16758 233 54  12.010700
16759 233 55  12.010700
16760 233 56  12.010700
16761 233 57   1.007940
16762 233 58   1.007940
16763 233 59   1.007940
16764 233 60   1.007940
16765 233 61   1.007940
16766 233 62   1.007940
16767 233 63   1.007940
16768 233 64   1.007940
16769 233 65   1.007940
16770 233 66   1.007940
16771 233 67   1.007940
16772 233 68   1.007940
16773 233 69   1.007940
16774 233 70   1.007940
16775 233 71   1.007940
16776 233 72   1.007940
16777 234 1  50.941500
16778 234 2  50.941500
16779 234 3  50.941500
16780 234 4  50.941500
16781 234 5  15.999400
16782 234 6  15.999400
16783 234 7  15.999400
16784 234 8  15.999400
16785 234 9  15.999400
16786 234 10  15.999400
16787 234 11  15.999400
16788 234 12  15.999400
16789 234 13  15.999400
16790 234 14  15.999400
16791 234 15  15.999400
16792 234 16  15.999400
16793 234 17  15.999400
16794 234 18  15.999400
16795 234 19  15.999400
16796 234 20  15.999400
16797 234 21  15.999400
16798 234 22  15.999400
16799 234 23  15.999400
16800 234 24  15.999400
16801 234 25  12.010700
16802 234 26  12.010700
16803 234 27  12.010700
16804 234 28  12.010700
16805 234 29  12.010700
16806 234 30  12.010700
16807 234 31  12.010700
16808 234 32  12.010700
16809 234 33  12.010700
16810 234 34  12.010700
16811 234 35  12.010700
16812 234 36  12.010700
16813 234 37  12.010700
16814 234 38  12.010700
16815 234 39  12.010700
16816 234 40  12.010700
16817 234 41  12.010700
16818 234 42  12.010700
16819 234 43  12.010700
16820 234 44  12.010700
16821 234 45  12.010700
16822 234 46  12.010700
16823 234 47  12.010700
16824 234 48  12.010700
16825 234 49  12.010700
16826 234 50  12.010700
16827 234 51  12.010700
16828 234 52  12.010700
16829 234 53  12.010700
16830 234 54  12.010700
16831 234 55  12.010700
16832 234 56  12.010700
16833 234 57   1.007940
16834 234 58   1.007940
16835 234 59   1.007940
16836 234 60   1.007940
16837 234 61   1.007940
16838 234 62   1.007940
16839 234 63   1.007940
16840 234 64   1.007940
16841 234 65   1.007940
16842 234 66   1.007940
16843 234 67   1.007940
16844 234 68   1.007940
16845 234 69   1.007940
16846 234 70   1.007940
16847 234 71   1.007940
16848 234 72   1.007940
16849 235 1  50.941500
16850 235 2  50.941500
16851 235 3  50.941500
16852 235 4  50.941500
16853 235 5  15.999400
16854 235 6  15.999400
16855 235 7  15.999400
16856 235 8  15.999400
16857 235 9  15.999400
16858 235 10  15.999400
16859 235 11  15.999400
16860 235 12  15.999400
16861 235 13  15.999400
16862 235 14  15.999400
16863 235 15  15.999400
16864 235 16  15.999400
16865 235 17  15.999400
16866 235 18  15.999400
16867 235 19  15.999400
16868 235 20  15.999400
16869 235 21  15.999400
16870 235 22  15.999400
16871 235 23  15.999400
16872 235 24  15.999400
16873 235 25  12.010700
16874 235 26  12.010700
16875 235 27  12.010700
16876 235 28  12.010700
16877 235 29  12.010700
16878 235 30  12.010700
16879 235 31  12.010700
16880 235 32  12.010700
16881 235 33  12.010700
16882 235 34  12.010700
16883 235 35  12.010700
16884 235 36  12.010700
16885 235 37  12.010700
16886 235 38  12.010700
16887 235 39  12.010700
16888 235 40  12.010700
16889 235 41  12.010700
16890 235 42  12.010700
16891 235 43  12.010700
16892 235 44  12.010700
16893 235 45  12.010700
16894 235 46  12.010700
16895 235 47  12.010700
16896 235 48  12.010700
16897 235 49  12.010700
16898 235 50  12.010700
16899 235 51  12.010700
16900 235 52  12.010700
16901 235 53  12.010700
16902 235 54  12.010700
16903 235 55  12.010700
16904 235 56  12.010700
16905 235 57   1.007940
16906 235 58   1.007940
16907 235 59   1.007940
16908 235 60   1.007940
16909 235 61   1.007940
16910 235 62   1.007940
16911 235 63   1.007940
16912 235 64   1.007940
16913 235 65   1.007940
16914 235 66   1.007940
16915 235 67   1.007940
16916 235 68   1.007940
16917 235 69   1.007940
16918 235 70   1.007940
16919 235 71   1.007940
16920 235 72   1.007940
16921 236 1  50.941500
16922 236 2  50.941500
16923 236 3  50.941500
16924 236 4  50.941500
16925 236 5  15.999400
16926 236 6  15.999400
16927 236 7  15.999400
16928 236 8  15.999400
16929 236 9  15.999400
16930 236 10  15.999400
16931 236 11  15.999400
16932 236 12  15.999400
16933 236 13  15.999400
16934 236 14  15.999400
16935 236 15  15.999400
16936 236 16  15.999400
16937 236 17  15.999400
16938 236 18  15.999400
16939 236 19  15.999400
16940 236 20  15.999400
16941 236 21  15.999400
16942 236 22  15.999400
16943 236 23  15.999400
16944 236 24  15.999400
16945 236 25  12.010700
16946 236 26  12.010700
16947 236 27  12.010700
16948 236 28  12.010700
16949 236 29  12.010700
16950 236 30  12.010700
16951 236 31  12.010700
16952 236 32  12.010700
16953 236 33  12.010700
16954 236 34  12.010700
16955 236 35  12.010700
16956 236 36  12.010700
16957 236 37  12.010700
16958 236 38  12.010700
16959 236 39  12.010700
16960 236 40  12.010700
16961 236 41  12.010700
16962 236 42  12.010700
16963 236 43  12.010700
16964 236 44  12.010700
16965 236 45  12.010700
16966 236 46  12.010700
16967 236 47  12.010700
16968 236 48  12.010700
16969 236 49  12.010700
16970 236 50  12.010700
16971 236 51  12.010700
16972 236 52  12.010700
16973 236 53  12.010700
16974 236 54  12.010700
16975 236 55  12.010700
16976 236 56  12.010700
16977 236 57   1.007940
16978 236 58   1.007940
16979 236 59   1.007940
16980 236 60   1.007940
16981 236 61   1.007940
16982 236 62   1.007940
16983 236 63   1.007940
16984 236 64   1.007940
16985 236 65   1.007940
16986 236 66   1.007940
16987 236 67   1.007940
16988 236 68   1.007940
16989 236 69   1.007940
16990 236 70   1.007940
16991 236 71   1.007940
16992 236 72   1.007940
16993 237 1  50.941500
16994 237 2  50.941500
16995 237 3  50.941500
16996 237 4  50.941500
16997 237 5  15.999400
16998 237 6  15.999400
16999 237 7  15.999400
17000 237 8  15.999400
17001 237 9  15.999400
17002 237 10  15.999400
17003 237 11  15.999400
17004 237 12  15.999400
17005 237 13  15.999400
17006 237 14  15.999400
17007 237 15  15.999400
17008 237 16  15.999400
17009 237 17  15.999400
17010 237 18  15.999400
17011 237 19  15.999400
17012 237 20  15.999400
17013 237 21  15.999400
17014 237 22  15.999400
17015 237 23  15.999400
17016 237 24  15.999400
17017 237 25  12.010700
17018 237 26  12.010700
17019 237 27  12.010700
17020 237 28  12.010700
17021 237 29  12.010700
17022 237 30  12.010700
17023 237 31  12.010700
17024 237 32  12.010700
17025 237 33  12.010700
17026 237 34  12.010700
17027 237 35  12.010700
17028 237 36  12.010700
17029 237 37  12.010700
17030 237 38  12.010700
17031 237 39  12.010700
17032 237 40  12.010700
17033 237 41  12.010700
17034 237 42  12.010700
17035 237 43  12.010700
17036 237 44  12.010700
17037 237 45  12.010700
17038 237 46  12.010700
17039 237 47  12.010700
17040 237 48  12.010700
17041 237 49  12.010700
17042 237 50  12.010700
17043 237 51  12.010700
17044 237 52  12.010700
17045 237 53  12.010700
17046 237 54  12.010700
17047 237 55  12.010700
17048 237 56  12.010700
17049 237 57   1.007940
17050 237 58   1.007940
17051 237 59   1.007940
17052 237 60   1.007940
17053 237 61   1.007940
17054 237 62   1.007940
17055 237 63   1.007940
17056 237 64   1.007940
17057 237 65   1.007940
17058 237 66   1.007940
17059 237 67   1.007940
17060 237 68   1.007940
17061 237 69   1.007940
17062 237 70   1.007940
17063 237 71   1.007940
17064 237 72   1.007940
17065 238 1  50.941500
17066 238 2  50.941500
17067 238 3  50.941500
17068 238 4  50.941500
17069 238 5  15.999400
17070 238 6  15.999400
17071 238 7  15.999400
17072 238 8  15.999400
17073 238 9  15.999400
17074 238 10  15.999400
17075 238 11  15.999400
17076 238 12  15.999400
17077 238 13  15.999400
17078 238 14  15.999400
17079 238 15  15.999400
17080 238 16  15.999400
17081 238 17  15.999400
17082 238 18  15.999400
17083 238 19  15.999400
17084 238 20  15.999400
17085 238 21  15.999400
17086 238 22  15.999400
17087 238 23  15.999400
17088 238 24  15.999400
17089 238 25  12.010700
17090 238 26  12.010700
17091 238 27  12.010700
17092 238 28  12.010700
17093 238 29  12.010700
17094 238 30  12.010700
17095 238 31  12.010700
17096 238 32  12.010700
17097 238 33  12.010700
17098 238 34  12.010700
17099 238 35  12.010700
17100 238 36  12.010700
17101 238 37  12.010700
17102 238 38  12.010700
17103 238 39  12.010700
17104 238 40  12.010700
17105 238 41  12.010700
17106 238 42  12.010700
17107 238 43  12.010700
17108 238 44  12.010700
17109 238 45  12.010700
17110 238 46  12.010700
17111 238 47  12.010700
17112 238 48  12.010700
17113 238 49  12.010700
17114 238 50  12.010700
17115 238 51  12.010700
17116 238 52  12.010700
17117 238 53  12.010700
17118 238 54  12.010700
17119 238 55  12.010700
17120 238 56  12.010700
17121 238 57   1.007940
17122 238 58   1.007940
17123 238 59   1.007940
17124 238 60   1.007940
17125 238 61   1.007940
17126 238 62   1.007940
17127 238 63   1.007940
17128 238 64   1.007940
17129 238 65   1.007940
17130 238 66   1.007940
17131 238 67   1.007940
17132 238 68   1.007940
17133 238 69   1.007940
17134 238 70   1.007940
17135 238 71   1.007940
17136 238 72   1.007940
17137 239 1  50.941500
17138 239 2  50.941500
17139 239 3  50.941500
17140 239 4  50.941500
17141 239 5  15.999400
17142 239 6  15.999400
17143 239 7  15.999400
17144 239 8  15.999400
17145 239 9  15.999400
17146 239 10  15.999400
17147 239 11  15.999400
17148 239 12  15.999400
17149 239 13  15.999400
17150 239 14  15.999400
17151 239 15  15.999400
17152 239 16  15.999400
17153 239 17  15.999400
17154 239 18  15.999400
17155 239 19  15.999400
17156 239 20  15.999400
17157 239 21  15.999400
17158 239 22  15.999400
17159 239 23  15.999400
17160 239 24  15.999400
17161 239 25  12.010700
17162 239 26  12.010700
17163 239 27  12.010700
17164 239 28  12.010700
17165 239 29  12.010700
17166 239 30  12.010700
17167 239 31  12.010700
17168 239 32  12.010700
17169 239 33  12.010700
17170 239 34  12.010700
17171 239 35  12.010700
17172 239 36  12.010700
17173 239 37  12.010700
17174 239 38  12.010700
17175 239 39  12.010700
17176 239 40  12.010700
17177 239 41  12.010700
17178 239 42  12.010700
17179 239 43  12.010700
17180 239 44  12.010700
17181 239 45  12.010700
17182 239 46  12.010700
17183 239 47  12.010700
17184 239 48  12.010700
17185 239 49  12.010700
17186 239 50  12.010700
17187 239 51  12.010700
17188 239 52  12.010700
17189 239 53  12.010700
17190 239 54  12.010700
17191 239 55  12.010700
17192 239 56  12.010700
17193 239 57   1.007940
17194 239 58   1.007940
17195 239 59   1.007940
17196 239 60   1.007940
17197 239 61   1.007940
17198 239 62   1.007940
17199 239 63   1.007940
17200 239 64   1.007940
17201 239 65   1.007940
17202 239 66   1.007940
17203 239 67   1.007940
17204 239 68   1.007940
17205 239 69   1.007940
17206 239 70   1.007940
17207 239 71   1.007940
17208 239 72   1.007940
17209 240 1  50.941500
17210 240 2  50.941500
17211 240 3  50.941500
17212 240 4  50.941500
17213 240 5  15.999400
17214 240 6  15.999400
17215 240 7  15.999400
17216 240 8  15.999400
17217 240 9  15.999400
17218 240 10  15.999400
17219 240 11  15.999400
17220 240 12  15.999400
17221 240 13  15.999400
17222 240 14  15.999400
17223 240 15  15.999400
17224 240 16  15.999400
17225 240 17  15.999400
17226 240 18  15.999400
17227 240 19  15.999400
17228 240 20  15.999400
17229 240 21  15.999400
17230 240 22  15.999400
17231 240 23  15.999400
17232 240 24  15.999400
17233 240 25  12.010700
17234 240 26  12.010700
17235 240 27  12.010700
17236 240 28  12.010700
17237 240 29  12.010700
17238 240 30  12.010700
17239 240 31  12.010700
17240 240 32  12.010700
17241 240 33  12.010700
17242 240 34  12.010700
17243 240 35  12.010700
17244 240 36  12.010700
17245 240 37  12.010700
17246 240 38  12.010700
17247 240 39  12.010700
17248 240 40  12.010700
17249 240 41  12.010700
17250 240 42  12.010700
17251 240 43  12.010700
17252 240 44  12.010700
17253 240 45  12.010700
17254 240 46  12.010700
17255 240 47  12.010700
17256 240 48  12.010700
17257 240 49  12.010700
17258 240 50  12.010700
17259 240 51  12.010700
17260 240 52  12.010700
17261 240 53  12.010700
17262 240 54  12.010700
17263 240 55  12.010700
17264 240 56  12.010700
17265 240 57   1.007940
17266 240 58   1.007940
17267 240 59   1.007940
17268 240 60   1.007940
17269 240 61   1.007940
17270 240 62   1.007940
17271 240 63   1.007940
17272 240 64   1.007940
17273 240 65   1.007940
17274 240 66   1.007940
17275 240 67   1.007940
17276 240 68   1.007940
17277 240 69   1.007940
17278 240 70   1.007940
17279 240 71   1.007940
17280 240 72   1.007940
17281 241 1  50.941500
17282 241 2  50.941500
17283 241 3  50.941500
17284 241 4  50.941500
17285 241 5  15.999400
17286 241 6  15.999400
17287 241 7  15.999400
17288 241 8  15.999400
17289 241 9  15.999400
17290 241 10  15.999400
17291 241 11  15.999400
17292 241 12  15.999400
17293 241 13  15.999400
17294 241 14  15.999400
17295 241 15  15.999400
17296 241 16  15.999400
17297 241 17  15.999400
17298 241 18  15.999400
17299 241 19  15.999400
17300 241 20  15.999400
17301 241 21  15.999400
17302 241 22  15.999400
17303 241 23  15.999400
17304 241 24  15.999400
17305 241 25  12.010700
17306 241 26  12.010700
17307 241 27  12.010700
17308 241 28  12.010700
17309 241 29  12.010700
17310 241 30  12.010700
17311 241 31  12.010700
17312 241 32  12.010700
17313 241 33  12.010700
17314 241 34  12.010700
17315 241 35  12.010700
17316 241 36  12.010700
17317 241 37  12.010700
17318 241 38  12.010700
17319 241 39  12.010700
17320 241 40  12.010700
17321 241 41  12.010700
17322 241 42  12.010700
17323 241 43  12.010700
17324 241 44  12.010700
17325 241 45  12.010700
17326 241 46  12.010700
17327 241 47  12.010700
17328 241 48  12.010700
17329 241 49  12.010700
17330 241 50  12.010700
17331 241 51  12.010700
17332 241 52  12.010700
17333 241 53  12.010700
17334 241 54  12.010700
17335 241 55  12.010700
17336 241 56  12.010700
17337 241 57   1.007940
17338 241 58   1.007940
17339 241 59   1.007940
17340 241 60   1.007940
17341 241 61   1.007940
17342 241 62   1.007940
17343 241 63   1.007940
17344 241 64   1.007940
17345 241 65   1.007940
17346 241 66   1.007940
17347 241 67   1.007940
17348 241 68   1.007940
17349 241 69   1.007940
17350 241 70   1.007940
17351 241 71   1.007940
17352 241 72   1.007940
17353 242 1  50.941500
17354 242 2  50.941500
17355 242 3  50.941500
17356 242 4  50.941500
17357 242 5  15.999400
17358 242 6  15.999400
17359 242 7  15.999400
17360 242 8  15.999400
17361 242 9  15.999400
17362 242 10  15.999400
17363 242 11  15.999400
17364 242 12  15.999400
17365 242 13  15.999400
17366 242 14  15.999400
17367 242 15  15.999400
17368 242 16  15.999400
17369 242 17  15.999400
17370 242 18  15.999400
17371 242 19  15.999400
17372 242 20  15.999400
17373 242 21  15.999400
17374 242 22  15.999400
17375 242 23  15.999400
17376 242 24  15.999400
17377 242 25  12.010700
17378 242 26  12.010700
17379 242 27  12.010700
17380 242 28  12.010700
17381 242 29  12.010700
17382 242 30  12.010700
17383 242 31  12.010700
17384 242 32  12.010700
17385 242 33  12.010700
17386 242 34  12.010700
17387 242 35  12.010700
17388 242 36  12.010700
17389 242 37  12.010700
17390 242 38  12.010700
17391 242 39  12.010700
17392 242 40  12.010700
17393 242 41  12.010700
17394 242 42  12.010700
17395 242 43  12.010700
17396 242 44  12.010700
17397 242 45  12.010700
17398 242 46  12.010700
17399 242 47  12.010700
17400 242 48  12.010700
17401 242 49  12.010700
17402 242 50  12.010700
17403 242 51  12.010700
17404 242 52  12.010700
17405 242 53  12.010700
17406 242 54  12.010700
17407 242 55  12.010700
17408 242 56  12.010700
17409 242 57   1.007940
17410 242 58   1.007940
17411 242 59   1.007940
17412 242 60   1.007940
17413 242 61   1.007940
17414 242 62   1.007940
17415 242 63   1.007940
17416 242 64   1.007940
17417 242 65   1.007940
17418 242 66   1.007940
17419 242 67   1.007940
17420 242 68   1.007940
17421 242 69   1.007940
17422 242 70   1.007940
17423 242 71   1.007940
17424 242 72   1.007940
17425 243 1  50.941500
17426 243 2  50.941500
17427 243 3  50.941500
17428 243 4  50.941500
17429 243 5  15.999400
17430 243 6  15.999400
17431 243 7  15.999400
17432 243 8  15.999400
17433 243 9  15.999400
17434 243 10  15.999400
17435 243 11  15.999400
17436 243 12  15.999400
17437 243 13  15.999400
17438 243 14  15.999400
17439 243 15  15.999400
17440 243 16  15.999400
17441 243 17  15.999400
17442 243 18  15.999400
17443 243 19  15.999400
17444 243 20  15.999400
17445 243 21  15.999400
17446 243 22  15.999400
17447 243 23  15.999400
17448 243 24  15.999400
17449 243 25  12.010700
17450 243 26  12.010700
17451 243 27  12.010700
17452 243 28  12.010700
17453 243 29  12.010700
17454 243 30  12.010700
17455 243 31  12.010700
17456 243 32  12.010700
17457 243 33  12.010700
17458 243 34  12.010700
17459 243 35  12.010700
17460 243 36  12.010700
17461 243 37  12.010700
17462 243 38  12.010700
17463 243 39  12.010700
17464 243 40  12.010700
17465 243 41  12.010700
17466 243 42  12.010700
17467 243 43  12.010700
17468 243 44  12.010700
17469 243 45  12.010700
17470 243 46  12.010700
17471 243 47  12.010700
17472 243 48  12.010700
17473 243 49  12.010700
17474 243 50  12.010700
17475 243 51  12.010700
17476 243 52  12.010700
17477 243 53  12.010700
17478 243 54  12.010700
17479 243 55  12.010700
17480 243 56  12.010700
17481 243 57   1.007940
17482 243 58   1.007940
17483 243 59   1.007940
17484 243 60   1.007940
17485 243 61   1.007940
17486 243 62   1.007940
17487 243 63   1.007940
17488 243 64   1.007940
17489 243 65   1.007940
17490 243 66   1.007940
17491 243 67   1.007940
17492 243 68   1.007940
17493 243 69   1.007940
17494 243 70   1.007940
17495 243 71   1.007940
17496 243 72   1.007940
17497 244 1  50.941500
17498 244 2  50.941500
17499 244 3  50.941500
17500 244 4  50.941500
17501 244 5  15.999400
17502 244 6  15.999400
17503 244 7  15.999400
17504 244 8  15.999400
17505 244 9  15.999400
17506 244 10  15.999400
17507 244 11  15.999400
17508 244 12  15.999400
17509 244 13  15.999400
17510 244 14  15.999400
17511 244 15  15.999400
17512 244 16  15.999400
17513 244 17  15.999400
17514 244 18  15.999400
17515 244 19  15.999400
17516 244 20  15.999400
17517 244 21  15.999400
17518 244 22  15.999400
17519 244 23  15.999400
17520 244 24  15.999400
17521 244 25  12.010700
17522 244 26  12.010700
17523 244 27  12.010700
17524 244 28  12.010700
17525 244 29  12.010700
17526 244 30  12.010700
17527 244 31  12.010700
17528 244 32  12.010700
17529 244 33  12.010700
17530 244 34  12.010700
17531 244 35  12.010700
17532 244 36  12.010700
17533 244 37  12.010700
17534 244 38  12.010700
17535 244 39  12.010700
17536 244 40  12.010700
17537 244 41  12.010700
17538 244 42  12.010700
17539 244 43  12.010700
17540 244 44  12.010700
17541 244 45  12.010700
17542 244 46  12.010700
17543 244 47  12.010700
17544 244 48  12.010700
17545 244 49  12.010700
17546 244 50  12.010700
17547 244 51  12.010700
17548 244 52  12.010700
17549 244 53  12.010700
17550 244 54  12.010700
17551 244 55  12.010700
17552 244 56  12.010700
17553 244 57   1.007940
17554 244 58   1.007940
17555 244 59   1.007940
17556 244 60   1.007940
17557 244 61   1.007940
17558 244 62   1.007940
17559 244 63   1.007940
17560 244 64   1.007940
17561 244 65   1.007940
17562 244 66   1.007940
17563 244 67   1.007940
17564 244 68   1.007940
17565 244 69   1.007940
17566 244 70   1.007940
17567 244 71   1.007940
17568 244 72   1.007940
17569 245 1  50.941500
17570 245 2  50.941500
17571 245 3  50.941500
17572 245 4  50.941500
17573 245 5  15.999400
17574 245 6  15.999400
17575 245 7  15.999400
17576 245 8  15.999400
17577 245 9  15.999400
17578 245 10  15.999400
17579 245 11  15.999400
17580 245 12  15.999400
17581 245 13  15.999400
17582 245 14  15.999400
17583 245 15  15.999400
17584 245 16  15.999400
17585 245 17  15.999400
17586 245 18  15.999400
17587 245 19  15.999400
17588 245 20  15.999400
17589 245 21  15.999400
17590 245 22  15.999400
17591 245 23  15.999400
17592 245 24  15.999400
17593 245 25  12.010700
17594 245 26  12.010700
17595 245 27  12.010700
17596 245 28  12.010700
17597 245 29  12.010700
17598 245 30  12.010700
17599 245 31  12.010700
17600 245 32  12.010700
17601 245 33  12.010700
17602 245 34  12.010700
17603 245 35  12.010700
17604 245 36  12.010700
17605 245 37  12.010700
17606 245 38  12.010700
17607 245 39  12.010700
17608 245 40  12.010700
17609 245 41  12.010700
17610 245 42  12.010700
17611 245 43  12.010700
17612 245 44  12.010700
17613 245 45  12.010700
17614 245 46  12.010700
17615 245 47  12.010700
17616 245 48  12.010700
17617 245 49  12.010700
17618 245 50  12.010700
17619 245 51  12.010700
17620 245 52  12.010700
17621 245 53  12.010700
17622 245 54  12.010700
17623 245 55  12.010700
17624 245 56  12.010700
17625 245 57   1.007940
17626 245 58   1.007940
17627 245 59   1.007940
17628 245 60   1.007940
17629 245 61   1.007940
17630 245 62   1.007940
17631 245 63   1.007940
17632 245 64   1.007940
17633 245 65   1.007940
17634 245 66   1.007940
17635 245 67   1.007940
17636 245 68   1.007940
17637 245 69   1.007940
17638 245 70   1.007940
17639 245 71   1.007940
17640 245 72   1.007940
17641 246 1  50.941500
17642 246 2  50.941500
17643 246 3  50.941500
17644 246 4  50.941500
17645 246 5  15.999400
17646 246 6  15.999400
17647 246 7  15.999400
17648 246 8  15.999400
17649 246 9  15.999400
17650 246 10  15.999400
17651 246 11  15.999400
17652 246 12  15.999400
17653 246 13  15.999400
17654 246 14  15.999400
17655 246 15  15.999400
17656 246 16  15.999400
17657 246 17  15.999400
17658 246 18  15.999400
17659 246 19  15.999400
17660 246 20  15.999400
17661 246 21  15.999400
17662 246 22  15.999400
17663 246 23  15.999400
17664 246 24  15.999400
17665 246 25  12.010700
17666 246 26  12.010700
17667 246 27  12.010700
17668 246 28  12.010700
17669 246 29  12.010700
17670 246 30  12.010700
17671 246 31  12.010700
17672 246 32  12.010700
17673 246 33  12.010700
17674 246 34  12.010700
17675 246 35  12.010700
17676 246 36  12.010700
17677 246 37  12.010700
17678 246 38  12.010700
17679 246 39  12.010700
17680 246 40  12.010700
17681 246 41  12.010700
17682 246 42  12.010700
17683 246 43  12.010700
17684 246 44  12.010700
17685 246 45  12.010700
17686 246 46  12.010700
17687 246 47  12.010700
17688 246 48  12.010700
17689 246 49  12.010700
17690 246 50  12.010700
17691 246 51  12.010700
17692 246 52  12.010700
17693 246 53  12.010700
17694 246 54  12.010700
17695 246 55  12.010700
17696 246 56  12.010700
17697 246 57   1.007940
17698 246 58   1.007940
17699 246 59   1.007940
17700 246 60   1.007940
17701 246 61   1.007940
17702 246 62   1.007940
17703 246 63   1.007940
17704 246 64   1.007940
17705 246 65   1.007940
17706 246 66   1.007940
17707 246 67   1.007940
17708 246 68   1.007940
17709 246 69   1.007940
17710 246 70   1.007940
17711 246 71   1.007940
17712 246 72   1.007940
17713 247 1  50.941500
17714 247 2  50.941500
17715 247 3  50.941500
17716 247 4  50.941500
17717 247 5  15.999400
17718 247 6  15.999400
17719 247 7  15.999400
17720 247 8  15.999400
17721 247 9  15.999400
17722 247 10  15.999400
17723 247 11  15.999400
17724 247 12  15.999400
17725 247 13  15.999400
17726 247 14  15.999400
17727 247 15  15.999400
17728 247 16  15.999400
17729 247 17  15.999400
17730 247 18  15.999400
17731 247 19  15.999400
17732 247 20  15.999400
17733 247 21  15.999400
17734 247 22  15.999400
17735 247 23  15.999400
17736 247 24  15.999400
17737 247 25  12.010700
17738 247 26  12.010700
17739 247 27  12.010700
17740 247 28  12.010700
17741 247 29  12.010700
17742 247 30  12.010700
17743 247 31  12.010700
17744 247 32  12.010700
17745 247 33  12.010700
17746 247 34  12.010700
17747 247 35  12.010700
17748 247 36  12.010700
17749 247 37  12.010700
17750 247 38  12.010700
17751 247 39  12.010700
17752 247 40  12.010700
17753 247 41  12.010700
17754 247 42  12.010700
17755 247 43  12.010700
17756 247 44  12.010700
17757 247 45  12.010700
17758 247 46  12.010700
17759 247 47  12.010700
17760 247 48  12.010700
17761 247 49  12.010700
17762 247 50  12.010700
17763 247 51  12.010700
17764 247 52  12.010700
17765 247 53  12.010700
17766 247 54  12.010700
17767 247 55  12.010700
17768 247 56  12.010700
17769 247 57   1.007940
17770 247 58   1.007940
17771 247 59   1.007940
17772 247 60   1.007940
17773 247 61   1.007940
17774 247 62   1.007940
17775 247 63   1.007940
17776 247 64   1.007940
17777 247 65   1.007940
17778 247 66   1.007940
17779 247 67   1.007940
17780 247 68   1.007940
17781 247 69   1.007940
17782 247 70   1.007940
17783 247 71   1.007940
17784 247 72   1.007940
17785 248 1  50.941500
17786 248 2  50.941500
17787 248 3  50.941500
17788 248 4  50.941500
17789 248 5  15.999400
17790 248 6  15.999400
17791 248 7  15.999400
17792 248 8  15.999400
17793 248 9  15.999400
17794 248 10  15.999400
17795 248 11  15.999400
17796 248 12  15.999400
17797 248 13  15.999400
17798 248 14  15.999400
17799 248 15  15.999400
17800 248 16  15.999400
17801 248 17  15.999400
17802 248 18  15.999400
17803 248 19  15.999400
17804 248 20  15.999400
17805 248 21  15.999400
17806 248 22  15.999400
17807 248 23  15.999400
17808 248 24  15.999400
17809 248 25  12.010700
17810 248 26  12.010700
17811 248 27  12.010700
17812 248 28  12.010700
17813 248 29  12.010700
17814 248 30  12.010700
17815 248 31  12.010700
17816 248 32  12.010700
17817 248 33  12.010700
17818 248 34  12.010700
17819 248 35  12.010700
17820 248 36  12.010700
17821 248 37  12.010700
17822 248 38  12.010700
17823 248 39  12.010700
17824 248 40  12.010700
17825 248 41  12.010700
17826 248 42  12.010700
17827 248 43  12.010700
17828 248 44  12.010700
17829 248 45  12.010700
17830 248 46  12.010700
17831 248 47  12.010700
17832 248 48  12.010700
17833 248 49  12.010700
17834 248 50  12.010700
17835 248 51  12.010700
17836 248 52  12.010700
17837 248 53  12.010700
17838 248 54  12.010700
17839 248 55  12.010700
17840 248 56  12.010700
17841 248 57   1.007940
17842 248 58   1.007940
17843 248 59   1.007940
17844 248 60   1.007940
17845 248 61   1.007940
17846 248 62   1.007940
17847 248 63   1.007940
17848 248 64   1.007940
17849 248 65   1.007940
17850 248 66   1.007940
17851 248 67   1.007940
17852 248 68   1.007940
17853 248 69   1.007940
17854 248 70   1.007940
17855 248 71   1.007940
17856 248 72   1.007940
17857 249 1  50.941500
17858 249 2  50.941500
17859 249 3  50.941500
17860 249 4  50.941500
17861 249 5  15.999400
17862 249 6  15.999400
17863 249 7  15.999400
17864 249 8  15.999400
17865 249 9  15.999400
17866 249 10  15.999400
17867 249 11  15.999400
17868 249 12  15.999400
17869 249 13  15.999400
17870 249 14  15.999400
17871 249 15  15.999400
17872 249 16  15.999400
17873 249 17  15.999400
17874 249 18  15.999400
17875 249 19  15.999400
17876 249 20  15.999400
17877 249 21  15.999400
17878 249 22  15.999400
17879 249 23  15.999400
17880 249 24  15.999400
17881 249 25  12.010700
17882 249 26  12.010700
17883 249 27  12.010700
17884 249 28  12.010700
17885 249 29  12.010700
17886 249 30  12.010700
17887 249 31  12.010700
17888 249 32  12.010700
17889 249 33  12.010700
17890 249 34  12.010700
17891 249 35  12.010700
17892 249 36  12.010700
17893 249 37  12.010700
17894 249 38  12.010700
17895 249 39  12.010700
17896 249 40  12.010700
17897 249 41  12.010700
17898 249 42  12.010700
17899 249 43  12.010700
17900 249 44  12.010700
17901 249 45  12.010700
17902 249 46  12.010700
17903 249 47  12.010700
17904 249 48  12.010700
17905 249 49  12.010700
17906 249 50  12.010700
17907 249 51  12.010700
17908 249 52  12.010700
17909 249 53  12.010700
17910 249 54  12.010700
17911 249 55  12.010700
17912 249 56  12.010700
17913 249 57   1.007940
17914 249 58   1.007940
17915 249 59   1.007940
17916 249 60   1.007940
17917 249 61   1.007940
17918 249 62   1.007940
17919 249 63   1.007940
17920 249 64   1.007940
17921 249 65   1.007940
17922 249 66   1.007940
17923 249 67   1.007940
17924 249 68   1.007940
17925 249 69   1.007940
17926 249 70   1.007940
17927 249 71   1.007940
17928 249 72   1.007940
17929 250 1  50.941500
17930 250 2  50.941500
17931 250 3  50.941500
17932 250 4  50.941500
17933 250 5  15.999400
17934 250 6  15.999400
17935 250 7  15.999400
17936 250 8  15.999400
17937 250 9  15.999400
17938 250 10  15.999400
17939 250 11  15.999400
17940 250 12  15.999400
17941 250 13  15.999400
17942 250 14  15.999400
17943 250 15  15.999400
17944 250 16  15.999400
17945 250 17  15.999400
17946 250 18  15.999400
17947 250 19  15.999400
17948 250 20  15.999400
17949 250 21  15.999400
17950 250 22  15.999400
17951 250 23  15.999400
17952 250 24  15.999400
17953 250 25  12.010700
17954 250 26  12.010700
17955 250 27  12.010700
17956 250 28  12.010700
17957 250 29  12.010700
17958 250 30  12.010700
17959 250 31  12.010700
17960 250 32  12.010700
17961 250 33  12.010700
17962 250 34  12.010700
17963 250 35  12.010700
17964 250 36  12.010700
17965 250 37  12.010700
17966 250 38  12.010700
17967 250 39  12.010700
17968 250 40  12.010700
17969 250 41  12.010700
17970 250 42  12.010700
17971 250 43  12.010700
17972 250 44  12.010700
17973 250 45  12.010700
17974 250 46  12.010700
17975 250 47  12.010700
17976 250 48  12.010700
17977 250 49  12.010700
17978 250 50  12.010700
17979 250 51  12.010700
17980 250 52  12.010700
17981 250 53  12.010700
17982 250 54  12.010700
17983 250 55  12.010700
17984 250 56  12.010700
17985 250 57   1.007940
17986 250 58   1.007940
17987 250 59   1.007940
17988 250 60   1.007940
17989 250 61   1.007940
17990 250 62   1.007940
17991 250 63   1.007940
17992 250 64   1.007940
17993 250 65   1.007940
17994 250 66   1.007940
17995 250 67   1.007940
17996 250 68   1.007940
17997 250 69   1.007940
17998 250 70   1.007940
17999 250 71   1.007940
18000 250 72   1.007940
18001 251 1  50.941500
18002 251 2  50.941500
18003 251 3  50.941500
18004 251 4  50.941500
18005 251 5  15.999400
18006 251 6  15.999400
18007 251 7  15.999400
18008 251 8  15.999400
18009 251 9  15.999400
18010 251 10  15.999400
18011 251 11  15.999400
18012 251 12  15.999400
18013 251 13  15.999400
18014 251 14  15.999400
18015 251 15  15.999400
18016 251 16  15.999400
18017 251 17  15.999400
18018 251 18  15.999400
18019 251 19  15.999400
18020 251 20  15.999400
18021 251 21  15.999400
18022 251 22  15.999400
18023 251 23  15.999400
18024 251 24  15.999400
18025 251 25  12.010700
18026 251 26  12.010700
18027 251 27  12.010700
18028 251 28  12.010700
18029 251 29  12.010700
18030 251 30  12.010700
18031 251 31  12.010700
18032 251 32  12.010700
18033 251 33  12.010700
18034 251 34  12.010700
18035 251 35  12.010700
18036 251 36  12.010700
18037 251 37  12.010700
18038 251 38  12.010700
18039 251 39  12.010700
18040 251 40  12.010700
18041 251 41  12.010700
18042 251 42  12.010700
18043 251 43  12.010700
18044 251 44  12.010700
18045 251 45  12.010700
18046 251 46  12.010700
18047 251 47  12.010700
18048 251 48  12.010700
18049 251 49  12.010700
18050 251 50  12.010700
18051 251 51  12.010700
18052 251 52  12.010700
18053 251 53  12.010700
18054 251 54  12.010700
18055 251 55  12.010700
18056 251 56  12.010700
18057 251 57   1.007940
18058 251 58   1.007940
18059 251 59   1.007940
18060 251 60   1.007940
18061 251 61   1.007940
18062 251 62   1.007940
18063 251 63   1.007940
18064 251 64   1.007940
18065 251 65   1.007940
18066 251 66   1.007940
18067 251 67   1.007940
18068 251 68   1.007940
18069 251 69   1.007940
18070 251 70   1.007940
18071 251 71   1.007940
18072 251 72   1.007940
18073 252 1  50.941500
18074 252 2  50.941500
18075 252 3  50.941500
18076 252 4  50.941500
18077 252 5  15.999400
18078 252 6  15.999400
18079 252 7  15.999400
18080 252 8  15.999400
18081 252 9  15.999400
18082 252 10  15.999400
18083 252 11  15.999400
18084 252 12  15.999400
18085 252 13  15.999400
18086 252 14  15.999400
18087 252 15  15.999400
18088 252 16  15.999400
18089 252 17  15.999400
18090 252 18  15.999400
18091 252 19  15.999400
18092 252 20  15.999400
18093 252 21  15.999400
18094 252 22  15.999400
18095 252 23  15.999400
18096 252 24  15.999400
18097 252 25  12.010700
18098 252 26  12.010700
18099 252 27  12.010700
18100 252 28  12.010700
18101 252 29  12.010700
18102 252 30  12.010700
18103 252 31  12.010700
18104 252 32  12.010700
18105 252 33  12.010700
18106 252 34  12.010700
18107 252 35  12.010700
18108 252 36  12.010700
18109 252 37  12.010700
18110 252 38  12.010700
18111 252 39  12.010700
18112 252 40  12.010700
18113 252 41  12.010700
18114 252 42  12.010700
18115 252 43  12.010700
18116 252 44  12.010700
18117 252 45  12.010700
18118 252 46  12.010700
18119 252 47  12.010700
18120 252 48  12.010700
18121 252 49  12.010700
18122 252 50  12.010700
18123 252 51  12.010700
18124 252 52  12.010700
18125 252 53  12.010700
18126 252 54  12.010700
18127 252 55  12.010700
18128 252 56  12.010700
18129 252 57   1.007940
18130 252 58   1.007940
18131 252 59   1.007940
18132 252 60   1.007940
18133 252 61   1.007940
18134 252 62   1.007940
18135 252 63   1.007940
18136 252 64   1.007940
18137 252 65   1.007940
18138 252 66   1.007940
18139 252 67   1.007940
18140 252 68   1.007940
18141 252 69   1.007940
18142 252 70   1.007940
18143 252 71   1.007940
18144 252 72   1.007940
18145 253 1  50.941500
18146 253 2  50.941500
18147 253 3  50.941500
18148 253 4  50.941500
18149 253 5  15.999400
18150 253 6  15.999400
18151 253 7  15.999400
18152 253 8  15.999400
18153 253 9  15.999400
18154 253 10  15.999400
18155 253 11  15.999400
18156 253 12  15.999400
18157 253 13  15.999400
18158 253 14  15.999400
18159 253 15  15.999400
18160 253 16  15.999400
18161 253 17  15.999400
18162 253 18  15.999400
18163 253 19  15.999400
18164 253 20  15.999400
18165 253 21  15.999400
18166 253 22  15.999400
18167 253 23  15.999400
18168 253 24  15.999400
18169 253 25  12.010700
18170 253 26  12.010700
18171 253 27  12.010700
18172 253 28  12.010700
18173 253 29  12.010700
18174 253 30  12.010700
18175 253 31  12.010700
18176 253 32  12.010700
18177 253 33  12.010700
18178 253 34  12.010700
18179 253 35  12.010700
18180 253 36  12.010700
18181 253 37  12.010700
18182 253 38  12.010700
18183 253 39  12.010700
18184 253 40  12.010700
18185 253 41  12.010700
18186 253 42  12.010700
18187 253 43  12.010700
18188 253 44  12.010700
18189 253 45  12.010700
18190 253 46  12.010700
18191 253 47  12.010700
18192 253 48  12.010700
18193 253 49  12.010700
18194 253 50  12.010700
18195 253 51  12.010700
18196 253 52  12.010700
18197 253 53  12.010700
18198 253 54  12.010700
18199 253 55  12.010700
18200 253 56  12.010700
18201 253 57   1.007940
18202 253 58   1.007940
18203 253 59   1.007940
18204 253 60   1.007940
18205 253 61   1.007940
18206 253 62   1.007940
18207 253 63   1.007940
18208 253 64   1.007940
18209 253 65   1.007940
18210 253 66   1.007940
18211 253 67   1.007940
18212 253 68   1.007940
18213 253 69   1.007940
18214 253 70   1.007940
18215 253 71   1.007940
18216 253 72   1.007940
18217 254 1  50.941500
18218 254 2  50.941500
18219 254 3  50.941500
18220 254 4  50.941500
18221 254 5  15.999400
18222 254 6  15.999400
18223 254 7  15.999400
18224 254 8  15.999400
18225 254 9  15.999400
18226 254 10  15.999400
18227 254 11  15.999400
18228 254 12  15.999400
18229 254 13  15.999400
18230 254 14  15.999400
18231 254 15  15.999400
18232 254 16  15.999400
18233 254 17  15.999400
18234 254 18  15.999400
18235 254 19  15.999400
18236 254 20  15.999400
18237 254 21  15.999400
18238 254 22  15.999400
18239 254 23  15.999400
18240 254 24  15.999400
18241 254 25  12.010700
18242 254 26  12.010700
18243 254 27  12.010700
18244 254 28  12.010700
18245 254 29  12.010700
18246 254 30  12.010700
18247 254 31  12.010700
18248 254 32  12.010700
18249 254 33  12.010700
18250 254 34  12.010700
18251 254 35  12.010700
18252 254 36  12.010700
18253 254 37  12.010700
18254 254 38  12.010700
18255 254 39  12.010700
18256 254 40  12.010700
18257 254 41  12.010700
18258 254 42  12.010700
18259 254 43  12.010700
18260 254 44  12.010700
18261 254 45  12.010700
18262 254 46  12.010700
18263 254 47  12.010700
18264 254 48  12.010700
18265 254 49  12.010700
18266 254 50  12.010700
18267 254 51  12.010700
18268 254 52  12.010700
18269 254 53  12.010700
18270 254 54  12.010700
18271 254 55  12.010700
18272 254 56  12.010700
18273 254 57   1.007940
18274 254 58   1.007940
18275 254 59   1.007940
18276 254 60   1.007940
18277 254 61   1.007940
18278 254 62   1.007940
18279 254 63   1.007940
18280 254 64   1.007940
18281 254 65   1.007940
18282 254 66   1.007940
18283 254 67   1.007940
18284 254 68   1.007940
18285 254 69   1.007940
18286 254 70   1.007940
18287 254 71   1.007940
18288 254 72   1.007940
18289 255 1  50.941500
18290 255 2  50.941500
18291 255 3  50.941500
18292 255 4  50.941500
18293 255 5  15.999400
18294 255 6  15.999400
18295 255 7  15.999400
18296 255 8  15.999400
18297 255 9  15.999400
18298 255 10  15.999400
18299 255 11  15.999400
18300 255 12  15.999400
18301 255 13  15.999400
18302 255 14  15.999400
18303 255 15  15.999400
18304 255 16  15.999400
18305 255 17  15.999400
18306 255 18  15.999400
18307 255 19  15.999400
18308 255 20  15.999400
18309 255 21  15.999400
18310 255 22  15.999400
18311 255 23  15.999400
18312 255 24  15.999400
18313 255 25  12.010700
18314 255 26  12.010700
18315 255 27  12.010700
18316 255 28  12.010700
18317 255 29  12.010700
18318 255 30  12.010700
18319 255 31  12.010700
18320 255 32  12.010700
18321 255 33  12.010700
18322 255 34  12.010700
18323 255 35  12.010700
18324 255 36  12.010700
18325 255 37  12.010700
18326 255 38  12.010700
18327 255 39  12.010700
18328 255 40  12.010700
18329 255 41  12.010700
18330 255 42  12.010700
18331 255 43  12.010700
18332 255 44  12.010700
18333 255 45  12.010700
18334 255 46  12.010700
18335 255 47  12.010700
18336 255 48  12.010700
18337 255 49  12.010700
18338 255 50  12.010700
18339 255 51  12.010700
18340 255 52  12.010700
18341 255 53  12.010700
18342 255 54  12.010700
18343 255 55  12.010700
18344 255 56  12.010700
18345 255 57   1.007940
18346 255 58   1.007940
18347 255 59   1.007940
18348 255 60   1.007940
18349 255 61   1.007940
18350 255 62   1.007940
18351 255 63   1.007940
18352 255 64   1.007940
18353 255 65   1.007940
18354 255 66   1.007940
18355 255 67   1.007940
18356 255 68   1.007940
18357 255 69   1.007940
18358 255 70   1.007940
18359 255 71   1.007940
18360 255 72   1.007940
18361 256 1  50.941500
18362 256 2  50.941500
18363 256 3  50.941500
18364 256 4  50.941500
18365 256 5  15.999400
18366 256 6  15.999400
18367 256 7  15.999400
18368 256 8  15.999400
18369 256 9  15.999400
18370 256 10  15.999400
18371 256 11  15.999400
18372 256 12  15.999400
18373 256 13  15.999400
18374 256 14  15.999400
18375 256 15  15.999400
18376 256 16  15.999400
18377 256 17  15.999400
18378 256 18  15.999400
18379 256 19  15.999400
18380 256 20  15.999400
18381 256 21  15.999400
18382 256 22  15.999400
18383 256 23  15.999400
18384 256 24  15.999400
18385 256 25  12.010700
18386 256 26  12.010700
18387 256 27  12.010700
18388 256 28  12.010700
18389 256 29  12.010700
18390 256 30  12.010700
18391 256 31  12.010700
18392 256 32  12.010700
18393 256 33  12.010700
18394 256 34  12.010700
18395 256 35  12.010700
18396 256 36  12.010700
18397 256 37  12.010700
18398 256 38  12.010700
18399 256 39  12.010700
18400 256 40  12.010700
18401 256 41  12.010700
18402 256 42  12.010700
18403 256 43  12.010700
18404 256 44  12.010700
18405 256 45  12.010700
18406 256 46  12.010700
18407 256 47  12.010700
18408 256 48  12.010700
18409 256 49  12.010700
18410 256 50  12.010700
18411 256 51  12.010700
18412 256 52  12.010700
18413 256 53  12.010700
18414 256 54  12.010700
18415 256 55  12.010700
18416 256 56  12.010700
18417 256 57   1.007940
18418 256 58   1.007940
18419 256 59   1.007940
18420 256 60   1.007940
18421 256 61   1.007940
18422 256 62   1.007940
18423 256 63   1.007940
18424 256 64   1.007940
18425 256 65   1.007940
18426 256 66   1.007940
18427 256 67   1.007940
18428 256 68   1.007940
18429 256 69   1.007940
18430 256 70   1.007940
18431 256 71   1.007940
18432 256 72   1.007940
