  42   42
1 1
    76.322653148288595     4.335199258518777    -0.000000000000001
     4.335199419784997    81.328510159188696     0.000000000000001
    -0.000000000000000    -0.000000000000000    39.077251306788575
1 2
   -26.105120145716896     7.382550219231718    -0.000000000000000
     7.382550493857213   -17.580485274403102    -0.000000000000000
    -0.000000000000000    -0.000000000000000   -18.945617136051965
1 3
     1.121377079137652     1.845993819276603    -0.000000000000000
     0.026717490670672     0.040018477973081    -0.000000000000000
    -0.000000000000000    -0.000000000000000     1.545466778524676
1 4
    -0.004742191831443     0.018205988156417    -0.000000000000000
     0.018212963888848    -0.051773054541706    -0.000000000000000
    -0.000000000000000    -0.000000000000000     0.787531285163696
1 5
    -0.500549670572393    -0.909702338457079    -0.000000000000000
     0.909574024978212     1.661945227683128    -0.000000000000000
    -0.000000000000000    -0.000000000000000     1.545466778524676
1 6
    -0.055785207689287    -0.011256735186311    -0.000000000000000
    -0.011263710660236    -0.000730038683862    -0.000000000000000
    -0.000000000000000    -0.000000000000000     0.787531285163696
1 7
     0.000953755479752    -0.000674324119472     0.000000000000000
    -0.000674324144557     0.000175113041472    -0.000000000000000
    -0.000000000000000    -0.000000000000000    -0.000012721554928
1 8
     0.000187376950116    -0.000713642351637    -0.000000000000000
    -0.000713642378184    -0.000636666272856    -0.000000000000000
    -0.000000000000000    -0.000000000000000     0.000095794636826
1 9
     0.000087870301921    -0.000101549140397     0.000000000000000
    -0.000101550035787     0.000205130695508    -0.000000000000000
    -0.000000000000000    -0.000000000000000    -0.000006137258707
1 10
    -0.000041340070938    -0.000160266951422     0.000000000000000
    -0.000160268146009     0.000613654554991    -0.000000000000000
    -0.000000000000000    -0.000000000000000    -0.000006010769631
1 11
     0.000263760120143    -0.000000000000001     0.000000000000000
     0.000000000891612     0.000029240877286    -0.000000000000000
    -0.000000000000000    -0.000000000000000    -0.000006137258707
1 12
     0.000588701667099     0.000203486620244     0.000000000000000
     0.000203487816438    -0.000016387183046    -0.000000000000000
    -0.000000000000000    -0.000000000000000    -0.000006010769631
1 13
     1.046010613828223     0.018656235503712    -0.000000000000000
     1.814945745551970     0.029609993273172    -0.000000000000000
    -0.000000000000000    -0.000000000000000     2.877498212647438
1 14
     0.000156522792353    -0.000626037998103     0.000000000000000
    -0.000626038732612     0.000753103072833    -0.000000000000000
    -0.000000000000000    -0.000000000000000    -0.000029456778269
1 15
    -0.001065576999053     0.000001427396562    -0.000000000000000
     0.000001301455964    -0.000822710509377     0.000000000000000
    -0.000000000000000    -0.000000000000000     0.000173372243267
1 16
    -0.000020613080664     0.000038428218704     0.000000000000000
     0.000038429688173     0.000194041280046     0.000000000000000
    -0.000000000000000    -0.000000000000000    -0.000001857312742
1 17
     0.002879270001956     0.000016383750029     0.000000000000000
     0.000016359093775    -0.000646763986604    -0.000000000000000
    -0.000000000000000    -0.000000000000000    -0.000039989738371
1 18
     0.000127809595994     0.000001515844535     0.000000000000000
     0.000001517205381    -0.000020846149424    -0.000000000000000
    -0.000000000000000    -0.000000000000000    -0.000001054927309
1 19
    -0.038474029202495     0.007674099039610    -0.000000000000000
     0.007666919341115    -0.001009706365974    -0.000000000000000
    -0.000000000000000    -0.000000000000000     0.373407480792405
1 20
    -0.731633269141250    -0.315828437895947     0.000000000000000
    -0.315859303055208    -0.067168649344975    -0.000000000000000
    -0.000000000000000    -0.000000000000000    -0.448487123965951
1 21
     0.000028344420499    -0.000408789385201     0.000000000000000
    -0.000408798394892     0.000758616612893    -0.000000000000000
    -0.000000000000000    -0.000000000000000    -0.000007648766951
1 22
     0.000249881029507    -0.000435818314072     0.000000000000000
    -0.000435828484770     0.000358564352452    -0.000000000000000
    -0.000000000000000    -0.000000000000000    -0.000013587562370
1 23
     0.001032889195950     0.000742285334007     0.000000000000000
     0.000742276586708     0.000192628220986     0.000000000000000
    -0.000000000000000    -0.000000000000000    -0.000014511537605
1 24
    -0.000441533358288     0.000023992668697    -0.000000000000000
     0.000024155841317    -0.000441535327216    -0.000000000000000
    -0.000000000000000    -0.000000000000000     0.000031915310712
1 25
    -0.017018642893978     0.020054191886302    -0.000000000000000
     0.020061372616269    -0.022465092674491    -0.000000000000000
    -0.000000000000000    -0.000000000000000     0.373407480792405
1 26
     0.040244011167160     0.129784255973135     0.000000000000000
     0.129815114211689    -0.839045929653385    -0.000000000000000
    -0.000000000000000    -0.000000000000000    -0.448487123965951
1 27
     0.000930074458486     0.000111815690800     0.000000000000000
     0.000111824689444    -0.000143113425095     0.000000000000000
    -0.000000000000000    -0.000000000000000    -0.000007648766951
1 28
     0.000708827657178    -0.000170855514457     0.000000000000000
    -0.000170845366326    -0.000100382275219    -0.000000000000000
    -0.000000000000000    -0.000000000000000    -0.000013587562370
1 29
    -0.000240140703688     0.000007292417524     0.000000000000000
     0.000007301192706     0.001465658120625    -0.000000000000000
    -0.000000000000000    -0.000000000000000    -0.000014511537605
1 30
    -0.000462383751396     0.000012117860568    -0.000000000000000
     0.000011954689292    -0.000420684934108    -0.000000000000000
    -0.000000000000000    -0.000000000000000     0.000031915310712
1 31
    -0.510262785132815     0.916430828926556    -0.000000000000000
    -0.879858646337146     1.585883392234211    -0.000000000000000
    -0.000000000000000    -0.000000000000000     2.877498212647439
1 32
     0.001146123130857    -0.000054692698125     0.000000000000000
    -0.000054691988940    -0.000236497265670    -0.000000000000000
    -0.000000000000000    -0.000000000000000    -0.000029456778269
1 33
    -0.000884608759602     0.000105783515734    -0.000000000000000
     0.000105909460320    -0.001003678748828    -0.000000000000000
    -0.000000000000000    -0.000000000000000     0.000173372243267
1 34
     0.000107097239950     0.000112163273357     0.000000000000000
     0.000112161809490     0.000066330959432    -0.000000000000000
    -0.000000000000000    -0.000000000000000    -0.000001857312742
1 35
     0.000220566443273    -0.001518644093585     0.000000000000000
    -0.001518619493214     0.002011939572079    -0.000000000000000
    -0.000000000000000    -0.000000000000000    -0.000039989738371
1 36
     0.000015004437791    -0.000063610881918     0.000000000000000
    -0.000063612245074     0.000091959008778    -0.000000000000000
    -0.000000000000000    -0.000000000000000    -0.000001054927309
1 37
     0.000227265323862    -0.000260488048472     0.000000000000000
    -0.000260491675699     0.000188027181253    -0.000000000000000
    -0.000000000000000    -0.000000000000000    -0.000004445963661
1 38
     0.000091344232891    -0.000002111111806     0.000000000000000
    -0.000002111111885     0.000088906530907    -0.000000000000000
    -0.000000000000000    -0.000000000000000    -0.000004314422162
1 39
     0.000423427554900    -0.000147237351221    -0.000000000000000
    -0.000147233739162    -0.000008135049784    -0.000000000000000
    -0.000000000000000    -0.000000000000000    -0.000004445963661
1 40
   -10.936684550744882    -1.289084461552761     0.000000000000000
     0.936329289558073   -45.566258237592969    -0.000000000000000
    -0.000000000000000    -0.000000000000000   -14.555331310629638
1 41
    -2.881166746981223     1.825811384130140     0.000000000000000
     1.825811452048993    -0.772901319534222    -0.000000000000000
    -0.000000000000000    -0.000000000000000    -1.292044748338313
1 42
   -36.756117327825876   -13.970526932181741     0.000000000000000
   -16.195941250938972   -19.746825460511964    -0.000000000000000
    -0.000000000000000    -0.000000000000000   -14.555331310629638
2 1
   -26.105137373543378     7.382525149619537     0.000000000000000
     7.382525424244099   -17.580531450124806    -0.000000000000000
    -0.000000000000000    -0.000000000000000   -18.945516030591257
2 2
    76.914660895830806     4.056015231115691    -0.000000000000000
     4.056015381996470    81.598143953985627     0.000000000000001
    -0.000000000000000    -0.000000000000000    38.045556607859602
2 3
    -0.024233977315858     0.029462725120117    -0.000000000000000
     0.029472847293243    -0.032275815882852     0.000000000000000
    -0.000000000000000    -0.000000000000000     0.787549233864010
2 4
     0.000232845530966    -0.001535750923957     0.000000000000000
    -0.001535723799480     0.002006130902738    -0.000000000000000
    -0.000000000000000    -0.000000000000000    -0.000040172254627
2 5
    -0.055785207689295     0.011256735186319    -0.000000000000000
     0.011246614527928    -0.000724585509415     0.000000000000000
    -0.000000000000000    -0.000000000000000     0.787549233864010
2 6
     0.002892797128584    -0.000000000000000    -0.000000000000000
    -0.000000027181605    -0.000653820694881     0.000000000000000
    -0.000000000000000    -0.000000000000000    -0.000040172254627
2 7
     0.000187376950116    -0.000713642351637    -0.000000000000000
    -0.000713642378184    -0.000636666272856    -0.000000000000000
    -0.000000000000000    -0.000000000000000     0.000095794636826
2 8
    -2.166573733128160     1.371289331694308     0.000000000000000
     1.371289382705271    -0.583145174095830    -0.000000000000000
    -0.000000000000000    -0.000000000000000    -0.525939909229275
2 9
     0.000311102278781    -0.000363753584441     0.000000000000000
    -0.000363758712369     0.000261205376126    -0.000000000000000
    -0.000000000000000    -0.000000000000000    -0.000006010895965
2 10
     0.000074184395590    -0.000207267162720     0.000000000000000
    -0.000207270673184     0.000313521971371    -0.000000000000000
    -0.000000000000000    -0.000000000000000    -0.000007301407544
2 11
     0.000588701667091    -0.000203486620251     0.000000000000000
    -0.000203481513423    -0.000016394012184    -0.000000000000000
    -0.000000000000000    -0.000000000000000    -0.000006010895965
2 12
     0.000433187725787    -0.000000000000000     0.000000000000000
     0.000000003502754    -0.000045481358826    -0.000000000000000
    -0.000000000000000    -0.000000000000000    -0.000007301407544
2 13
   -14.146289935299105     1.100323912866257     0.000000000000000
     0.662934158429811   -45.523451921830954    -0.000000000000000
    -0.000000000000000    -0.000000000000000   -15.476772802643142
2 14
    -0.002726002911037     0.008880845609140    -0.000000000000000
     0.008885094574457    -0.022517089408113    -0.000000000000000
    -0.000000000000000    -0.000000000000000     0.495930568003727
2 15
    -0.000319272129161    -0.000695885282553     0.000000000000000
    -0.000695880335725     0.002307591449526    -0.000000000000000
    -0.000000000000000    -0.000000000000000    -0.000033353162517
2 16
    -0.000004804341402    -0.000007270187516     0.000000000000000
    -0.000007269933324     0.000103974100393    -0.000000000000000
    -0.000000000000000    -0.000000000000000    -0.000000992834011
2 17
     0.000925962439520    -0.000104296342608     0.000000000000000
    -0.000104284316481    -0.000147393072643    -0.000000000000000
    -0.000000000000000    -0.000000000000000    -0.000007340793695
2 18
     0.000161186024951     0.000010780192722     0.000000000000000
     0.000010781916567    -0.000025609113343    -0.000000000000000
    -0.000000000000000    -0.000000000000000    -0.000001249922359
2 19
    -0.515745579655019    -0.889186618686676    -0.000000000000000
     0.925990698539644     1.602507358276878    -0.000000000000000
    -0.000000000000000    -0.000000000000000     1.484079040810450
2 20
     1.402621308018021    -0.050799478494126    -0.000000000000000
    -2.530728230888356     0.091732104327240    -0.000000000000000
    -0.000000000000000    -0.000000000000000     1.742742005626217
2 21
     0.000064308099856    -0.000261211860989     0.000000000000000
    -0.000261217107801     0.000366016853014    -0.000000000000000
    -0.000000000000000    -0.000000000000000    -0.000006831667030
2 22
     0.000069017046818    -0.000097368327474     0.000000000000000
    -0.000097370185654     0.000079381211697    -0.000000000000000
    -0.000000000000000    -0.000000000000000    -0.000001506627654
2 23
     0.000598926557584     0.000205930958918     0.000000000000000
     0.000205932221900    -0.000018535248506    -0.000000000000000
    -0.000000000000000    -0.000000000000000    -0.000006064391425
2 24
     0.000942463224884     0.000593504303173     0.000000000000000
     0.000593495355844     0.000022116505998    -0.000000000000000
    -0.000000000000000    -0.000000000000000    -0.000034466312095
2 25
     1.057007504355331     1.834020063626639    -0.000000000000000
     0.018842781547434     0.029754274266526    -0.000000000000000
    -0.000000000000000    -0.000000000000000     1.484079040810450
2 26
     1.537288673726229    -2.452977898350549    -0.000000000000000
     0.026950760904987    -0.042935261380968     0.000000000000000
    -0.000000000000000    -0.000000000000000     1.742742005626217
2 27
     0.000516808044047     0.000000033861644     0.000000000000000
     0.000000039098740    -0.000086483091177    -0.000000000000000
    -0.000000000000000    -0.000000000000000    -0.000006831667030
2 28
     0.000161114420209    -0.000044197739702     0.000000000000000
    -0.000044195886788    -0.000012716161695    -0.000000000000000
    -0.000000000000000    -0.000000000000000    -0.000001506627654
2 29
    -0.000042511785719    -0.000164402379047     0.000000000000000
    -0.000164403640484     0.000622903094797    -0.000000000000000
    -0.000000000000000    -0.000000000000000    -0.000006064391425
2 30
    -0.000261782743777    -0.000101776387478     0.000000000000000
    -0.000101767421857     0.001226362474659    -0.000000000000000
    -0.000000000000000    -0.000000000000000    -0.000034466312095
2 31
   -38.442674570305869   -13.364589814679842     0.000000000000000
   -12.927200516465124   -21.227067286824187    -0.000000000000000
    -0.000000000000000    -0.000000000000000   -15.476772802643142
2 32
    -0.025262195544364    -0.004126182397418    -0.000000000000000
    -0.004130431185865     0.000019103225215    -0.000000000000000
    -0.000000000000000    -0.000000000000000     0.495930568003727
2 33
     0.002253527745625     0.000789526362812     0.000000000000000
     0.000789521419468    -0.000265208425261    -0.000000000000000
    -0.000000000000000    -0.000000000000000    -0.000033353162517
2 34
     0.000083075546955     0.000043467543201     0.000000000000000
     0.000043467290357     0.000016094212036    -0.000000000000000
    -0.000000000000000    -0.000000000000000    -0.000000992834011
2 35
     0.000211263880153    -0.000516915710567     0.000000000000000
    -0.000516927759803     0.000567305486725    -0.000000000000000
    -0.000000000000000    -0.000000000000000    -0.000007340793695
2 36
     0.000011753004029    -0.000075493277085     0.000000000000000
    -0.000075495003337     0.000123823907579    -0.000000000000000
    -0.000000000000000    -0.000000000000000    -0.000001249922359
2 37
     0.000844714963053    -0.001130819020933     0.000000000000000
    -0.001130834108610     0.000708796203224    -0.000000000000000
    -0.000000000000000    -0.000000000000000    -0.000027812810840
2 38
     0.000214518972773    -0.000125336606580     0.000000000000000
    -0.000125336611243     0.000069792722985    -0.000000000000000
    -0.000000000000000    -0.000000000000000    -0.000003067819842
2 39
     0.001722100425548    -0.000624275343012     0.000000000000000
    -0.000624260320623    -0.000168589259271    -0.000000000000000
    -0.000000000000000    -0.000000000000000    -0.000027812810840
2 40
     1.079927278854609     0.024869074022322    -0.000000000000000
     1.872441716811517     0.042379743933967    -0.000000000000000
    -0.000000000000000    -0.000000000000000     1.679504879439633
2 41
    -0.000156621141861    -0.000475884147274    -0.000000000000000
    -0.000475884164976    -0.000706124833145    -0.000000000000000
    -0.000000000000000    -0.000000000000000     0.000086961101675
2 42
    -0.519793029323972     0.948842713781644    -0.000000000000000
    -0.898729892786182     1.642100052112548     0.000000000000000
    -0.000000000000000    -0.000000000000000     1.679504879439633
3 1
     1.121265895386748     0.026781646020096    -0.000000000000000
     1.846058009455386     0.040129601393631     0.000000000000000
     0.000000000000000     0.000000000000000     1.545466778524675
3 2
    -0.024245469837304     0.029473187137938    -0.000000000000000
     0.029466211664014    -0.032269777709100     0.000000000000000
     0.000000000000000     0.000000000000000     0.787531285163695
3 3
    83.831436325787664    -0.000001350336440     0.000000000000000
    -0.000001189070218    73.819726702368371     0.000000000000001
     0.000000000000000     0.000000000000000    39.077251306788568
3 4
   -13.318167467176620     0.000000214525806     0.000000000000000
     0.000000489151301   -30.367438428608658     0.000000000000000
     0.000000000000000     0.000000000000000   -18.945617136051961
3 5
     1.121265896249531    -0.026781682142255    -0.000000000000000
    -1.846058010748185     0.040129660865341     0.000000000000000
     0.000000000000000     0.000000000000000     1.545466778524675
3 6
    -0.024245468887811    -0.029473186356858    -0.000000000000000
    -0.029466210624426    -0.032269776759831     0.000000000000000
     0.000000000000000     0.000000000000000     0.787531285163695
3 7
     0.000087871073264    -0.000101550482064     0.000000000000000
    -0.000101549590451     0.000205129930708    -0.000000000000000
     0.000000000000000     0.000000000000000    -0.000006137258707
3 8
     0.000311110127099    -0.000363755369763     0.000000000000000
    -0.000363754173568     0.000261204367281    -0.000000000000000
     0.000000000000000     0.000000000000000    -0.000006010769631
3 9
    -0.000214208171691     0.000000000003450     0.000000000000000
    -0.000000000021634     0.001343076736363    -0.000000000000000
     0.000000000000000     0.000000000000000    -0.000012721554928
3 10
    -0.001048687855084     0.000000000016892     0.000000000000000
    -0.000000000009655     0.000599398578325     0.000000000000000
     0.000000000000000     0.000000000000000     0.000095794636826
3 11
     0.000087871069992     0.000101550479233     0.000000000000000
     0.000101549583843     0.000205129927437    -0.000000000000000
     0.000000000000000     0.000000000000000    -0.000006137258707
3 12
     0.000311110115380     0.000363755359741    -0.000000000000000
     0.000363754165153     0.000261204355562    -0.000000000000000
     0.000000000000000     0.000000000000000    -0.000006010769631
3 13
     0.000248922595579    -0.001534990905155     0.000000000000000
    -0.001535015561409     0.001983583517619    -0.000000000000000
     0.000000000000000     0.000000000000000    -0.000039989738371
3 14
     0.000017631136627    -0.000065128769739     0.000000000000000
    -0.000065127408892     0.000089332314041    -0.000000000000000
     0.000000000000000     0.000000000000000    -0.000001054927309
3 15
     1.077683080830075    -1.796659637862438    -0.000000000000000
    -0.000370127814181    -0.002062474906869     0.000000000000000
     0.000000000000000     0.000000000000000     2.877498212647438
3 16
     0.000061792863643     0.000571346381753     0.000000000000000
     0.000571345647245     0.000847833005067    -0.000000000000000
     0.000000000000000     0.000000000000000    -0.000029456778269
3 17
    -0.000882245481059     0.000104545047269     0.000000000000000
     0.000104419106672    -0.001006042034190     0.000000000000000
     0.000000000000000     0.000000000000000     0.000173372243267
3 18
     0.000173658133755     0.000073732851854     0.000000000000000
     0.000073734321323    -0.000000229941599     0.000000000000000
     0.000000000000000     0.000000000000000    -0.000001857312742
3 19
     0.001045527615812    -0.000734979791463     0.000000000000000
    -0.000734988538762     0.000179989800655     0.000000000000000
     0.000000000000000     0.000000000000000    -0.000014511537605
3 20
    -0.000420685906640    -0.000012119559272    -0.000000000000000
    -0.000011956386652    -0.000462382779640     0.000000000000000
     0.000000000000000     0.000000000000000     0.000031915310712
3 21
    -0.003732931351673     0.012390863228068    -0.000000000000000
     0.012383683529573    -0.035750805509140     0.000000000000000
     0.000000000000000     0.000000000000000     0.373407480792405
3 22
    -0.506813612793992     0.445658994580645     0.000000000000000
     0.445628129421383    -0.291988314055361    -0.000000000000000
     0.000000000000000     0.000000000000000    -0.448487123965951
3 23
     0.000222022656522     0.000520618578676     0.000000000000000
     0.000520609568985     0.000564938369665    -0.000000000000000
     0.000000000000000     0.000000000000000    -0.000007648766951
3 24
    -0.000046040616730     0.000264978039479     0.000000000000000
     0.000264967868780     0.000654486009697    -0.000000000000000
     0.000000000000000     0.000000000000000    -0.000013587562370
3 25
     0.000222022673294    -0.000520618585829     0.000000000000000
    -0.000520609587184     0.000564938386437     0.000000000000000
     0.000000000000000     0.000000000000000    -0.000007648766951
3 26
    -0.000046040608194    -0.000264978037995     0.000000000000000
    -0.000264967889865     0.000654486018233    -0.000000000000000
     0.000000000000000     0.000000000000000    -0.000013587562370
3 27
     0.001045527592134     0.000734979757781    -0.000000000000000
     0.000734988532963     0.000179989776977    -0.000000000000000
     0.000000000000000     0.000000000000000    -0.000014511537605
3 28
    -0.000420685907031     0.000012119572825    -0.000000000000000
     0.000011956401548    -0.000462382780025     0.000000000000000
     0.000000000000000     0.000000000000000     0.000031915310712
3 29
    -0.003732930952495    -0.012390863107809    -0.000000000000000
    -0.012383682377842    -0.035750805110193     0.000000000000000
     0.000000000000000     0.000000000000000     0.373407480792405
3 30
    -0.506813598436860    -0.445658978253383     0.000000000000000
    -0.445628120014829    -0.291988299699221    -0.000000000000000
     0.000000000000000     0.000000000000000    -0.448487123965951
3 31
    -0.000882245477691    -0.000104545018847    -0.000000000000000
    -0.000104419074262    -0.001006042030827     0.000000000000000
     0.000000000000000     0.000000000000000     0.000173372243267
3 32
     0.000173658136130    -0.000073732857448     0.000000000000000
    -0.000073734321315    -0.000000229939224    -0.000000000000000
     0.000000000000000     0.000000000000000    -0.000001857312742
3 33
     0.000248922546129     0.001534990897135     0.000000000000000
     0.001535015497507     0.001983583468168    -0.000000000000000
     0.000000000000000     0.000000000000000    -0.000039989738371
3 34
     0.000017631134529     0.000065128769171     0.000000000000000
     0.000065127406014     0.000089332311943    -0.000000000000000
     0.000000000000000     0.000000000000000    -0.000001054927309
3 35
     1.077683022949766     1.796659603144323    -0.000000000000000
     0.000370127880622    -0.002062474918796     0.000000000000000
     0.000000000000000     0.000000000000000     2.877498212647438
3 36
     0.000061792882049    -0.000571346383744    -0.000000000000000
    -0.000571345674558     0.000847833023474    -0.000000000000000
     0.000000000000000     0.000000000000000    -0.000029456778269
3 37
    -0.000027754118490    -0.000113256126269    -0.000000000000000
    -0.000113252514209     0.000443046640389    -0.000000000000000
     0.000000000000000     0.000000000000000    -0.000004445963661
3 38
    -0.000027754122139     0.000113256127163     0.000000000000000
     0.000113252499936     0.000443046636741    -0.000000000000000
     0.000000000000000     0.000000000000000    -0.000004445963661
3 39
     0.000087687677468    -0.000000000001412     0.000000000000000
    -0.000000000001491     0.000092563086466    -0.000000000000000
     0.000000000000000     0.000000000000000    -0.000004314422162
3 40
   -37.061611527976623    16.019564088965591     0.000000000000000
    13.794149770208360   -19.441331248997113    -0.000000000000000
     0.000000000000000     0.000000000000000   -14.555331310629635
3 41
   -37.061611011898187   -16.019562895006693     0.000000000000000
   -13.794149143895860   -19.441330804611447    -0.000000000000000
     0.000000000000000     0.000000000000000   -14.555331310629635
3 42
     0.281231386343081    -0.000000004530008     0.000000000000000
     0.000000063388845    -3.935299570497422    -0.000000000000000
     0.000000000000000     0.000000000000000    -1.292044748338313
4 1
    -0.004745504954017     0.018221172133734     0.000000000000000
     0.018211051475342    -0.051764290143333     0.000000000000000
     0.000000000000000     0.000000000000000     0.787549233864010
4 2
     0.000232822009247    -0.001535710198146     0.000000000000000
    -0.001535737379751     0.002006154523406     0.000000000000000
     0.000000000000000     0.000000000000000    -0.000040172254627
4 3
   -13.318228116844240     0.000000214526783     0.000000000000000
     0.000000489151344   -30.367441182487603    -0.000000000000000
     0.000000000000000     0.000000000000000   -18.945516030591254
4 4
    83.939883141186357    -0.000001352083288     0.000000000000001
    -0.000001201202501    74.572921447296935     0.000000000000000
     0.000000000000000     0.000000000000000    38.045556607859595
4 5
    -0.004745504367012    -0.018221171980855     0.000000000000000
    -0.018211049807729    -0.051764289556654     0.000000000000000
     0.000000000000000     0.000000000000000     0.787549233864010
4 6
     0.000232821959773     0.001535710190646    -0.000000000000000
     0.001535737315122     0.002006154473931    -0.000000000000000
     0.000000000000000     0.000000000000000    -0.000040172254627
4 7
    -0.000041342459777    -0.000160274639591    -0.000000000000000
    -0.000160269532763     0.000613650138121    -0.000000000000000
     0.000000000000000     0.000000000000000    -0.000006010895965
4 8
     0.000074187430333    -0.000207272423829     0.000000000000000
    -0.000207268921075     0.000313518949983    -0.000000000000000
     0.000000000000000     0.000000000000000    -0.000007301407544
4 9
    -0.001048687855084     0.000000000016892     0.000000000000000
    -0.000000000009655     0.000599398578325     0.000000000000000
     0.000000000000000     0.000000000000000     0.000095794636826
4 10
     0.208569099601375    -0.000000003359582     0.000000000000000
     0.000000047651382    -2.958288095178939    -0.000000000000000
     0.000000000000000     0.000000000000000    -0.525939909229275
4 11
    -0.000041342464940     0.000160274640923     0.000000000000000
     0.000160269512994     0.000613650132958    -0.000000000000000
     0.000000000000000     0.000000000000000    -0.000006010895965
4 12
     0.000074187423655     0.000207272421439    -0.000000000000000
     0.000207268910975     0.000313518943305    -0.000000000000000
     0.000000000000000     0.000000000000000    -0.000007301407544
4 13
     0.000030627736436    -0.000412637424974    -0.000000000000000
    -0.000412625398847     0.000747941663748    -0.000000000000000
     0.000000000000000     0.000000000000000    -0.000007340793695
4 14
     0.000030426338973    -0.000086276057870     0.000000000000000
    -0.000086274334025     0.000105150577499    -0.000000000000000
     0.000000000000000     0.000000000000000    -0.000001249922359
4 15
   -36.915647027734572   -13.808828849530926    -0.000000000000000
   -14.246218603967371   -22.754093982392000    -0.000000000000000
     0.000000000000000     0.000000000000000   -15.476772802643138
4 16
    -0.009876439538159    -0.013013401162734    -0.000000000000000
    -0.013009152197417    -0.015366652514999     0.000000000000000
     0.000000000000000     0.000000000000000     0.495930568003727
4 17
     0.001048223310911     0.001485404210852    -0.000000000000000
     0.001485409157679     0.000940095958584    -0.000000000000000
     0.000000000000000     0.000000000000000    -0.000033353162517
4 18
     0.000070483430150     0.000050737349305    -0.000000000000000
     0.000050737603496     0.000028686326041    -0.000000000000000
     0.000000000000000     0.000000000000000    -0.000000992834011
4 19
     0.000314172188953    -0.000370335236340     0.000000000000000
    -0.000370333973358     0.000266219130718    -0.000000000000000
     0.000000000000000     0.000000000000000    -0.000006064391425
4 20
     0.000766189105039    -0.000695267268281     0.000000000000000
    -0.000695276215610     0.000198390632400    -0.000000000000000
     0.000000000000000     0.000000000000000    -0.000034466312095
4 21
     1.088880712846203     0.000440740615973    -0.000000000000000
     1.815618057842293    -0.002118993915272     0.000000000000000
     0.000000000000000     0.000000000000000     1.484079040810449
4 22
    -0.698379864967373     1.317714615535909    -0.000000000000000
    -1.162214136858320     2.192733355468339     0.000000000000000
     0.000000000000000     0.000000000000000     1.742742005626216
4 23
     0.000064371279398     0.000261253584527     0.000000000000000
     0.000261248337715     0.000365953673470    -0.000000000000000
     0.000000000000000     0.000000000000000    -0.000006831667030
4 24
    -0.000007534079901     0.000053173371214     0.000000000000000
     0.000053171513034     0.000155932341263    -0.000000000000000
     0.000000000000000     0.000000000000000    -0.000001506627654
4 25
     0.000064371287814    -0.000261253586601    -0.000000000000000
    -0.000261248349505     0.000365953681886    -0.000000000000000
     0.000000000000000     0.000000000000000    -0.000006831667030
4 26
    -0.000007534078188    -0.000053173370971     0.000000000000000
    -0.000053171518057     0.000155932342976    -0.000000000000000
     0.000000000000000     0.000000000000000    -0.000001506627654
4 27
     0.000314172177022     0.000370335226219     0.000000000000000
     0.000370333964782     0.000266219118788    -0.000000000000000
     0.000000000000000     0.000000000000000    -0.000006064391425
4 28
     0.000766189082641     0.000695267243598    -0.000000000000000
     0.000695276209219     0.000198390610002    -0.000000000000000
     0.000000000000000     0.000000000000000    -0.000034466312095
4 29
     1.088880712860401    -0.000440775694827    -0.000000000000000
    -1.815618057774031    -0.002118935424200     0.000000000000000
     0.000000000000000     0.000000000000000     1.484079040810449
4 30
    -0.698379822516522    -1.317714593037241     0.000000000000000
     1.162214066218295     2.192733318027015     0.000000000000000
     0.000000000000000     0.000000000000000     1.742742005626216
4 31
     0.001048223358764    -0.001485404244621    -0.000000000000000
    -0.001485409187964     0.000940096006437    -0.000000000000000
     0.000000000000000     0.000000000000000    -0.000033353162517
4 32
     0.000070483431784    -0.000050737351575     0.000000000000000
    -0.000050737604420     0.000028686327675    -0.000000000000000
     0.000000000000000     0.000000000000000    -0.000000992834011
4 33
     0.000030627723142     0.000412637423988     0.000000000000000
     0.000412625374752     0.000747941650455    -0.000000000000000
     0.000000000000000     0.000000000000000    -0.000007340793695
4 34
     0.000030426336194     0.000086276056890     0.000000000000000
     0.000086274330637     0.000105150574720    -0.000000000000000
     0.000000000000000     0.000000000000000    -0.000001249922359
4 35
   -36.915647472593079    13.808830038787519    -0.000000000000000
    14.246219337002238   -22.754094441341323    -0.000000000000000
     0.000000000000000     0.000000000000000   -15.476772802643138
4 36
    -0.009876439957393     0.013013401480909    -0.000000000000000
     0.013009152692462    -0.015366652934096     0.000000000000000
     0.000000000000000     0.000000000000000     0.495930568003727
4 37
    -0.000236548624426    -0.000506566256661     0.000000000000000
    -0.000506551234272     0.001790059863563    -0.000000000000000
     0.000000000000000     0.000000000000000    -0.000027812810840
4 38
    -0.000236548640746     0.000506566264281     0.000000000000000
     0.000506551176604     0.001790059847245    -0.000000000000000
     0.000000000000000     0.000000000000000    -0.000027812810840
4 39
    -0.000002570401838     0.000000000000041     0.000000000000000
    -0.000000000004621     0.000286882105672    -0.000000000000000
     0.000000000000000     0.000000000000000    -0.000003067819842
4 40
     1.123326223554811     1.847385253391046     0.000000000000000
    -0.000187353176780    -0.001019261889072     0.000000000000000
     0.000000000000000     0.000000000000000     1.679504879439632
4 41
     1.123326283069273    -1.847385289579581    -0.000000000000000
     0.000187353209614    -0.001019261895105     0.000000000000000
     0.000000000000000     0.000000000000000     1.679504879439632
4 42
    -0.000980876651421     0.000000000015800     0.000000000000000
    -0.000000000001903     0.000118130707076     0.000000000000000
     0.000000000000000     0.000000000000000     0.000086961101675
5 1
    -0.500549641954068     0.909702355774546     0.000000000000000
    -0.909573972831385     1.661945259399292     0.000000000000000
     0.000000000000000     0.000000000000000     1.545466778524675
5 2
    -0.055785205951590     0.011256734601794     0.000000000000000
     0.011263710334225    -0.000730038522796     0.000000000000000
     0.000000000000000     0.000000000000000     0.787531285163695
5 3
     1.121377018117028    -1.845993852715954     0.000000000000000
    -0.026717489280664     0.040018478659220     0.000000000000000
     0.000000000000000     0.000000000000000     1.545466778524675
5 4
    -0.004742191992396    -0.018205988740740     0.000000000000000
    -0.018212964214665    -0.051773056279515     0.000000000000000
     0.000000000000000     0.000000000000000     0.787531285163695
5 5
    76.322650949098104    -4.335198150081922     0.000000000000001
    -4.335197988815697    81.328512358379243     0.000000000000000
     0.000000000000000     0.000000000000000    39.077251306788568
5 6
   -26.105119536314685    -7.382550845695697     0.000000000000000
    -7.382550571070205   -17.580485883805302     0.000000000000000
     0.000000000000000     0.000000000000000   -18.945617136051961
5 7
     0.000263760112784     0.000000000004249    -0.000000000000000
    -0.000000000891141     0.000029240878102    -0.000000000000000
     0.000000000000000     0.000000000000000    -0.000006137258707
5 8
     0.000588701647397    -0.000203486616438    -0.000000000000000
    -0.000203487811025    -0.000016387186781     0.000000000000000
     0.000000000000000     0.000000000000000    -0.000006010769631
5 9
     0.000087870301105     0.000101549144645    -0.000000000000000
     0.000101550036258     0.000205130702866    -0.000000000000000
     0.000000000000000     0.000000000000000    -0.000006137258707
5 10
    -0.000041340067203     0.000160266955227    -0.000000000000000
     0.000160268151422     0.000613654574694    -0.000000000000000
     0.000000000000000     0.000000000000000    -0.000006010769631
5 11
     0.000953755464005     0.000674324153649    -0.000000000000000
     0.000674324128564     0.000175113057220    -0.000000000000000
     0.000000000000000     0.000000000000000    -0.000012721554928
5 12
     0.000187376956384     0.000713642374565     0.000000000000000
     0.000713642348018    -0.000636666279123     0.000000000000000
     0.000000000000000     0.000000000000000     0.000095794636826
5 13
    -0.000884608736626    -0.000105783532935     0.000000000000000
    -0.000105909473532    -0.001003678778536    -0.000000000000000
     0.000000000000000     0.000000000000000     0.000173372243267
5 14
     0.000107097235155    -0.000112163274761     0.000000000000000
    -0.000112161805292     0.000066330959476    -0.000000000000000
     0.000000000000000     0.000000000000000    -0.000001857312742
5 15
     0.000220566461581     0.001518644139507    -0.000000000000000
     0.001518619483253     0.002011939652673    -0.000000000000000
     0.000000000000000     0.000000000000000    -0.000039989738371
5 16
     0.000015004438397     0.000063610883934    -0.000000000000000
     0.000063612244781     0.000091959012369    -0.000000000000000
     0.000000000000000     0.000000000000000    -0.000001054927309
5 17
    -0.510262785658408    -0.916430862713662     0.000000000000000
     0.879858647334596     1.585883450652038     0.000000000000000
     0.000000000000000     0.000000000000000     2.877498212647438
5 18
     0.001146123099761     0.000054692718113    -0.000000000000000
     0.000054691983604    -0.000236497271387    -0.000000000000000
     0.000000000000000     0.000000000000000    -0.000029456778269
5 19
     0.000930074430737    -0.000111815678938    -0.000000000000000
    -0.000111824688629    -0.000143113430889    -0.000000000000000
     0.000000000000000     0.000000000000000    -0.000007648766951
5 20
     0.000708827640154     0.000170855530641    -0.000000000000000
     0.000170845359943    -0.000100382275268    -0.000000000000000
     0.000000000000000     0.000000000000000    -0.000013587562370
5 21
    -0.000240140697106    -0.000007292421596     0.000000000000000
    -0.000007301168894     0.001465658161398    -0.000000000000000
     0.000000000000000     0.000000000000000    -0.000014511537605
5 22
    -0.000462383738691    -0.000012117868354     0.000000000000000
    -0.000011954695735    -0.000420684946038     0.000000000000000
     0.000000000000000     0.000000000000000     0.000031915310712
5 23
    -0.017018642742195    -0.020054192719935     0.000000000000000
    -0.020061372418430    -0.022465093624399     0.000000000000000
     0.000000000000000     0.000000000000000     0.373407480792405
5 24
     0.040244007953841    -0.129784258945805    -0.000000000000000
    -0.129815124105066    -0.839045955153337    -0.000000000000000
     0.000000000000000     0.000000000000000    -0.448487123965951
5 25
     0.001032889155177    -0.000742285338079    -0.000000000000000
    -0.000742276562897     0.000192628214404     0.000000000000000
     0.000000000000000     0.000000000000000    -0.000014511537605
5 26
    -0.000441533346356    -0.000023992676478     0.000000000000000
    -0.000024155847755    -0.000441535339924     0.000000000000000
     0.000000000000000     0.000000000000000     0.000031915310712
5 27
    -0.038474028252703    -0.007674099873443     0.000000000000000
    -0.007666919143476    -0.001009706517642     0.000000000000000
     0.000000000000000     0.000000000000000     0.373407480792405
5 28
    -0.731633243641796     0.315828434922418    -0.000000000000000
     0.315859293160972    -0.067168646131160    -0.000000000000000
     0.000000000000000     0.000000000000000    -0.448487123965951
5 29
     0.000028344426293     0.000408789397063     0.000000000000000
     0.000408798395707     0.000758616640642    -0.000000000000000
     0.000000000000000     0.000000000000000    -0.000007648766951
5 30
     0.000249881029555     0.000435818330256    -0.000000000000000
     0.000435828478387     0.000358564369476    -0.000000000000000
     0.000000000000000     0.000000000000000    -0.000013587562370
5 31
     0.002879269921362    -0.000016383704107    -0.000000000000000
    -0.000016359103736    -0.000646764004912    -0.000000000000000
     0.000000000000000     0.000000000000000    -0.000039989738371
5 32
     0.000127809592403    -0.000001515842518    -0.000000000000000
    -0.000001517205675    -0.000020846150030    -0.000000000000000
     0.000000000000000     0.000000000000000    -0.000001054927309
5 33
     1.046010584344590    -0.018656219175329     0.000000000000000
    -1.814945694439030     0.029609964864575     0.000000000000000
     0.000000000000000     0.000000000000000     2.877498212647438
5 34
     0.000156522798070     0.000626038018091    -0.000000000000000
     0.000626038727276     0.000753103103929     0.000000000000000
     0.000000000000000     0.000000000000000    -0.000029456778269
5 35
    -0.001065576969347    -0.000001427413766     0.000000000000000
    -0.000001301469180    -0.000822710532351     0.000000000000000
     0.000000000000000     0.000000000000000     0.000173372243267
5 36
    -0.000020613080708    -0.000038428220108    -0.000000000000000
    -0.000038429683975     0.000194041284841    -0.000000000000000
     0.000000000000000     0.000000000000000    -0.000001857312742
5 37
     0.000091344230377     0.000002111113337    -0.000000000000000
     0.000002111113258     0.000088906533421    -0.000000000000000
     0.000000000000000     0.000000000000000    -0.000004314422162
5 38
     0.000227265321717     0.000260488059401    -0.000000000000000
     0.000260491671460     0.000188027190695     0.000000000000000
     0.000000000000000     0.000000000000000    -0.000004445963661
5 39
     0.000423427545458     0.000147237362149    -0.000000000000000
     0.000147233734923    -0.000008135047640    -0.000000000000000
     0.000000000000000     0.000000000000000    -0.000004445963661
5 40
    -2.881166696007976    -1.825811481478405    -0.000000000000000
    -1.825811413559552    -0.772901370507463    -0.000000000000000
     0.000000000000000     0.000000000000000    -1.292044748338313
5 41
   -10.936684224853124     1.289084321352082    -0.000000000000000
    -0.936329997405149   -45.566259523948787    -0.000000000000000
     0.000000000000000     0.000000000000000   -14.555331310629635
5 42
   -36.756116077316520    13.970526729893292    -0.000000000000000
    16.195940481004126   -19.746825750557370    -0.000000000000000
     0.000000000000000     0.000000000000000   -14.555331310629635
6 1
    -0.055785206314239    -0.011256736398950     0.000000000000000
    -0.011246614225825    -0.000724585710788    -0.000000000000000
     0.000000000000000     0.000000000000000     0.787549233864010
6 2
     0.002892797047877     0.000000000046596    -0.000000000000000
     0.000000027171073    -0.000653820713121     0.000000000000000
     0.000000000000000     0.000000000000000    -0.000040172254627
6 3
    -0.024233977114322    -0.029462726332466     0.000000000000000
    -0.029472846990857    -0.032275817258071    -0.000000000000000
     0.000000000000000     0.000000000000000     0.787549233864010
6 4
     0.000232845549207     0.001535750970554     0.000000000000000
     0.001535723788949     0.002006130983445    -0.000000000000000
     0.000000000000000     0.000000000000000    -0.000040172254627
6 5
   -26.105136764140283    -7.382525776083092    -0.000000000000000
    -7.382525501458531   -17.580532059527890    -0.000000000000000
     0.000000000000000     0.000000000000000   -18.945516030591254
6 6
    76.914658684620647    -4.056014105353828     0.000000000000001
    -4.056013954473045    81.598146165195857    -0.000000000000000
     0.000000000000000     0.000000000000000    38.045556607859595
6 7
     0.000588701653944     0.000203486635411    -0.000000000000000
     0.000203481507482    -0.000016394009364    -0.000000000000000
     0.000000000000000     0.000000000000000    -0.000006010895965
6 8
     0.000433187713701     0.000000000006978    -0.000000000000000
    -0.000000003503486    -0.000045481360095     0.000000000000000
     0.000000000000000     0.000000000000000    -0.000007301407544
6 9
     0.000311102275961     0.000363753599600    -0.000000000000000
     0.000363758706428     0.000261205389272     0.000000000000000
     0.000000000000000     0.000000000000000    -0.000006010895965
6 10
     0.000074184396859     0.000207267169698    -0.000000000000000
     0.000207270672452     0.000313521983456    -0.000000000000000
     0.000000000000000     0.000000000000000    -0.000007301407544
6 11
     0.000187376956384     0.000713642374565     0.000000000000000
     0.000713642348018    -0.000636666279123     0.000000000000000
     0.000000000000000     0.000000000000000     0.000095794636826
6 12
    -2.166573694770336    -1.371289404851167    -0.000000000000000
    -1.371289353840203    -0.583145212453650    -0.000000000000000
     0.000000000000000     0.000000000000000    -0.525939909229275
6 13
     0.002253527670036    -0.000789526348540    -0.000000000000000
    -0.000789521401713    -0.000265208445377    -0.000000000000000
     0.000000000000000     0.000000000000000    -0.000033353162517
6 14
     0.000083075543937    -0.000043467543076    -0.000000000000000
    -0.000043467288885     0.000016094211785     0.000000000000000
     0.000000000000000     0.000000000000000    -0.000000992834011
6 15
     0.000211263882585     0.000516915728392    -0.000000000000000
     0.000516927754519     0.000567305510879     0.000000000000000
     0.000000000000000     0.000000000000000    -0.000007340793695
6 16
     0.000011753004917     0.000075493279380    -0.000000000000000
     0.000075495003226     0.000123823912250    -0.000000000000000
     0.000000000000000     0.000000000000000    -0.000001249922359
6 17
   -38.442673282502767    13.364589568319428    -0.000000000000000
    12.927199813882982   -21.227067670819601     0.000000000000000
     0.000000000000000     0.000000000000000   -15.476772802643138
6 18
    -0.025262194773099     0.004126182105619     0.000000000000000
     0.004130431070936     0.000019103292280     0.000000000000000
     0.000000000000000     0.000000000000000     0.495930568003727
6 19
     0.000516808029628    -0.000000033853320    -0.000000000000000
    -0.000000039100132    -0.000086483093591    -0.000000000000000
     0.000000000000000     0.000000000000000    -0.000006831667030
6 20
     0.000161114416426     0.000044197743530    -0.000000000000000
     0.000044195885350    -0.000012716161338    -0.000000000000000
     0.000000000000000     0.000000000000000    -0.000001506627654
6 21
    -0.000042511781885     0.000164402382949    -0.000000000000000
     0.000164403645931     0.000622903114824    -0.000000000000000
     0.000000000000000     0.000000000000000    -0.000006064391425
6 22
    -0.000261782734834     0.000101776386101    -0.000000000000000
     0.000101767438772     0.001226362510513    -0.000000000000000
     0.000000000000000     0.000000000000000    -0.000034466312095
6 23
     1.057007445323453    -1.834020097768779     0.000000000000000
    -0.018842780542459     0.029754274793144     0.000000000000000
     0.000000000000000     0.000000000000000     1.484079040810449
6 24
     1.537288670348688     2.452977991549559     0.000000000000000
    -0.026950760844670    -0.042935263012961     0.000000000000000
     0.000000000000000     0.000000000000000     1.742742005626216
6 25
     0.000598926537557    -0.000205930955016    -0.000000000000000
    -0.000205932216453    -0.000018535252340    -0.000000000000000
     0.000000000000000     0.000000000000000    -0.000006064391425
6 26
     0.000942463189030    -0.000593504304551    -0.000000000000000
    -0.000593495338930     0.000022116497055    -0.000000000000000
     0.000000000000000     0.000000000000000    -0.000034466312095
6 27
    -0.515745550943199     0.889186635186993     0.000000000000000
    -0.925990646892211     1.602507388070322     0.000000000000000
     0.000000000000000     0.000000000000000     1.484079040810449
6 28
     1.402621269703922     0.050799502504484     0.000000000000000
     2.530728161760019     0.091732147650863    -0.000000000000000
     0.000000000000000     0.000000000000000     1.742742005626216
6 29
     0.000064308102269     0.000261211869313    -0.000000000000000
     0.000261217106409     0.000366016867433     0.000000000000000
     0.000000000000000     0.000000000000000    -0.000006831667030
6 30
     0.000069017046460     0.000097368331302    -0.000000000000000
     0.000097370184216     0.000079381215480    -0.000000000000000
     0.000000000000000     0.000000000000000    -0.000001506627654
6 31
     0.000925962415366     0.000104296360433    -0.000000000000000
     0.000104284311197    -0.000147393075075    -0.000000000000000
     0.000000000000000     0.000000000000000    -0.000007340793695
6 32
     0.000161186020281    -0.000010780190426    -0.000000000000000
    -0.000010781916679    -0.000025609114231    -0.000000000000000
     0.000000000000000     0.000000000000000    -0.000001249922359
6 33
   -14.146289558349128    -1.100324171429664    -0.000000000000000
    -0.662934873214944   -45.523453202588705     0.000000000000000
     0.000000000000000     0.000000000000000   -15.476772802643138
6 34
    -0.002726002978033    -0.008880845900820    -0.000000000000000
    -0.008885094689267    -0.022517090179446     0.000000000000000
     0.000000000000000     0.000000000000000     0.495930568003727
6 35
    -0.000319272109044     0.000695885296825    -0.000000000000000
     0.000695880353481     0.002307591525115    -0.000000000000000
     0.000000000000000     0.000000000000000    -0.000033353162517
6 36
    -0.000004804341151     0.000007270187641    -0.000000000000000
     0.000007269934796     0.000103974103411    -0.000000000000000
     0.000000000000000     0.000000000000000    -0.000000992834011
6 37
     0.000214518968807     0.000125336613533    -0.000000000000000
     0.000125336608870     0.000069792726951    -0.000000000000000
     0.000000000000000     0.000000000000000    -0.000003067819842
6 38
     0.000844714957701     0.001130819066089    -0.000000000000000
     0.001130834088478     0.000708796241214    -0.000000000000000
     0.000000000000000     0.000000000000000    -0.000027812810840
6 39
     0.001722100387558     0.000624275388168    -0.000000000000000
     0.000624260300491    -0.000168589253919    -0.000000000000000
     0.000000000000000     0.000000000000000    -0.000027812810840
6 40
    -0.000156621129826     0.000475884158028     0.000000000000000
     0.000475884140325    -0.000706124845180     0.000000000000000
     0.000000000000000     0.000000000000000     0.000086961101675
6 41
     1.079927248324645    -0.024869057320953     0.000000000000000
    -1.872441663888779     0.042379714955508    -0.000000000000000
     0.000000000000000     0.000000000000000     1.679504879439632
6 42
    -0.519793030105759    -0.948842748626536     0.000000000000000
     0.898729894162659     1.642100112402763     0.000000000000000
     0.000000000000000     0.000000000000000     1.679504879439632
7 1
     0.000953755479752    -0.000674324119472     0.000000000000000
    -0.000674324144557     0.000175113041472     0.000000000000000
     0.000000000000000     0.000000000000000    -0.000012721554928
7 2
     0.000187376950116    -0.000713642351637     0.000000000000000
    -0.000713642378184    -0.000636666272856     0.000000000000000
     0.000000000000000     0.000000000000000     0.000095794636826
7 3
     0.000087870301921    -0.000101549140397     0.000000000000000
    -0.000101550035787     0.000205130695508     0.000000000000000
     0.000000000000000     0.000000000000000    -0.000006137258707
7 4
    -0.000041340070938    -0.000160266951422     0.000000000000000
    -0.000160268146009     0.000613654554991    -0.000000000000000
     0.000000000000000     0.000000000000000    -0.000006010769631
7 5
     0.000263760120143    -0.000000000000001     0.000000000000000
     0.000000000891612     0.000029240877286     0.000000000000000
     0.000000000000000     0.000000000000000    -0.000006137258707
7 6
     0.000588701667099     0.000203486620244     0.000000000000000
     0.000203487816438    -0.000016387183046     0.000000000000000
     0.000000000000000     0.000000000000000    -0.000006010769631
7 7
    76.322653148288595     4.335199258518777    -0.000000000000001
     4.335199419784997    81.328510159188696     0.000000000000001
     0.000000000000000     0.000000000000000    39.077251306788568
7 8
   -26.105120145716896     7.382550219231718     0.000000000000000
     7.382550493857213   -17.580485274403102     0.000000000000000
     0.000000000000000     0.000000000000000   -18.945617136051961
7 9
     1.121377079137652     1.845993819276603    -0.000000000000000
     0.026717490670672     0.040018477973081     0.000000000000000
     0.000000000000000     0.000000000000000     1.545466778524675
7 10
    -0.004742191831443     0.018205988156417    -0.000000000000000
     0.018212963888848    -0.051773054541706     0.000000000000000
     0.000000000000000     0.000000000000000     0.787531285163695
7 11
    -0.500549670572393    -0.909702338457079    -0.000000000000000
     0.909574024978212     1.661945227683128     0.000000000000000
     0.000000000000000     0.000000000000000     1.545466778524675
7 12
    -0.055785207689287    -0.011256735186311    -0.000000000000000
    -0.011263710660236    -0.000730038683862     0.000000000000000
     0.000000000000000     0.000000000000000     0.787531285163695
7 13
    -0.038474029202495     0.007674099039610    -0.000000000000000
     0.007666919341115    -0.001009706365974     0.000000000000000
     0.000000000000000     0.000000000000000     0.373407480792405
7 14
    -0.731633269141250    -0.315828437895947     0.000000000000000
    -0.315859303055208    -0.067168649344975     0.000000000000000
     0.000000000000000     0.000000000000000    -0.448487123965951
7 15
     0.000028344420499    -0.000408789385201     0.000000000000000
    -0.000408798394892     0.000758616612893     0.000000000000000
     0.000000000000000     0.000000000000000    -0.000007648766951
7 16
     0.000249881029507    -0.000435818314072     0.000000000000000
    -0.000435828484770     0.000358564352452     0.000000000000000
     0.000000000000000     0.000000000000000    -0.000013587562370
7 17
     0.001032889195950     0.000742285334007     0.000000000000000
     0.000742276586708     0.000192628220986     0.000000000000000
     0.000000000000000     0.000000000000000    -0.000014511537605
7 18
    -0.000441533358288     0.000023992668697    -0.000000000000000
     0.000024155841317    -0.000441535327216     0.000000000000000
     0.000000000000000     0.000000000000000     0.000031915310712
7 19
     1.046010613828223     0.018656235503712    -0.000000000000000
     1.814945745551970     0.029609993273172     0.000000000000000
     0.000000000000000     0.000000000000000     2.877498212647438
7 20
     0.000156522792353    -0.000626037998103     0.000000000000000
    -0.000626038732612     0.000753103072833     0.000000000000000
     0.000000000000000     0.000000000000000    -0.000029456778269
7 21
    -0.001065576999053     0.000001427396562    -0.000000000000000
     0.000001301455964    -0.000822710509377     0.000000000000000
     0.000000000000000     0.000000000000000     0.000173372243267
7 22
    -0.000020613080664     0.000038428218704     0.000000000000000
     0.000038429688173     0.000194041280046     0.000000000000000
     0.000000000000000     0.000000000000000    -0.000001857312742
7 23
     0.002879270001956     0.000016383750029     0.000000000000000
     0.000016359093775    -0.000646763986604     0.000000000000000
     0.000000000000000     0.000000000000000    -0.000039989738371
7 24
     0.000127809595994     0.000001515844535     0.000000000000000
     0.000001517205381    -0.000020846149424     0.000000000000000
     0.000000000000000     0.000000000000000    -0.000001054927309
7 25
    -0.510262785132815     0.916430828926556    -0.000000000000000
    -0.879858646337146     1.585883392234211     0.000000000000000
     0.000000000000000     0.000000000000000     2.877498212647438
7 26
     0.001146123130857    -0.000054692698125     0.000000000000000
    -0.000054691988940    -0.000236497265670    -0.000000000000000
     0.000000000000000     0.000000000000000    -0.000029456778269
7 27
    -0.000884608759602     0.000105783515734    -0.000000000000000
     0.000105909460320    -0.001003678748828     0.000000000000000
     0.000000000000000     0.000000000000000     0.000173372243267
7 28
     0.000107097239950     0.000112163273357     0.000000000000000
     0.000112161809490     0.000066330959432     0.000000000000000
     0.000000000000000     0.000000000000000    -0.000001857312742
7 29
     0.000220566443273    -0.001518644093585     0.000000000000000
    -0.001518619493214     0.002011939572079     0.000000000000000
     0.000000000000000     0.000000000000000    -0.000039989738371
7 30
     0.000015004437791    -0.000063610881918     0.000000000000000
    -0.000063612245074     0.000091959008778     0.000000000000000
     0.000000000000000     0.000000000000000    -0.000001054927309
7 31
    -0.017018642893978     0.020054191886302    -0.000000000000000
     0.020061372616269    -0.022465092674491     0.000000000000000
     0.000000000000000     0.000000000000000     0.373407480792405
7 32
     0.040244011167160     0.129784255973135     0.000000000000000
     0.129815114211689    -0.839045929653385     0.000000000000000
     0.000000000000000     0.000000000000000    -0.448487123965951
7 33
     0.000930074458486     0.000111815690800     0.000000000000000
     0.000111824689444    -0.000143113425095     0.000000000000000
     0.000000000000000     0.000000000000000    -0.000007648766951
7 34
     0.000708827657178    -0.000170855514457     0.000000000000000
    -0.000170845366326    -0.000100382275219     0.000000000000000
     0.000000000000000     0.000000000000000    -0.000013587562370
7 35
    -0.000240140703688     0.000007292417524     0.000000000000000
     0.000007301192706     0.001465658120625    -0.000000000000000
     0.000000000000000     0.000000000000000    -0.000014511537605
7 36
    -0.000462383751396     0.000012117860568    -0.000000000000000
     0.000011954689292    -0.000420684934108     0.000000000000000
     0.000000000000000     0.000000000000000     0.000031915310712
7 37
   -10.936684550744882    -1.289084461552761     0.000000000000000
     0.936329289558073   -45.566258237592969     0.000000000000000
     0.000000000000000     0.000000000000000   -14.555331310629635
7 38
    -2.881166746981223     1.825811384130140     0.000000000000000
     1.825811452048993    -0.772901319534222     0.000000000000000
     0.000000000000000     0.000000000000000    -1.292044748338313
7 39
   -36.756117327825876   -13.970526932181741     0.000000000000000
   -16.195941250938972   -19.746825460511964     0.000000000000000
     0.000000000000000     0.000000000000000   -14.555331310629635
7 40
     0.000227265323862    -0.000260488048472     0.000000000000000
    -0.000260491675699     0.000188027181253     0.000000000000000
     0.000000000000000     0.000000000000000    -0.000004445963661
7 41
     0.000091344232891    -0.000002111111806     0.000000000000000
    -0.000002111111885     0.000088906530907     0.000000000000000
     0.000000000000000     0.000000000000000    -0.000004314422162
7 42
     0.000423427554900    -0.000147237351221     0.000000000000000
    -0.000147233739162    -0.000008135049784    -0.000000000000000
     0.000000000000000     0.000000000000000    -0.000004445963661
8 1
     0.000187376950116    -0.000713642351637     0.000000000000000
    -0.000713642378184    -0.000636666272856     0.000000000000000
     0.000000000000000     0.000000000000000     0.000095794636826
8 2
    -2.166573733128160     1.371289331694308     0.000000000000000
     1.371289382705271    -0.583145174095830     0.000000000000000
     0.000000000000000     0.000000000000000    -0.525939909229275
8 3
     0.000311102278781    -0.000363753584441     0.000000000000000
    -0.000363758712369     0.000261205376126     0.000000000000000
     0.000000000000000     0.000000000000000    -0.000006010895965
8 4
     0.000074184395590    -0.000207267162720     0.000000000000000
    -0.000207270673184     0.000313521971371    -0.000000000000000
     0.000000000000000     0.000000000000000    -0.000007301407544
8 5
     0.000588701667091    -0.000203486620251     0.000000000000000
    -0.000203481513423    -0.000016394012184    -0.000000000000000
     0.000000000000000     0.000000000000000    -0.000006010895965
8 6
     0.000433187725787    -0.000000000000000     0.000000000000000
     0.000000003502754    -0.000045481358826     0.000000000000000
     0.000000000000000     0.000000000000000    -0.000007301407544
8 7
   -26.105137373543378     7.382525149619537     0.000000000000000
     7.382525424244099   -17.580531450124806     0.000000000000000
     0.000000000000000     0.000000000000000   -18.945516030591254
8 8
    76.914660895830806     4.056015231115691     0.000000000000000
     4.056015381996470    81.598143953985627     0.000000000000001
     0.000000000000000     0.000000000000000    38.045556607859595
8 9
    -0.024233977315858     0.029462725120117    -0.000000000000000
     0.029472847293243    -0.032275815882852     0.000000000000000
     0.000000000000000     0.000000000000000     0.787549233864010
8 10
     0.000232845530966    -0.001535750923957     0.000000000000000
    -0.001535723799480     0.002006130902738    -0.000000000000000
     0.000000000000000     0.000000000000000    -0.000040172254627
8 11
    -0.055785207689295     0.011256735186319    -0.000000000000000
     0.011246614527928    -0.000724585509415     0.000000000000000
     0.000000000000000     0.000000000000000     0.787549233864010
8 12
     0.002892797128584    -0.000000000000000     0.000000000000000
    -0.000000027181605    -0.000653820694881     0.000000000000000
     0.000000000000000     0.000000000000000    -0.000040172254627
8 13
    -0.515745579655019    -0.889186618686676    -0.000000000000000
     0.925990698539644     1.602507358276878     0.000000000000000
     0.000000000000000     0.000000000000000     1.484079040810449
8 14
     1.402621308018021    -0.050799478494126    -0.000000000000000
    -2.530728230888356     0.091732104327240     0.000000000000000
     0.000000000000000     0.000000000000000     1.742742005626216
8 15
     0.000064308099856    -0.000261211860989     0.000000000000000
    -0.000261217107801     0.000366016853014     0.000000000000000
     0.000000000000000     0.000000000000000    -0.000006831667030
8 16
     0.000069017046818    -0.000097368327474     0.000000000000000
    -0.000097370185654     0.000079381211697     0.000000000000000
     0.000000000000000     0.000000000000000    -0.000001506627654
8 17
     0.000598926557584     0.000205930958918     0.000000000000000
     0.000205932221900    -0.000018535248506     0.000000000000000
     0.000000000000000     0.000000000000000    -0.000006064391425
8 18
     0.000942463224884     0.000593504303173     0.000000000000000
     0.000593495355844     0.000022116505998     0.000000000000000
     0.000000000000000     0.000000000000000    -0.000034466312095
8 19
   -14.146289935299105     1.100323912866257     0.000000000000000
     0.662934158429811   -45.523451921830954    -0.000000000000000
     0.000000000000000     0.000000000000000   -15.476772802643138
8 20
    -0.002726002911037     0.008880845609140    -0.000000000000000
     0.008885094574457    -0.022517089408113     0.000000000000000
     0.000000000000000     0.000000000000000     0.495930568003727
8 21
    -0.000319272129161    -0.000695885282553     0.000000000000000
    -0.000695880335725     0.002307591449526    -0.000000000000000
     0.000000000000000     0.000000000000000    -0.000033353162517
8 22
    -0.000004804341402    -0.000007270187516     0.000000000000000
    -0.000007269933324     0.000103974100393    -0.000000000000000
     0.000000000000000     0.000000000000000    -0.000000992834011
8 23
     0.000925962439520    -0.000104296342608     0.000000000000000
    -0.000104284316481    -0.000147393072643    -0.000000000000000
     0.000000000000000     0.000000000000000    -0.000007340793695
8 24
     0.000161186024951     0.000010780192722     0.000000000000000
     0.000010781916567    -0.000025609113343     0.000000000000000
     0.000000000000000     0.000000000000000    -0.000001249922359
8 25
   -38.442674570305869   -13.364589814679842     0.000000000000000
   -12.927200516465124   -21.227067286824187    -0.000000000000000
     0.000000000000000     0.000000000000000   -15.476772802643138
8 26
    -0.025262195544364    -0.004126182397418    -0.000000000000000
    -0.004130431185865     0.000019103225215    -0.000000000000000
     0.000000000000000     0.000000000000000     0.495930568003727
8 27
     0.002253527745625     0.000789526362812     0.000000000000000
     0.000789521419468    -0.000265208425261    -0.000000000000000
     0.000000000000000     0.000000000000000    -0.000033353162517
8 28
     0.000083075546955     0.000043467543201     0.000000000000000
     0.000043467290357     0.000016094212036     0.000000000000000
     0.000000000000000     0.000000000000000    -0.000000992834011
8 29
     0.000211263880153    -0.000516915710567     0.000000000000000
    -0.000516927759803     0.000567305486725     0.000000000000000
     0.000000000000000     0.000000000000000    -0.000007340793695
8 30
     0.000011753004029    -0.000075493277085     0.000000000000000
    -0.000075495003337     0.000123823907579     0.000000000000000
     0.000000000000000     0.000000000000000    -0.000001249922359
8 31
     1.057007504355331     1.834020063626639    -0.000000000000000
     0.018842781547434     0.029754274266526     0.000000000000000
     0.000000000000000     0.000000000000000     1.484079040810449
8 32
     1.537288673726229    -2.452977898350549    -0.000000000000000
     0.026950760904987    -0.042935261380968     0.000000000000000
     0.000000000000000     0.000000000000000     1.742742005626216
8 33
     0.000516808044047     0.000000033861644     0.000000000000000
     0.000000039098740    -0.000086483091177    -0.000000000000000
     0.000000000000000     0.000000000000000    -0.000006831667030
8 34
     0.000161114420209    -0.000044197739702     0.000000000000000
    -0.000044195886788    -0.000012716161695     0.000000000000000
     0.000000000000000     0.000000000000000    -0.000001506627654
8 35
    -0.000042511785719    -0.000164402379047     0.000000000000000
    -0.000164403640484     0.000622903094797     0.000000000000000
     0.000000000000000     0.000000000000000    -0.000006064391425
8 36
    -0.000261782743777    -0.000101776387478     0.000000000000000
    -0.000101767421857     0.001226362474659    -0.000000000000000
     0.000000000000000     0.000000000000000    -0.000034466312095
8 37
     1.079927278854609     0.024869074022322    -0.000000000000000
     1.872441716811517     0.042379743933967     0.000000000000000
     0.000000000000000     0.000000000000000     1.679504879439632
8 38
    -0.000156621141861    -0.000475884147274     0.000000000000000
    -0.000475884164976    -0.000706124833145     0.000000000000000
     0.000000000000000     0.000000000000000     0.000086961101675
8 39
    -0.519793029323972     0.948842713781644    -0.000000000000000
    -0.898729892786182     1.642100052112548     0.000000000000000
     0.000000000000000     0.000000000000000     1.679504879439632
8 40
     0.000844714963053    -0.001130819020933     0.000000000000000
    -0.001130834108610     0.000708796203224     0.000000000000000
     0.000000000000000     0.000000000000000    -0.000027812810840
8 41
     0.000214518972773    -0.000125336606580     0.000000000000000
    -0.000125336611243     0.000069792722985     0.000000000000000
     0.000000000000000     0.000000000000000    -0.000003067819842
8 42
     0.001722100425548    -0.000624275343012     0.000000000000000
    -0.000624260320623    -0.000168589259271     0.000000000000000
     0.000000000000000     0.000000000000000    -0.000027812810840
9 1
     0.000087871073264    -0.000101550482064     0.000000000000000
    -0.000101549590451     0.000205129930708    -0.000000000000000
     0.000000000000000     0.000000000000000    -0.000006137258707
9 2
     0.000311110127099    -0.000363755369763     0.000000000000000
    -0.000363754173568     0.000261204367281    -0.000000000000000
     0.000000000000000     0.000000000000000    -0.000006010769631
9 3
    -0.000214208171691     0.000000000003450     0.000000000000000
    -0.000000000021634     0.001343076736363    -0.000000000000000
     0.000000000000000     0.000000000000000    -0.000012721554928
9 4
    -0.001048687855084     0.000000000016892     0.000000000000000
    -0.000000000009655     0.000599398578325     0.000000000000000
     0.000000000000000     0.000000000000000     0.000095794636826
9 5
     0.000087871069992     0.000101550479233     0.000000000000000
     0.000101549583843     0.000205129927437    -0.000000000000000
     0.000000000000000     0.000000000000000    -0.000006137258707
9 6
     0.000311110115380     0.000363755359741    -0.000000000000000
     0.000363754165153     0.000261204355562    -0.000000000000000
     0.000000000000000     0.000000000000000    -0.000006010769631
9 7
     1.121265895386748     0.026781646020096    -0.000000000000000
     1.846058009455386     0.040129601393631     0.000000000000000
     0.000000000000000     0.000000000000000     1.545466778524675
9 8
    -0.024245469837304     0.029473187137938    -0.000000000000000
     0.029466211664014    -0.032269777709100     0.000000000000000
     0.000000000000000     0.000000000000000     0.787531285163695
9 9
    83.831436325787664    -0.000001350336440     0.000000000000000
    -0.000001189070218    73.819726702368371     0.000000000000001
     0.000000000000000     0.000000000000000    39.077251306788568
9 10
   -13.318167467176620     0.000000214525806     0.000000000000000
     0.000000489151301   -30.367438428608658     0.000000000000000
     0.000000000000000     0.000000000000000   -18.945617136051961
9 11
     1.121265896249531    -0.026781682142255    -0.000000000000000
    -1.846058010748185     0.040129660865341     0.000000000000000
     0.000000000000000     0.000000000000000     1.545466778524675
9 12
    -0.024245468887811    -0.029473186356858    -0.000000000000000
    -0.029466210624426    -0.032269776759831     0.000000000000000
     0.000000000000000     0.000000000000000     0.787531285163695
9 13
     0.001045527615812    -0.000734979791463     0.000000000000000
    -0.000734988538762     0.000179989800655     0.000000000000000
     0.000000000000000     0.000000000000000    -0.000014511537605
9 14
    -0.000420685906640    -0.000012119559272    -0.000000000000000
    -0.000011956386652    -0.000462382779640     0.000000000000000
     0.000000000000000     0.000000000000000     0.000031915310712
9 15
    -0.003732931351673     0.012390863228068    -0.000000000000000
     0.012383683529573    -0.035750805509140     0.000000000000000
     0.000000000000000     0.000000000000000     0.373407480792405
9 16
    -0.506813612793992     0.445658994580645     0.000000000000000
     0.445628129421383    -0.291988314055361    -0.000000000000000
     0.000000000000000     0.000000000000000    -0.448487123965951
9 17
     0.000222022656522     0.000520618578676     0.000000000000000
     0.000520609568985     0.000564938369665    -0.000000000000000
     0.000000000000000     0.000000000000000    -0.000007648766951
9 18
    -0.000046040616730     0.000264978039479     0.000000000000000
     0.000264967868780     0.000654486009697    -0.000000000000000
     0.000000000000000     0.000000000000000    -0.000013587562370
9 19
     0.000248922595579    -0.001534990905155     0.000000000000000
    -0.001535015561409     0.001983583517619    -0.000000000000000
     0.000000000000000     0.000000000000000    -0.000039989738371
9 20
     0.000017631136627    -0.000065128769739     0.000000000000000
    -0.000065127408892     0.000089332314041    -0.000000000000000
     0.000000000000000     0.000000000000000    -0.000001054927309
9 21
     1.077683080830075    -1.796659637862438    -0.000000000000000
    -0.000370127814181    -0.002062474906869     0.000000000000000
     0.000000000000000     0.000000000000000     2.877498212647438
9 22
     0.000061792863643     0.000571346381753     0.000000000000000
     0.000571345647245     0.000847833005067    -0.000000000000000
     0.000000000000000     0.000000000000000    -0.000029456778269
9 23
    -0.000882245481059     0.000104545047269     0.000000000000000
     0.000104419106672    -0.001006042034190     0.000000000000000
     0.000000000000000     0.000000000000000     0.000173372243267
9 24
     0.000173658133755     0.000073732851854     0.000000000000000
     0.000073734321323    -0.000000229941599     0.000000000000000
     0.000000000000000     0.000000000000000    -0.000001857312742
9 25
    -0.000882245477691    -0.000104545018847    -0.000000000000000
    -0.000104419074262    -0.001006042030827     0.000000000000000
     0.000000000000000     0.000000000000000     0.000173372243267
9 26
     0.000173658136130    -0.000073732857448     0.000000000000000
    -0.000073734321315    -0.000000229939224    -0.000000000000000
     0.000000000000000     0.000000000000000    -0.000001857312742
9 27
     0.000248922546129     0.001534990897135     0.000000000000000
     0.001535015497507     0.001983583468168    -0.000000000000000
     0.000000000000000     0.000000000000000    -0.000039989738371
9 28
     0.000017631134529     0.000065128769171     0.000000000000000
     0.000065127406014     0.000089332311943    -0.000000000000000
     0.000000000000000     0.000000000000000    -0.000001054927309
9 29
     1.077683022949766     1.796659603144323    -0.000000000000000
     0.000370127880622    -0.002062474918796     0.000000000000000
     0.000000000000000     0.000000000000000     2.877498212647438
9 30
     0.000061792882049    -0.000571346383744    -0.000000000000000
    -0.000571345674558     0.000847833023474    -0.000000000000000
     0.000000000000000     0.000000000000000    -0.000029456778269
9 31
     0.000222022673294    -0.000520618585829     0.000000000000000
    -0.000520609587184     0.000564938386437     0.000000000000000
     0.000000000000000     0.000000000000000    -0.000007648766951
9 32
    -0.000046040608194    -0.000264978037995     0.000000000000000
    -0.000264967889865     0.000654486018233    -0.000000000000000
     0.000000000000000     0.000000000000000    -0.000013587562370
9 33
     0.001045527592134     0.000734979757781    -0.000000000000000
     0.000734988532963     0.000179989776977    -0.000000000000000
     0.000000000000000     0.000000000000000    -0.000014511537605
9 34
    -0.000420685907031     0.000012119572825    -0.000000000000000
     0.000011956401548    -0.000462382780025     0.000000000000000
     0.000000000000000     0.000000000000000     0.000031915310712
9 35
    -0.003732930952495    -0.012390863107809    -0.000000000000000
    -0.012383682377842    -0.035750805110193     0.000000000000000
     0.000000000000000     0.000000000000000     0.373407480792405
9 36
    -0.506813598436860    -0.445658978253383     0.000000000000000
    -0.445628120014829    -0.291988299699221    -0.000000000000000
     0.000000000000000     0.000000000000000    -0.448487123965951
9 37
   -37.061611527976623    16.019564088965591     0.000000000000000
    13.794149770208360   -19.441331248997113    -0.000000000000000
     0.000000000000000     0.000000000000000   -14.555331310629635
9 38
   -37.061611011898187   -16.019562895006693     0.000000000000000
   -13.794149143895860   -19.441330804611447    -0.000000000000000
     0.000000000000000     0.000000000000000   -14.555331310629635
9 39
     0.281231386343081    -0.000000004530008     0.000000000000000
     0.000000063388845    -3.935299570497422    -0.000000000000000
     0.000000000000000     0.000000000000000    -1.292044748338313
9 40
    -0.000027754118490    -0.000113256126269    -0.000000000000000
    -0.000113252514209     0.000443046640389    -0.000000000000000
     0.000000000000000     0.000000000000000    -0.000004445963661
9 41
    -0.000027754122139     0.000113256127163     0.000000000000000
     0.000113252499936     0.000443046636741    -0.000000000000000
     0.000000000000000     0.000000000000000    -0.000004445963661
9 42
     0.000087687677468    -0.000000000001412     0.000000000000000
    -0.000000000001491     0.000092563086466    -0.000000000000000
     0.000000000000000     0.000000000000000    -0.000004314422162
10 1
    -0.000041342459777    -0.000160274639591    -0.000000000000000
    -0.000160269532763     0.000613650138121    -0.000000000000000
     0.000000000000000     0.000000000000000    -0.000006010895965
10 2
     0.000074187430333    -0.000207272423829     0.000000000000000
    -0.000207268921075     0.000313518949983    -0.000000000000000
     0.000000000000000     0.000000000000000    -0.000007301407544
10 3
    -0.001048687855084     0.000000000016892     0.000000000000000
    -0.000000000009655     0.000599398578325     0.000000000000000
     0.000000000000000     0.000000000000000     0.000095794636826
10 4
     0.208569099601375    -0.000000003359582     0.000000000000000
     0.000000047651382    -2.958288095178939    -0.000000000000000
     0.000000000000000     0.000000000000000    -0.525939909229275
10 5
    -0.000041342464940     0.000160274640923     0.000000000000000
     0.000160269512994     0.000613650132958    -0.000000000000000
     0.000000000000000     0.000000000000000    -0.000006010895965
10 6
     0.000074187423655     0.000207272421439    -0.000000000000000
     0.000207268910975     0.000313518943305    -0.000000000000000
     0.000000000000000     0.000000000000000    -0.000007301407544
10 7
    -0.004745504954017     0.018221172133734     0.000000000000000
     0.018211051475342    -0.051764290143333     0.000000000000000
     0.000000000000000     0.000000000000000     0.787549233864010
10 8
     0.000232822009247    -0.001535710198146     0.000000000000000
    -0.001535737379751     0.002006154523406     0.000000000000000
     0.000000000000000     0.000000000000000    -0.000040172254627
10 9
   -13.318228116844240     0.000000214526783     0.000000000000000
     0.000000489151344   -30.367441182487603    -0.000000000000000
     0.000000000000000     0.000000000000000   -18.945516030591254
10 10
    83.939883141186357    -0.000001352083288     0.000000000000001
    -0.000001201202501    74.572921447296935     0.000000000000000
     0.000000000000000     0.000000000000000    38.045556607859595
10 11
    -0.004745504367012    -0.018221171980855     0.000000000000000
    -0.018211049807729    -0.051764289556654     0.000000000000000
     0.000000000000000     0.000000000000000     0.787549233864010
10 12
     0.000232821959773     0.001535710190646    -0.000000000000000
     0.001535737315122     0.002006154473931    -0.000000000000000
     0.000000000000000     0.000000000000000    -0.000040172254627
10 13
     0.000314172188953    -0.000370335236340     0.000000000000000
    -0.000370333973358     0.000266219130718    -0.000000000000000
     0.000000000000000     0.000000000000000    -0.000006064391425
10 14
     0.000766189105039    -0.000695267268281     0.000000000000000
    -0.000695276215610     0.000198390632400    -0.000000000000000
     0.000000000000000     0.000000000000000    -0.000034466312095
10 15
     1.088880712846203     0.000440740615973    -0.000000000000000
     1.815618057842293    -0.002118993915272     0.000000000000000
     0.000000000000000     0.000000000000000     1.484079040810449
10 16
    -0.698379864967373     1.317714615535909    -0.000000000000000
    -1.162214136858320     2.192733355468339     0.000000000000000
     0.000000000000000     0.000000000000000     1.742742005626216
10 17
     0.000064371279398     0.000261253584527     0.000000000000000
     0.000261248337715     0.000365953673470    -0.000000000000000
     0.000000000000000     0.000000000000000    -0.000006831667030
10 18
    -0.000007534079901     0.000053173371214     0.000000000000000
     0.000053171513034     0.000155932341263    -0.000000000000000
     0.000000000000000     0.000000000000000    -0.000001506627654
10 19
     0.000030627736436    -0.000412637424974    -0.000000000000000
    -0.000412625398847     0.000747941663748    -0.000000000000000
     0.000000000000000     0.000000000000000    -0.000007340793695
10 20
     0.000030426338973    -0.000086276057870     0.000000000000000
    -0.000086274334025     0.000105150577499    -0.000000000000000
     0.000000000000000     0.000000000000000    -0.000001249922359
10 21
   -36.915647027734572   -13.808828849530926    -0.000000000000000
   -14.246218603967371   -22.754093982392000    -0.000000000000000
     0.000000000000000     0.000000000000000   -15.476772802643138
10 22
    -0.009876439538159    -0.013013401162734    -0.000000000000000
    -0.013009152197417    -0.015366652514999     0.000000000000000
     0.000000000000000     0.000000000000000     0.495930568003727
10 23
     0.001048223310911     0.001485404210852    -0.000000000000000
     0.001485409157679     0.000940095958584    -0.000000000000000
     0.000000000000000     0.000000000000000    -0.000033353162517
10 24
     0.000070483430150     0.000050737349305    -0.000000000000000
     0.000050737603496     0.000028686326041    -0.000000000000000
     0.000000000000000     0.000000000000000    -0.000000992834011
10 25
     0.001048223358764    -0.001485404244621    -0.000000000000000
    -0.001485409187964     0.000940096006437    -0.000000000000000
     0.000000000000000     0.000000000000000    -0.000033353162517
10 26
     0.000070483431784    -0.000050737351575     0.000000000000000
    -0.000050737604420     0.000028686327675    -0.000000000000000
     0.000000000000000     0.000000000000000    -0.000000992834011
10 27
     0.000030627723142     0.000412637423988     0.000000000000000
     0.000412625374752     0.000747941650455    -0.000000000000000
     0.000000000000000     0.000000000000000    -0.000007340793695
10 28
     0.000030426336194     0.000086276056890     0.000000000000000
     0.000086274330637     0.000105150574720    -0.000000000000000
     0.000000000000000     0.000000000000000    -0.000001249922359
10 29
   -36.915647472593079    13.808830038787519    -0.000000000000000
    14.246219337002238   -22.754094441341323    -0.000000000000000
     0.000000000000000     0.000000000000000   -15.476772802643138
10 30
    -0.009876439957393     0.013013401480909    -0.000000000000000
     0.013009152692462    -0.015366652934096     0.000000000000000
     0.000000000000000     0.000000000000000     0.495930568003727
10 31
     0.000064371287814    -0.000261253586601    -0.000000000000000
    -0.000261248349505     0.000365953681886    -0.000000000000000
     0.000000000000000     0.000000000000000    -0.000006831667030
10 32
    -0.000007534078188    -0.000053173370971     0.000000000000000
    -0.000053171518057     0.000155932342976    -0.000000000000000
     0.000000000000000     0.000000000000000    -0.000001506627654
10 33
     0.000314172177022     0.000370335226219     0.000000000000000
     0.000370333964782     0.000266219118788    -0.000000000000000
     0.000000000000000     0.000000000000000    -0.000006064391425
10 34
     0.000766189082641     0.000695267243598    -0.000000000000000
     0.000695276209219     0.000198390610002    -0.000000000000000
     0.000000000000000     0.000000000000000    -0.000034466312095
10 35
     1.088880712860401    -0.000440775694827    -0.000000000000000
    -1.815618057774031    -0.002118935424200     0.000000000000000
     0.000000000000000     0.000000000000000     1.484079040810449
10 36
    -0.698379822516522    -1.317714593037241     0.000000000000000
     1.162214066218295     2.192733318027015     0.000000000000000
     0.000000000000000     0.000000000000000     1.742742005626216
10 37
     1.123326223554811     1.847385253391046     0.000000000000000
    -0.000187353176780    -0.001019261889072     0.000000000000000
     0.000000000000000     0.000000000000000     1.679504879439632
10 38
     1.123326283069273    -1.847385289579581    -0.000000000000000
     0.000187353209614    -0.001019261895105     0.000000000000000
     0.000000000000000     0.000000000000000     1.679504879439632
10 39
    -0.000980876651421     0.000000000015800     0.000000000000000
    -0.000000000001903     0.000118130707076     0.000000000000000
     0.000000000000000     0.000000000000000     0.000086961101675
10 40
    -0.000236548624426    -0.000506566256661     0.000000000000000
    -0.000506551234272     0.001790059863563    -0.000000000000000
     0.000000000000000     0.000000000000000    -0.000027812810840
10 41
    -0.000236548640746     0.000506566264281     0.000000000000000
     0.000506551176604     0.001790059847245    -0.000000000000000
     0.000000000000000     0.000000000000000    -0.000027812810840
10 42
    -0.000002570401838     0.000000000000041     0.000000000000000
    -0.000000000004621     0.000286882105672    -0.000000000000000
     0.000000000000000     0.000000000000000    -0.000003067819842
11 1
     0.000263760112784     0.000000000004249    -0.000000000000000
    -0.000000000891141     0.000029240878102    -0.000000000000000
     0.000000000000000     0.000000000000000    -0.000006137258707
11 2
     0.000588701647397    -0.000203486616438    -0.000000000000000
    -0.000203487811025    -0.000016387186781     0.000000000000000
     0.000000000000000     0.000000000000000    -0.000006010769631
11 3
     0.000087870301105     0.000101549144645    -0.000000000000000
     0.000101550036258     0.000205130702866    -0.000000000000000
     0.000000000000000     0.000000000000000    -0.000006137258707
11 4
    -0.000041340067203     0.000160266955227    -0.000000000000000
     0.000160268151422     0.000613654574694    -0.000000000000000
     0.000000000000000     0.000000000000000    -0.000006010769631
11 5
     0.000953755464005     0.000674324153649    -0.000000000000000
     0.000674324128564     0.000175113057220    -0.000000000000000
     0.000000000000000     0.000000000000000    -0.000012721554928
11 6
     0.000187376956384     0.000713642374565     0.000000000000000
     0.000713642348018    -0.000636666279123     0.000000000000000
     0.000000000000000     0.000000000000000     0.000095794636826
11 7
    -0.500549641954068     0.909702355774546     0.000000000000000
    -0.909573972831385     1.661945259399292     0.000000000000000
     0.000000000000000     0.000000000000000     1.545466778524675
11 8
    -0.055785205951590     0.011256734601794     0.000000000000000
     0.011263710334225    -0.000730038522796     0.000000000000000
     0.000000000000000     0.000000000000000     0.787531285163695
11 9
     1.121377018117028    -1.845993852715954     0.000000000000000
    -0.026717489280664     0.040018478659220     0.000000000000000
     0.000000000000000     0.000000000000000     1.545466778524675
11 10
    -0.004742191992396    -0.018205988740740     0.000000000000000
    -0.018212964214665    -0.051773056279515     0.000000000000000
     0.000000000000000     0.000000000000000     0.787531285163695
11 11
    76.322650949098104    -4.335198150081922     0.000000000000001
    -4.335197988815697    81.328512358379243     0.000000000000000
     0.000000000000000     0.000000000000000    39.077251306788568
11 12
   -26.105119536314685    -7.382550845695697     0.000000000000000
    -7.382550571070205   -17.580485883805302     0.000000000000000
     0.000000000000000     0.000000000000000   -18.945617136051961
11 13
     0.000930074430737    -0.000111815678938    -0.000000000000000
    -0.000111824688629    -0.000143113430889    -0.000000000000000
     0.000000000000000     0.000000000000000    -0.000007648766951
11 14
     0.000708827640154     0.000170855530641    -0.000000000000000
     0.000170845359943    -0.000100382275268    -0.000000000000000
     0.000000000000000     0.000000000000000    -0.000013587562370
11 15
    -0.000240140697106    -0.000007292421596     0.000000000000000
    -0.000007301168894     0.001465658161398    -0.000000000000000
     0.000000000000000     0.000000000000000    -0.000014511537605
11 16
    -0.000462383738691    -0.000012117868354     0.000000000000000
    -0.000011954695735    -0.000420684946038     0.000000000000000
     0.000000000000000     0.000000000000000     0.000031915310712
11 17
    -0.017018642742195    -0.020054192719935     0.000000000000000
    -0.020061372418430    -0.022465093624399     0.000000000000000
     0.000000000000000     0.000000000000000     0.373407480792405
11 18
     0.040244007953841    -0.129784258945805    -0.000000000000000
    -0.129815124105066    -0.839045955153337    -0.000000000000000
     0.000000000000000     0.000000000000000    -0.448487123965951
11 19
    -0.000884608736626    -0.000105783532935     0.000000000000000
    -0.000105909473532    -0.001003678778536    -0.000000000000000
     0.000000000000000     0.000000000000000     0.000173372243267
11 20
     0.000107097235155    -0.000112163274761     0.000000000000000
    -0.000112161805292     0.000066330959476    -0.000000000000000
     0.000000000000000     0.000000000000000    -0.000001857312742
11 21
     0.000220566461581     0.001518644139507    -0.000000000000000
     0.001518619483253     0.002011939652673    -0.000000000000000
     0.000000000000000     0.000000000000000    -0.000039989738371
11 22
     0.000015004438397     0.000063610883934    -0.000000000000000
     0.000063612244781     0.000091959012369    -0.000000000000000
     0.000000000000000     0.000000000000000    -0.000001054927309
11 23
    -0.510262785658408    -0.916430862713662     0.000000000000000
     0.879858647334596     1.585883450652038     0.000000000000000
     0.000000000000000     0.000000000000000     2.877498212647438
11 24
     0.001146123099761     0.000054692718113    -0.000000000000000
     0.000054691983604    -0.000236497271387    -0.000000000000000
     0.000000000000000     0.000000000000000    -0.000029456778269
11 25
     0.002879269921362    -0.000016383704107    -0.000000000000000
    -0.000016359103736    -0.000646764004912    -0.000000000000000
     0.000000000000000     0.000000000000000    -0.000039989738371
11 26
     0.000127809592403    -0.000001515842518    -0.000000000000000
    -0.000001517205675    -0.000020846150030    -0.000000000000000
     0.000000000000000     0.000000000000000    -0.000001054927309
11 27
     1.046010584344590    -0.018656219175329     0.000000000000000
    -1.814945694439030     0.029609964864575     0.000000000000000
     0.000000000000000     0.000000000000000     2.877498212647438
11 28
     0.000156522798070     0.000626038018091    -0.000000000000000
     0.000626038727276     0.000753103103929     0.000000000000000
     0.000000000000000     0.000000000000000    -0.000029456778269
11 29
    -0.001065576969347    -0.000001427413766     0.000000000000000
    -0.000001301469180    -0.000822710532351     0.000000000000000
     0.000000000000000     0.000000000000000     0.000173372243267
11 30
    -0.000020613080708    -0.000038428220108    -0.000000000000000
    -0.000038429683975     0.000194041284841    -0.000000000000000
     0.000000000000000     0.000000000000000    -0.000001857312742
11 31
     0.001032889155177    -0.000742285338079    -0.000000000000000
    -0.000742276562897     0.000192628214404     0.000000000000000
     0.000000000000000     0.000000000000000    -0.000014511537605
11 32
    -0.000441533346356    -0.000023992676478     0.000000000000000
    -0.000024155847755    -0.000441535339924     0.000000000000000
     0.000000000000000     0.000000000000000     0.000031915310712
11 33
    -0.038474028252703    -0.007674099873443     0.000000000000000
    -0.007666919143476    -0.001009706517642     0.000000000000000
     0.000000000000000     0.000000000000000     0.373407480792405
11 34
    -0.731633243641796     0.315828434922418    -0.000000000000000
     0.315859293160972    -0.067168646131160    -0.000000000000000
     0.000000000000000     0.000000000000000    -0.448487123965951
11 35
     0.000028344426293     0.000408789397063     0.000000000000000
     0.000408798395707     0.000758616640642    -0.000000000000000
     0.000000000000000     0.000000000000000    -0.000007648766951
11 36
     0.000249881029555     0.000435818330256    -0.000000000000000
     0.000435828478387     0.000358564369476    -0.000000000000000
     0.000000000000000     0.000000000000000    -0.000013587562370
11 37
    -2.881166696007976    -1.825811481478405    -0.000000000000000
    -1.825811413559552    -0.772901370507463    -0.000000000000000
     0.000000000000000     0.000000000000000    -1.292044748338313
11 38
   -10.936684224853124     1.289084321352082    -0.000000000000000
    -0.936329997405149   -45.566259523948787    -0.000000000000000
     0.000000000000000     0.000000000000000   -14.555331310629635
11 39
   -36.756116077316520    13.970526729893292    -0.000000000000000
    16.195940481004126   -19.746825750557370    -0.000000000000000
     0.000000000000000     0.000000000000000   -14.555331310629635
11 40
     0.000091344230377     0.000002111113337    -0.000000000000000
     0.000002111113258     0.000088906533421    -0.000000000000000
     0.000000000000000     0.000000000000000    -0.000004314422162
11 41
     0.000227265321717     0.000260488059401    -0.000000000000000
     0.000260491671460     0.000188027190695     0.000000000000000
     0.000000000000000     0.000000000000000    -0.000004445963661
11 42
     0.000423427545458     0.000147237362149    -0.000000000000000
     0.000147233734923    -0.000008135047640    -0.000000000000000
     0.000000000000000     0.000000000000000    -0.000004445963661
12 1
     0.000588701653944     0.000203486635411    -0.000000000000000
     0.000203481507482    -0.000016394009364    -0.000000000000000
     0.000000000000000     0.000000000000000    -0.000006010895965
12 2
     0.000433187713701     0.000000000006978    -0.000000000000000
    -0.000000003503486    -0.000045481360095     0.000000000000000
     0.000000000000000     0.000000000000000    -0.000007301407544
12 3
     0.000311102275961     0.000363753599600    -0.000000000000000
     0.000363758706428     0.000261205389272     0.000000000000000
     0.000000000000000     0.000000000000000    -0.000006010895965
12 4
     0.000074184396859     0.000207267169698    -0.000000000000000
     0.000207270672452     0.000313521983456    -0.000000000000000
     0.000000000000000     0.000000000000000    -0.000007301407544
12 5
     0.000187376956384     0.000713642374565     0.000000000000000
     0.000713642348018    -0.000636666279123     0.000000000000000
     0.000000000000000     0.000000000000000     0.000095794636826
12 6
    -2.166573694770336    -1.371289404851167    -0.000000000000000
    -1.371289353840203    -0.583145212453650    -0.000000000000000
     0.000000000000000     0.000000000000000    -0.525939909229275
12 7
    -0.055785206314239    -0.011256736398950     0.000000000000000
    -0.011246614225825    -0.000724585710788    -0.000000000000000
     0.000000000000000     0.000000000000000     0.787549233864010
12 8
     0.002892797047877     0.000000000046596    -0.000000000000000
     0.000000027171073    -0.000653820713121     0.000000000000000
     0.000000000000000     0.000000000000000    -0.000040172254627
12 9
    -0.024233977114322    -0.029462726332466     0.000000000000000
    -0.029472846990857    -0.032275817258071    -0.000000000000000
     0.000000000000000     0.000000000000000     0.787549233864010
12 10
     0.000232845549207     0.001535750970554     0.000000000000000
     0.001535723788949     0.002006130983445    -0.000000000000000
     0.000000000000000     0.000000000000000    -0.000040172254627
12 11
   -26.105136764140283    -7.382525776083092    -0.000000000000000
    -7.382525501458531   -17.580532059527890    -0.000000000000000
     0.000000000000000     0.000000000000000   -18.945516030591254
12 12
    76.914658684620647    -4.056014105353828     0.000000000000001
    -4.056013954473045    81.598146165195857    -0.000000000000000
     0.000000000000000     0.000000000000000    38.045556607859595
12 13
     0.000516808029628    -0.000000033853320    -0.000000000000000
    -0.000000039100132    -0.000086483093591    -0.000000000000000
     0.000000000000000     0.000000000000000    -0.000006831667030
12 14
     0.000161114416426     0.000044197743530    -0.000000000000000
     0.000044195885350    -0.000012716161338    -0.000000000000000
     0.000000000000000     0.000000000000000    -0.000001506627654
12 15
    -0.000042511781885     0.000164402382949    -0.000000000000000
     0.000164403645931     0.000622903114824    -0.000000000000000
     0.000000000000000     0.000000000000000    -0.000006064391425
12 16
    -0.000261782734834     0.000101776386101    -0.000000000000000
     0.000101767438772     0.001226362510513    -0.000000000000000
     0.000000000000000     0.000000000000000    -0.000034466312095
12 17
     1.057007445323453    -1.834020097768779     0.000000000000000
    -0.018842780542459     0.029754274793144     0.000000000000000
     0.000000000000000     0.000000000000000     1.484079040810449
12 18
     1.537288670348688     2.452977991549559     0.000000000000000
    -0.026950760844670    -0.042935263012961     0.000000000000000
     0.000000000000000     0.000000000000000     1.742742005626216
12 19
     0.002253527670036    -0.000789526348540    -0.000000000000000
    -0.000789521401713    -0.000265208445377    -0.000000000000000
     0.000000000000000     0.000000000000000    -0.000033353162517
12 20
     0.000083075543937    -0.000043467543076    -0.000000000000000
    -0.000043467288885     0.000016094211785     0.000000000000000
     0.000000000000000     0.000000000000000    -0.000000992834011
12 21
     0.000211263882585     0.000516915728392    -0.000000000000000
     0.000516927754519     0.000567305510879     0.000000000000000
     0.000000000000000     0.000000000000000    -0.000007340793695
12 22
     0.000011753004917     0.000075493279380    -0.000000000000000
     0.000075495003226     0.000123823912250    -0.000000000000000
     0.000000000000000     0.000000000000000    -0.000001249922359
12 23
   -38.442673282502767    13.364589568319428    -0.000000000000000
    12.927199813882982   -21.227067670819601     0.000000000000000
     0.000000000000000     0.000000000000000   -15.476772802643138
12 24
    -0.025262194773099     0.004126182105619     0.000000000000000
     0.004130431070936     0.000019103292280     0.000000000000000
     0.000000000000000     0.000000000000000     0.495930568003727
12 25
     0.000925962415366     0.000104296360433    -0.000000000000000
     0.000104284311197    -0.000147393075075    -0.000000000000000
     0.000000000000000     0.000000000000000    -0.000007340793695
12 26
     0.000161186020281    -0.000010780190426    -0.000000000000000
    -0.000010781916679    -0.000025609114231    -0.000000000000000
     0.000000000000000     0.000000000000000    -0.000001249922359
12 27
   -14.146289558349128    -1.100324171429664    -0.000000000000000
    -0.662934873214944   -45.523453202588705     0.000000000000000
     0.000000000000000     0.000000000000000   -15.476772802643138
12 28
    -0.002726002978033    -0.008880845900820    -0.000000000000000
    -0.008885094689267    -0.022517090179446     0.000000000000000
     0.000000000000000     0.000000000000000     0.495930568003727
12 29
    -0.000319272109044     0.000695885296825    -0.000000000000000
     0.000695880353481     0.002307591525115    -0.000000000000000
     0.000000000000000     0.000000000000000    -0.000033353162517
12 30
    -0.000004804341151     0.000007270187641    -0.000000000000000
     0.000007269934796     0.000103974103411    -0.000000000000000
     0.000000000000000     0.000000000000000    -0.000000992834011
12 31
     0.000598926537557    -0.000205930955016    -0.000000000000000
    -0.000205932216453    -0.000018535252340    -0.000000000000000
     0.000000000000000     0.000000000000000    -0.000006064391425
12 32
     0.000942463189030    -0.000593504304551    -0.000000000000000
    -0.000593495338930     0.000022116497055    -0.000000000000000
     0.000000000000000     0.000000000000000    -0.000034466312095
12 33
    -0.515745550943199     0.889186635186993     0.000000000000000
    -0.925990646892211     1.602507388070322     0.000000000000000
     0.000000000000000     0.000000000000000     1.484079040810449
12 34
     1.402621269703922     0.050799502504484     0.000000000000000
     2.530728161760019     0.091732147650863    -0.000000000000000
     0.000000000000000     0.000000000000000     1.742742005626216
12 35
     0.000064308102269     0.000261211869313    -0.000000000000000
     0.000261217106409     0.000366016867433     0.000000000000000
     0.000000000000000     0.000000000000000    -0.000006831667030
12 36
     0.000069017046460     0.000097368331302    -0.000000000000000
     0.000097370184216     0.000079381215480    -0.000000000000000
     0.000000000000000     0.000000000000000    -0.000001506627654
12 37
    -0.000156621129826     0.000475884158028     0.000000000000000
     0.000475884140325    -0.000706124845180     0.000000000000000
     0.000000000000000     0.000000000000000     0.000086961101675
12 38
     1.079927248324645    -0.024869057320953     0.000000000000000
    -1.872441663888779     0.042379714955508    -0.000000000000000
     0.000000000000000     0.000000000000000     1.679504879439632
12 39
    -0.519793030105759    -0.948842748626536     0.000000000000000
     0.898729894162659     1.642100112402763     0.000000000000000
     0.000000000000000     0.000000000000000     1.679504879439632
12 40
     0.000214518968807     0.000125336613533    -0.000000000000000
     0.000125336608870     0.000069792726951    -0.000000000000000
     0.000000000000000     0.000000000000000    -0.000003067819842
12 41
     0.000844714957701     0.001130819066089    -0.000000000000000
     0.001130834088478     0.000708796241214    -0.000000000000000
     0.000000000000000     0.000000000000000    -0.000027812810840
12 42
     0.001722100387558     0.000624275388168    -0.000000000000000
     0.000624260300491    -0.000168589253919    -0.000000000000000
     0.000000000000000     0.000000000000000    -0.000027812810840
13 1
     1.045985203866642     1.814836093547343     0.000000000000000
     0.018597183514199     0.029506600181895     0.000000000000000
     0.000000000000001     0.000000000000001     2.877724647587916
13 2
   -14.146057072172745     0.663607398486438    -0.000000000000000
     1.099366711595922   -45.523470090263551    -0.000000000000001
    -0.000000000000014    -0.000000000000013   -15.478034606431665
13 3
     0.000248943827309    -0.001535027893168    -0.000000000000000
    -0.001535000338991     0.001983556854890    -0.000000000000000
    -0.000000000000000    -0.000000000000000    -0.000039993443721
13 4
     0.000030622435769    -0.000412619370122    -0.000000000000000
    -0.000412628864436     0.000747953094640    -0.000000000000000
    -0.000000000000000     0.000000000000000    -0.000007340318628
13 5
    -0.000884608759610    -0.000105783515746     0.000000000000000
    -0.000105680073822    -0.001003534545455     0.000000000000000
    -0.000000000000000    -0.000000000000000     0.000173500621207
13 6
     0.002253527745620    -0.000789526362813    -0.000000000000000
    -0.000789516156444    -0.000265234086764    -0.000000000000000
     0.000000000000000    -0.000000000000000    -0.000033353011442
13 7
    -0.038474029202501     0.007674099039607    -0.000000000000000
     0.007667237883854    -0.001009704381837     0.000000000000000
    -0.000000000000000     0.000000000000000     0.373399274727824
13 8
    -0.515746142381387     0.926110098153480     0.000000000000000
    -0.889144522666738     1.602635980241215     0.000000000000000
    -0.000000000000000     0.000000000000001     1.484092630329689
13 9
     0.001045520583183    -0.000734992953223    -0.000000000000000
    -0.000734993527870     0.000179982191121    -0.000000000000000
     0.000000000000000    -0.000000000000000    -0.000014512325408
13 10
     0.000314164148059    -0.000370333362151    -0.000000000000000
    -0.000370339186733     0.000266220558163    -0.000000000000000
     0.000000000000000    -0.000000000000000    -0.000006064447299
13 11
     0.000930074458483    -0.000111815690802    -0.000000000000000
    -0.000111803564529    -0.000143118985510    -0.000000000000000
     0.000000000000000    -0.000000000000000    -0.000007649160678
13 12
     0.000516808044051    -0.000000033861640    -0.000000000000000
    -0.000000028555501    -0.000086483121248    -0.000000000000000
     0.000000000000000    -0.000000000000000    -0.000006831747375
13 13
    78.083567164040687    -6.181234748456445     0.000000000000000
    -6.181231561417464    84.314439915806844     0.000000000000001
     0.000000000000057     0.000000000000023    26.643934909450756
13 14
     1.601002765683825    -0.058433759784283     0.000000000000000
     2.773822184461265    -0.101235955730634     0.000000000000000
     0.000000000000002    -0.000000000000000     1.927965228768413
13 15
    -0.000039805248469    -0.000165411302554    -0.000000000000000
    -0.000165412691347     0.000613057458913    -0.000000000000000
    -0.000000000000000     0.000000000000000    -0.000005997285142
13 16
     0.000023378111336    -0.000006365410477    -0.000000000000000
    -0.000006365434603     0.000032654509205    -0.000000000000000
     0.000000000000000     0.000000000000000    -0.000001314169378
13 17
     0.000593092253588    -0.000199990907781    -0.000000000000000
    -0.000199985823010    -0.000019847575040    -0.000000000000000
     0.000000000000000    -0.000000000000000    -0.000005997679998
13 18
     0.000115717033754     0.000028449073618    -0.000000000000000
     0.000028449582984    -0.000006429585348    -0.000000000000000
     0.000000000000000     0.000000000000000    -0.000001209304863
13 19
    -2.922328536094793    -1.848158483612066    -0.000000000000000
    -1.847975330593854    -0.780895265189359    -0.000000000000000
    -0.000000000000003    -0.000000000000001    -0.434818005304238
13 20
    -0.002957777512597    -0.009023206302613    -0.000000000000000
    -0.009024634005740    -0.021893966110255     0.000000000000000
    -0.000000000000000    -0.000000000000000     0.496740134003689
13 21
     0.000536280997248    -0.000355935351503    -0.000000000000000
    -0.000314066691515     0.000637961097287    -0.000000000000000
     0.000000000000000     0.000000000000000    -0.000007235152880
13 22
     0.000015970372084    -0.000052741314079    -0.000000000000000
    -0.000052742375876     0.000078416186076    -0.000000000000000
    -0.000000000000000    -0.000000000000000    -0.000001672617070
13 23
     0.000902659447724     0.000102537229373    -0.000000000000000
     0.000143643245996     0.000260523165832    -0.000000000000000
     0.000000000000000     0.000000000000000    -0.000007118089827
13 24
     0.001000272188408     0.000191038161471    -0.000000000000000
     0.000190897564645    -0.000392400455422    -0.000000000000000
     0.000000000000000    -0.000000000000000    -0.000033309717365
13 25
   -37.794378599305382    14.440705460667463    -0.000000000000000
    12.407038009294775   -22.293549710466088    -0.000000000000001
    -0.000000000000043    -0.000000000000000   -11.332108261083917
13 26
   -25.083118777607233    -8.643702688261804    -0.000000000000000
    -8.291181526056224   -16.759559688744950    -0.000000000000000
    -0.000000000000021    -0.000000000000007    -8.026933581615147
13 27
     0.000436396993027     0.000000000000002    -0.000000000000000
     0.000000003589703    -0.000046828641612    -0.000000000000000
     0.000000000000000    -0.000000000000000    -0.000007304440767
13 28
     0.000078996907598    -0.000038886648738    -0.000000000000000
    -0.000038886473374     0.000014779731929    -0.000000000000000
     0.000000000000000    -0.000000000000000    -0.000000965506910
13 29
     0.000087354481698    -0.000105020665068    -0.000000000000000
    -0.000105021719725     0.000208623719650    -0.000000000000000
     0.000000000000000    -0.000000000000000    -0.000006159197943
13 30
    -0.000039004925680    -0.000018771036085    -0.000000000000000
    -0.000018769907549     0.000272469222103    -0.000000000000000
    -0.000000000000000     0.000000000000000    -0.000002583906701
13 31
     1.109766163735093    -2.005499483763614    -0.000000000000000
     0.018790153710158    -0.037199966262441     0.000000000000000
     0.000000000000001    -0.000000000000003     1.333047048198694
13 32
    -0.000591591745736    -0.000075041570311     0.000000000000000
    -0.000074961292299    -0.000508626286949     0.000000000000000
    -0.000000000000000    -0.000000000000000     0.000042743224438
13 33
     0.002819580282649     0.000000000000000    -0.000000000000000
    -0.000000014093635    -0.000618978499934    -0.000000000000000
     0.000000000000000    -0.000000000000000    -0.000039046105385
13 34
     0.000166555008355     0.000047264463840    -0.000000000000000
     0.000047265283184    -0.000012794910863    -0.000000000000000
     0.000000000000000     0.000000000000000    -0.000001564701834
13 35
     0.000064319013053    -0.000261157649692    -0.000000000000000
    -0.000261163180098     0.000365887459478    -0.000000000000000
    -0.000000000000000    -0.000000000000000    -0.000006830453458
13 36
     0.000082463027363    -0.000295902100892    -0.000000000000000
    -0.000295911306695     0.000379310804124    -0.000000000000000
    -0.000000000000000    -0.000000000000000    -0.000008156491571
13 37
     0.001125875307834    -0.001147036101863    -0.000000000000000
    -0.001147017581869    -0.000278205624800     0.000000000000000
     0.000000000000000    -0.000000000000000     0.000001372881957
13 38
     0.000478701711440    -0.000165986473196    -0.000000000000000
    -0.000165982184654    -0.000016434695412    -0.000000000000000
     0.000000000000000    -0.000000000000000    -0.000004799068761
13 39
     0.002386358257012    -0.000042814913140    -0.000000000000000
    -0.000042809284378    -0.000491455273800    -0.000000000000000
     0.000000000000000    -0.000000000000000    -0.000039623066269
13 40
    -0.003219242807023     0.008474231078865    -0.000000000000000
     0.008478419115789    -0.023078609990182     0.000000000000000
    -0.000000000000000    -0.000000000000000     1.544666461274514
13 41
     0.000890717572489    -0.001261978724622    -0.000000000000000
    -0.001261992880300     0.000817858094608    -0.000000000000000
    -0.000000000000000    -0.000000000000000    -0.000033010355412
13 42
    -1.349630459772231     0.892528873458970    -0.000000000000000
     0.892598509086809    -0.407658420950514    -0.000000000000000
    -0.000000000000001     0.000000000000001    -1.409563854868060
14 1
     0.000156522792349    -0.000626037998101    -0.000000000000000
    -0.000626038316246     0.000753102241129    -0.000000000000000
    -0.000000000000000    -0.000000000000000    -0.000029456381865
14 2
    -0.002726002911037     0.008880845609142     0.000000000000000
     0.008885363708751    -0.022517851563051     0.000000000000000
     0.000000000000000    -0.000000000000000     0.495934549489513
14 3
     0.000017629887564    -0.000065126727361    -0.000000000000000
    -0.000065128206138     0.000089333613122    -0.000000000000000
    -0.000000000000000    -0.000000000000000    -0.000001054906940
14 4
     0.000030424310622    -0.000086273470055    -0.000000000000000
    -0.000086275632139     0.000105152247174    -0.000000000000000
    -0.000000000000000    -0.000000000000000    -0.000001249888064
14 5
     0.000107097239947    -0.000112163273360    -0.000000000000000
    -0.000112164999041     0.000066331175374    -0.000000000000000
     0.000000000000000    -0.000000000000000    -0.000001857386572
14 6
     0.000083075546943    -0.000043467543192    -0.000000000000000
    -0.000043467391830     0.000016093421562    -0.000000000000000
     0.000000000000000    -0.000000000000000    -0.000000992856830
14 7
    -0.731633269141167    -0.315828437895902    -0.000000000000000
    -0.315859305039519    -0.067168507498093    -0.000000000000000
    -0.000000000000001    -0.000000000000000    -0.448437892319673
14 8
     1.402543251387408    -2.530696145042422    -0.000000000000000
    -0.050825563400515     0.091783060220680     0.000000000000000
     0.000000000000001    -0.000000000000003     1.743000066118706
14 9
    -0.000421241204802    -0.000011874477219    -0.000000000000000
    -0.000012246956864    -0.000462246097152     0.000000000000000
    -0.000000000000000    -0.000000000000000     0.000032033065676
14 10
     0.000766184404461    -0.000695280733966    -0.000000000000000
    -0.000695277505685     0.000198381432074    -0.000000000000000
     0.000000000000000    -0.000000000000000    -0.000034465869841
14 11
     0.000708827657180     0.000170855514464    -0.000000000000000
     0.000170860327941    -0.000100372750006    -0.000000000000000
     0.000000000000000     0.000000000000000    -0.000013588208935
14 12
     0.000161114420207     0.000044197739704    -0.000000000000000
     0.000044198560715    -0.000012714323799    -0.000000000000000
     0.000000000000000     0.000000000000000    -0.000001506662370
14 13
     1.600883868174918     2.773485788231329     0.000000000000000
    -0.058621202865431    -0.101555884834014     0.000000000000000
     0.000000000000001     0.000000000000003     1.928280861004088
14 14
    10.758669252346905     0.425135296534289     0.000000000000000
     0.425677885420840    30.531376055289030     0.000000000000000
     0.000000000000011     0.000000000000009     4.353576911672558
14 15
     0.000048743436022    -0.000067115210460    -0.000000000000000
    -0.000067116403529     0.000060543058192    -0.000000000000000
    -0.000000000000000    -0.000000000000000    -0.000001209277498
14 16
     0.000027157855431    -0.000013709850380    -0.000000000000000
    -0.000013709726219     0.000002560021537    -0.000000000000000
     0.000000000000000    -0.000000000000000    -0.000000279722677
14 17
     0.000035848007205    -0.000000834074199    -0.000000000000000
    -0.000000834065349     0.000020184597162    -0.000000000000000
     0.000000000000000     0.000000000000000    -0.000001314172480
14 18
     0.000020582492928     0.000017505990438    -0.000000000000000
     0.000017505780881     0.000009135489544    -0.000000000000000
     0.000000000000000     0.000000000000000    -0.000000279717512
14 19
    -0.002957777512597    -0.009023206302615     0.000000000000000
    -0.009024634005727    -0.021893966110249     0.000000000000000
    -0.000000000000000    -0.000000000000000     0.496745743687308
14 20
    -0.000036180809369     0.000003711621870    -0.000000000000000
     0.000003713633709     0.000211143389185    -0.000000000000000
    -0.000000000000000     0.000000000000000    -0.000004921792182
14 21
     0.000121323291784    -0.000698671043696    -0.000000000000000
    -0.000698483038752     0.000486577361642    -0.000000000000000
    -0.000000000000000    -0.000000000000000    -0.000033343553284
14 22
    -0.000007006183683    -0.000038433467329    -0.000000000000000
    -0.000038434494377     0.000103161133192    -0.000000000000000
    -0.000000000000000     0.000000000000000    -0.000001705974240
14 23
     0.000108480407058    -0.000000668375180    -0.000000000000000
    -0.000000667347327    -0.000014093985972    -0.000000000000000
     0.000000000000000    -0.000000000000000    -0.000001672648348
14 24
     0.000108903918208    -0.000028486277843    -0.000000000000000
    -0.000028484335736    -0.000012750940558    -0.000000000000000
     0.000000000000000    -0.000000000000000    -0.000001706344559
14 25
   -11.508454211809351    -0.805173884184291    -0.000000000000000
    -0.453170661228603   -30.335139567480702    -0.000000000000000
    -0.000000000000011    -0.000000000000010    -8.028070761528614
14 26
    -0.464982282375076     0.294276257210515    -0.000000000000000
     0.294294835103680    -0.125189401250319    -0.000000000000000
    -0.000000000000000     0.000000000000000    -0.617861601220915
14 27
     0.000078996907596     0.000038886648739    -0.000000000000000
     0.000038886450490     0.000014780461902    -0.000000000000000
     0.000000000000000     0.000000000000000    -0.000000965506909
14 28
     0.000003288323385    -0.000000000000000    -0.000000000000000
     0.000000000008683     0.000009395519927    -0.000000000000000
     0.000000000000000     0.000000000000000    -0.000000285699907
14 29
     0.000178342329321    -0.000144258474104    -0.000000000000000
    -0.000144259596225     0.000055118423562    -0.000000000000000
     0.000000000000000    -0.000000000000000    -0.000002584244152
14 30
     0.000004151445884    -0.000006366149374    -0.000000000000000
    -0.000006366229152     0.000011502579799    -0.000000000000000
     0.000000000000000    -0.000000000000000    -0.000000307336827
14 31
    -0.000464414920126    -0.000001535454441    -0.000000000000000
    -0.000001620643869    -0.000635857991331     0.000000000000000
    -0.000000000000000    -0.000000000000000     0.000042592248213
14 32
     0.000047154049512     0.000235313543262    -0.000000000000000
     0.000235313555812     0.000318870612683    -0.000000000000000
     0.000000000000000     0.000000000000000    -0.000018281879545
14 33
     0.000166555008353    -0.000047264463844    -0.000000000000000
    -0.000047262584423    -0.000012796898163    -0.000000000000000
     0.000000000000000    -0.000000000000000    -0.000001564701835
14 34
     0.000025704898903     0.000000000000000    -0.000000000000000
     0.000000000275947    -0.000004250341368    -0.000000000000000
     0.000000000000000    -0.000000000000000    -0.000000334955906
14 35
     0.000048829451026    -0.000276483043243    -0.000000000000000
    -0.000276491476550     0.000412945637781    -0.000000000000000
    -0.000000000000000    -0.000000000000000    -0.000008156402202
14 36
    -0.001496514595624     0.002598613972628     0.000000000000000
     0.002600487779894    -0.004500381006919     0.000000000000000
     0.000000000000000     0.000000000000000     0.000287624584281
14 37
    -1.053919143872186     0.158837076251184    -0.000000000000000
     0.158535290485382     0.052857911692444     0.000000000000000
    -0.000000000000001     0.000000000000000     0.076715049257719
14 38
     0.000656421247400    -0.000056359421349    -0.000000000000000
    -0.000056348815093    -0.000116344659294    -0.000000000000000
     0.000000000000000    -0.000000000000000    -0.000013902406976
14 39
     0.000927779374899     0.000568393735068    -0.000000000000000
     0.000568375007322    -0.000090620996587    -0.000000000000000
     0.000000000000000     0.000000000000000    -0.000049963900875
14 40
     0.000011992971868    -0.000108057807974    -0.000000000000000
    -0.000108061064953     0.000185079761938    -0.000000000000000
    -0.000000000000000     0.000000000000000    -0.000002355284880
14 41
     0.000020807400424    -0.000040877328568    -0.000000000000000
    -0.000040878111786     0.000049191296026    -0.000000000000000
    -0.000000000000000    -0.000000000000000    -0.000000826156874
14 42
     0.000329734349312    -0.000401724512178    -0.000000000000000
    -0.000401732618980     0.000231998050900    -0.000000000000000
     0.000000000000000    -0.000000000000000    -0.000015042217764
15 1
    -0.001065369489563     0.000001317815783     0.000000000000000
     0.000001421257708    -0.000822773808778     0.000000000000000
    -0.000000000000000     0.000000000000000     0.000173500621207
15 2
    -0.000319289076217    -0.000695900355847    -0.000000000000000
    -0.000695890149478     0.002307582830779    -0.000000000000000
     0.000000000000000    -0.000000000000000    -0.000033353011442
15 3
     1.077526132553142    -0.000387019507856     0.000000000000000
    -1.796625929541001    -0.002034329677902     0.000000000000000
     0.000000000000002    -0.000000000000000     2.877724647587916
15 4
   -36.915725397087016   -14.245441092855796    -0.000000000000001
   -13.809681779746313   -22.753800918334214    -0.000000000000000
    -0.000000000000018     0.000000000000006   -15.478034606431661
15 5
     0.000220542347688     0.001518602736782    -0.000000000000000
     0.001518630290959     0.002011958335568    -0.000000000000000
    -0.000000000000000    -0.000000000000000    -0.000039993443721
15 6
     0.000211277447924     0.000516930086274    -0.000000000000000
     0.000516920591960     0.000567298075765    -0.000000000000000
     0.000000000000000     0.000000000000000    -0.000007340318628
15 7
     0.000028349403336    -0.000408807648478    -0.000000000000000
    -0.000408795522206     0.000758606103180    -0.000000000000000
     0.000000000000000    -0.000000000000000    -0.000007649160678
15 8
     0.000064312645075    -0.000261219789764    -0.000000000000000
    -0.000261214483625     0.000366012294560    -0.000000000000000
     0.000000000000000    -0.000000000000000    -0.000006831747375
15 9
    -0.003732791930523     0.012390625180172     0.000000000000000
     0.012383764024419    -0.035750942946163     0.000000000000000
    -0.000000000000000     0.000000000000000     0.373399274727824
15 10
     1.089046968293699     1.815672274341732     0.000000000000000
     0.000417653521514    -0.002157190131004     0.000000000000000
     0.000000000000001     0.000000000000001     1.484092630329689
15 11
    -0.000240156021969    -0.000007292220012    -0.000000000000000
    -0.000007292794658     0.001465658844099    -0.000000000000000
     0.000000000000000    -0.000000000000000    -0.000014512325408
15 12
    -0.000042514167435     0.000164410861438    -0.000000000000000
     0.000164405036856     0.000622898886925    -0.000000000000000
    -0.000000000000000    -0.000000000000000    -0.000006064447299
15 13
    -0.000039807619002    -0.000165419095596    -0.000000000000000
    -0.000165414010825     0.000613052321092    -0.000000000000000
     0.000000000000000    -0.000000000000000    -0.000005997679998
15 14
     0.000048744910177    -0.000067115957278    -0.000000000000000
    -0.000067115447912     0.000060542540720    -0.000000000000000
     0.000000000000000    -0.000000000000000    -0.000001209304863
15 15
    77.403614536214533     5.788660721404014     0.000000000000001
     5.788663908442992    84.994392568926699     0.000000000000000
     0.000000000000048    -0.000000000000038    26.643934909450749
15 16
     1.500121384034243    -2.832066078396191     0.000000000000000
     0.000189865849357    -0.000354570328332     0.000000000000000
     0.000000000000001    -0.000000000000002     1.927965228768413
15 17
     0.000306590776178     0.000365404533143    -0.000000000000000
     0.000365403144350     0.000266661421380    -0.000000000000000
    -0.000000000000000     0.000000000000000    -0.000005997285142
15 18
     0.000024822791304     0.000007199520987    -0.000000000000000
     0.000007199496861     0.000031209829183    -0.000000000000000
     0.000000000000000    -0.000000000000000    -0.000001314169378
15 19
     0.000527656499846    -0.000360151302927    -0.000000000000000
    -0.000319045286304     0.000635526127660    -0.000000000000000
     0.000000000000000    -0.000000000000000    -0.000007118089827
15 20
     0.000121150734122    -0.000698458582368    -0.000000000000000
    -0.000698599179194     0.000486721031567    -0.000000000000000
     0.000000000000000    -0.000000000000000    -0.000033309717365
15 21
    -2.916726420805463     1.851209713424344    -0.000000000000000
     1.851392866442556    -0.786497380687091    -0.000000000000000
    -0.000000000000002     0.000000000000002    -0.434818005304238
15 22
    -0.024974862299895    -0.003686936059407     0.000000000000000
    -0.003688363762535     0.000123119496063     0.000000000000000
    -0.000000000000000     0.000000000000000     0.496740134003689
15 23
     0.000322421664955     0.000190594946150    -0.000000000000000
     0.000232463606138     0.000851820437536    -0.000000000000000
     0.000000000000000    -0.000000000000000    -0.000007235152880
15 24
     0.000017128953647     0.000053411283266    -0.000000000000000
     0.000053410221469     0.000077257604470    -0.000000000000000
    -0.000000000000000     0.000000000000000    -0.000001672617070
15 25
     0.000073979322742    -0.000209245533093    -0.000000000000000
    -0.000209241943392     0.000315589042155    -0.000000000000000
     0.000000000000000    -0.000000000000000    -0.000007304440767
15 26
    -0.000002842723680    -0.000008363660654    -0.000000000000000
    -0.000008363485289     0.000096619366252    -0.000000000000000
     0.000000000000000    -0.000000000000000    -0.000000965506910
15 27
     0.000087355385482     0.000105022241525    -0.000000000000000
     0.000105021186868     0.000208622815865    -0.000000000000000
     0.000000000000000    -0.000000000000000    -0.000006159197943
15 28
     0.000178344972423     0.000144256932062    -0.000000000000000
     0.000144258060598     0.000055119315915    -0.000000000000000
     0.000000000000000     0.000000000000000    -0.000002583906701
15 29
   -14.543342587289036     1.016954140861943    -0.000000000000000
    -1.016713310510745   -45.544586587403955    -0.000000000000000
    -0.000000000000021     0.000000000000037   -11.332108261083915
15 30
   -26.173468826860294     7.661667619900369    -0.000000000000000
     8.014188782105949   -15.669209598931694    -0.000000000000000
    -0.000000000000017     0.000000000000015    -8.026933581615145
15 31
     0.000240655110258    -0.001488929076559    -0.000000000000000
    -0.001488943170194     0.001959946768391    -0.000000000000000
     0.000000000000000    -0.000000000000000    -0.000039046105385
15 32
     0.000072975149705    -0.000101293640771    -0.000000000000000
    -0.000101292821428     0.000080784951268    -0.000000000000000
     0.000000000000000    -0.000000000000000    -0.000001564701834
15 33
     0.000064323788109     0.000261165936978    -0.000000000000000
     0.000261160406572     0.000365882684423    -0.000000000000000
    -0.000000000000000    -0.000000000000000    -0.000006830453458
15 34
     0.000048836131482     0.000276496808945    -0.000000000000000
     0.000276487603142     0.000412937701256    -0.000000000000000
    -0.000000000000000    -0.000000000000000    -0.000008156491571
15 35
    -0.610728791605414    -1.012118397790935     0.000000000000000
     1.012171239682837     1.683295053079218     0.000000000000000
    -0.000000000000002    -0.000000000000002     1.333047048198694
15 36
    -0.000594320781078     0.000073385682980     0.000000000000000
     0.000073465960993    -0.000505897251506     0.000000000000000
    -0.000000000000000     0.000000000000000     0.000042743224438
15 37
     0.000190921758189    -0.001224726592782    -0.000000000000000
    -0.001224720964019     0.001703981306692    -0.000000000000000
     0.000000000000000    -0.000000000000000    -0.000039623066269
15 38
    -0.000920539749282    -0.000034480724206     0.000000000000000
    -0.000034462204213     0.001768209508441     0.000000000000000
    -0.000000000000000    -0.000000000000000     0.000001372881957
15 39
    -0.000036397236046    -0.000131410336868    -0.000000000000000
    -0.000131406048326     0.000498664271236    -0.000000000000000
     0.000000000000000    -0.000000000000000    -0.000004799068761
15 40
     0.129831397478239    -0.038430791660259    -0.000000000000000
    -0.038361156032420    -1.887120333235882    -0.000000000000000
    -0.000000000000000     0.000000000000001    -1.409563854868060
15 41
    -0.010773054822026    -0.012839614597176     0.000000000000000
    -0.012835426560251    -0.015524797694183     0.000000000000000
    -0.000000000000000    -0.000000000000000     1.544666461274513
15 42
    -0.000256838802558     0.000599450885933    -0.000000000000000
     0.000599436730255     0.001965414512344     0.000000000000000
    -0.000000000000000    -0.000000000000000    -0.000033010355412
16 1
    -0.000020614299870     0.000038430705778    -0.000000000000000
     0.000038428980097     0.000194042719942    -0.000000000000000
    -0.000000000000000    -0.000000000000000    -0.000001857386572
16 2
    -0.000004804977944    -0.000007270453814    -0.000000000000000
    -0.000007270302452     0.000103973949718    -0.000000000000000
     0.000000000000000    -0.000000000000000    -0.000000992856830
16 3
     0.000061792420156     0.000571345709343    -0.000000000000000
     0.000571345391198     0.000847832616846    -0.000000000000000
    -0.000000000000000    -0.000000000000000    -0.000029456381865
16 4
    -0.009876894615775    -0.013013933036217     0.000000000000000
    -0.013009414936608    -0.015366959592305     0.000000000000000
    -0.000000000000000    -0.000000000000000     0.495934549489513
16 5
     0.000015005639600     0.000063613095841    -0.000000000000000
     0.000063611617064     0.000091957861184    -0.000000000000000
    -0.000000000000000    -0.000000000000000    -0.000001054906940
16 6
     0.000011754308542     0.000075496501212    -0.000000000000000
     0.000075494339128     0.000123822249949    -0.000000000000000
    -0.000000000000000    -0.000000000000000    -0.000001249888064
16 7
     0.000249894652038    -0.000435825426929    -0.000000000000000
    -0.000435820613451     0.000358560272208    -0.000000000000000
     0.000000000000000    -0.000000000000000    -0.000013588208935
16 8
     0.000069019582727    -0.000097369540914    -0.000000000000000
    -0.000097368719903     0.000079380517107    -0.000000000000000
     0.000000000000000    -0.000000000000000    -0.000001506662370
16 9
    -0.506813507268027     0.445659057490353    -0.000000000000000
     0.445628190346736    -0.291988277734366    -0.000000000000000
    -0.000000000000001     0.000000000000001    -0.448437892319673
16 10
    -0.698358563723370    -1.162130687655209     0.000000000000000
     1.317739893986698     2.192684953483467     0.000000000000000
    -0.000000000000002    -0.000000000000002     1.743000066118705
16 11
    -0.000462439748320    -0.000011539033769     0.000000000000000
    -0.000011911513414    -0.000421047552102     0.000000000000000
    -0.000000000000000     0.000000000000000     0.000032033065676
16 12
    -0.000261797199655     0.000101772038788    -0.000000000000000
     0.000101775267069     0.001226363074430    -0.000000000000000
    -0.000000000000000    -0.000000000000000    -0.000034465869841
16 13
     0.000023378123511    -0.000006365425493    -0.000000000000000
    -0.000006365416643     0.000032654481321    -0.000000000000000
     0.000000000000000    -0.000000000000000    -0.000001314172480
16 14
     0.000027157781549    -0.000013709536154    -0.000000000000000
    -0.000013709745711     0.000002560200678    -0.000000000000000
     0.000000000000000    -0.000000000000000    -0.000000279717512
16 15
     1.499624883767175     0.000159299872379     0.000000000000000
    -2.831947691224380    -0.000296896659505     0.000000000000000
     0.000000000000003     0.000000000000000     1.928280861004088
16 16
    25.956611410616439     8.348858273987561     0.000000000000000
     8.349400862874113    15.333433331667134     0.000000000000000
     0.000000000000013    -0.000000000000005     4.353576911672557
16 17
    -0.000000530841811     0.000038667885429    -0.000000000000000
     0.000038666692359     0.000109817337858    -0.000000000000000
    -0.000000000000000    -0.000000000000000    -0.000001209277498
16 18
    -0.000003163544788    -0.000003796342685    -0.000000000000000
    -0.000003796218524     0.000032881422884    -0.000000000000000
     0.000000000000000    -0.000000000000000    -0.000000279722677
16 19
     0.000015971227878    -0.000052742853169    -0.000000000000000
    -0.000052741825315     0.000078415196649    -0.000000000000000
     0.000000000000000    -0.000000000000000    -0.000001672648348
16 20
    -0.000007006224366    -0.000038436417526    -0.000000000000000
    -0.000038434475419     0.000103159206328    -0.000000000000000
     0.000000000000000    -0.000000000000000    -0.000001706344559
16 21
    -0.024974862299886    -0.003686936059416     0.000000000000000
    -0.003688363762528     0.000123119496059     0.000000000000000
    -0.000000000000000     0.000000000000000     0.496745743687308
16 22
     0.000152527563577     0.000105237198236    -0.000000000000000
     0.000105239210075     0.000022435009220    -0.000000000000000
     0.000000000000000     0.000000000000000    -0.000004921792182
16 23
    -0.000209721622346     0.000507354164911    -0.000000000000000
     0.000507542169855     0.000817622288087    -0.000000000000000
    -0.000000000000000    -0.000000000000000    -0.000033343553284
16 24
     0.000042334497927     0.000066921350716    -0.000000000000000
     0.000066920323668     0.000053820449746    -0.000000000000000
     0.000000000000000     0.000000000000000    -0.000001705974240
16 25
     0.000064511312118    -0.000047249713094    -0.000000000000000
    -0.000047249911343     0.000029266057918    -0.000000000000000
     0.000000000000000    -0.000000000000000    -0.000000965506909
16 26
     0.000007868724289     0.000002644487061    -0.000000000000000
     0.000002644495744     0.000004815118852    -0.000000000000000
     0.000000000000000    -0.000000000000000    -0.000000285699907
16 27
    -0.000039007588390     0.000018772560392    -0.000000000000000
     0.000018771438271     0.000272468349358    -0.000000000000000
    -0.000000000000000    -0.000000000000000    -0.000002584244152
16 28
     0.000004151514475     0.000006366268753    -0.000000000000000
     0.000006366188975     0.000011502511209    -0.000000000000000
     0.000000000000000    -0.000000000000000    -0.000000307336827
16 29
   -26.173346543615153    -8.013609031655323    -0.000000000000000
    -7.661605808699635   -15.670246690151600    -0.000000000000000
    -0.000000000000014     0.000000000000004    -8.028070761528612
16 30
     0.044721136159552    -0.000017423732387    -0.000000000000000
     0.000001154160777    -0.634892838745541    -0.000000000000000
     0.000000000000000     0.000000000000000    -0.617861601220915
16 31
    -0.000008890332988    -0.000054030832512    -0.000000000000000
    -0.000054028953091     0.000162648449704    -0.000000000000000
     0.000000000000000    -0.000000000000000    -0.000001564701835
16 32
     0.000003238588307    -0.000012971206658    -0.000000000000000
    -0.000012970930712     0.000018215970064    -0.000000000000000
     0.000000000000000    -0.000000000000000    -0.000000334955906
16 33
     0.000082471593132     0.000295914776712    -0.000000000000000
     0.000295906343405     0.000379303494423    -0.000000000000000
    -0.000000000000000    -0.000000000000000    -0.000008156402202
16 34
    -0.001498137223138    -0.002601424604343     0.000000000000000
    -0.002599550797078    -0.004498758379344     0.000000000000000
     0.000000000000000     0.000000000000000     0.000287624584281
16 35
    -0.000594363836421    -0.000073405399330     0.000000000000000
    -0.000073490588758    -0.000505909070202     0.000000000000000
    -0.000000000000000     0.000000000000000     0.000042592248213
16 36
     0.000454728970958    -0.000000000060824    -0.000000000000000
    -0.000000000048274    -0.000088704323924    -0.000000000000000
     0.000000000000000     0.000000000000000    -0.000018281879545
16 37
     0.000656214394226    -0.000725163124932    -0.000000000000000
    -0.000725181852678     0.000180943994187    -0.000000000000000
     0.000000000000000    -0.000000000000000    -0.000049963900875
16 38
    -0.086410090202971     0.400056332483541     0.000000000000000
     0.399754546717738    -0.914651177967402     0.000000000000000
    -0.000000000000001     0.000000000000001     0.076715049257719
16 39
     0.000028042723546    -0.000306445701555    -0.000000000000000
    -0.000306435095299     0.000512033887935    -0.000000000000000
     0.000000000000000    -0.000000000000000    -0.000013902406976
16 40
    -0.000091475017716     0.000158547273018    -0.000000000000000
     0.000158539166217     0.000653207433596    -0.000000000000000
    -0.000000000000000    -0.000000000000000    -0.000015042217764
16 41
     0.000048225843901     0.000128980123764    -0.000000000000000
     0.000128976866785     0.000148846888557    -0.000000000000000
     0.000000000000000     0.000000000000000    -0.000002355284880
16 42
     0.000006694177289     0.000032729838459    -0.000000000000000
     0.000032729055241     0.000063304519686    -0.000000000000000
    -0.000000000000000    -0.000000000000000    -0.000000826156874
17 1
     0.002879264737622     0.000016383825121    -0.000000000000000
     0.000016411379298    -0.000646764153269     0.000000000000000
    -0.000000000000000     0.000000000000000    -0.000039993443721
17 2
     0.000925963370186    -0.000104296474681    -0.000000000000000
    -0.000104305968995    -0.000147387873083     0.000000000000000
     0.000000000000000     0.000000000000000    -0.000007340318628
17 3
    -0.000882236652428     0.000104310537076     0.000000000000000
     0.000104413979001    -0.001005906652725    -0.000000000000000
     0.000000000000000     0.000000000000000     0.000173500621207
17 4
     0.001048201833680     0.001485411409107    -0.000000000000000
     0.001485421615475     0.000940091870013     0.000000000000000
    -0.000000000000000    -0.000000000000000    -0.000033353011442
17 5
    -0.510273631993413     0.879909291010228     0.000000000000000
    -0.916329619022916     1.585765493933642    -0.000000000000000
     0.000000000000000    -0.000000000000002     2.877724647587916
17 6
   -38.442505734235027    12.928194724705225    -0.000000000000001
    13.363954037814709   -21.227020524391151     0.000000000000000
    -0.000000000000004     0.000000000000019   -15.478034606431661
17 7
     0.001032889590199     0.000742286035205    -0.000000000000000
     0.000742285460559     0.000192613184575     0.000000000000000
    -0.000000000000000    -0.000000000000000    -0.000014512325408
17 8
     0.000598927063854     0.000205931237586    -0.000000000000000
     0.000205925413004    -0.000018542368225     0.000000000000000
    -0.000000000000000    -0.000000000000000    -0.000006064447299
17 9
     0.000222009355626     0.000520605149871    -0.000000000000000
     0.000520617276144     0.000564946143686     0.000000000000000
    -0.000000000000000    -0.000000000000000    -0.000007649160678
17 10
     0.000064366699904     0.000261245692195    -0.000000000000000
     0.000261250998334     0.000365958239729     0.000000000000000
    -0.000000000000000    -0.000000000000000    -0.000006831747375
17 11
    -0.017018779187142    -0.020054432486150     0.000000000000000
    -0.020061293641902    -0.022464955195315    -0.000000000000000
     0.000000000000000     0.000000000000000     0.373399274727824
17 12
     1.057033841452102    -0.018900441264887     0.000000000000000
    -1.834155062085105     0.029855937901462    -0.000000000000000
     0.000000000000001    -0.000000000000000     1.484092630329689
17 13
     0.000593092753749    -0.000199991147399    -0.000000000000000
    -0.000199992536193    -0.000019840566849     0.000000000000000
     0.000000000000000     0.000000000000000    -0.000005997285142
17 14
     0.000035848026350    -0.000000834074321    -0.000000000000000
    -0.000000834098447     0.000020184593728     0.000000000000000
    -0.000000000000000    -0.000000000000000    -0.000001314169378
17 15
     0.000306582384343     0.000365402376220    -0.000000000000000
     0.000365407460991     0.000266662304863     0.000000000000000
    -0.000000000000000    -0.000000000000000    -0.000005997679998
17 16
    -0.000000530770964     0.000038666119611    -0.000000000000000
     0.000038666628978     0.000109818223694     0.000000000000000
    -0.000000000000000    -0.000000000000000    -0.000001209304863
17 17
    88.109824214862883     0.392569246493714     0.000000000000001
     0.392572433532692    74.288182492015167    -0.000000000000001
    -0.000000000000008    -0.000000000000061    26.643934909450749
17 18
    -0.851473929139421    -1.357884078187850     0.000000000000000
     1.474371866057698     2.351240830322956    -0.000000000000000
    -0.000000000000001    -0.000000000000002     1.927965228768413
17 19
     0.000902660444003     0.000102537415371    -0.000000000000000
     0.000144406075359     0.000271581636903     0.000000000000000
    -0.000000000000000    -0.000000000000000    -0.000007235152880
17 20
     0.000108480507134    -0.000000668376491    -0.000000000000000
    -0.000000669438288    -0.000014093952415     0.000000000000000
     0.000000000000000     0.000000000000000    -0.000001672617070
17 21
     0.000314457958227     0.000195955048620    -0.000000000000000
     0.000237061065243     0.000848724677210     0.000000000000000
    -0.000000000000000    -0.000000000000000    -0.000007118089827
17 22
    -0.000209615301155     0.000507631316136    -0.000000000000000
     0.000507490719310     0.000817487079148     0.000000000000000
    -0.000000000000000    -0.000000000000000    -0.000033309717365
17 23
     0.284219298547121    -0.003325959339591    -0.000000000000000
    -0.003142806321378    -3.987443219112512     0.000000000000000
     0.000000000000000     0.000000000000003    -0.434818005304238
17 24
    -0.009344974400127     0.012712283916712     0.000000000000000
     0.012710856213584    -0.015506768985126    -0.000000000000000
    -0.000000000000000     0.000000000000000     0.496740134003689
17 25
     0.000269257423201     0.000000000005528    -0.000000000000000
    -0.000000001049128     0.000026720771380     0.000000000000000
    -0.000000000000000    -0.000000000000000    -0.000006159197943
17 26
     0.000210856382688    -0.000125487588780    -0.000000000000000
    -0.000125486460244     0.000022607904440     0.000000000000000
     0.000000000000000     0.000000000000000    -0.000002583906701
17 27
   -37.794170034107154   -12.407158424470277    -0.000000000000000
   -14.440825875842963   -22.293758275672012     0.000000000000000
     0.000000000000021     0.000000000000037   -11.332108261083915
17 28
   -11.507429159895743     0.453253325053127    -0.000000000000000
     0.805774487258707   -30.335249811462184     0.000000000000000
     0.000000000000005     0.000000000000022    -8.026933581615145
17 29
     0.000073976213966     0.000209240148539    -0.000000000000000
     0.000209243738241     0.000315592150931     0.000000000000000
    -0.000000000000000    -0.000000000000000    -0.000007304440767
17 30
     0.000064510774548     0.000047250046345    -0.000000000000000
     0.000047250221710     0.000029265865518     0.000000000000000
    -0.000000000000000    -0.000000000000000    -0.000000965506910
17 31
     0.000516666887219     0.000000000008323    -0.000000000000000
    -0.000000005522083    -0.000086460431515     0.000000000000000
    -0.000000000000000     0.000000000000000    -0.000006830453458
17 32
     0.000561361567221     0.000019419100652    -0.000000000000000
     0.000019409894848    -0.000099587753548     0.000000000000000
    -0.000000000000000     0.000000000000000    -0.000008156491571
17 33
     1.109811926155012    -0.018816574656111     0.000000000000000
     2.005473062817662    -0.037245728684067    -0.000000000000000
    -0.000000000000003     0.000000000000001     1.333047048198694
17 34
    -0.000464414493833     0.000001535470312     0.000000000000000
     0.000001615748325    -0.000635803543583    -0.000000000000000
     0.000000000000000     0.000000000000000     0.000042743224438
17 35
     0.000240667315703     0.001488950217011    -0.000000000000000
     0.001488936123376     0.001959934562945     0.000000000000000
    -0.000000000000000    -0.000000000000000    -0.000039046105385
17 36
    -0.000008890011109     0.000054027947915    -0.000000000000000
     0.000054028767259     0.000162650115127     0.000000000000000
    -0.000000000000000    -0.000000000000000    -0.000001564701834
17 37
     0.000251096049565     0.000297390377251    -0.000000000000000
     0.000297394665793     0.000211170974930     0.000000000000000
    -0.000000000000000    -0.000000000000000    -0.000004799068761
17 38
     0.000265074487040     0.001267533062779    -0.000000000000000
     0.001267538691541     0.001629828575083     0.000000000000000
    -0.000000000000000    -0.000000000000000    -0.000039623066269
17 39
     0.001066168981523     0.001181489046078     0.000000000000000
     0.001181507566072    -0.000218499296268    -0.000000000000000
    -0.000000000000000    -0.000000000000000     0.000001372881957
17 40
     0.001928984685079     0.000662549072206    -0.000000000000000
     0.000662534916528    -0.000220409056604     0.000000000000000
    -0.000000000000000     0.000000000000000    -0.000033010355412
17 41
    -1.416134236043230    -0.854202535240467    -0.000000000000000
    -0.854132899612628    -0.341154642205619     0.000000000000000
     0.000000000000001     0.000000000000001    -1.409563854868060
17 42
    -0.025454480278998     0.004359101462924     0.000000000000000
     0.004363289499849    -0.000843371691073    -0.000000000000000
    -0.000000000000000     0.000000000000000     1.544666461274513
18 1
     0.000127809718881     0.000001515849685    -0.000000000000000
     0.000001514370908    -0.000020846222293     0.000000000000000
    -0.000000000000000     0.000000000000000    -0.000001054906940
18 2
     0.000161186211663     0.000010780211969    -0.000000000000000
     0.000010778049885    -0.000025609658731     0.000000000000000
    -0.000000000000000     0.000000000000000    -0.000001249888064
18 3
     0.000173659679203     0.000073735156104    -0.000000000000000
     0.000073733430423    -0.000000231266358     0.000000000000000
    -0.000000000000000    -0.000000000000000    -0.000001857386572
18 4
     0.000070482882861     0.000050737769963    -0.000000000000000
     0.000050737921325     0.000028686086113     0.000000000000000
    -0.000000000000000    -0.000000000000000    -0.000000992856830
18 5
     0.001146122295689     0.000054692765976    -0.000000000000000
     0.000054692447830    -0.000236497299024     0.000000000000000
    -0.000000000000000     0.000000000000000    -0.000029456381865
18 6
    -0.025262882927848     0.004126310277662     0.000000000000000
     0.004130828377271     0.000019029292116    -0.000000000000000
    -0.000000000000000     0.000000000000000     0.495934549489513
18 7
    -0.000441549974017     0.000023972230455     0.000000000000000
     0.000023599750811    -0.000441937327182    -0.000000000000000
     0.000000000000000     0.000000000000000     0.000032033065676
18 8
     0.000942461538926     0.000593503852757    -0.000000000000000
     0.000593507081038     0.000022104291051     0.000000000000000
    -0.000000000000000    -0.000000000000000    -0.000034465869841
18 9
    -0.000046039942856     0.000264962692249    -0.000000000000000
     0.000264967505726     0.000654494878111     0.000000000000000
    -0.000000000000000    -0.000000000000000    -0.000013588208935
18 10
    -0.000007533857612     0.000053170569693    -0.000000000000000
     0.000053171390704     0.000155933960294     0.000000000000000
    -0.000000000000000    -0.000000000000000    -0.000001506662370
18 11
     0.040244115198231    -0.129784318879024    -0.000000000000000
    -0.129815186022641    -0.839045920550767     0.000000000000000
     0.000000000000000     0.000000000000001    -0.448437892319673
18 12
     1.537304774626696    -0.026979039765231     0.000000000000000
     2.452891541876675    -0.042978468031643    -0.000000000000000
    -0.000000000000003     0.000000000000000     1.743000066118705
18 13
     0.000115717143732     0.000028449114635    -0.000000000000000
     0.000028447921565    -0.000006430652009     0.000000000000000
    -0.000000000000000     0.000000000000000    -0.000001209277498
18 14
     0.000020582504666     0.000017506006824    -0.000000000000000
     0.000017506130985     0.000009135372547     0.000000000000000
    -0.000000000000000    -0.000000000000000    -0.000000279722677
18 15
     0.000024822774709     0.000007199486416    -0.000000000000000
     0.000007199495267     0.000031209830068     0.000000000000000
    -0.000000000000000    -0.000000000000000    -0.000001314172480
18 16
    -0.000003163301280    -0.000003796139948    -0.000000000000000
    -0.000003796349505     0.000032881284634     0.000000000000000
     0.000000000000000    -0.000000000000000    -0.000000279717512
18 17
    -0.851516771264026     1.474515398541429     0.000000000000000
    -1.357591592555330     2.350844845832444    -0.000000000000000
     0.000000000000002    -0.000000000000002     1.928280861004088
18 18
    25.219785594873297    -8.774807453851743     0.000000000000000
    -8.774264864965190    16.070259174819689    -0.000000000000000
     0.000000000000003    -0.000000000000014     4.353576911672557
18 19
     0.001000249283551     0.000191034871369    -0.000000000000000
     0.000191222876314    -0.000392348662820     0.000000000000000
    -0.000000000000000     0.000000000000000    -0.000033343553284
18 20
     0.000108904104263    -0.000028486342815    -0.000000000000000
    -0.000028487369863    -0.000012749159066     0.000000000000000
     0.000000000000000     0.000000000000000    -0.000001705974240
18 21
     0.000017127997480     0.000053409686569    -0.000000000000000
     0.000053410714422     0.000077258427005     0.000000000000000
    -0.000000000000000    -0.000000000000000    -0.000001672648348
18 22
     0.000042331773345     0.000066919782208    -0.000000000000000
     0.000066921724316     0.000053821206782     0.000000000000000
    -0.000000000000000    -0.000000000000000    -0.000001706344559
18 23
    -0.009344974400127     0.012712283916699     0.000000000000000
     0.012710856213587    -0.015506768985120    -0.000000000000000
    -0.000000000000000     0.000000000000000     0.496745743687308
18 24
     0.000146097103735    -0.000108951837865    -0.000000000000000
    -0.000108949826025     0.000028865469301     0.000000000000000
     0.000000000000000     0.000000000000000    -0.000004921792182
18 25
     0.000210856385318     0.000125487596893    -0.000000000000000
     0.000125486474772     0.000022604366356     0.000000000000000
    -0.000000000000000    -0.000000000000000    -0.000002584244152
18 26
     0.000015178077524     0.000000000000288    -0.000000000000000
    -0.000000000079490     0.000000475947749     0.000000000000000
    -0.000000000000000    -0.000000000000000    -0.000000307336827
18 27
   -25.083588220843094     8.290778081406147    -0.000000000000000
     8.642781304361835   -16.760005053461906     0.000000000000000
    -0.000000000000003     0.000000000000014    -8.028070761528612
18 28
    -0.464996372237137    -0.294286700317874    -0.000000000000000
    -0.294268122424709    -0.125175311387733     0.000000000000000
     0.000000000000000     0.000000000000000    -0.617861601220915
18 29
    -0.000002842166292     0.000008363361729    -0.000000000000000
     0.000008363163479     0.000096619538835     0.000000000000000
    -0.000000000000000    -0.000000000000000    -0.000000965506909
18 30
     0.000007868716769    -0.000002644500086    -0.000000000000000
    -0.000002644491402     0.000004815126372     0.000000000000000
     0.000000000000000    -0.000000000000000    -0.000000285699907
18 31
     0.000561361566010    -0.000019419083509    -0.000000000000000
    -0.000019427516815    -0.000099586496269     0.000000000000000
    -0.000000000000000     0.000000000000000    -0.000008156402202
18 32
    -0.006000691333936    -0.000000000079183     0.000000000000000
     0.000001873728082     0.000003795898946    -0.000000000000000
     0.000000000000000    -0.000000000000000     0.000287624584281
18 33
    -0.000591630575158     0.000075068637913     0.000000000000000
     0.000074983448485    -0.000508642331566    -0.000000000000000
     0.000000000000000     0.000000000000000     0.000042592248213
18 34
     0.000047153955030    -0.000235313501264    -0.000000000000000
    -0.000235313488713     0.000318870707164     0.000000000000000
     0.000000000000000    -0.000000000000000    -0.000018281879545
18 35
     0.000072972490634     0.000101292477225    -0.000000000000000
     0.000101294356646     0.000080785623038     0.000000000000000
    -0.000000000000000    -0.000000000000000    -0.000001564701835
18 36
     0.000003238349330     0.000012970792738    -0.000000000000000
     0.000012971068685     0.000018216209041     0.000000000000000
    -0.000000000000000    -0.000000000000000    -0.000000334955906
18 37
     0.000125650917705     0.000362789213520    -0.000000000000000
     0.000362799819776     0.000414425690146     0.000000000000000
    -0.000000000000000    -0.000000000000000    -0.000013902406976
18 38
    -0.000328256196601     0.000156797481483    -0.000000000000000
     0.000156778753736     0.001165414621636     0.000000000000000
    -0.000000000000000    -0.000000000000000    -0.000049963900875
18 39
    -0.361262617143870    -0.558440730086020     0.000000000000000
    -0.558742515851822    -0.639798640802187    -0.000000000000000
     0.000000000000001     0.000000000000001     0.076715049257719
18 40
     0.000077496464217     0.000008148664937    -0.000000000000000
     0.000008147881718    -0.000007497769876     0.000000000000000
    -0.000000000000000     0.000000000000000    -0.000000826156874
18 41
     0.000604339255777     0.000243189399362    -0.000000000000000
     0.000243181292561    -0.000042606865780     0.000000000000000
    -0.000000000000000    -0.000000000000000    -0.000015042217764
18 42
     0.000235390274612    -0.000020917430322    -0.000000000000000
    -0.000020920687300    -0.000038317549116     0.000000000000000
     0.000000000000000    -0.000000000000000    -0.000002355284880
19 1
    -0.038474029202501     0.007674099039607     0.000000000000000
     0.007667237883854    -0.001009704381837     0.000000000000000
    -0.000000000000000     0.000000000000000     0.373399274727824
19 2
    -0.515746142381387     0.926110098153480     0.000000000000000
    -0.889144522666738     1.602635980241215     0.000000000000000
    -0.000000000000000     0.000000000000001     1.484092630329689
19 3
     0.001045520583183    -0.000734992953223    -0.000000000000000
    -0.000734993527870     0.000179982191121    -0.000000000000000
     0.000000000000000    -0.000000000000000    -0.000014512325408
19 4
     0.000314164148059    -0.000370333362151     0.000000000000000
    -0.000370339186733     0.000266220558163    -0.000000000000000
     0.000000000000000    -0.000000000000000    -0.000006064447299
19 5
     0.000930074458483    -0.000111815690802    -0.000000000000000
    -0.000111803564529    -0.000143118985510    -0.000000000000000
     0.000000000000000    -0.000000000000000    -0.000007649160678
19 6
     0.000516808044051    -0.000000033861640     0.000000000000000
    -0.000000028555501    -0.000086483121248    -0.000000000000000
     0.000000000000000    -0.000000000000000    -0.000006831747375
19 7
     1.045985203866642     1.814836093547343     0.000000000000000
     0.018597183514199     0.029506600181895     0.000000000000000
     0.000000000000001     0.000000000000001     2.877724647587916
19 8
   -14.146057072172745     0.663607398486438     0.000000000000000
     1.099366711595922   -45.523470090263551    -0.000000000000001
    -0.000000000000014    -0.000000000000013   -15.478034606431661
19 9
     0.000248943827309    -0.001535027893168    -0.000000000000000
    -0.001535000338991     0.001983556854890    -0.000000000000000
    -0.000000000000000    -0.000000000000000    -0.000039993443721
19 10
     0.000030622435769    -0.000412619370122    -0.000000000000000
    -0.000412628864436     0.000747953094640    -0.000000000000000
    -0.000000000000000     0.000000000000000    -0.000007340318628
19 11
    -0.000884608759610    -0.000105783515746     0.000000000000000
    -0.000105680073822    -0.001003534545455     0.000000000000000
    -0.000000000000000    -0.000000000000000     0.000173500621207
19 12
     0.002253527745620    -0.000789526362813     0.000000000000000
    -0.000789516156444    -0.000265234086764    -0.000000000000000
     0.000000000000000    -0.000000000000000    -0.000033353011442
19 13
    -2.922328536094793    -1.848158483612066     0.000000000000000
    -1.847975330593854    -0.780895265189359    -0.000000000000000
    -0.000000000000003    -0.000000000000001    -0.434818005304238
19 14
    -0.002957777512597    -0.009023206302613     0.000000000000000
    -0.009024634005740    -0.021893966110255     0.000000000000000
    -0.000000000000000    -0.000000000000000     0.496740134003689
19 15
     0.000536280997248    -0.000355935351503    -0.000000000000000
    -0.000314066691515     0.000637961097287    -0.000000000000000
     0.000000000000000     0.000000000000000    -0.000007235152880
19 16
     0.000015970372084    -0.000052741314079     0.000000000000000
    -0.000052742375876     0.000078416186076    -0.000000000000000
    -0.000000000000000     0.000000000000000    -0.000001672617070
19 17
     0.000902659447724     0.000102537229373    -0.000000000000000
     0.000143643245996     0.000260523165832    -0.000000000000000
     0.000000000000000     0.000000000000000    -0.000007118089827
19 18
     0.001000272188408     0.000191038161471     0.000000000000000
     0.000190897564645    -0.000392400455422    -0.000000000000000
     0.000000000000000    -0.000000000000000    -0.000033309717365
19 19
    78.083567164040687    -6.181234748456445     0.000000000000000
    -6.181231561417464    84.314439915806844     0.000000000000001
     0.000000000000057     0.000000000000023    26.643934909450749
19 20
     1.601002765683825    -0.058433759784283     0.000000000000000
     2.773822184461265    -0.101235955730634     0.000000000000000
     0.000000000000002    -0.000000000000000     1.927965228768413
19 21
    -0.000039805248469    -0.000165411302554    -0.000000000000000
    -0.000165412691347     0.000613057458913    -0.000000000000000
    -0.000000000000000     0.000000000000000    -0.000005997285142
19 22
     0.000023378111336    -0.000006365410477     0.000000000000000
    -0.000006365434603     0.000032654509205    -0.000000000000000
     0.000000000000000     0.000000000000000    -0.000001314169378
19 23
     0.000593092253588    -0.000199990907781    -0.000000000000000
    -0.000199985823010    -0.000019847575040    -0.000000000000000
     0.000000000000000    -0.000000000000000    -0.000005997679998
19 24
     0.000115717033754     0.000028449073618    -0.000000000000000
     0.000028449582984    -0.000006429585348    -0.000000000000000
     0.000000000000000     0.000000000000000    -0.000001209304863
19 25
     1.109766163735093    -2.005499483763614     0.000000000000000
     0.018790153710158    -0.037199966262441     0.000000000000000
     0.000000000000001    -0.000000000000003     1.333047048198694
19 26
    -0.000591591745736    -0.000075041570311     0.000000000000000
    -0.000074961292299    -0.000508626286949     0.000000000000000
    -0.000000000000000    -0.000000000000000     0.000042743224438
19 27
     0.002819580282649     0.000000000000000     0.000000000000000
    -0.000000014093635    -0.000618978499934    -0.000000000000000
     0.000000000000000    -0.000000000000000    -0.000039046105385
19 28
     0.000166555008355     0.000047264463840     0.000000000000000
     0.000047265283184    -0.000012794910863    -0.000000000000000
     0.000000000000000     0.000000000000000    -0.000001564701834
19 29
     0.000064319013053    -0.000261157649692    -0.000000000000000
    -0.000261163180098     0.000365887459478    -0.000000000000000
    -0.000000000000000    -0.000000000000000    -0.000006830453458
19 30
     0.000082463027363    -0.000295902100892    -0.000000000000000
    -0.000295911306695     0.000379310804124    -0.000000000000000
    -0.000000000000000    -0.000000000000000    -0.000008156491571
19 31
   -37.794378599305382    14.440705460667463     0.000000000000000
    12.407038009294775   -22.293549710466088    -0.000000000000001
    -0.000000000000043     0.000000000000000   -11.332108261083915
19 32
   -25.083118777607233    -8.643702688261804     0.000000000000000
    -8.291181526056224   -16.759559688744950    -0.000000000000000
    -0.000000000000021    -0.000000000000007    -8.026933581615145
19 33
     0.000436396993027     0.000000000000002     0.000000000000000
     0.000000003589703    -0.000046828641612    -0.000000000000000
     0.000000000000000    -0.000000000000000    -0.000007304440767
19 34
     0.000078996907598    -0.000038886648738    -0.000000000000000
    -0.000038886473374     0.000014779731929    -0.000000000000000
     0.000000000000000    -0.000000000000000    -0.000000965506910
19 35
     0.000087354481698    -0.000105020665068     0.000000000000000
    -0.000105021719725     0.000208623719650    -0.000000000000000
     0.000000000000000     0.000000000000000    -0.000006159197943
19 36
    -0.000039004925680    -0.000018771036085     0.000000000000000
    -0.000018769907549     0.000272469222103    -0.000000000000000
    -0.000000000000000     0.000000000000000    -0.000002583906701
19 37
    -0.003219242807023     0.008474231078865     0.000000000000000
     0.008478419115789    -0.023078609990182     0.000000000000000
     0.000000000000000    -0.000000000000000     1.544666461274513
19 38
     0.000890717572489    -0.001261978724622    -0.000000000000000
    -0.001261992880300     0.000817858094608    -0.000000000000000
     0.000000000000000    -0.000000000000000    -0.000033010355412
19 39
    -1.349630459772231     0.892528873458970     0.000000000000000
     0.892598509086809    -0.407658420950514    -0.000000000000000
    -0.000000000000001     0.000000000000001    -1.409563854868060
19 40
     0.001125875307834    -0.001147036101863    -0.000000000000000
    -0.001147017581869    -0.000278205624800     0.000000000000000
     0.000000000000000    -0.000000000000000     0.000001372881957
19 41
     0.000478701711440    -0.000165986473196     0.000000000000000
    -0.000165982184654    -0.000016434695412    -0.000000000000000
     0.000000000000000    -0.000000000000000    -0.000004799068761
19 42
     0.002386358257012    -0.000042814913140    -0.000000000000000
    -0.000042809284378    -0.000491455273800    -0.000000000000000
     0.000000000000000    -0.000000000000000    -0.000039623066269
20 1
    -0.731633269141167    -0.315828437895902     0.000000000000000
    -0.315859305039519    -0.067168507498093    -0.000000000000000
    -0.000000000000001    -0.000000000000000    -0.448437892319673
20 2
     1.402543251387408    -2.530696145042422     0.000000000000000
    -0.050825563400515     0.091783060220680     0.000000000000000
     0.000000000000001    -0.000000000000003     1.743000066118705
20 3
    -0.000421241204802    -0.000011874477219     0.000000000000000
    -0.000012246956864    -0.000462246097152     0.000000000000000
    -0.000000000000000    -0.000000000000000     0.000032033065676
20 4
     0.000766184404461    -0.000695280733966     0.000000000000000
    -0.000695277505685     0.000198381432074    -0.000000000000000
     0.000000000000000    -0.000000000000000    -0.000034465869841
20 5
     0.000708827657180     0.000170855514464     0.000000000000000
     0.000170860327941    -0.000100372750006    -0.000000000000000
     0.000000000000000     0.000000000000000    -0.000013588208935
20 6
     0.000161114420207     0.000044197739704     0.000000000000000
     0.000044198560715    -0.000012714323799    -0.000000000000000
     0.000000000000000     0.000000000000000    -0.000001506662370
20 7
     0.000156522792349    -0.000626037998101     0.000000000000000
    -0.000626038316246     0.000753102241129    -0.000000000000000
    -0.000000000000000    -0.000000000000000    -0.000029456381865
20 8
    -0.002726002911037     0.008880845609142     0.000000000000000
     0.008885363708751    -0.022517851563051     0.000000000000000
     0.000000000000000    -0.000000000000000     0.495934549489513
20 9
     0.000017629887564    -0.000065126727361     0.000000000000000
    -0.000065128206138     0.000089333613122    -0.000000000000000
    -0.000000000000000    -0.000000000000000    -0.000001054906940
20 10
     0.000030424310622    -0.000086273470055     0.000000000000000
    -0.000086275632139     0.000105152247174    -0.000000000000000
    -0.000000000000000    -0.000000000000000    -0.000001249888064
20 11
     0.000107097239947    -0.000112163273360     0.000000000000000
    -0.000112164999041     0.000066331175374    -0.000000000000000
     0.000000000000000    -0.000000000000000    -0.000001857386572
20 12
     0.000083075546943    -0.000043467543192     0.000000000000000
    -0.000043467391830     0.000016093421562    -0.000000000000000
     0.000000000000000    -0.000000000000000    -0.000000992856830
20 13
    -0.002957777512597    -0.009023206302615     0.000000000000000
    -0.009024634005727    -0.021893966110249     0.000000000000000
    -0.000000000000000    -0.000000000000000     0.496745743687308
20 14
    -0.000036180809369     0.000003711621870    -0.000000000000000
     0.000003713633709     0.000211143389185    -0.000000000000000
    -0.000000000000000     0.000000000000000    -0.000004921792182
20 15
     0.000121323291784    -0.000698671043696     0.000000000000000
    -0.000698483038752     0.000486577361642    -0.000000000000000
    -0.000000000000000    -0.000000000000000    -0.000033343553284
20 16
    -0.000007006183683    -0.000038433467329     0.000000000000000
    -0.000038434494377     0.000103161133192    -0.000000000000000
    -0.000000000000000     0.000000000000000    -0.000001705974240
20 17
     0.000108480407058    -0.000000668375180    -0.000000000000000
    -0.000000667347327    -0.000014093985972    -0.000000000000000
     0.000000000000000    -0.000000000000000    -0.000001672648348
20 18
     0.000108903918208    -0.000028486277843     0.000000000000000
    -0.000028484335736    -0.000012750940558    -0.000000000000000
     0.000000000000000    -0.000000000000000    -0.000001706344559
20 19
     1.600883868174918     2.773485788231329     0.000000000000000
    -0.058621202865431    -0.101555884834014     0.000000000000000
     0.000000000000001     0.000000000000003     1.928280861004088
20 20
    10.758669252346905     0.425135296534289     0.000000000000000
     0.425677885420840    30.531376055289030     0.000000000000000
     0.000000000000011     0.000000000000009     4.353576911672557
20 21
     0.000048743436022    -0.000067115210460     0.000000000000000
    -0.000067116403529     0.000060543058192    -0.000000000000000
    -0.000000000000000    -0.000000000000000    -0.000001209277498
20 22
     0.000027157855431    -0.000013709850380    -0.000000000000000
    -0.000013709726219     0.000002560021537    -0.000000000000000
     0.000000000000000    -0.000000000000000    -0.000000279722677
20 23
     0.000035848007205    -0.000000834074199     0.000000000000000
    -0.000000834065349     0.000020184597162    -0.000000000000000
     0.000000000000000     0.000000000000000    -0.000001314172480
20 24
     0.000020582492928     0.000017505990438    -0.000000000000000
     0.000017505780881     0.000009135489544    -0.000000000000000
     0.000000000000000     0.000000000000000    -0.000000279717512
20 25
    -0.000464414920126    -0.000001535454441     0.000000000000000
    -0.000001620643869    -0.000635857991331     0.000000000000000
    -0.000000000000000    -0.000000000000000     0.000042592248213
20 26
     0.000047154049512     0.000235313543262    -0.000000000000000
     0.000235313555812     0.000318870612683    -0.000000000000000
     0.000000000000000     0.000000000000000    -0.000018281879545
20 27
     0.000166555008353    -0.000047264463844     0.000000000000000
    -0.000047262584423    -0.000012796898163    -0.000000000000000
     0.000000000000000    -0.000000000000000    -0.000001564701835
20 28
     0.000025704898903     0.000000000000000     0.000000000000000
     0.000000000275947    -0.000004250341368    -0.000000000000000
     0.000000000000000    -0.000000000000000    -0.000000334955906
20 29
     0.000048829451026    -0.000276483043243    -0.000000000000000
    -0.000276491476550     0.000412945637781    -0.000000000000000
    -0.000000000000000    -0.000000000000000    -0.000008156402202
20 30
    -0.001496514595624     0.002598613972628     0.000000000000000
     0.002600487779894    -0.004500381006919     0.000000000000000
     0.000000000000000     0.000000000000000     0.000287624584281
20 31
   -11.508454211809351    -0.805173884184291     0.000000000000000
    -0.453170661228603   -30.335139567480702    -0.000000000000000
    -0.000000000000011    -0.000000000000010    -8.028070761528612
20 32
    -0.464982282375076     0.294276257210515    -0.000000000000000
     0.294294835103680    -0.125189401250319    -0.000000000000000
    -0.000000000000000     0.000000000000000    -0.617861601220915
20 33
     0.000078996907596     0.000038886648739     0.000000000000000
     0.000038886450490     0.000014780461902    -0.000000000000000
     0.000000000000000     0.000000000000000    -0.000000965506909
20 34
     0.000003288323385    -0.000000000000000     0.000000000000000
     0.000000000008683     0.000009395519927    -0.000000000000000
     0.000000000000000     0.000000000000000    -0.000000285699907
20 35
     0.000178342329321    -0.000144258474104    -0.000000000000000
    -0.000144259596225     0.000055118423562    -0.000000000000000
     0.000000000000000    -0.000000000000000    -0.000002584244152
20 36
     0.000004151445884    -0.000006366149374     0.000000000000000
    -0.000006366229152     0.000011502579799    -0.000000000000000
     0.000000000000000     0.000000000000000    -0.000000307336827
20 37
     0.000011992971868    -0.000108057807974     0.000000000000000
    -0.000108061064953     0.000185079761938    -0.000000000000000
    -0.000000000000000     0.000000000000000    -0.000002355284880
20 38
     0.000020807400424    -0.000040877328568     0.000000000000000
    -0.000040878111786     0.000049191296026    -0.000000000000000
    -0.000000000000000    -0.000000000000000    -0.000000826156874
20 39
     0.000329734349312    -0.000401724512178    -0.000000000000000
    -0.000401732618980     0.000231998050900    -0.000000000000000
     0.000000000000000    -0.000000000000000    -0.000015042217764
20 40
    -1.053919143872186     0.158837076251184     0.000000000000000
     0.158535290485382     0.052857911692444     0.000000000000000
    -0.000000000000001     0.000000000000000     0.076715049257719
20 41
     0.000656421247400    -0.000056359421349    -0.000000000000000
    -0.000056348815093    -0.000116344659294    -0.000000000000000
     0.000000000000000    -0.000000000000000    -0.000013902406976
20 42
     0.000927779374899     0.000568393735068     0.000000000000000
     0.000568375007322    -0.000090620996587    -0.000000000000000
     0.000000000000000     0.000000000000000    -0.000049963900875
21 1
     0.000028349403336    -0.000408807648478    -0.000000000000000
    -0.000408795522206     0.000758606103180    -0.000000000000000
     0.000000000000000    -0.000000000000000    -0.000007649160678
21 2
     0.000064312645075    -0.000261219789764    -0.000000000000000
    -0.000261214483625     0.000366012294560    -0.000000000000000
     0.000000000000000    -0.000000000000000    -0.000006831747375
21 3
    -0.003732791930523     0.012390625180172     0.000000000000000
     0.012383764024419    -0.035750942946163     0.000000000000000
    -0.000000000000000     0.000000000000000     0.373399274727824
21 4
     1.089046968293699     1.815672274341732     0.000000000000000
     0.000417653521514    -0.002157190131004     0.000000000000000
     0.000000000000001     0.000000000000001     1.484092630329689
21 5
    -0.000240156021969    -0.000007292220012    -0.000000000000000
    -0.000007292794658     0.001465658844099    -0.000000000000000
     0.000000000000000    -0.000000000000000    -0.000014512325408
21 6
    -0.000042514167435     0.000164410861438    -0.000000000000000
     0.000164405036856     0.000622898886925    -0.000000000000000
    -0.000000000000000    -0.000000000000000    -0.000006064447299
21 7
    -0.001065369489563     0.000001317815783     0.000000000000000
     0.000001421257708    -0.000822773808778     0.000000000000000
    -0.000000000000000     0.000000000000000     0.000173500621207
21 8
    -0.000319289076217    -0.000695900355847    -0.000000000000000
    -0.000695890149478     0.002307582830779    -0.000000000000000
     0.000000000000000    -0.000000000000000    -0.000033353011442
21 9
     1.077526132553142    -0.000387019507856     0.000000000000000
    -1.796625929541001    -0.002034329677902     0.000000000000000
     0.000000000000002    -0.000000000000000     2.877724647587916
21 10
   -36.915725397087016   -14.245441092855796    -0.000000000000001
   -13.809681779746313   -22.753800918334214    -0.000000000000000
    -0.000000000000018     0.000000000000006   -15.478034606431661
21 11
     0.000220542347688     0.001518602736782    -0.000000000000000
     0.001518630290959     0.002011958335568    -0.000000000000000
    -0.000000000000000    -0.000000000000000    -0.000039993443721
21 12
     0.000211277447924     0.000516930086274    -0.000000000000000
     0.000516920591960     0.000567298075765    -0.000000000000000
     0.000000000000000     0.000000000000000    -0.000007340318628
21 13
     0.000527656499846    -0.000360151302927    -0.000000000000000
    -0.000319045286304     0.000635526127660    -0.000000000000000
     0.000000000000000    -0.000000000000000    -0.000007118089827
21 14
     0.000121150734122    -0.000698458582368    -0.000000000000000
    -0.000698599179194     0.000486721031567    -0.000000000000000
     0.000000000000000    -0.000000000000000    -0.000033309717365
21 15
    -2.916726420805463     1.851209713424344    -0.000000000000000
     1.851392866442556    -0.786497380687091    -0.000000000000000
    -0.000000000000002     0.000000000000002    -0.434818005304238
21 16
    -0.024974862299895    -0.003686936059407     0.000000000000000
    -0.003688363762535     0.000123119496063     0.000000000000000
    -0.000000000000000     0.000000000000000     0.496740134003689
21 17
     0.000322421664955     0.000190594946150    -0.000000000000000
     0.000232463606138     0.000851820437536    -0.000000000000000
     0.000000000000000    -0.000000000000000    -0.000007235152880
21 18
     0.000017128953647     0.000053411283266    -0.000000000000000
     0.000053410221469     0.000077257604470    -0.000000000000000
    -0.000000000000000     0.000000000000000    -0.000001672617070
21 19
    -0.000039807619002    -0.000165419095596    -0.000000000000000
    -0.000165414010825     0.000613052321092    -0.000000000000000
     0.000000000000000    -0.000000000000000    -0.000005997679998
21 20
     0.000048744910177    -0.000067115957278    -0.000000000000000
    -0.000067115447912     0.000060542540720    -0.000000000000000
     0.000000000000000    -0.000000000000000    -0.000001209304863
21 21
    77.403614536214533     5.788660721404014     0.000000000000001
     5.788663908442992    84.994392568926699     0.000000000000000
     0.000000000000048    -0.000000000000038    26.643934909450749
21 22
     1.500121384034243    -2.832066078396191     0.000000000000000
     0.000189865849357    -0.000354570328332     0.000000000000000
     0.000000000000001    -0.000000000000002     1.927965228768413
21 23
     0.000306590776178     0.000365404533143    -0.000000000000000
     0.000365403144350     0.000266661421380    -0.000000000000000
    -0.000000000000000     0.000000000000000    -0.000005997285142
21 24
     0.000024822791304     0.000007199520987    -0.000000000000000
     0.000007199496861     0.000031209829183    -0.000000000000000
     0.000000000000000    -0.000000000000000    -0.000001314169378
21 25
     0.000240655110258    -0.001488929076559    -0.000000000000000
    -0.001488943170194     0.001959946768391    -0.000000000000000
     0.000000000000000    -0.000000000000000    -0.000039046105385
21 26
     0.000072975149705    -0.000101293640771    -0.000000000000000
    -0.000101292821428     0.000080784951268    -0.000000000000000
     0.000000000000000    -0.000000000000000    -0.000001564701834
21 27
     0.000064323788109     0.000261165936978    -0.000000000000000
     0.000261160406572     0.000365882684423    -0.000000000000000
    -0.000000000000000    -0.000000000000000    -0.000006830453458
21 28
     0.000048836131482     0.000276496808945    -0.000000000000000
     0.000276487603142     0.000412937701256    -0.000000000000000
    -0.000000000000000    -0.000000000000000    -0.000008156491571
21 29
    -0.610728791605414    -1.012118397790935     0.000000000000000
     1.012171239682837     1.683295053079218     0.000000000000000
    -0.000000000000002    -0.000000000000002     1.333047048198694
21 30
    -0.000594320781078     0.000073385682980     0.000000000000000
     0.000073465960993    -0.000505897251506     0.000000000000000
    -0.000000000000000     0.000000000000000     0.000042743224438
21 31
     0.000073979322742    -0.000209245533093    -0.000000000000000
    -0.000209241943392     0.000315589042155    -0.000000000000000
     0.000000000000000    -0.000000000000000    -0.000007304440767
21 32
    -0.000002842723680    -0.000008363660654    -0.000000000000000
    -0.000008363485289     0.000096619366252    -0.000000000000000
     0.000000000000000    -0.000000000000000    -0.000000965506910
21 33
     0.000087355385482     0.000105022241525    -0.000000000000000
     0.000105021186868     0.000208622815865    -0.000000000000000
     0.000000000000000    -0.000000000000000    -0.000006159197943
21 34
     0.000178344972423     0.000144256932062    -0.000000000000000
     0.000144258060598     0.000055119315915    -0.000000000000000
     0.000000000000000     0.000000000000000    -0.000002583906701
21 35
   -14.543342587289036     1.016954140861943    -0.000000000000000
    -1.016713310510745   -45.544586587403955    -0.000000000000000
    -0.000000000000021     0.000000000000037   -11.332108261083915
21 36
   -26.173468826860294     7.661667619900369    -0.000000000000000
     8.014188782105949   -15.669209598931694    -0.000000000000000
    -0.000000000000017     0.000000000000015    -8.026933581615145
21 37
     0.129831397478239    -0.038430791660259    -0.000000000000000
    -0.038361156032420    -1.887120333235882    -0.000000000000000
    -0.000000000000000     0.000000000000001    -1.409563854868060
21 38
    -0.010773054822026    -0.012839614597176     0.000000000000000
    -0.012835426560251    -0.015524797694183     0.000000000000000
    -0.000000000000000    -0.000000000000000     1.544666461274513
21 39
    -0.000256838802558     0.000599450885933    -0.000000000000000
     0.000599436730255     0.001965414512344     0.000000000000000
    -0.000000000000000    -0.000000000000000    -0.000033010355412
21 40
     0.000190921758189    -0.001224726592782    -0.000000000000000
    -0.001224720964019     0.001703981306692    -0.000000000000000
     0.000000000000000    -0.000000000000000    -0.000039623066269
21 41
    -0.000920539749282    -0.000034480724206     0.000000000000000
    -0.000034462204213     0.001768209508441     0.000000000000000
    -0.000000000000000    -0.000000000000000     0.000001372881957
21 42
    -0.000036397236046    -0.000131410336868    -0.000000000000000
    -0.000131406048326     0.000498664271236    -0.000000000000000
     0.000000000000000    -0.000000000000000    -0.000004799068761
22 1
     0.000249894652038    -0.000435825426929    -0.000000000000000
    -0.000435820613451     0.000358560272208    -0.000000000000000
     0.000000000000000    -0.000000000000000    -0.000013588208935
22 2
     0.000069019582727    -0.000097369540914    -0.000000000000000
    -0.000097368719903     0.000079380517107    -0.000000000000000
     0.000000000000000    -0.000000000000000    -0.000001506662370
22 3
    -0.506813507268027     0.445659057490353    -0.000000000000000
     0.445628190346736    -0.291988277734366    -0.000000000000000
    -0.000000000000001     0.000000000000001    -0.448437892319673
22 4
    -0.698358563723370    -1.162130687655209     0.000000000000000
     1.317739893986698     2.192684953483467     0.000000000000000
    -0.000000000000002    -0.000000000000002     1.743000066118705
22 5
    -0.000462439748320    -0.000011539033769     0.000000000000000
    -0.000011911513414    -0.000421047552102     0.000000000000000
    -0.000000000000000     0.000000000000000     0.000032033065676
22 6
    -0.000261797199655     0.000101772038788    -0.000000000000000
     0.000101775267069     0.001226363074430    -0.000000000000000
    -0.000000000000000    -0.000000000000000    -0.000034465869841
22 7
    -0.000020614299870     0.000038430705778    -0.000000000000000
     0.000038428980097     0.000194042719942    -0.000000000000000
    -0.000000000000000    -0.000000000000000    -0.000001857386572
22 8
    -0.000004804977944    -0.000007270453814    -0.000000000000000
    -0.000007270302452     0.000103973949718    -0.000000000000000
     0.000000000000000    -0.000000000000000    -0.000000992856830
22 9
     0.000061792420156     0.000571345709343    -0.000000000000000
     0.000571345391198     0.000847832616846    -0.000000000000000
    -0.000000000000000    -0.000000000000000    -0.000029456381865
22 10
    -0.009876894615775    -0.013013933036217     0.000000000000000
    -0.013009414936608    -0.015366959592305     0.000000000000000
    -0.000000000000000    -0.000000000000000     0.495934549489513
22 11
     0.000015005639600     0.000063613095841    -0.000000000000000
     0.000063611617064     0.000091957861184    -0.000000000000000
    -0.000000000000000    -0.000000000000000    -0.000001054906940
22 12
     0.000011754308542     0.000075496501212    -0.000000000000000
     0.000075494339128     0.000123822249949    -0.000000000000000
    -0.000000000000000    -0.000000000000000    -0.000001249888064
22 13
     0.000015971227878    -0.000052742853169    -0.000000000000000
    -0.000052741825315     0.000078415196649    -0.000000000000000
     0.000000000000000    -0.000000000000000    -0.000001672648348
22 14
    -0.000007006224366    -0.000038436417526    -0.000000000000000
    -0.000038434475419     0.000103159206328    -0.000000000000000
     0.000000000000000    -0.000000000000000    -0.000001706344559
22 15
    -0.024974862299886    -0.003686936059416     0.000000000000000
    -0.003688363762528     0.000123119496059     0.000000000000000
    -0.000000000000000     0.000000000000000     0.496745743687308
22 16
     0.000152527563577     0.000105237198236    -0.000000000000000
     0.000105239210075     0.000022435009220    -0.000000000000000
     0.000000000000000     0.000000000000000    -0.000004921792182
22 17
    -0.000209721622346     0.000507354164911    -0.000000000000000
     0.000507542169855     0.000817622288087    -0.000000000000000
    -0.000000000000000    -0.000000000000000    -0.000033343553284
22 18
     0.000042334497927     0.000066921350716    -0.000000000000000
     0.000066920323668     0.000053820449746    -0.000000000000000
     0.000000000000000     0.000000000000000    -0.000001705974240
22 19
     0.000023378123511    -0.000006365425493    -0.000000000000000
    -0.000006365416643     0.000032654481321    -0.000000000000000
     0.000000000000000    -0.000000000000000    -0.000001314172480
22 20
     0.000027157781549    -0.000013709536154    -0.000000000000000
    -0.000013709745711     0.000002560200678    -0.000000000000000
     0.000000000000000    -0.000000000000000    -0.000000279717512
22 21
     1.499624883767175     0.000159299872379     0.000000000000000
    -2.831947691224380    -0.000296896659505     0.000000000000000
     0.000000000000003     0.000000000000000     1.928280861004088
22 22
    25.956611410616439     8.348858273987561     0.000000000000000
     8.349400862874113    15.333433331667134     0.000000000000000
     0.000000000000013    -0.000000000000005     4.353576911672557
22 23
    -0.000000530841811     0.000038667885429    -0.000000000000000
     0.000038666692359     0.000109817337858    -0.000000000000000
    -0.000000000000000    -0.000000000000000    -0.000001209277498
22 24
    -0.000003163544788    -0.000003796342685    -0.000000000000000
    -0.000003796218524     0.000032881422884    -0.000000000000000
     0.000000000000000    -0.000000000000000    -0.000000279722677
22 25
    -0.000008890332988    -0.000054030832512    -0.000000000000000
    -0.000054028953091     0.000162648449704    -0.000000000000000
     0.000000000000000    -0.000000000000000    -0.000001564701835
22 26
     0.000003238588307    -0.000012971206658    -0.000000000000000
    -0.000012970930712     0.000018215970064    -0.000000000000000
     0.000000000000000    -0.000000000000000    -0.000000334955906
22 27
     0.000082471593132     0.000295914776712    -0.000000000000000
     0.000295906343405     0.000379303494423    -0.000000000000000
    -0.000000000000000    -0.000000000000000    -0.000008156402202
22 28
    -0.001498137223138    -0.002601424604343     0.000000000000000
    -0.002599550797078    -0.004498758379344     0.000000000000000
     0.000000000000000     0.000000000000000     0.000287624584281
22 29
    -0.000594363836421    -0.000073405399330     0.000000000000000
    -0.000073490588758    -0.000505909070202     0.000000000000000
    -0.000000000000000     0.000000000000000     0.000042592248213
22 30
     0.000454728970958    -0.000000000060824    -0.000000000000000
    -0.000000000048274    -0.000088704323924    -0.000000000000000
     0.000000000000000     0.000000000000000    -0.000018281879545
22 31
     0.000064511312118    -0.000047249713094    -0.000000000000000
    -0.000047249911343     0.000029266057918    -0.000000000000000
     0.000000000000000    -0.000000000000000    -0.000000965506909
22 32
     0.000007868724289     0.000002644487061    -0.000000000000000
     0.000002644495744     0.000004815118852    -0.000000000000000
     0.000000000000000    -0.000000000000000    -0.000000285699907
22 33
    -0.000039007588390     0.000018772560392    -0.000000000000000
     0.000018771438271     0.000272468349358    -0.000000000000000
    -0.000000000000000    -0.000000000000000    -0.000002584244152
22 34
     0.000004151514475     0.000006366268753    -0.000000000000000
     0.000006366188975     0.000011502511209    -0.000000000000000
     0.000000000000000    -0.000000000000000    -0.000000307336827
22 35
   -26.173346543615153    -8.013609031655323    -0.000000000000000
    -7.661605808699635   -15.670246690151600    -0.000000000000000
    -0.000000000000014     0.000000000000004    -8.028070761528612
22 36
     0.044721136159552    -0.000017423732387    -0.000000000000000
     0.000001154160777    -0.634892838745541    -0.000000000000000
     0.000000000000000     0.000000000000000    -0.617861601220915
22 37
    -0.000091475017716     0.000158547273018    -0.000000000000000
     0.000158539166217     0.000653207433596    -0.000000000000000
    -0.000000000000000    -0.000000000000000    -0.000015042217764
22 38
     0.000048225843901     0.000128980123764    -0.000000000000000
     0.000128976866785     0.000148846888557    -0.000000000000000
     0.000000000000000     0.000000000000000    -0.000002355284880
22 39
     0.000006694177289     0.000032729838459    -0.000000000000000
     0.000032729055241     0.000063304519686    -0.000000000000000
    -0.000000000000000    -0.000000000000000    -0.000000826156874
22 40
     0.000656214394226    -0.000725163124932    -0.000000000000000
    -0.000725181852678     0.000180943994187    -0.000000000000000
     0.000000000000000    -0.000000000000000    -0.000049963900875
22 41
    -0.086410090202971     0.400056332483541     0.000000000000000
     0.399754546717738    -0.914651177967402     0.000000000000000
    -0.000000000000001     0.000000000000001     0.076715049257719
22 42
     0.000028042723546    -0.000306445701555    -0.000000000000000
    -0.000306435095299     0.000512033887935    -0.000000000000000
     0.000000000000000    -0.000000000000000    -0.000013902406976
23 1
     0.001032889590199     0.000742286035205    -0.000000000000000
     0.000742285460559     0.000192613184575     0.000000000000000
    -0.000000000000000    -0.000000000000000    -0.000014512325408
23 2
     0.000598927063854     0.000205931237586    -0.000000000000000
     0.000205925413004    -0.000018542368225     0.000000000000000
    -0.000000000000000    -0.000000000000000    -0.000006064447299
23 3
     0.000222009355626     0.000520605149871    -0.000000000000000
     0.000520617276144     0.000564946143686     0.000000000000000
    -0.000000000000000    -0.000000000000000    -0.000007649160678
23 4
     0.000064366699904     0.000261245692195    -0.000000000000000
     0.000261250998334     0.000365958239729     0.000000000000000
    -0.000000000000000    -0.000000000000000    -0.000006831747375
23 5
    -0.017018779187142    -0.020054432486150     0.000000000000000
    -0.020061293641902    -0.022464955195315    -0.000000000000000
     0.000000000000000     0.000000000000000     0.373399274727824
23 6
     1.057033841452102    -0.018900441264887     0.000000000000000
    -1.834155062085105     0.029855937901462    -0.000000000000000
     0.000000000000001    -0.000000000000000     1.484092630329689
23 7
     0.002879264737622     0.000016383825121    -0.000000000000000
     0.000016411379298    -0.000646764153269     0.000000000000000
    -0.000000000000000     0.000000000000000    -0.000039993443721
23 8
     0.000925963370186    -0.000104296474681    -0.000000000000000
    -0.000104305968995    -0.000147387873083     0.000000000000000
     0.000000000000000     0.000000000000000    -0.000007340318628
23 9
    -0.000882236652428     0.000104310537076     0.000000000000000
     0.000104413979001    -0.001005906652725    -0.000000000000000
     0.000000000000000     0.000000000000000     0.000173500621207
23 10
     0.001048201833680     0.001485411409107    -0.000000000000000
     0.001485421615475     0.000940091870013     0.000000000000000
    -0.000000000000000    -0.000000000000000    -0.000033353011442
23 11
    -0.510273631993413     0.879909291010228     0.000000000000000
    -0.916329619022916     1.585765493933642    -0.000000000000000
     0.000000000000000    -0.000000000000002     2.877724647587916
23 12
   -38.442505734235027    12.928194724705225    -0.000000000000001
    13.363954037814709   -21.227020524391151     0.000000000000000
    -0.000000000000004     0.000000000000019   -15.478034606431661
23 13
     0.000902660444003     0.000102537415371    -0.000000000000000
     0.000144406075359     0.000271581636903     0.000000000000000
    -0.000000000000000    -0.000000000000000    -0.000007235152880
23 14
     0.000108480507134    -0.000000668376491    -0.000000000000000
    -0.000000669438288    -0.000014093952415     0.000000000000000
     0.000000000000000     0.000000000000000    -0.000001672617070
23 15
     0.000314457958227     0.000195955048620    -0.000000000000000
     0.000237061065243     0.000848724677210     0.000000000000000
    -0.000000000000000    -0.000000000000000    -0.000007118089827
23 16
    -0.000209615301155     0.000507631316136    -0.000000000000000
     0.000507490719310     0.000817487079148     0.000000000000000
    -0.000000000000000    -0.000000000000000    -0.000033309717365
23 17
     0.284219298547121    -0.003325959339591    -0.000000000000000
    -0.003142806321378    -3.987443219112512     0.000000000000000
     0.000000000000000     0.000000000000003    -0.434818005304238
23 18
    -0.009344974400127     0.012712283916712     0.000000000000000
     0.012710856213584    -0.015506768985126    -0.000000000000000
    -0.000000000000000     0.000000000000000     0.496740134003689
23 19
     0.000593092753749    -0.000199991147399    -0.000000000000000
    -0.000199992536193    -0.000019840566849     0.000000000000000
     0.000000000000000     0.000000000000000    -0.000005997285142
23 20
     0.000035848026350    -0.000000834074321    -0.000000000000000
    -0.000000834098447     0.000020184593728     0.000000000000000
    -0.000000000000000    -0.000000000000000    -0.000001314169378
23 21
     0.000306582384343     0.000365402376220    -0.000000000000000
     0.000365407460991     0.000266662304863     0.000000000000000
    -0.000000000000000    -0.000000000000000    -0.000005997679998
23 22
    -0.000000530770964     0.000038666119611    -0.000000000000000
     0.000038666628978     0.000109818223694     0.000000000000000
    -0.000000000000000    -0.000000000000000    -0.000001209304863
23 23
    88.109824214862883     0.392569246493714     0.000000000000001
     0.392572433532692    74.288182492015167    -0.000000000000001
    -0.000000000000008    -0.000000000000061    26.643934909450749
23 24
    -0.851473929139421    -1.357884078187850     0.000000000000000
     1.474371866057698     2.351240830322956    -0.000000000000000
    -0.000000000000001    -0.000000000000002     1.927965228768413
23 25
     0.000516666887219     0.000000000008323    -0.000000000000000
    -0.000000005522083    -0.000086460431515     0.000000000000000
    -0.000000000000000     0.000000000000000    -0.000006830453458
23 26
     0.000561361567221     0.000019419100652    -0.000000000000000
     0.000019409894848    -0.000099587753548     0.000000000000000
    -0.000000000000000     0.000000000000000    -0.000008156491571
23 27
     1.109811926155012    -0.018816574656111     0.000000000000000
     2.005473062817662    -0.037245728684067    -0.000000000000000
    -0.000000000000003     0.000000000000001     1.333047048198694
23 28
    -0.000464414493833     0.000001535470312     0.000000000000000
     0.000001615748325    -0.000635803543583    -0.000000000000000
     0.000000000000000     0.000000000000000     0.000042743224438
23 29
     0.000240667315703     0.001488950217011    -0.000000000000000
     0.001488936123376     0.001959934562945     0.000000000000000
    -0.000000000000000    -0.000000000000000    -0.000039046105385
23 30
    -0.000008890011109     0.000054027947915    -0.000000000000000
     0.000054028767259     0.000162650115127     0.000000000000000
    -0.000000000000000    -0.000000000000000    -0.000001564701834
23 31
     0.000269257423201     0.000000000005528    -0.000000000000000
    -0.000000001049128     0.000026720771380     0.000000000000000
    -0.000000000000000    -0.000000000000000    -0.000006159197943
23 32
     0.000210856382688    -0.000125487588780    -0.000000000000000
    -0.000125486460244     0.000022607904440     0.000000000000000
     0.000000000000000     0.000000000000000    -0.000002583906701
23 33
   -37.794170034107154   -12.407158424470277    -0.000000000000000
   -14.440825875842963   -22.293758275672012     0.000000000000000
     0.000000000000021     0.000000000000037   -11.332108261083915
23 34
   -11.507429159895743     0.453253325053127    -0.000000000000000
     0.805774487258707   -30.335249811462184     0.000000000000000
     0.000000000000005     0.000000000000022    -8.026933581615145
23 35
     0.000073976213966     0.000209240148539    -0.000000000000000
     0.000209243738241     0.000315592150931     0.000000000000000
    -0.000000000000000    -0.000000000000000    -0.000007304440767
23 36
     0.000064510774548     0.000047250046345    -0.000000000000000
     0.000047250221710     0.000029265865518     0.000000000000000
    -0.000000000000000    -0.000000000000000    -0.000000965506910
23 37
     0.001928984685079     0.000662549072206    -0.000000000000000
     0.000662534916528    -0.000220409056604     0.000000000000000
    -0.000000000000000     0.000000000000000    -0.000033010355412
23 38
    -1.416134236043230    -0.854202535240467    -0.000000000000000
    -0.854132899612628    -0.341154642205619     0.000000000000000
     0.000000000000001     0.000000000000001    -1.409563854868060
23 39
    -0.025454480278998     0.004359101462924     0.000000000000000
     0.004363289499849    -0.000843371691073    -0.000000000000000
    -0.000000000000000     0.000000000000000     1.544666461274513
23 40
     0.000251096049565     0.000297390377251    -0.000000000000000
     0.000297394665793     0.000211170974930     0.000000000000000
    -0.000000000000000    -0.000000000000000    -0.000004799068761
23 41
     0.000265074487040     0.001267533062779    -0.000000000000000
     0.001267538691541     0.001629828575083     0.000000000000000
    -0.000000000000000    -0.000000000000000    -0.000039623066269
23 42
     0.001066168981523     0.001181489046078     0.000000000000000
     0.001181507566072    -0.000218499296268    -0.000000000000000
    -0.000000000000000    -0.000000000000000     0.000001372881957
24 1
    -0.000441549974017     0.000023972230455     0.000000000000000
     0.000023599750811    -0.000441937327182    -0.000000000000000
     0.000000000000000     0.000000000000000     0.000032033065676
24 2
     0.000942461538926     0.000593503852757    -0.000000000000000
     0.000593507081038     0.000022104291051     0.000000000000000
    -0.000000000000000    -0.000000000000000    -0.000034465869841
24 3
    -0.000046039942856     0.000264962692249    -0.000000000000000
     0.000264967505726     0.000654494878111     0.000000000000000
    -0.000000000000000    -0.000000000000000    -0.000013588208935
24 4
    -0.000007533857612     0.000053170569693    -0.000000000000000
     0.000053171390704     0.000155933960294     0.000000000000000
    -0.000000000000000    -0.000000000000000    -0.000001506662370
24 5
     0.040244115198231    -0.129784318879024    -0.000000000000000
    -0.129815186022641    -0.839045920550767     0.000000000000000
     0.000000000000000     0.000000000000001    -0.448437892319673
24 6
     1.537304774626696    -0.026979039765231     0.000000000000000
     2.452891541876675    -0.042978468031643    -0.000000000000000
    -0.000000000000003     0.000000000000000     1.743000066118705
24 7
     0.000127809718881     0.000001515849685    -0.000000000000000
     0.000001514370908    -0.000020846222293     0.000000000000000
    -0.000000000000000     0.000000000000000    -0.000001054906940
24 8
     0.000161186211663     0.000010780211969    -0.000000000000000
     0.000010778049885    -0.000025609658731     0.000000000000000
    -0.000000000000000     0.000000000000000    -0.000001249888064
24 9
     0.000173659679203     0.000073735156104    -0.000000000000000
     0.000073733430423    -0.000000231266358     0.000000000000000
    -0.000000000000000    -0.000000000000000    -0.000001857386572
24 10
     0.000070482882861     0.000050737769963    -0.000000000000000
     0.000050737921325     0.000028686086113     0.000000000000000
    -0.000000000000000    -0.000000000000000    -0.000000992856830
24 11
     0.001146122295689     0.000054692765976    -0.000000000000000
     0.000054692447830    -0.000236497299024     0.000000000000000
    -0.000000000000000     0.000000000000000    -0.000029456381865
24 12
    -0.025262882927848     0.004126310277662     0.000000000000000
     0.004130828377271     0.000019029292116    -0.000000000000000
    -0.000000000000000     0.000000000000000     0.495934549489513
24 13
     0.001000249283551     0.000191034871369    -0.000000000000000
     0.000191222876314    -0.000392348662820     0.000000000000000
    -0.000000000000000     0.000000000000000    -0.000033343553284
24 14
     0.000108904104263    -0.000028486342815    -0.000000000000000
    -0.000028487369863    -0.000012749159066     0.000000000000000
     0.000000000000000     0.000000000000000    -0.000001705974240
24 15
     0.000017127997480     0.000053409686569    -0.000000000000000
     0.000053410714422     0.000077258427005     0.000000000000000
    -0.000000000000000    -0.000000000000000    -0.000001672648348
24 16
     0.000042331773345     0.000066919782208    -0.000000000000000
     0.000066921724316     0.000053821206782     0.000000000000000
    -0.000000000000000    -0.000000000000000    -0.000001706344559
24 17
    -0.009344974400127     0.012712283916699     0.000000000000000
     0.012710856213587    -0.015506768985120    -0.000000000000000
    -0.000000000000000     0.000000000000000     0.496745743687308
24 18
     0.000146097103735    -0.000108951837865    -0.000000000000000
    -0.000108949826025     0.000028865469301     0.000000000000000
     0.000000000000000     0.000000000000000    -0.000004921792182
24 19
     0.000115717143732     0.000028449114635    -0.000000000000000
     0.000028447921565    -0.000006430652009     0.000000000000000
    -0.000000000000000     0.000000000000000    -0.000001209277498
24 20
     0.000020582504666     0.000017506006824    -0.000000000000000
     0.000017506130985     0.000009135372547     0.000000000000000
    -0.000000000000000    -0.000000000000000    -0.000000279722677
24 21
     0.000024822774709     0.000007199486416    -0.000000000000000
     0.000007199495267     0.000031209830068     0.000000000000000
    -0.000000000000000    -0.000000000000000    -0.000001314172480
24 22
    -0.000003163301280    -0.000003796139948    -0.000000000000000
    -0.000003796349505     0.000032881284634     0.000000000000000
     0.000000000000000    -0.000000000000000    -0.000000279717512
24 23
    -0.851516771264026     1.474515398541429     0.000000000000000
    -1.357591592555330     2.350844845832444    -0.000000000000000
     0.000000000000002    -0.000000000000002     1.928280861004088
24 24
    25.219785594873297    -8.774807453851743     0.000000000000000
    -8.774264864965190    16.070259174819689    -0.000000000000000
     0.000000000000003    -0.000000000000014     4.353576911672557
24 25
     0.000561361566010    -0.000019419083509    -0.000000000000000
    -0.000019427516815    -0.000099586496269     0.000000000000000
    -0.000000000000000     0.000000000000000    -0.000008156402202
24 26
    -0.006000691333936    -0.000000000079183     0.000000000000000
     0.000001873728082     0.000003795898946    -0.000000000000000
     0.000000000000000    -0.000000000000000     0.000287624584281
24 27
    -0.000591630575158     0.000075068637913     0.000000000000000
     0.000074983448485    -0.000508642331566    -0.000000000000000
     0.000000000000000     0.000000000000000     0.000042592248213
24 28
     0.000047153955030    -0.000235313501264    -0.000000000000000
    -0.000235313488713     0.000318870707164     0.000000000000000
     0.000000000000000    -0.000000000000000    -0.000018281879545
24 29
     0.000072972490634     0.000101292477225    -0.000000000000000
     0.000101294356646     0.000080785623038     0.000000000000000
    -0.000000000000000    -0.000000000000000    -0.000001564701835
24 30
     0.000003238349330     0.000012970792738    -0.000000000000000
     0.000012971068685     0.000018216209041     0.000000000000000
    -0.000000000000000    -0.000000000000000    -0.000000334955906
24 31
     0.000210856385318     0.000125487596893    -0.000000000000000
     0.000125486474772     0.000022604366356     0.000000000000000
    -0.000000000000000    -0.000000000000000    -0.000002584244152
24 32
     0.000015178077524     0.000000000000288    -0.000000000000000
    -0.000000000079490     0.000000475947749     0.000000000000000
    -0.000000000000000    -0.000000000000000    -0.000000307336827
24 33
   -25.083588220843094     8.290778081406147    -0.000000000000000
     8.642781304361835   -16.760005053461906     0.000000000000000
    -0.000000000000003     0.000000000000014    -8.028070761528612
24 34
    -0.464996372237137    -0.294286700317874    -0.000000000000000
    -0.294268122424709    -0.125175311387733     0.000000000000000
     0.000000000000000     0.000000000000000    -0.617861601220915
24 35
    -0.000002842166292     0.000008363361729    -0.000000000000000
     0.000008363163479     0.000096619538835     0.000000000000000
    -0.000000000000000    -0.000000000000000    -0.000000965506909
24 36
     0.000007868716769    -0.000002644500086    -0.000000000000000
    -0.000002644491402     0.000004815126372     0.000000000000000
     0.000000000000000    -0.000000000000000    -0.000000285699907
24 37
     0.000077496464217     0.000008148664937    -0.000000000000000
     0.000008147881718    -0.000007497769876     0.000000000000000
    -0.000000000000000     0.000000000000000    -0.000000826156874
24 38
     0.000604339255777     0.000243189399362    -0.000000000000000
     0.000243181292561    -0.000042606865780     0.000000000000000
    -0.000000000000000    -0.000000000000000    -0.000015042217764
24 39
     0.000235390274612    -0.000020917430322    -0.000000000000000
    -0.000020920687300    -0.000038317549116     0.000000000000000
     0.000000000000000    -0.000000000000000    -0.000002355284880
24 40
     0.000125650917705     0.000362789213520    -0.000000000000000
     0.000362799819776     0.000414425690146     0.000000000000000
    -0.000000000000000    -0.000000000000000    -0.000013902406976
24 41
    -0.000328256196601     0.000156797481483    -0.000000000000000
     0.000156778753736     0.001165414621636     0.000000000000000
    -0.000000000000000    -0.000000000000000    -0.000049963900875
24 42
    -0.361262617143870    -0.558440730086020     0.000000000000000
    -0.558742515851822    -0.639798640802187    -0.000000000000000
     0.000000000000001     0.000000000000001     0.076715049257719
25 1
    -0.017018779187142     0.020054432486150     0.000000000000000
     0.020061293641902    -0.022464955195315     0.000000000000000
     0.000000000000000    -0.000000000000000     0.373399274727824
25 2
     1.057033841452102     0.018900441264885     0.000000000000000
     1.834155062085102     0.029855937901458     0.000000000000000
     0.000000000000001     0.000000000000000     1.484092630329689
25 3
     0.000222009355626    -0.000520605149871    -0.000000000000000
    -0.000520617276144     0.000564946143686    -0.000000000000000
    -0.000000000000000     0.000000000000000    -0.000007649160678
25 4
     0.000064366699904    -0.000261245692195    -0.000000000000000
    -0.000261250998334     0.000365958239729    -0.000000000000000
    -0.000000000000000     0.000000000000000    -0.000006831747375
25 5
     0.001032889590199    -0.000742286035205    -0.000000000000000
    -0.000742285460559     0.000192613184575    -0.000000000000000
    -0.000000000000000     0.000000000000000    -0.000014512325408
25 6
     0.000598927063854    -0.000205931237586    -0.000000000000000
    -0.000205925413004    -0.000018542368225    -0.000000000000000
    -0.000000000000000     0.000000000000000    -0.000006064447299
25 7
    -0.510273631993413    -0.879909291010227     0.000000000000000
     0.916329619022917     1.585765493933642     0.000000000000000
     0.000000000000000     0.000000000000002     2.877724647587916
25 8
   -38.442505734235027   -12.928194724705147    -0.000000000000001
   -13.363954037814629   -21.227020524391094    -0.000000000000000
    -0.000000000000004    -0.000000000000019   -15.478034606431661
25 9
    -0.000882236652428    -0.000104310537076     0.000000000000000
    -0.000104413979001    -0.001005906652725     0.000000000000000
     0.000000000000000    -0.000000000000000     0.000173500621207
25 10
     0.001048201833680    -0.001485411409107    -0.000000000000000
    -0.001485421615475     0.000940091870013    -0.000000000000000
    -0.000000000000000     0.000000000000000    -0.000033353011442
25 11
     0.002879264737622    -0.000016383825121    -0.000000000000000
    -0.000016411379298    -0.000646764153269    -0.000000000000000
    -0.000000000000000    -0.000000000000000    -0.000039993443721
25 12
     0.000925963370186     0.000104296474681    -0.000000000000000
     0.000104305968995    -0.000147387873083    -0.000000000000000
     0.000000000000000    -0.000000000000000    -0.000007340318628
25 13
   -37.794170034107154    12.407158424470353    -0.000000000000000
    14.440825875843043   -22.293758275672069    -0.000000000000000
     0.000000000000021    -0.000000000000037   -11.332108261083915
25 14
   -11.507429159895743    -0.453253325053102    -0.000000000000000
    -0.805774487258682   -30.335249811462180    -0.000000000000000
     0.000000000000005    -0.000000000000022    -8.026933581615145
25 15
     0.000073976213966    -0.000209240148539    -0.000000000000000
    -0.000209243738241     0.000315592150931    -0.000000000000000
    -0.000000000000000     0.000000000000000    -0.000007304440767
25 16
     0.000064510774548    -0.000047250046345    -0.000000000000000
    -0.000047250221710     0.000029265865518    -0.000000000000000
    -0.000000000000000     0.000000000000000    -0.000000965506910
25 17
     0.000269257423201    -0.000000000005528    -0.000000000000000
     0.000000001049128     0.000026720771380    -0.000000000000000
    -0.000000000000000     0.000000000000000    -0.000006159197943
25 18
     0.000210856382688     0.000125487588780    -0.000000000000000
     0.000125486460244     0.000022607904440    -0.000000000000000
     0.000000000000000    -0.000000000000000    -0.000002583906701
25 19
     1.109811926155012     0.018816574656109     0.000000000000000
    -2.005473062817663    -0.037245728684063     0.000000000000000
    -0.000000000000003    -0.000000000000001     1.333047048198694
25 20
    -0.000464414493833    -0.000001535470312     0.000000000000000
    -0.000001615748325    -0.000635803543583     0.000000000000000
     0.000000000000000    -0.000000000000000     0.000042743224438
25 21
     0.000240667315703    -0.001488950217011    -0.000000000000000
    -0.001488936123376     0.001959934562945    -0.000000000000000
    -0.000000000000000     0.000000000000000    -0.000039046105385
25 22
    -0.000008890011109    -0.000054027947915    -0.000000000000000
    -0.000054028767259     0.000162650115127    -0.000000000000000
    -0.000000000000000     0.000000000000000    -0.000001564701834
25 23
     0.000516666887219    -0.000000000008323    -0.000000000000000
     0.000000005522083    -0.000086460431515    -0.000000000000000
    -0.000000000000000    -0.000000000000000    -0.000006830453458
25 24
     0.000561361567221    -0.000019419100652    -0.000000000000000
    -0.000019409894848    -0.000099587753548    -0.000000000000000
    -0.000000000000000    -0.000000000000000    -0.000008156491571
25 25
    88.109824214862883    -0.392569246493892     0.000000000000001
    -0.392572433532877    74.288182492015181     0.000000000000001
    -0.000000000000008     0.000000000000061    26.643934909450749
25 26
    -0.851473929139421     1.357884078187851     0.000000000000000
    -1.474371866057697     2.351240830322957     0.000000000000000
    -0.000000000000001     0.000000000000002     1.927965228768413
25 27
     0.000593092753749     0.000199991147399    -0.000000000000000
     0.000199992536193    -0.000019840566849    -0.000000000000000
     0.000000000000000    -0.000000000000000    -0.000005997285142
25 28
     0.000035848026350     0.000000834074321    -0.000000000000000
     0.000000834098447     0.000020184593728    -0.000000000000000
    -0.000000000000000     0.000000000000000    -0.000001314169378
25 29
     0.000306582384343    -0.000365402376220    -0.000000000000000
    -0.000365407460991     0.000266662304863    -0.000000000000000
    -0.000000000000000     0.000000000000000    -0.000005997679998
25 30
    -0.000000530770964    -0.000038666119611    -0.000000000000000
    -0.000038666628978     0.000109818223694    -0.000000000000000
    -0.000000000000000     0.000000000000000    -0.000001209304863
25 31
     0.284219298547121     0.003325959339591    -0.000000000000000
     0.003142806321378    -3.987443219112512    -0.000000000000000
     0.000000000000000    -0.000000000000003    -0.434818005304238
25 32
    -0.009344974400127    -0.012712283916712     0.000000000000000
    -0.012710856213584    -0.015506768985126     0.000000000000000
    -0.000000000000000    -0.000000000000000     0.496740134003689
25 33
     0.000902660444003    -0.000102537415371    -0.000000000000000
    -0.000144406075359     0.000271581636903    -0.000000000000000
    -0.000000000000000     0.000000000000000    -0.000007235152880
25 34
     0.000108480507134     0.000000668376491    -0.000000000000000
     0.000000669438288    -0.000014093952415    -0.000000000000000
     0.000000000000000    -0.000000000000000    -0.000001672617070
25 35
     0.000314457958227    -0.000195955048620    -0.000000000000000
    -0.000237061065243     0.000848724677210    -0.000000000000000
    -0.000000000000000     0.000000000000000    -0.000007118089827
25 36
    -0.000209615301155    -0.000507631316136    -0.000000000000000
    -0.000507490719310     0.000817487079148    -0.000000000000000
    -0.000000000000000     0.000000000000000    -0.000033309717365
25 37
    -1.416134236043230     0.854202535240470    -0.000000000000000
     0.854132899612631    -0.341154642205622    -0.000000000000000
     0.000000000000001    -0.000000000000001    -1.409563854868060
25 38
     0.001928984685079    -0.000662549072206    -0.000000000000000
    -0.000662534916528    -0.000220409056604    -0.000000000000000
    -0.000000000000000    -0.000000000000000    -0.000033010355412
25 39
    -0.025454480278998    -0.004359101462924     0.000000000000000
    -0.004363289499849    -0.000843371691073     0.000000000000000
    -0.000000000000000    -0.000000000000000     1.544666461274513
25 40
     0.000265074487040    -0.001267533062779    -0.000000000000000
    -0.001267538691541     0.001629828575083    -0.000000000000000
    -0.000000000000000     0.000000000000000    -0.000039623066269
25 41
     0.000251096049565    -0.000297390377251    -0.000000000000000
    -0.000297394665793     0.000211170974930    -0.000000000000000
    -0.000000000000000     0.000000000000000    -0.000004799068761
25 42
     0.001066168981523    -0.001181489046078     0.000000000000000
    -0.001181507566072    -0.000218499296268     0.000000000000000
    -0.000000000000000     0.000000000000000     0.000001372881957
26 1
     0.040244115198231     0.129784318879024    -0.000000000000000
     0.129815186022641    -0.839045920550767    -0.000000000000000
     0.000000000000000    -0.000000000000001    -0.448437892319673
26 2
     1.537304774626696     0.026979039765228     0.000000000000000
    -2.452891541876678    -0.042978468031638     0.000000000000000
    -0.000000000000003    -0.000000000000000     1.743000066118705
26 3
    -0.000046039942856    -0.000264962692249    -0.000000000000000
    -0.000264967505726     0.000654494878111    -0.000000000000000
    -0.000000000000000     0.000000000000000    -0.000013588208935
26 4
    -0.000007533857612    -0.000053170569693    -0.000000000000000
    -0.000053171390704     0.000155933960294    -0.000000000000000
    -0.000000000000000     0.000000000000000    -0.000001506662370
26 5
    -0.000441549974017    -0.000023972230455     0.000000000000000
    -0.000023599750811    -0.000441937327182     0.000000000000000
     0.000000000000000    -0.000000000000000     0.000032033065676
26 6
     0.000942461538926    -0.000593503852757    -0.000000000000000
    -0.000593507081038     0.000022104291051    -0.000000000000000
    -0.000000000000000     0.000000000000000    -0.000034465869841
26 7
     0.001146122295689    -0.000054692765976    -0.000000000000000
    -0.000054692447830    -0.000236497299024    -0.000000000000000
    -0.000000000000000    -0.000000000000000    -0.000029456381865
26 8
    -0.025262882927848    -0.004126310277662     0.000000000000000
    -0.004130828377271     0.000019029292116     0.000000000000000
    -0.000000000000000    -0.000000000000000     0.495934549489513
26 9
     0.000173659679203    -0.000073735156104    -0.000000000000000
    -0.000073733430423    -0.000000231266358    -0.000000000000000
    -0.000000000000000     0.000000000000000    -0.000001857386572
26 10
     0.000070482882861    -0.000050737769963    -0.000000000000000
    -0.000050737921325     0.000028686086113    -0.000000000000000
    -0.000000000000000     0.000000000000000    -0.000000992856830
26 11
     0.000127809718881    -0.000001515849685    -0.000000000000000
    -0.000001514370908    -0.000020846222293    -0.000000000000000
    -0.000000000000000    -0.000000000000000    -0.000001054906940
26 12
     0.000161186211663    -0.000010780211969    -0.000000000000000
    -0.000010778049885    -0.000025609658731    -0.000000000000000
    -0.000000000000000    -0.000000000000000    -0.000001249888064
26 13
   -25.083588220843094    -8.290778081406096    -0.000000000000000
    -8.642781304361783   -16.760005053461875    -0.000000000000000
    -0.000000000000003    -0.000000000000014    -8.028070761528612
26 14
    -0.464996372237137     0.294286700317875    -0.000000000000000
     0.294268122424710    -0.125175311387734    -0.000000000000000
     0.000000000000000    -0.000000000000000    -0.617861601220915
26 15
    -0.000002842166292    -0.000008363361729    -0.000000000000000
    -0.000008363163479     0.000096619538835    -0.000000000000000
    -0.000000000000000     0.000000000000000    -0.000000965506909
26 16
     0.000007868716769     0.000002644500086    -0.000000000000000
     0.000002644491402     0.000004815126372    -0.000000000000000
     0.000000000000000     0.000000000000000    -0.000000285699907
26 17
     0.000210856385318    -0.000125487596893    -0.000000000000000
    -0.000125486474772     0.000022604366356    -0.000000000000000
    -0.000000000000000     0.000000000000000    -0.000002584244152
26 18
     0.000015178077524    -0.000000000000288    -0.000000000000000
     0.000000000079490     0.000000475947749    -0.000000000000000
    -0.000000000000000     0.000000000000000    -0.000000307336827
26 19
    -0.000591630575158    -0.000075068637913     0.000000000000000
    -0.000074983448485    -0.000508642331566     0.000000000000000
     0.000000000000000    -0.000000000000000     0.000042592248213
26 20
     0.000047153955030     0.000235313501264    -0.000000000000000
     0.000235313488713     0.000318870707164    -0.000000000000000
     0.000000000000000     0.000000000000000    -0.000018281879545
26 21
     0.000072972490634    -0.000101292477225    -0.000000000000000
    -0.000101294356646     0.000080785623038    -0.000000000000000
    -0.000000000000000     0.000000000000000    -0.000001564701835
26 22
     0.000003238349330    -0.000012970792738    -0.000000000000000
    -0.000012971068685     0.000018216209041    -0.000000000000000
    -0.000000000000000     0.000000000000000    -0.000000334955906
26 23
     0.000561361566010     0.000019419083509    -0.000000000000000
     0.000019427516815    -0.000099586496269    -0.000000000000000
    -0.000000000000000    -0.000000000000000    -0.000008156402202
26 24
    -0.006000691333936     0.000000000079183     0.000000000000000
    -0.000001873728082     0.000003795898946     0.000000000000000
     0.000000000000000     0.000000000000000     0.000287624584281
26 25
    -0.851516771264026    -1.474515398541427     0.000000000000000
     1.357591592555332     2.350844845832445     0.000000000000000
     0.000000000000002     0.000000000000002     1.928280861004088
26 26
    25.219785594873297     8.774807453851690     0.000000000000000
     8.774264864965138    16.070259174819654     0.000000000000000
     0.000000000000003     0.000000000000014     4.353576911672557
26 27
     0.000115717143732    -0.000028449114635    -0.000000000000000
    -0.000028447921565    -0.000006430652009    -0.000000000000000
    -0.000000000000000    -0.000000000000000    -0.000001209277498
26 28
     0.000020582504666    -0.000017506006824    -0.000000000000000
    -0.000017506130985     0.000009135372547    -0.000000000000000
    -0.000000000000000     0.000000000000000    -0.000000279722677
26 29
     0.000024822774709    -0.000007199486416    -0.000000000000000
    -0.000007199495267     0.000031209830068    -0.000000000000000
    -0.000000000000000     0.000000000000000    -0.000001314172480
26 30
    -0.000003163301280     0.000003796139948    -0.000000000000000
     0.000003796349505     0.000032881284634    -0.000000000000000
     0.000000000000000     0.000000000000000    -0.000000279717512
26 31
    -0.009344974400127    -0.012712283916699     0.000000000000000
    -0.012710856213587    -0.015506768985120     0.000000000000000
    -0.000000000000000    -0.000000000000000     0.496745743687308
26 32
     0.000146097103735     0.000108951837865    -0.000000000000000
     0.000108949826025     0.000028865469301    -0.000000000000000
     0.000000000000000    -0.000000000000000    -0.000004921792182
26 33
     0.001000249283551    -0.000191034871369    -0.000000000000000
    -0.000191222876314    -0.000392348662820    -0.000000000000000
    -0.000000000000000    -0.000000000000000    -0.000033343553284
26 34
     0.000108904104263     0.000028486342815    -0.000000000000000
     0.000028487369863    -0.000012749159066    -0.000000000000000
     0.000000000000000    -0.000000000000000    -0.000001705974240
26 35
     0.000017127997480    -0.000053409686569    -0.000000000000000
    -0.000053410714422     0.000077258427005    -0.000000000000000
    -0.000000000000000     0.000000000000000    -0.000001672648348
26 36
     0.000042331773345    -0.000066919782208    -0.000000000000000
    -0.000066921724316     0.000053821206782    -0.000000000000000
    -0.000000000000000     0.000000000000000    -0.000001706344559
26 37
     0.000604339255777    -0.000243189399362    -0.000000000000000
    -0.000243181292561    -0.000042606865780    -0.000000000000000
    -0.000000000000000     0.000000000000000    -0.000015042217764
26 38
     0.000077496464217    -0.000008148664937    -0.000000000000000
    -0.000008147881718    -0.000007497769876    -0.000000000000000
    -0.000000000000000    -0.000000000000000    -0.000000826156874
26 39
     0.000235390274612     0.000020917430322    -0.000000000000000
     0.000020920687300    -0.000038317549116    -0.000000000000000
     0.000000000000000     0.000000000000000    -0.000002355284880
26 40
    -0.000328256196601    -0.000156797481483    -0.000000000000000
    -0.000156778753736     0.001165414621636    -0.000000000000000
    -0.000000000000000     0.000000000000000    -0.000049963900875
26 41
     0.000125650917705    -0.000362789213520    -0.000000000000000
    -0.000362799819776     0.000414425690146    -0.000000000000000
    -0.000000000000000     0.000000000000000    -0.000013902406976
26 42
    -0.361262617143870     0.558440730086020     0.000000000000000
     0.558742515851823    -0.639798640802190     0.000000000000000
     0.000000000000001    -0.000000000000001     0.076715049257719
27 1
     0.000930074458483     0.000111815690802    -0.000000000000000
     0.000111803564529    -0.000143118985510     0.000000000000000
     0.000000000000000     0.000000000000000    -0.000007649160678
27 2
     0.000516808044051     0.000000033861640     0.000000000000000
     0.000000028555501    -0.000086483121248     0.000000000000000
     0.000000000000000     0.000000000000000    -0.000006831747375
27 3
     0.001045520583183     0.000734992953223    -0.000000000000000
     0.000734993527870     0.000179982191121     0.000000000000000
     0.000000000000000     0.000000000000000    -0.000014512325408
27 4
     0.000314164148059     0.000370333362151     0.000000000000000
     0.000370339186733     0.000266220558163     0.000000000000000
     0.000000000000000     0.000000000000000    -0.000006064447299
27 5
    -0.038474029202501    -0.007674099039607     0.000000000000000
    -0.007667237883854    -0.001009704381836    -0.000000000000000
    -0.000000000000000    -0.000000000000000     0.373399274727824
27 6
    -0.515746142381387    -0.926110098153479     0.000000000000000
     0.889144522666739     1.602635980241215    -0.000000000000000
    -0.000000000000000    -0.000000000000001     1.484092630329689
27 7
    -0.000884608759610     0.000105783515746     0.000000000000000
     0.000105680073822    -0.001003534545455    -0.000000000000000
    -0.000000000000000     0.000000000000000     0.000173500621207
27 8
     0.002253527745620     0.000789526362813     0.000000000000000
     0.000789516156444    -0.000265234086764     0.000000000000000
     0.000000000000000     0.000000000000000    -0.000033353011442
27 9
     0.000248943827309     0.001535027893168    -0.000000000000000
     0.001535000338991     0.001983556854890     0.000000000000000
    -0.000000000000000     0.000000000000000    -0.000039993443721
27 10
     0.000030622435769     0.000412619370122    -0.000000000000000
     0.000412628864436     0.000747953094640     0.000000000000000
    -0.000000000000000    -0.000000000000000    -0.000007340318628
27 11
     1.045985203866642    -1.814836093547345     0.000000000000000
    -0.018597183514201     0.029506600181898    -0.000000000000000
     0.000000000000001    -0.000000000000001     2.877724647587916
27 12
   -14.146057072172745    -0.663607398486410     0.000000000000000
    -1.099366711595894   -45.523470090263551     0.000000000000001
    -0.000000000000014     0.000000000000013   -15.478034606431661
27 13
     0.000436396993027    -0.000000000000002     0.000000000000000
    -0.000000003589703    -0.000046828641612     0.000000000000000
     0.000000000000000     0.000000000000000    -0.000007304440767
27 14
     0.000078996907598     0.000038886648738    -0.000000000000000
     0.000038886473374     0.000014779731929     0.000000000000000
     0.000000000000000     0.000000000000000    -0.000000965506910
27 15
     0.000087354481698     0.000105020665068     0.000000000000000
     0.000105021719725     0.000208623719650     0.000000000000000
     0.000000000000000    -0.000000000000000    -0.000006159197943
27 16
    -0.000039004925680     0.000018771036085     0.000000000000000
     0.000018769907549     0.000272469222103     0.000000000000000
    -0.000000000000000    -0.000000000000000    -0.000002583906701
27 17
   -37.794378599305382   -14.440705460667386     0.000000000000000
   -12.407038009294698   -22.293549710466035     0.000000000000001
    -0.000000000000043     0.000000000000000   -11.332108261083915
27 18
   -25.083118777607233     8.643702688261854     0.000000000000000
     8.291181526056274   -16.759559688744986     0.000000000000000
    -0.000000000000021     0.000000000000007    -8.026933581615145
27 19
     0.002819580282649    -0.000000000000000     0.000000000000000
     0.000000014093635    -0.000618978499934     0.000000000000000
     0.000000000000000     0.000000000000000    -0.000039046105385
27 20
     0.000166555008355    -0.000047264463840     0.000000000000000
    -0.000047265283184    -0.000012794910863     0.000000000000000
     0.000000000000000    -0.000000000000000    -0.000001564701834
27 21
     0.000064319013053     0.000261157649692    -0.000000000000000
     0.000261163180098     0.000365887459478     0.000000000000000
    -0.000000000000000     0.000000000000000    -0.000006830453458
27 22
     0.000082463027363     0.000295902100892    -0.000000000000000
     0.000295911306695     0.000379310804124     0.000000000000000
    -0.000000000000000     0.000000000000000    -0.000008156491571
27 23
     1.109766163735093     2.005499483763612     0.000000000000000
    -0.018790153710160    -0.037199966262445    -0.000000000000000
     0.000000000000001     0.000000000000003     1.333047048198694
27 24
    -0.000591591745736     0.000075041570311     0.000000000000000
     0.000074961292299    -0.000508626286949    -0.000000000000000
    -0.000000000000000     0.000000000000000     0.000042743224438
27 25
     0.000593092253588     0.000199990907781    -0.000000000000000
     0.000199985823010    -0.000019847575040     0.000000000000000
     0.000000000000000     0.000000000000000    -0.000005997679998
27 26
     0.000115717033754    -0.000028449073618    -0.000000000000000
    -0.000028449582984    -0.000006429585348     0.000000000000000
     0.000000000000000    -0.000000000000000    -0.000001209304863
27 27
    78.083567164040687     6.181234748456289     0.000000000000000
     6.181231561417308    84.314439915806815    -0.000000000000001
     0.000000000000057    -0.000000000000023    26.643934909450749
27 28
     1.601002765683825     0.058433759784280     0.000000000000000
    -2.773822184461268    -0.101235955730628    -0.000000000000000
     0.000000000000002     0.000000000000000     1.927965228768413
27 29
    -0.000039805248469     0.000165411302554    -0.000000000000000
     0.000165412691347     0.000613057458913     0.000000000000000
    -0.000000000000000    -0.000000000000000    -0.000005997285142
27 30
     0.000023378111336     0.000006365410477     0.000000000000000
     0.000006365434603     0.000032654509205     0.000000000000000
     0.000000000000000    -0.000000000000000    -0.000001314169378
27 31
     0.000902659447724    -0.000102537229373    -0.000000000000000
    -0.000143643245996     0.000260523165832     0.000000000000000
     0.000000000000000    -0.000000000000000    -0.000007118089827
27 32
     0.001000272188408    -0.000191038161471     0.000000000000000
    -0.000190897564645    -0.000392400455422     0.000000000000000
     0.000000000000000     0.000000000000000    -0.000033309717365
27 33
    -2.922328536094793     1.848158483612072     0.000000000000000
     1.847975330593859    -0.780895265189366     0.000000000000000
    -0.000000000000003     0.000000000000001    -0.434818005304238
27 34
    -0.002957777512597     0.009023206302613     0.000000000000000
     0.009024634005741    -0.021893966110255    -0.000000000000000
    -0.000000000000000     0.000000000000000     0.496740134003689
27 35
     0.000536280997248     0.000355935351503    -0.000000000000000
     0.000314066691515     0.000637961097287     0.000000000000000
     0.000000000000000    -0.000000000000000    -0.000007235152880
27 36
     0.000015970372084     0.000052741314079     0.000000000000000
     0.000052742375876     0.000078416186076     0.000000000000000
    -0.000000000000000     0.000000000000000    -0.000001672617070
27 37
     0.000890717572489     0.001261978724622    -0.000000000000000
     0.001261992880300     0.000817858094608     0.000000000000000
     0.000000000000000     0.000000000000000    -0.000033010355412
27 38
    -0.003219242807023    -0.008474231078865     0.000000000000000
    -0.008478419115789    -0.023078609990182    -0.000000000000000
     0.000000000000000     0.000000000000000     1.544666461274513
27 39
    -1.349630459772231    -0.892528873458968     0.000000000000000
    -0.892598509086807    -0.407658420950510     0.000000000000000
    -0.000000000000001    -0.000000000000001    -1.409563854868060
27 40
     0.000478701711440     0.000165986473196     0.000000000000000
     0.000165982184654    -0.000016434695412     0.000000000000000
     0.000000000000000     0.000000000000000    -0.000004799068761
27 41
     0.001125875307834     0.001147036101863    -0.000000000000000
     0.001147017581869    -0.000278205624800    -0.000000000000000
     0.000000000000000     0.000000000000000     0.000001372881957
27 42
     0.002386358257012     0.000042814913140    -0.000000000000000
     0.000042809284378    -0.000491455273800     0.000000000000000
     0.000000000000000     0.000000000000000    -0.000039623066269
28 1
     0.000708827657180    -0.000170855514464     0.000000000000000
    -0.000170860327941    -0.000100372750006     0.000000000000000
     0.000000000000000    -0.000000000000000    -0.000013588208935
28 2
     0.000161114420207    -0.000044197739704     0.000000000000000
    -0.000044198560715    -0.000012714323799     0.000000000000000
     0.000000000000000    -0.000000000000000    -0.000001506662370
28 3
    -0.000421241204802     0.000011874477219     0.000000000000000
     0.000012246956864    -0.000462246097152    -0.000000000000000
    -0.000000000000000     0.000000000000000     0.000032033065676
28 4
     0.000766184404461     0.000695280733966     0.000000000000000
     0.000695277505685     0.000198381432074     0.000000000000000
     0.000000000000000     0.000000000000000    -0.000034465869841
28 5
    -0.731633269141167     0.315828437895904     0.000000000000000
     0.315859305039521    -0.067168507498095     0.000000000000000
    -0.000000000000001     0.000000000000000    -0.448437892319673
28 6
     1.402543251387408     2.530696145042420     0.000000000000000
     0.050825563400513     0.091783060220675    -0.000000000000000
     0.000000000000001     0.000000000000003     1.743000066118705
28 7
     0.000107097239947     0.000112163273360     0.000000000000000
     0.000112164999041     0.000066331175374     0.000000000000000
     0.000000000000000     0.000000000000000    -0.000001857386572
28 8
     0.000083075546943     0.000043467543192     0.000000000000000
     0.000043467391830     0.000016093421562     0.000000000000000
     0.000000000000000     0.000000000000000    -0.000000992856830
28 9
     0.000017629887564     0.000065126727361     0.000000000000000
     0.000065128206138     0.000089333613122     0.000000000000000
    -0.000000000000000     0.000000000000000    -0.000001054906940
28 10
     0.000030424310622     0.000086273470055     0.000000000000000
     0.000086275632139     0.000105152247174     0.000000000000000
    -0.000000000000000     0.000000000000000    -0.000001249888064
28 11
     0.000156522792349     0.000626037998101     0.000000000000000
     0.000626038316246     0.000753102241129     0.000000000000000
    -0.000000000000000     0.000000000000000    -0.000029456381865
28 12
    -0.002726002911037    -0.008880845609142     0.000000000000000
    -0.008885363708751    -0.022517851563051    -0.000000000000000
     0.000000000000000     0.000000000000000     0.495934549489513
28 13
     0.000078996907596    -0.000038886648739     0.000000000000000
    -0.000038886450490     0.000014780461902     0.000000000000000
     0.000000000000000    -0.000000000000000    -0.000000965506909
28 14
     0.000003288323385    -0.000000000000000     0.000000000000000
    -0.000000000008683     0.000009395519927     0.000000000000000
     0.000000000000000    -0.000000000000000    -0.000000285699907
28 15
     0.000178342329321     0.000144258474104    -0.000000000000000
     0.000144259596225     0.000055118423562     0.000000000000000
     0.000000000000000     0.000000000000000    -0.000002584244152
28 16
     0.000004151445884     0.000006366149374     0.000000000000000
     0.000006366229152     0.000011502579799     0.000000000000000
     0.000000000000000    -0.000000000000000    -0.000000307336827
28 17
   -11.508454211809351     0.805173884184314     0.000000000000000
     0.453170661228626   -30.335139567480706     0.000000000000000
    -0.000000000000011     0.000000000000010    -8.028070761528612
28 18
    -0.464982282375076    -0.294276257210514    -0.000000000000000
    -0.294294835103679    -0.125189401250318     0.000000000000000
    -0.000000000000000    -0.000000000000000    -0.617861601220915
28 19
     0.000166555008353     0.000047264463844     0.000000000000000
     0.000047262584423    -0.000012796898163     0.000000000000000
     0.000000000000000     0.000000000000000    -0.000001564701835
28 20
     0.000025704898903    -0.000000000000000     0.000000000000000
    -0.000000000275947    -0.000004250341368     0.000000000000000
     0.000000000000000     0.000000000000000    -0.000000334955906
28 21
     0.000048829451026     0.000276483043243    -0.000000000000000
     0.000276491476550     0.000412945637781     0.000000000000000
    -0.000000000000000     0.000000000000000    -0.000008156402202
28 22
    -0.001496514595624    -0.002598613972628     0.000000000000000
    -0.002600487779894    -0.004500381006919    -0.000000000000000
     0.000000000000000    -0.000000000000000     0.000287624584281
28 23
    -0.000464414920126     0.000001535454441     0.000000000000000
     0.000001620643869    -0.000635857991331    -0.000000000000000
    -0.000000000000000     0.000000000000000     0.000042592248213
28 24
     0.000047154049512    -0.000235313543262    -0.000000000000000
    -0.000235313555812     0.000318870612683     0.000000000000000
     0.000000000000000    -0.000000000000000    -0.000018281879545
28 25
     0.000035848007205     0.000000834074199     0.000000000000000
     0.000000834065349     0.000020184597162     0.000000000000000
     0.000000000000000    -0.000000000000000    -0.000001314172480
28 26
     0.000020582492928    -0.000017505990438    -0.000000000000000
    -0.000017505780881     0.000009135489544     0.000000000000000
     0.000000000000000    -0.000000000000000    -0.000000279717512
28 27
     1.600883868174918    -2.773485788231332     0.000000000000000
     0.058621202865428    -0.101555884834009    -0.000000000000000
     0.000000000000001    -0.000000000000003     1.928280861004088
28 28
    10.758669252346905    -0.425135296534310     0.000000000000000
    -0.425677885420861    30.531376055289030    -0.000000000000000
     0.000000000000011    -0.000000000000009     4.353576911672557
28 29
     0.000048743436022     0.000067115210460     0.000000000000000
     0.000067116403529     0.000060543058192     0.000000000000000
    -0.000000000000000     0.000000000000000    -0.000001209277498
28 30
     0.000027157855431     0.000013709850380    -0.000000000000000
     0.000013709726219     0.000002560021537     0.000000000000000
     0.000000000000000     0.000000000000000    -0.000000279722677
28 31
     0.000108480407058     0.000000668375180    -0.000000000000000
     0.000000667347327    -0.000014093985972     0.000000000000000
     0.000000000000000     0.000000000000000    -0.000001672648348
28 32
     0.000108903918208     0.000028486277843     0.000000000000000
     0.000028484335736    -0.000012750940558     0.000000000000000
     0.000000000000000     0.000000000000000    -0.000001706344559
28 33
    -0.002957777512597     0.009023206302615     0.000000000000000
     0.009024634005727    -0.021893966110249    -0.000000000000000
    -0.000000000000000     0.000000000000000     0.496745743687308
28 34
    -0.000036180809369    -0.000003711621870    -0.000000000000000
    -0.000003713633709     0.000211143389185     0.000000000000000
    -0.000000000000000    -0.000000000000000    -0.000004921792182
28 35
     0.000121323291784     0.000698671043696     0.000000000000000
     0.000698483038752     0.000486577361642     0.000000000000000
    -0.000000000000000     0.000000000000000    -0.000033343553284
28 36
    -0.000007006183683     0.000038433467329     0.000000000000000
     0.000038434494377     0.000103161133192     0.000000000000000
    -0.000000000000000    -0.000000000000000    -0.000001705974240
28 37
     0.000020807400424     0.000040877328568     0.000000000000000
     0.000040878111786     0.000049191296026     0.000000000000000
    -0.000000000000000     0.000000000000000    -0.000000826156874
28 38
     0.000011992971868     0.000108057807974     0.000000000000000
     0.000108061064953     0.000185079761938     0.000000000000000
    -0.000000000000000    -0.000000000000000    -0.000002355284880
28 39
     0.000329734349312     0.000401724512178    -0.000000000000000
     0.000401732618980     0.000231998050900     0.000000000000000
     0.000000000000000     0.000000000000000    -0.000015042217764
28 40
     0.000656421247400     0.000056359421349    -0.000000000000000
     0.000056348815093    -0.000116344659294     0.000000000000000
     0.000000000000000     0.000000000000000    -0.000013902406976
28 41
    -1.053919143872186    -0.158837076251182     0.000000000000000
    -0.158535290485380     0.052857911692444    -0.000000000000000
    -0.000000000000001    -0.000000000000000     0.076715049257719
28 42
     0.000927779374899    -0.000568393735068     0.000000000000000
    -0.000568375007322    -0.000090620996587     0.000000000000000
     0.000000000000000    -0.000000000000000    -0.000049963900875
29 1
    -0.000240156021969     0.000007292220012    -0.000000000000000
     0.000007292794658     0.001465658844099     0.000000000000000
     0.000000000000000     0.000000000000000    -0.000014512325408
29 2
    -0.000042514167435    -0.000164410861438    -0.000000000000000
    -0.000164405036856     0.000622898886925     0.000000000000000
    -0.000000000000000     0.000000000000000    -0.000006064447299
29 3
    -0.003732791930523    -0.012390625180172     0.000000000000000
    -0.012383764024419    -0.035750942946163    -0.000000000000000
    -0.000000000000000    -0.000000000000000     0.373399274727824
29 4
     1.089046968293699    -1.815672274341734     0.000000000000000
    -0.000417653521517    -0.002157190131000    -0.000000000000000
     0.000000000000001    -0.000000000000001     1.484092630329689
29 5
     0.000028349403336     0.000408807648478    -0.000000000000000
     0.000408795522206     0.000758606103180     0.000000000000000
     0.000000000000000     0.000000000000000    -0.000007649160678
29 6
     0.000064312645075     0.000261219789764    -0.000000000000000
     0.000261214483625     0.000366012294560     0.000000000000000
     0.000000000000000     0.000000000000000    -0.000006831747375
29 7
     0.000220542347688    -0.001518602736782    -0.000000000000000
    -0.001518630290959     0.002011958335568     0.000000000000000
    -0.000000000000000     0.000000000000000    -0.000039993443721
29 8
     0.000211277447924    -0.000516930086274    -0.000000000000000
    -0.000516920591960     0.000567298075765     0.000000000000000
     0.000000000000000    -0.000000000000000    -0.000007340318628
29 9
     1.077526132553142     0.000387019507854     0.000000000000000
     1.796625929540999    -0.002034329677906    -0.000000000000000
     0.000000000000002     0.000000000000000     2.877724647587916
29 10
   -36.915725397087016    14.245441092855874    -0.000000000000001
    13.809681779746388   -22.753800918334278     0.000000000000000
    -0.000000000000018    -0.000000000000006   -15.478034606431661
29 11
    -0.001065369489563    -0.000001317815783     0.000000000000000
    -0.000001421257708    -0.000822773808778    -0.000000000000000
    -0.000000000000000    -0.000000000000000     0.000173500621207
29 12
    -0.000319289076217     0.000695900355847    -0.000000000000000
     0.000695890149478     0.002307582830779     0.000000000000000
     0.000000000000000     0.000000000000000    -0.000033353011442
29 13
     0.000087355385482    -0.000105022241525    -0.000000000000000
    -0.000105021186868     0.000208622815865     0.000000000000000
     0.000000000000000     0.000000000000000    -0.000006159197943
29 14
     0.000178344972423    -0.000144256932062    -0.000000000000000
    -0.000144258060598     0.000055119315915     0.000000000000000
     0.000000000000000    -0.000000000000000    -0.000002583906701
29 15
   -14.543342587289036    -1.016954140861914    -0.000000000000000
     1.016713310510772   -45.544586587403955     0.000000000000000
    -0.000000000000021    -0.000000000000037   -11.332108261083915
29 16
   -26.173468826860294    -7.661667619900318    -0.000000000000000
    -8.014188782105897   -15.669209598931662     0.000000000000000
    -0.000000000000017    -0.000000000000015    -8.026933581615145
29 17
     0.000073979322742     0.000209245533093    -0.000000000000000
     0.000209241943392     0.000315589042155     0.000000000000000
     0.000000000000000     0.000000000000000    -0.000007304440767
29 18
    -0.000002842723680     0.000008363660654    -0.000000000000000
     0.000008363485289     0.000096619366252     0.000000000000000
     0.000000000000000     0.000000000000000    -0.000000965506910
29 19
     0.000064323788109    -0.000261165936978    -0.000000000000000
    -0.000261160406572     0.000365882684423     0.000000000000000
    -0.000000000000000     0.000000000000000    -0.000006830453458
29 20
     0.000048836131482    -0.000276496808945    -0.000000000000000
    -0.000276487603142     0.000412937701256     0.000000000000000
    -0.000000000000000     0.000000000000000    -0.000008156491571
29 21
    -0.610728791605414     1.012118397790936     0.000000000000000
    -1.012171239682836     1.683295053079218    -0.000000000000000
    -0.000000000000002     0.000000000000002     1.333047048198694
29 22
    -0.000594320781078    -0.000073385682980     0.000000000000000
    -0.000073465960993    -0.000505897251506    -0.000000000000000
    -0.000000000000000    -0.000000000000000     0.000042743224438
29 23
     0.000240655110258     0.001488929076559    -0.000000000000000
     0.001488943170194     0.001959946768391     0.000000000000000
     0.000000000000000     0.000000000000000    -0.000039046105385
29 24
     0.000072975149705     0.000101293640771    -0.000000000000000
     0.000101292821428     0.000080784951268     0.000000000000000
     0.000000000000000     0.000000000000000    -0.000001564701834
29 25
     0.000306590776178    -0.000365404533143    -0.000000000000000
    -0.000365403144350     0.000266661421380     0.000000000000000
    -0.000000000000000    -0.000000000000000    -0.000005997285142
29 26
     0.000024822791304    -0.000007199520987    -0.000000000000000
    -0.000007199496861     0.000031209829183     0.000000000000000
     0.000000000000000     0.000000000000000    -0.000001314169378
29 27
    -0.000039807619002     0.000165419095596    -0.000000000000000
     0.000165414010825     0.000613052321092     0.000000000000000
     0.000000000000000     0.000000000000000    -0.000005997679998
29 28
     0.000048744910177     0.000067115957278    -0.000000000000000
     0.000067115447912     0.000060542540720     0.000000000000000
     0.000000000000000     0.000000000000000    -0.000001209304863
29 29
    77.403614536214533    -5.788660721404167     0.000000000000001
    -5.788663908443144    84.994392568926727    -0.000000000000000
     0.000000000000048     0.000000000000038    26.643934909450749
29 30
     1.500121384034243     2.832066078396189     0.000000000000000
    -0.000189865849359    -0.000354570328337    -0.000000000000000
     0.000000000000001     0.000000000000002     1.927965228768413
29 31
     0.000322421664955    -0.000190594946150    -0.000000000000000
    -0.000232463606138     0.000851820437536     0.000000000000000
     0.000000000000000     0.000000000000000    -0.000007235152880
29 32
     0.000017128953647    -0.000053411283266    -0.000000000000000
    -0.000053410221469     0.000077257604470     0.000000000000000
    -0.000000000000000    -0.000000000000000    -0.000001672617070
29 33
     0.000527656499846     0.000360151302927    -0.000000000000000
     0.000319045286304     0.000635526127660     0.000000000000000
     0.000000000000000     0.000000000000000    -0.000007118089827
29 34
     0.000121150734122     0.000698458582368    -0.000000000000000
     0.000698599179194     0.000486721031567     0.000000000000000
     0.000000000000000     0.000000000000000    -0.000033309717365
29 35
    -2.916726420805463    -1.851209713424338    -0.000000000000000
    -1.851392866442551    -0.786497380687083     0.000000000000000
    -0.000000000000002    -0.000000000000002    -0.434818005304238
29 36
    -0.024974862299895     0.003686936059408     0.000000000000000
     0.003688363762535     0.000123119496063    -0.000000000000000
    -0.000000000000000    -0.000000000000000     0.496740134003689
29 37
    -0.010773054822026     0.012839614597176     0.000000000000000
     0.012835426560251    -0.015524797694184    -0.000000000000000
    -0.000000000000000     0.000000000000000     1.544666461274513
29 38
     0.129831397478239     0.038430791660259    -0.000000000000000
     0.038361156032419    -1.887120333235882     0.000000000000000
    -0.000000000000000    -0.000000000000001    -1.409563854868060
29 39
    -0.000256838802558    -0.000599450885933    -0.000000000000000
    -0.000599436730255     0.001965414512344    -0.000000000000000
    -0.000000000000000     0.000000000000000    -0.000033010355412
29 40
    -0.000920539749282     0.000034480724206     0.000000000000000
     0.000034462204213     0.001768209508441    -0.000000000000000
    -0.000000000000000     0.000000000000000     0.000001372881957
29 41
     0.000190921758189     0.001224726592782    -0.000000000000000
     0.001224720964019     0.001703981306692     0.000000000000000
     0.000000000000000     0.000000000000000    -0.000039623066269
29 42
    -0.000036397236046     0.000131410336868    -0.000000000000000
     0.000131406048326     0.000498664271236     0.000000000000000
     0.000000000000000     0.000000000000000    -0.000004799068761
30 1
    -0.000462439748320     0.000011539033769     0.000000000000000
     0.000011911513414    -0.000421047552102    -0.000000000000000
    -0.000000000000000    -0.000000000000000     0.000032033065676
30 2
    -0.000261797199655    -0.000101772038788    -0.000000000000000
    -0.000101775267069     0.001226363074430     0.000000000000000
    -0.000000000000000     0.000000000000000    -0.000034465869841
30 3
    -0.506813507268027    -0.445659057490352    -0.000000000000000
    -0.445628190346735    -0.291988277734364     0.000000000000000
    -0.000000000000001    -0.000000000000001    -0.448437892319673
30 4
    -0.698358563723370     1.162130687655210     0.000000000000000
    -1.317739893986697     2.192684953483469    -0.000000000000000
    -0.000000000000002     0.000000000000002     1.743000066118705
30 5
     0.000249894652038     0.000435825426929    -0.000000000000000
     0.000435820613451     0.000358560272208     0.000000000000000
     0.000000000000000     0.000000000000000    -0.000013588208935
30 6
     0.000069019582727     0.000097369540914    -0.000000000000000
     0.000097368719903     0.000079380517107     0.000000000000000
     0.000000000000000     0.000000000000000    -0.000001506662370
30 7
     0.000015005639600    -0.000063613095841    -0.000000000000000
    -0.000063611617064     0.000091957861184     0.000000000000000
    -0.000000000000000     0.000000000000000    -0.000001054906940
30 8
     0.000011754308542    -0.000075496501212    -0.000000000000000
    -0.000075494339128     0.000123822249949     0.000000000000000
    -0.000000000000000     0.000000000000000    -0.000001249888064
30 9
     0.000061792420156    -0.000571345709343    -0.000000000000000
    -0.000571345391198     0.000847832616846     0.000000000000000
    -0.000000000000000     0.000000000000000    -0.000029456381865
30 10
    -0.009876894615775     0.013013933036217     0.000000000000000
     0.013009414936608    -0.015366959592305    -0.000000000000000
    -0.000000000000000     0.000000000000000     0.495934549489513
30 11
    -0.000020614299870    -0.000038430705778    -0.000000000000000
    -0.000038428980097     0.000194042719942     0.000000000000000
    -0.000000000000000     0.000000000000000    -0.000001857386572
30 12
    -0.000004804977944     0.000007270453814    -0.000000000000000
     0.000007270302452     0.000103973949718     0.000000000000000
     0.000000000000000     0.000000000000000    -0.000000992856830
30 13
    -0.000039007588390    -0.000018772560392    -0.000000000000000
    -0.000018771438271     0.000272468349358     0.000000000000000
    -0.000000000000000     0.000000000000000    -0.000002584244152
30 14
     0.000004151514475    -0.000006366268753    -0.000000000000000
    -0.000006366188975     0.000011502511209     0.000000000000000
     0.000000000000000     0.000000000000000    -0.000000307336827
30 15
   -26.173346543615153     8.013609031655376    -0.000000000000000
     7.661605808699689   -15.670246690151636     0.000000000000000
    -0.000000000000014    -0.000000000000004    -8.028070761528612
30 16
     0.044721136159552     0.000017423732387    -0.000000000000000
    -0.000001154160777    -0.634892838745541     0.000000000000000
     0.000000000000000    -0.000000000000000    -0.617861601220915
30 17
     0.000064511312118     0.000047249713094    -0.000000000000000
     0.000047249911343     0.000029266057918     0.000000000000000
     0.000000000000000     0.000000000000000    -0.000000965506909
30 18
     0.000007868724289    -0.000002644487061    -0.000000000000000
    -0.000002644495744     0.000004815118852     0.000000000000000
     0.000000000000000     0.000000000000000    -0.000000285699907
30 19
     0.000082471593132    -0.000295914776712    -0.000000000000000
    -0.000295906343405     0.000379303494423     0.000000000000000
    -0.000000000000000     0.000000000000000    -0.000008156402202
30 20
    -0.001498137223138     0.002601424604343     0.000000000000000
     0.002599550797078    -0.004498758379344    -0.000000000000000
     0.000000000000000    -0.000000000000000     0.000287624584281
30 21
    -0.000594363836421     0.000073405399330     0.000000000000000
     0.000073490588758    -0.000505909070202    -0.000000000000000
    -0.000000000000000    -0.000000000000000     0.000042592248213
30 22
     0.000454728970958     0.000000000060824    -0.000000000000000
     0.000000000048274    -0.000088704323924     0.000000000000000
     0.000000000000000    -0.000000000000000    -0.000018281879545
30 23
    -0.000008890332988     0.000054030832512    -0.000000000000000
     0.000054028953091     0.000162648449704     0.000000000000000
     0.000000000000000     0.000000000000000    -0.000001564701835
30 24
     0.000003238588307     0.000012971206658    -0.000000000000000
     0.000012970930712     0.000018215970064     0.000000000000000
     0.000000000000000     0.000000000000000    -0.000000334955906
30 25
    -0.000000530841811    -0.000038667885429    -0.000000000000000
    -0.000038666692359     0.000109817337858     0.000000000000000
    -0.000000000000000     0.000000000000000    -0.000001209277498
30 26
    -0.000003163544788     0.000003796342685    -0.000000000000000
     0.000003796218524     0.000032881422884     0.000000000000000
     0.000000000000000     0.000000000000000    -0.000000279722677
30 27
     0.000023378123511     0.000006365425493    -0.000000000000000
     0.000006365416643     0.000032654481321     0.000000000000000
     0.000000000000000     0.000000000000000    -0.000001314172480
30 28
     0.000027157781549     0.000013709536154    -0.000000000000000
     0.000013709745711     0.000002560200678     0.000000000000000
     0.000000000000000     0.000000000000000    -0.000000279717512
30 29
     1.499624883767175    -0.000159299872382     0.000000000000000
     2.831947691224377    -0.000296896659511    -0.000000000000000
     0.000000000000003    -0.000000000000000     1.928280861004088
30 30
    25.956611410616439    -8.348858273987616     0.000000000000000
    -8.349400862874166    15.333433331667170    -0.000000000000000
     0.000000000000013     0.000000000000005     4.353576911672557
30 31
    -0.000209721622346    -0.000507354164911    -0.000000000000000
    -0.000507542169855     0.000817622288087     0.000000000000000
    -0.000000000000000     0.000000000000000    -0.000033343553284
30 32
     0.000042334497927    -0.000066921350716    -0.000000000000000
    -0.000066920323668     0.000053820449746     0.000000000000000
     0.000000000000000    -0.000000000000000    -0.000001705974240
30 33
     0.000015971227878     0.000052742853169    -0.000000000000000
     0.000052741825315     0.000078415196649     0.000000000000000
     0.000000000000000     0.000000000000000    -0.000001672648348
30 34
    -0.000007006224366     0.000038436417526    -0.000000000000000
     0.000038434475419     0.000103159206328     0.000000000000000
     0.000000000000000     0.000000000000000    -0.000001706344559
30 35
    -0.024974862299886     0.003686936059416     0.000000000000000
     0.003688363762528     0.000123119496059    -0.000000000000000
    -0.000000000000000    -0.000000000000000     0.496745743687308
30 36
     0.000152527563577    -0.000105237198236    -0.000000000000000
    -0.000105239210075     0.000022435009220     0.000000000000000
     0.000000000000000    -0.000000000000000    -0.000004921792182
30 37
     0.000048225843901    -0.000128980123764    -0.000000000000000
    -0.000128976866785     0.000148846888557     0.000000000000000
     0.000000000000000    -0.000000000000000    -0.000002355284880
30 38
    -0.000091475017716    -0.000158547273018    -0.000000000000000
    -0.000158539166217     0.000653207433596     0.000000000000000
    -0.000000000000000     0.000000000000000    -0.000015042217764
30 39
     0.000006694177289    -0.000032729838459    -0.000000000000000
    -0.000032729055241     0.000063304519686     0.000000000000000
    -0.000000000000000     0.000000000000000    -0.000000826156874
30 40
    -0.086410090202971    -0.400056332483541     0.000000000000000
    -0.399754546717738    -0.914651177967400    -0.000000000000000
    -0.000000000000001    -0.000000000000001     0.076715049257719
30 41
     0.000656214394226     0.000725163124932    -0.000000000000000
     0.000725181852678     0.000180943994187     0.000000000000000
     0.000000000000000     0.000000000000000    -0.000049963900875
30 42
     0.000028042723546     0.000306445701555    -0.000000000000000
     0.000306435095299     0.000512033887935     0.000000000000000
     0.000000000000000     0.000000000000000    -0.000013902406976
31 1
    -0.510273631993413    -0.879909291010227     0.000000000000000
     0.916329619022917     1.585765493933642     0.000000000000000
     0.000000000000000     0.000000000000002     2.877724647587916
31 2
   -38.442505734235027   -12.928194724705147    -0.000000000000001
   -13.363954037814629   -21.227020524391094    -0.000000000000000
    -0.000000000000004    -0.000000000000019   -15.478034606431661
31 3
    -0.000882236652428    -0.000104310537076     0.000000000000000
    -0.000104413979001    -0.001005906652725     0.000000000000000
     0.000000000000000    -0.000000000000000     0.000173500621207
31 4
     0.001048201833680    -0.001485411409107    -0.000000000000000
    -0.001485421615475     0.000940091870013    -0.000000000000000
    -0.000000000000000     0.000000000000000    -0.000033353011442
31 5
     0.002879264737622    -0.000016383825121    -0.000000000000000
    -0.000016411379298    -0.000646764153269    -0.000000000000000
    -0.000000000000000    -0.000000000000000    -0.000039993443721
31 6
     0.000925963370186     0.000104296474681    -0.000000000000000
     0.000104305968995    -0.000147387873083    -0.000000000000000
     0.000000000000000    -0.000000000000000    -0.000007340318628
31 7
    -0.017018779187142     0.020054432486150     0.000000000000000
     0.020061293641902    -0.022464955195315     0.000000000000000
     0.000000000000000    -0.000000000000000     0.373399274727824
31 8
     1.057033841452102     0.018900441264885     0.000000000000000
     1.834155062085102     0.029855937901458     0.000000000000000
     0.000000000000001     0.000000000000000     1.484092630329689
31 9
     0.000222009355626    -0.000520605149871    -0.000000000000000
    -0.000520617276144     0.000564946143686    -0.000000000000000
    -0.000000000000000     0.000000000000000    -0.000007649160678
31 10
     0.000064366699904    -0.000261245692195    -0.000000000000000
    -0.000261250998334     0.000365958239729    -0.000000000000000
    -0.000000000000000     0.000000000000000    -0.000006831747375
31 11
     0.001032889590199    -0.000742286035205    -0.000000000000000
    -0.000742285460559     0.000192613184575    -0.000000000000000
    -0.000000000000000     0.000000000000000    -0.000014512325408
31 12
     0.000598927063854    -0.000205931237586    -0.000000000000000
    -0.000205925413004    -0.000018542368225    -0.000000000000000
    -0.000000000000000     0.000000000000000    -0.000006064447299
31 13
     1.109811926155012     0.018816574656109     0.000000000000000
    -2.005473062817663    -0.037245728684063     0.000000000000000
    -0.000000000000003    -0.000000000000001     1.333047048198694
31 14
    -0.000464414493833    -0.000001535470312     0.000000000000000
    -0.000001615748325    -0.000635803543583     0.000000000000000
     0.000000000000000    -0.000000000000000     0.000042743224438
31 15
     0.000240667315703    -0.001488950217011    -0.000000000000000
    -0.001488936123376     0.001959934562945    -0.000000000000000
    -0.000000000000000     0.000000000000000    -0.000039046105385
31 16
    -0.000008890011109    -0.000054027947915    -0.000000000000000
    -0.000054028767259     0.000162650115127    -0.000000000000000
    -0.000000000000000     0.000000000000000    -0.000001564701834
31 17
     0.000516666887219    -0.000000000008323    -0.000000000000000
     0.000000005522083    -0.000086460431515    -0.000000000000000
    -0.000000000000000    -0.000000000000000    -0.000006830453458
31 18
     0.000561361567221    -0.000019419100652    -0.000000000000000
    -0.000019409894848    -0.000099587753548    -0.000000000000000
    -0.000000000000000    -0.000000000000000    -0.000008156491571
31 19
   -37.794170034107154    12.407158424470353    -0.000000000000000
    14.440825875843043   -22.293758275672069    -0.000000000000000
     0.000000000000021    -0.000000000000037   -11.332108261083915
31 20
   -11.507429159895743    -0.453253325053102    -0.000000000000000
    -0.805774487258682   -30.335249811462180    -0.000000000000000
     0.000000000000005    -0.000000000000022    -8.026933581615145
31 21
     0.000073976213966    -0.000209240148539    -0.000000000000000
    -0.000209243738241     0.000315592150931    -0.000000000000000
    -0.000000000000000     0.000000000000000    -0.000007304440767
31 22
     0.000064510774548    -0.000047250046345    -0.000000000000000
    -0.000047250221710     0.000029265865518    -0.000000000000000
    -0.000000000000000     0.000000000000000    -0.000000965506910
31 23
     0.000269257423201    -0.000000000005528    -0.000000000000000
     0.000000001049128     0.000026720771380    -0.000000000000000
    -0.000000000000000     0.000000000000000    -0.000006159197943
31 24
     0.000210856382688     0.000125487588780    -0.000000000000000
     0.000125486460244     0.000022607904440    -0.000000000000000
     0.000000000000000    -0.000000000000000    -0.000002583906701
31 25
     0.284219298547121     0.003325959339591    -0.000000000000000
     0.003142806321378    -3.987443219112512    -0.000000000000000
     0.000000000000000    -0.000000000000003    -0.434818005304238
31 26
    -0.009344974400127    -0.012712283916712     0.000000000000000
    -0.012710856213584    -0.015506768985126     0.000000000000000
    -0.000000000000000    -0.000000000000000     0.496740134003689
31 27
     0.000902660444003    -0.000102537415371    -0.000000000000000
    -0.000144406075359     0.000271581636903    -0.000000000000000
    -0.000000000000000     0.000000000000000    -0.000007235152880
31 28
     0.000108480507134     0.000000668376491    -0.000000000000000
     0.000000669438288    -0.000014093952415    -0.000000000000000
     0.000000000000000    -0.000000000000000    -0.000001672617070
31 29
     0.000314457958227    -0.000195955048620    -0.000000000000000
    -0.000237061065243     0.000848724677210    -0.000000000000000
    -0.000000000000000     0.000000000000000    -0.000007118089827
31 30
    -0.000209615301155    -0.000507631316136    -0.000000000000000
    -0.000507490719310     0.000817487079148    -0.000000000000000
    -0.000000000000000     0.000000000000000    -0.000033309717365
31 31
    88.109824214862883    -0.392569246493892     0.000000000000001
    -0.392572433532877    74.288182492015181     0.000000000000001
    -0.000000000000008     0.000000000000061    26.643934909450749
31 32
    -0.851473929139421     1.357884078187851     0.000000000000000
    -1.474371866057697     2.351240830322957     0.000000000000000
    -0.000000000000001     0.000000000000002     1.927965228768413
31 33
     0.000593092753749     0.000199991147399    -0.000000000000000
     0.000199992536193    -0.000019840566849    -0.000000000000000
     0.000000000000000    -0.000000000000000    -0.000005997285142
31 34
     0.000035848026350     0.000000834074321    -0.000000000000000
     0.000000834098447     0.000020184593728    -0.000000000000000
    -0.000000000000000     0.000000000000000    -0.000001314169378
31 35
     0.000306582384343    -0.000365402376220    -0.000000000000000
    -0.000365407460991     0.000266662304863    -0.000000000000000
    -0.000000000000000     0.000000000000000    -0.000005997679998
31 36
    -0.000000530770964    -0.000038666119611    -0.000000000000000
    -0.000038666628978     0.000109818223694    -0.000000000000000
    -0.000000000000000     0.000000000000000    -0.000001209304863
31 37
     0.000265074487040    -0.001267533062779    -0.000000000000000
    -0.001267538691541     0.001629828575083    -0.000000000000000
    -0.000000000000000     0.000000000000000    -0.000039623066269
31 38
     0.000251096049565    -0.000297390377251    -0.000000000000000
    -0.000297394665793     0.000211170974930    -0.000000000000000
    -0.000000000000000     0.000000000000000    -0.000004799068761
31 39
     0.001066168981523    -0.001181489046078     0.000000000000000
    -0.001181507566072    -0.000218499296268     0.000000000000000
    -0.000000000000000     0.000000000000000     0.000001372881957
31 40
    -1.416134236043230     0.854202535240470    -0.000000000000000
     0.854132899612631    -0.341154642205622    -0.000000000000000
     0.000000000000001    -0.000000000000001    -1.409563854868060
31 41
     0.001928984685079    -0.000662549072206    -0.000000000000000
    -0.000662534916528    -0.000220409056604    -0.000000000000000
    -0.000000000000000    -0.000000000000000    -0.000033010355412
31 42
    -0.025454480278998    -0.004359101462924     0.000000000000000
    -0.004363289499849    -0.000843371691073     0.000000000000000
    -0.000000000000000    -0.000000000000000     1.544666461274513
32 1
     0.001146122295689    -0.000054692765976    -0.000000000000000
    -0.000054692447830    -0.000236497299024    -0.000000000000000
    -0.000000000000000    -0.000000000000000    -0.000029456381865
32 2
    -0.025262882927848    -0.004126310277662     0.000000000000000
    -0.004130828377271     0.000019029292116     0.000000000000000
    -0.000000000000000    -0.000000000000000     0.495934549489513
32 3
     0.000173659679203    -0.000073735156104    -0.000000000000000
    -0.000073733430423    -0.000000231266358    -0.000000000000000
    -0.000000000000000     0.000000000000000    -0.000001857386572
32 4
     0.000070482882861    -0.000050737769963    -0.000000000000000
    -0.000050737921325     0.000028686086113    -0.000000000000000
    -0.000000000000000     0.000000000000000    -0.000000992856830
32 5
     0.000127809718881    -0.000001515849685    -0.000000000000000
    -0.000001514370908    -0.000020846222293    -0.000000000000000
    -0.000000000000000    -0.000000000000000    -0.000001054906940
32 6
     0.000161186211663    -0.000010780211969    -0.000000000000000
    -0.000010778049885    -0.000025609658731    -0.000000000000000
    -0.000000000000000    -0.000000000000000    -0.000001249888064
32 7
     0.040244115198231     0.129784318879024    -0.000000000000000
     0.129815186022641    -0.839045920550767    -0.000000000000000
     0.000000000000000    -0.000000000000001    -0.448437892319673
32 8
     1.537304774626696     0.026979039765228     0.000000000000000
    -2.452891541876678    -0.042978468031638     0.000000000000000
    -0.000000000000003    -0.000000000000000     1.743000066118705
32 9
    -0.000046039942856    -0.000264962692249    -0.000000000000000
    -0.000264967505726     0.000654494878111    -0.000000000000000
    -0.000000000000000     0.000000000000000    -0.000013588208935
32 10
    -0.000007533857612    -0.000053170569693    -0.000000000000000
    -0.000053171390704     0.000155933960294    -0.000000000000000
    -0.000000000000000     0.000000000000000    -0.000001506662370
32 11
    -0.000441549974017    -0.000023972230455     0.000000000000000
    -0.000023599750811    -0.000441937327182     0.000000000000000
     0.000000000000000    -0.000000000000000     0.000032033065676
32 12
     0.000942461538926    -0.000593503852757    -0.000000000000000
    -0.000593507081038     0.000022104291051    -0.000000000000000
    -0.000000000000000     0.000000000000000    -0.000034465869841
32 13
    -0.000591630575158    -0.000075068637913     0.000000000000000
    -0.000074983448485    -0.000508642331566     0.000000000000000
     0.000000000000000    -0.000000000000000     0.000042592248213
32 14
     0.000047153955030     0.000235313501264    -0.000000000000000
     0.000235313488713     0.000318870707164    -0.000000000000000
     0.000000000000000     0.000000000000000    -0.000018281879545
32 15
     0.000072972490634    -0.000101292477225    -0.000000000000000
    -0.000101294356646     0.000080785623038    -0.000000000000000
    -0.000000000000000     0.000000000000000    -0.000001564701835
32 16
     0.000003238349330    -0.000012970792738    -0.000000000000000
    -0.000012971068685     0.000018216209041    -0.000000000000000
    -0.000000000000000     0.000000000000000    -0.000000334955906
32 17
     0.000561361566010     0.000019419083509    -0.000000000000000
     0.000019427516815    -0.000099586496269    -0.000000000000000
    -0.000000000000000    -0.000000000000000    -0.000008156402202
32 18
    -0.006000691333936     0.000000000079183     0.000000000000000
    -0.000001873728082     0.000003795898946     0.000000000000000
     0.000000000000000     0.000000000000000     0.000287624584281
32 19
   -25.083588220843094    -8.290778081406096    -0.000000000000000
    -8.642781304361783   -16.760005053461875    -0.000000000000000
    -0.000000000000003    -0.000000000000014    -8.028070761528612
32 20
    -0.464996372237137     0.294286700317875    -0.000000000000000
     0.294268122424710    -0.125175311387734    -0.000000000000000
     0.000000000000000    -0.000000000000000    -0.617861601220915
32 21
    -0.000002842166292    -0.000008363361729    -0.000000000000000
    -0.000008363163479     0.000096619538835    -0.000000000000000
    -0.000000000000000     0.000000000000000    -0.000000965506909
32 22
     0.000007868716769     0.000002644500086    -0.000000000000000
     0.000002644491402     0.000004815126372    -0.000000000000000
     0.000000000000000     0.000000000000000    -0.000000285699907
32 23
     0.000210856385318    -0.000125487596893    -0.000000000000000
    -0.000125486474772     0.000022604366356    -0.000000000000000
    -0.000000000000000     0.000000000000000    -0.000002584244152
32 24
     0.000015178077524    -0.000000000000288    -0.000000000000000
     0.000000000079490     0.000000475947749    -0.000000000000000
    -0.000000000000000     0.000000000000000    -0.000000307336827
32 25
    -0.009344974400127    -0.012712283916699     0.000000000000000
    -0.012710856213587    -0.015506768985120     0.000000000000000
    -0.000000000000000    -0.000000000000000     0.496745743687308
32 26
     0.000146097103735     0.000108951837865    -0.000000000000000
     0.000108949826025     0.000028865469301    -0.000000000000000
     0.000000000000000    -0.000000000000000    -0.000004921792182
32 27
     0.001000249283551    -0.000191034871369    -0.000000000000000
    -0.000191222876314    -0.000392348662820    -0.000000000000000
    -0.000000000000000    -0.000000000000000    -0.000033343553284
32 28
     0.000108904104263     0.000028486342815    -0.000000000000000
     0.000028487369863    -0.000012749159066    -0.000000000000000
     0.000000000000000    -0.000000000000000    -0.000001705974240
32 29
     0.000017127997480    -0.000053409686569    -0.000000000000000
    -0.000053410714422     0.000077258427005    -0.000000000000000
    -0.000000000000000     0.000000000000000    -0.000001672648348
32 30
     0.000042331773345    -0.000066919782208    -0.000000000000000
    -0.000066921724316     0.000053821206782    -0.000000000000000
    -0.000000000000000     0.000000000000000    -0.000001706344559
32 31
    -0.851516771264026    -1.474515398541427     0.000000000000000
     1.357591592555332     2.350844845832445     0.000000000000000
     0.000000000000002     0.000000000000002     1.928280861004088
32 32
    25.219785594873297     8.774807453851690     0.000000000000000
     8.774264864965138    16.070259174819654     0.000000000000000
     0.000000000000003     0.000000000000014     4.353576911672557
32 33
     0.000115717143732    -0.000028449114635    -0.000000000000000
    -0.000028447921565    -0.000006430652009    -0.000000000000000
    -0.000000000000000    -0.000000000000000    -0.000001209277498
32 34
     0.000020582504666    -0.000017506006824    -0.000000000000000
    -0.000017506130985     0.000009135372547    -0.000000000000000
    -0.000000000000000     0.000000000000000    -0.000000279722677
32 35
     0.000024822774709    -0.000007199486416    -0.000000000000000
    -0.000007199495267     0.000031209830068    -0.000000000000000
    -0.000000000000000     0.000000000000000    -0.000001314172480
32 36
    -0.000003163301280     0.000003796139948    -0.000000000000000
     0.000003796349505     0.000032881284634    -0.000000000000000
     0.000000000000000     0.000000000000000    -0.000000279717512
32 37
    -0.000328256196601    -0.000156797481483    -0.000000000000000
    -0.000156778753736     0.001165414621636    -0.000000000000000
    -0.000000000000000     0.000000000000000    -0.000049963900875
32 38
     0.000125650917705    -0.000362789213520    -0.000000000000000
    -0.000362799819776     0.000414425690146    -0.000000000000000
    -0.000000000000000     0.000000000000000    -0.000013902406976
32 39
    -0.361262617143870     0.558440730086020     0.000000000000000
     0.558742515851823    -0.639798640802190     0.000000000000000
     0.000000000000001    -0.000000000000001     0.076715049257719
32 40
     0.000604339255777    -0.000243189399362    -0.000000000000000
    -0.000243181292561    -0.000042606865780    -0.000000000000000
    -0.000000000000000     0.000000000000000    -0.000015042217764
32 41
     0.000077496464217    -0.000008148664937    -0.000000000000000
    -0.000008147881718    -0.000007497769876    -0.000000000000000
    -0.000000000000000    -0.000000000000000    -0.000000826156874
32 42
     0.000235390274612     0.000020917430322    -0.000000000000000
     0.000020920687300    -0.000038317549116    -0.000000000000000
     0.000000000000000     0.000000000000000    -0.000002355284880
33 1
    -0.000884608759610     0.000105783515746     0.000000000000000
     0.000105680073822    -0.001003534545455    -0.000000000000000
    -0.000000000000000     0.000000000000000     0.000173500621207
33 2
     0.002253527745620     0.000789526362813     0.000000000000000
     0.000789516156444    -0.000265234086764     0.000000000000000
     0.000000000000000     0.000000000000000    -0.000033353011442
33 3
     0.000248943827309     0.001535027893168    -0.000000000000000
     0.001535000338991     0.001983556854890     0.000000000000000
    -0.000000000000000     0.000000000000000    -0.000039993443721
33 4
     0.000030622435769     0.000412619370122    -0.000000000000000
     0.000412628864436     0.000747953094640     0.000000000000000
    -0.000000000000000    -0.000000000000000    -0.000007340318628
33 5
     1.045985203866642    -1.814836093547345     0.000000000000000
    -0.018597183514201     0.029506600181898    -0.000000000000000
     0.000000000000001    -0.000000000000001     2.877724647587916
33 6
   -14.146057072172745    -0.663607398486410     0.000000000000000
    -1.099366711595894   -45.523470090263551     0.000000000000001
    -0.000000000000014     0.000000000000013   -15.478034606431661
33 7
     0.000930074458483     0.000111815690802    -0.000000000000000
     0.000111803564529    -0.000143118985510     0.000000000000000
     0.000000000000000     0.000000000000000    -0.000007649160678
33 8
     0.000516808044051     0.000000033861640     0.000000000000000
     0.000000028555501    -0.000086483121248     0.000000000000000
     0.000000000000000     0.000000000000000    -0.000006831747375
33 9
     0.001045520583183     0.000734992953223    -0.000000000000000
     0.000734993527870     0.000179982191121     0.000000000000000
     0.000000000000000     0.000000000000000    -0.000014512325408
33 10
     0.000314164148059     0.000370333362151     0.000000000000000
     0.000370339186733     0.000266220558163     0.000000000000000
     0.000000000000000     0.000000000000000    -0.000006064447299
33 11
    -0.038474029202501    -0.007674099039607     0.000000000000000
    -0.007667237883854    -0.001009704381836    -0.000000000000000
    -0.000000000000000    -0.000000000000000     0.373399274727824
33 12
    -0.515746142381387    -0.926110098153479     0.000000000000000
     0.889144522666739     1.602635980241215    -0.000000000000000
    -0.000000000000000    -0.000000000000001     1.484092630329689
33 13
     0.002819580282649    -0.000000000000000     0.000000000000000
     0.000000014093635    -0.000618978499934     0.000000000000000
     0.000000000000000     0.000000000000000    -0.000039046105385
33 14
     0.000166555008355    -0.000047264463840     0.000000000000000
    -0.000047265283184    -0.000012794910863     0.000000000000000
     0.000000000000000    -0.000000000000000    -0.000001564701834
33 15
     0.000064319013053     0.000261157649692    -0.000000000000000
     0.000261163180098     0.000365887459478     0.000000000000000
    -0.000000000000000     0.000000000000000    -0.000006830453458
33 16
     0.000082463027363     0.000295902100892    -0.000000000000000
     0.000295911306695     0.000379310804124     0.000000000000000
    -0.000000000000000     0.000000000000000    -0.000008156491571
33 17
     1.109766163735093     2.005499483763612     0.000000000000000
    -0.018790153710160    -0.037199966262445    -0.000000000000000
     0.000000000000001     0.000000000000003     1.333047048198694
33 18
    -0.000591591745736     0.000075041570311     0.000000000000000
     0.000074961292299    -0.000508626286949    -0.000000000000000
    -0.000000000000000     0.000000000000000     0.000042743224438
33 19
     0.000436396993027    -0.000000000000002     0.000000000000000
    -0.000000003589703    -0.000046828641612     0.000000000000000
     0.000000000000000     0.000000000000000    -0.000007304440767
33 20
     0.000078996907598     0.000038886648738    -0.000000000000000
     0.000038886473374     0.000014779731929     0.000000000000000
     0.000000000000000     0.000000000000000    -0.000000965506910
33 21
     0.000087354481698     0.000105020665068     0.000000000000000
     0.000105021719725     0.000208623719650     0.000000000000000
     0.000000000000000    -0.000000000000000    -0.000006159197943
33 22
    -0.000039004925680     0.000018771036085     0.000000000000000
     0.000018769907549     0.000272469222103     0.000000000000000
    -0.000000000000000    -0.000000000000000    -0.000002583906701
33 23
   -37.794378599305382   -14.440705460667386     0.000000000000000
   -12.407038009294698   -22.293549710466035     0.000000000000001
    -0.000000000000043     0.000000000000000   -11.332108261083915
33 24
   -25.083118777607233     8.643702688261854     0.000000000000000
     8.291181526056274   -16.759559688744986     0.000000000000000
    -0.000000000000021     0.000000000000007    -8.026933581615145
33 25
     0.000902659447724    -0.000102537229373    -0.000000000000000
    -0.000143643245996     0.000260523165832     0.000000000000000
     0.000000000000000    -0.000000000000000    -0.000007118089827
33 26
     0.001000272188408    -0.000191038161471     0.000000000000000
    -0.000190897564645    -0.000392400455422     0.000000000000000
     0.000000000000000     0.000000000000000    -0.000033309717365
33 27
    -2.922328536094793     1.848158483612072     0.000000000000000
     1.847975330593859    -0.780895265189366     0.000000000000000
    -0.000000000000003     0.000000000000001    -0.434818005304238
33 28
    -0.002957777512597     0.009023206302613     0.000000000000000
     0.009024634005741    -0.021893966110255    -0.000000000000000
    -0.000000000000000     0.000000000000000     0.496740134003689
33 29
     0.000536280997248     0.000355935351503    -0.000000000000000
     0.000314066691515     0.000637961097287     0.000000000000000
     0.000000000000000    -0.000000000000000    -0.000007235152880
33 30
     0.000015970372084     0.000052741314079     0.000000000000000
     0.000052742375876     0.000078416186076     0.000000000000000
    -0.000000000000000     0.000000000000000    -0.000001672617070
33 31
     0.000593092253588     0.000199990907781    -0.000000000000000
     0.000199985823010    -0.000019847575040     0.000000000000000
     0.000000000000000     0.000000000000000    -0.000005997679998
33 32
     0.000115717033754    -0.000028449073618    -0.000000000000000
    -0.000028449582984    -0.000006429585348     0.000000000000000
     0.000000000000000    -0.000000000000000    -0.000001209304863
33 33
    78.083567164040687     6.181234748456289     0.000000000000000
     6.181231561417308    84.314439915806815    -0.000000000000001
     0.000000000000057    -0.000000000000023    26.643934909450749
33 34
     1.601002765683825     0.058433759784280     0.000000000000000
    -2.773822184461268    -0.101235955730628    -0.000000000000000
     0.000000000000002     0.000000000000000     1.927965228768413
33 35
    -0.000039805248469     0.000165411302554    -0.000000000000000
     0.000165412691347     0.000613057458913     0.000000000000000
    -0.000000000000000    -0.000000000000000    -0.000005997285142
33 36
     0.000023378111336     0.000006365410477     0.000000000000000
     0.000006365434603     0.000032654509205     0.000000000000000
     0.000000000000000    -0.000000000000000    -0.000001314169378
33 37
     0.000478701711440     0.000165986473196     0.000000000000000
     0.000165982184654    -0.000016434695412     0.000000000000000
     0.000000000000000     0.000000000000000    -0.000004799068761
33 38
     0.001125875307834     0.001147036101863    -0.000000000000000
     0.001147017581869    -0.000278205624800    -0.000000000000000
     0.000000000000000     0.000000000000000     0.000001372881957
33 39
     0.002386358257012     0.000042814913140    -0.000000000000000
     0.000042809284378    -0.000491455273800     0.000000000000000
     0.000000000000000     0.000000000000000    -0.000039623066269
33 40
     0.000890717572489     0.001261978724622    -0.000000000000000
     0.001261992880300     0.000817858094608     0.000000000000000
     0.000000000000000     0.000000000000000    -0.000033010355412
33 41
    -0.003219242807023    -0.008474231078865     0.000000000000000
    -0.008478419115789    -0.023078609990182    -0.000000000000000
     0.000000000000000     0.000000000000000     1.544666461274513
33 42
    -1.349630459772231    -0.892528873458968     0.000000000000000
    -0.892598509086807    -0.407658420950510     0.000000000000000
    -0.000000000000001    -0.000000000000001    -1.409563854868060
34 1
     0.000107097239947     0.000112163273360     0.000000000000000
     0.000112164999041     0.000066331175374     0.000000000000000
     0.000000000000000     0.000000000000000    -0.000001857386572
34 2
     0.000083075546943     0.000043467543192     0.000000000000000
     0.000043467391830     0.000016093421562     0.000000000000000
     0.000000000000000     0.000000000000000    -0.000000992856830
34 3
     0.000017629887564     0.000065126727361     0.000000000000000
     0.000065128206138     0.000089333613122     0.000000000000000
    -0.000000000000000     0.000000000000000    -0.000001054906940
34 4
     0.000030424310622     0.000086273470055     0.000000000000000
     0.000086275632139     0.000105152247174     0.000000000000000
    -0.000000000000000     0.000000000000000    -0.000001249888064
34 5
     0.000156522792349     0.000626037998101     0.000000000000000
     0.000626038316246     0.000753102241129     0.000000000000000
    -0.000000000000000     0.000000000000000    -0.000029456381865
34 6
    -0.002726002911037    -0.008880845609142     0.000000000000000
    -0.008885363708751    -0.022517851563051    -0.000000000000000
     0.000000000000000     0.000000000000000     0.495934549489513
34 7
     0.000708827657180    -0.000170855514464     0.000000000000000
    -0.000170860327941    -0.000100372750006     0.000000000000000
     0.000000000000000    -0.000000000000000    -0.000013588208935
34 8
     0.000161114420207    -0.000044197739704     0.000000000000000
    -0.000044198560715    -0.000012714323799     0.000000000000000
     0.000000000000000    -0.000000000000000    -0.000001506662370
34 9
    -0.000421241204802     0.000011874477219     0.000000000000000
     0.000012246956864    -0.000462246097152    -0.000000000000000
    -0.000000000000000     0.000000000000000     0.000032033065676
34 10
     0.000766184404461     0.000695280733966     0.000000000000000
     0.000695277505685     0.000198381432074     0.000000000000000
     0.000000000000000     0.000000000000000    -0.000034465869841
34 11
    -0.731633269141167     0.315828437895904     0.000000000000000
     0.315859305039521    -0.067168507498095     0.000000000000000
    -0.000000000000001     0.000000000000000    -0.448437892319673
34 12
     1.402543251387408     2.530696145042420     0.000000000000000
     0.050825563400513     0.091783060220675    -0.000000000000000
     0.000000000000001     0.000000000000003     1.743000066118705
34 13
     0.000166555008353     0.000047264463844     0.000000000000000
     0.000047262584423    -0.000012796898163     0.000000000000000
     0.000000000000000     0.000000000000000    -0.000001564701835
34 14
     0.000025704898903    -0.000000000000000     0.000000000000000
    -0.000000000275947    -0.000004250341368     0.000000000000000
     0.000000000000000     0.000000000000000    -0.000000334955906
34 15
     0.000048829451026     0.000276483043243    -0.000000000000000
     0.000276491476550     0.000412945637781     0.000000000000000
    -0.000000000000000     0.000000000000000    -0.000008156402202
34 16
    -0.001496514595624    -0.002598613972628     0.000000000000000
    -0.002600487779894    -0.004500381006919    -0.000000000000000
     0.000000000000000    -0.000000000000000     0.000287624584281
34 17
    -0.000464414920126     0.000001535454441     0.000000000000000
     0.000001620643869    -0.000635857991331    -0.000000000000000
    -0.000000000000000     0.000000000000000     0.000042592248213
34 18
     0.000047154049512    -0.000235313543262    -0.000000000000000
    -0.000235313555812     0.000318870612683     0.000000000000000
     0.000000000000000    -0.000000000000000    -0.000018281879545
34 19
     0.000078996907596    -0.000038886648739     0.000000000000000
    -0.000038886450490     0.000014780461902     0.000000000000000
     0.000000000000000    -0.000000000000000    -0.000000965506909
34 20
     0.000003288323385    -0.000000000000000     0.000000000000000
    -0.000000000008683     0.000009395519927     0.000000000000000
     0.000000000000000    -0.000000000000000    -0.000000285699907
34 21
     0.000178342329321     0.000144258474104    -0.000000000000000
     0.000144259596225     0.000055118423562     0.000000000000000
     0.000000000000000     0.000000000000000    -0.000002584244152
34 22
     0.000004151445884     0.000006366149374     0.000000000000000
     0.000006366229152     0.000011502579799     0.000000000000000
     0.000000000000000    -0.000000000000000    -0.000000307336827
34 23
   -11.508454211809351     0.805173884184314     0.000000000000000
     0.453170661228626   -30.335139567480706     0.000000000000000
    -0.000000000000011     0.000000000000010    -8.028070761528612
34 24
    -0.464982282375076    -0.294276257210514    -0.000000000000000
    -0.294294835103679    -0.125189401250318     0.000000000000000
    -0.000000000000000    -0.000000000000000    -0.617861601220915
34 25
     0.000108480407058     0.000000668375180    -0.000000000000000
     0.000000667347327    -0.000014093985972     0.000000000000000
     0.000000000000000     0.000000000000000    -0.000001672648348
34 26
     0.000108903918208     0.000028486277843     0.000000000000000
     0.000028484335736    -0.000012750940558     0.000000000000000
     0.000000000000000     0.000000000000000    -0.000001706344559
34 27
    -0.002957777512597     0.009023206302615     0.000000000000000
     0.009024634005727    -0.021893966110249    -0.000000000000000
    -0.000000000000000     0.000000000000000     0.496745743687308
34 28
    -0.000036180809369    -0.000003711621870    -0.000000000000000
    -0.000003713633709     0.000211143389185     0.000000000000000
    -0.000000000000000    -0.000000000000000    -0.000004921792182
34 29
     0.000121323291784     0.000698671043696     0.000000000000000
     0.000698483038752     0.000486577361642     0.000000000000000
    -0.000000000000000     0.000000000000000    -0.000033343553284
34 30
    -0.000007006183683     0.000038433467329     0.000000000000000
     0.000038434494377     0.000103161133192     0.000000000000000
    -0.000000000000000    -0.000000000000000    -0.000001705974240
34 31
     0.000035848007205     0.000000834074199     0.000000000000000
     0.000000834065349     0.000020184597162     0.000000000000000
     0.000000000000000    -0.000000000000000    -0.000001314172480
34 32
     0.000020582492928    -0.000017505990438    -0.000000000000000
    -0.000017505780881     0.000009135489544     0.000000000000000
     0.000000000000000    -0.000000000000000    -0.000000279717512
34 33
     1.600883868174918    -2.773485788231332     0.000000000000000
     0.058621202865428    -0.101555884834009    -0.000000000000000
     0.000000000000001    -0.000000000000003     1.928280861004088
34 34
    10.758669252346905    -0.425135296534310     0.000000000000000
    -0.425677885420861    30.531376055289030    -0.000000000000000
     0.000000000000011    -0.000000000000009     4.353576911672557
34 35
     0.000048743436022     0.000067115210460     0.000000000000000
     0.000067116403529     0.000060543058192     0.000000000000000
    -0.000000000000000     0.000000000000000    -0.000001209277498
34 36
     0.000027157855431     0.000013709850380    -0.000000000000000
     0.000013709726219     0.000002560021537     0.000000000000000
     0.000000000000000     0.000000000000000    -0.000000279722677
34 37
     0.000656421247400     0.000056359421349    -0.000000000000000
     0.000056348815093    -0.000116344659294     0.000000000000000
     0.000000000000000     0.000000000000000    -0.000013902406976
34 38
    -1.053919143872186    -0.158837076251182     0.000000000000000
    -0.158535290485380     0.052857911692444    -0.000000000000000
    -0.000000000000001    -0.000000000000000     0.076715049257719
34 39
     0.000927779374899    -0.000568393735068     0.000000000000000
    -0.000568375007322    -0.000090620996587     0.000000000000000
     0.000000000000000    -0.000000000000000    -0.000049963900875
34 40
     0.000020807400424     0.000040877328568     0.000000000000000
     0.000040878111786     0.000049191296026     0.000000000000000
    -0.000000000000000     0.000000000000000    -0.000000826156874
34 41
     0.000011992971868     0.000108057807974     0.000000000000000
     0.000108061064953     0.000185079761938     0.000000000000000
    -0.000000000000000    -0.000000000000000    -0.000002355284880
34 42
     0.000329734349312     0.000401724512178    -0.000000000000000
     0.000401732618980     0.000231998050900     0.000000000000000
     0.000000000000000     0.000000000000000    -0.000015042217764
35 1
     0.000220542347688    -0.001518602736782    -0.000000000000000
    -0.001518630290959     0.002011958335568     0.000000000000000
    -0.000000000000000     0.000000000000000    -0.000039993443721
35 2
     0.000211277447924    -0.000516930086274    -0.000000000000000
    -0.000516920591960     0.000567298075765     0.000000000000000
     0.000000000000000    -0.000000000000000    -0.000007340318628
35 3
     1.077526132553142     0.000387019507854     0.000000000000000
     1.796625929540999    -0.002034329677906    -0.000000000000000
     0.000000000000002     0.000000000000000     2.877724647587916
35 4
   -36.915725397087016    14.245441092855874    -0.000000000000001
    13.809681779746388   -22.753800918334278     0.000000000000000
    -0.000000000000018    -0.000000000000006   -15.478034606431661
35 5
    -0.001065369489563    -0.000001317815783     0.000000000000000
    -0.000001421257708    -0.000822773808778    -0.000000000000000
    -0.000000000000000    -0.000000000000000     0.000173500621207
35 6
    -0.000319289076217     0.000695900355847    -0.000000000000000
     0.000695890149478     0.002307582830779     0.000000000000000
     0.000000000000000     0.000000000000000    -0.000033353011442
35 7
    -0.000240156021969     0.000007292220012    -0.000000000000000
     0.000007292794658     0.001465658844099     0.000000000000000
     0.000000000000000     0.000000000000000    -0.000014512325408
35 8
    -0.000042514167435    -0.000164410861438    -0.000000000000000
    -0.000164405036856     0.000622898886925     0.000000000000000
    -0.000000000000000     0.000000000000000    -0.000006064447299
35 9
    -0.003732791930523    -0.012390625180172     0.000000000000000
    -0.012383764024419    -0.035750942946163    -0.000000000000000
    -0.000000000000000    -0.000000000000000     0.373399274727824
35 10
     1.089046968293699    -1.815672274341734     0.000000000000000
    -0.000417653521517    -0.002157190131000    -0.000000000000000
     0.000000000000001    -0.000000000000001     1.484092630329689
35 11
     0.000028349403336     0.000408807648478    -0.000000000000000
     0.000408795522206     0.000758606103180     0.000000000000000
     0.000000000000000     0.000000000000000    -0.000007649160678
35 12
     0.000064312645075     0.000261219789764    -0.000000000000000
     0.000261214483625     0.000366012294560     0.000000000000000
     0.000000000000000     0.000000000000000    -0.000006831747375
35 13
     0.000064323788109    -0.000261165936978    -0.000000000000000
    -0.000261160406572     0.000365882684423     0.000000000000000
    -0.000000000000000     0.000000000000000    -0.000006830453458
35 14
     0.000048836131482    -0.000276496808945    -0.000000000000000
    -0.000276487603142     0.000412937701256     0.000000000000000
    -0.000000000000000     0.000000000000000    -0.000008156491571
35 15
    -0.610728791605414     1.012118397790936     0.000000000000000
    -1.012171239682836     1.683295053079218    -0.000000000000000
    -0.000000000000002     0.000000000000002     1.333047048198694
35 16
    -0.000594320781078    -0.000073385682980     0.000000000000000
    -0.000073465960993    -0.000505897251506    -0.000000000000000
    -0.000000000000000    -0.000000000000000     0.000042743224438
35 17
     0.000240655110258     0.001488929076559    -0.000000000000000
     0.001488943170194     0.001959946768391     0.000000000000000
     0.000000000000000     0.000000000000000    -0.000039046105385
35 18
     0.000072975149705     0.000101293640771    -0.000000000000000
     0.000101292821428     0.000080784951268     0.000000000000000
     0.000000000000000     0.000000000000000    -0.000001564701834
35 19
     0.000087355385482    -0.000105022241525    -0.000000000000000
    -0.000105021186868     0.000208622815865     0.000000000000000
     0.000000000000000     0.000000000000000    -0.000006159197943
35 20
     0.000178344972423    -0.000144256932062    -0.000000000000000
    -0.000144258060598     0.000055119315915     0.000000000000000
     0.000000000000000    -0.000000000000000    -0.000002583906701
35 21
   -14.543342587289036    -1.016954140861914    -0.000000000000000
     1.016713310510772   -45.544586587403955     0.000000000000000
    -0.000000000000021    -0.000000000000037   -11.332108261083915
35 22
   -26.173468826860294    -7.661667619900318    -0.000000000000000
    -8.014188782105897   -15.669209598931662     0.000000000000000
    -0.000000000000017    -0.000000000000015    -8.026933581615145
35 23
     0.000073979322742     0.000209245533093    -0.000000000000000
     0.000209241943392     0.000315589042155     0.000000000000000
     0.000000000000000     0.000000000000000    -0.000007304440767
35 24
    -0.000002842723680     0.000008363660654    -0.000000000000000
     0.000008363485289     0.000096619366252     0.000000000000000
     0.000000000000000     0.000000000000000    -0.000000965506910
35 25
     0.000322421664955    -0.000190594946150    -0.000000000000000
    -0.000232463606138     0.000851820437536     0.000000000000000
     0.000000000000000     0.000000000000000    -0.000007235152880
35 26
     0.000017128953647    -0.000053411283266    -0.000000000000000
    -0.000053410221469     0.000077257604470     0.000000000000000
    -0.000000000000000    -0.000000000000000    -0.000001672617070
35 27
     0.000527656499846     0.000360151302927    -0.000000000000000
     0.000319045286304     0.000635526127660     0.000000000000000
     0.000000000000000     0.000000000000000    -0.000007118089827
35 28
     0.000121150734122     0.000698458582368    -0.000000000000000
     0.000698599179194     0.000486721031567     0.000000000000000
     0.000000000000000     0.000000000000000    -0.000033309717365
35 29
    -2.916726420805463    -1.851209713424338    -0.000000000000000
    -1.851392866442551    -0.786497380687083     0.000000000000000
    -0.000000000000002    -0.000000000000002    -0.434818005304238
35 30
    -0.024974862299895     0.003686936059408     0.000000000000000
     0.003688363762535     0.000123119496063    -0.000000000000000
    -0.000000000000000    -0.000000000000000     0.496740134003689
35 31
     0.000306590776178    -0.000365404533143    -0.000000000000000
    -0.000365403144350     0.000266661421380     0.000000000000000
    -0.000000000000000    -0.000000000000000    -0.000005997285142
35 32
     0.000024822791304    -0.000007199520987    -0.000000000000000
    -0.000007199496861     0.000031209829183     0.000000000000000
     0.000000000000000     0.000000000000000    -0.000001314169378
35 33
    -0.000039807619002     0.000165419095596    -0.000000000000000
     0.000165414010825     0.000613052321092     0.000000000000000
     0.000000000000000     0.000000000000000    -0.000005997679998
35 34
     0.000048744910177     0.000067115957278    -0.000000000000000
     0.000067115447912     0.000060542540720     0.000000000000000
     0.000000000000000     0.000000000000000    -0.000001209304863
35 35
    77.403614536214533    -5.788660721404167     0.000000000000001
    -5.788663908443144    84.994392568926727    -0.000000000000000
     0.000000000000048     0.000000000000038    26.643934909450749
35 36
     1.500121384034243     2.832066078396189     0.000000000000000
    -0.000189865849359    -0.000354570328337    -0.000000000000000
     0.000000000000001     0.000000000000002     1.927965228768413
35 37
    -0.000920539749282     0.000034480724206     0.000000000000000
     0.000034462204213     0.001768209508441    -0.000000000000000
    -0.000000000000000     0.000000000000000     0.000001372881957
35 38
     0.000190921758189     0.001224726592782    -0.000000000000000
     0.001224720964019     0.001703981306692     0.000000000000000
     0.000000000000000     0.000000000000000    -0.000039623066269
35 39
    -0.000036397236046     0.000131410336868    -0.000000000000000
     0.000131406048326     0.000498664271236     0.000000000000000
     0.000000000000000     0.000000000000000    -0.000004799068761
35 40
    -0.010773054822026     0.012839614597176     0.000000000000000
     0.012835426560251    -0.015524797694184    -0.000000000000000
    -0.000000000000000     0.000000000000000     1.544666461274513
35 41
     0.129831397478239     0.038430791660259    -0.000000000000000
     0.038361156032419    -1.887120333235882     0.000000000000000
    -0.000000000000000    -0.000000000000001    -1.409563854868060
35 42
    -0.000256838802558    -0.000599450885933    -0.000000000000000
    -0.000599436730255     0.001965414512344    -0.000000000000000
    -0.000000000000000     0.000000000000000    -0.000033010355412
36 1
     0.000015005639600    -0.000063613095841    -0.000000000000000
    -0.000063611617064     0.000091957861184     0.000000000000000
    -0.000000000000000     0.000000000000000    -0.000001054906940
36 2
     0.000011754308542    -0.000075496501212    -0.000000000000000
    -0.000075494339128     0.000123822249949     0.000000000000000
    -0.000000000000000     0.000000000000000    -0.000001249888064
36 3
     0.000061792420156    -0.000571345709343    -0.000000000000000
    -0.000571345391198     0.000847832616846     0.000000000000000
    -0.000000000000000     0.000000000000000    -0.000029456381865
36 4
    -0.009876894615775     0.013013933036217     0.000000000000000
     0.013009414936608    -0.015366959592305    -0.000000000000000
    -0.000000000000000     0.000000000000000     0.495934549489513
36 5
    -0.000020614299870    -0.000038430705778    -0.000000000000000
    -0.000038428980097     0.000194042719942     0.000000000000000
    -0.000000000000000     0.000000000000000    -0.000001857386572
36 6
    -0.000004804977944     0.000007270453814    -0.000000000000000
     0.000007270302452     0.000103973949718     0.000000000000000
     0.000000000000000     0.000000000000000    -0.000000992856830
36 7
    -0.000462439748320     0.000011539033769     0.000000000000000
     0.000011911513414    -0.000421047552102    -0.000000000000000
    -0.000000000000000    -0.000000000000000     0.000032033065676
36 8
    -0.000261797199655    -0.000101772038788    -0.000000000000000
    -0.000101775267069     0.001226363074430     0.000000000000000
    -0.000000000000000     0.000000000000000    -0.000034465869841
36 9
    -0.506813507268027    -0.445659057490352    -0.000000000000000
    -0.445628190346735    -0.291988277734364     0.000000000000000
    -0.000000000000001    -0.000000000000001    -0.448437892319673
36 10
    -0.698358563723370     1.162130687655210     0.000000000000000
    -1.317739893986697     2.192684953483469    -0.000000000000000
    -0.000000000000002     0.000000000000002     1.743000066118705
36 11
     0.000249894652038     0.000435825426929    -0.000000000000000
     0.000435820613451     0.000358560272208     0.000000000000000
     0.000000000000000     0.000000000000000    -0.000013588208935
36 12
     0.000069019582727     0.000097369540914    -0.000000000000000
     0.000097368719903     0.000079380517107     0.000000000000000
     0.000000000000000     0.000000000000000    -0.000001506662370
36 13
     0.000082471593132    -0.000295914776712    -0.000000000000000
    -0.000295906343405     0.000379303494423     0.000000000000000
    -0.000000000000000     0.000000000000000    -0.000008156402202
36 14
    -0.001498137223138     0.002601424604343     0.000000000000000
     0.002599550797078    -0.004498758379344    -0.000000000000000
     0.000000000000000    -0.000000000000000     0.000287624584281
36 15
    -0.000594363836421     0.000073405399330     0.000000000000000
     0.000073490588758    -0.000505909070202    -0.000000000000000
    -0.000000000000000    -0.000000000000000     0.000042592248213
36 16
     0.000454728970958     0.000000000060824    -0.000000000000000
     0.000000000048274    -0.000088704323924     0.000000000000000
     0.000000000000000    -0.000000000000000    -0.000018281879545
36 17
    -0.000008890332988     0.000054030832512    -0.000000000000000
     0.000054028953091     0.000162648449704     0.000000000000000
     0.000000000000000     0.000000000000000    -0.000001564701835
36 18
     0.000003238588307     0.000012971206658    -0.000000000000000
     0.000012970930712     0.000018215970064     0.000000000000000
     0.000000000000000     0.000000000000000    -0.000000334955906
36 19
    -0.000039007588390    -0.000018772560392    -0.000000000000000
    -0.000018771438271     0.000272468349358     0.000000000000000
    -0.000000000000000     0.000000000000000    -0.000002584244152
36 20
     0.000004151514475    -0.000006366268753    -0.000000000000000
    -0.000006366188975     0.000011502511209     0.000000000000000
     0.000000000000000     0.000000000000000    -0.000000307336827
36 21
   -26.173346543615153     8.013609031655376    -0.000000000000000
     7.661605808699689   -15.670246690151636     0.000000000000000
    -0.000000000000014    -0.000000000000004    -8.028070761528612
36 22
     0.044721136159552     0.000017423732387    -0.000000000000000
    -0.000001154160777    -0.634892838745541     0.000000000000000
     0.000000000000000    -0.000000000000000    -0.617861601220915
36 23
     0.000064511312118     0.000047249713094    -0.000000000000000
     0.000047249911343     0.000029266057918     0.000000000000000
     0.000000000000000     0.000000000000000    -0.000000965506909
36 24
     0.000007868724289    -0.000002644487061    -0.000000000000000
    -0.000002644495744     0.000004815118852     0.000000000000000
     0.000000000000000     0.000000000000000    -0.000000285699907
36 25
    -0.000209721622346    -0.000507354164911    -0.000000000000000
    -0.000507542169855     0.000817622288087     0.000000000000000
    -0.000000000000000     0.000000000000000    -0.000033343553284
36 26
     0.000042334497927    -0.000066921350716    -0.000000000000000
    -0.000066920323668     0.000053820449746     0.000000000000000
     0.000000000000000    -0.000000000000000    -0.000001705974240
36 27
     0.000015971227878     0.000052742853169    -0.000000000000000
     0.000052741825315     0.000078415196649     0.000000000000000
     0.000000000000000     0.000000000000000    -0.000001672648348
36 28
    -0.000007006224366     0.000038436417526    -0.000000000000000
     0.000038434475419     0.000103159206328     0.000000000000000
     0.000000000000000     0.000000000000000    -0.000001706344559
36 29
    -0.024974862299886     0.003686936059416     0.000000000000000
     0.003688363762528     0.000123119496059    -0.000000000000000
    -0.000000000000000    -0.000000000000000     0.496745743687308
36 30
     0.000152527563577    -0.000105237198236    -0.000000000000000
    -0.000105239210075     0.000022435009220     0.000000000000000
     0.000000000000000    -0.000000000000000    -0.000004921792182
36 31
    -0.000000530841811    -0.000038667885429    -0.000000000000000
    -0.000038666692359     0.000109817337858     0.000000000000000
    -0.000000000000000     0.000000000000000    -0.000001209277498
36 32
    -0.000003163544788     0.000003796342685    -0.000000000000000
     0.000003796218524     0.000032881422884     0.000000000000000
     0.000000000000000     0.000000000000000    -0.000000279722677
36 33
     0.000023378123511     0.000006365425493    -0.000000000000000
     0.000006365416643     0.000032654481321     0.000000000000000
     0.000000000000000     0.000000000000000    -0.000001314172480
36 34
     0.000027157781549     0.000013709536154    -0.000000000000000
     0.000013709745711     0.000002560200678     0.000000000000000
     0.000000000000000     0.000000000000000    -0.000000279717512
36 35
     1.499624883767175    -0.000159299872382     0.000000000000000
     2.831947691224377    -0.000296896659511    -0.000000000000000
     0.000000000000003    -0.000000000000000     1.928280861004088
36 36
    25.956611410616439    -8.348858273987616     0.000000000000000
    -8.349400862874166    15.333433331667170    -0.000000000000000
     0.000000000000013     0.000000000000005     4.353576911672557
36 37
    -0.086410090202971    -0.400056332483541     0.000000000000000
    -0.399754546717738    -0.914651177967400    -0.000000000000000
    -0.000000000000001    -0.000000000000001     0.076715049257719
36 38
     0.000656214394226     0.000725163124932    -0.000000000000000
     0.000725181852678     0.000180943994187     0.000000000000000
     0.000000000000000     0.000000000000000    -0.000049963900875
36 39
     0.000028042723546     0.000306445701555    -0.000000000000000
     0.000306435095299     0.000512033887935     0.000000000000000
     0.000000000000000     0.000000000000000    -0.000013902406976
36 40
     0.000048225843901    -0.000128980123764    -0.000000000000000
    -0.000128976866785     0.000148846888557     0.000000000000000
     0.000000000000000    -0.000000000000000    -0.000002355284880
36 41
    -0.000091475017716    -0.000158547273018    -0.000000000000000
    -0.000158539166217     0.000653207433596     0.000000000000000
    -0.000000000000000     0.000000000000000    -0.000015042217764
36 42
     0.000006694177289    -0.000032729838459    -0.000000000000000
    -0.000032729055241     0.000063304519686     0.000000000000000
    -0.000000000000000     0.000000000000000    -0.000000826156874
37 1
     0.000227265323870    -0.000260488048473    -0.000000000000000
    -0.000260485234053     0.000188025781028     0.000000000000000
    -0.000000000000000     0.000000000000000    -0.000004445821838
37 2
     0.000844714963061    -0.001130819020930    -0.000000000000000
    -0.001130804480131     0.000708795264385     0.000000000000000
     0.000000000000000     0.000000000000000    -0.000027811518273
37 3
    -0.000027752381942    -0.000113250686003    -0.000000000000000
    -0.000113253514326     0.000443043486840     0.000000000000000
     0.000000000000000    -0.000000000000000    -0.000004445821838
37 4
    -0.000236536513803    -0.000506543618448    -0.000000000000000
    -0.000506558220155     0.001790046741249     0.000000000000000
     0.000000000000000    -0.000000000000000    -0.000027811518273
37 5
     0.000091344232887     0.000002111111806    -0.000000000000000
     0.000002111111885     0.000088906530903     0.000000000000000
    -0.000000000000000    -0.000000000000000    -0.000004314422163
37 6
     0.000214518972769     0.000125336606580    -0.000000000000000
     0.000125336611242     0.000069792722981     0.000000000000000
    -0.000000000000000    -0.000000000000000    -0.000003067819840
37 7
   -10.936846158786279     0.937446310629101    -0.000000000000000
    -1.288191059821610   -45.566351833403687     0.000000000000001
     0.000000000000004     0.000000000000007   -14.556041147860064
37 8
     1.079896697712094     1.872320025985435    -0.000000000000000
     0.024886164784369     0.042407861716734    -0.000000000000000
    -0.000000000000000    -0.000000000000000     1.679509431599956
37 9
   -37.060852328346648    13.794510701872584    -0.000000000000000
    16.020148620341303   -19.442345663843316     0.000000000000001
     0.000000000000007     0.000000000000003   -14.556041147860064
37 10
     1.123294464306460    -0.000169547900837    -0.000000000000000
     1.847264382942857    -0.000989904877633    -0.000000000000000
    -0.000000000000000     0.000000000000000     1.679509431599957
37 11
    -2.881166746981246    -1.825811384130168    -0.000000000000000
    -1.825811452049016    -0.772901319534205     0.000000000000000
     0.000000000000002     0.000000000000000    -1.292042470439303
37 12
    -0.000156621141857     0.000475884147282    -0.000000000000000
     0.000475884164984    -0.000706124833150    -0.000000000000000
    -0.000000000000000     0.000000000000000     0.000086961101675
37 13
     0.001125875307840    -0.001147036101867    -0.000000000000000
    -0.001147060150076    -0.000278261630658    -0.000000000000000
     0.000000000000000     0.000000000000000     0.000001317900394
37 14
    -1.053919143872297     0.158837076251205    -0.000000000000000
     0.159076272565823     0.052729714816280    -0.000000000000000
     0.000000000000000    -0.000000000000000     0.076656678507533
37 15
     0.000190918911468    -0.001224718713387    -0.000000000000000
    -0.001224719638032     0.001703977761755     0.000000000000000
     0.000000000000000    -0.000000000000000    -0.000039623234251
37 16
     0.000656250236487    -0.000725191372541    -0.000000000000000
    -0.000725202877100     0.000180960196722     0.000000000000000
     0.000000000000000     0.000000000000000    -0.000049975819804
37 17
     0.000251096012129     0.000297390208494    -0.000000000000000
     0.000297394693575     0.000211171054543     0.000000000000000
    -0.000000000000000    -0.000000000000000    -0.000004798998701
37 18
     0.000125651036374     0.000362789155160    -0.000000000000000
     0.000362799753357     0.000414425699423     0.000000000000000
    -0.000000000000000    -0.000000000000000    -0.000013901431833
37 19
    -0.003219242807027     0.008474231078857    -0.000000000000000
     0.008475682496254    -0.023068537022933    -0.000000000000000
    -0.000000000000000     0.000000000000000     1.544709528529807
37 20
     0.000011992971866    -0.000108057807969    -0.000000000000000
    -0.000108058520939     0.000185072811135     0.000000000000000
     0.000000000000000    -0.000000000000000    -0.000002355319129
37 21
     0.129681708574753    -0.038347761558137    -0.000000000000000
    -0.038278572032978    -1.887125878172823     0.000000000000000
    -0.000000000000000     0.000000000000000    -1.409675213365776
37 22
    -0.000091469194193     0.000158535506522    -0.000000000000000
     0.000158535899128     0.000653213492086     0.000000000000000
    -0.000000000000000    -0.000000000000000    -0.000015041938561
37 23
     0.001928984674468     0.000662548599236    -0.000000000000000
     0.000662534969596    -0.000220408816667     0.000000000000000
    -0.000000000000000    -0.000000000000000    -0.000033010821430
37 24
     0.000077496400159     0.000008148653948    -0.000000000000000
     0.000008147920219    -0.000007497764308     0.000000000000000
    -0.000000000000000     0.000000000000000    -0.000000826165280
37 25
    -1.416104157230867     0.854181298523926    -0.000000000000000
     0.854112139347177    -0.341340012367202     0.000000000000000
     0.000000000000000    -0.000000000000000    -1.409675213365776
37 26
     0.000604338766569    -0.000243189012748    -0.000000000000000
    -0.000243189408504    -0.000042594468677     0.000000000000000
    -0.000000000000000     0.000000000000000    -0.000015041938561
37 27
     0.000890717572490     0.001261978724618    -0.000000000000000
     0.001261992425850     0.000817858285311     0.000000000000000
    -0.000000000000000    -0.000000000000000    -0.000033010821430
37 28
     0.000020807400420     0.000040877328566    -0.000000000000000
     0.000040878064119     0.000049191235430     0.000000000000000
    -0.000000000000000    -0.000000000000000    -0.000000826165280
37 29
    -0.010766685594970     0.012833200225229    -0.000000000000000
     0.012831749600452    -0.015521094234990    -0.000000000000000
    -0.000000000000000     0.000000000000000     1.544709528529807
37 30
     0.000048221735814    -0.000128975203148    -0.000000000000000
    -0.000128974498995     0.000148844047187     0.000000000000000
     0.000000000000000    -0.000000000000000    -0.000002355319129
37 31
     0.000265075130517    -0.001267533704707    -0.000000000000000
    -0.001267532872772     0.001629821542706     0.000000000000000
     0.000000000000000    -0.000000000000000    -0.000039623234251
37 32
    -0.000328256426183    -0.000156797673983    -0.000000000000000
    -0.000156786202234     0.001165466859391     0.000000000000000
     0.000000000000000    -0.000000000000000    -0.000049975819804
37 33
     0.000478701711429     0.000165986473196    -0.000000000000000
     0.000165982005353    -0.000016434644757     0.000000000000000
    -0.000000000000000    -0.000000000000000    -0.000004798998701
37 34
     0.000656421247401     0.000056359421347    -0.000000000000000
     0.000056348838741    -0.000116344511604     0.000000000000000
    -0.000000000000000     0.000000000000000    -0.000013901431833
37 35
    -0.000920600212488     0.000034473063169    -0.000000000000000
     0.000034497069992     0.001768213889670    -0.000000000000000
    -0.000000000000000    -0.000000000000000     0.000001317900394
37 36
    -0.086271981718926    -0.399595072510443    -0.000000000000000
    -0.399834277781082    -0.914917447337090    -0.000000000000000
     0.000000000000000     0.000000000000000     0.076656678507533
37 37
    50.579107334658630   -14.272482337329558    -0.000000000000000
   -14.272482868255448    67.059550680111670    -0.000000000000001
    -0.000000000000000    -0.000000000000014    18.253347640123124
37 38
    -0.686569060316271     1.127451881956695    -0.000000000000000
    -1.127302394419293     1.850894040210667    -0.000000000000000
     0.000000000000000    -0.000000000000000     4.184343115054485
37 39
     1.216593013240915    -2.226093467527088    -0.000000000000000
     0.028660767980236    -0.052268033346520    -0.000000000000000
    -0.000000000000000     0.000000000000001     4.184343115054485
37 40
     0.000042441350523    -0.000112687110902    -0.000000000000000
    -0.000112687115094     0.000172561220570     0.000000000000000
     0.000000000000000    -0.000000000000000    -0.000004090129675
37 41
     0.000004082815337     0.000000000000001    -0.000000000000000
    -0.000000000545045     0.000194114387235     0.000000000000000
    -0.000000000000000    -0.000000000000000    -0.000002248504140
37 42
     0.000146606258250    -0.000082286491646    -0.000000000000000
    -0.000082285949661     0.000051590944323     0.000000000000000
    -0.000000000000000    -0.000000000000000    -0.000002248504140
38 1
     0.000091344230373    -0.000002111113337     0.000000000000000
    -0.000002111113258     0.000088906533417     0.000000000000000
    -0.000000000000000    -0.000000000000000    -0.000004314422163
38 2
     0.000214518968803    -0.000125336613532     0.000000000000000
    -0.000125336608869     0.000069792726947     0.000000000000000
    -0.000000000000000     0.000000000000000    -0.000003067819840
38 3
    -0.000027752382992     0.000113250689609     0.000000000000000
     0.000113253504030     0.000443043497376     0.000000000000000
     0.000000000000000     0.000000000000000    -0.000004445821838
38 4
    -0.000236536515363     0.000506543636390     0.000000000000000
     0.000506558177189     0.001790046783031     0.000000000000000
     0.000000000000000     0.000000000000000    -0.000027811518273
38 5
     0.000227265313333     0.000260488052080     0.000000000000000
     0.000260485223757     0.000188025782078     0.000000000000000
    -0.000000000000000    -0.000000000000000    -0.000004445821838
38 6
     0.000844714921279     0.001130819038872     0.000000000000000
     0.001130804437165     0.000708795265946     0.000000000000000
    -0.000000000000000    -0.000000000000000    -0.000027811518273
38 7
    -2.881166696008000     1.825811481478439     0.000000000000000
     1.825811413559591    -0.772901370507459     0.000000000000000
     0.000000000000001    -0.000000000000001    -1.292042470439303
38 8
    -0.000156621129822    -0.000475884158036    -0.000000000000000
    -0.000475884140333    -0.000706124845185    -0.000000000000000
     0.000000000000000     0.000000000000000     0.000086961101675
38 9
   -37.060851072170649   -13.794510489764640     0.000000000000001
   -16.020147860215349   -19.442345948225395     0.000000000000000
     0.000000000000008     0.000000000000000   -14.556041147860061
38 10
     1.123294432964432     0.000169529811813    -0.000000000000000
    -1.847264331389253    -0.000989875149964    -0.000000000000000
    -0.000000000000000    -0.000000000000000     1.679509431599956
38 11
   -10.936845838554135    -0.937446160615265     0.000000000000001
     1.288191757853454   -45.566353125429750     0.000000000000000
     0.000000000000006    -0.000000000000005   -14.556041147860061
38 12
     1.079896697742442    -1.872320095616850    -0.000000000000000
    -0.024886164773156     0.042407863300754    -0.000000000000000
    -0.000000000000000     0.000000000000000     1.679509431599956
38 13
     0.000478701700747    -0.000165986485538     0.000000000000000
    -0.000165982000457    -0.000016434642542     0.000000000000000
    -0.000000000000000     0.000000000000000    -0.000004798998701
38 14
     0.000656421229995    -0.000056359433493     0.000000000000000
    -0.000056348835295    -0.000116344513942     0.000000000000000
    -0.000000000000000     0.000000000000000    -0.000013901431833
38 15
    -0.000920600186248    -0.000034473049302    -0.000000000000000
    -0.000034497097511     0.001768213939558    -0.000000000000000
     0.000000000000000     0.000000000000000     0.000001317900394
38 16
    -0.086271985748565     0.399595085048574    -0.000000000000000
     0.399834281363192    -0.914917479303219    -0.000000000000000
     0.000000000000000    -0.000000000000000     0.076656678507533
38 17
     0.000265075102704     0.001267533735801     0.000000000000000
     0.001267532811156     0.001629821567760     0.000000000000000
    -0.000000000000000    -0.000000000000000    -0.000039623234251
38 18
    -0.000328256419550     0.000156797683646     0.000000000000000
     0.000156786179087     0.001165466889382     0.000000000000000
     0.000000000000000     0.000000000000000    -0.000049975819804
38 19
     0.000890717567967    -0.001261978774174     0.000000000000000
    -0.001261992403815     0.000817858328456     0.000000000000000
    -0.000000000000000     0.000000000000000    -0.000033010821430
38 20
     0.000020807400498    -0.000040877330042     0.000000000000000
    -0.000040878063770     0.000049191237461     0.000000000000000
    -0.000000000000000     0.000000000000000    -0.000000826165280
38 21
    -0.010766685087871    -0.012833200409841    -0.000000000000000
    -0.012831748992443    -0.015521094461330    -0.000000000000000
     0.000000000000000     0.000000000000000     1.544709528529806
38 22
     0.000048221732391     0.000128975205970     0.000000000000000
     0.000128974492999     0.000148844049262     0.000000000000000
    -0.000000000000000    -0.000000000000000    -0.000002355319129
38 23
    -1.416104103963397    -0.854181299544853     0.000000000000000
    -0.854112110019694    -0.341340008132569     0.000000000000000
     0.000000000000000     0.000000000000000    -1.409675213365776
38 24
     0.000604338745791     0.000243189009798     0.000000000000000
     0.000243189402405    -0.000042594473782     0.000000000000000
    -0.000000000000000    -0.000000000000000    -0.000015041938561
38 25
     0.001928984631322    -0.000662548648793     0.000000000000000
    -0.000662534947561    -0.000220408812144     0.000000000000000
    -0.000000000000000     0.000000000000000    -0.000033010821430
38 26
     0.000077496398128    -0.000008148655423     0.000000000000000
    -0.000008147919871    -0.000007497764386     0.000000000000000
    -0.000000000000000    -0.000000000000000    -0.000000826165280
38 27
    -0.003219242580711    -0.008474231263428    -0.000000000000000
    -0.008475681888205    -0.023068537530008    -0.000000000000000
     0.000000000000000     0.000000000000000     1.544709528529806
38 28
     0.000011992969791     0.000108057810790     0.000000000000000
     0.000108058514943     0.000185072814557     0.000000000000000
    -0.000000000000000    -0.000000000000000    -0.000002355319129
38 29
     0.129681704339008     0.038347760539137     0.000000000000000
     0.038278601362389    -1.887125931439181     0.000000000000000
     0.000000000000000    -0.000000000000000    -1.409675213365776
38 30
    -0.000091469189088    -0.000158535509471     0.000000000000000
    -0.000158535905227     0.000653213512864     0.000000000000000
     0.000000000000000     0.000000000000000    -0.000015041938561
38 31
     0.000251096009914    -0.000297390220836     0.000000000000000
    -0.000297394688679     0.000211171065225     0.000000000000000
    -0.000000000000000    -0.000000000000000    -0.000004798998701
38 32
     0.000125651038712    -0.000362789167306     0.000000000000000
    -0.000362799749911     0.000414425716829     0.000000000000000
    -0.000000000000000     0.000000000000000    -0.000013901431833
38 33
     0.001125875257953     0.001147036115733    -0.000000000000000
     0.001147060122556    -0.000278261656898    -0.000000000000000
    -0.000000000000000    -0.000000000000000     0.000001317900394
38 34
    -1.053919111910024    -0.158837063706398    -0.000000000000000
    -0.159076268977038     0.052729718849773    -0.000000000000000
     0.000000000000000     0.000000000000000     0.076656678507533
38 35
     0.000190918886414     0.001224718744481     0.000000000000000
     0.001224719576416     0.001703977789568     0.000000000000000
    -0.000000000000000    -0.000000000000000    -0.000039623234251
38 36
     0.000656250206497     0.000725191382203     0.000000000000000
     0.000725202853952     0.000180960190089     0.000000000000000
    -0.000000000000000    -0.000000000000000    -0.000049975819804
38 37
    -0.686569023000653    -1.127451902352895    -0.000000000000000
     1.127302333154428     1.850894073691283    -0.000000000000000
     0.000000000000001     0.000000000000001     4.184343115054484
38 38
    50.579105693631689    14.272481920807980    -0.000000000000001
    14.272481389882092    67.059552321138611    -0.000000000000001
    -0.000000000000012    -0.000000000000007    18.253347640123120
38 39
     1.216592943441270     2.226093510037289    -0.000000000000000
    -0.028660766338698    -0.052268034343112    -0.000000000000000
    -0.000000000000000    -0.000000000000001     4.184343115054484
38 40
     0.000004082815223    -0.000000000000067     0.000000000000000
     0.000000000541919     0.000194114392651     0.000000000000000
    -0.000000000000000     0.000000000000000    -0.000002248504140
38 41
     0.000042441347524     0.000112687113363     0.000000000000000
     0.000112687109171     0.000172561223570     0.000000000000000
    -0.000000000000000    -0.000000000000000    -0.000004090129675
38 42
     0.000146606252834     0.000082286491581     0.000000000000000
     0.000082285946534     0.000051590944437     0.000000000000000
    -0.000000000000000    -0.000000000000000    -0.000002248504140
39 1
     0.000423423701234    -0.000147233123592     0.000000000000000
    -0.000147235951916    -0.000008132613119    -0.000000000000000
    -0.000000000000000     0.000000000000000    -0.000004445821838
39 2
     0.001722086833811    -0.000624253517863     0.000000000000000
    -0.000624268119571    -0.000168576679224    -0.000000000000000
    -0.000000000000000    -0.000000000000000    -0.000027811518273
39 3
     0.000087687677464     0.000000000001412     0.000000000000000
     0.000000000001491     0.000092563086462    -0.000000000000000
    -0.000000000000000     0.000000000000000    -0.000004314422163
39 4
    -0.000002570401841    -0.000000000000041     0.000000000000000
     0.000000000004621     0.000286882105667    -0.000000000000000
    -0.000000000000000     0.000000000000000    -0.000003067819840
39 5
     0.000423423705977     0.000147233137233     0.000000000000000
     0.000147235951654    -0.000008132608376    -0.000000000000000
     0.000000000000000    -0.000000000000000    -0.000004445821838
39 6
     0.001722086853922     0.000624253573341     0.000000000000000
     0.000624268114140    -0.000168576659113    -0.000000000000000
     0.000000000000000    -0.000000000000000    -0.000027811518273
39 7
   -36.757097736522581   -16.195521418960304     0.000000000000001
   -13.969883500491589   -19.746100266966764    -0.000000000000000
    -0.000000000000001    -0.000000000000007   -14.556041147860061
39 8
    -0.519734322850424    -0.898661252747855    -0.000000000000000
     0.948772678095839     1.642038943398723     0.000000000000000
     0.000000000000000     0.000000000000000     1.679509431599956
39 9
     0.281231386343111     0.000000004530006     0.000000000000000
    -0.000000063388842    -3.935299570497464    -0.000000000000000
    -0.000000000000001    -0.000000000000002    -1.292042470439303
39 10
    -0.000980876651431    -0.000000000015800    -0.000000000000000
     0.000000000001903     0.000118130707085     0.000000000000000
     0.000000000000000     0.000000000000000     0.000086961101675
39 11
   -36.757097214775627    16.195520234811692     0.000000000000001
    13.969882864360983   -19.746099816919894    -0.000000000000000
     0.000000000000004    -0.000000000000007   -14.556041147860061
39 12
    -0.519734293899593     0.898661236004349    -0.000000000000000
    -0.948772625196716     1.642038912833526     0.000000000000000
    -0.000000000000000     0.000000000000000     1.679509431599956
39 13
     0.002386350900582    -0.000042813635447     0.000000000000000
    -0.000042814560091    -0.000491454309028    -0.000000000000000
    -0.000000000000000    -0.000000000000000    -0.000039623234251
39 14
     0.000927821822779     0.000568410945733     0.000000000000000
     0.000568399441175    -0.000090611399672    -0.000000000000000
     0.000000000000000    -0.000000000000000    -0.000049975819804
39 15
    -0.000036397124651    -0.000131410450577     0.000000000000000
    -0.000131405965497     0.000498664202018    -0.000000000000000
    -0.000000000000000     0.000000000000000    -0.000004798998701
39 16
     0.000028042814202    -0.000306445618963     0.000000000000000
    -0.000306435020766     0.000512033925226    -0.000000000000000
    -0.000000000000000     0.000000000000000    -0.000013901431833
39 17
     0.001066145409708     0.001181545223483    -0.000000000000000
     0.001181521175274    -0.000218531730304     0.000000000000000
     0.000000000000000    -0.000000000000000     0.000001317900394
39 18
    -0.361593016905423    -0.558790955771704    -0.000000000000000
    -0.558551759457087    -0.639596437904619     0.000000000000000
    -0.000000000000000    -0.000000000000000     0.076656678507533
39 19
    -1.349743753708909     0.892425276815254     0.000000000000000
     0.892494466340413    -0.407700360855617    -0.000000000000000
     0.000000000000000    -0.000000000000000    -1.409675213365776
39 20
     0.000329746858793    -0.000401725105230     0.000000000000000
    -0.000401724712623     0.000231997423431    -0.000000000000000
    -0.000000000000000     0.000000000000000    -0.000015041938561
39 21
    -0.000256838443435     0.000599450619398     0.000000000000000
     0.000599436989758     0.001965414382547    -0.000000000000000
     0.000000000000000     0.000000000000000    -0.000033010821430
39 22
     0.000006694153538     0.000032729776687     0.000000000000000
     0.000032729042959     0.000063304484947    -0.000000000000000
     0.000000000000000     0.000000000000000    -0.000000826165280
39 23
    -0.025445740562843     0.004356792204888    -0.000000000000000
     0.004358243622285    -0.000842038440308     0.000000000000000
     0.000000000000000    -0.000000000000000     1.544709528529806
39 24
     0.000235383959917    -0.000020916328545     0.000000000000000
    -0.000020917041516    -0.000038318185226    -0.000000000000000
    -0.000000000000000    -0.000000000000000    -0.000002355319129
39 25
    -0.025445740703199    -0.004356793024635    -0.000000000000000
    -0.004358243649412    -0.000842038580711     0.000000000000000
     0.000000000000000    -0.000000000000000     1.544709528529806
39 26
     0.000235383960591     0.000020916336128     0.000000000000000
     0.000020917040281    -0.000038318184552    -0.000000000000000
    -0.000000000000000    -0.000000000000000    -0.000002355319129
39 27
    -1.349743782458845    -0.892425320297937     0.000000000000000
    -0.892494479474686    -0.407700389607779    -0.000000000000000
    -0.000000000000000    -0.000000000000000    -1.409675213365776
39 28
     0.000329746871734     0.000401725115853     0.000000000000000
     0.000401724720097     0.000231997436373    -0.000000000000000
     0.000000000000000    -0.000000000000000    -0.000015041938561
39 29
    -0.000256838462747    -0.000599450627673     0.000000000000000
    -0.000599436926441     0.001965414363235    -0.000000000000000
    -0.000000000000000     0.000000000000000    -0.000033010821430
39 30
     0.000006694152483    -0.000032729776471     0.000000000000000
    -0.000032729040919     0.000063304483892    -0.000000000000000
    -0.000000000000000     0.000000000000000    -0.000000826165280
39 31
     0.001066145371644    -0.001181545189136    -0.000000000000000
    -0.001181521182314    -0.000218531768367     0.000000000000000
    -0.000000000000000     0.000000000000000     0.000001317900394
39 32
    -0.361592998903687     0.558790944122801    -0.000000000000000
     0.558551738852162    -0.639596419910591     0.000000000000000
     0.000000000000000    -0.000000000000000     0.076656678507533
39 33
     0.002386350901961     0.000042813712324     0.000000000000000
     0.000042814544259    -0.000491454307649    -0.000000000000000
    -0.000000000000000     0.000000000000000    -0.000039623234251
39 34
     0.000927821804467    -0.000568410915843     0.000000000000000
    -0.000568399444094    -0.000090611417984    -0.000000000000000
    -0.000000000000000     0.000000000000000    -0.000049975819804
39 35
    -0.000036397120418     0.000131410449404     0.000000000000000
     0.000131405981561     0.000498664206251    -0.000000000000000
    -0.000000000000000     0.000000000000000    -0.000004798998701
39 36
     0.000028042824075     0.000306445619867     0.000000000000000
     0.000306435037261     0.000512033935098    -0.000000000000000
     0.000000000000000     0.000000000000000    -0.000013901431833
39 37
     1.216463483438740     0.028586022569995    -0.000000000000000
    -2.226168253805992    -0.052138574335762     0.000000000000000
    -0.000000000000001    -0.000000000000000     4.184343115054484
39 38
     1.216463482517826    -0.028585983381004    -0.000000000000000
     2.226168252126320    -0.052138502618618     0.000000000000000
     0.000000000000001    -0.000000000000000     4.184343115054484
39 39
    75.299770252015776     0.000001212910224    -0.000000000000001
     0.000000681984332    42.338886843163877     0.000000000000001
    -0.000000000000012     0.000000000000007    18.253347640123120
39 40
     0.000146606724856    -0.000082285674012     0.000000000000000
    -0.000082286219058     0.000051590472414    -0.000000000000000
    -0.000000000000000     0.000000000000000    -0.000002248504140
39 41
     0.000146606727507     0.000082285678735     0.000000000000000
     0.000082286220720     0.000051590475065    -0.000000000000000
     0.000000000000000     0.000000000000000    -0.000002248504140
39 42
     0.000237621148965     0.000000000003828     0.000000000000000
    -0.000000000000364    -0.000022618585132    -0.000000000000000
    -0.000000000000000    -0.000000000000000    -0.000004090129675
40 1
   -10.936846158786279     0.937446310629101     0.000000000000000
    -1.288191059821610   -45.566351833403687     0.000000000000001
     0.000000000000004     0.000000000000007   -14.556041147860061
40 2
     1.079896697712094     1.872320025985435     0.000000000000000
     0.024886164784369     0.042407861716734    -0.000000000000000
    -0.000000000000000    -0.000000000000000     1.679509431599956
40 3
   -37.060852328346648    13.794510701872584     0.000000000000000
    16.020148620341303   -19.442345663843316     0.000000000000001
     0.000000000000007     0.000000000000003   -14.556041147860061
40 4
     1.123294464306460    -0.000169547900837     0.000000000000000
     1.847264382942857    -0.000989904877633    -0.000000000000000
    -0.000000000000000     0.000000000000000     1.679509431599956
40 5
    -2.881166746981246    -1.825811384130168     0.000000000000000
    -1.825811452049016    -0.772901319534205     0.000000000000000
     0.000000000000002     0.000000000000000    -1.292042470439303
40 6
    -0.000156621141857     0.000475884147282     0.000000000000000
     0.000475884164984    -0.000706124833150    -0.000000000000000
    -0.000000000000000     0.000000000000000     0.000086961101675
40 7
     0.000227265323870    -0.000260488048473     0.000000000000000
    -0.000260485234053     0.000188025781028     0.000000000000000
     0.000000000000000     0.000000000000000    -0.000004445821838
40 8
     0.000844714963061    -0.001130819020930     0.000000000000000
    -0.001130804480131     0.000708795264385     0.000000000000000
     0.000000000000000     0.000000000000000    -0.000027811518273
40 9
    -0.000027752381942    -0.000113250686003     0.000000000000000
    -0.000113253514326     0.000443043486840     0.000000000000000
     0.000000000000000    -0.000000000000000    -0.000004445821838
40 10
    -0.000236536513803    -0.000506543618448     0.000000000000000
    -0.000506558220155     0.001790046741249     0.000000000000000
     0.000000000000000    -0.000000000000000    -0.000027811518273
40 11
     0.000091344232887     0.000002111111806     0.000000000000000
     0.000002111111885     0.000088906530903     0.000000000000000
     0.000000000000000    -0.000000000000000    -0.000004314422163
40 12
     0.000214518972769     0.000125336606580     0.000000000000000
     0.000125336611242     0.000069792722981     0.000000000000000
    -0.000000000000000    -0.000000000000000    -0.000003067819840
40 13
    -0.003219242807027     0.008474231078857     0.000000000000000
     0.008475682496254    -0.023068537022933    -0.000000000000000
    -0.000000000000000     0.000000000000000     1.544709528529806
40 14
     0.000011992971866    -0.000108057807969     0.000000000000000
    -0.000108058520939     0.000185072811135     0.000000000000000
     0.000000000000000    -0.000000000000000    -0.000002355319129
40 15
     0.129681708574753    -0.038347761558137     0.000000000000000
    -0.038278572032978    -1.887125878172823     0.000000000000000
    -0.000000000000000     0.000000000000000    -1.409675213365776
40 16
    -0.000091469194193     0.000158535506522     0.000000000000000
     0.000158535899128     0.000653213492086     0.000000000000000
    -0.000000000000000    -0.000000000000000    -0.000015041938561
40 17
     0.001928984674468     0.000662548599236     0.000000000000000
     0.000662534969596    -0.000220408816667     0.000000000000000
    -0.000000000000000    -0.000000000000000    -0.000033010821430
40 18
     0.000077496400159     0.000008148653948     0.000000000000000
     0.000008147920219    -0.000007497764308     0.000000000000000
    -0.000000000000000     0.000000000000000    -0.000000826165280
40 19
     0.001125875307840    -0.001147036101867     0.000000000000000
    -0.001147060150076    -0.000278261630658    -0.000000000000000
     0.000000000000000     0.000000000000000     0.000001317900394
40 20
    -1.053919143872297     0.158837076251205     0.000000000000000
     0.159076272565823     0.052729714816280    -0.000000000000000
     0.000000000000000    -0.000000000000000     0.076656678507533
40 21
     0.000190918911468    -0.001224718713387     0.000000000000000
    -0.001224719638032     0.001703977761755     0.000000000000000
     0.000000000000000    -0.000000000000000    -0.000039623234251
40 22
     0.000656250236487    -0.000725191372541     0.000000000000000
    -0.000725202877100     0.000180960196722     0.000000000000000
     0.000000000000000     0.000000000000000    -0.000049975819804
40 23
     0.000251096012129     0.000297390208494     0.000000000000000
     0.000297394693575     0.000211171054543     0.000000000000000
    -0.000000000000000    -0.000000000000000    -0.000004798998701
40 24
     0.000125651036374     0.000362789155160     0.000000000000000
     0.000362799753357     0.000414425699423     0.000000000000000
    -0.000000000000000    -0.000000000000000    -0.000013901431833
40 25
     0.000265075130517    -0.001267533704707     0.000000000000000
    -0.001267532872772     0.001629821542706     0.000000000000000
     0.000000000000000    -0.000000000000000    -0.000039623234251
40 26
    -0.000328256426183    -0.000156797673983     0.000000000000000
    -0.000156786202234     0.001165466859391     0.000000000000000
     0.000000000000000    -0.000000000000000    -0.000049975819804
40 27
     0.000478701711429     0.000165986473196     0.000000000000000
     0.000165982005353    -0.000016434644757     0.000000000000000
     0.000000000000000    -0.000000000000000    -0.000004798998701
40 28
     0.000656421247401     0.000056359421347     0.000000000000000
     0.000056348838741    -0.000116344511604     0.000000000000000
    -0.000000000000000     0.000000000000000    -0.000013901431833
40 29
    -0.000920600212488     0.000034473063169     0.000000000000000
     0.000034497069992     0.001768213889670    -0.000000000000000
     0.000000000000000    -0.000000000000000     0.000001317900394
40 30
    -0.086271981718926    -0.399595072510443     0.000000000000000
    -0.399834277781082    -0.914917447337090    -0.000000000000000
     0.000000000000000     0.000000000000000     0.076656678507533
40 31
    -1.416104157230867     0.854181298523926     0.000000000000000
     0.854112139347177    -0.341340012367202     0.000000000000000
     0.000000000000000     0.000000000000000    -1.409675213365776
40 32
     0.000604338766569    -0.000243189012748     0.000000000000000
    -0.000243189408504    -0.000042594468677     0.000000000000000
     0.000000000000000     0.000000000000000    -0.000015041938561
40 33
     0.000890717572490     0.001261978724618     0.000000000000000
     0.001261992425850     0.000817858285311     0.000000000000000
    -0.000000000000000    -0.000000000000000    -0.000033010821430
40 34
     0.000020807400420     0.000040877328566     0.000000000000000
     0.000040878064119     0.000049191235430     0.000000000000000
     0.000000000000000    -0.000000000000000    -0.000000826165280
40 35
    -0.010766685594970     0.012833200225229     0.000000000000000
     0.012831749600452    -0.015521094234990    -0.000000000000000
     0.000000000000000     0.000000000000000     1.544709528529806
40 36
     0.000048221735814    -0.000128975203148     0.000000000000000
    -0.000128974498995     0.000148844047187     0.000000000000000
     0.000000000000000    -0.000000000000000    -0.000002355319129
40 37
     0.000042441350523    -0.000112687110902     0.000000000000000
    -0.000112687115094     0.000172561220570     0.000000000000000
     0.000000000000000    -0.000000000000000    -0.000004090129675
40 38
     0.000004082815337     0.000000000000001     0.000000000000000
    -0.000000000545045     0.000194114387235     0.000000000000000
    -0.000000000000000    -0.000000000000000    -0.000002248504140
40 39
     0.000146606258250    -0.000082286491646     0.000000000000000
    -0.000082285949661     0.000051590944323     0.000000000000000
    -0.000000000000000     0.000000000000000    -0.000002248504140
40 40
    50.579107334658630   -14.272482337329558     0.000000000000000
   -14.272482868255448    67.059550680111670    -0.000000000000001
     0.000000000000000    -0.000000000000014    18.253347640123120
40 41
    -0.686569060316271     1.127451881956695     0.000000000000000
    -1.127302394419293     1.850894040210667    -0.000000000000000
     0.000000000000000    -0.000000000000000     4.184343115054484
40 42
     1.216593013240915    -2.226093467527088     0.000000000000000
     0.028660767980236    -0.052268033346520    -0.000000000000000
    -0.000000000000000     0.000000000000001     4.184343115054484
41 1
    -2.881166696008000     1.825811481478439     0.000000000000000
     1.825811413559591    -0.772901370507459     0.000000000000000
     0.000000000000001    -0.000000000000001    -1.292042470439303
41 2
    -0.000156621129822    -0.000475884158036    -0.000000000000000
    -0.000475884140333    -0.000706124845185    -0.000000000000000
     0.000000000000000     0.000000000000000     0.000086961101675
41 3
   -37.060851072170649   -13.794510489764640     0.000000000000001
   -16.020147860215349   -19.442345948225395     0.000000000000000
     0.000000000000008     0.000000000000000   -14.556041147860061
41 4
     1.123294432964432     0.000169529811813    -0.000000000000000
    -1.847264331389253    -0.000989875149964    -0.000000000000000
    -0.000000000000000    -0.000000000000000     1.679509431599956
41 5
   -10.936845838554135    -0.937446160615265     0.000000000000001
     1.288191757853454   -45.566353125429750     0.000000000000000
     0.000000000000006    -0.000000000000005   -14.556041147860061
41 6
     1.079896697742442    -1.872320095616850    -0.000000000000000
    -0.024886164773156     0.042407863300754    -0.000000000000000
    -0.000000000000000     0.000000000000000     1.679509431599956
41 7
     0.000091344230373    -0.000002111113337     0.000000000000000
    -0.000002111113258     0.000088906533417     0.000000000000000
    -0.000000000000000    -0.000000000000000    -0.000004314422163
41 8
     0.000214518968803    -0.000125336613532     0.000000000000000
    -0.000125336608869     0.000069792726947     0.000000000000000
    -0.000000000000000     0.000000000000000    -0.000003067819840
41 9
    -0.000027752382992     0.000113250689609     0.000000000000000
     0.000113253504030     0.000443043497376     0.000000000000000
     0.000000000000000     0.000000000000000    -0.000004445821838
41 10
    -0.000236536515363     0.000506543636390     0.000000000000000
     0.000506558177189     0.001790046783031     0.000000000000000
     0.000000000000000     0.000000000000000    -0.000027811518273
41 11
     0.000227265313333     0.000260488052080     0.000000000000000
     0.000260485223757     0.000188025782078     0.000000000000000
    -0.000000000000000    -0.000000000000000    -0.000004445821838
41 12
     0.000844714921279     0.001130819038872     0.000000000000000
     0.001130804437165     0.000708795265946     0.000000000000000
    -0.000000000000000    -0.000000000000000    -0.000027811518273
41 13
     0.000890717567967    -0.001261978774174     0.000000000000000
    -0.001261992403815     0.000817858328456     0.000000000000000
    -0.000000000000000     0.000000000000000    -0.000033010821430
41 14
     0.000020807400498    -0.000040877330042     0.000000000000000
    -0.000040878063770     0.000049191237461     0.000000000000000
    -0.000000000000000     0.000000000000000    -0.000000826165280
41 15
    -0.010766685087871    -0.012833200409841    -0.000000000000000
    -0.012831748992443    -0.015521094461330    -0.000000000000000
     0.000000000000000     0.000000000000000     1.544709528529806
41 16
     0.000048221732391     0.000128975205970     0.000000000000000
     0.000128974492999     0.000148844049262     0.000000000000000
    -0.000000000000000    -0.000000000000000    -0.000002355319129
41 17
    -1.416104103963397    -0.854181299544853     0.000000000000000
    -0.854112110019694    -0.341340008132569     0.000000000000000
     0.000000000000000     0.000000000000000    -1.409675213365776
41 18
     0.000604338745791     0.000243189009798     0.000000000000000
     0.000243189402405    -0.000042594473782     0.000000000000000
    -0.000000000000000    -0.000000000000000    -0.000015041938561
41 19
     0.000478701700747    -0.000165986485538     0.000000000000000
    -0.000165982000457    -0.000016434642542     0.000000000000000
    -0.000000000000000     0.000000000000000    -0.000004798998701
41 20
     0.000656421229995    -0.000056359433493     0.000000000000000
    -0.000056348835295    -0.000116344513942     0.000000000000000
    -0.000000000000000     0.000000000000000    -0.000013901431833
41 21
    -0.000920600186248    -0.000034473049302    -0.000000000000000
    -0.000034497097511     0.001768213939558    -0.000000000000000
     0.000000000000000     0.000000000000000     0.000001317900394
41 22
    -0.086271985748565     0.399595085048574    -0.000000000000000
     0.399834281363192    -0.914917479303219    -0.000000000000000
     0.000000000000000    -0.000000000000000     0.076656678507533
41 23
     0.000265075102704     0.001267533735801     0.000000000000000
     0.001267532811156     0.001629821567760     0.000000000000000
    -0.000000000000000    -0.000000000000000    -0.000039623234251
41 24
    -0.000328256419550     0.000156797683646     0.000000000000000
     0.000156786179087     0.001165466889382     0.000000000000000
     0.000000000000000     0.000000000000000    -0.000049975819804
41 25
     0.000251096009914    -0.000297390220836     0.000000000000000
    -0.000297394688679     0.000211171065225     0.000000000000000
    -0.000000000000000    -0.000000000000000    -0.000004798998701
41 26
     0.000125651038712    -0.000362789167306     0.000000000000000
    -0.000362799749911     0.000414425716829     0.000000000000000
    -0.000000000000000     0.000000000000000    -0.000013901431833
41 27
     0.001125875257953     0.001147036115733    -0.000000000000000
     0.001147060122556    -0.000278261656898    -0.000000000000000
    -0.000000000000000    -0.000000000000000     0.000001317900394
41 28
    -1.053919111910024    -0.158837063706398    -0.000000000000000
    -0.159076268977038     0.052729718849773    -0.000000000000000
     0.000000000000000     0.000000000000000     0.076656678507533
41 29
     0.000190918886414     0.001224718744481     0.000000000000000
     0.001224719576416     0.001703977789568     0.000000000000000
    -0.000000000000000    -0.000000000000000    -0.000039623234251
41 30
     0.000656250206497     0.000725191382203     0.000000000000000
     0.000725202853952     0.000180960190089     0.000000000000000
    -0.000000000000000    -0.000000000000000    -0.000049975819804
41 31
     0.001928984631322    -0.000662548648793     0.000000000000000
    -0.000662534947561    -0.000220408812144     0.000000000000000
    -0.000000000000000     0.000000000000000    -0.000033010821430
41 32
     0.000077496398128    -0.000008148655423     0.000000000000000
    -0.000008147919871    -0.000007497764386     0.000000000000000
    -0.000000000000000    -0.000000000000000    -0.000000826165280
41 33
    -0.003219242580711    -0.008474231263428    -0.000000000000000
    -0.008475681888205    -0.023068537530008    -0.000000000000000
     0.000000000000000     0.000000000000000     1.544709528529806
41 34
     0.000011992969791     0.000108057810790     0.000000000000000
     0.000108058514943     0.000185072814557     0.000000000000000
    -0.000000000000000    -0.000000000000000    -0.000002355319129
41 35
     0.129681704339008     0.038347760539137     0.000000000000000
     0.038278601362389    -1.887125931439181     0.000000000000000
     0.000000000000000    -0.000000000000000    -1.409675213365776
41 36
    -0.000091469189088    -0.000158535509471     0.000000000000000
    -0.000158535905227     0.000653213512864     0.000000000000000
     0.000000000000000     0.000000000000000    -0.000015041938561
41 37
     0.000004082815223    -0.000000000000067     0.000000000000000
     0.000000000541919     0.000194114392651     0.000000000000000
    -0.000000000000000     0.000000000000000    -0.000002248504140
41 38
     0.000042441347524     0.000112687113363     0.000000000000000
     0.000112687109171     0.000172561223570     0.000000000000000
    -0.000000000000000    -0.000000000000000    -0.000004090129675
41 39
     0.000146606252834     0.000082286491581     0.000000000000000
     0.000082285946534     0.000051590944437     0.000000000000000
    -0.000000000000000    -0.000000000000000    -0.000002248504140
41 40
    -0.686569023000653    -1.127451902352895    -0.000000000000000
     1.127302333154428     1.850894073691283    -0.000000000000000
     0.000000000000001     0.000000000000001     4.184343115054484
41 41
    50.579105693631689    14.272481920807980    -0.000000000000001
    14.272481389882092    67.059552321138611    -0.000000000000001
    -0.000000000000012    -0.000000000000007    18.253347640123120
41 42
     1.216592943441270     2.226093510037289    -0.000000000000000
    -0.028660766338698    -0.052268034343112    -0.000000000000000
    -0.000000000000000    -0.000000000000001     4.184343115054484
42 1
   -36.757097736522581   -16.195521418960304     0.000000000000001
   -13.969883500491589   -19.746100266966764    -0.000000000000000
    -0.000000000000001    -0.000000000000007   -14.556041147860061
42 2
    -0.519734322850424    -0.898661252747855    -0.000000000000000
     0.948772678095839     1.642038943398723     0.000000000000000
     0.000000000000000     0.000000000000000     1.679509431599956
42 3
     0.281231386343111     0.000000004530006     0.000000000000000
    -0.000000063388842    -3.935299570497464    -0.000000000000000
    -0.000000000000001    -0.000000000000002    -1.292042470439303
42 4
    -0.000980876651431    -0.000000000015800    -0.000000000000000
     0.000000000001903     0.000118130707085     0.000000000000000
     0.000000000000000     0.000000000000000     0.000086961101675
42 5
   -36.757097214775627    16.195520234811692     0.000000000000001
    13.969882864360983   -19.746099816919894    -0.000000000000000
     0.000000000000004    -0.000000000000007   -14.556041147860061
42 6
    -0.519734293899593     0.898661236004349    -0.000000000000000
    -0.948772625196716     1.642038912833526     0.000000000000000
    -0.000000000000000     0.000000000000000     1.679509431599956
42 7
     0.000423423701234    -0.000147233123592     0.000000000000000
    -0.000147235951916    -0.000008132613119    -0.000000000000000
    -0.000000000000000     0.000000000000000    -0.000004445821838
42 8
     0.001722086833811    -0.000624253517863     0.000000000000000
    -0.000624268119571    -0.000168576679224    -0.000000000000000
    -0.000000000000000    -0.000000000000000    -0.000027811518273
42 9
     0.000087687677464     0.000000000001412     0.000000000000000
     0.000000000001491     0.000092563086462    -0.000000000000000
    -0.000000000000000     0.000000000000000    -0.000004314422163
42 10
    -0.000002570401841    -0.000000000000041     0.000000000000000
     0.000000000004621     0.000286882105667    -0.000000000000000
    -0.000000000000000     0.000000000000000    -0.000003067819840
42 11
     0.000423423705977     0.000147233137233     0.000000000000000
     0.000147235951654    -0.000008132608376    -0.000000000000000
     0.000000000000000    -0.000000000000000    -0.000004445821838
42 12
     0.001722086853922     0.000624253573341     0.000000000000000
     0.000624268114140    -0.000168576659113    -0.000000000000000
     0.000000000000000    -0.000000000000000    -0.000027811518273
42 13
    -1.349743753708909     0.892425276815254     0.000000000000000
     0.892494466340413    -0.407700360855617    -0.000000000000000
     0.000000000000000    -0.000000000000000    -1.409675213365776
42 14
     0.000329746858793    -0.000401725105230     0.000000000000000
    -0.000401724712623     0.000231997423431    -0.000000000000000
    -0.000000000000000     0.000000000000000    -0.000015041938561
42 15
    -0.000256838443435     0.000599450619398     0.000000000000000
     0.000599436989758     0.001965414382547    -0.000000000000000
     0.000000000000000     0.000000000000000    -0.000033010821430
42 16
     0.000006694153538     0.000032729776687     0.000000000000000
     0.000032729042959     0.000063304484947    -0.000000000000000
     0.000000000000000     0.000000000000000    -0.000000826165280
42 17
    -0.025445740562843     0.004356792204888    -0.000000000000000
     0.004358243622285    -0.000842038440308     0.000000000000000
     0.000000000000000    -0.000000000000000     1.544709528529806
42 18
     0.000235383959917    -0.000020916328545     0.000000000000000
    -0.000020917041516    -0.000038318185226    -0.000000000000000
    -0.000000000000000    -0.000000000000000    -0.000002355319129
42 19
     0.002386350900582    -0.000042813635447     0.000000000000000
    -0.000042814560091    -0.000491454309028    -0.000000000000000
    -0.000000000000000    -0.000000000000000    -0.000039623234251
42 20
     0.000927821822779     0.000568410945733     0.000000000000000
     0.000568399441175    -0.000090611399672    -0.000000000000000
     0.000000000000000    -0.000000000000000    -0.000049975819804
42 21
    -0.000036397124651    -0.000131410450577     0.000000000000000
    -0.000131405965497     0.000498664202018    -0.000000000000000
    -0.000000000000000     0.000000000000000    -0.000004798998701
42 22
     0.000028042814202    -0.000306445618963     0.000000000000000
    -0.000306435020766     0.000512033925226    -0.000000000000000
    -0.000000000000000     0.000000000000000    -0.000013901431833
42 23
     0.001066145409708     0.001181545223483    -0.000000000000000
     0.001181521175274    -0.000218531730304     0.000000000000000
     0.000000000000000    -0.000000000000000     0.000001317900394
42 24
    -0.361593016905423    -0.558790955771704    -0.000000000000000
    -0.558551759457087    -0.639596437904619     0.000000000000000
    -0.000000000000000    -0.000000000000000     0.076656678507533
42 25
     0.001066145371644    -0.001181545189136    -0.000000000000000
    -0.001181521182314    -0.000218531768367     0.000000000000000
    -0.000000000000000     0.000000000000000     0.000001317900394
42 26
    -0.361592998903687     0.558790944122801    -0.000000000000000
     0.558551738852162    -0.639596419910591     0.000000000000000
     0.000000000000000    -0.000000000000000     0.076656678507533
42 27
     0.002386350901961     0.000042813712324     0.000000000000000
     0.000042814544259    -0.000491454307649    -0.000000000000000
    -0.000000000000000     0.000000000000000    -0.000039623234251
42 28
     0.000927821804467    -0.000568410915843     0.000000000000000
    -0.000568399444094    -0.000090611417984    -0.000000000000000
    -0.000000000000000     0.000000000000000    -0.000049975819804
42 29
    -0.000036397120418     0.000131410449404     0.000000000000000
     0.000131405981561     0.000498664206251    -0.000000000000000
    -0.000000000000000     0.000000000000000    -0.000004798998701
42 30
     0.000028042824075     0.000306445619867     0.000000000000000
     0.000306435037261     0.000512033935098    -0.000000000000000
     0.000000000000000     0.000000000000000    -0.000013901431833
42 31
    -0.025445740703199    -0.004356793024635    -0.000000000000000
    -0.004358243649412    -0.000842038580711     0.000000000000000
     0.000000000000000    -0.000000000000000     1.544709528529806
42 32
     0.000235383960591     0.000020916336128     0.000000000000000
     0.000020917040281    -0.000038318184552    -0.000000000000000
    -0.000000000000000    -0.000000000000000    -0.000002355319129
42 33
    -1.349743782458845    -0.892425320297937     0.000000000000000
    -0.892494479474686    -0.407700389607779    -0.000000000000000
    -0.000000000000000    -0.000000000000000    -1.409675213365776
42 34
     0.000329746871734     0.000401725115853     0.000000000000000
     0.000401724720097     0.000231997436373    -0.000000000000000
     0.000000000000000    -0.000000000000000    -0.000015041938561
42 35
    -0.000256838462747    -0.000599450627673     0.000000000000000
    -0.000599436926441     0.001965414363235    -0.000000000000000
    -0.000000000000000     0.000000000000000    -0.000033010821430
42 36
     0.000006694152483    -0.000032729776471     0.000000000000000
    -0.000032729040919     0.000063304483892    -0.000000000000000
    -0.000000000000000     0.000000000000000    -0.000000826165280
42 37
     0.000146606724856    -0.000082285674012     0.000000000000000
    -0.000082286219058     0.000051590472414    -0.000000000000000
    -0.000000000000000     0.000000000000000    -0.000002248504140
42 38
     0.000146606727507     0.000082285678735     0.000000000000000
     0.000082286220720     0.000051590475065    -0.000000000000000
     0.000000000000000     0.000000000000000    -0.000002248504140
42 39
     0.000237621148965     0.000000000003828     0.000000000000000
    -0.000000000000364    -0.000022618585132    -0.000000000000000
    -0.000000000000000    -0.000000000000000    -0.000004090129675
42 40
     1.216463483438740     0.028586022569995    -0.000000000000000
    -2.226168253805992    -0.052138574335762     0.000000000000000
    -0.000000000000001    -0.000000000000000     4.184343115054484
42 41
     1.216463482517826    -0.028585983381004    -0.000000000000000
     2.226168252126320    -0.052138502618618     0.000000000000000
     0.000000000000001    -0.000000000000000     4.184343115054484
42 42
    75.299770252015776     0.000001212910224    -0.000000000000001
     0.000000681984332    42.338886843163877     0.000000000000001
    -0.000000000000012     0.000000000000007    18.253347640123120